"ID","Description","setSize","enrichmentScore","NES","pvalue","p.adjust","qvalue","rank","leading_edge","core_enrichment","collection"
"HALLMARK_TNFA_SIGNALING_VIA_NFKB","HALLMARK_TNFA_SIGNALING_VIA_NFKB",165,-0.610309702227392,-2.23380059262717,3.05671736765205e-12,1.52835868382602e-10,8.04399307276855e-11,1552,"tags=38%, list=12%, signal=33%","HES1/JUN/CCL2/BMP2/NAMPT/SGK1/SLC2A3/BCL6/TIPARP/YRDC/IL6ST/EFNA1/MARCKS/BTG3/EDN1/GCH1/NFIL3/SAT1/TANK/PTGER4/KLF9/IER2/B4GALT1/TGIF1/CCL4/GPR183/NFE2L2/PDLIM5/KLF2/MYC/JUNB/FOSL2/SDC4/CCN1/SOCS3/ABCA1/KLF6/BTG1/MAFF/ETS2/TRIB1/CXCL2/ZBTB10/ID2/PNRC1/DUSP1/MAP3K8/PHLDA1/PFKFB3/KLF4/NFKBIA/ZFP36/RHOB/EGR1/DUSP5/CEBPB/GADD45B/NR4A1/IRS2/NR4A2/FOS/CEBPD","Hallmark"
"HALLMARK_KRAS_SIGNALING_UP","HALLMARK_KRAS_SIGNALING_UP",162,-0.557943755562316,-2.03485763666506,5.74604478006554e-09,1.43651119501638e-07,7.56058523692834e-08,1546,"tags=30%, list=12%, signal=26%","CBR4/PDCD1LG2/YRDC/ZNF639/NRP1/ALDH1A3/IL33/ANXA10/IKZF1/IGFBP3/RABGAP1L/TSPAN13/GNG11/CROT/ETS1/PTBP2/ERO1A/STRN/FCER1G/DUSP6/TFPI/IL10RA/SATB1/TRIB2/PEG3/MMD/FBXO4/MAFB/ADAM17/AKAP12/HDAC9/EPB41L3/FLT4/NR0B2/DCBLD2/CXCR4/SPRY2/TRIB1/TSPAN7/MAP7/ADGRL4/IRF8/ID2/GADD45G/PRDM1/KLF4/ETV5/TOR1AIP2","Hallmark"
"HALLMARK_MTORC1_SIGNALING","HALLMARK_MTORC1_SIGNALING",195,0.527772226212252,1.81257012816754,1.14229040831206e-06,1.90381734718676e-05,1.00200913009829e-05,1876,"tags=34%, list=15%, signal=29%","ENO1/NMT1/FADS2/SQSTM1/PSME3/YKT6/CDKN1A/FDXR/SCD/PFKL/TUBG1/DHCR24/TPI1/EPRS1/STIP1/CDC25A/ALDOA/ABCF2/PPA1/SLC7A5/CYP51A1/TM7SF2/MCM4/GLA/ELOVL5/DHCR7/RRM2/IMMT/ETF1/GAPDH/PSMD14/FADS1/PNO1/GPI/ACACA/ME1/PSMC4/MCM2/CCT6A/PGK1/ADIPOR2/TXNRD1/EIF2S2/CALR/DDIT3/DHFR/HMGCS1/PSMD13/HSPA4/IDI1/RRP9/SQLE/VLDLR/RPA1/ELOVL6/PSMC6/ACLY/HSPA5/PLK1/TOMM40/TRIB3/HMBS/M6PR/ARPC5L/HMGCR/DDX39A","Hallmark"
"HALLMARK_E2F_TARGETS","HALLMARK_E2F_TARGETS",174,0.526240405554635,1.78378452975909,4.62438704449186e-06,5.78048380561483e-05,3.04235989769202e-05,2509,"tags=36%, list=20%, signal=29%","CDKN1A/SPAG5/KPNA2/XRCC6/TUBG1/MLH1/TK1/PCNA/DCTPP1/CDC25A/SSRP1/MCM4/MKI67/DNMT1/TOP2A/RRM2/TCF19/POLA2/MCM5/TBRG4/TUBB/HMMR/POLD1/TIMELESS/AK2/MCM2/NOP56/MCM3/CDC20/RFC2/MCM7/GINS4/MCM6/CDCA8/PNN/RACGAP1/RPA1/ZW10/HMGA1/PLK1/GINS1/CHEK1/POLD2/DCLRE1B/ASF1B/CTPS1/DDX39A/CDK1/BIRC5/SNRPB/AURKA/PRDX4/DONSON/GINS3/RFC1/CKS2/EZH2/PHF5A/RPA2/HELLS/RAN/PPP1R8","Hallmark"
"HALLMARK_MYC_TARGETS_V1","HALLMARK_MYC_TARGETS_V1",197,0.499461830162504,1.71422188419757,9.24244894411352e-06,9.24244894411352e-05,4.86444681269133e-05,1503,"tags=25%, list=12%, signal=22%","TYMS/PSMD1/PSMD7/HSP90AB1/PSMA6/PPM1G/KPNA2/XRCC6/CCT4/PHB1/CCT5/CCT3/PCNA/POLE3/EPRS1/SLC25A3/CCT7/PSMD3/EIF3B/IMPDH2/MCM4/PSMB2/ILF2/ETF1/PSMD14/SF3B3/MCM5/AIMP2/RRM1/PSMC4/MCM2/PGK1/CCT2/NOP56/PSMA7/CDC20/CSTF2/EIF2S2/RFC4/MCM7/MCM6/TCP1/KPNB1/NHP2/RRP9/EIF4H/PSMC6/ODC1/IARS1","Hallmark"
"HALLMARK_UV_RESPONSE_DN","HALLMARK_UV_RESPONSE_DN",132,-0.509327949823708,-1.81039285971287,1.52191085437738e-05,0.000126825904531449,6.67504760691835e-05,2234,"tags=39%, list=18%, signal=32%","RBPMS/PTEN/SMAD3/PLPP3/CDON/INPP4B/GJA1/TGFBR2/MIOS/ABCC1/RUNX1/SCAF8/PHF3/BMPR1A/NRP1/SYNJ2/IGFBP5/NFIB/CDK13/RASA2/TENT4A/ZMIZ1/AKT3/PDLIM5/GCNT1/MET/TFPI/IGF1R/MT1E/SNAI2/MYC/PIK3CD/ADD3/KALRN/ACVR2A/SDC2/MAGI2/DAB2/CCN1/CDKN1B/CITED2/APBB2/YTHDC1/IRS1/FYN/BCKDHB/PRKAR2B/DUSP1/DYRK1A/TGFBR3/DLC1","Hallmark"
"HALLMARK_CHOLESTEROL_HOMEOSTASIS","HALLMARK_CHOLESTEROL_HOMEOSTASIS",74,0.581714917503271,1.75769548620239,0.000139846101543863,0.000998900725313304,0.000525737223849108,2219,"tags=49%, list=18%, signal=40%","FADS2/TNFRSF12A/SCD/PMVK/FASN/FBXO6/CYP51A1/TM7SF2/MVK/MVD/LPL/DHCR7/NSDHL/FDPS/LSS/FDFT1/ANXA13/SREBF2/ACSS2/HMGCS1/ABCA2/IDI1/GLDC/STX5/SQLE/TRIB3/FABP5/HMGCR/ACAT2/PCYT2/ATF5/LGALS3/SEMA3B/EBP/ETHE1/ALDOC","Hallmark"
"HALLMARK_IL2_STAT5_SIGNALING","HALLMARK_IL2_STAT5_SIGNALING",170,-0.426172234264314,-1.5601500625292,0.000335653040032394,0.00209783150020246,0.00110412184221182,1705,"tags=28%, list=13%, signal=24%","AHCY/BMP2/F2RL2/PTGER2/PLPP1/POU2F1/SLC2A3/NRP1/SH3BGRL2/TNFSF11/ETFBKMT/TNFRSF21/CDC42SE2/PRNP/GPR65/NFIL3/PHTF2/RABGAP1L/SCN9A/BMPR2/LRRC8C/SHE/SPRED2/SMPDL3A/PTCH1/PIM1/IL10RA/IGF1R/HIPK2/RORA/ENPP1/MYC/PRKCH/NCOA3/FGL2/KLF6/P4HA1/MAFF/CDKN1C/NFKBIZ/IRF8/MAP3K8/PHLDA1/TIAM1/RHOB/SOCS2/GADD45B","Hallmark"
"HALLMARK_ADIPOGENESIS","HALLMARK_ADIPOGENESIS",189,0.452198748425328,1.54538221692019,0.000509999646701017,0.0028333313705612,0.00149122703713748,1571,"tags=25%, list=12%, signal=22%","ESYT1/NMT1/CD151/ABCB8/PFKL/MGLL/SCARB1/SAMM50/DHRS7B/GPAT4/DHRS7/TKT/ALDOA/FABP4/POR/SLC19A1/ACO2/RMDN3/CRAT/LPL/REEP6/DHCR7/IMMT/CS/TST/ME1/AIFM1/UBC/GPAM/AK2/ADIPOR2/MIGA2/MTCH2/MRAP/FAH/ADCY6/SLC25A10/MRPL15/RETSAT/ITGA7/ELMOD3/ACADS/ELOVL6/ACLY/PREB/APOE/SDHC","Hallmark"
"HALLMARK_HYPOXIA","HALLMARK_HYPOXIA",174,-0.40884865847287,-1.50219899250269,0.00118347976287587,0.00591739881437934,0.00311442042862071,1544,"tags=27%, list=12%, signal=24%","SLC2A3/TIPARP/CP/SDC3/RBPJ/EFNA1/FAM162A/MT2A/KLHL24/IGFBP3/NFIL3/ETS1/PLAC8/ERRFI1/ERO1A/PIM1/MT1E/WSB1/FOXO3/RORA/PPARGC1A/FOSL2/SDC2/SDC4/CCN1/CDKN1B/CITED2/PCK1/KLF6/BTG1/AKAP12/P4HA1/CCN2/MAFF/CDKN1C/ADM/CXCR4/HMOX1/PNRC1/DUSP1/IGFBP1/PFKFB3/MXI1/ZFP36/IDS/IRS2/FOS","Hallmark"
"HALLMARK_DNA_REPAIR","HALLMARK_DNA_REPAIR",146,0.469243013436579,1.5502871981928,0.00133922158194421,0.00608737082701913,0.00320387938264164,3049,"tags=38%, list=24%, signal=29%","TYMS/SEC61A1/DDB2/BCAP31/PCNA/NELFB/ZWINT/ADRM1/FEN1/POLR2E/SSRP1/ERCC2/IMPDH2/BRF2/POLD4/SF3A3/UPF3B/POLA2/POLR2D/POLD1/ZNF707/CLP1/RAE1/RFC2/RFC4/GTF2H3/TARBP2/APRT/ADCY6/EDF1/DDB1/SAC3D1/VPS37D/RNMT/UMPS/AK1/TSG101/BCAM/XPC/PNP/RPA2/POLR3GL/CANT1/AAAS/GUK1/GMPR2/POLR2G/POLR2A/GTF3C5/TK2/ALYREF/ITPA/POLH/ERCC1/TAF6/MPG","Hallmark"
"HALLMARK_TGF_BETA_SIGNALING","HALLMARK_TGF_BETA_SIGNALING",52,-0.528466145847978,-1.62233211464031,0.00521558832453988,0.0217316180189161,0.0114376936941664,2839,"tags=54%, list=22%, signal=42%","UBE2D3/TJP1/SPTBN1/PPP1R15A/ENG/KLF10/SMAD3/SKIL/SMURF1/CDK9/PPM1A/BMP2/RAB31/BMPR1A/BMPR2/SMURF2/WWTR1/ACVR1/TGIF1/HDAC1/THBS1/HIPK2/FKBP1A/JUNB/SLC20A1/CDKN1C/SKI/ID2","Hallmark"
"HALLMARK_INFLAMMATORY_RESPONSE","HALLMARK_INFLAMMATORY_RESPONSE",151,-0.384374396670371,-1.39663037943051,0.00849700828666919,0.0326808011025738,0.0172004216329336,2730,"tags=35%, list=22%, signal=28%","CHST2/BEST1/MSR1/RIPK2/CMKLR1/TLR1/RELA/AHR/LPAR1/CALCRL/PLAUR/IL15RA/CYBB/TLR2/SLC11A2/PIK3R5/TNFRSF1B/SCARF1/PDE4B/SLC31A2/CCL2/RNF144B/IL1R1/ABI1/NAMPT/PTGER2/NLRP3/CD55/EBI3/C5AR1/MARCO/EDN1/GCH1/SEMA4D/AXL/PTGER4/GPR183/HIF1A/MET/IL10RA/MYC/ACVR2A/ADGRE1/FZD5/LYN/ABCA1/KLF6/STAB1/KCNJ2/DCBLD2/ADM/LCP2/NFKBIA","Hallmark"
"HALLMARK_P53_PATHWAY","HALLMARK_P53_PATHWAY",178,0.410461193280355,1.39528808439721,0.0110782193317035,0.038551923863478,0.0202904862439358,2006,"tags=29%, list=16%, signal=24%","PHLDA3/SEC61A1/CDKN1A/AEN/FDXR/ST14/MXD4/DDB2/BAK1/PDGFA/IRAK1/PCNA/ABHD4/CTSD/SDC1/ZMAT3/BAX/TSC22D1/PLK2/CD81/TM7SF3/ACVR1B/TRAFD1/RAB40C/RRAD/TRAF4/NINJ1/CEBPA/HEXIM1/DDIT3/FAS/RETSAT/SPHK1/PIDD1/HDAC3/CTSF/SLC3A2/RRP8/OSGIN1/RHBDF2/BAIAP2/PRKAB1/TRIB3/H2AJ/IP6K2/EPHX1/WRAP73/TRIAP1/AK1/EI24/ELP1","Hallmark"
"HALLMARK_COMPLEMENT","HALLMARK_COMPLEMENT",178,-0.363398508053733,-1.34206467997637,0.0115655771590434,0.038551923863478,0.0202904862439358,2250,"tags=25%, list=18%, signal=21%","C1S/PLEK/PLAUR/HSPA1A/DOCK4/PIK3R5/PDP1/DOCK10/JAK2/ZFPM2/CTSB/TNFAIP3/PIK3CA/C2/GZMB/CP/GPD2/CD55/FDX1/APOC1/DGKG/NOTCH4/CTSL/FCER1G/DUSP6/PIM1/DGKH/TFPI2/GCA/C9/CR1/LGMN/GNG2/VCPIP1/LYN/MAFF/GATA3/FYN/TIMP2/LCP2/CBLB/DUSP5/CEBPB/CALM1","Hallmark"
"HALLMARK_MYC_TARGETS_V2","HALLMARK_MYC_TARGETS_V2",53,0.530496143089745,1.51822593668576,0.0124472590604482,0.0388976845639007,0.0204724655599477,2775,"tags=47%, list=22%, signal=37%","PES1/PHB1/DCTPP1/SLC19A1/MCM4/RRP12/MCM5/TBRG4/LAS1L/AIMP2/NOP2/NOP56/GRWD1/BYSL/FARSA/RRP9/PLK1/TFB2M/PUS1/NIP7/SORD/EXOSC5/MRTO4/NOLC1/NOC4L","Hallmark"
"HALLMARK_BILE_ACID_METABOLISM","HALLMARK_BILE_ACID_METABOLISM",101,0.455453053425416,1.44257137724631,0.014074233959569,0.0413948057634381,0.0217867398754937,1629,"tags=21%, list=13%, signal=18%","SLC35B2/FADS2/FDXR/SLC29A1/PEX26/BCAR3/DHCR24/OPTN/SLC23A1/FADS1/DIO1/CYP7A1/ABCA2/PEX6/RETSAT/ABCA3/IDI1/PEX11G/PAOX/IDH2/PEX16","Hallmark"
"KEGG_PROTEASOME","KEGG_PROTEASOME",41,0.719678845893021,1.98200344391802,1.14146115533172e-05,0.00109404026515025,0.000885862562874694,1936,"tags=49%, list=15%, signal=41%","PSMD1/PSMB10/PSMD2/PSMD7/PSME3/PSMC1/PSMA6/PSMC3/PSMD3/PSMB2/PSMD14/PSME2/PSMC4/PSMA7/PSMD13/PSMC6/PSMC5/PSMB6/PSMD8/PSMD4","KEGG"
"KEGG_RIBOSOME","KEGG_RIBOSOME",84,-0.574714810147669,-1.90968212073338,1.20224204961566e-05,0.00109404026515025,0.000885862562874694,2559,"tags=43%, list=20%, signal=34%","RPL22/RPL32/RPL6/RPL13/RPL31/RPS6/RPL26L1/RPL12/RPL35/FAU/RPS4X/RPS3A/RPL30/RPL29/RPL15/RPS16/RPL37/RPS21/RPS13/RPL24/RPL5/RPS27/RPL22L1/RPS8/RPS29/RPL35A/RSL24D1/RPL27/RPS25/RPS20/RPL39/RPS23/RPL38/RPL14/RPS15A/RPL23","KEGG"
"KEGG_DNA_REPLICATION","KEGG_DNA_REPLICATION",34,0.73027122246585,1.95509163462163,3.47020394549576e-05,0.00210525706026743,0.00170466158726107,1757,"tags=50%, list=14%, signal=43%","PCNA/POLE3/RNASEH1/FEN1/MCM4/POLD4/POLA2/MCM5/POLD1/MCM2/MCM3/RFC2/RFC4/MCM7/MCM6/RPA1/POLD2","KEGG"
"KEGG_ADHERENS_JUNCTION","KEGG_ADHERENS_JUNCTION",68,-0.554448215457634,-1.78758280433363,0.000202714562034886,0.0092235125725873,0.00746843123286421,1120,"tags=28%, list=9%, signal=26%","IQGAP1/FGFR1/WASF1/SORBS1/MET/IGF1R/RAC1/SNAI2/INSR/NLK/CTNNA3/SMAD4/PTPRB/FYN/TCF7L1/ACTB/CREBBP/WASL/TCF7L2","KEGG"
"KEGG_JAK_STAT_SIGNALING_PATHWAY","KEGG_JAK_STAT_SIGNALING_PATHWAY",91,-0.514012366995659,-1.71614890775664,0.000339809553101621,0.012369067732899,0.0100154394598372,2155,"tags=32%, list=17%, signal=27%","IL15RA/PIK3R5/JAK2/STAM2/SPRY4/PIAS2/STAT5B/PIK3CA/LEPR/JAK1/IL6ST/EPOR/LIFR/SPRED2/AKT3/PIM1/IL10RA/TSLP/MYC/PIAS1/PIK3CD/SOCS3/PRLR/CREBBP/SPRY2/SPRY1/SPRED1/CBLB/SOCS2","KEGG"
"KEGG_AMINOACYL_TRNA_BIOSYNTHESIS","KEGG_AMINOACYL_TRNA_BIOSYNTHESIS",41,0.64405884203591,1.77374512296111,0.00083845017963759,0.0169553258548935,0.0137290087893874,2523,"tags=46%, list=20%, signal=37%","MARS1/YARS1/VARS1/EPRS1/QARS1/PARS2/CARS1/SARS1/EARS2/AARS1/GARS1/FARSA/MARS2/IARS1/HARS2/FARS2/LARS2/VARS2/SARS2","KEGG"
"KEGG_PYRIMIDINE_METABOLISM","KEGG_PYRIMIDINE_METABOLISM",89,0.535718960292514,1.67974838133553,0.000831490102557221,0.0169553258548935,0.0137290087893874,1045,"tags=21%, list=8%, signal=20%","TYMS/ENTPD8/TK1/TYMP/POLE3/POLR1A/POLR2E/UCK2/DTYMK/POLD4/ENTPD6/RRM2/POLA2/NME6/POLR2D/POLD1/RRM1/POLR2L/TXNRD1","KEGG"
"KEGG_INSULIN_SIGNALING_PATHWAY","KEGG_INSULIN_SIGNALING_PATHWAY",121,-0.44720155359956,-1.569827200437,0.000698052733899927,0.0169553258548935,0.0137290087893874,776,"tags=18%, list=6%, signal=17%","AKT3/SORBS1/PRKCI/BRAF/INSR/PPARGC1A/PIK3CD/G6PC1/PCK1/SOCS3/INPP5D/IRS1/PRKAG2/PRKAR2B/MAP2K1/PRKAA1/FOXO1/CBLB/PRKAR1A/SOCS2/CALM1/IRS2","KEGG"
"KEGG_CHEMOKINE_SIGNALING_PATHWAY","KEGG_CHEMOKINE_SIGNALING_PATHWAY",139,-0.439697358200491,-1.56580161989735,0.000567384508825835,0.0169553258548935,0.0137290087893874,2093,"tags=28%, list=17%, signal=24%","PIK3R5/JAK2/PLCB2/ELMO1/STAT5B/CXCL12/HCK/CCL14/CCL2/PIK3CA/PTK2/RAP1A/VAV1/ROCK2/GNG11/CCL23/PLCB1/CCL4/AKT3/CCR1/VAV3/GNAI1/RAC1/BRAF/FOXO3/GNG5/RAP1B/PIK3CD/GNG2/CCL3/RASGRP2/CXCL16/LYN/CXCR4/WASL/MAP2K1/CXCL2/NFKBIA/TIAM1","KEGG"
"KEGG_RENAL_CELL_CARCINOMA","KEGG_RENAL_CELL_CARCINOMA",64,-0.542364336637854,-1.71294552726203,0.00097568634709474,0.0177574915171243,0.0143785356413962,2401,"tags=34%, list=19%, signal=28%","SOS1/VEGFC/ARNT/PIK3R5/JUN/PIK3CA/RAP1A/VEGFB/PAK2/ETS1/EGLN3/AKT3/HIF1A/MET/RAC1/BRAF/RAP1B/EPAS1/PIK3CD/GAB1/CREBBP/MAP2K1","KEGG"
"KEGG_T_CELL_RECEPTOR_SIGNALING_PATHWAY","KEGG_T_CELL_RECEPTOR_SIGNALING_PATHWAY",88,-0.487811998988261,-1.62767546081481,0.00110938215210189,0.0178635413553223,0.0144644059557266,1816,"tags=24%, list=14%, signal=21%","CD4/JUN/NFATC1/PIK3CA/NCK2/VAV1/PAK2/MALT1/PPP3R1/NFATC2/AKT3/VAV3/PIK3CD/PPP3CB/FYN/MAP2K1/LCP2/CBLB/MAP3K8/NFKBIA/FOS","KEGG"
"KEGG_NEUROTROPHIN_SIGNALING_PATHWAY","KEGG_NEUROTROPHIN_SIGNALING_PATHWAY",112,-0.452058084639254,-1.57384730805969,0.00117781591353774,0.0178635413553223,0.0144644059557266,1022,"tags=17%, list=8%, signal=16%","YWHAE/NTF3/ARHGDIB/AKT3/CAMK4/RAC1/BRAF/FOXO3/RAP1B/PIK3CD/IRS1/MAP3K5/GAB1/IRAK3/CAMK2D/MAP2K1/NFKBIA/CALM1/IRS2","KEGG"
"KEGG_MISMATCH_REPAIR","KEGG_MISMATCH_REPAIR",21,0.734164322789426,1.79842046520515,0.00146387125315245,0.0204941975441343,0.0165944919385703,2410,"tags=48%, list=19%, signal=39%","MLH1/PCNA/POLD4/POLD1/RFC2/RFC4/RPA1/POLD2/RFC1/RPA2","KEGG"
"KEGG_GLYCOLYSIS_GLUCONEOGENESIS","KEGG_GLYCOLYSIS_GLUCONEOGENESIS",53,0.596449901077773,1.72793957964536,0.00183357673052262,0.0234139394313897,0.0189586554100322,1047,"tags=26%, list=8%, signal=24%","ENO1/ALDH3A1/PFKL/TPI1/ALDOA/ENO3/GCK/GAPDH/PKLR/GPI/AKR1A1/PGK1/ACSS2/ALDH1B1","KEGG"
"KEGG_ECM_RECEPTOR_INTERACTION","KEGG_ECM_RECEPTOR_INTERACTION",64,0.556460536526478,1.67693197710611,0.00192972028280685,0.0234139394313897,0.0189586554100322,2111,"tags=39%, list=17%, signal=33%","LAMA3/VTN/LAMB2/LAMB3/SDC1/SPP1/COL3A1/COL1A1/HMMR/ITGA6/LAMC3/COL1A2/ITGB5/ITGA5/ITGA7/LAMA2/COL5A3/ITGA3/LAMC1/AGRN/COL6A2/ITGA11/COL5A1/DAG1/LAMC2","KEGG"
"KEGG_WNT_SIGNALING_PATHWAY","KEGG_WNT_SIGNALING_PATHWAY",113,-0.442580732852543,-1.5373843045156,0.00241043626308092,0.0274187124925455,0.0222013866336401,1357,"tags=20%, list=11%, signal=18%","FZD4/DAAM2/ROCK2/PRICKLE2/PPP3R1/NFATC2/PLCB1/DAAM1/RAC1/NLK/MYC/CXXC4/FZD5/PPP3CB/SMAD4/PPP2R1B/CTBP2/TCF7L1/CREBBP/CAMK2D/TBL1XR1/SIAH1/TCF7L2","KEGG"
"KEGG_TGF_BETA_SIGNALING_PATHWAY","KEGG_TGF_BETA_SIGNALING_PATHWAY",69,-0.511046975117753,-1.64672591548325,0.00261460744845548,0.0279916797422881,0.0226653277265491,2191,"tags=42%, list=17%, signal=35%","RBL2/SMAD3/TFDP1/SMURF1/TGFBR2/ACVR1C/ACVRL1/FST/BMP2/RBL1/BMPR1B/BMP6/BMPR1A/ACVR2B/ROCK2/ZFYVE16/SMAD9/BMPR2/SMURF2/ACVR1/THBS1/SP1/MYC/ACVR2A/INHBB/SMAD4/PPP2R1B/CREBBP/ID2","KEGG"
"KEGG_STEROID_BIOSYNTHESIS","KEGG_STEROID_BIOSYNTHESIS",15,0.767830906793609,1.73023229003819,0.00410354751459352,0.041491424869779,0.0335962954411166,1410,"tags=53%, list=11%, signal=47%","DHCR24/CYP51A1/TM7SF2/DHCR7/NSDHL/LSS/FDFT1/SQLE","KEGG"
"KEGG_MAPK_SIGNALING_PATHWAY","KEGG_MAPK_SIGNALING_PATHWAY",196,-0.365276373828483,-1.36051373806951,0.00447409599738197,0.0428571300801852,0.0347021296195831,1101,"tags=15%, list=9%, signal=14%","FGFR1/NF1/NTF3/PPP3R1/NFATC2/RASA2/MEF2C/AKT3/DUSP6/RAC1/BRAF/NLK/JUND/MYC/RAP1B/RASGRP2/MAX/STK4/PPP3CB/MAP3K5/MAP2K1/DUSP1/MAP3K8/GADD45G/DUSP5/GADD45B/NR4A1/DUSP10/FOS","KEGG"
"GOBP_ORGAN_GROWTH","GOBP_ORGAN_GROWTH",126,-0.598177189893479,-2.13166520035766,3.79731998801504e-09,6.52926154762752e-06,5.49742058859183e-06,1904,"tags=34%, list=15%, signal=29%","TGFBR2/YBX3/IFT80/ATF2/RUNX1/LEPR/PPARA/BMPR1A/SAV1/RBPJ/ACVR2B/YY1/STK3/PLAG1/EDN1/FGFR1/IGF1/WWC3/MEF2C/DUSP6/PIM1/PDLIM5/SOD1/PROX1/S1PR1/LATS1/FOSL2/JARID2/MEIS1/STK4/SKI/PRLR/FXN/GATA6/SPRY2/FOXP1/HEY2/TGFBR3/LATS2/PRKAR1A/RGS2/DIPK2A/BASP1","GO_BP"
"GOBP_HEART_MORPHOGENESIS","GOBP_HEART_MORPHOGENESIS",195,-0.534117667846667,-1.99115833202459,4.29839469889896e-09,6.52926154762752e-06,5.49742058859183e-06,2401,"tags=34%, list=19%, signal=28%","SOS1/NPHP3/ENG/ASXL1/ADAMTS5/SMAD3/PLXND1/UBE4B/EMP2/ZFPM2/BBS7/TGFBR2/ACVRL1/HES1/JUN/TEAD2/ATF2/ABCC9/BMP2/PTK2/BMPR1A/NRP1/SAV1/EVA1A/RBM15/RBPJ/IFT57/PKD2/EFNA1/FGFRL1/DCHS1/EDN1/FOXF1/GREB1L/PDCD4/BMPR2/ACVR1/MEF2C/ZMIZ1/PTCH1/SOX18/HIF1A/PIM1/DLL4/TEK/RAC1/SNAI2/OLFM1/PROX1/INSR/FKBP1A/S1PR1/SETDB2/CCN1/NPY1R/SMAD4/CITED2/GATA3/GATA6/NRP2/SPRY1/ADAMTS1/HEY2/ID2/TGFBR3/DLC1","GO_BP"
"GOBP_HEART_DEVELOPMENT","GOBP_HEART_DEVELOPMENT",444,-0.430130530798835,-1.73795856444933,1.86993463802688e-09,6.52926154762752e-06,5.49742058859183e-06,1798,"tags=23%, list=14%, signal=20%","ACVRL1/HES1/JUN/NFATC1/TEAD2/ATF2/ABCC9/RUNX1/BMP2/CNTRL/PTK2/PPARA/BMPR1A/CXADR/NRP1/SAV1/EVA1A/RBM15/RBPJ/IFT57/PKD2/EFNA1/VEGFB/ACVR2B/YY1/STK3/FGFRL1/DCHS1/EDN1/FGFR1/ROCK2/IGF1/NF1/FOXF1/EPOR/GREB1L/TMEM65/PDCD4/BMPR2/PPP3R1/KDR/ACVR1/ADAP2/MEF2C/ZMIZ1/PTCH1/SOX18/HIF1A/DUSP6/PIM1/DLL4/PDLIM5/TEK/RAC1/SNAI2/OLFM1/PROX1/ZBTB14/INSR/FKBP1A/PDE2A/S1PR1/ZFP36L1/JARID2/HNRNPU/SLC8A1/EFNB2/MEIS1/STK4/SETDB2/LMO4/CCN1/NPY1R/PPP3CB/CDKN1B/SMAD4/CITED2/HDAC9/SKI/GATA3/GATA6/COX17/NRP2/VCAM1/ADM/MAP2K1/SPRY1/FOXP1/SPRED1/ADAMTS1/HEY2/ID2/MEF2A/MBD2/PRDM1/TGFBR3/PRKAR1A/RGS2/DIPK2A/BASP1/DLC1","GO_BP"
"GOBP_HEART_GROWTH","GOBP_HEART_GROWTH",66,-0.701169559452944,-2.25163800074206,1.04059852978264e-08,1.18550187505487e-05,9.98153063436238e-06,1494,"tags=38%, list=12%, signal=34%","PPARA/BMPR1A/SAV1/RBPJ/YY1/EDN1/FGFR1/IGF1/MEF2C/DUSP6/PIM1/PDLIM5/PROX1/S1PR1/JARID2/MEIS1/SKI/GATA6/FOXP1/HEY2/TGFBR3/PRKAR1A/RGS2/DIPK2A/BASP1","GO_BP"
"GOBP_REGULATION_OF_ORGAN_GROWTH","GOBP_REGULATION_OF_ORGAN_GROWTH",65,-0.675462244366993,-2.16062063228047,1.12416365144584e-07,4.28146219272657e-05,3.60484845581427e-05,1494,"tags=40%, list=12%, signal=35%","PPARA/BMPR1A/SAV1/RBPJ/YY1/STK3/EDN1/FGFR1/IGF1/WWC3/MEF2C/DUSP6/PIM1/SOD1/PROX1/LATS1/JARID2/STK4/FXN/GATA6/FOXP1/HEY2/TGFBR3/LATS2/RGS2/BASP1","GO_BP"
"GOBP_CARDIAC_CHAMBER_MORPHOGENESIS","GOBP_CARDIAC_CHAMBER_MORPHOGENESIS",95,-0.619468431003207,-2.11435372470893,6.49644045014228e-08,4.28146219272657e-05,3.60484845581427e-05,2126,"tags=33%, list=17%, signal=27%","UBE4B/ZFPM2/TGFBR2/HES1/BMP2/BMPR1A/NRP1/SAV1/EVA1A/RBM15/RBPJ/FGFRL1/FOXF1/BMPR2/ACVR1/MEF2C/HIF1A/DLL4/TEK/PROX1/FKBP1A/CCN1/SMAD4/CITED2/GATA3/GATA6/NRP2/ADAMTS1/HEY2/ID2/TGFBR3","GO_BP"
"GOBP_CELL_FATE_COMMITMENT","GOBP_CELL_FATE_COMMITMENT",164,-0.527304216988469,-1.94531800859625,9.40819093706063e-08,4.28146219272657e-05,3.60484845581427e-05,1792,"tags=28%, list=14%, signal=24%","IFRD1/HES1/FOXA2/BMP2/FOXA1/BMPR1A/NRP1/NFIA/JAK1/RBPJ/IL6ST/NFIB/SOX5/EDN1/FGFR1/NOTCH4/KDR/ACVR1/CTSL/HDAC1/MEF2C/PTCH1/SOX18/DLL4/NR2F2/PROX1/BRAF/ZNF521/EPAS1/LATS1/TM2D3/LMO4/SMAD4/SOCS3/TAL1/GATA3/GATA6/ETS2/SPRY2/GAS1/HEY2/ID2/PRDM1/TCF7L2/KLF4/LATS2","GO_BP"
"GOBP_ENDOTHELIAL_CELL_MIGRATION","GOBP_ENDOTHELIAL_CELL_MIGRATION",204,-0.490620183804106,-1.83737353610932,1.1274423153987e-07,4.28146219272657e-05,3.60484845581427e-05,1122,"tags=24%, list=9%, signal=22%","EDN1/FGFR1/ROCK2/TMSB4X/NF1/ETS1/DNAJA4/KDR/LPXN/MEF2C/THBS1/AKT3/SOX18/HIF1A/NFE2L2/ROBO4/DLL4/MET/TEK/NR2F2/RAC1/SNAI2/PROX1/SP1/LGMN/PIK3CD/EFNB2/MMRN1/BMPER/SIRT1/ADAM17/HDAC9/RHOJ/GATA3/FLT4/GAB1/NRP2/ANGPT2/FOXP1/SASH1/SPRED1/CDH5/HMOX1/PTN/TGFBR3/KLF4/RHOB/NR4A1","GO_BP"
"GOBP_MESENCHYME_DEVELOPMENT","GOBP_MESENCHYME_DEVELOPMENT",233,-0.481782490841199,-1.83350303680195,7.000063628009e-08,4.28146219272657e-05,3.60484845581427e-05,2385,"tags=33%, list=19%, signal=27%","ENG/FBXL17/KDM1A/ADAMTS5/ZEB2/PTEN/SMAD3/ERBB3/KAT8/LRP6/TCF21/EMP2/ZFPM2/HDAC2/TGFBR2/TASOR/ARB2A/SEMA5A/ACVRL1/SLC39A10/HES1/TEAD2/FOXA2/BMP2/FRZB/PTK2/EDNRB/FOXA1/BMPR1A/RANBP3L/NRP1/LIMS1/RBPJ/PKD2/EFNA1/DCHS1/EDN1/FGFR1/ROCK2/IGF1/SEMA4D/FOXF1/TAPT1/PDCD4/BMPR2/PPP3R1/WWTR1/QKI/NOTCH4/ACVR1/MEF2C/SPRED2/HIF1A/RDH10/CDH2/SNAI2/OLFM1/MYC/ZFP36L1/DAB2/FBXO11/FERMT2/SMAD4/CITED2/GATA3/NRP2/SPRY2/SPRY1/RFLNB/SPRED1/HEY2/SEMA6A/TGFBR3/TCF7L2/TIAM1/BASP1","GO_BP"
"GOBP_MUSCLE_TISSUE_DEVELOPMENT","GOBP_MUSCLE_TISSUE_DEVELOPMENT",293,-0.459806335349569,-1.78398462338172,4.74647476119649e-08,4.28146219272657e-05,3.60484845581427e-05,1534,"tags=20%, list=12%, signal=18%","TIPARP/PPARA/BMPR1A/CXADR/SAV1/CFL2/FOXN2/RBPJ/PKD2/YY1/IGFBP5/EDN1/FGFR1/IGF1/FOXP2/NF1/GREB1L/BMPR2/ACVR1/MEF2C/ERO1A/PTCH1/PIM1/DLL4/PDLIM5/NR2F2/PROX1/FKBP1A/MYC/S1PR1/FOSL2/JARID2/HNRNPU/SLC8A1/EFNB2/MEIS1/PPP3CB/SMAD4/CITED2/GPCPD1/HDAC9/MAFF/SKI/ZBTB18/GATA6/FOXP1/PRKAA1/HEY2/ID2/MEF2A/MBD2/TGFBR3/PRKAR1A/EGR1/RGS2/DIPK2A/NR4A1/FOS/ZFAND5","GO_BP"
"GOBP_REGULATION_OF_EPITHELIAL_CELL_PROLIFERATION","GOBP_REGULATION_OF_EPITHELIAL_CELL_PROLIFERATION",263,-0.460426439788561,-1.76509676085228,8.68036273245197e-08,4.28146219272657e-05,3.60484845581427e-05,1944,"tags=29%, list=15%, signal=25%","PPP1R16B/TNFAIP3/MCC/CXCL12/IFT80/SEMA5A/ACVRL1/HES1/JUN/CCL2/PTPRK/EDNRB/BMP6/BMPR1A/NRP1/LIMS1/SAV1/EAF2/RAB33B/RBPJ/HMGB1/IFT57/VEGFB/RICTOR/STK3/C5AR1/NFIB/FMC1/TRIM24/FGFR1/IGF1/FOXP2/NF1/FBXW7/EPB41L4B/KLF9/KDR/B4GALT1/ERRFI1/MEF2C/THBS1/AKT3/PTCH1/HIF1A/DLL4/TEK/NR2F2/SNAI2/PROX1/SP1/MYC/AGTR1/PIK3CD/RREB1/ZFP36L1/DAB2/EFNB2/STK4/CDKN1B/SIRT1/ADAM17/CDKN1C/GATA3/GATA6/FLT4/FLT1/NRP2/MTSS1/HMOX1/PTN/TGFBR3/TCF7L2/ZFP36/NR4A1/IRS2/DUSP10","GO_BP"
"GOBP_EPITHELIAL_CELL_PROLIFERATION","GOBP_EPITHELIAL_CELL_PROLIFERATION",322,-0.438265559922115,-1.71463800527479,1.02860346199491e-07,4.28146219272657e-05,3.60484845581427e-05,1812,"tags=27%, list=14%, signal=24%","IFT80/SEMA5A/ACVRL1/FST/HES1/JUN/CCL2/EPHA2/PTPRK/EDNRB/BMP6/C1orf54/BMPR1A/NRP1/LIMS1/SAV1/EAF2/RAB33B/RBPJ/HMGB1/TNFSF11/IFT57/VEGFB/RICTOR/STK3/C5AR1/IGFBP5/NFIB/FMC1/TRIM24/FGFR1/IGFBP3/IGF1/FOXP2/NF1/FBXW7/EPB41L4B/BMPR2/KLF9/KDR/B4GALT1/ERRFI1/MEF2C/THBS1/AKT3/PTCH1/HIF1A/DLL4/TEK/NR2F2/SNAI2/PROX1/DACH1/SP1/MYC/AGTR1/PIK3CD/ACVR2A/RREB1/ZFP36L1/DAB2/EFNB2/STK4/BMPER/CDKN1B/SIRT1/ADAM17/CDKN1C/NFKBIZ/GATA3/GATA6/FLT4/FLT1/NRP2/MAP2K1/MTSS1/ID2/HMOX1/PTN/PRDM1/TGFBR3/TCF7L2/ZFP36/CEBPB/NR4A1/IRS2/DUSP10/ERN1","GO_BP"
"GOBP_FAT_CELL_DIFFERENTIATION","GOBP_FAT_CELL_DIFFERENTIATION",186,-0.512476891537521,-1.9031190021046,1.24852551795103e-07,4.37656214254064e-05,3.68491944366923e-05,1015,"tags=24%, list=8%, signal=22%","ALDH6A1/TTC8/PLAC8/ARID5B/PLCB1/WWTR1/LRRC8C/ERO1A/PIM1/SNAI2/ADGRF5/RORA/PPARGC1A/ENPP1/PIAS1/TRIB2/RETREG1/RREB1/ZFP36L1/FOSL2/HNRNPU/INHBB/STK4/FERMT2/MAFB/SIRT1/ZFP36L2/SYAP1/CTBP2/BNIP3/TBL1XR1/FOXO1/ID2/FABP3/PER2/TCF7L2/KLF4/ZFP36/RGS2/CEBPB/NR4A1/DUSP10/NR4A2/CEBPD","GO_BP"
"GOBP_BLOOD_VESSEL_MORPHOGENESIS","GOBP_BLOOD_VESSEL_MORPHOGENESIS",491,-0.384334415177366,-1.56605858994192,4.29183639389975e-07,0.000139699274621437,0.00011762213275011,1814,"tags=24%, list=14%, signal=21%","VPS4B/SEMA5A/CD160/ACVRL1/HES1/JUN/CCL2/TEAD2/ATF2/EPHA2/PIK3CA/RUNX1/RIN2/SLC1A1/ASB4/LEPR/PTK2/RAP1A/TIPARP/BMPR1A/NRP1/RBM15/AMOTL1/JAK1/RBPJ/HMGB1/FZD4/PKD2/EFNA1/VEGFB/RASIP1/TBXA2R/C5AR1/STAB2/CD93/IGFBP7/RSPO3/TSPAN18/EDN1/FGFR1/ROCK2/SAT1/NF1/FOXF1/ELK3/ETS1/BMPR2/PPP3R1/QKI/NOTCH4/KDR/ACVR1/B4GALT1/ZMIZ1/THBS1/AKT3/SOX18/HIF1A/NFE2L2/ROBO4/DLL4/TEK/CDH2/NR2F2/VAV3/NPR1/C1GALT1/PROX1/HIPK2/KLF2/ADGRF5/SP1/RORA/JUNB/EPAS1/S1PR1/AGTR1/PIK3CD/ZFP36L1/EFNB2/MMRN1/FZD5/MEIS1/STK4/BMPER/CCN1/CITED2/BTG1/TAL1/SIRT1/PTPRB/CCN2/HDAC9/RHOJ/STAB1/FYN/GATA6/FLT4/FLT1/GAB1/NRP2/ADM/SPRY2/ANGPT2/SASH1/SPRED1/ADAMTS1/CDH5/HEY2/HMOX1/SEMA6A/PRDM1/TGFBR3/KLF4/RHOB/APOLD1/NR4A1","GO_BP"
"GOBP_REGULATION_OF_ENDOTHELIAL_CELL_MIGRATION","GOBP_REGULATION_OF_ENDOTHELIAL_CELL_MIGRATION",155,-0.515438420954229,-1.88110118157715,5.466018330888e-07,0.000166057636892378,0.000139814995200609,1371,"tags=29%, list=11%, signal=26%","HMGB1/EFNA1/TBXA2R/EDN1/FGFR1/ROCK2/TMSB4X/NF1/ETS1/DNAJA4/KDR/MEF2C/THBS1/AKT3/HIF1A/NFE2L2/ROBO4/DLL4/MET/TEK/NR2F2/RAC1/PROX1/SP1/LGMN/PIK3CD/MMRN1/BMPER/SIRT1/ADAM17/HDAC9/RHOJ/GATA3/FLT4/GAB1/NRP2/ANGPT2/FOXP1/SASH1/SPRED1/HMOX1/PTN/TGFBR3/KLF4/RHOB","GO_BP"
"GOBP_RESPONSE_TO_TRANSFORMING_GROWTH_FACTOR_BETA","GOBP_RESPONSE_TO_TRANSFORMING_GROWTH_FACTOR_BETA",232,-0.46937886555162,-1.78512166080424,6.49491589905516e-07,0.000175563523619417,0.000147818634972864,2191,"tags=31%, list=17%, signal=26%","SMAD3/NREP/HSPA1A/SKIL/SMURF1/EID2/YES1/PPM1A/TWSG1/HDAC2/TGFBR2/PIAS2/ACVRL1/JUN/APPL1/BMP2/PTPRK/SNX6/LEMD3/PTK2/PPARA/BMPR1A/LIMS1/CD2AP/MTMR4/GOT1/PAK2/SOX5/EDN1/ROCK2/SMAD9/SIN3A/WWOX/SMURF2/ACVR1/LPXN/HDAC1/MEF2C/ZMIZ1/SPRED2/THBS1/ERO1A/ZFHX3/HIPK2/FKBP1A/PDE2A/NLK/ZNF451/LATS1/ZFP36L1/DAB2/FERMT2/SMAD4/CITED2/SIRT1/ADAM17/ZFP36L2/CDKN1C/SKI/NFKBIZ/FYN/CREBBP/SPRY2/SPRY1/SPRED1/CDH5/PBLD/TGFBR3/LATS2/ING1/FOS","GO_BP"
"GOBP_MYELOID_CELL_DIFFERENTIATION","GOBP_MYELOID_CELL_DIFFERENTIATION",362,-0.413646065510879,-1.64219202366657,6.54944020524488e-07,0.000175563523619417,0.000147818634972864,2141,"tags=31%, list=17%, signal=26%","HSPA1A/SFXN1/TLR2/ARNT/HMGB2/KAT8/SLC11A2/JAK2/TPM4/VPS13A/TMEM64/NPM1/SLC25A40/TUBB1/MT1G/TGFBR2/STAT5B/CNOT4/CD4/IFT80/JUN/BRD1/EPHA2/LRRK1/RUNX1/ABI1/BMP2/TMOD3/ZBTB46/KAT6A/BCL6/GAB3/CSF1R/RASGRP4/HSCB/RBM15/HCLS1/PTBP3/RBPJ/HMGB1/TNFSF11/IL33/CDIN1/ITPKB/GPR137B/PDE1B/PURB/IKZF1/NF1/FBXW7/TMEM14C/EVI2B/GABPA/ETS1/RASSF2/QKI/L3MBTL3/UFL1/UBASH3B/MEF2C/GPR183/CAMK4/CCR1/HIF1A/FCER1G/RCOR1/MEIS2/FLI1/MTURN/PIP4K2A/RAC1/HIPK2/PABPC4/FOXO3/KLF2/ADGRF5/PDE2A/MYC/JUNB/EPAS1/PIK3CD/ACVR2A/ZFP36L1/CCL3/FOSL2/HNRNPU/CLEC1B/MEIS1/NEDD9/CITED2/LBR/LYN/MAFB/TAL1/SIRT1/INPP5D/NDFIP1/CDKN1C/GATA3/SNRK/CBFB/TRIB1/FOXP1/IRF8/ID2/MAF/TGFBR3/NFKBIA/ZFP36/CEBPB/FOS","GO_BP"
"GOBP_MAINTENANCE_OF_CELL_NUMBER","GOBP_MAINTENANCE_OF_CELL_NUMBER",158,-0.509054753232706,-1.8669246905198,7.41394093650374e-07,0.00018769627137582,0.000158034004172843,1529,"tags=22%, list=12%, signal=19%","KDM4C/BMPR1A/HOOK3/SAV1/RBPJ/NFIB/IGF1/MTF2/SIN3A/SMC5/HDAC1/NR5A2/ZNF706/CDH2/PROX1/BRAF/FOXO3/MED6/MYC/NCOA3/BICRAL/SS18/TAL1/ZFP36L2/SKI/TPT1/ACTB/KDM2B/FOXO1/PTN/KLF4/LDB2/ING1/MED30","GO_BP"
"GOBP_MESENCHYMAL_CELL_DIFFERENTIATION","GOBP_MESENCHYMAL_CELL_DIFFERENTIATION",194,-0.478085575594175,-1.78503439881275,9.60253750570297e-07,0.000230309281123623,0.000193912737996052,2385,"tags=34%, list=19%, signal=28%","ENG/FBXL17/KDM1A/ZEB2/PTEN/SMAD3/KAT8/LRP6/TCF21/EMP2/HDAC2/TGFBR2/TASOR/ARB2A/SEMA5A/ACVRL1/SLC39A10/HES1/FOXA2/BMP2/FRZB/PTK2/EDNRB/FOXA1/BMPR1A/RANBP3L/NRP1/LIMS1/RBPJ/EFNA1/EDN1/FGFR1/ROCK2/IGF1/SEMA4D/TAPT1/PDCD4/PPP3R1/WWTR1/QKI/NOTCH4/ACVR1/MEF2C/SPRED2/HIF1A/RDH10/CDH2/SNAI2/OLFM1/DAB2/FBXO11/FERMT2/SMAD4/CITED2/GATA3/NRP2/SPRY2/SPRY1/RFLNB/SPRED1/HEY2/SEMA6A/TGFBR3/TCF7L2/TIAM1","GO_BP"
"GOBP_CARDIAC_CHAMBER_DEVELOPMENT","GOBP_CARDIAC_CHAMBER_DEVELOPMENT",128,-0.535676112446663,-1.90779615549787,1.01373628912011e-06,0.000230979813476018,0.000194477303886464,2159,"tags=31%, list=17%, signal=26%","PLXND1/UBE4B/ZFPM2/ANK2/TGFBR2/HES1/BMP2/CNTRL/BMPR1A/NRP1/SAV1/EVA1A/RBM15/RBPJ/FGFRL1/FOXF1/GREB1L/TMEM65/BMPR2/ACVR1/MEF2C/HIF1A/DLL4/TEK/PROX1/ZBTB14/FKBP1A/PDE2A/LMO4/CCN1/SMAD4/CITED2/GATA3/GATA6/NRP2/ADAMTS1/HEY2/ID2/PRDM1/TGFBR3","GO_BP"
"GOBP_PATTERN_SPECIFICATION_PROCESS","GOBP_PATTERN_SPECIFICATION_PROCESS",268,-0.44089655096894,-1.69905048846661,1.39845114064849e-06,0.000299756805778603,0.000252385238918265,1942,"tags=25%, list=15%, signal=21%","PGAP1/BBS7/TGFBR2/TASOR/ACVRL1/HOXB6/FST/HES1/RTTN/ABI1/FOXA2/TCTN1/BMP2/BMPR1B/FOXA1/MLLT3/RNF2/BMPR1A/NRP1/RBPJ/IFT57/PKD2/ACVR2B/LRP4/DAAM2/YY1/PLD6/DCHS1/EDN1/FGFR1/FOXF1/MTF2/TTC8/GREM2/BMPR2/ACVR1/HHIP/TGIF1/MEF2C/PTCH1/SOX18/HIF1A/MEIS2/DLL4/NR2F2/HIPK2/CXXC4/ACVR2A/PBX3/FZD5/MEIS1/SETDB2/SMAD4/CITED2/MAFB/RFX3/DISP1/LHX2/SKI/NRP2/ETS2/TSHZ1/SPRY1/KDM2B/HEY2/BASP1","GO_BP"
"GOBP_DEVELOPMENTAL_GROWTH","GOBP_DEVELOPMENTAL_GROWTH",493,-0.379484286455077,-1.54510378502851,1.4471471861157e-06,0.000299756805778603,0.000252385238918265,1911,"tags=23%, list=15%, signal=20%","BLOC1S6/TGFBR2/FGF13/YBX3/CLASP2/STAT5B/CXCL12/DISC1/RAB21/IFT80/ACVR1C/SEMA5A/IFRD1/VIL1/ADCY10/TMEM182/PDZD11/ATF2/PIK3CA/RUNX1/BMPR1B/LEPR/H3-3B/PPARA/BMPR1A/NRP1/SAV1/CD2AP/PUM2/RBPJ/GPD2/PTPRS/ACVR2B/LRP4/YY1/STK3/PLAG1/NDN/EDN1/IQGAP1/ADNP/FGFR1/ADRB2/IGF1/SEMA4D/SIN3A/WWC3/TTC8/BMPR2/PLAC8/WASF1/ARID5B/PLCB1/WWTR1/MEF2C/ZMIZ1/NR5A2/PTCH1/RDH10/DUSP6/PIM1/PDLIM5/OLFM1/SLC25A25/SOD1/PROX1/SPAG9/FOXO3/INSR/KLF2/RAPH1/S1PR1/LGMN/LATS1/ZFP36L1/G6PC1/FOSL2/JARID2/MEIS1/STK4/GNAS/NPY1R/PPP3CB/CDKN1B/SMAD4/GAREM1/CDKN1C/LHX2/SKI/PRLR/C9orf72/GATA3/FXN/GATA6/NRP2/ADM/SPRY2/SPRY1/FOXP1/TBL1XR1/GAS1/LIN7C/HEY2/NRN1/IGFBP1/PTN/TGFBR3/LATS2/PRKAR1A/SOCS2/RGS2/DIPK2A/BASP1/DUSP10","GO_BP"
"GOBP_REGULATION_OF_HEART_GROWTH","GOBP_REGULATION_OF_HEART_GROWTH",45,-0.710284266338851,-2.13029035071578,1.77821385602e-06,0.000352318284429703,0.000296640251953909,1494,"tags=44%, list=12%, signal=39%","RUNX1/PPARA/BMPR1A/SAV1/RBPJ/YY1/EDN1/FGFR1/IGF1/MEF2C/DUSP6/PIM1/PROX1/JARID2/GATA6/FOXP1/HEY2/TGFBR3/RGS2/BASP1","GO_BP"
"GOBP_NEGATIVE_REGULATION_OF_CELL_DIFFERENTIATION","GOBP_NEGATIVE_REGULATION_OF_CELL_DIFFERENTIATION",454,-0.3796897779052,-1.53690988125803,2.69029081784966e-06,0.000510818969039204,0.000430092545222018,1802,"tags=24%, list=14%, signal=21%","SEMA5A/ACVRL1/IFRD1/MED28/FST/HES1/TMEM182/NFATC1/ABCG1/RUNX1/FOXA2/BMP2/ZBTB46/FRZB/EDNRB/FOXA1/BCL6/ADGRV1/PPARA/FCGR2B/BMPR1A/HOOK3/RANBP3L/NRP1/RBM15/RBPJ/HMGB1/EFNA1/PTPRS/LRP4/DAAM2/YY1/ITPKB/CRIM1/MBNL3/GPR137B/IGFBP5/TMSB4X/IGF1/NF1/FBXW7/SEMA4D/HDAC4/GABPA/PDCD4/BMPR2/CDK13/NFATC2/WWTR1/QKI/RC3H1/NOTCH4/UBASH3B/HDAC1/SPRED2/ZFHX3/NR5A2/PTCH1/NFE2L2/MEIS2/SNAI2/DICER1/PROX1/SPAG9/FOXO3/RORA/ENPP1/MYC/TRIB2/CR1/ZFP36L1/CCL3/HNRNPU/BICRAL/FBXO11/MEIS1/FERMT2/FGL2/SMAD4/LYN/ABCA1/SS18/MAFB/SIRT1/INPP5D/ZFP36L2/LHX2/SKI/GATA3/ACTB/SPRY2/CBFB/TRIB1/SPRY1/FOXP1/FOXO1/RFLNB/SPRED1/TOB1/HEY2/ID2/CLEC4G/CETP/PTN/NFKBIA/ZFP36/RGS2/DUSP10","GO_BP"
"GOBP_CARDIAC_SEPTUM_MORPHOGENESIS","GOBP_CARDIAC_SEPTUM_MORPHOGENESIS",59,-0.66331804624465,-2.10069256943747,2.80346786721534e-06,0.000511016122836013,0.000430258542147365,2013,"tags=34%, list=16%, signal=29%","ZFPM2/TGFBR2/HES1/BMPR1A/NRP1/SAV1/RBM15/RBPJ/FGFRL1/BMPR2/ACVR1/PROX1/CCN1/SMAD4/CITED2/GATA6/NRP2/HEY2/ID2/TGFBR3","GO_BP"
"GOBP_ERK1_AND_ERK2_CASCADE","GOBP_ERK1_AND_ERK2_CASCADE",238,-0.450694106420177,-1.71517632663427,3.7726577825316e-06,0.000636740796851722,0.000536114526991333,1549,"tags=26%, list=12%, signal=23%","RAP1A/RPS6KA6/CSF1R/NRP1/CD2AP/HMGB1/TNFSF11/VEGFB/SLC30A10/PDE8A/RAMP3/C5AR1/MARCO/SCIMP/PDGFC/EDN1/IGF1/NF1/CNKSR3/FBXW7/PTGER4/GRB10/KDR/ERRFI1/SPRED2/GPR183/RANBP9/CCR1/DUSP6/MTURN/TEK/BRAF/MYC/RAP1B/ZFP36L1/CCL3/DAB2/ZDHHC17/FERMT2/BMPER/CCN1/SMAD4/LYN/GAREM1/AKAP12/CCN2/ZFP36L2/FLT4/FBXO21/SPRY2/MAP2K1/SPRY1/PRXL2C/STYX/SPRED1/DUSP1/SEMA6A/TGFBR3/KLF4/DUSP5/DUSP10","GO_BP"
"GOBP_REGULATION_OF_PROTEOLYSIS","GOBP_REGULATION_OF_PROTEOLYSIS",332,0.453209084714448,1.62604588752403,3.69191290032933e-06,0.000636740796851722,0.000536114526991333,1756,"tags=23%, list=14%, signal=21%","TSPAN17/ENO1/USP5/IKBKG/TREM2/HSP90AB1/PSME3/TRAF7/VCP/VTN/PSMC1/SNX12/DDRGK1/GNA12/ANXA2/MMP14/DAB2IP/MTOR/BAK1/BCAP31/CCDC22/PSMC3/GIPC1/NUB1/GABARAP/HFE/CSNK1D/DNAJB2/FADD/SERPINB8/PDCL3/PINK1/TRIM32/GAPDH/PSMD14/UBQLN4/PSME2/GRN/RNF185/SIRT4/ANGPTL8/FBXO22/HDAC6/FZR1/IL1R2/TRAF3/PSMC4/N4BP1/PLGRKT/CDC20/CWH43/CFL1/CLN8/GBA1/CEBPA/CLN6/RHBDF1/KEAP1/SGTA/GPLD1/NR1H2/USP19/CDK5/DESI1/PSMC6/TF/GSN/PSMC5/AURKAIP1/APOE/PLK1/CSTA/TRIB3/NEDD8/CHFR/CSNK1E/TRIM39","GO_BP"
"GOBP_REGULATION_OF_OSTEOBLAST_DIFFERENTIATION","GOBP_REGULATION_OF_OSTEOBLAST_DIFFERENTIATION",99,-0.569133298234116,-1.95428949062481,4.23293487425832e-06,0.000688910150785542,0.000580039384085398,1690,"tags=30%, list=13%, signal=26%","BMP2/ATRAID/BMPR1B/PTK2/BMP6/BMPR1A/RANBP3L/IL6ST/ACVR2B/CRIM1/IGFBP5/SMOC1/IGF1/SEMA4D/BMPR2/RASSF2/WWTR1/ACVR1/MEF2C/PTCH1/SNAI2/JUND/ACVR2A/FERMT2/CCN1/SKI/TOB1/ID2/CEBPB/CEBPD","GO_BP"
"GOBP_REGULATION_OF_TRANSMEMBRANE_TRANSPORT","GOBP_REGULATION_OF_TRANSMEMBRANE_TRANSPORT",265,-0.425724605346384,-1.63392015829084,6.10745101844958e-06,0.000959712216933612,0.000808045697359301,1150,"tags=20%, list=9%, signal=18%","PRNP/EDN1/ARL6IP1/TMSB4X/IGF1/ARPP19/KCNN2/PDE4D/YWHAE/TSPAN13/SEPTIN2/PPP3R1/GRB10/DAPK1/ATP1B1/FHL1/UBASH3B/THBS1/SORBS1/PRKCI/NFE2L2/PIM1/UTRN/BRAF/INSR/FKBP1A/UBR3/ENPP1/CLIC2/SLC8A1/FMR1/PPP3CB/ATP1B2/LYN/IRS1/FYN/ISCU/COX17/VMP1/KCNAB1/KCNJ2/CRHBP/PRKAG2/CAMK2D/FXYD6/NIPSNAP2/C2CD5/PER2/MEF2A/RGS2/CALM1/IRS2","GO_BP"
"GOBP_NEGATIVE_REGULATION_OF_LOCOMOTION","GOBP_NEGATIVE_REGULATION_OF_LOCOMOTION",263,-0.422352410494335,-1.61913566919409,6.37810478088678e-06,0.000968834116216703,0.000815726032502889,2604,"tags=34%, list=21%, signal=27%","CSNK2B/SIN3B/ATP2B4/GSK3B/TIE1/PFN2/ROBO1/SYNJ2BP/GCSAM/CLIC4/ARRDC3/ENG/STK24/ZEB2/AFDN/FBLN1/PTEN/RECK/PTPRG/MACIR/OSBPL8/CD300A/PHLDB2/GJA1/HDAC2/RIPOR2/MCC/CLASP2/JUP/CXCL12/ACVR1C/SEMA5A/ACVRL1/CCL2/PTPRK/CNN2/BMPR1A/NRP1/TMIGD3/STK26/HMGB1/IL33/TBXA2R/IGFBP5/AIF1/IGFBP3/PTPRT/NF1/RAP2C/SIN3A/PTGER4/DNAJA4/PLCB1/LIMCH1/RAP2B/ARHGDIB/HDAC1/MEF2C/THBS1/NFE2L2/ROBO4/DLL4/SCAI/NR2F2/RAC1/DACH1/BRAF/FOXO3/KANK1/CD200R1/MAGI2/MMRN1/AP1AR/NEDD9/CITED2/ATP1B2/GATA3/WASL/TRIB1/ANGPT2/SPRED1/HMOX1/DUSP1/TGFBR3/KLF4/RHOB/ING1/DLC1/DUSP10","GO_BP"
"GOBP_REGULATION_OF_PROTEIN_SERINE_THREONINE_KINASE_ACTIVITY","GOBP_REGULATION_OF_PROTEIN_SERINE_THREONINE_KINASE_ACTIVITY",106,-0.538302275880143,-1.86140103957944,7.12143794474303e-06,0.00101413727231856,0.000853869779887775,974,"tags=25%, list=8%, signal=23%","FGFR1/TLR6/PDCD4/PIM1/SYNPO2/HERC5/DIRAS3/PRKCH/TRIB2/LATS1/CCNK/CDKN1B/LYN/SIRT1/SYAP1/MAP3K5/FLT1/HIPK3/TRIB1/MAP2K1/SASH1/DUSP1/LATS2/DIPK2A/TCIM/ERN1","GO_BP"
"GOBP_EPITHELIAL_TUBE_MORPHOGENESIS","GOBP_EPITHELIAL_TUBE_MORPHOGENESIS",251,-0.432123206813676,-1.6548387764384,6.89947989339399e-06,0.00101413727231856,0.000853869779887775,1798,"tags=23%, list=14%, signal=20%","ACVRL1/HES1/TEAD2/EPHA2/TCTN1/NUP50/BMP2/FOXA1/C1orf54/CSF1R/HS3ST3B1/NRP1/RBM15/RBPJ/IFT57/PKD2/STK3/RASIP1/DCHS1/EDN1/IGF1/FOXF1/GREB1L/PPP3R1/NOTCH4/KDR/ACVR1/HHIP/TGIF1/MEF2C/PTCH1/SOX18/HIF1A/RDH10/DLL4/MET/PROX1/MYC/PIK3CD/SDC4/EFNB2/STK4/SETDB2/LMO4/SMAD4/CITED2/LHX2/SKI/GATA3/ADM/SPRY2/MTSS1/SPRY1/KDM2B/FOXP1/ETV5/RHOB/DLC1","GO_BP"
"GOBP_CARDIAC_VENTRICLE_DEVELOPMENT","GOBP_CARDIAC_VENTRICLE_DEVELOPMENT",94,-0.565907852758616,-1.9357422820773,7.67732439804378e-06,0.00106016870551168,0.00089262671230844,1486,"tags=33%, list=12%, signal=29%","UBE4B/ZFPM2/TGFBR2/HES1/CNTRL/BMPR1A/SAV1/EVA1A/RBM15/RBPJ/FGFRL1/FOXF1/GREB1L/TMEM65/BMPR2/ACVR1/MEF2C/HIF1A/DLL4/PROX1/FKBP1A/PDE2A/LMO4/CCN1/SMAD4/CITED2/GATA3/HEY2/ID2/PRDM1/TGFBR3","GO_BP"
"GOBP_SPROUTING_ANGIOGENESIS","GOBP_SPROUTING_ANGIOGENESIS",113,-0.537239728808228,-1.89741166357578,8.6584147781533e-06,0.00109601100400124,0.000922804732934759,1472,"tags=25%, list=12%, signal=22%","NRP1/JAK1/HMGB1/VEGFB/TBXA2R/RSPO3/TSPAN18/KDR/THBS1/AKT3/DLL4/TEK/KLF2/AGTR1/EFNB2/MMRN1/BMPER/HDAC9/RHOJ/FLT4/FLT1/SPRED1/CDH5/HMOX1/SEMA6A/TGFBR3/KLF4/NR4A1","GO_BP"
"GOBP_CARDIAC_MUSCLE_TISSUE_DEVELOPMENT","GOBP_CARDIAC_MUSCLE_TISSUE_DEVELOPMENT",161,-0.492540158770625,-1.81117386538446,8.54904097129369e-06,0.00109601100400124,0.000922804732934759,1494,"tags=22%, list=12%, signal=20%","PPARA/BMPR1A/CXADR/SAV1/RBPJ/YY1/EDN1/FGFR1/IGF1/GREB1L/BMPR2/ACVR1/MEF2C/PIM1/DLL4/PDLIM5/PROX1/FKBP1A/S1PR1/JARID2/HNRNPU/SLC8A1/EFNB2/MEIS1/SMAD4/SKI/GATA6/FOXP1/HEY2/ID2/MEF2A/MBD2/TGFBR3/PRKAR1A/RGS2/DIPK2A","GO_BP"
"GOBP_MUSCLE_CELL_PROLIFERATION","GOBP_MUSCLE_CELL_PROLIFERATION",163,-0.484860612402585,-1.78428773145226,8.28406615018153e-06,0.00109601100400124,0.000922804732934759,1122,"tags=21%, list=9%, signal=20%","EDN1/AIF1/FGFR1/IGFBP3/IGF1/NF1/PDCD4/BMPR2/SKP2/HDAC1/MEF2C/THBS1/PIM1/NPR1/PPARGC1A/S1PR1/JARID2/CDKN1B/RGS5/SKI/MAP3K5/GATA6/TRIB1/FOXP1/ADAMTS1/HEY2/ID2/HMOX1/TGFBR3/TCF7L2/KLF4/PRKAR1A/DIPK2A/ERN1/FOS","GO_BP"
"GOBP_RESPONSE_TO_PEPTIDE_HORMONE","GOBP_RESPONSE_TO_PEPTIDE_HORMONE",347,-0.396980529795112,-1.56423221544096,9.44019062160145e-06,0.0011626742881794,0.000978932996180293,1664,"tags=21%, list=13%, signal=19%","NAMPT/SIK2/PTK2/EDNRB/GPR82/RAB31/PPARA/UPRT/ZBED3/CD2AP/JAK1/AP3S1/GOT1/SLC30A10/LEPROT/IGFBP5/KBTBD2/EDN1/TRIM24/ROCK2/IGF1/CPEB2/GRB10/PLCB1/SNX5/ERRFI1/SORBS1/PRKCI/NFE2L2/TBC1D4/GCNT1/PIP4K2A/IGF1R/GNAI1/RAC1/INSR/KANK1/SP1/EEF2K/JUND/ENPP1/AGTR1/SRD5A1/ZFP36L1/G6PC1/INHBB/GNAS/CDO1/PCK1/SOCS3/LYN/BTG1/SIRT1/HDAC9/IRS1/SYAP1/FYN/GAB1/CRHBP/PRKAA1/FOXO1/C2CD5/PDK4/FABP3/IGFBP1/TGFBR3/PRKAR1A/EGR1/SOCS2/NR4A1/IRS2/NR4A2/FOS","GO_BP"
"GOBP_EPITHELIAL_CELL_DIFFERENTIATION","GOBP_EPITHELIAL_CELL_DIFFERENTIATION",463,-0.364989888714362,-1.47953414185772,1.00490616890179e-05,0.0012050940557067,0.00101464902649502,1812,"tags=24%, list=14%, signal=22%","IFT80/ACVRL1/TMEM132E/VIL1/FST/HES1/JUN/ARHGEF26/EPHA2/BMP2/FRZB/EDNRB/FOXA1/SGPP1/RAP1A/BMP6/GRHL1/NRP1/SAV1/CD2AP/RBPJ/IL6ST/FZD4/PTPRS/ACVR2B/FEM1B/CCDC88C/NFIB/EDN1/IQGAP1/FGFR1/ROCK2/IGF1/PDE4D/FOXF1/PLAAT3/RAP2C/TTC8/BMPR2/PPP3R1/ABI2/PLCB1/WWTR1/NOTCH4/KDR/ACVR1/B4GALT1/RAP2B/ERRFI1/HDAC1/MEF2C/SPRED2/NR5A2/PTCH1/SOX18/HIF1A/UGCG/ROBO4/MET/CDH2/NR2F2/PALLD/RAC1/KAZN/C1GALT1/SOD1/PROX1/KLF2/PDE2A/RAP1B/PRKCH/EPAS1/S1PR1/LATS1/ZFP36L1/NCOA3/FOSL2/KRT10/MAGI2/DAB2/FZD5/STK4/EXPH5/CDKN1B/SMAD4/PCK1/MAFB/BTG1/RFX3/MAGI1/MAFF/CDKN1C/PRLR/NFKBIZ/GATA3/GATA6/SPRY2/MAP2K1/MTSS1/SPRY1/SPRED1/CDH5/HEY2/ID2/MAF/PRDM1/KLF4/ZFP36/LATS2/CEBPB/BASP1/APOLD1","GO_BP"
"GOBP_TRANSFORMING_GROWTH_FACTOR_BETA_RECEPTOR_SIGNALING_PATHWAY","GOBP_TRANSFORMING_GROWTH_FACTOR_BETA_RECEPTOR_SIGNALING_PATHWAY",184,-0.465268120187639,-1.72282706068326,1.24912673932483e-05,0.00145955655156494,0.00122889796621835,2282,"tags=32%, list=18%, signal=26%","APPL2/ZEB2/SMAD3/NREP/HSPA1A/SKIL/SMURF1/EID2/PPM1A/TWSG1/HDAC2/TGFBR2/PIAS2/ACVRL1/JUN/APPL1/BMP2/PTPRK/SNX6/LEMD3/PTK2/PPARA/BMPR1A/MTMR4/GOT1/SMAD9/SIN3A/SMURF2/ACVR1/LPXN/HDAC1/ZMIZ1/SPRED2/THBS1/ERO1A/HIPK2/FKBP1A/NLK/ZNF451/LATS1/DAB2/FERMT2/SMAD4/CITED2/SIRT1/ADAM17/CDKN1C/SKI/CREBBP/SPRY2/SPRY1/SPRED1/CDH5/PBLD/TGFBR3/LATS2/ING1/FOS","GO_BP"
"GOBP_OUTFLOW_TRACT_MORPHOGENESIS","GOBP_OUTFLOW_TRACT_MORPHOGENESIS",60,-0.639975420866463,-2.03250667032307,1.53476421735324e-05,0.00174848013461968,0.00147216199269804,2509,"tags=43%, list=20%, signal=35%","ROBO1/ELN/ENG/PLXND1/ZFPM2/TGFBR2/HES1/JUN/ATF2/BMPR1A/NRP1/RBPJ/EDN1/GREB1L/BMPR2/ACVR1/MEF2C/SOX18/HIF1A/NPY1R/SMAD4/CITED2/GATA6/NRP2/HEY2/TGFBR3","GO_BP"
"GOBP_REGULATION_OF_BLOOD_CIRCULATION","GOBP_REGULATION_OF_BLOOD_CIRCULATION",160,-0.483252071168941,-1.77093789454937,1.80054899305433e-05,0.00200124433203624,0.00168498102174147,2724,"tags=39%, list=22%, signal=31%","TMEM38B/F2R/FGB/ASPH/ATP2B4/CAV1/THRB/RNLS/ZDHHC21/ARHGAP42/EHD3/APP/HCN3/ACE/ATP2B2/TBXAS1/DMD/DOCK4/AVPR1A/GJA1/ANK2/FGF13/JUP/PDE4B/KCND3/ADCY10/SUMO1/ABCC9/SLC1A1/EDNRB/CXADR/DSC2/TMIGD3/TBXA2R/GPD1L/EDN1/GCH1/KCNN2/PDE4D/YWHAE/TMEM65/BMPR2/ATP1B1/FKBP1A/EPAS1/AGTR1/ADD3/CLIC2/SLC8A1/CTNNA3/ATP1B2/CD38/KCNJ2/ADM/KCNMB4/CAMK2D/MAP2K1/HEY2/PER2/MEF2A/RGS2/CALM1","GO_BP"
"GOBP_RESPONSE_TO_MOLECULE_OF_BACTERIAL_ORIGIN","GOBP_RESPONSE_TO_MOLECULE_OF_BACTERIAL_ORIGIN",262,-0.410554831774731,-1.57539816284998,1.93346594188221e-05,0.00209781054694219,0.00176628655592999,1638,"tags=20%, list=13%, signal=18%","PTGER2/EDNRB/C2/PDCD1LG2/BMP6/NLRP3/FCGR2B/LILRB2/LY86/HMGB1/ERBIN/CD55/TBXA2R/C5AR1/SCIMP/MALT1/EDN1/GCH1/AKAP8/AXL/TLR6/PDCD4/MEF2C/IL10RA/RAC1/AKIRIN2/JUND/FOSL2/EFNB2/FZD5/PLSCR4/LYN/ABCA1/ADAM17/AKAP12/CARD8/MRC1/NFKBIZ/CDK19/VCAM1/IRAK3/TRIB1/FOXP1/CXCL2/SASH1/IRF8/NFKBIA/ZFP36/CEBPB/PELI1/NR4A1/DUSP10/FOS","GO_BP"
"GOBP_REGULATION_OF_HEMOPOIESIS","GOBP_REGULATION_OF_HEMOPOIESIS",331,-0.39745498994359,-1.56066375145273,1.99796576701929e-05,0.00211737906983882,0.00178276259994745,1540,"tags=21%, list=12%, signal=19%","BCL6/NLRP3/FCGR2B/RBM15/HCLS1/LILRB2/HMGB1/TNFSF11/ITPKB/GPR137B/MALT1/PURB/GPR65/NF1/FBXW7/AXL/EVI2B/GABPA/ETS1/RASSF2/QKI/RC3H1/UBASH3B/MEF2C/ZMIZ1/CAMK4/CCR1/HIF1A/RCOR1/MEIS2/MTURN/SNAI2/SOD1/BRAF/FOXO3/MYC/JUNB/CR1/ACVR2A/SH3RF1/ZFP36L1/CCL3/MEIS1/NEDD9/FGL2/PCK1/LYN/MAFB/TAL1/INPP5D/ZFP36L2/NDFIP1/NFKBIZ/GATA3/ACTB/CBFB/TRIB1/FOXP1/ID2/CLEC4G/PTN/PRDM1/NFKBIA/ZFP36/CEBPB/DUSP10/TCIM/FOS","GO_BP"
"GOBP_SOMATIC_STEM_CELL_POPULATION_MAINTENANCE","GOBP_SOMATIC_STEM_CELL_POPULATION_MAINTENANCE",53,-0.638109317131945,-1.96480540849423,2.16386608580025e-05,0.00219127505622039,0.00184498055736653,1948,"tags=30%, list=15%, signal=26%","RIF1/LIG4/MED28/HES1/BMPR1A/RBPJ/NR5A2/BRAF/MED6/MYC/TAL1/ZFP36L2/SKI/KLF4/LDB2/MED30","GO_BP"
"GOBP_EMBRYONIC_MORPHOGENESIS","GOBP_EMBRYONIC_MORPHOGENESIS",416,-0.367062342845665,-1.47068467740032,2.15395086290438e-05,0.00219127505622039,0.00184498055736653,1361,"tags=16%, list=11%, signal=15%","IFT57/PKD2/EFNA1/ACVR2B/LRP4/STK3/MBNL1/RSPO3/AFF3/EDN1/FGFR1/ROCK2/FOXF1/GREM2/BMPR2/ACVR1/TGIF1/HDAC1/MEF2C/PTCH1/SOX18/HIF1A/RDH10/DLL4/RAC1/SOD1/PROX1/HIPK2/PRKRA/MYC/LATS1/ACVR2A/ZFP36L1/SDC4/FZD5/STK4/SETDB2/LMO4/CCN1/SMAD4/CITED2/SOCS3/MAFB/TAL1/RPL38/IL1RN/CDKN1C/LHX2/SKI/GATA3/GATA6/FLT1/ADM/ETS2/CREBBP/SPRY2/TSHZ1/MAP2K1/KDM2B/ID2/DUSP1/KLF4/LATS2/PRKAR1A/DUSP5/DLC1","GO_BP"
"GOBP_CELLULAR_RESPONSE_TO_PEPTIDE_HORMONE_STIMULUS","GOBP_CELLULAR_RESPONSE_TO_PEPTIDE_HORMONE_STIMULUS",266,-0.41475783047983,-1.59412178733041,2.46716754580918e-05,0.00244410489266357,0.00205785485228248,1388,"tags=20%, list=11%, signal=18%","JAK1/AP3S1/GOT1/SLC30A10/LEPROT/KBTBD2/EDN1/ROCK2/IGF1/CPEB2/GRB10/PLCB1/SNX5/ERRFI1/SORBS1/PRKCI/NFE2L2/TBC1D4/PIP4K2A/IGF1R/RAC1/INSR/KANK1/SP1/EEF2K/ENPP1/AGTR1/SRD5A1/ZFP36L1/G6PC1/INHBB/GNAS/PCK1/SOCS3/LYN/SIRT1/HDAC9/IRS1/SYAP1/FYN/GAB1/CRHBP/PRKAA1/FOXO1/C2CD5/PDK4/IGFBP1/PRKAR1A/SOCS2/NR4A1/IRS2/NR4A2/FOS","GO_BP"
"GOBP_VENTRICULAR_SEPTUM_MORPHOGENESIS","GOBP_VENTRICULAR_SEPTUM_MORPHOGENESIS",37,-0.70598372950733,-1.99835376103287,2.57860906574717e-05,0.00246720130743503,0.00207730126366624,2013,"tags=43%, list=16%, signal=36%","ZFPM2/TGFBR2/HES1/BMPR1A/SAV1/RBM15/RBPJ/FGFRL1/BMPR2/ACVR1/PROX1/SMAD4/CITED2/HEY2/ID2/TGFBR3","GO_BP"
"GOBP_STRIATED_MUSCLE_CELL_PROLIFERATION","GOBP_STRIATED_MUSCLE_CELL_PROLIFERATION",57,-0.630170517304366,-1.98249697046575,2.59876372080056e-05,0.00246720130743503,0.00207730126366624,2080,"tags=33%, list=16%, signal=28%","PAXBP1/JAK2/ZFPM2/MEGF10/RUNX1/BMPR1A/SAV1/RBPJ/FGFR1/MEF2C/PIM1/JARID2/SKI/GATA6/HEY2/TGFBR3/PRKAR1A/DIPK2A/FOS","GO_BP"
"GOBP_SENSORY_ORGAN_DEVELOPMENT","GOBP_SENSORY_ORGAN_DEVELOPMENT",367,-0.383218395680457,-1.52604829547107,2.75810711489045e-05,0.00256503961684812,0.00215967785902808,1798,"tags=22%, list=14%, signal=20%","ACVRL1/TMEM132E/HES1/JUN/EPHA2/BMP2/SLC1A1/BMPR1B/FRZB/SHROOM2/CPAMD8/MAN2A1/BMP6/ADGRV1/NRP1/NFIA/ALDH1A3/RBPJ/HMGB1/GPD2/FZD4/ACVR2B/YY1/RPL24/SMOC1/NFIB/DCHS1/EDN1/FGFR1/IGF1/FOXP2/NF1/PLAAT3/GET1/TTC8/BMPR2/ABI2/KDR/TGIF1/HDAC1/SPRED2/HIF1A/PRKCI/RDH10/MEIS2/DLL4/LPCAT1/RAC1/SLC25A25/SOD1/PROX1/HIPK2/PRKRA/MYC/PBX3/SDC4/FZD5/MEIS1/BMPER/GPM6A/CDKN1B/CITED2/MAFB/RPL38/RHOJ/CDKN1C/LHX2/SKI/GATA3/FLT1/SPRY2/TSHZ1/SPRY1/KDM2B/SPRED1/HEY2/PER2/MAF/PRDM1/KLF4/FOS/CEBPD","GO_BP"
"GOBP_BLOOD_VESSEL_ENDOTHELIAL_CELL_MIGRATION","GOBP_BLOOD_VESSEL_ENDOTHELIAL_CELL_MIGRATION",110,-0.538112527165946,-1.87971216577372,2.87677797557258e-05,0.00262189544693685,0.00220754857283412,1472,"tags=29%, list=12%, signal=26%","NRP1/HMGB1/EFNA1/TBXA2R/FGFR1/TMSB4X/NF1/ETS1/KDR/MEF2C/THBS1/AKT3/SOX18/HIF1A/NFE2L2/ROBO4/DLL4/SP1/EFNB2/MMRN1/SIRT1/ADAM17/HDAC9/RHOJ/GAB1/ANGPT2/SPRED1/CDH5/HMOX1/TGFBR3/KLF4/NR4A1","GO_BP"
"GOBP_VENTRICULAR_SEPTUM_DEVELOPMENT","GOBP_VENTRICULAR_SEPTUM_DEVELOPMENT",62,-0.604465258600277,-1.93379920713812,3.25000172969808e-05,0.00284812651581426,0.00239802759205456,2013,"tags=35%, list=16%, signal=30%","ZFPM2/TGFBR2/HES1/CNTRL/BMPR1A/SAV1/RBM15/RBPJ/FGFRL1/BMPR2/ACVR1/PROX1/PDE2A/LMO4/CCN1/SMAD4/CITED2/GATA3/HEY2/ID2/PRDM1/TGFBR3","GO_BP"
"GOBP_REGULATION_OF_PROTEIN_CATABOLIC_PROCESS","GOBP_REGULATION_OF_PROTEIN_CATABOLIC_PROCESS",326,0.442168764294199,1.58544856924314,3.19514027420532e-05,0.00284812651581426,0.00239802759205456,1790,"tags=25%, list=14%, signal=22%","TSPAN17/PSMD1/PSMD2/USP5/TREM2/HSP90AB1/PSME3/FBXO2/RHBDD3/VCP/PSMC1/SNX12/DDRGK1/GNA12/RGP1/ANXA2/DAB2IP/BCAP31/PHB1/PSMC3/GIPC1/NUB1/EEF1A2/GABARAP/HFE/PSMD3/CYP51A1/ATG7/CSNK1D/DNAJB2/PLK2/CD81/PINK1/TRIM32/PSMD14/HSP90AA1/UBQLN4/SF3B3/MSN/PSME2/RNF185/MARCHF2/FBXO22/FZR1/OAZ2/TMEM9/PSMC4/N4BP1/CDC20/MAD2L2/GBA1/CEBPA/CHMP6/RHBDF1/SNF8/KEAP1/SGTA/GPLD1/ABCA2/SNX1/USP19/STX5/DESI1/PSMC6/TF/ODC1/DDB1/DTL/PSMC5/APOE/PLK1/ZNF268/NKD1/TRIB3/PIN1/CHFR/CSNK1E/TRIM39/EGLN2/NQO1/PCSK9","GO_BP"
"GOBP_RESPONSE_TO_CALCIUM_ION","GOBP_RESPONSE_TO_CALCIUM_ION",94,-0.540538993673222,-1.8489656576847,3.98779887604624e-05,0.00339022735397944,0.0028544584283878,1776,"tags=34%, list=14%, signal=29%","JUN/ABCC9/HNRNPD/SUCNR1/ADGRV1/CPNE3/PKD2/ITPKB/MICU3/CPNE8/EDN1/IQGAP1/NFATC2/MEF2C/THBS1/BRAF/EEF2K/JUND/JUNB/LGMN/RASGRP2/INHBB/SLC25A12/CRHBP/KCNMB4/CAMK2D/PRKAA1/DUSP1/MEF2A/CPNE2/CALM1/FOS","GO_BP"
"GOBP_POSITIVE_REGULATION_OF_ENDOTHELIAL_CELL_MIGRATION","GOBP_POSITIVE_REGULATION_OF_ENDOTHELIAL_CELL_MIGRATION",100,-0.526366708051323,-1.80395222820739,4.07502995046518e-05,0.00339022735397944,0.0028544584283878,1122,"tags=30%, list=9%, signal=28%","EDN1/FGFR1/ROCK2/TMSB4X/ETS1/KDR/THBS1/AKT3/HIF1A/NFE2L2/MET/TEK/RAC1/PROX1/SP1/LGMN/PIK3CD/SIRT1/ADAM17/HDAC9/RHOJ/GATA3/FLT4/GAB1/NRP2/FOXP1/SASH1/HMOX1/TGFBR3/RHOB","GO_BP"
"GOBP_REGULATION_OF_JNK_CASCADE","GOBP_REGULATION_OF_JNK_CASCADE",120,-0.503631784685503,-1.79037765640921,4.09178197210597e-05,0.00339022735397944,0.0028544584283878,1566,"tags=26%, list=12%, signal=23%","RNF13/FCGR2B/HMGB1/TNFSF11/NR2C2/STK3/CCDC88C/ZMYND11/EDN1/ITCH/PDCD4/RASSF2/PLCB1/PHLPP1/MBIP/MTURN/IGF1R/HIPK2/TNIK/DUSP19/SH3RF1/CCN2/MAP3K5/FLT4/HIPK3/TRIB1/GADD45G/TGFBR3/RGS2/GADD45B/DUSP10","GO_BP"
"GOBP_TISSUE_MORPHOGENESIS","GOBP_TISSUE_MORPHOGENESIS",435,-0.362864060559425,-1.46194093219094,4.31988097969387e-05,0.00351530314722589,0.00295976807725266,2278,"tags=24%, list=18%, signal=21%","ADAMTS5/ZEB2/GREB1/PRKACB/PTEN/ATP7A/SMAD3/PLXND1/ARHGAP12/UBE4B/MYO9A/CYP7B1/TCF21/PHLDB2/ZFPM2/TWSG1/GJA1/BBS7/TGFBR2/CLASP2/ACVRL1/FST/HES1/TEAD2/EPHA2/TCTN1/NUP50/BMP2/FRZB/FOXA1/C1orf54/CSF1R/BMPR1A/HS3ST3B1/NRP1/ALDH1A3/RBM15/RBPJ/IFT57/PKD2/FEM1B/STK3/RASIP1/IGFBP5/RSPO3/DCHS1/EDN1/FGFR1/IGF1/FOXF1/GREB1L/TTC8/BMPR2/PPP3R1/NOTCH4/KDR/ACVR1/HHIP/TGIF1/MEF2C/PTCH1/SOX18/HIF1A/RDH10/DLL4/GCNT1/MET/SNAI2/PROX1/FKBP1A/MYC/S1PR1/PIK3CD/RREB1/SDC4/EFNB2/FZD5/STK4/SETDB2/FERMT2/LMO4/SMAD4/CITED2/SOCS3/TAL1/ADAM17/LHX2/SKI/GATA3/NRP2/ADM/ACTB/NTN4/SPRY2/MTSS1/SPRY1/KDM2B/FOXP1/LIN7C/HEY2/TGFBR3/KLF4/ETV5/PRKAR1A/RHOB/DLC1","GO_BP"
"GOBP_CELL_PROJECTION_MORPHOGENESIS","GOBP_CELL_PROJECTION_MORPHOGENESIS",469,-0.35556289989093,-1.43876022314689,4.55101591374235e-05,0.00363841745946033,0.00306342622448585,2211,"tags=23%, list=17%, signal=20%","PTEN/ATP7A/LGI1/PLXND1/LRRK2/SKIL/MYO9A/SMURF1/SLC11A2/COL25A1/SLC23A2/ETV1/DOCK10/VPS13A/B3GNT2/FGF13/CLASP2/CXCL12/DISC1/RAB21/SEMA5A/IFRD1/VIL1/ADCY10/USP33/ARHGEF7/MYO16/ABI1/TCTN1/SHANK3/BMPR1B/PTK2/SGK1/CSF1R/NRP1/KNDC1/SS18L1/CD2AP/FZD4/EFNA1/PTPRS/LRP4/NOVA2/PAK2/TMEM106B/RPL24/NPTN/NFIB/NDN/UST/EDN1/IQGAP1/ADNP/SEMA4D/NTF3/SIN3A/TTC8/BMPR2/ABI2/WASF1/PTCH1/ROBO4/PDLIM5/PARD6B/PALLD/RAC1/DICER1/OLFM1/SPAG9/BRAF/KANK1/TNIK/RAPH1/EEF2K/PREX2/KALRN/RREB1/PTPRD/SDC2/EFNB2/ZDHHC17/WEE1/LMO4/PPP3CB/GPM6A/SMAD4/APBB2/HECW2/ADAM17/YTHDF1/EPB41L3/LHX2/C9orf72/GATA3/FYN/NRP2/ACTB/PHACTR1/NTN4/WASL/MAP2K1/SIAH1/MEF2A/SEMA6A/NRN1/RERE/PTN/TIAM1/HPRT1/NR4A2","GO_BP"
"GOBP_LEUKOCYTE_DIFFERENTIATION","GOBP_LEUKOCYTE_DIFFERENTIATION",491,-0.350953236179075,-1.43003933158709,4.74461918632826e-05,0.00372779821243067,0.00313868183923167,2011,"tags=23%, list=16%, signal=20%","VPS13A/ATM/FZD8/FNIP1/TMEM64/ARID1B/NPM1/MT1G/TGFBR2/LIG4/STAT5B/CD4/IFT80/JUN/ATF2/EPHA2/LRRK1/RUNX1/BMP2/ZBTB46/LEPR/RSAD2/BCL6/GAB3/NLRP3/CSF1R/TNFSF13B/FCGR2B/HCLS1/LILRB2/JAK1/RBPJ/HMGB1/TNFSF11/IL6ST/IL33/YY1/VAV1/ITPKB/GPR137B/PDE1B/MALT1/GPR65/IKZF1/NFIL3/NF1/FBXW7/HDAC4/AXL/EVI2B/PTGER4/RASSF2/QKI/RC3H1/L3MBTL3/CTSL/UBASH3B/ZMIZ1/GPR183/CAMK4/CCR1/FCER1G/DLL4/SOD1/BRAF/FOXO3/RORA/PDE2A/MYC/JUNB/CR1/PIK3CD/SH3RF1/ZFP36L1/CCL3/FOSL2/FZD5/PPP3CB/NEDD9/FGL2/CITED2/PCK1/LBR/SOCS3/LYN/MAFB/KLF6/TAL1/SIRT1/ADAM17/INPP5D/HDAC9/ZFP36L2/NDFIP1/NFKBIZ/GATA3/VCAM1/ACTB/CBFB/TRIB1/FOXP1/BLNK/IRF8/ID2/CLEC4G/IRF2BP2/PRDM1/EGR1/CEBPB/DUSP10/FOS","GO_BP"
"GOBP_CHAPERONE_MEDIATED_PROTEIN_FOLDING","GOBP_CHAPERONE_MEDIATED_PROTEIN_FOLDING",65,0.621129479993959,1.85573775454274,5.77032325331441e-05,0.00445684119751758,0.00375251173208403,1511,"tags=31%, list=12%, signal=27%","HSPA8/HSP90AB1/CCT4/CCT5/CCT3/CCT7/DNAJC5/DNAJB2/UNC45A/PDCL3/DNAJB1/CCT6A/CCT2/PPID/TCP1/BAG1/DNAJB12/DNAJB5/HSPA5/HSPH1","GO_BP"
"GOBP_CARDIAC_SEPTUM_DEVELOPMENT","GOBP_CARDIAC_SEPTUM_DEVELOPMENT",90,-0.53955459606694,-1.82008014101639,6.87047582333437e-05,0.00513258333228438,0.0043214640856003,2013,"tags=30%, list=16%, signal=25%","ZFPM2/ANK2/TGFBR2/HES1/CNTRL/BMPR1A/NRP1/SAV1/RBM15/RBPJ/FGFRL1/BMPR2/ACVR1/PROX1/ZBTB14/PDE2A/LMO4/CCN1/SMAD4/CITED2/GATA3/GATA6/NRP2/HEY2/ID2/PRDM1/TGFBR3","GO_BP"
"GOBP_EPITHELIAL_TO_MESENCHYMAL_TRANSITION","GOBP_EPITHELIAL_TO_MESENCHYMAL_TRANSITION",135,-0.487565174779366,-1.7560939764875,6.8572346670819e-05,0.00513258333228438,0.0043214640856003,2211,"tags=33%, list=17%, signal=27%","PTEN/SMAD3/KAT8/LRP6/EMP2/HDAC2/TGFBR2/TASOR/ACVRL1/SLC39A10/FOXA2/BMP2/PTK2/FOXA1/LIMS1/RBPJ/EFNA1/EDN1/FGFR1/ROCK2/IGF1/PDCD4/PPP3R1/WWTR1/QKI/NOTCH4/ACVR1/SPRED2/HIF1A/SNAI2/OLFM1/DAB2/FBXO11/FERMT2/SMAD4/GATA3/SPRY2/SPRY1/RFLNB/SPRED1/HEY2/TGFBR3/TCF7L2/TIAM1","GO_BP"
"GOBP_CARDIAC_MUSCLE_CELL_PROLIFERATION","GOBP_CARDIAC_MUSCLE_CELL_PROLIFERATION",38,-0.686033361981241,-1.94460399949373,7.47753621678522e-05,0.00540159039417861,0.00454795906512388,1708,"tags=37%, list=14%, signal=32%","RUNX1/BMPR1A/SAV1/RBPJ/FGFR1/MEF2C/PIM1/JARID2/SKI/GATA6/HEY2/TGFBR3/PRKAR1A/DIPK2A","GO_BP"
"GOBP_CELL_MIGRATION_INVOLVED_IN_SPROUTING_ANGIOGENESIS","GOBP_CELL_MIGRATION_INVOLVED_IN_SPROUTING_ANGIOGENESIS",52,-0.630336158102103,-1.93468237598304,7.58617040218195e-05,0.00540159039417861,0.00454795906512388,866,"tags=27%, list=7%, signal=25%","KDR/THBS1/AKT3/DLL4/EFNB2/MMRN1/HDAC9/RHOJ/SPRED1/CDH5/HMOX1/TGFBR3/KLF4/NR4A1","GO_BP"
"GOBP_OSTEOBLAST_DIFFERENTIATION","GOBP_OSTEOBLAST_DIFFERENTIATION",182,-0.441133902182592,-1.6352912644892,7.41104772940593e-05,0.00540159039417861,0.00454795906512388,1718,"tags=25%, list=14%, signal=22%","EPHA2/BMP2/ATRAID/BMPR1B/PTK2/H3-3B/BMP6/BMPR1A/RANBP3L/IL6ST/ACVR2B/CRIM1/IGFBP5/SMOC1/IGFBP2/IGFBP3/IGF1/NF1/SMAD9/SEMA4D/TMT1A/WWOX/BMPR2/RASSF2/WWTR1/ACVR1/UFL1/MEF2C/PTCH1/SNAI2/JUND/JUNB/ACVR2A/CCL3/FOSL2/HNRNPU/FERMT2/CCN1/SMAD4/PTPRB/SKI/CBFB/TOB1/ID2/CEBPB/CEBPD","GO_BP"
"GOBP_REGULATION_OF_MYELOID_CELL_DIFFERENTIATION","GOBP_REGULATION_OF_MYELOID_CELL_DIFFERENTIATION",161,-0.462405947461494,-1.70036402581057,7.88540051573526e-05,0.00552827233080086,0.0046546210331749,1425,"tags=25%, list=11%, signal=23%","RBM15/HCLS1/HMGB1/TNFSF11/ITPKB/GPR137B/PURB/NF1/FBXW7/EVI2B/GABPA/ETS1/RASSF2/QKI/UBASH3B/MEF2C/CAMK4/CCR1/HIF1A/RCOR1/MEIS2/MTURN/FOXO3/MYC/ACVR2A/ZFP36L1/CCL3/MEIS1/NEDD9/LYN/MAFB/TAL1/INPP5D/NDFIP1/TRIB1/FOXP1/ID2/NFKBIA/ZFP36/CEBPB/FOS","GO_BP"
"GOBP_MUSCLE_STRUCTURE_DEVELOPMENT","GOBP_MUSCLE_STRUCTURE_DEVELOPMENT",491,-0.347763031190916,-1.41704011078331,8.08023563865025e-05,0.00557903542504988,0.00469736186648807,2134,"tags=23%, list=17%, signal=20%","PBRM1/SKIL/UBE4B/KAT8/EID2/CDK9/PAXBP1/ETV1/CDON/SETD3/AVPR1A/TCF21/CD9/ZFPM2/CD164/MEGF10/ARID1B/RIPOR2/ANK2/TMOD1/YBX3/CCNT2/IFRD1/MED28/HES1/TMEM182/NFATC1/ABCC9/BMP2/TMOD3/EDNRB/H3-3B/PPARA/BMPR1A/CXADR/RANBP3L/CFL2/FOXN2/RBPJ/YY1/MBNL3/IGFBP5/MBNL1/FGFRL1/EDN1/IGFBP3/IGF1/FOXP2/NF1/FOXF1/HDAC4/GREB1L/SMTN/PDCD4/BMPR2/NID1/NFATC2/ARID5B/PLCB1/QKI/NOTCH4/ACVR1/FHL1/HDAC1/MEF2C/ERO1A/ZFHX3/DLL4/PDLIM5/CDH2/NR2F2/AKIRIN2/UTRN/PROX1/SPAG9/RORA/FKBP1A/MYC/PIAS1/EPAS1/S1PR1/ZFP36L1/HNRNPU/SLC8A1/EFNB2/MEIS1/PPP3CB/SMAD4/CITED2/BTG1/SIRT1/DISP1/GPCPD1/HDAC9/MAFF/SKI/ZBTB18/MAP3K5/GATA6/ADM/ACTB/FOXP1/PRKAA1/HEY2/ID2/MEF2A/TGFBR3/TCF7L2/PRKAR1A/EGR1/RGS2/BASP1/NR4A1/FOS","GO_BP"
"GOBP_MONONUCLEAR_CELL_DIFFERENTIATION","GOBP_MONONUCLEAR_CELL_DIFFERENTIATION",409,-0.364669276744361,-1.46310001179946,8.22545651963897e-05,0.00559453811343206,0.00471041461336749,2011,"tags=23%, list=16%, signal=20%","VPS13A/ATM/FZD8/FNIP1/ARID1B/NPM1/MT1G/TGFBR2/LIG4/STAT5B/CD4/JUN/ATF2/RUNX1/ZBTB46/LEPR/RSAD2/BCL6/GAB3/NLRP3/CSF1R/TNFSF13B/FCGR2B/HCLS1/LILRB2/JAK1/RBPJ/HMGB1/IL6ST/IL33/YY1/VAV1/ITPKB/PDE1B/MALT1/GPR65/IKZF1/NFIL3/HDAC4/AXL/PTGER4/QKI/RC3H1/L3MBTL3/CTSL/ZMIZ1/GPR183/CAMK4/FCER1G/DLL4/SOD1/BRAF/FOXO3/RORA/PDE2A/MYC/JUNB/CR1/PIK3CD/SH3RF1/ZFP36L1/FOSL2/FZD5/PPP3CB/FGL2/PCK1/SOCS3/LYN/MAFB/KLF6/SIRT1/ADAM17/INPP5D/HDAC9/ZFP36L2/NDFIP1/NFKBIZ/GATA3/VCAM1/ACTB/CBFB/TRIB1/FOXP1/BLNK/IRF8/ID2/CLEC4G/IRF2BP2/PRDM1/EGR1/CEBPB/DUSP10/FOS","GO_BP"
"GOBP_RESPONSE_TO_BACTERIUM","GOBP_RESPONSE_TO_BACTERIUM",455,-0.344633998832538,-1.39260082343618,8.95934861098961e-05,0.00600408112062936,0.00505523617446705,1837,"tags=20%, list=15%, signal=18%","FAU/PDE4B/HCK/CD4/LYST/SNX3/CD160/HMGCS2/VIL1/CCL2/EPHA2/BMP2/PTGER2/EDNRB/C2/PDCD1LG2/RPL30/BMP6/NLRP3/FCGR2B/RASGRP4/LILRB2/LY86/RBPJ/HMGB1/ERBIN/IL33/CD55/TBXA2R/SLC9A9/C5AR1/STAB2/SCIMP/NFIB/MALT1/FCN2/EDN1/GCH1/CA5B/AKAP8/PLAAT3/AXL/TLR6/PDCD4/PLAC8/MEF2C/FCER1G/IL10RA/RAC1/AKIRIN2/TSLP/ADAMTS4/JUND/FOSL2/EFNB2/MPEG1/FZD5/RPL39/PLSCR4/GPM6A/PCK1/CFP/LYN/ABCA1/ADAM17/AKAP12/CARD8/MRC1/ST13/STAB1/PRLR/NFKBIZ/SLC15A2/CDK19/VCAM1/ADM/IRAK3/BNIP3/WASL/TRIB1/SEH1L/FOXP1/CXCL2/SASH1/RAB7A/IRF8/NFKBIA/ZFP36/CEBPB/PELI1/NR4A1/DUSP10/FOS","GO_BP"
"GOBP_OSSIFICATION","GOBP_OSSIFICATION",316,-0.383059697456722,-1.50424451041465,9.25473763573413e-05,0.00611215063855658,0.00514622710636932,1718,"tags=22%, list=14%, signal=19%","EPHA2/RUNX1/BMP2/ATRAID/BMPR1B/PTK2/H3-3B/BMP6/ADGRV1/OSTF1/BMPR1A/RANBP3L/RBPJ/TNFSF11/IL6ST/ACVR2B/LRP4/CRIM1/IGFBP5/NAB1/SMOC1/IGFBP2/DCHS1/SUN1/ADRB2/IGFBP3/IGF1/NF1/SMAD9/SEMA4D/TMT1A/TAPT1/WWOX/BMPR2/RASSF2/WWTR1/ACVR1/UFL1/MEF2C/PTCH1/CCR1/HIF1A/BMP2K/SNAI2/JUND/ENPP1/JUNB/S1PR1/ACVR2A/CCL3/FOSL2/SRGN/HNRNPU/SLC8A1/FERMT2/CCN1/SMAD4/RPL38/PTPRB/CCN2/SKI/CBFB/RFLNB/TOB1/ID2/PTN/CEBPB/CEBPD","GO_BP"
"GOBP_GLYCOLYTIC_PROCESS_THROUGH_FRUCTOSE_6_PHOSPHATE","GOBP_GLYCOLYTIC_PROCESS_THROUGH_FRUCTOSE_6_PHOSPHATE",24,0.758139535701396,1.88679186236857,9.93462844026535e-05,0.00646744311461275,0.00544537152853642,958,"tags=29%, list=8%, signal=27%","ENO1/PFKL/TPI1/ENO3/GCK/GPI/PGK1","GO_BP"
"GOBP_REGULATION_OF_PHOSPHORYLATION","GOBP_REGULATION_OF_PHOSPHORYLATION",370,-0.369424251874897,-1.46749068703063,0.0001097668518976,0.00704517667742765,0.00593180393130841,1816,"tags=23%, list=14%, signal=20%","CD4/CCNT2/SNX9/HES1/ABI1/BMP2/RBL1/DEPTOR/SNX6/PTK2/RAP1A/CSF1R/NRP1/KNDC1/ZBED3/CCNY/EFNA1/VEGFB/PRR5L/RASIP1/PAK2/WDFY2/NPTN/SAMSN1/CEP43/FGFR1/ROCK2/IGFBP3/IGF1/CNKSR3/SEMA4D/RAP2C/TLR6/PDCD4/GRB10/RASSF2/LIMCH1/KDR/RAP2B/ERRFI1/THBS1/PIM1/SYNPO2/RAC1/BRAF/HERC5/TNIK/DIRAS3/PRKCH/TRIB2/LATS1/ACVR2A/HNRNPU/MMD/CCNK/STK4/TERF2IP/LMO4/CDKN1B/NEDD9/LYN/SIRT1/ADAM17/SYAP1/CDKN1C/PRLR/C9orf72/MAP3K5/FLT4/FLT1/SPRY2/HIPK3/TRIB1/MAP2K1/SASH1/PPP1R15B/LCP2/DUSP1/LDB2/LATS2/DIPK2A/PELI2/TCIM/ERN1","GO_BP"
"GOBP_NEGATIVE_REGULATION_OF_CELL_ADHESION","GOBP_NEGATIVE_REGULATION_OF_CELL_ADHESION",234,-0.415906233866281,-1.58204658538287,0.000115218343116702,0.00729236096642796,0.00613992486345585,2047,"tags=28%, list=16%, signal=24%","FBLN1/PDE3B/PTEN/ERBB3/PLXND1/JAK2/CD300A/PHLDB2/CD9/VSIG4/MARCHF7/CD164/SPRY4/TWSG1/RIPOR2/CLASP2/CXCL12/SEMA5A/ACVRL1/RUNX1/BMP2/PTK2/PDCD1LG2/BCL6/BMP6/SOCS6/PPARA/CBLL1/LILRB2/HMGB1/FZD4/TNFRSF21/TNFAIP8L2/PRNP/NF1/SEMA4D/ITCH/RC3H1/NOTCH4/UFL1/LPXN/UBASH3B/THBS1/SNAI2/KANK1/CR1/SDC4/AP1AR/FGL2/ARHGAP6/FAM107A/NDFIP1/IL1RN/CBFB/MAP2K1/ANGPT2/CBLB/CLEC4G/DUSP1/SEMA6A/KLF4/PRKAR1A/CEBPB/PELI1/DLC1","GO_BP"
"GOBP_POSITIVE_REGULATION_OF_PROTEOLYSIS","GOBP_POSITIVE_REGULATION_OF_PROTEOLYSIS",185,0.476733764924518,1.62084623897577,0.000131066865102345,0.00818180416810121,0.00688880639218528,1731,"tags=25%, list=14%, signal=22%","ENO1/USP5/IKBKG/TREM2/TRAF7/VCP/PSMC1/DDRGK1/ANXA2/MMP14/DAB2IP/MTOR/BAK1/BCAP31/CCDC22/PSMC3/NUB1/GABARAP/CSNK1D/DNAJB2/FADD/TRIM32/GRN/RNF185/ANGPTL8/FBXO22/FZR1/PSMC4/PLGRKT/CDC20/CFL1/GBA1/CEBPA/CLN6/KEAP1/SGTA/GPLD1/PSMC6/TF/GSN/PSMC5/AURKAIP1/APOE/PLK1/TRIB3/CHFR/CSNK1E","GO_BP"
"GOBP_CELL_MORPHOGENESIS_INVOLVED_IN_NEURON_DIFFERENTIATION","GOBP_CELL_MORPHOGENESIS_INVOLVED_IN_NEURON_DIFFERENTIATION",415,-0.35864743654679,-1.43466419309478,0.000139764912828377,0.0086068744291745,0.00724670138349123,1896,"tags=23%, list=15%, signal=21%","PTEN/ATP7A/LGI1/PLXND1/LRRK2/SKIL/SMURF1/SLC11A2/COL25A1/ETV1/DOCK10/B3GNT2/FGF13/CLASP2/CXCL12/DISC1/RAB21/SEMA5A/IFRD1/ADCY10/HES1/USP33/ABI1/TCTN1/GPRIN3/SHANK3/BMPR1B/PTK2/CSF1R/NRP1/KNDC1/SS18L1/CD2AP/FZD4/EFNA1/PTPRS/LRP4/NOVA2/PAK2/TMEM106B/RPL24/NPTN/NFIB/NDN/UST/EDN1/ADNP/SEMA4D/SIN3A/TTC8/BMPR2/ABI2/MEF2C/PTCH1/ROBO4/PDLIM5/PARD6B/PALLD/RAC1/OLFM1/SOD1/BRAF/TNIK/RAPH1/EEF2K/PREX2/KALRN/PTPRD/SDC2/EFNB2/ZDHHC17/LMO4/PPP3CB/SMAD4/APBB2/HECW2/ADAM17/YTHDF1/LHX2/C9orf72/GATA3/FYN/NRP2/ACTB/PHACTR1/NTN4/WASL/MAP2K1/ID2/SIAH1/MEF2A/SEMA6A/RERE/PTN/TIAM1/HPRT1/NR4A2","GO_BP"
"GOBP_POSITIVE_REGULATION_OF_VASCULATURE_DEVELOPMENT","GOBP_POSITIVE_REGULATION_OF_VASCULATURE_DEVELOPMENT",134,-0.468029552718563,-1.67820441016876,0.000149878885800197,0.00910664110121997,0.00766748826304165,1904,"tags=27%, list=15%, signal=23%","TGFBR2/JUP/CXCL12/SEMA5A/ACVRL1/RUNX1/NRP1/JAK1/HMGB1/VEGFB/TBXA2R/C5AR1/ETS1/KDR/THBS1/AKT3/HIF1A/NFE2L2/TEK/HIPK2/SP1/PIK3CD/BMPER/BTG1/SIRT1/GATA6/FLT1/GAB1/ADM/CXCR4/ANGPT2/SASH1/CDH5/HMOX1/KLF4/RHOB","GO_BP"
"GOBP_POSITIVE_REGULATION_OF_ORGAN_GROWTH","GOBP_POSITIVE_REGULATION_OF_ORGAN_GROWTH",35,-0.68225113495666,-1.9119154598903,0.000160735143828134,0.00957654694193245,0.00806313331793626,1486,"tags=40%, list=12%, signal=35%","ZFPM2/YBX3/BMPR1A/RBPJ/EDN1/FGFR1/IGF1/MEF2C/PIM1/PROX1/GATA6/HEY2/TGFBR3/BASP1","GO_BP"
"GOBP_CELL_SURFACE_RECEPTOR_PROTEIN_SERINE_THREONINE_KINASE_SIGNALING_PATHWAY","GOBP_CELL_SURFACE_RECEPTOR_PROTEIN_SERINE_THREONINE_KINASE_SIGNALING_PATHWAY",294,-0.390615492428036,-1.51522884066332,0.000161815693335264,0.00957654694193245,0.00806313331793626,2282,"tags=30%, list=18%, signal=25%","APPL2/SORL1/ZEB2/RBPMS/SMAD3/HIVEP1/NREP/HSPA1A/SKIL/SMURF1/EID2/JAK2/PPM1A/TWSG1/HDAC2/TGFBR2/PIAS2/ACVR1C/ACVRL1/FST/HES1/JUN/APPL1/ATF2/BMP2/BMPR1B/PTPRK/SNX6/LEMD3/PTK2/BMP6/PPARA/BMPR1A/NFIA/MTMR4/RBPJ/ACVR2B/GOT1/CRIM1/UBE2D1/SMAD9/SIN3A/GREM2/PDCD4/CTDSPL2/BMPR2/SMURF2/WWTR1/KDR/ACVR1/LPXN/TGIF1/HDAC1/ZMIZ1/SPRED2/THBS1/ERO1A/HIPK2/FKBP1A/NLK/ZNF451/LATS1/ACVR2A/MAGI2/DAB2/INHBB/FERMT2/BMPER/CCN1/SMAD4/CITED2/SIRT1/ADAM17/CDKN1C/SKI/CREBBP/SPRY2/SPRY1/SPRED1/CDH5/TOB1/PBLD/TGFBR3/LATS2/ING1/EGR1/FOS","GO_BP"
"GOBP_ENDOTHELIAL_CELL_CHEMOTAXIS","GOBP_ENDOTHELIAL_CELL_CHEMOTAXIS",24,-0.745262265480523,-1.96682695295702,0.000172809174948946,0.0100960437210557,0.00850053228999877,1802,"tags=46%, list=14%, signal=39%","SEMA5A/NRP1/HMGB1/FGFR1/TMSB4X/KDR/THBS1/MET/LGMN/GAB1/NR4A1","GO_BP"
"GOBP_PROTEIN_LOCALIZATION_TO_NUCLEOPLASM","GOBP_PROTEIN_LOCALIZATION_TO_NUCLEOPLASM",14,0.842639970361724,1.84382022109166,0.000183193136965696,0.0104815208232119,0.00882509116122269,1407,"tags=64%, list=11%, signal=57%","CCT4/CCT5/CCT3/CCT7/CCT6A/CCT2/WRAP53/TCP1/MEPCE","GO_BP"
"GOBP_REGULATION_OF_DEVELOPMENTAL_GROWTH","GOBP_REGULATION_OF_DEVELOPMENTAL_GROWTH",218,-0.418577935011494,-1.57004018349862,0.00018400738772371,0.0104815208232119,0.00882509116122269,1896,"tags=28%, list=15%, signal=25%","FGF13/YBX3/CLASP2/STAT5B/CXCL12/DISC1/RAB21/SEMA5A/IFRD1/VIL1/ADCY10/PDZD11/PIK3CA/RUNX1/PPARA/BMPR1A/NRP1/SAV1/PUM2/RBPJ/PTPRS/YY1/STK3/EDN1/ADNP/FGFR1/ADRB2/IGF1/SEMA4D/SIN3A/WWC3/BMPR2/PLAC8/PLCB1/MEF2C/PTCH1/DUSP6/PIM1/OLFM1/SOD1/PROX1/SPAG9/INSR/LGMN/LATS1/FOSL2/JARID2/STK4/GNAS/NPY1R/CDKN1B/FXN/GATA6/FOXP1/LIN7C/HEY2/TGFBR3/LATS2/SOCS2/RGS2/BASP1/DUSP10","GO_BP"
"GOBP_POSITIVE_REGULATION_OF_HEART_GROWTH","GOBP_POSITIVE_REGULATION_OF_HEART_GROWTH",27,-0.735187657630109,-1.97432744098154,0.000191935111698667,0.0106664427318394,0.008980789244437,1486,"tags=44%, list=12%, signal=39%","BMPR1A/RBPJ/EDN1/FGFR1/IGF1/MEF2C/PIM1/PROX1/GATA6/HEY2/TGFBR3/BASP1","GO_BP"
"GOBP_POSITIVE_REGULATION_OF_ENDOTHELIAL_CELL_PROLIFERATION","GOBP_POSITIVE_REGULATION_OF_ENDOTHELIAL_CELL_PROLIFERATION",72,-0.552220567106135,-1.80221554763349,0.000190196232815839,0.0106664427318394,0.008980789244437,2125,"tags=39%, list=17%, signal=33%","ARNT/HMGB2/PPP1R16B/CXCL12/SEMA5A/ACVRL1/JUN/BMP6/NRP1/HMGB1/VEGFB/RICTOR/FGFR1/NF1/KDR/AKT3/HIF1A/TEK/PROX1/SP1/AGTR1/PIK3CD/SIRT1/ADAM17/FLT4/NRP2/HMOX1/NR4A1","GO_BP"
"GOBP_REGULATION_OF_NUCLEAR_TRANSCRIBED_MRNA_CATABOLIC_PROCESS_DEADENYLATION_DEPENDENT_DECAY","GOBP_REGULATION_OF_NUCLEAR_TRANSCRIBED_MRNA_CATABOLIC_PROCESS_DEADENYLATION_DEPENDENT_DECAY",22,-0.778789946095207,-2.03319893549126,0.000194556885372466,0.0106818762246063,0.00899378373091487,870,"tags=41%, list=7%, signal=38%","RC3H1/TNRC6C/TENT4A/ZFP36L1/HNRNPU/ZFP36L2/TOB1/ZFP36/CPEB3","GO_BP"
"GOBP_POSITIVE_REGULATION_OF_PROTEIN_LOCALIZATION_TO_CAJAL_BODY","GOBP_POSITIVE_REGULATION_OF_PROTEIN_LOCALIZATION_TO_CAJAL_BODY",10,0.883856902731907,1.79980918991139,0.000205416894120963,0.0111438665060622,0.00938276414875827,1407,"tags=80%, list=11%, signal=71%","CCT4/CCT5/CCT3/CCT7/CCT6A/CCT2/TCP1/MEPCE","GO_BP"
"GOBP_MORPHOGENESIS_OF_A_BRANCHING_STRUCTURE","GOBP_MORPHOGENESIS_OF_A_BRANCHING_STRUCTURE",143,-0.459944904873952,-1.67124184958514,0.000212162925203966,0.011274811885853,0.00949301579384734,1718,"tags=27%, list=14%, signal=24%","EPHA2/BMP2/FOXA1/HS3ST3B1/NRP1/RBM15/PKD2/FEM1B/RASIP1/RSPO3/DCHS1/EDN1/FGFR1/IGF1/FOXF1/GREB1L/PPP3R1/NOTCH4/KDR/ACVR1/HHIP/PTCH1/RDH10/DLL4/MET/SNAI2/PROX1/MYC/FZD5/STK4/SMAD4/SOCS3/ADM/NTN4/SPRY2/SPRY1/RERE/PRDM1/ETV5","GO_BP"
"GOBP_REGULATION_OF_TRANSMEMBRANE_RECEPTOR_PROTEIN_SERINE_THREONINE_KINASE_SIGNALING_PATHWAY","GOBP_REGULATION_OF_TRANSMEMBRANE_RECEPTOR_PROTEIN_SERINE_THREONINE_KINASE_SIGNALING_PATHWAY",211,-0.40748727802422,-1.52847846154442,0.000212778982265385,0.011274811885853,0.00949301579384734,2191,"tags=29%, list=17%, signal=24%","SMAD3/NREP/HSPA1A/SKIL/SMURF1/EID2/JAK2/PPM1A/TWSG1/HDAC2/TGFBR2/ACVRL1/FST/HES1/BMP2/SNX6/LEMD3/BMP6/PPARA/BMPR1A/MTMR4/RBPJ/ACVR2B/GOT1/CRIM1/UBE2D1/SIN3A/GREM2/CTDSPL2/BMPR2/SMURF2/KDR/ACVR1/HDAC1/SPRED2/THBS1/HIPK2/FKBP1A/ZNF451/LATS1/ACVR2A/MAGI2/DAB2/BMPER/CCN1/SMAD4/CITED2/SIRT1/ADAM17/CDKN1C/SKI/CREBBP/SPRY2/SPRY1/SPRED1/CDH5/TOB1/PBLD/TGFBR3/LATS2/ING1","GO_BP"
"GOBP_POSITIVE_REGULATION_OF_OSTEOBLAST_DIFFERENTIATION","GOBP_POSITIVE_REGULATION_OF_OSTEOBLAST_DIFFERENTIATION",52,-0.610870492751222,-1.87493666854255,0.000218894522938144,0.0113352538753309,0.00954390593432459,1690,"tags=35%, list=13%, signal=30%","BMP2/ATRAID/BMPR1B/BMP6/BMPR1A/IL6ST/ACVR2B/IGF1/BMPR2/WWTR1/ACVR1/MEF2C/JUND/ACVR2A/FERMT2/CCN1/CEBPB/CEBPD","GO_BP"
"GOBP_POSITIVE_REGULATION_OF_MAPK_CASCADE","GOBP_POSITIVE_REGULATION_OF_MAPK_CASCADE",330,-0.375307088541417,-1.47415791904933,0.000217185607664174,0.0113352538753309,0.00954390593432459,1566,"tags=21%, list=12%, signal=19%","RNF13/RAP1A/CSF1R/FCGR2B/DSC2/NRP1/HMGB1/TNFSF11/EFNA1/NR2C2/VEGFB/STK3/SLC30A10/PDE8A/RAMP3/C5AR1/CCDC88C/MARCO/SCIMP/PDGFC/EDN1/IQGAP1/FGFR1/ADRB2/ROCK2/IGFBP3/IGF1/FBXW7/NTF3/TLR6/RASSF2/PLCB1/KDR/MEF2C/THBS1/MBIP/GPR183/CCR1/MTURN/TEK/CDH2/IGF1R/SOD1/HIPK2/SPAG9/BRAF/INSR/TNIK/DUSP19/RAP1B/SH3RF1/CCL3/FERMT2/BMPER/LYN/GAREM1/AKAP12/CCN2/MAP3K5/FLT4/FLT1/SPRY2/MAP2K1/PRXL2C/SASH1/GADD45G/GADD45B/PELI2/ERN1","GO_BP"
"GOBP_ARTERY_MORPHOGENESIS","GOBP_ARTERY_MORPHOGENESIS",58,-0.584438113029732,-1.83928040437014,0.000223178220907661,0.0114272264345642,0.00962134376355323,1904,"tags=34%, list=15%, signal=29%","TGFBR2/ACVRL1/HES1/BMPR1A/NRP1/RBPJ/PKD2/EDN1/NF1/FOXF1/BMPR2/ZMIZ1/AKT3/DLL4/PROX1/ADGRF5/EFNB2/CITED2/HEY2/PRDM1","GO_BP"
"GOBP_MESENCHYME_MORPHOGENESIS","GOBP_MESENCHYME_MORPHOGENESIS",45,-0.627143082092102,-1.88093263445822,0.00023559673529508,0.0117872949643428,0.00992450946375838,2816,"tags=47%, list=22%, signal=36%","TAF10/MDM4/TMEM100/HEY1/ROBO1/ENG/ADAMTS5/SMAD3/TGFBR2/ACVRL1/BMP2/BMPR1A/RBPJ/DCHS1/FGFR1/FOXF1/ACVR1/SNAI2/MYC/SMAD4/HEY2","GO_BP"
"GOBP_CELLULAR_RESPONSE_TO_CALCIUM_ION","GOBP_CELLULAR_RESPONSE_TO_CALCIUM_ION",55,-0.594202768090123,-1.85434956708748,0.000235972163324849,0.0117872949643428,0.00992450946375838,1776,"tags=45%, list=14%, signal=39%","JUN/ABCC9/ADGRV1/CPNE3/PKD2/ITPKB/MICU3/CPNE8/EDN1/IQGAP1/NFATC2/MEF2C/BRAF/EEF2K/JUND/JUNB/LGMN/RASGRP2/INHBB/CRHBP/CAMK2D/PRKAA1/MEF2A/CPNE2/FOS","GO_BP"
"GOBP_POSITIVE_REGULATION_OF_MRNA_CATABOLIC_PROCESS","GOBP_POSITIVE_REGULATION_OF_MRNA_CATABOLIC_PROCESS",91,-0.514869773216667,-1.74817871495733,0.000237970405248966,0.0117872949643428,0.00992450946375838,1374,"tags=22%, list=11%, signal=20%","PUM2/PRR5L/ROCK2/CELF1/AGO4/QKI/RC3H1/TNRC6C/TENT4A/CNOT6/PAN3/ZFP36L1/HNRNPU/YTHDF1/CNOT6L/ZFP36L2/TUT7/TOB1/ZFP36/CPEB3","GO_BP"
"GOBP_REGULATION_OF_T_CELL_ACTIVATION","GOBP_REGULATION_OF_T_CELL_ACTIVATION",306,-0.378886625925401,-1.48475577616786,0.0002490164508608,0.0122018060921792,0.0102735140168377,2139,"tags=25%, list=17%, signal=21%","SELENOK/PBRM1/YES1/TNFRSF1B/JAK2/CD300A/VSIG4/MARCHF7/TWSG1/ARID1B/RIPOR2/TGFBR2/STAT5B/CD4/CD160/HES1/CCL2/RUNX1/ABL2/PDCD1LG2/BCL6/SOCS6/NCK2/NLRP3/TNFSF13B/CD209/LILRB2/HMGB1/TNFSF11/IL6ST/CD55/VAV1/ITPKB/EBI3/TNFRSF21/TNFAIP8L2/MALT1/IGFBP2/PRNP/GPR65/AIF1/IGF1/ITCH/RC3H1/UFL1/ZMIZ1/NR5A2/CAMK4/SOD1/BRAF/FOXO3/JUNB/CR1/PIK3CD/SH3RF1/SDC4/EFNB2/FGL2/PCK1/LYN/NDFIP1/NFKBIZ/GATA3/FYN/VCAM1/ACTB/CBFB/PRKAA1/CBLB/CLEC4G/MAP3K8/PRDM1/PRKAR1A/CEBPB/PELI1/DUSP10","GO_BP"
"GOBP_GLYCOLYTIC_PROCESS_THROUGH_GLUCOSE_6_PHOSPHATE","GOBP_GLYCOLYTIC_PROCESS_THROUGH_GLUCOSE_6_PHOSPHATE",21,0.765933160950139,1.85357778446909,0.000272743208832603,0.0125682085261514,0.010582012653251,958,"tags=33%, list=8%, signal=31%","ENO1/PFKL/TPI1/ENO3/GCK/GPI/PGK1","GO_BP"
"GOBP_REGULATION_OF_TELOMERASE_RNA_LOCALIZATION_TO_CAJAL_BODY","GOBP_REGULATION_OF_TELOMERASE_RNA_LOCALIZATION_TO_CAJAL_BODY",12,0.858753234291939,1.81025250514569,0.000262178353835512,0.0125682085261514,0.010582012653251,1228,"tags=67%, list=10%, signal=60%","PARN/CCT4/CCT5/CCT3/CCT7/CCT6A/CCT2/TCP1","GO_BP"
"GOBP_REGULATION_OF_MYELOID_LEUKOCYTE_DIFFERENTIATION","GOBP_REGULATION_OF_MYELOID_LEUKOCYTE_DIFFERENTIATION",92,-0.51262162448871,-1.75020626123208,0.000273042054880181,0.0125682085261514,0.010582012653251,1420,"tags=27%, list=11%, signal=24%","HCLS1/TNFSF11/GPR137B/NF1/FBXW7/EVI2B/RASSF2/QKI/UBASH3B/CAMK4/CCR1/MYC/ZFP36L1/CCL3/NEDD9/LYN/MAFB/TAL1/INPP5D/NDFIP1/TRIB1/FOXP1/ID2/CEBPB/FOS","GO_BP"
"GOBP_GOLGI_VESICLE_TRANSPORT","GOBP_GOLGI_VESICLE_TRANSPORT",290,0.429883765045283,1.52762608111227,0.000272052957537407,0.0125682085261514,0.010582012653251,2223,"tags=25%, list=18%, signal=21%","TEX261/YKT6/KRT18/SURF4/VCP/SNX12/GOSR2/YIF1B/SEC24C/P4HB/BCAP31/SCAMP2/ERGIC1/CCDC22/RABIF/NRBP1/SCYL1/SCAMP3/OPTN/RER1/NAPA/CSNK1D/PEF1/LMAN2/COG4/YIF1A/ARFRP1/KIF1C/LAMP1/RAB7B/NBAS/GOLGA4/TMED9/ATP9A/ANXA13/HYOU1/STEEP1/PKDCC/COG8/AP3S2/CCDC93/ERGIC3/DNM2/TRAPPC10/LMF1/SNX1/AP2A1/AP3D1/BET1L/STX5/RAB1B/TMEM115/TRAPPC3/COG2/ZW10/GBF1/PREB/ANKFY1/TMED1/STX18/VPS35L/RAB29/WIPI1/NSF/TBC1D14/VTI1A/VPS51/TRAPPC6A/COPZ1/SCAP/RAB26/COPB2/LLGL1","GO_BP"
"GOBP_MORPHOGENESIS_OF_AN_EPITHELIUM","GOBP_MORPHOGENESIS_OF_AN_EPITHELIUM",364,-0.359352155119192,-1.4285418624182,0.00026759692628952,0.0125682085261514,0.010582012653251,1798,"tags=25%, list=14%, signal=22%","ZEB2/GREB1/PRKACB/PTEN/ATP7A/SMAD3/PLXND1/ARHGAP12/MYO9A/CYP7B1/TCF21/PHLDB2/GJA1/BBS7/TGFBR2/CLASP2/ACVRL1/FST/HES1/TEAD2/EPHA2/TCTN1/NUP50/BMP2/FRZB/FOXA1/C1orf54/CSF1R/HS3ST3B1/NRP1/ALDH1A3/RBM15/RBPJ/IFT57/PKD2/FEM1B/STK3/RASIP1/IGFBP5/RSPO3/DCHS1/EDN1/FGFR1/IGF1/FOXF1/GREB1L/TTC8/PPP3R1/NOTCH4/KDR/ACVR1/HHIP/TGIF1/MEF2C/PTCH1/SOX18/HIF1A/RDH10/DLL4/MET/SNAI2/PROX1/MYC/PIK3CD/RREB1/SDC4/EFNB2/FZD5/STK4/SETDB2/FERMT2/LMO4/SMAD4/CITED2/SOCS3/ADAM17/LHX2/SKI/GATA3/ADM/ACTB/NTN4/SPRY2/MTSS1/SPRY1/KDM2B/FOXP1/LIN7C/KLF4/ETV5/RHOB/DLC1","GO_BP"
"GOBP_REGULATION_OF_LYMPHOCYTE_ACTIVATION","GOBP_REGULATION_OF_LYMPHOCYTE_ACTIVATION",404,-0.354923662681418,-1.42072460483166,0.000271364736374649,0.0125682085261514,0.010582012653251,2053,"tags=25%, list=16%, signal=21%","TNFRSF1B/JAK2/CD300A/VSIG4/ATM/MARCHF7/TWSG1/ARID1B/RIPOR2/RIF1/TNFAIP3/BLOC1S6/TGFBR2/STAT5B/CLEC7A/CD4/CD160/SLC39A10/HES1/CCL2/RUNX1/LST1/ABL2/PDCD1LG2/BCL6/SOCS6/NCK2/NLRP3/TNFSF13B/FCGR2B/CD209/LILRB2/FCGR3A/HMGB1/TNFSF11/IL6ST/CD55/VAV1/ITPKB/EBI3/RASSF5/TNFRSF21/TNFAIP8L2/MALT1/SAMSN1/IGFBP2/PRNP/GPR65/AIF1/IGF1/ITCH/AXL/NFATC2/RC3H1/UFL1/MEF2C/ZMIZ1/GPR183/NR5A2/CAMK4/VAV3/AKIRIN2/SOD1/BRAF/FOXO3/EXOSC6/JUNB/CR1/PIK3CD/SH3RF1/ZFP36L1/SDC4/EFNB2/NEDD9/FGL2/PCK1/LYN/CD38/INPP5D/ZFP36L2/NDFIP1/THEMIS2/PRLR/NFKBIZ/GATA3/FYN/VCAM1/ACTB/CBFB/PRKAA1/CBLB/ID2/CLEC4G/MAP3K8/PRDM1/PRKAR1A/CEBPB/PELI1/IRS2/DUSP10","GO_BP"
"GOBP_POSITIVE_REGULATION_OF_EPITHELIAL_CELL_PROLIFERATION","GOBP_POSITIVE_REGULATION_OF_EPITHELIAL_CELL_PROLIFERATION",140,-0.464607582802562,-1.67515798287122,0.000284986630129256,0.0128942572121728,0.0108565347789682,2167,"tags=30%, list=17%, signal=25%","ERBB3/ARNT/HMGB2/CYP7B1/PPP1R16B/TNFAIP3/CXCL12/SEMA5A/ACVRL1/JUN/BMP6/BMPR1A/NRP1/RBPJ/HMGB1/VEGFB/RICTOR/C5AR1/FGFR1/IGF1/FOXP2/NF1/KDR/B4GALT1/AKT3/HIF1A/TEK/PROX1/SP1/MYC/AGTR1/PIK3CD/RREB1/SIRT1/ADAM17/FLT4/NRP2/HMOX1/PTN/TCF7L2/NR4A1/IRS2","GO_BP"
"GOBP_REGULATION_OF_LEUKOCYTE_DIFFERENTIATION","GOBP_REGULATION_OF_LEUKOCYTE_DIFFERENTIATION",259,-0.391830606402548,-1.49955055038489,0.000285784502617831,0.0128942572121728,0.0108565347789682,1540,"tags=20%, list=12%, signal=18%","BCL6/NLRP3/FCGR2B/HCLS1/LILRB2/HMGB1/TNFSF11/ITPKB/GPR137B/MALT1/GPR65/NF1/FBXW7/AXL/EVI2B/RASSF2/QKI/RC3H1/UBASH3B/ZMIZ1/CAMK4/CCR1/SOD1/BRAF/FOXO3/MYC/JUNB/CR1/SH3RF1/ZFP36L1/CCL3/NEDD9/FGL2/PCK1/LYN/MAFB/TAL1/INPP5D/ZFP36L2/NDFIP1/NFKBIZ/GATA3/ACTB/CBFB/TRIB1/FOXP1/ID2/CLEC4G/PRDM1/CEBPB/DUSP10/FOS","GO_BP"
"GOBP_MUSCLE_ORGAN_DEVELOPMENT","GOBP_MUSCLE_ORGAN_DEVELOPMENT",229,-0.401144139009329,-1.51958896616495,0.000291332612598078,0.0130157128981318,0.010958796418163,2191,"tags=25%, list=17%, signal=21%","SMAD3/ERBB3/SKIL/UBE4B/KAT8/EID2/PAXBP1/ETV1/CDON/TCF21/ZFPM2/CD164/MEGF10/RIPOR2/YBX3/CCNT2/TMEM182/ABCC9/BMP2/BMPR1A/CFL2/FOXN2/RBPJ/FGFRL1/IGF1/FOXP2/NF1/SMTN/ARID5B/FHL1/MEF2C/ERO1A/ZFHX3/DLL4/NR2F2/UTRN/PROX1/FKBP1A/MYC/S1PR1/PPP3CB/SMAD4/CITED2/SIRT1/DISP1/GPCPD1/HDAC9/MAFF/SKI/ZBTB18/PRKAA1/HEY2/MEF2A/TGFBR3/EGR1/BASP1/NR4A1/FOS","GO_BP"
"GOBP_HEART_VALVE_DEVELOPMENT","GOBP_HEART_VALVE_DEVELOPMENT",62,-0.560238798285347,-1.79231035782098,0.00031110104350694,0.0136710343903225,0.0115105552712947,2519,"tags=44%, list=20%, signal=35%","TIE1/ROBO1/ELN/ADAMTS5/TNFRSF1B/TGFBR2/NFATC1/BMP2/BMPR1A/RBPJ/EFNA1/FGFRL1/DCHS1/ROCK2/BMPR2/ACVR1/MEF2C/DLL4/SNAI2/OLFM1/ZBTB14/PDE2A/CCN1/SMAD4/GATA3/HEY2/PRDM1","GO_BP"
"GOBP_MESODERM_DEVELOPMENT","GOBP_MESODERM_DEVELOPMENT",83,-0.52409277838013,-1.755533301378,0.000320225240424186,0.0136710343903225,0.0115105552712947,2191,"tags=33%, list=17%, signal=27%","SMAD3/SSBP3/JAK2/ZFPM2/TWSG1/GJA1/HCK/TEAD2/EPHA2/RPS6KA6/BMPR1A/ACVR2B/IKZF1/FGFR1/FOXF1/BMPR2/ACVR1/ACVR2A/ZFP36L1/SMAD4/CITED2/TAL1/RPL38/LHX2/ETS2/KLF4/PRKAR1A","GO_BP"
"GOBP_TRNA_METABOLIC_PROCESS","GOBP_TRNA_METABOLIC_PROCESS",194,0.461319471328461,1.57013032591609,0.00031729669722724,0.0136710343903225,0.0115105552712947,2534,"tags=28%, list=20%, signal=23%","RTCB/MARS1/ELAC2/YARS1/VARS1/EPRS1/QARS1/TRMU/POLR2E/TRMT12/PARS2/ADAT1/CARS1/URM1/RNH1/SARS1/CTU2/EARS2/AARS1/NAT10/TRMT44/CLP1/POLR2L/POP4/DPH3/CDK5RAP1/DUS3L/METTL2A/GARS1/FARSA/MARS2/TRUB2/DDX1/PUSL1/WDR4/IARS1/METTL6/POLR3A/HARS2/DUS2/TRMT10C/FARS2/GTF3C1/ELP1/TRMT61A/PUS1/TYW1/DTD1/GATC/AKT1/LARS2/VARS2/SARS2/METTL8","GO_BP"
"GOBP_REGULATION_OF_CELLULAR_RESPONSE_TO_GROWTH_FACTOR_STIMULUS","GOBP_REGULATION_OF_CELLULAR_RESPONSE_TO_GROWTH_FACTOR_STIMULUS",247,-0.397510234758089,-1.51759604988481,0.000321000807497148,0.0136710343903225,0.0115105552712947,2385,"tags=30%, list=19%, signal=25%","ENG/CHST11/VEGFC/JCAD/SORL1/ZEB2/DMD/SMAD3/NREP/HSPA1A/SKIL/ARNT/SMURF1/EID2/PPM1A/SPRY4/TWSG1/HDAC2/ACVRL1/FST/HES1/BMP2/SNX6/LEMD3/PPARA/NRP1/MTMR4/RBPJ/FZD4/VEGFB/GOT1/CRIM1/NPTN/UBE2D1/SIN3A/GREM2/CTDSPL2/GRB10/WASF1/SMURF2/KDR/HHIP/HDAC1/SPRED2/THBS1/HIF1A/NR2F2/PROX1/HIPK2/FKBP1A/ZNF451/LATS1/MMRN1/ZDHHC17/BMPER/CCN1/SMAD4/CITED2/SIRT1/ADAM17/CDKN1C/SKI/GATA3/CREBBP/SPRY2/SPRY1/SPRED1/CDH5/TOB1/SEMA6A/PBLD/TGFBR3/LATS2/ING1","GO_BP"
"GOBP_GLAND_DEVELOPMENT","GOBP_GLAND_DEVELOPMENT",319,-0.360196039844181,-1.40702410368498,0.000320734562984399,0.0136710343903225,0.0115105552712947,2047,"tags=26%, list=16%, signal=22%","JAK2/TCF21/ATM/TWSG1/ARF6/TNFAIP3/TUBB1/TGFBR2/STAT5B/HMGCS2/HES1/JUN/ATF2/EPHA2/HNRNPD/PIK3CA/BMP2/FRZB/FOXA1/RAP1A/MAN2A1/CSF1R/BMPR1A/NRP1/ALDH1A3/UPRT/CD2AP/EAF2/RBPJ/TNFSF11/PKD2/FEM1B/IGFBP5/PLAG1/NFIB/EDN1/FGFR1/IGF1/NF1/FBXW7/FOXF1/EDA/GUCD1/ARID5B/NOTCH4/ERRFI1/NR5A2/PTCH1/RCBTB2/HIF1A/MET/SNAI2/SOD1/PROX1/HIPK2/BRAF/INSR/SRD5A1/LATS1/RREB1/JARID2/INHBB/LMO4/CDKN1B/CDO1/SMAD4/PHF2/CITED2/PCK1/MAFB/CDKN1C/PRLR/GATA3/GATA6/NTN4/MAP2K1/ID2/PTN/TGFBR3/ETV5/SOCS2/CEBPB/IRS2","GO_BP"
"GOBP_DNA_BIOSYNTHETIC_PROCESS","GOBP_DNA_BIOSYNTHETIC_PROCESS",144,0.492496997375182,1.63110982032883,0.000335309173489048,0.0141481842924962,0.0119122995844793,1635,"tags=28%, list=13%, signal=25%","TYMS/CHTF8/HSP90AB1/CDKN1A/VCP/TINF2/NIBAN2/PDGFA/PARN/CCT4/PHB1/CCT5/TK1/CCT3/PCNA/POLE3/CCT7/SMG5/POLD4/TNKS1BP1/HSP90AA1/PARP10/POLD1/NAT10/RRM1/CCT6A/CCT2/RFC2/MAD2L2/RFC4/WRAP53/TCP1/SPHK1/NHP2/RPA1/POLDIP2/PINX1/DTL/SMG6/GNL3L/POLG","GO_BP"
"GOBP_ERYTHROCYTE_HOMEOSTASIS","GOBP_ERYTHROCYTE_HOMEOSTASIS",136,-0.456338131862243,-1.64380458546406,0.000353315618931138,0.0146369025042654,0.0123237840287464,2141,"tags=33%, list=17%, signal=28%","HSPA1A/SFXN1/ARNT/HMGB2/SLC11A2/JAK2/VPS13A/SLC25A40/STAT5B/HOXB6/BRD1/TMOD3/BCL6/HSCB/HCLS1/PTBP3/CDIN1/IKZF1/TMEM14C/AXL/ETS1/L3MBTL3/UFL1/HIF1A/RCOR1/RAC1/HIPK2/FOXO3/KLF2/ADGRF5/EPAS1/ACVR2A/ZFP36L1/HNRNPU/CITED2/LYN/MAFB/TAL1/INPP5D/GATA3/BBIP1/ID2/HMOX1/TGFBR3/ZFP36","GO_BP"
"GOBP_WNT_SIGNALING_PATHWAY","GOBP_WNT_SIGNALING_PATHWAY",355,-0.357355317004235,-1.41323201105545,0.000353195662166954,0.0146369025042654,0.0123237840287464,2208,"tags=27%, list=17%, signal=23%","MDFIC/SMAD3/RECK/PLPP3/LRRK2/TLR2/SPIN4/SMURF1/USP34/LRP6/CRBN/PPM1A/FZD8/TMEM64/TNFAIP3/MCC/JUP/DISC1/VPS4B/IFT80/SNX3/SEMA5A/IFRD1/LRRK1/BMP2/RNF138/PPM1B/FRZB/SPIN1/EDNRB/MLLT3/TMEM67/AMOTL1/TLE3/ZBED3/CCNY/RBPJ/FZD4/PKD2/LRP4/DAAM2/STK3/RBMS3/CCDC88C/RSPO3/IGFBP2/EDN1/ADNP/TLE4/PRICKLE2/EDA/CSNK1G3/WWOX/GRB10/SMURF2/WWTR1/LRRFIP2/HDAC1/DAAM1/STRN/CDH2/RAC1/SNAI2/ZRANB1/FOXO3/KANK1/TNIK/NLK/MYC/CXXC4/LATS1/RAB5A/TNKS2/MAGI2/DAB2/FZD5/STK4/FERMT2/SMAD4/TLE1/SKI/GATA3/BBIP1/TCF7L1/PRKAA1/TBL1XR1/FOXO1/SIAH1/IGFBP1/MBD2/TCF7L2/KLF4/TIAM1/LATS2/EGR1/NR4A2","GO_BP"
"GOBP_T_CELL_ACTIVATION","GOBP_T_CELL_ACTIVATION",458,-0.341196803933515,-1.37884172233063,0.000371523211251664,0.0152525339970616,0.012842125225342,2053,"tags=22%, list=16%, signal=19%","TNFRSF1B/JAK2/CD300A/VSIG4/MARCHF7/FZD8/TWSG1/ARID1B/RIPOR2/TGFBR2/LIG4/STAT5B/CLEC7A/CD4/CD160/HES1/CCL2/ATF2/RUNX1/LEPR/RSAD2/ABL2/PDCD1LG2/BCL6/SOCS6/NCK2/NLRP3/TNFSF13B/FCGR2B/CXADR/CD209/LILRB2/JAK1/HMGB1/TNFSF11/IL6ST/CD55/VAV1/ITPKB/EBI3/TNFRSF21/TNFAIP8L2/MALT1/IGFBP2/PRNP/KLRF1/GPR65/AIF1/IGF1/ITCH/PTGER4/RC3H1/UFL1/CTSL/ZMIZ1/GPR183/NR5A2/CAMK4/CLEC2B/FCER1G/DLL4/SOD1/BRAF/FOXO3/RORA/FKBP1A/MYC/JUNB/CR1/PIK3CD/SH3RF1/ZFP36L1/FOSL2/SDC4/EFNB2/FZD5/PPP3CB/FGL2/PCK1/SOCS3/LYN/MAFB/ADAM17/ZFP36L2/NDFIP1/NFKBIZ/GATA3/FYN/VCAM1/ACTB/CBFB/FOXP1/PRKAA1/CBLB/CLEC4G/MAP3K8/PRDM1/PRKAR1A/EGR1/CEBPB/PELI1/DUSP10","GO_BP"
"GOBP_BEHAVIOR","GOBP_BEHAVIOR",411,-0.358877634145012,-1.4389851579552,0.000377303004792181,0.0153515160074819,0.0129254647788299,2130,"tags=24%, list=17%, signal=21%","TLR2/SLC11A2/RMI1/NCOA2/ETV1/CRBN/AVPR1A/VPS13A/DMRTA1/HDAC2/CFAP20/PJA2/BLOC1S6/TMOD1/FGF13/KCNJ10/CXCL12/TMEM18/FOXA2/GPRIN3/SHANK3/SLC1A1/GATM/RNF180/LEPR/EDNRB/CREBRF/ABL2/SGK1/PPARA/TMBIM4/ABAT/ALDH1A3/LILRB2/FZD4/PER3/PEX13/PDE1B/ATXN3/CAMK2N1/PRNP/FMC1/ADNP/FOXP2/NF1/SYNJ1/CFAP69/SCN9A/PLCB1/MEF2C/LPAR5/THBS1/ZFHX3/CAMK4/STRN/HIF1A/MEIS2/HPGDS/SLC18A2/SOD1/DACH1/BCHE/HIPK2/BRAF/INSR/UBR3/PIAS1/LGMN/PREX2/ACVR2A/CCL3/PBX3/MEIS1/SLC16A1/NPY1R/C3orf70/PPP3CB/NEDD9/ATP1B2/TAL1/YTHDF1/FYN/FXN/BBIP1/KCNAB1/CRHBP/PRKAR2B/PRKAA1/ATP8A1/ID2/PTN/MBD2/PFKFB3/ETV5/CPEB3/EGR1/HPRT1/CEBPB/NR4A2/FOS","GO_BP"
"GOBP_RIBONUCLEOPROTEIN_COMPLEX_BIOGENESIS","GOBP_RIBONUCLEOPROTEIN_COMPLEX_BIOGENESIS",441,0.389568931346326,1.42157491614023,0.000382486017100077,0.0154246794683633,0.0129870659741945,2840,"tags=32%, list=22%, signal=26%","EIF3C/NOP9/HSP90AB1/PES1/RPL7L1/MRPS7/UTP14A/TSSC4/RUVBL1/FTSJ3/EFL1/UTP3/CD2BP2/WDR46/MPV17L2/ERCC2/EIF3B/PRMT5/ABCF1/NOL6/FCF1/RRP1/AAR2/TBL3/SF3A3/MRM2/HSP90AA1/SF3B3/PRPF6/EIF3G/DHX30/PNO1/DDX23/LAS1L/NOB1/TSR1/GNL2/AIRIM/NOC2L/NAT10/NOP2/AATF/CLP1/DDX49/NOP56/REXO5/POP4/EIF2S2/PDCD11/GRWD1/TSR3/NOP14/EIF3K/RCC1L/PAK1IP1/SLX9/BYSL/NLE1/REXO4/DHX29/XRN2/TARBP2/NSUN4/NUDT16/RPUSD1/RRP36/ESF1/SURF6/DDX54/EIF3A/NHP2/DDX1/RRP9/SF3B2/EIF6/ADAR/GTPBP4/DHX9/RRP8/EIF4H/NOL3/WDR18/ISG20L2/USP4/TSR2/WDR77/GNL3L/DHX37/RPS19BP1/MRM1/RRP7A/PUF60/UTP14C/BOP1/HEATR3/TFB2M/NSUN5/LSM4/URB1/PRMT7/SNRPB/RUVBL2/RRS1/DCAF13/EIF3L/SDAD1/LSG1/PRPF19/SF3B4/NOL10/PHF5A/NOP10/ERAL1/GEMIN5/NIP7/KRI1/DDX21/MRM3/USP39/METTL16/RAN/RIOX2/EXOSC4/EXOSC5/HTATSF1/RPS27A/CHD7/EIF2D/DDX31/SIRT7/MRTO4/URB2/NOLC1/NOC4L/SART1/SF3B5/PRPF8/UTP4/ISG20/MTG2","GO_BP"
"GOBP_REGULATION_OF_CELL_ACTIVATION","GOBP_REGULATION_OF_CELL_ACTIVATION",497,-0.337319723687467,-1.37407600733659,0.000391576092201717,0.0156527390540634,0.0131790845436312,2230,"tags=26%, list=18%, signal=22%","CST7/BMI1/TOX/PLEK/LILRA5/IL15RA/LRRK2/SELENOK/PBRM1/YES1/TNFRSF1B/JAK2/CD300A/CD9/VSIG4/ATM/MARCHF7/TWSG1/ARID1B/RIPOR2/RIF1/PJA2/TNFAIP3/BLOC1S6/TGFBR2/STAT5B/CLEC7A/CD4/CD160/SLC39A10/HES1/CCL2/RUNX1/ZBTB46/LST1/ABL2/PDCD1LG2/BCL6/SOCS6/NCK2/NLRP3/TNFSF13B/FCGR2B/PEAR1/CD209/LILRB2/FAM76B/FCGR3A/HMGB1/TNFSF11/IL6ST/IL33/CD55/VAV1/ITPKB/EBI3/RASSF5/GPR137B/TNFRSF21/FUNDC2/TNFAIP8L2/MALT1/SAMSN1/IGFBP2/PRNP/GPR65/AIF1/IL16/IGF1/ITCH/AXL/TLR6/NFATC2/RC3H1/UFL1/UBASH3B/MEF2C/ZMIZ1/THBS1/GPR183/NR5A2/CAMK4/FCER1G/VAV3/AKIRIN2/SOD1/TSLP/BRAF/FOXO3/ADGRF5/RORA/EXOSC6/JUND/JUNB/CR1/PIK3CD/SH3RF1/ZFP36L1/CCL3/SDC4/EFNB2/MMRN1/LMO4/NEDD9/FGL2/PCK1/LYN/CD38/INPP5D/ZFP36L2/NDFIP1/THEMIS2/PRLR/NFKBIZ/GATA3/FYN/VCAM1/ACTB/CBFB/PRKAA1/CBLB/ID2/CLEC4G/MAP3K8/PRDM1/PRKAR1A/CEBPB/PELI1/IRS2/DUSP10","GO_BP"
"GOBP_MYELOID_CELL_HOMEOSTASIS","GOBP_MYELOID_CELL_HOMEOSTASIS",165,-0.427939148902697,-1.57612793072778,0.000405277890010741,0.0160595769111213,0.0135216284584819,2141,"tags=33%, list=17%, signal=28%","HSPA1A/SFXN1/ARNT/HMGB2/SLC11A2/JAK2/VPS13A/SLC25A40/STAT5B/PDE4B/HOXB6/BRD1/TMOD3/BCL6/HCAR2/HSCB/HCLS1/PTBP3/HMGB1/CDIN1/ITPKB/IKZF1/NF1/TMEM14C/AXL/ETS1/L3MBTL3/UFL1/HIF1A/FCER1G/RCOR1/RAC1/SOD1/HIPK2/FOXO3/KLF2/ADGRF5/EPAS1/PIK3CD/ACVR2A/ZFP36L1/HNRNPU/CITED2/LYN/MAFB/TAL1/ADAM17/INPP5D/GATA3/BBIP1/ID2/HMOX1/TGFBR3/ZFP36","GO_BP"
"GOBP_REGULATION_OF_CELL_MIGRATION_INVOLVED_IN_SPROUTING_ANGIOGENESIS","GOBP_REGULATION_OF_CELL_MIGRATION_INVOLVED_IN_SPROUTING_ANGIOGENESIS",34,-0.678125997891507,-1.89056771985814,0.000421796560261951,0.016473789046995,0.0138703812702948,1472,"tags=38%, list=12%, signal=34%","NRP1/TBXA2R/KDR/THBS1/AKT3/DLL4/MMRN1/HDAC9/RHOJ/SPRED1/HMOX1/TGFBR3/KLF4","GO_BP"
"GOBP_REGULATION_OF_EPITHELIAL_CELL_DIFFERENTIATION","GOBP_REGULATION_OF_EPITHELIAL_CELL_DIFFERENTIATION",104,-0.496017244799818,-1.70286534601431,0.00042296100910652,0.016473789046995,0.0138703812702948,883,"tags=33%, list=7%, signal=31%","STAT5B/ACVRL1/FST/HES1/BMP2/FRZB/SGPP1/BMP6/GRHL1/ROCK2/PLCB1/WWTR1/NOTCH4/ERRFI1/SPRED2/PTCH1/PRKCH/ZFP36L1/NCOA3/CDKN1B/BTG1/RFX3/MAFF/CDKN1C/PRLR/GATA3/SPRY2/SPRY1/SPRED1/CDH5/HEY2/ZFP36/CEBPB/APOLD1","GO_BP"
"GOBP_ENDOCARDIAL_CUSHION_DEVELOPMENT","GOBP_ENDOCARDIAL_CUSHION_DEVELOPMENT",42,-0.636818106170056,-1.86178143083447,0.000426583930468564,0.0164740929758072,0.0138706371682241,2797,"tags=48%, list=22%, signal=37%","MDM4/TMEM100/HEY1/ROBO1/ENG/ADAMTS5/ERBB3/TGFBR2/ACVRL1/BMP2/BMPR1A/RBPJ/DCHS1/FOXF1/BMPR2/ACVR1/SNAI2/SMAD4/CITED2/HEY2","GO_BP"
"GOBP_CARDIAC_VENTRICLE_MORPHOGENESIS","GOBP_CARDIAC_VENTRICLE_MORPHOGENESIS",48,-0.613351584974745,-1.83865835702146,0.000473310066818891,0.0172549917959495,0.0145281279457251,2126,"tags=33%, list=17%, signal=28%","UBE4B/ZFPM2/TGFBR2/BMPR1A/EVA1A/RBPJ/FOXF1/MEF2C/HIF1A/DLL4/PROX1/FKBP1A/SMAD4/GATA3/HEY2/TGFBR3","GO_BP"
"GOBP_REGULATION_OF_BONE_MINERALIZATION","GOBP_REGULATION_OF_BONE_MINERALIZATION",58,-0.569653767123708,-1.79275271031643,0.000466383958021118,0.0172549917959495,0.0145281279457251,1690,"tags=40%, list=13%, signal=35%","BMP2/ATRAID/BMPR1B/BMP6/ADGRV1/BMPR1A/ACVR2B/ADRB2/BMPR2/ACVR1/MEF2C/CCR1/HIF1A/BMP2K/ENPP1/S1PR1/ACVR2A/CCL3/SRGN/SLC8A1/CCN1/RFLNB/PTN","GO_BP"
"GOBP_CARDIOCYTE_DIFFERENTIATION","GOBP_CARDIOCYTE_DIFFERENTIATION",118,-0.481179695960209,-1.70459382581055,0.000467055267094361,0.0172549917959495,0.0145281279457251,1494,"tags=24%, list=12%, signal=21%","PPARA/BMPR1A/CXADR/RBPJ/YY1/EDN1/IGF1/GREB1L/PDCD4/ACVR1/MEF2C/SOX18/PDLIM5/PROX1/HNRNPU/SLC8A1/EFNB2/MEIS1/SMAD4/CITED2/GATA6/VCAM1/SPRY1/FOXP1/HEY2/MEF2A/TGFBR3/RGS2","GO_BP"
"GOBP_ENDOTHELIAL_CELL_PROLIFERATION","GOBP_ENDOTHELIAL_CELL_PROLIFERATION",124,-0.46776821781074,-1.66216029419713,0.000460136057299635,0.0172549917959495,0.0145281279457251,2571,"tags=37%, list=20%, signal=30%","ANG/CAV1/IGF2/TIE1/SYNJ2BP/ENG/JCAD/ZEB2/ARNT/HMGB2/PPP1R16B/CXCL12/SEMA5A/ACVRL1/JUN/CCL2/EPHA2/BMP6/NRP1/HMGB1/VEGFB/RICTOR/FGFR1/NF1/BMPR2/KDR/MEF2C/THBS1/AKT3/HIF1A/DLL4/TEK/NR2F2/PROX1/SP1/AGTR1/PIK3CD/BMPER/SIRT1/ADAM17/FLT4/FLT1/NRP2/HMOX1/NR4A1/ERN1","GO_BP"
"GOBP_NEGATIVE_REGULATION_OF_TRANSMEMBRANE_RECEPTOR_PROTEIN_SERINE_THREONINE_KINASE_SIGNALING_PATHWAY","GOBP_NEGATIVE_REGULATION_OF_TRANSMEMBRANE_RECEPTOR_PROTEIN_SERINE_THREONINE_KINASE_SIGNALING_PATHWAY",120,-0.463361649498955,-1.64721999152196,0.000460136057299635,0.0172549917959495,0.0145281279457251,2141,"tags=31%, list=17%, signal=26%","HSPA1A/SKIL/SMURF1/EID2/PPM1A/TWSG1/HDAC2/FST/BMP2/SNX6/LEMD3/PPARA/MTMR4/CRIM1/UBE2D1/SIN3A/GREM2/CTDSPL2/SMURF2/ACVR1/HDAC1/SPRED2/HIPK2/FKBP1A/ZNF451/MAGI2/BMPER/SIRT1/ADAM17/SKI/SPRY2/SPRY1/SPRED1/TOB1/PBLD/TGFBR3/ING1","GO_BP"
"GOBP_PHOSPHOLIPID_BIOSYNTHETIC_PROCESS","GOBP_PHOSPHOLIPID_BIOSYNTHETIC_PROCESS",217,0.44447709610001,1.53391141852939,0.000472837447544155,0.0172549917959495,0.0145281279457251,1386,"tags=20%, list=11%, signal=18%","AJUBA/DHDDS/BECN1/BPNT1/ITPKC/GPAA1/PIP4K2C/PDGFA/VAC14/PMVK/DOLPP1/DOLK/PI4K2A/ABHD4/GPAT4/PIGT/PGAP4/IP6K1/PIGO/PITPNM1/MVK/PI4KB/MVD/SPHK2/FITM2/FDPS/PIGQ/AGPAT1/AGPAT2/FADS1/PNPLA3/GPAM/PIGU/CAPN2/CWH43/PTDSS2/PTDSS1/SLC44A3/HMGCS1/ABCA2/PI4KA/IDI1/ABHD8/PTPMT1","GO_BP"
"GOBP_SENSORY_SYSTEM_DEVELOPMENT","GOBP_SENSORY_SYSTEM_DEVELOPMENT",271,-0.37843608187747,-1.45603033945823,0.000459040382514479,0.0172549917959495,0.0145281279457251,1988,"tags=25%, list=16%, signal=22%","TWSG1/HDAC2/BBS7/TGFBR2/TMOD1/ACVRL1/TMEM132E/HES1/JUN/EPHA2/SLC1A1/BMPR1B/SHROOM2/CPAMD8/MAN2A1/BMP6/NRP1/NFIA/ALDH1A3/HMGB1/GPD2/FZD4/ACVR2B/YY1/P2RY12/RPL24/SMOC1/NFIB/FOXP2/NF1/PLAAT3/TTC8/BMPR2/ABI2/KDR/TGIF1/HDAC1/SPRED2/HIF1A/PRKCI/RDH10/MEIS2/DLL4/LPCAT1/SLC25A25/PROX1/HIPK2/PBX3/FZD5/MEIS1/GPM6A/CDKN1B/CITED2/RHOJ/CDKN1C/LHX2/SKI/GATA3/FLT1/SPRY2/SPRY1/KDM2B/SPRED1/PER2/MAF/PRDM1/KLF4/FOS","GO_BP"
"GOBP_NEGATIVE_REGULATION_OF_EPITHELIAL_CELL_PROLIFERATION","GOBP_NEGATIVE_REGULATION_OF_EPITHELIAL_CELL_PROLIFERATION",107,-0.477318680937693,-1.65470887937864,0.000488254125774104,0.0176585242154968,0.0148678887923693,1890,"tags=30%, list=15%, signal=26%","MCC/IFT80/ACVRL1/CCL2/PTPRK/SAV1/EAF2/IFT57/STK3/NFIB/TRIM24/NF1/FBXW7/KLF9/B4GALT1/MEF2C/THBS1/PTCH1/DLL4/NR2F2/SNAI2/DAB2/EFNB2/STK4/CDKN1B/CDKN1C/GATA3/GATA6/FLT1/MTSS1/TGFBR3/DUSP10","GO_BP"
"GOBP_HEART_TRABECULA_FORMATION","GOBP_HEART_TRABECULA_FORMATION",12,-0.843008647713347,-1.85302595064569,0.000498253630929186,0.01781415933491,0.0149989283752578,714,"tags=42%, list=6%, signal=39%","TEK/FKBP1A/ADAMTS1/HEY2/TGFBR3","GO_BP"
"GOBP_REGULATION_OF_CELL_CELL_ADHESION","GOBP_REGULATION_OF_CELL_CELL_ADHESION",393,-0.34502832543464,-1.37646846883548,0.000500375772409148,0.01781415933491,0.0149989283752578,2172,"tags=28%, list=17%, signal=24%","CAV1/RELA/ZDHHC21/SMARCE1/IGF2/CYRIB/LAG3/CD44/CD47/PHF10/MYADM/ASS1/PAWR/SMARCA2/PAG1/AFDN/BMI1/PLAUR/PTPRG/PLPP3/SELENOK/PBRM1/YES1/JAK2/CD300A/CD9/VSIG4/MARCHF7/MEGF10/TWSG1/ARID1B/RIPOR2/TGFBR2/STAT5B/CXCL12/CD4/CD160/HES1/CCL2/RUNX1/FOXA2/BMP2/PTK2/FOXA1/ABL2/PDCD1LG2/BCL6/BMP6/SOCS6/NCK2/NLRP3/PPARA/TNFSF13B/CD209/LILRB2/JAK1/HMGB1/TNFSF11/IL6ST/CD55/VAV1/ITPKB/EBI3/TNFRSF21/DENND6A/TNFAIP8L2/MALT1/IGFBP2/PRNP/GPR65/AIF1/IGF1/ITCH/ETS1/RC3H1/NOTCH4/UFL1/UBASH3B/ZMIZ1/NR5A2/GCNT1/FOXO3/CR1/PIK3CD/SDC4/EFNB2/MMRN1/FGL2/CITED2/PCK1/LYN/NDFIP1/MAGI1/IL1RN/NFKBIZ/GATA3/FYN/VCAM1/ACTB/CBFB/MAP2K1/PRKAA1/CBLB/CLEC4G/MAP3K8/KLF4/PRKAR1A/CEBPB/PELI1/DUSP10","GO_BP"
"GOBP_CD4_POSITIVE_ALPHA_BETA_T_CELL_ACTIVATION","GOBP_CD4_POSITIVE_ALPHA_BETA_T_CELL_ACTIVATION",103,-0.478430031980176,-1.63982902450366,0.000506229488407209,0.0178828509974546,0.0150567644654776,1988,"tags=29%, list=16%, signal=25%","TWSG1/TGFBR2/CD160/RUNX1/RSAD2/BCL6/NLRP3/JAK1/HMGB1/IL6ST/CD55/MALT1/GPR65/ITCH/PTGER4/RC3H1/CTSL/GPR183/BRAF/RORA/JUNB/SH3RF1/SOCS3/NDFIP1/NFKBIZ/GATA3/CBFB/FOXP1/CBLB/CEBPB","GO_BP"
"GOBP_REGULATION_OF_NUCLEAR_DIVISION","GOBP_REGULATION_OF_NUCLEAR_DIVISION",98,0.528191843885169,1.67403245971318,0.000538895521992935,0.018890360720937,0.0159050540701559,2130,"tags=34%, list=17%, signal=28%","PRAP1/MAD2L1BP/CDK5RAP2/ANAPC5/DAPK3/ZWINT/NPM2/KLHL22/PRMT5/MKI67/FBXW5/NME6/FZR1/CDC20/WNT4/MAD2L2/CALR/CDCA8/SPHK1/INCENP/ZW10/AURKAIP1/PLK1/PIN1/CHEK1/NUSAP1/BIRC5/MAD1L1/CCNB1/RCC1/PDGFRB/AURKA/XRCC3","GO_BP"
"GOBP_CELLULAR_RESPONSE_TO_VASCULAR_ENDOTHELIAL_GROWTH_FACTOR_STIMULUS","GOBP_CELLULAR_RESPONSE_TO_VASCULAR_ENDOTHELIAL_GROWTH_FACTOR_STIMULUS",65,-0.541134069891128,-1.73094121246165,0.000543110333071365,0.0188927770061543,0.0159070885017688,866,"tags=23%, list=7%, signal=22%","KDR/DLL4/NR2F2/PROX1/PIK3CD/FLT4/FLT1/GAB1/NRP2/VCAM1/SPRY2/GAS1/SEMA6A/NR4A1/ERN1","GO_BP"
"GOBP_NUCLEOSIDE_PHOSPHATE_BIOSYNTHETIC_PROCESS","GOBP_NUCLEOSIDE_PHOSPHATE_BIOSYNTHETIC_PROCESS",272,0.418686664118617,1.47834726014683,0.000548682623782335,0.0188939487185508,0.0159080750445509,1571,"tags=18%, list=12%, signal=16%","ENO1/TYMS/ELOVL1/TREM2/ENTPD8/VCP/TK1/ADSL/FASN/ATIC/NMNAT1/ALDOA/FLAD1/ATP5PB/IMPDH2/UCK2/ATP5F1A/SPHK2/DTYMK/ELOVL5/RRM2/PINK1/NDUFV1/GMPPA/QPRT/ACACA/NME6/ME1/GFUS/NADK/AK2/RRM1/PGK1/ADSS1/ACSS2/GMPPB/ACOT7/NDUFS2/APRT/ADCY6/GARS1/ELOVL2/PMM2/BCKDK/ELOVL6/ACLY/IDH2/SDHC","GO_BP"
"GOBP_T_CELL_DIFFERENTIATION","GOBP_T_CELL_DIFFERENTIATION",252,-0.382070740884039,-1.4643450940453,0.000551436291324831,0.0188939487185508,0.0159080750445509,1904,"tags=21%, list=15%, signal=18%","TGFBR2/LIG4/STAT5B/CD4/ATF2/RUNX1/LEPR/RSAD2/BCL6/NLRP3/LILRB2/JAK1/HMGB1/IL6ST/VAV1/ITPKB/MALT1/GPR65/PTGER4/RC3H1/CTSL/ZMIZ1/GPR183/CAMK4/FCER1G/DLL4/SOD1/BRAF/FOXO3/RORA/JUNB/CR1/PIK3CD/SH3RF1/ZFP36L1/FOSL2/FZD5/PPP3CB/FGL2/PCK1/SOCS3/MAFB/ADAM17/ZFP36L2/NFKBIZ/GATA3/ACTB/CBFB/FOXP1/CLEC4G/PRDM1/EGR1/DUSP10","GO_BP"
"GOBP_REGULATION_OF_MIRNA_METABOLIC_PROCESS","GOBP_REGULATION_OF_MIRNA_METABOLIC_PROCESS",70,-0.542811980413231,-1.76436167599166,0.000636915359646401,0.0216598753276765,0.0182368930550757,1776,"tags=27%, list=14%, signal=23%","JUN/BMP2/FOXA1/POU2F1/PPARA/BMPR1A/YY1/NFIB/ETS1/QKI/RC3H1/HIF1A/FOXO3/MYC/SMAD4/GATA3/KLF4/EGR1/FOS","GO_BP"
"GOBP_NEGATIVE_REGULATION_OF_LEUKOCYTE_PROLIFERATION","GOBP_NEGATIVE_REGULATION_OF_LEUKOCYTE_PROLIFERATION",79,-0.515469847298044,-1.69988589912705,0.000674147971728064,0.0227562393123317,0.0191599949859555,2045,"tags=37%, list=16%, signal=31%","CD300A/VSIG4/ATM/MARCHF7/TWSG1/RIPOR2/TNFAIP3/LST1/PDCD1LG2/BCL6/FCGR2B/LILRB2/IL33/RASSF5/TNFRSF21/PRNP/NF1/ITCH/RC3H1/CR1/SDC4/LYN/INPP5D/NDFIP1/CBLB/CLEC4G/PRKAR1A/CEBPB/PELI1","GO_BP"
"GOBP_ENDOCARDIUM_DEVELOPMENT","GOBP_ENDOCARDIUM_DEVELOPMENT",10,-0.870939220733194,-1.86423621598273,0.000690019430353552,0.023120724589126,0.019466879439928,1373,"tags=80%, list=11%, signal=71%","RBPJ/STK3/KDR/ACVR1/SOX18/PROX1/STK4/SMAD4","GO_BP"
"GOBP_POSITIVE_REGULATION_OF_BLOOD_VESSEL_ENDOTHELIAL_CELL_MIGRATION","GOBP_POSITIVE_REGULATION_OF_BLOOD_VESSEL_ENDOTHELIAL_CELL_MIGRATION",51,-0.588122182793843,-1.79898908634975,0.00069855642185502,0.023235924192652,0.0195638736662431,1472,"tags=35%, list=12%, signal=31%","NRP1/HMGB1/FGFR1/TMSB4X/ETS1/KDR/THBS1/AKT3/HIF1A/NFE2L2/SP1/SIRT1/ADAM17/HDAC9/RHOJ/GAB1/HMOX1/TGFBR3","GO_BP"
"GOBP_STEM_CELL_DIFFERENTIATION","GOBP_STEM_CELL_DIFFERENTIATION",192,-0.414150760420842,-1.53902034948561,0.000710788375410447,0.0233221454871335,0.019636469122253,2119,"tags=29%, list=17%, signal=24%","KDM3A/LRP6/N4BP2L2/HDAC2/TGFBR2/ARB2A/IFT80/SEMA5A/HES1/TEAD2/FRZB/EDNRB/FOXA1/OCIAD1/MLLT3/KDM4C/BMPR1A/NRP1/NSUN2/RBPJ/CCDC88C/SOX5/EDN1/FGFR1/TMSB4X/SMAD9/SEMA4D/ITCH/MTF2/TAPT1/BMPR2/CDK13/ACVR1/UFL1/HDAC1/MEF2C/NR5A2/SOX18/HIF1A/NFE2L2/RDH10/CDH2/SNAI2/JARID2/HNRNPU/GPM6A/SMAD4/CITED2/TAL1/ZFP36L2/GATA6/NRP2/FBXO21/SEMA6A/PTN","GO_BP"
"GOBP_NUCLEOSIDE_TRIPHOSPHATE_METABOLIC_PROCESS","GOBP_NUCLEOSIDE_TRIPHOSPHATE_METABOLIC_PROCESS",241,0.430439646770763,1.49779831809799,0.000717022163255227,0.0233221454871335,0.019636469122253,1230,"tags=16%, list=10%, signal=15%","ENO1/TYMS/HSPA8/TREM2/PRKAG1/GPD1/VCP/PFKL/MTOR/TPI1/CTNS/DCTPP1/NMNAT1/ALDOA/EFL1/ENO3/GCK/ATP5PB/MLST8/IMPDH2/UCK2/ATP5F1A/SPHK2/DTYMK/PINK1/NDUFV1/GAPDH/PKLR/GPI/NME6/ABCC6/NADK/AK2/PGK1/MTCH2/HKDC1/NDUFS2/NUDT16","GO_BP"
"GOBP_REGULATION_OF_PROTEOLYSIS_INVOLVED_IN_PROTEIN_CATABOLIC_PROCESS","GOBP_REGULATION_OF_PROTEOLYSIS_INVOLVED_IN_PROTEIN_CATABOLIC_PROCESS",215,0.430479194555798,1.48471859105395,0.00072673791072481,0.0233221454871335,0.019636469122253,1756,"tags=22%, list=14%, signal=20%","USP5/IKBKG/TREM2/HSP90AB1/PSME3/TRAF7/VCP/PSMC1/DDRGK1/GNA12/DAB2IP/MTOR/BCAP31/CCDC22/PSMC3/GIPC1/NUB1/GABARAP/HFE/CSNK1D/DNAJB2/PDCL3/PINK1/PSMD14/UBQLN4/PSME2/RNF185/FBXO22/FZR1/PSMC4/N4BP1/CDC20/GBA1/CEBPA/RHBDF1/KEAP1/SGTA/USP19/DESI1/PSMC6/TF/PSMC5/APOE/PLK1/TRIB3/CHFR/CSNK1E/TRIM39","GO_BP"
"GOBP_PROTEIN_TARGETING","GOBP_PROTEIN_TARGETING",292,0.4155999254453,1.47834044258185,0.000720097266345641,0.0233221454871335,0.019636469122253,2248,"tags=25%, list=18%, signal=21%","HSPA8/ATG13/SAE1/ICMT/ZDHHC3/SQSTM1/SEC61A1/BECN1/SIL1/YIF1B/TIMM17A/TOMM40L/BCAP31/MYO1C/SAMM50/GIPC1/GABARAP/MON1A/AKT2/TOMM34/RTP3/TIMM44/DMTN/PINK1/HSP90AA1/ERBB2/LARGE1/AIFM1/SIRT4/TIMM22/SREBF2/MTCH2/CWH43/SRPRB/BID/KATNB1/SGTA/MIEF2/HSPA4/PEX6/AP3D1/ZDHHC12/CDK5/OS9/LTBP2/SRP68/HSPA5/NCOA4/PITRM1/TOMM7/PARD3/TOMM40/PEX16/PIN1/VPS37C/VPS37D/TIMM13/SRPRA/M6PR/TSPO/BAG3/TIMM50/TIMM10B/ARIH2/RNF31/VPS51/TAOK2/PMPCA/RHOD/GFER/CDC37/MIEF1/UBL4A","GO_BP"
"GOBP_LYMPHOCYTE_DIFFERENTIATION","GOBP_LYMPHOCYTE_DIFFERENTIATION",336,-0.359909534546799,-1.41369522030937,0.000723086646672481,0.0233221454871335,0.019636469122253,1540,"tags=18%, list=12%, signal=17%","BCL6/NLRP3/TNFSF13B/FCGR2B/LILRB2/JAK1/RBPJ/HMGB1/IL6ST/YY1/VAV1/ITPKB/MALT1/GPR65/IKZF1/NFIL3/HDAC4/AXL/PTGER4/RC3H1/CTSL/ZMIZ1/GPR183/CAMK4/FCER1G/DLL4/SOD1/BRAF/FOXO3/RORA/JUNB/CR1/PIK3CD/SH3RF1/ZFP36L1/FOSL2/FZD5/PPP3CB/FGL2/PCK1/SOCS3/MAFB/KLF6/ADAM17/INPP5D/HDAC9/ZFP36L2/NDFIP1/NFKBIZ/GATA3/VCAM1/ACTB/CBFB/FOXP1/BLNK/IRF8/ID2/CLEC4G/IRF2BP2/PRDM1/EGR1/DUSP10","GO_BP"
"GOBP_POSITIVE_REGULATION_OF_PROTEIN_SERINE_THREONINE_KINASE_ACTIVITY","GOBP_POSITIVE_REGULATION_OF_PROTEIN_SERINE_THREONINE_KINASE_ACTIVITY",51,-0.587567049359694,-1.79729100554491,0.000734378977147246,0.0234025524395804,0.0197041690960744,1101,"tags=24%, list=9%, signal=22%","FGFR1/TLR6/PIM1/SIRT1/SYAP1/MAP3K5/FLT1/MAP2K1/SASH1/DIPK2A/TCIM/ERN1","GO_BP"
"GOBP_EAR_DEVELOPMENT","GOBP_EAR_DEVELOPMENT",132,-0.440103115043626,-1.56757472173178,0.000750349844257251,0.0237454461130576,0.0199928741397491,1778,"tags=23%, list=14%, signal=20%","HES1/BMP2/FRZB/SHROOM2/ADGRV1/ALDH1A3/RBPJ/DCHS1/EDN1/FGFR1/IGF1/GET1/TTC8/RDH10/RAC1/SOD1/PROX1/PRKRA/MYC/SDC4/BMPER/CDKN1B/MAFB/RPL38/GATA3/SPRY2/TSHZ1/HEY2/MAF/CEBPD","GO_BP"
"GOBP_HEART_PROCESS","GOBP_HEART_PROCESS",160,-0.432404052788917,-1.58459894644283,0.000775809148229724,0.0243818088860887,0.0205286703832838,2030,"tags=28%, list=16%, signal=24%","AVPR1A/GJA1/ANK2/FGF13/JUP/PDE4B/KCND3/ADCY10/SUMO1/ABCC9/PIK3CA/SLC1A1/EDNRB/CXADR/DSC2/TMIGD3/VEGFB/RAMP3/GPD1L/EDN1/GCH1/KCNN2/PDE4D/YWHAE/SCN9A/TMEM65/WWTR1/ATP1B1/RAC1/SOD1/FKBP1A/EPAS1/CLIC2/SLC8A1/CTNNA3/ATP1B2/FYN/GATA6/KCNJ2/ADM/CAMK2D/HEY2/MEF2A/RGS2/CALM1","GO_BP"
"GOBP_POSITIVE_REGULATION_OF_NUCLEAR_TRANSCRIBED_MRNA_CATABOLIC_PROCESS_DEADENYLATION_DEPENDENT_DECAY","GOBP_POSITIVE_REGULATION_OF_NUCLEAR_TRANSCRIBED_MRNA_CATABOLIC_PROCESS_DEADENYLATION_DEPENDENT_DECAY",12,-0.832914105336226,-1.83083703356229,0.000781221118596384,0.0243837303934502,0.0205302882284342,864,"tags=50%, list=7%, signal=47%","TNRC6C/ZFP36L1/ZFP36L2/TOB1/ZFP36/CPEB3","GO_BP"
"GOBP_EMBRYONIC_ORGAN_DEVELOPMENT","GOBP_EMBRYONIC_ORGAN_DEVELOPMENT",290,-0.37124895647636,-1.43745140848828,0.00080251654037868,0.0247099180709841,0.0208049273803719,1486,"tags=18%, list=12%, signal=16%","BMPR1A/ALDH1A3/HSCB/RBPJ/IFT57/PKD2/EFNA1/STK3/RSPO3/EDN1/FGFR1/FOXF1/GREB1L/KDR/ACVR1/MEF2C/PTCH1/SOX18/HIF1A/RDH10/NR2F2/RAC1/SOD1/PROX1/HIPK2/PRKRA/MYC/JUNB/EPAS1/ZFP36L1/PBX3/FZD5/STK4/SETDB2/CCN1/CITED2/SOCS3/MAFB/TAL1/RPL38/CDKN1C/GATA3/ADM/SPRY2/TSHZ1/MAP2K1/KDM2B/HEY2/ID2/MBD2/PRDM1/CEBPB","GO_BP"
"GOBP_CELLULAR_RESPONSE_TO_NITROGEN_COMPOUND","GOBP_CELLULAR_RESPONSE_TO_NITROGEN_COMPOUND",493,-0.329576373320048,-1.34189930926971,0.000798542998911536,0.0247099180709841,0.0208049273803719,1355,"tags=16%, list=11%, signal=15%","PKD2/AP3S1/GOLPH3/GOT1/FDX1/SLC30A10/LEPROT/IGFBP5/P2RY12/KBTBD2/PRNP/EDN1/ADRB2/ROCK2/IGF1/PDE4D/TLR6/SIN3A/CPEB2/GRB10/GNA14/PLCB1/SNX5/ERRFI1/MEF2C/SORBS1/PRKCI/FOLR2/NFE2L2/TBC1D4/PIP4K2A/IGF1R/RAC1/SOD1/FOXO3/INSR/KANK1/KLF2/SP1/PDE2A/EEF2K/ENPP1/RAP1B/AGTR1/SRD5A1/LGMN/GNG2/ZFP36L1/G6PC1/SLC8A1/INHBB/XRN1/GNAS/PCK1/SOCS3/LYN/SIRT1/HDAC9/IRS1/SYAP1/FYN/MAP3K5/GAB1/CRHBP/VCAM1/ACTB/RPL23/PRKAA1/FOXO1/MTR/C2CD5/PDK4/IGFBP1/KLF4/PRKAR1A/EGR1/SOCS2/NR4A1/IRS2/NR4A2/FOS","GO_BP"
"GOBP_LEUKOCYTE_CELL_CELL_ADHESION","GOBP_LEUKOCYTE_CELL_CELL_ADHESION",330,-0.359140311167222,-1.4106568991664,0.00082480866650031,0.0252258596861873,0.0212393330229151,2139,"tags=24%, list=17%, signal=20%","SELENOK/PBRM1/YES1/JAK2/CD300A/VSIG4/MARCHF7/TWSG1/ARID1B/RIPOR2/TGFBR2/JAM2/STAT5B/CXCL12/CD4/CD160/HES1/CCL2/RUNX1/ABL2/PDCD1LG2/BCL6/SOCS6/NCK2/NLRP3/PPARA/TNFSF13B/CD209/LILRB2/HMGB1/TNFSF11/IL6ST/CD55/GOLPH3/VAV1/ITPKB/EBI3/TNFRSF21/TNFAIP8L2/MALT1/IGFBP2/PRNP/GPR65/AIF1/IGF1/SEMA4D/ITCH/ETS1/RC3H1/UFL1/ZMIZ1/NR5A2/GCNT1/FOXO3/CR1/PIK3CD/SDC4/EFNB2/FGL2/PCK1/LYN/NDFIP1/NFKBIZ/GATA3/FYN/VCAM1/ACTB/CBFB/PRKAA1/CLEC4M/CBLB/CLEC4G/MAP3K8/KLF4/PRKAR1A/CEBPB/PELI1/DUSP10","GO_BP"
"GOBP_NEGATIVE_REGULATION_OF_TRANSFORMING_GROWTH_FACTOR_BETA_RECEPTOR_SIGNALING_PATHWAY","GOBP_NEGATIVE_REGULATION_OF_TRANSFORMING_GROWTH_FACTOR_BETA_RECEPTOR_SIGNALING_PATHWAY",82,-0.505760549622093,-1.6858385218718,0.000841260228867656,0.0255574857529994,0.0215185511173516,2141,"tags=32%, list=17%, signal=27%","HSPA1A/SKIL/SMURF1/EID2/PPM1A/HDAC2/BMP2/SNX6/LEMD3/PPARA/MTMR4/SIN3A/SMURF2/HDAC1/SPRED2/FKBP1A/ZNF451/SIRT1/ADAM17/SKI/SPRY2/SPRY1/SPRED1/PBLD/TGFBR3/ING1","GO_BP"
"GOBP_AMINO_ACID_ACTIVATION","GOBP_AMINO_ACID_ACTIVATION",44,0.638457101820911,1.79378684396396,0.000850884667404101,0.0256194394801383,0.0215707140905499,2523,"tags=45%, list=20%, signal=37%","MARS1/YARS1/VARS1/EPRS1/QARS1/PARS2/CARS1/SARS1/EARS2/AARS1/GARS1/FARSA/MARS2/IARS1/HARS2/FARS2/GATC/LARS2/VARS2/SARS2","GO_BP"
"GOBP_POSITIVE_REGULATION_OF_MIRNA_METABOLIC_PROCESS","GOBP_POSITIVE_REGULATION_OF_MIRNA_METABOLIC_PROCESS",47,-0.58712254861752,-1.74748778627776,0.000854543515685982,0.0256194394801383,0.0215707140905499,1776,"tags=30%, list=14%, signal=26%","JUN/BMP2/FOXA1/POU2F1/BMPR1A/ETS1/HIF1A/FOXO3/MYC/SMAD4/GATA3/KLF4/EGR1/FOS","GO_BP"
"GOBP_RESPIRATORY_GASEOUS_EXCHANGE_BY_RESPIRATORY_SYSTEM","GOBP_RESPIRATORY_GASEOUS_EXCHANGE_BY_RESPIRATORY_SYSTEM",53,-0.56651818732463,-1.74436882299216,0.00087954345896403,0.0261965983169875,0.0220566625932156,1585,"tags=26%, list=13%, signal=23%","PASK/MAN2A1/CYSLTR1/CCDC88C/NDN/EDN1/TSHZ3/DACH1/HIPK2/PBX3/MAFB/FLT4/NR4A2/ZFAND5","GO_BP"
"GOBP_REGULATION_OF_CELLULAR_RESPONSE_TO_TRANSFORMING_GROWTH_FACTOR_BETA_STIMULUS","GOBP_REGULATION_OF_CELLULAR_RESPONSE_TO_TRANSFORMING_GROWTH_FACTOR_BETA_STIMULUS",124,-0.455882607678048,-1.61992615240928,0.000897003049179472,0.0263065879920767,0.0221492702334453,2191,"tags=33%, list=17%, signal=28%","ENG/CHST11/ZEB2/SMAD3/NREP/HSPA1A/SKIL/SMURF1/EID2/PPM1A/TWSG1/HDAC2/BMP2/SNX6/LEMD3/PPARA/MTMR4/GOT1/SIN3A/SMURF2/HDAC1/SPRED2/THBS1/HIPK2/FKBP1A/ZNF451/LATS1/SMAD4/CITED2/SIRT1/ADAM17/CDKN1C/SKI/CREBBP/SPRY2/SPRY1/SPRED1/PBLD/TGFBR3/LATS2/ING1","GO_BP"
"GOBP_ENDOPLASMIC_RETICULUM_TO_GOLGI_VESICLE_MEDIATED_TRANSPORT","GOBP_ENDOPLASMIC_RETICULUM_TO_GOLGI_VESICLE_MEDIATED_TRANSPORT",126,0.482600458184775,1.57473764170132,0.000900554690973002,0.0263065879920767,0.0221492702334453,1778,"tags=24%, list=14%, signal=21%","TEX261/YKT6/SURF4/VCP/GOSR2/YIF1B/SEC24C/P4HB/BCAP31/ERGIC1/NRBP1/CSNK1D/PEF1/LMAN2/YIF1A/TMED9/HYOU1/STEEP1/ERGIC3/TRAPPC10/LMF1/STX5/RAB1B/TRAPPC3/ZW10/GBF1/PREB/TMED1/STX18/RAB29","GO_BP"
"GOBP_REGULATION_OF_LEUKOCYTE_PROLIFERATION","GOBP_REGULATION_OF_LEUKOCYTE_PROLIFERATION",205,-0.395708334876873,-1.48183503656837,0.000897211638843967,0.0263065879920767,0.0221492702334453,2053,"tags=29%, list=16%, signal=25%","TNFRSF1B/JAK2/CD300A/VSIG4/ATM/MARCHF7/TWSG1/RIPOR2/TNFAIP3/TGFBR2/STAT5B/CD4/SLC39A10/HES1/LST1/PTK2/PDCD1LG2/BCL6/NCK2/CSF1R/CNN2/TNFSF13B/FCGR2B/CD209/LILRB2/FCGR3A/HMGB1/IL6ST/IL33/CD55/EBI3/RASSF5/TNFRSF21/IGFBP2/PRNP/AIF1/IGF1/NF1/ITCH/NFATC2/RC3H1/MEF2C/GPR183/NR5A2/VAV3/CR1/SH3RF1/SDC4/LYN/CD38/INPP5D/NDFIP1/PRLR/VCAM1/CBLB/CLEC4G/PRKAR1A/CEBPB/PELI1/IRS2","GO_BP"
"GOBP_REGULATION_OF_HEART_CONTRACTION","GOBP_REGULATION_OF_HEART_CONTRACTION",128,-0.449478178828012,-1.60080451904349,0.000976445815184687,0.0283418062407428,0.0238628561605644,2585,"tags=35%, list=20%, signal=28%","ATP2B4/CAV1/THRB/RNLS/EHD3/HCN3/ACE/ATP2B2/DMD/AVPR1A/GJA1/ANK2/FGF13/JUP/PDE4B/KCND3/ADCY10/SUMO1/ABCC9/SLC1A1/EDNRB/CXADR/DSC2/TMIGD3/GPD1L/EDN1/GCH1/KCNN2/PDE4D/YWHAE/TMEM65/ATP1B1/FKBP1A/EPAS1/CLIC2/SLC8A1/CTNNA3/ATP1B2/KCNJ2/ADM/CAMK2D/HEY2/MEF2A/RGS2/CALM1","GO_BP"
"GOBP_CIRCULATORY_SYSTEM_PROCESS","GOBP_CIRCULATORY_SYSTEM_PROCESS",417,-0.336712921976446,-1.34816910394576,0.000999272411091689,0.028820787198385,0.0242661421614204,2538,"tags=29%, list=20%, signal=24%","THRB/RNLS/ZDHHC21/GPR4/LNPEP/NCALD/ELN/ARHGAP42/EHD3/CPS1/APP/HCN3/ENG/VEGFC/PDE3A/ACE/SRSF1/ATP2B2/ZEB2/PIK3C2A/SLC16A12/TBXAS1/DMD/SMAD3/DOCK4/YES1/SLC23A2/AVPR1A/GUCY1B1/EMP2/ACSM3/GJA1/IMMP2L/ANK2/BLOC1S6/FGF13/JUP/CXCL12/ABCC1/PDE4B/KCND3/ACVRL1/ADCY10/SUMO1/SLC2A13/ABCC9/PIK3CA/SLC1A1/LEPR/EDNRB/SUCNR1/ABCG2/SGK1/SLC2A3/BMP6/PPARA/RASL10B/CXADR/DSC2/ABAT/TMIGD3/VEGFB/TBXA2R/RAMP3/GPD1L/EDN1/GCH1/ADRB2/ROCK2/KCNN2/PDE4D/YWHAE/SCN9A/TMEM65/BMPR2/WWTR1/SNX5/ATP1B1/FLI1/TEK/NR2F2/NPR1/RAC1/SOD1/INSR/KLF2/FKBP1A/PDE2A/EPAS1/AGTR1/ADD3/SLC38A2/CLIC2/SLC8A1/CTNNA3/SLC16A1/FERMT2/NPY1R/ATP1B2/CD38/AKAP12/FYN/GATA6/KCNJ2/SLC15A2/GAB1/ADM/KCNMB4/CAMK2D/MAP2K1/ATP8A1/CDH5/SLC7A8/HEY2/ID2/PER2/MEF2A/RGS2/CALM1","GO_BP"
"GOBP_REGULATION_OF_CARDIAC_MUSCLE_CELL_PROLIFERATION","GOBP_REGULATION_OF_CARDIAC_MUSCLE_CELL_PROLIFERATION",27,-0.695149437554337,-1.86680583644527,0.00101303382623696,0.0290339317368669,0.0244456027582505,2013,"tags=44%, list=16%, signal=37%","ZFPM2/RUNX1/BMPR1A/SAV1/RBPJ/FGFR1/MEF2C/PIM1/JARID2/GATA6/HEY2/TGFBR3","GO_BP"
"GOBP_DOPAMINERGIC_NEURON_DIFFERENTIATION","GOBP_DOPAMINERGIC_NEURON_DIFFERENTIATION",24,-0.698477718708936,-1.84335752234939,0.00104977934977441,0.0298228967230214,0.0251098849786708,1699,"tags=42%, list=13%, signal=36%","FOXA2/FOXA1/FMC1/HIF1A/RAC1/CDNF/ID2/TIAM1/HPRT1/NR4A2","GO_BP"
"GOBP_POSITIVE_REGULATION_OF_DNA_BIOSYNTHETIC_PROCESS","GOBP_POSITIVE_REGULATION_OF_DNA_BIOSYNTHETIC_PROCESS",43,0.633676291201217,1.77195922846792,0.00105548116196718,0.0298228967230214,0.0251098849786708,1228,"tags=33%, list=10%, signal=29%","CHTF8/PARN/CCT4/CCT5/CCT3/PCNA/CCT7/HSP90AA1/CCT6A/CCT2/RFC2/RFC4/WRAP53/TCP1","GO_BP"
"GOBP_REGULATION_OF_VASCULATURE_DEVELOPMENT","GOBP_REGULATION_OF_VASCULATURE_DEVELOPMENT",234,-0.384487194541961,-1.4625331474212,0.00106019514354388,0.0298228967230214,0.0251098849786708,1944,"tags=24%, list=15%, signal=20%","PPP1R16B/TNFAIP3/TGFBR2/JUP/CXCL12/SEMA5A/CD160/ACVRL1/ATF2/EPHA2/RUNX1/NRP1/JAK1/HMGB1/EFNA1/VEGFB/TBXA2R/C5AR1/TSPAN18/ROCK2/NF1/ETS1/QKI/KDR/THBS1/AKT3/HIF1A/NFE2L2/TEK/NPR1/HIPK2/KLF2/SP1/PIK3CD/BMPER/BTG1/SIRT1/RHOJ/STAB1/FYN/GATA6/FLT1/GAB1/ADM/CXCR4/SPRY2/ANGPT2/SASH1/SPRED1/ADAMTS1/CDH5/HMOX1/SEMA6A/KLF4/RHOB","GO_BP"
"GOBP_HEART_TRABECULA_MORPHOGENESIS","GOBP_HEART_TRABECULA_MORPHOGENESIS",27,-0.693638588900579,-1.8627484914595,0.00108094602414483,0.0300357989757804,0.0252891415789981,2765,"tags=59%, list=22%, signal=46%","SRF/ADGRG6/HEY1/NACA/SOS1/ENG/UBE4B/BMPR1A/RBPJ/DLL4/TEK/FKBP1A/S1PR1/ADAMTS1/HEY2/TGFBR3","GO_BP"
"GOBP_ALPHA_BETA_T_CELL_ACTIVATION","GOBP_ALPHA_BETA_T_CELL_ACTIVATION",155,-0.424748690045659,-1.5501274841698,0.00107639247206988,0.0300357989757804,0.0252891415789981,2047,"tags=26%, list=16%, signal=22%","JAK2/CD300A/TWSG1/TGFBR2/CD160/ATF2/RUNX1/RSAD2/BCL6/NLRP3/JAK1/HMGB1/IL6ST/CD55/ITPKB/EBI3/MALT1/KLRF1/GPR65/ITCH/PTGER4/RC3H1/CTSL/GPR183/CLEC2B/BRAF/RORA/MYC/JUNB/SH3RF1/FOSL2/SOCS3/NDFIP1/NFKBIZ/GATA3/CBFB/FOXP1/CBLB/CLEC4G/PRDM1/CEBPB","GO_BP"
"GOBP_ENDOCARDIAL_CUSHION_FORMATION","GOBP_ENDOCARDIAL_CUSHION_FORMATION",24,-0.695744199528531,-1.8361434724109,0.00112459234679282,0.0308720923152704,0.0259932726953699,2721,"tags=50%, list=22%, signal=39%","TMEM100/ROBO1/ENG/TGFBR2/BMP2/BMPR1A/RBPJ/DCHS1/ACVR1/SNAI2/SMAD4/HEY2","GO_BP"
"GOBP_NEGATIVE_REGULATION_OF_MAPK_CASCADE","GOBP_NEGATIVE_REGULATION_OF_MAPK_CASCADE",133,-0.440405555009326,-1.57578919648138,0.00111844242399867,0.0308720923152704,0.0259932726953699,1080,"tags=23%, list=9%, signal=21%","IGF1/NF1/CNKSR3/ITCH/PDCD4/ERRFI1/SPRED2/RANBP9/DUSP6/IGF1R/PEBP1/DUSP19/MYC/DAB2/SMAD4/LYN/IRAK3/SPRY2/RNF149/HIPK3/TRIB1/SPRY1/FOXO1/SPRED1/DUSP1/SEMA6A/KLF4/DUSP5/RGS2/DUSP10","GO_BP"
"GOBP_TELOMERASE_RNA_LOCALIZATION","GOBP_TELOMERASE_RNA_LOCALIZATION",19,0.75369867694513,1.77917280300607,0.00116639672123211,0.0310489165430164,0.0261421528011953,1353,"tags=58%, list=11%, signal=52%","PARN/CCT4/CCT5/CCT3/RUVBL1/CCT7/CCT6A/CCT2/WRAP53/TCP1/NHP2","GO_BP"
"GOBP_BINDING_OF_SPERM_TO_ZONA_PELLUCIDA","GOBP_BINDING_OF_SPERM_TO_ZONA_PELLUCIDA",17,0.768632779339929,1.76476724042699,0.00117191433956525,0.0310489165430164,0.0261421528011953,1399,"tags=47%, list=11%, signal=42%","CCT4/CCT5/CCT3/CCT7/ALDOA/CCT2/TCP1/SPA17","GO_BP"
"GOBP_REGULATION_OF_EPITHELIAL_TO_MESENCHYMAL_TRANSITION","GOBP_REGULATION_OF_EPITHELIAL_TO_MESENCHYMAL_TRANSITION",80,-0.520827568298019,-1.72109634186932,0.00116236070988599,0.0310489165430164,0.0261421528011953,2595,"tags=39%, list=21%, signal=31%","SDCBP/APLF/GSK3B/ENG/KDM1A/PTEN/SMAD3/KAT8/EMP2/HDAC2/TGFBR2/FOXA2/BMP2/PTK2/FOXA1/EFNA1/WWTR1/QKI/ACVR1/SPRED2/OLFM1/DAB2/FBXO11/FERMT2/SMAD4/GATA3/SPRY2/SPRY1/SPRED1/TCF7L2/TIAM1","GO_BP"
"GOBP_REGULATION_OF_MITOTIC_NUCLEAR_DIVISION","GOBP_REGULATION_OF_MITOTIC_NUCLEAR_DIVISION",84,0.535573801733817,1.65293725592648,0.00116204349651594,0.0310489165430164,0.0261421528011953,2379,"tags=37%, list=19%, signal=30%","PRAP1/MAD2L1BP/CDK5RAP2/ANAPC5/DAPK3/ZWINT/KLHL22/PRMT5/MKI67/FBXW5/NME6/CDC20/MAD2L2/CDCA8/SPHK1/INCENP/ZW10/AURKAIP1/PLK1/PIN1/CHEK1/NUSAP1/BIRC5/MAD1L1/CCNB1/RCC1/PDGFRB/AURKA/XRCC3/CENPF/CCDC8","GO_BP"
"GOBP_MIRNA_METABOLIC_PROCESS","GOBP_MIRNA_METABOLIC_PROCESS",86,-0.488814999304279,-1.64142925649999,0.00115283316308365,0.0310489165430164,0.0261421528011953,1776,"tags=26%, list=14%, signal=22%","JUN/BMP2/FOXA1/POU2F1/PPARA/BMPR1A/YY1/NFIB/ETS1/AGO4/QKI/RC3H1/HIF1A/DICER1/FOXO3/MYC/SMAD4/TUT7/GATA3/KLF4/EGR1/FOS","GO_BP"
"GOBP_REGULATION_OF_HORMONE_SECRETION","GOBP_REGULATION_OF_HORMONE_SECRETION",172,-0.406969183898032,-1.51110814311219,0.00116780476491212,0.0310489165430164,0.0261421528011953,2047,"tags=25%, list=16%, signal=21%","JAK2/NDUFAF2/GJA1/MIDN/GLUD1/ACVR1C/FOXA2/F2RL2/SNX6/PASK/BMP6/HCAR2/RASL10B/ABAT/TNFSF11/EDN1/FGFR1/RAB8B/VSNL1/PLCB1/HIF1A/GNAI1/RAC1/ENY2/AGTR1/SYBU/DAB2/INHBB/SLC16A1/GNAS/PPP3CB/SMAD4/CD38/RFX3/IRS1/NR0B2/CRHBP/FOXO1/PER2/TCF7L2/ITSN1/PRKAR1A/IRS2","GO_BP"
"GOBP_UBIQUINONE_METABOLIC_PROCESS","GOBP_UBIQUINONE_METABOLIC_PROCESS",20,0.739638013174223,1.77285790517167,0.00121223562323714,0.0319315476016857,0.026885298732579,1777,"tags=35%, list=14%, signal=30%","AIFM2/FDXR/COQ8B/ADCK2/RTN4IP1/UBIAD1/NQO1","GO_BP"
"GOBP_NEGATIVE_REGULATION_OF_MULTICELLULAR_ORGANISM_GROWTH","GOBP_NEGATIVE_REGULATION_OF_MULTICELLULAR_ORGANISM_GROWTH",10,-0.856628378702502,-1.83360400955578,0.00123864336747092,0.0322542732889428,0.0271570230040993,1096,"tags=70%, list=9%, signal=64%","ADRB2/PLAC8/PTCH1/LGMN/GNAS/FXN/SOCS2","GO_BP"
"GOBP_REGULATION_OF_KINASE_ACTIVITY","GOBP_REGULATION_OF_KINASE_ACTIVITY",225,-0.392793757259153,-1.48933621997831,0.0012368673020916,0.0322542732889428,0.0271570230040993,1145,"tags=27%, list=9%, signal=25%","JAK2/CD300A/ETAA1/EMP2/MIDN/NPM1/CD4/CCNT2/SNX9/ABI1/RBL1/DEPTOR/SNX6/PTK2/RAP1A/CSF1R/CCNY/RASIP1/PAK2/CEP43/FGFR1/IGF1/RAP2C/TLR6/PDCD4/RASSF2/RAP2B/ERRFI1/PIM1/SYNPO2/HERC5/DIRAS3/PRKCH/TRIB2/LATS1/HNRNPU/MMD/CCNK/LMO4/CDKN1B/NEDD9/LYN/SIRT1/ADAM17/SYAP1/CDKN1C/PRLR/MAP3K5/FLT1/HIPK3/TRIB1/MAP2K1/SASH1/LCP2/DUSP1/LDB2/LATS2/DIPK2A/TCIM/ERN1","GO_BP"
"GOBP_MIRNA_TRANSCRIPTION","GOBP_MIRNA_TRANSCRIPTION",60,-0.556191262512253,-1.76641541873753,0.00125767526945639,0.0325242163985084,0.0273843061045617,1776,"tags=28%, list=14%, signal=24%","JUN/BMP2/FOXA1/POU2F1/PPARA/BMPR1A/YY1/NFIB/ETS1/HIF1A/FOXO3/MYC/SMAD4/GATA3/KLF4/EGR1/FOS","GO_BP"
"GOBP_POSITIVE_REGULATION_OF_HORMONE_SECRETION","GOBP_POSITIVE_REGULATION_OF_HORMONE_SECRETION",101,-0.467398133647375,-1.59820978395563,0.00126328424457669,0.0325242163985084,0.0273843061045617,1531,"tags=23%, list=12%, signal=20%","BMP6/HCAR2/RASL10B/ABAT/TNFSF11/EDN1/FGFR1/RAB8B/VSNL1/PLCB1/HIF1A/RAC1/SYBU/DAB2/INHBB/PPP3CB/SMAD4/CD38/NR0B2/TCF7L2/ITSN1/PRKAR1A/IRS2","GO_BP"
"GOBP_POSITIVE_REGULATION_OF_MIRNA_TRANSCRIPTION","GOBP_POSITIVE_REGULATION_OF_MIRNA_TRANSCRIPTION",42,-0.610805402097096,-1.78573150552676,0.00127271959692005,0.0325830517031724,0.0274338434699799,1776,"tags=33%, list=14%, signal=29%","JUN/BMP2/FOXA1/POU2F1/BMPR1A/ETS1/HIF1A/FOXO3/MYC/SMAD4/GATA3/KLF4/EGR1/FOS","GO_BP"
"GOBP_REGULATION_OF_FAT_CELL_DIFFERENTIATION","GOBP_REGULATION_OF_FAT_CELL_DIFFERENTIATION",100,-0.471168656388392,-1.61477869810575,0.00132322740672491,0.0336868563823766,0.0283632102176554,2013,"tags=33%, list=16%, signal=28%","ASXL1/KLF5/CREBL2/SMAD3/ZFPM2/TMEM64/RUNX1T1/HES1/BMP2/FRZB/SULT1E1/SAV1/STK3/WDFY2/WWTR1/PIM1/SNAI2/RORA/ENPP1/TRIB2/RREB1/ZFP36L1/HNRNPU/STK4/FERMT2/SIRT1/ZFP36L2/SYAP1/FOXO1/ID2/ZFP36/CEBPB/DUSP10","GO_BP"
"GOBP_POSITIVE_REGULATION_OF_PROTEIN_MATURATION","GOBP_POSITIVE_REGULATION_OF_PROTEIN_MATURATION",21,0.732875938267811,1.77357846246011,0.00134303471804245,0.033774138743666,0.0284366990565498,1535,"tags=29%, list=12%, signal=25%","ENO1/ANXA2/MMP14/ANGPTL8/PLGRKT/GSN","GO_BP"
"GOBP_ANIMAL_ORGAN_FORMATION","GOBP_ANIMAL_ORGAN_FORMATION",41,-0.599145295901232,-1.74676462692087,0.00134889033384841,0.033774138743666,0.0284366990565498,2016,"tags=34%, list=16%, signal=29%","EMP2/TGFBR2/HES1/BMP2/BMPR1A/RBPJ/FGFR1/MEF2C/RDH10/PIM1/CITED2/GATA6/MAP2K1/SPRY1","GO_BP"
"GOBP_LEARNING","GOBP_LEARNING",99,-0.470234481784773,-1.61469080922297,0.00133812103832164,0.033774138743666,0.0284366990565498,1212,"tags=19%, list=10%, signal=17%","PDE1B/FOXP2/NF1/SYNJ1/PLCB1/HIF1A/MEIS2/BCHE/BRAF/INSR/PIAS1/LGMN/PPP3CB/YTHDF1/FYN/PRKAR2B/ATP8A1/PTN/FOS","GO_BP"
"GOBP_FOREBRAIN_DEVELOPMENT","GOBP_FOREBRAIN_DEVELOPMENT",265,-0.366683721025498,-1.40732275272927,0.00135690083773763,0.0337890552872697,0.0284492582890632,2317,"tags=28%, list=18%, signal=23%","EGFR/LPAR1/RAPGEF2/ZEB2/TTBK2/PTEN/TOX/ATP7A/LRRK2/CDON/AVPR1A/SYNE2/TWSG1/PGAP1/BLOC1S6/FGF13/CXCL12/DISC1/SEMA5A/HES1/TCTN1/BMP2/SHANK3/CSF1R/BMPR1A/HOOK3/NRP1/SSTR1/ALDH1A3/RBPJ/KIF26A/PTPRS/C21orf91/P2RY12/PEX13/NFIB/FGFR1/SUN1/FOXP2/NF1/YWHAE/AXL/SIN3A/TTC8/CEP120/PLCB1/HDAC1/ZMIZ1/HIF1A/CDH2/NR2F2/RAC1/AKIRIN2/PROX1/SRD5A1/SLC38A2/INHBB/ATP1B2/TMEM14B/LHX2/SKI/FYN/NRP2/PHACTR1/BNIP3/KDM2B/FOXP1/ID2/ZSWIM6/HPRT1/DLC1/NR4A2/FOS","GO_BP"
"GOBP_REGULATION_OF_DNA_BIOSYNTHETIC_PROCESS","GOBP_REGULATION_OF_DNA_BIOSYNTHETIC_PROCESS",79,0.538947397330597,1.65508705826471,0.00136803877213372,0.03388126459029,0.0285268954486694,1612,"tags=29%, list=13%, signal=26%","CHTF8/CDKN1A/TINF2/NIBAN2/PDGFA/PARN/CCT4/CCT5/CCT3/PCNA/CCT7/SMG5/HSP90AA1/NAT10/CCT6A/CCT2/RFC2/RFC4/WRAP53/TCP1/PINX1/SMG6/GNL3L","GO_BP"
"GOBP_VENTRICULAR_CARDIAC_MUSCLE_TISSUE_DEVELOPMENT","GOBP_VENTRICULAR_CARDIAC_MUSCLE_TISSUE_DEVELOPMENT",40,-0.606877866009106,-1.74317791856086,0.00139078647286451,0.0342584538207761,0.0288444762082,729,"tags=25%, list=6%, signal=24%","BMPR1A/RBPJ/DLL4/PROX1/FKBP1A/SMAD4/HEY2/ID2/MBD2/TGFBR3","GO_BP"
"GOBP_STEROL_BIOSYNTHETIC_PROCESS","GOBP_STEROL_BIOSYNTHETIC_PROCESS",63,0.551343970715444,1.64400387244344,0.00140087170266493,0.0343213567152907,0.0288974383486908,2139,"tags=48%, list=17%, signal=40%","CES1/DHCR24/PMVK/CYB5R1/CYP51A1/TM7SF2/MVK/MVD/DHCR7/NSDHL/FDPS/CYB5R2/LSS/FDFT1/SREBF2/CYP7A1/HMGCS1/ABCA2/CFTR/KPNB1/IDI1/SQLE/ACLY/CYB5R3/APOE/NPC1L1/HMGCR/PLPP6/SCAP/EBP","GO_BP"
"GOBP_NEGATIVE_REGULATION_OF_CELL_CELL_ADHESION","GOBP_NEGATIVE_REGULATION_OF_CELL_CELL_ADHESION",156,-0.419875776711865,-1.53918003996319,0.00141435470042326,0.0344663870044322,0.0290195490179724,2047,"tags=25%, list=16%, signal=21%","JAK2/CD300A/CD9/VSIG4/MARCHF7/TWSG1/RIPOR2/CXCL12/RUNX1/BMP2/PTK2/PDCD1LG2/BCL6/BMP6/SOCS6/PPARA/LILRB2/HMGB1/TNFRSF21/TNFAIP8L2/PRNP/ITCH/RC3H1/NOTCH4/UFL1/UBASH3B/CR1/SDC4/FGL2/NDFIP1/IL1RN/CBFB/MAP2K1/CBLB/CLEC4G/KLF4/PRKAR1A/CEBPB/PELI1","GO_BP"
"GOBP_ENDOTHELIUM_DEVELOPMENT","GOBP_ENDOTHELIUM_DEVELOPMENT",127,-0.440859651313882,-1.57010506359378,0.00142369080650847,0.0345093564109525,0.0290557278259986,1944,"tags=32%, list=15%, signal=28%","PPP1R16B/BLOC1S6/GSTM3/ACVRL1/ARHGEF26/EDNRB/RAP1A/BMP6/NRP1/CD2AP/RBPJ/FZD4/PTPRS/ACVR2B/EDN1/ROCK2/PDE4D/RAP2C/BMPR2/PLCB1/NOTCH4/KDR/ACVR1/RAP2B/SOX18/ROBO4/DLL4/MET/NR2F2/PROX1/PDE2A/RAP1B/S1PR1/SMAD4/BTG1/MAGI1/FOXP1/CDH5/HEY2/RHOB/APOLD1","GO_BP"
"GOBP_RESPONSE_TO_INSULIN","GOBP_RESPONSE_TO_INSULIN",228,-0.384797236032056,-1.45879764110584,0.00145219208926626,0.0350139648189755,0.0294805912858565,1804,"tags=23%, list=14%, signal=20%","ACVR1C/HMGCS2/APPL1/PIK3CA/NAMPT/SIK2/GPR82/RAB31/PPARA/UPRT/ZBED3/CD2AP/AP3S1/GOT1/KBTBD2/IGF1/CPEB2/GRB10/SNX5/ERRFI1/SORBS1/PRKCI/TBC1D4/GCNT1/PIP4K2A/IGF1R/INSR/KANK1/SP1/EEF2K/ENPP1/SRD5A1/ZFP36L1/G6PC1/INHBB/PCK1/SOCS3/LYN/SIRT1/HDAC9/IRS1/SYAP1/GAB1/PRKAA1/FOXO1/C2CD5/PDK4/FABP3/IGFBP1/EGR1/IRS2/FOS","GO_BP"
"GOBP_GLUCOSE_CATABOLIC_PROCESS","GOBP_GLUCOSE_CATABOLIC_PROCESS",26,0.677947807194317,1.73854433578092,0.0014641217628187,0.0351158045956042,0.0295663369832363,958,"tags=27%, list=8%, signal=25%","ENO1/PFKL/TPI1/ENO3/GCK/GPI/PGK1","GO_BP"
"GOBP_3_UTR_MEDIATED_MRNA_DESTABILIZATION","GOBP_3_UTR_MEDIATED_MRNA_DESTABILIZATION",14,-0.800671784060391,-1.83574737454483,0.00147567823394122,0.0351917868652316,0.029630311521608,1713,"tags=50%, list=14%, signal=43%","HNRNPD/PUM2/RC3H1/ZFP36L1/ZFP36L2/ZFP36/CPEB3","GO_BP"
"GOBP_REGULATION_OF_ALTERNATIVE_MRNA_SPLICING_VIA_SPLICEOSOME","GOBP_REGULATION_OF_ALTERNATIVE_MRNA_SPLICING_VIA_SPLICEOSOME",45,-0.585724214476555,-1.7567088297078,0.001482734930464,0.0351917868652316,0.029630311521608,2790,"tags=49%, list=22%, signal=38%","CELF2/THUMPD2/ARGLU1/WTAP/KHDRBS3/RBPMS/THRAP3/TIA1/ARB2A/RBM15/NOVA2/CELF1/MAGOH/SAP18/SRSF8/HNRNPU/FMR1/SMU1/YTHDC1/KHDRBS1/RBM47/DYRK1A","GO_BP"
"GOBP_RESPONSE_TO_FIBROBLAST_GROWTH_FACTOR","GOBP_RESPONSE_TO_FIBROBLAST_GROWTH_FACTOR",79,-0.497639426588746,-1.64108579491511,0.00155755845179181,0.036776134014587,0.0309642790116235,1181,"tags=20%, list=9%, signal=18%","FGFRL1/NPTN/IQGAP1/FGFR1/IER2/HHIP/THBS1/DLL4/ZFP36L1/CCN2/ZFP36L2/GATA3/SPRY2/SPRY1/ZFP36/NR4A1","GO_BP"
"GOBP_REGULATION_OF_RECEPTOR_SIGNALING_PATHWAY_VIA_STAT","GOBP_REGULATION_OF_RECEPTOR_SIGNALING_PATHWAY_VIA_STAT",61,-0.535875399236349,-1.70411884312238,0.00156790508312773,0.0368296054835725,0.0310093002061887,1260,"tags=21%, list=10%, signal=19%","HES1/OCIAD1/LEPROT/PTPRT/IL10RA/RAC1/TSLP/NLK/PTPRD/SOCS3/PRLR/SOCS2/CALM1","GO_BP"
"GOBP_NEGATIVE_REGULATION_OF_BONE_MINERALIZATION","GOBP_NEGATIVE_REGULATION_OF_BONE_MINERALIZATION",14,-0.798944041112709,-1.83178607649083,0.00158033456819271,0.036931203216688,0.0310948421109982,756,"tags=43%, list=6%, signal=40%","CCR1/HIF1A/ENPP1/CCL3/SRGN/RFLNB","GO_BP"
"GOBP_NUCLEAR_TRANSCRIBED_MRNA_CATABOLIC_PROCESS_DEADENYLATION_DEPENDENT_DECAY","GOBP_NUCLEAR_TRANSCRIBED_MRNA_CATABOLIC_PROCESS_DEADENYLATION_DEPENDENT_DECAY",54,-0.560533488100609,-1.73580129947222,0.00160440927839137,0.0373025157225995,0.031407474864321,870,"tags=22%, list=7%, signal=21%","RC3H1/TNRC6C/TENT4A/CNOT6/PAN3/ZFP36L1/HNRNPU/CNOT6L/ZFP36L2/TOB1/ZFP36/CPEB3","GO_BP"
"GOBP_ESTABLISHMENT_OF_PROTEIN_LOCALIZATION_TO_ORGANELLE","GOBP_ESTABLISHMENT_OF_PROTEIN_LOCALIZATION_TO_ORGANELLE",398,0.386293004834279,1.40139818586252,0.00162107761698128,0.0374987345207294,0.0315726845519464,2500,"tags=27%, list=20%, signal=22%","TSPAN17/HSPA8/IPO13/ATG13/NMT1/SAE1/SQSTM1/BBC3/SEC61A1/BECN1/CDKN1A/NUP93/TIMM17A/TOMM40L/UBAP1/PEX26/KPNA2/BCAP31/KPNA6/SAMM50/LMNA/MON1A/MACROH2A2/BAX/TOMM34/TIMM44/PINK1/HSP90AA1/TNPO3/LAMP1/POLA2/AIFM1/SIRT4/TIMM22/LRSAM1/DNAJA1/VPS25/CCT6A/FAM53C/SREBF2/MTCH2/CWH43/SRPRB/CFL1/BID/DDIT3/WRAP53/SNF8/TCP1/SGTA/HSPA4/PEX6/KPNB1/AP3D1/IPO9/HDAC3/SRP68/ADAR/HSPA5/NCOA4/PITRM1/TOMM7/TOMM40/PEX16/PIN1/VPS37C/MVB12B/VPS37D/KPNA1/TIMM13/HEATR3/SRPRA/M6PR/TSPO/CDK1/BAG3/TIMM50/TIMM10B/CALM3/ARIH2/RNF31/EI24/PSEN1/FLNA/RUVBL2/NEURL1B/PMPCA/LRWD1/TSG101/GFER/FAM53B/PEX14/XBP1/UBL4A/NEURL3/ECT2/SIRT6/MICALL2/IFT122/SPCS1/AKT1/CDH1/RAN/HACL1/SNUPN/VPS53","GO_BP"
"GOBP_NEGATIVE_REGULATION_OF_LYMPHOCYTE_ACTIVATION","GOBP_NEGATIVE_REGULATION_OF_LYMPHOCYTE_ACTIVATION",129,-0.44119093675972,-1.57523319932032,0.00163923062008374,0.0375375574659377,0.0316053721777584,2045,"tags=29%, list=16%, signal=24%","CD300A/VSIG4/ATM/MARCHF7/TWSG1/RIPOR2/TNFAIP3/RUNX1/LST1/PDCD1LG2/BCL6/SOCS6/FCGR2B/LILRB2/HMGB1/RASSF5/TNFRSF21/TNFAIP8L2/SAMSN1/PRNP/ITCH/AXL/RC3H1/UFL1/CR1/SDC4/FGL2/LYN/INPP5D/NDFIP1/CBFB/CBLB/ID2/CLEC4G/PRKAR1A/CEBPB/PELI1","GO_BP"
"GOBP_RESPONSE_TO_ENDOPLASMIC_RETICULUM_STRESS","GOBP_RESPONSE_TO_ENDOPLASMIC_RETICULUM_STRESS",251,0.412758486540561,1.43975005629759,0.00163382983944313,0.0375375574659377,0.0316053721777584,1705,"tags=22%, list=13%, signal=20%","BBC3/IKBKG/FBXO2/TMEM129/VCP/CREB3/DDRGK1/RNF121/BCL2L1/FBXO27/NHLRC1/TRAF2/EIF4G1/DAB2IP/P4HB/BAK1/BCAP31/UBAC2/AMFR/MAN1B1/TRIM25/NPLOC4/FBXO6/BAX/AKT2/DNAJB2/FBXO44/ANKS4B/DERL3/ERP29/HM13/RNF185/AIFM1/FICD/HYOU1/TMUB1/ATAD3A/CALR/DDIT3/TBL2/CASP4/CCND1/MANF/SGTA/NR1H2/CFTR/USP19/OS9/DNAJB12/PSMC6/HSPA5/ATF6B/EDEM2/TRIB3/EEF2/RHBDD2","GO_BP"
"GOBP_NEURON_FATE_COMMITMENT","GOBP_NEURON_FATE_COMMITMENT",28,-0.699263042264221,-1.89636809446549,0.00164755683435212,0.037539582470713,0.0316070771642814,1594,"tags=36%, list=13%, signal=31%","FOXA1/NFIA/RBPJ/NFIB/DLL4/PROX1/ZNF521/LMO4/SMAD4/ID2","GO_BP"
"GOBP_ENDOCARDIAL_CUSHION_MORPHOGENESIS","GOBP_ENDOCARDIAL_CUSHION_MORPHOGENESIS",34,-0.643143641137473,-1.79303936281332,0.00165991976227435,0.0376331062521603,0.0316858210709087,2797,"tags=47%, list=22%, signal=37%","MDM4/TMEM100/HEY1/ROBO1/ENG/ADAMTS5/TGFBR2/ACVRL1/BMP2/BMPR1A/RBPJ/DCHS1/ACVR1/SNAI2/SMAD4/HEY2","GO_BP"
"GOBP_SKELETAL_MUSCLE_ORGAN_DEVELOPMENT","GOBP_SKELETAL_MUSCLE_ORGAN_DEVELOPMENT",123,-0.431846138251318,-1.53030521022363,0.00166819704900539,0.0376335344174138,0.0316861815717804,1181,"tags=33%, list=9%, signal=30%","HLF/NACA/CAV1/VPS54/IGF2/FXR1/ELN/ASS1/KLF5/DMD/SKIL/KAT8/CDON/TCF21/MEGF10/YBX3/CCNT2/ABCC9/CFL2/FOXN2/FGFRL1/FOXP2/NF1/MEF2C/ERO1A/NR2F2/MYC/PPP3CB/CITED2/DISP1/GPCPD1/HDAC9/MAFF/SKI/ZBTB18/PRKAA1/EGR1/BASP1/NR4A1/FOS","GO_BP"
"GOBP_ALCOHOL_BIOSYNTHETIC_PROCESS","GOBP_ALCOHOL_BIOSYNTHETIC_PROCESS",125,0.486365116103455,1.58601382487362,0.00170870504976999,0.0379832629843992,0.0319806413679672,2252,"tags=36%, list=18%, signal=30%","DHDDS/ITPKC/CES1/DHCR24/PMVK/IP6K1/CYP51A1/TM7SF2/MVK/MVD/SPHK2/DHCR7/NSDHL/FDPS/LSS/DHRSX/FDFT1/SREBF2/WNT4/GBA1/CYP7A1/DHFR/HMGCS1/ABCA2/CFTR/KPNB1/IDI1/SPHK1/ASAH2/ACER3/ACLY/CYB5R3/APOE/PGP/DGKQ/NPC1L1/IP6K2/HMGCR/PPIP5K1/MOXD1/PLPP6/SCAP/EBP/DKK3/SPTLC3","GO_BP"
"GOBP_ANATOMICAL_STRUCTURE_MATURATION","GOBP_ANATOMICAL_STRUCTURE_MATURATION",173,-0.412164907747505,-1.52957542767813,0.00170310192738885,0.0379832629843992,0.0319806413679672,1841,"tags=25%, list=15%, signal=22%","CLEC7A/IFT80/ACVRL1/HES1/BRD1/BMP2/EDNRB/FOXA1/H3-3B/PTBP3/NSUN2/RBPJ/FEM1B/PLD6/DCHS1/EDN1/FGFR1/IGF1/NF1/SEMA4D/AXL/KDR/L3MBTL3/SOX18/ANKS1A/HIF1A/RAC1/FOXO3/KLF2/EPAS1/S1PR1/FZD5/TAL1/RFX3/CDKN1C/TUT7/GATA3/NTN4/CBFB/RFLNB/CDH5/ID2/RERE/NR4A2","GO_BP"
"GOBP_REGULATION_OF_PROTEASOMAL_PROTEIN_CATABOLIC_PROCESS","GOBP_REGULATION_OF_PROTEASOMAL_PROTEIN_CATABOLIC_PROCESS",182,0.443302455946786,1.50361088028504,0.00169954560274944,0.0379832629843992,0.0319806413679672,1756,"tags=24%, list=14%, signal=21%","USP5/TREM2/HSP90AB1/PSME3/VCP/PSMC1/DDRGK1/GNA12/DAB2IP/BCAP31/PSMC3/GIPC1/NUB1/GABARAP/HFE/CSNK1D/DNAJB2/PINK1/PSMD14/UBQLN4/PSME2/RNF185/FBXO22/FZR1/PSMC4/N4BP1/CDC20/GBA1/CEBPA/RHBDF1/KEAP1/SGTA/USP19/DESI1/PSMC6/TF/PSMC5/APOE/PLK1/TRIB3/CHFR/CSNK1E/TRIM39","GO_BP"
"GOBP_PROTEIN_LOCALIZATION_TO_MITOCHONDRION","GOBP_PROTEIN_LOCALIZATION_TO_MITOCHONDRION",127,0.48008774575056,1.57023839775378,0.00172072571886623,0.0380647917518127,0.032049285872598,1965,"tags=28%, list=16%, signal=24%","ATG13/NMT1/SAE1/BBC3/TIMM17A/TOMM40L/BCAP31/SAMM50/BAX/TOMM34/TIMM44/PINK1/HSP90AA1/AIFM1/SIRT4/TIMM22/DNAJA1/ISG15/SREBF2/MTCH2/BID/DDIT3/HSPA4/PITRM1/TOMM7/TOMM40/PIN1/TIMM13/TSPO/BAG3/TIMM50/TIMM10B/CALM3/ARIH2/RNF31","GO_BP"
"GOBP_CELLULAR_RESPONSE_TO_METAL_ION","GOBP_CELLULAR_RESPONSE_TO_METAL_ION",138,-0.425554880359462,-1.53837367430447,0.00173333842363012,0.038158566166582,0.0321282408041281,1906,"tags=33%, list=15%, signal=28%","MT1G/LIG4/KCNJ10/JUN/SUMO1/ABCC9/MT1A/SLC1A1/MT1M/BMP6/ADGRV1/CPNE3/PKD2/ITPKB/MICU3/MT2A/PRNP/CPNE8/EDN1/IQGAP1/MT1F/NFATC2/MEF2C/HVCN1/NFE2L2/MT1E/SOD1/BRAF/EEF2K/JUND/JUNB/LGMN/RASGRP2/INHBB/CDKN1B/CRHBP/BNIP3/CAMK2D/PRKAA1/ID2/HMOX1/MEF2A/CPNE2/MT1X/FOS","GO_BP"
"GOBP_REGULATION_OF_CALCIUM_ION_TRANSMEMBRANE_TRANSPORTER_ACTIVITY","GOBP_REGULATION_OF_CALCIUM_ION_TRANSMEMBRANE_TRANSPORTER_ACTIVITY",19,-0.743914157515038,-1.85720396891654,0.00176067659497509,0.0385740540543342,0.0324780677564991,451,"tags=26%, list=4%, signal=25%","FMR1/VMP1/CAMK2D/NIPSNAP2/CALM1","GO_BP"
"GOBP_CORONARY_VASCULATURE_MORPHOGENESIS","GOBP_CORONARY_VASCULATURE_MORPHOGENESIS",14,-0.797167192923316,-1.82771219195589,0.00178964752410994,0.0389124597169618,0.0327629940446336,126,"tags=29%, list=1%, signal=28%","NRP1/SPRED1/HEY2/TGFBR3","GO_BP"
"GOBP_CARDIAC_CELL_DEVELOPMENT","GOBP_CARDIAC_CELL_DEVELOPMENT",68,-0.513257208666212,-1.65942331123628,0.00180173996056154,0.0389124597169618,0.0327629940446336,1494,"tags=28%, list=12%, signal=25%","PPARA/BMPR1A/CXADR/YY1/EDN1/IGF1/PDCD4/PDLIM5/PROX1/HNRNPU/SLC8A1/MEIS1/SMAD4/SPRY1/FOXP1/HEY2/MEF2A/TGFBR3/RGS2","GO_BP"
"GOBP_PROTEIN_FOLDING","GOBP_PROTEIN_FOLDING",188,0.433566216506608,1.47260259645752,0.0017967878830562,0.0389124597169618,0.0327629940446336,1511,"tags=22%, list=12%, signal=20%","HSPA8/HSP90AB1/SIL1/P4HB/CCT4/CCT5/CCT3/CCT7/DNAJC5/DNAJB2/UNC45A/ERP29/PDCL3/PPIL1/MPDU1/DNAJB1/HSP90AA1/GRN/AIFM1/PDRG1/DNAJA1/AHSA1/RIC8A/CCT6A/CCT2/HYOU1/CALR/NUDCD3/PPID/PPIF/CDC123/TCP1/HSPA4/TBCD/QSOX1/BAG1/DNAJA3/PPIC/DNAJB12/DNAJB5/HSPA5/HSPH1","GO_BP"
"GOBP_TRABECULA_MORPHOGENESIS","GOBP_TRABECULA_MORPHOGENESIS",38,-0.611859978616846,-1.73435495631334,0.00181381745345724,0.0389885195066256,0.0328270338522921,2765,"tags=45%, list=22%, signal=35%","ADGRG6/HEY1/NACA/SOS1/ENG/UBE4B/CHAD/BMPR1A/RBPJ/SEMA4D/DLL4/TEK/FKBP1A/S1PR1/ADAMTS1/HEY2/TGFBR3","GO_BP"
"GOBP_VACUOLE_ORGANIZATION","GOBP_VACUOLE_ORGANIZATION",220,0.430600071150914,1.49220872207936,0.00183282105426656,0.0390743582890807,0.0328993072459257,1921,"tags=23%, list=15%, signal=20%","ATG13/TMEM63A/BECN1/VPS18/PHF23/PIP4K2C/ANXA2/MTOR/ATG4A/SYT7/ATP6V0A1/CTSD/GABARAP/ATG9A/CHMP1A/AMBRA1/ATG7/STBD1/SNX7/PI4KB/PINK1/TOM1/TRIM32/LAMP1/VIPAS39/HEXA/NSFL1C/MAP1LC3A/RAB7B/GRN/EPHB2/LRSAM1/TMEM9/CLN8/GBA1/WIPI2/CHMP6/CLN6/TFEB/RAB1B/ATG16L1/ATG101/HPS1/TMEM175/NAGLU/ACP2/WIPI1/TBC1D14/BAG3/HEXB/TCIRG1","GO_BP"
"GOBP_TAXIS","GOBP_TAXIS",329,-0.343105288635994,-1.3486494818058,0.00183495998987564,0.0390743582890807,0.0328993072459257,1858,"tags=21%, list=15%, signal=18%","CXCL12/ABCC1/MACO1/PDE4B/CCL14/LYST/SEMA5A/CCL2/EPHA2/PTK2/EDNRB/SUCNR1/MTUS1/CSF1R/CXADR/NRP1/HMGB1/TNFSF11/VEGFB/CYSLTR1/NOVA2/VAV1/C5AR1/P2RY12/EDN1/AIF1/FGFR1/IL16/TMSB4X/SEMA4D/NTF3/BMPR2/CCL23/KDR/CCL4/THBS1/GPR183/CCR1/FOLR2/FCER1G/MET/VAV3/CMTM3/RAC1/S1PR1/AGTR1/LGMN/PIK3CD/CCL3/EFNB2/CXCL16/CCN1/NEDD9/LYN/ADAM17/YTHDF1/FLT1/GAB1/NRP2/VCAM1/CXCR4/MAP2K1/ANGPT2/CXCL2/DUSP1/SEMA6A/PTN/CMTM8/NR4A1","GO_BP"
"GOBP_AMEBOIDAL_TYPE_CELL_MIGRATION","GOBP_AMEBOIDAL_TYPE_CELL_MIGRATION",198,-0.395376341177573,-1.47235157918053,0.00187069496730755,0.0396500324000953,0.0333840056589278,2282,"tags=28%, list=18%, signal=23%","APPL2/ZEB2/PTEN/SMAD3/SYDE1/PTPRG/MACIR/GJA1/PKN2/ARF6/TGFBR2/MCC/CLASP2/ACVR1C/SEMA5A/VIL1/JUN/APPL1/ARHGEF7/PTK2/EDNRB/NRP1/AMOTL1/ACVR2B/DAAM2/PRR5L/EDN1/IQGAP1/SEMA4D/EPB41L4B/BMPR2/ARID5B/SMURF2/ACVR1/ARHGDIB/THBS1/HIF1A/CDH2/CENPV/RAC1/SNAI2/PROX1/BRAF/KANK1/RREB1/SDC4/SMAD4/AKAP12/RAB11A/NRP2/SASH1/SEMA6A/IRS2/DUSP10/ZFAND5","GO_BP"
"GOBP_NEGATIVE_REGULATION_OF_TRANSMEMBRANE_TRANSPORT","GOBP_NEGATIVE_REGULATION_OF_TRANSMEMBRANE_TRANSPORT",72,-0.500450821876384,-1.63326088475483,0.00190899269880001,0.0400888466748003,0.0337534726515938,1022,"tags=19%, list=8%, signal=18%","YWHAE/PPP3R1/GRB10/THBS1/UBR3/ENPP1/FMR1/PPP3CB/ISCU/KCNAB1/CAMK2D/RGS2/CALM1/IRS2","GO_BP"
"GOBP_ANTERIOR_POSTERIOR_PATTERN_SPECIFICATION","GOBP_ANTERIOR_POSTERIOR_PATTERN_SPECIFICATION",117,-0.441689371997903,-1.56658366834114,0.00190306451930446,0.0400888466748003,0.0337534726515938,2335,"tags=30%, list=18%, signal=25%","RING1/ZEB2/BMI1/SMAD3/SSBP3/CDON/ATM/PGAP1/TASOR/HOXB6/HES1/ABI1/FOXA2/BMP2/MLLT3/RNF2/BMPR1A/RBPJ/ACVR2B/YY1/PLD6/FOXF1/BMPR2/NR2F2/HIPK2/ACVR2A/PBX3/FZD5/SMAD4/SKI/ETS2/TSHZ1/KDM2B/HEY2/BASP1","GO_BP"
"GOBP_MONOSACCHARIDE_CATABOLIC_PROCESS","GOBP_MONOSACCHARIDE_CATABOLIC_PROCESS",45,0.602949122972458,1.69982078054683,0.00192909079320766,0.0401343545620609,0.0337917887757902,958,"tags=18%, list=8%, signal=16%","ENO1/PFKL/TPI1/ENO3/GCK/GLB1/GPI/PGK1","GO_BP"
"GOBP_REGULATION_OF_TRANSPORTER_ACTIVITY","GOBP_REGULATION_OF_TRANSPORTER_ACTIVITY",62,-0.510311906986054,-1.63258474673621,0.00192696099174712,0.0401343545620609,0.0337917887757902,1122,"tags=27%, list=9%, signal=25%","FGF13/SUMO1/TCAF2/SGK1/EDN1/TMSB4X/DAPK1/PIM1/FMR1/NDFIP1/COX17/VMP1/KCNAB1/CRHBP/CAMK2D/NIPSNAP2/CALM1","GO_BP"
"GOBP_DENDRITE_DEVELOPMENT","GOBP_DENDRITE_DEVELOPMENT",178,-0.403201474807272,-1.4985831339381,0.00193758130429085,0.0401343545620609,0.0337917887757902,2460,"tags=31%, list=19%, signal=25%","RELN/APP/CUX2/DIP2A/LPAR1/RAPGEF2/PTEN/ATP7A/LRRK2/SLC11A2/DOCK10/HDAC2/SCARF1/ARF6/DISC1/RAB21/ABI1/SHANK3/LST1/NCK2/BMPR1A/CAMSAP2/NRP1/KNDC1/SS18L1/FZD4/EFNA1/PTPRS/LRP4/C21orf91/PAK2/TMEM106B/SEMA4D/DGKG/ABI2/MEF2C/STRN/PDLIM5/RAC1/TNIK/EEF2K/PREX2/PTPRD/SDC2/FMR1/HECW2/FYN/PHACTR1/WASL/MEF2A/RERE/PTN/ITSN1/CPEB3/HPRT1","GO_BP"
"GOBP_CATECHOL_CONTAINING_COMPOUND_METABOLIC_PROCESS","GOBP_CATECHOL_CONTAINING_COMPOUND_METABOLIC_PROCESS",34,-0.63412118616183,-1.76788539115634,0.00198970072407848,0.0410274488670843,0.0345437444118412,1659,"tags=32%, list=13%, signal=28%","SLC1A1/RNF180/ABAT/PDE1B/GCH1/NPR1/EPAS1/ALDH2/GATA3/HPRT1/NR4A2","GO_BP"
"GOBP_TELOMERE_MAINTENANCE_VIA_TELOMERE_LENGTHENING","GOBP_TELOMERE_MAINTENANCE_VIA_TELOMERE_LENGTHENING",63,0.541390293183712,1.61432388086579,0.00204904210786434,0.0416852003818651,0.0350975492629958,1612,"tags=33%, list=13%, signal=29%","HSP90AB1/TINF2/PARN/CCT4/CCT5/CCT3/CCT7/SMG5/TNKS1BP1/HSP90AA1/MCRS1/NAT10/CCT6A/CCT2/WRAP53/TCP1/NHP2/RPA1/PINX1/SMG6/GNL3L","GO_BP"
"GOBP_TELOMERE_ORGANIZATION","GOBP_TELOMERE_ORGANIZATION",143,0.466446842903622,1.54261430221583,0.00204589604687315,0.0416852003818651,0.0350975492629958,2510,"tags=33%, list=20%, signal=27%","HSP90AB1/TINF2/XRCC6/PARN/CCT4/CCT5/CCT3/PCNA/RUVBL1/LMNA/CCT7/SMG5/FEN1/TFIP11/TNKS1BP1/HSP90AA1/PPP1CA/MCRS1/NAT10/CCT6A/CCT2/MAD2L2/INO80/RECQL4/PNKP/WRAP53/TCP1/NHP2/SHLD2/RPA1/PINX1/SMG6/GNL3L/MAPK3/DCLRE1B/TEP1/RUVBL2/INO80E/XRCC3/APEX1/RFC1/NOP10/CTC1/SIRT6/RPA2/TFPT/SMARCAL1","GO_BP"
"GOBP_POSITIVE_REGULATION_OF_TRANSMEMBRANE_TRANSPORT","GOBP_POSITIVE_REGULATION_OF_TRANSMEMBRANE_TRANSPORT",123,-0.427630861348851,-1.51536780628504,0.00203266926693823,0.0416852003818651,0.0350975492629958,1122,"tags=20%, list=9%, signal=18%","EDN1/ARL6IP1/TMSB4X/IGF1/ARPP19/PPP3R1/ATP1B1/FHL1/SORBS1/PRKCI/NFE2L2/BRAF/INSR/PPP3CB/ATP1B2/IRS1/COX17/VMP1/KCNJ2/FXYD6/NIPSNAP2/C2CD5/MEF2A/IRS2","GO_BP"
"GOBP_PURINE_CONTAINING_COMPOUND_TRANSMEMBRANE_TRANSPORT","GOBP_PURINE_CONTAINING_COMPOUND_TRANSMEMBRANE_TRANSPORT",33,0.65864286636167,1.75545771986897,0.00206668848820909,0.0418573308478614,0.0352424773778813,764,"tags=21%, list=6%, signal=20%","SLC35B2/LRRC8E/SLC29A1/SLC19A1/SLC29A3/SLC28A1/ABCC4","GO_BP"
"GOBP_LENS_FIBER_CELL_DIFFERENTIATION","GOBP_LENS_FIBER_CELL_DIFFERENTIATION",26,-0.671125965460837,-1.79116307545041,0.00212180437237539,0.0426218966589006,0.0358862163061323,2269,"tags=58%, list=18%, signal=47%","ZEB2/SMAD3/SKIL/TMOD1/EPHA2/PLAAT3/ABI2/SPRED2/PROX1/CDKN1B/CDKN1C/SPRY2/SPRY1/SPRED1/MAF","GO_BP"
"GOBP_REGULATION_OF_BIOMINERAL_TISSUE_DEVELOPMENT","GOBP_REGULATION_OF_BIOMINERAL_TISSUE_DEVELOPMENT",73,-0.503909314930447,-1.64917220732626,0.00213181056600436,0.0426218966589006,0.0358862163061323,1690,"tags=36%, list=13%, signal=31%","BMP2/ATRAID/BMPR1B/BMP6/ADGRV1/BMPR1A/ACVR2B/ADRB2/ROCK2/BMPR2/ACVR1/MEF2C/CCR1/HIF1A/BMP2K/ENPP1/S1PR1/ACVR2A/CCL3/SRGN/SLC8A1/CCN1/RFLNB/HEY2/PTN/CEBPB","GO_BP"
"GOBP_MYELOID_LEUKOCYTE_DIFFERENTIATION","GOBP_MYELOID_LEUKOCYTE_DIFFERENTIATION",193,-0.387683242037473,-1.4425702423806,0.00213249779201873,0.0426218966589006,0.0358862163061323,2011,"tags=28%, list=16%, signal=24%","VPS13A/TMEM64/NPM1/MT1G/TGFBR2/CD4/IFT80/JUN/EPHA2/LRRK1/RUNX1/BMP2/ZBTB46/GAB3/CSF1R/HCLS1/RBPJ/TNFSF11/IL33/GPR137B/PDE1B/NF1/FBXW7/EVI2B/RASSF2/QKI/L3MBTL3/UBASH3B/GPR183/CAMK4/CCR1/FCER1G/PDE2A/MYC/JUNB/PIK3CD/ZFP36L1/CCL3/FOSL2/NEDD9/CITED2/LBR/LYN/MAFB/TAL1/SIRT1/INPP5D/NDFIP1/GATA3/TRIB1/FOXP1/ID2/CEBPB/FOS","GO_BP"
"GOBP_POLYPRENOL_METABOLIC_PROCESS","GOBP_POLYPRENOL_METABOLIC_PROCESS",10,0.833657546164486,1.69758759386069,0.00215355426991625,0.0428547895546217,0.0360823043615019,883,"tags=50%, list=7%, signal=47%","AKR1B10/DHDDS/AKR1C3/DOLK/DHRSX","GO_BP"
"GOBP_UTERUS_DEVELOPMENT","GOBP_UTERUS_DEVELOPMENT",15,-0.788653752308715,-1.83107211958709,0.0021691197612414,0.0429768641390306,0.0361850870925624,1003,"tags=40%, list=8%, signal=37%","GREB1L/ERRFI1/SMAD4/CITED2/CDKN1C/GATA3","GO_BP"
"GOBP_TOLERANCE_INDUCTION","GOBP_TOLERANCE_INDUCTION",21,-0.713499677137966,-1.82688668377779,0.00219670963224407,0.0431655582131605,0.0363439612133952,2003,"tags=52%, list=16%, signal=44%","MARCHF7/TNFAIP3/TGFBR2/LILRB2/HMGB1/ITCH/PHLPP1/NR5A2/LYN/IRAK3/CBLB","GO_BP"
"GOBP_REGULATION_OF_PHOSPHORUS_METABOLIC_PROCESS","GOBP_REGULATION_OF_PHOSPHORUS_METABOLIC_PROCESS",491,-0.315336783804246,-1.28491193996613,0.00219758821712821,0.0431655582131605,0.0363439612133952,1197,"tags=16%, list=9%, signal=15%","APOC1/WDFY2/NPTN/SAMSN1/CEP43/IQGAP1/FGFR1/ROCK2/IGFBP3/TMSB4X/IGF1/CNKSR3/SEMA4D/CD244/HDAC4/RAP2C/TLR6/PDCD4/GRB10/RASSF2/LIMCH1/KDR/RAP2B/ERRFI1/THBS1/HIF1A/PIM1/SYNPO2/LPCAT1/RAC1/BRAF/INSR/ADGRF5/HERC5/TNIK/DIRAS3/PRKCH/TRIB2/LATS1/NDUFC2/ACVR2A/HNRNPU/MMD/CCNK/STK4/TERF2IP/LMO4/CDKN1B/NEDD9/LYN/SIRT1/ADAM17/SYAP1/CDKN1C/PRLR/C9orf72/MAP3K5/FLT4/FLT1/PRKAG2/SPRY2/HIPK3/TRIB1/MAP2K1/PRKAA1/PRXL2C/SASH1/PPP1R15B/LCP2/PDK4/FABP3/DUSP1/LDB2/DNAJC19/LATS2/DIPK2A/PELI2/TCIM/ERN1","GO_BP"
"GOBP_NUCLEOSIDE_TRIPHOSPHATE_BIOSYNTHETIC_PROCESS","GOBP_NUCLEOSIDE_TRIPHOSPHATE_BIOSYNTHETIC_PROCESS",108,0.482899337142525,1.54960689773959,0.00222057046987307,0.0434297838249424,0.0365664303713004,797,"tags=13%, list=6%, signal=12%","ENO1/TYMS/TREM2/VCP/ALDOA/ATP5PB/IMPDH2/UCK2/ATP5F1A/SPHK2/DTYMK/PINK1/NDUFV1/NME6","GO_BP"
"GOBP_DNA_REPLICATION","GOBP_DNA_REPLICATION",239,0.412672580558362,1.43717835454049,0.00225457352015576,0.0439063740655974,0.036967703468141,2259,"tags=27%, list=18%, signal=22%","CHTF8/CDKN1A/FAM111B/TWNK/TK1/PCNA/POLE3/RUVBL1/CDC25A/RNASEH1/FEN1/SSRP1/NPM2/MCM4/GINS2/RBBP8/POLD4/CHAF1A/POLA2/MCM5/MCRS1/POLD1/TIMELESS/CDC6/RRM1/MCM2/GDF2/MCM3/RFC2/INO80/RFC4/GRWD1/MCM7/RECQL4/GINS4/MCM6/PNKP/ENPP7/DNAJA3/GTPBP4/RPA1/DHX9/CDT1/PTK6/WDR18/DTL/GINS1/POLG/CDC34/CHEK1/POLD2/CDK1/CENPX/RMI2/RUVBL2/INO80E/E4F1/LRWD1/DONSON/NYNRIN/GINS3/DTD1/RFC1/TEFM","GO_BP"
"GOBP_RESPONSE_TO_BMP","GOBP_RESPONSE_TO_BMP",119,-0.437763680714807,-1.55943979291547,0.0022716017486178,0.044049741142346,0.0370884137680264,2188,"tags=34%, list=17%, signal=28%","HIVEP1/SKIL/SMURF1/PPM1A/TWSG1/ACVRL1/FST/HES1/ATF2/BMP2/BMPR1B/LEMD3/BMP6/BMPR1A/NFIA/MTMR4/RBPJ/ACVR2B/CRIM1/UBE2D1/SMAD9/GREM2/PDCD4/CTDSPL2/BMPR2/SMURF2/KDR/ACVR1/HIPK2/ACVR2A/BMPER/CCN1/SMAD4/SKI/GATA3/GATA6/CDH5/TOB1/TGFBR3/EGR1","GO_BP"
"GOBP_B_CELL_RECEPTOR_SIGNALING_PATHWAY","GOBP_B_CELL_RECEPTOR_SIGNALING_PATHWAY",50,-0.563564107364249,-1.7192200647515,0.00230958719250286,0.0445965628654047,0.0375488194320826,2693,"tags=52%, list=21%, signal=41%","KLHL6/BTK/TEC/GCSAM/SOS1/CD79B/ITK/CD72/PLEKHA1/CD300A/SLC39A10/FCGR2B/NFATC2/LPXN/MEF2C/FCMR/VAV3/CMTM3/PRKCH/PIK3CD/LYN/CD38/NFKBIZ/FOXP1/BLNK/NFKBIA","GO_BP"
"GOBP_G_PROTEIN_COUPLED_RECEPTOR_SIGNALING_PATHWAY","GOBP_G_PROTEIN_COUPLED_RECEPTOR_SIGNALING_PATHWAY",443,-0.326793644678912,-1.32178126052218,0.00236078849523282,0.0453928825855527,0.0382192940933762,2586,"tags=30%, list=20%, signal=25%","ARHGEF12/ATP2B4/FZD6/CAV1/PDE6G/RELA/FZD7/LGR4/GSK3B/ZDHHC21/VPS54/ROBO1/GPR4/GPR88/APLP2/ADCYAP1R1/APP/ARRDC3/GNGT2/HCAR3/PDE3A/ACE/LPAR1/RGS10/SORL1/RAPGEF2/RAPGEF3/CALCRL/PRKACB/PDE3B/PLEK/LRRK2/PIK3R5/P2RY8/JAK2/AVPR1A/PLCB2/FZD8/INPP5A/OPN3/CXCL12/PDE4B/ATRNL1/CCL14/WBP1L/ADGRA3/ADCY10/CCL2/ADGRG7/RGS18/USP33/GPR34/F2RL2/DEPTOR/SLC1A1/PTGER2/EDNRB/SUCNR1/PLPP1/GPR82/ABL2/ADGRV1/HCAR2/SSTR1/RASGRP4/RBM15/FZD4/PKD2/CYSLTR1/VAV1/TBXA2R/RAMP3/C5AR1/P2RY12/MARCO/PDCL/GIT2/GPR65/EDN1/ADRB2/ROCK2/UBQLN2/PDE4D/DGKG/GPRASP1/TAPT1/GNG11/PTGER4/KCTD12/CCL23/GNA14/IQGAP2/PLCB1/S1PR5/LPAR5/CCL4/GPR183/CCR1/HIF1A/MET/GNAI1/NPR1/RAC1/DGKH/INSR/RASD1/DGKE/ADGRF5/PDE2A/GNG5/S1PR1/AGTR1/GNG2/PREX2/CCL3/ADGRE1/FZD5/GPR160/GNAS/NPY1R/LYN/ABCA1/RGS5/AKAP12/FYN/ADM/CXCR4/PRKAR2B/ADGRL4/P2RY13/LPAR6/PRKAR1A/RGS2/CALM1","GO_BP"
"GOBP_OVULATION","GOBP_OVULATION",14,-0.790190815808912,-1.81171704110062,0.00237696263838089,0.0455118434584106,0.0383194551830975,626,"tags=36%, list=5%, signal=34%","IMMP2L/FOXO3/INHBB/SIRT1/ADAMTS1","GO_BP"
"GOBP_DORSAL_VENTRAL_PATTERN_FORMATION","GOBP_DORSAL_VENTRAL_PATTERN_FORMATION",49,-0.554812561395758,-1.6809066794187,0.00240452810742263,0.0458470066339956,0.0386016514052213,1798,"tags=33%, list=14%, signal=28%","ACVRL1/TCTN1/BMPR1B/FOXA1/BMPR1A/LRP4/EDN1/GREM2/ACVR1/HHIP/TGIF1/PTCH1/DLL4/CXXC4/DISP1/LHX2","GO_BP"
"GOBP_CENTRAL_NERVOUS_SYSTEM_NEURON_DIFFERENTIATION","GOBP_CENTRAL_NERVOUS_SYSTEM_NEURON_DIFFERENTIATION",141,-0.419293261294617,-1.51764229058526,0.00242093031809076,0.0459674144147482,0.0387030307431614,2274,"tags=27%, list=18%, signal=22%","RAPGEF2/ZEB2/PTEN/TOX/ATP7A/LRP6/CDON/DISC1/HES1/EPHA2/TCTN1/SHANK3/BMPR1B/BCL6/CSF1R/BMPR1A/NRP1/KNDC1/EFNA1/C21orf91/NOVA2/NFIB/FOXP2/SIN3A/TGIF1/ZMIZ1/PTCH1/DLL4/RAC1/PROX1/RORA/LMO4/TAL1/NRP2/MAP2K1/ZSWIM6/HPRT1/NR4A2","GO_BP"
"GOBP_OUTFLOW_TRACT_SEPTUM_MORPHOGENESIS","GOBP_OUTFLOW_TRACT_SEPTUM_MORPHOGENESIS",21,-0.708864724151871,-1.81501907659933,0.00245262934729638,0.0461344141512182,0.0388436389548042,2509,"tags=57%, list=20%, signal=46%","RARB/ROBO1/ENG/ZFPM2/TGFBR2/BMPR1A/NRP1/BMPR2/ACVR1/SMAD4/GATA6/NRP2","GO_BP"
"GOBP_REGULATION_OF_IRE1_MEDIATED_UNFOLDED_PROTEIN_RESPONSE","GOBP_REGULATION_OF_IRE1_MEDIATED_UNFOLDED_PROTEIN_RESPONSE",15,0.776929439798982,1.73030672042079,0.00246009713380426,0.0461344141512182,0.0388436389548042,1508,"tags=47%, list=12%, signal=41%","BBC3/DDRGK1/DAB2IP/BAK1/BAX/FICD/HSPA5","GO_BP"
"GOBP_SECONDARY_ALCOHOL_METABOLIC_PROCESS","GOBP_SECONDARY_ALCOHOL_METABOLIC_PROCESS",138,0.462208145799652,1.52459043363579,0.00244516833904261,0.0461344141512182,0.0388436389548042,1895,"tags=33%, list=15%, signal=29%","FDXR/CES1/LDLRAP1/SCARB1/DHCR24/PMVK/CYP51A1/TM7SF2/MVK/MVD/DHCR7/NSDHL/FDPS/LSS/FDFT1/APOBR/SREBF2/SNX17/CLN8/PIP4P1/GBA1/CEBPA/CYP7A1/APOL2/CYP11A1/CLN6/HMGCS1/ABCA2/CFTR/HDLBP/LMF1/KPNB1/IDI1/SMPD1/STARD3/SQLE/VLDLR/ACLY/CYB5R3/IDH2/APOE/DGKQ/NPC1L1/PCSK9/HMGCR/DGAT2","GO_BP"
"GOBP_CELL_SURFACE_RECEPTOR_SIGNALING_PATHWAY_VIA_STAT","GOBP_CELL_SURFACE_RECEPTOR_SIGNALING_PATHWAY_VIA_STAT",100,-0.461288536154596,-1.58091777066089,0.0024724228686998,0.0461755369371516,0.038878262969848,2155,"tags=38%, list=17%, signal=32%","CRLF3/IL15/FLT3/ERCC6/CISH/EP300/CSF2RB/CTF1/F2R/FER/STAT2/CAV1/IL15RA/CNOT7/JAK2/STAT5B/HES1/CCL2/LEPR/OCIAD1/SOCS6/CSF1R/JAK1/IL6ST/PKD2/LEPROT/IGF1/PTPRT/IL10RA/RAC1/TSLP/NLK/PIAS1/PTPRD/SOCS3/PRLR/SOCS2/CALM1","GO_BP"
"GOBP_CELL_FATE_DETERMINATION","GOBP_CELL_FATE_DETERMINATION",22,-0.718990693658731,-1.87708010395443,0.00251084381116611,0.0461762494595361,0.0388788628899459,1792,"tags=41%, list=14%, signal=35%","IFRD1/HES1/NOTCH4/MEF2C/PTCH1/PROX1/GATA3/GATA6/KLF4","GO_BP"
"GOBP_VASCULOGENESIS","GOBP_VASCULOGENESIS",64,-0.547920360918126,-1.75805610109262,0.00251052529399322,0.0461762494595361,0.0388788628899459,2721,"tags=47%, list=22%, signal=37%","TMEM100/HEY1/CAV1/TIE1/ENG/RAPGEF2/EMP2/ZFPM2/TGFBR2/TEAD2/EPHA2/RIN2/ASB4/RAP1A/TIPARP/NRP1/FZD4/RASIP1/FOXF1/QKI/KDR/ZMIZ1/SOX18/JUNB/ZFP36L1/CITED2/ADM/SPRED1/HEY2/TGFBR3","GO_BP"
"GOBP_CELL_VOLUME_HOMEOSTASIS","GOBP_CELL_VOLUME_HOMEOSTASIS",29,0.665075516309651,1.73316524587609,0.00249878109080551,0.0461762494595361,0.0388788628899459,1450,"tags=31%, list=11%, signal=28%","SLC12A4/LRRC8E/ABCB8/CCDC51/SLC12A1/TRPV4/AQP1/AQP4/LRRC8A","GO_BP"
"GOBP_REGULATION_OF_OSSIFICATION","GOBP_REGULATION_OF_OSSIFICATION",88,-0.463266767920782,-1.55903762260758,0.00251299316786591,0.0461762494595361,0.0388788628899459,1783,"tags=30%, list=14%, signal=26%","ADCY10/BMP2/ATRAID/BMPR1B/BMP6/ADGRV1/BMPR1A/RBPJ/ACVR2B/LRP4/ADRB2/BMPR2/ACVR1/MEF2C/CCR1/HIF1A/BMP2K/ENPP1/S1PR1/ACVR2A/CCL3/SRGN/SLC8A1/CCN1/RFLNB/PTN","GO_BP"
"GOBP_DEFINITIVE_HEMOPOIESIS","GOBP_DEFINITIVE_HEMOPOIESIS",17,-0.75132226164132,-1.79069202883945,0.00252450147196853,0.0462014185050627,0.0389000543873401,714,"tags=35%, list=6%, signal=33%","TEK/MEIS1/TAL1/ZFP36L2/CBFB/TGFBR3","GO_BP"
"GOBP_TYPE_B_PANCREATIC_CELL_PROLIFERATION","GOBP_TYPE_B_PANCREATIC_CELL_PROLIFERATION",20,-0.709811187118509,-1.78213323580109,0.00258657691915952,0.0471481240824398,0.0396971489277324,1244,"tags=45%, list=10%, signal=41%","IGFBP5/FMC1/IGFBP3/IGF1/ERRFI1/DACH1/MAP2K1/NR4A1/IRS2","GO_BP"
"GOBP_DETOXIFICATION_OF_INORGANIC_COMPOUND","GOBP_DETOXIFICATION_OF_INORGANIC_COMPOUND",16,-0.761482415053187,-1.81152263971923,0.00265361106807598,0.048177313295706,0.0405636919401842,2518,"tags=62%, list=20%, signal=50%","MT1H/ATP7A/MT1G/MT1A/MT1M/SLC30A10/MT2A/MT1F/MT1E/MT1X","GO_BP"
"GOBP_RESPONSE_TO_TOPOLOGICALLY_INCORRECT_PROTEIN","GOBP_RESPONSE_TO_TOPOLOGICALLY_INCORRECT_PROTEIN",148,0.458496108568205,1.51389383121379,0.00274236826060517,0.0495911593792767,0.0417541032159809,1705,"tags=25%, list=13%, signal=22%","HSPA8/BBC3/HSP90AB1/TMEM129/VCP/CREB3/DDRGK1/DAXX/DAB2IP/BAK1/AMFR/OPTN/FBXO6/BAX/AKT2/DNAJB2/DERL3/TM7SF3/DNAJB1/HSP90AA1/HDAC6/DNAJA1/FICD/ATAD3A/DDIT3/TBL2/CCND1/MANF/HSPA4/OS9/DNAJB12/DNAJB5/HSPA5/HSPH1/ATF6B/EDEM2/RHBDD2","GO_BP"
"GOBP_POSITIVE_REGULATION_OF_LOCOMOTION","GOBP_POSITIVE_REGULATION_OF_LOCOMOTION",474,-0.316529548366736,-1.28295501004082,0.00276903774124245,0.0498755137819837,0.0419935201449085,2005,"tags=24%, list=16%, signal=21%","ATM/SYNE2/CFAP20/RIPOR2/ARF6/TGFBR2/JAM2/CLASP2/CXCL12/CLEC7A/CCL14/SEMA5A/VIL1/JUN/CCL2/TCAF2/IL1R1/EPHA2/ARHGEF7/S100A11/BMP2/RIN2/PTK2/SUCNR1/ABL2/BCL6/CSF1R/FAM110C/NRP1/CBLL1/CPNE3/HMGB1/FZD4/VEGFB/RICTOR/DAAM2/C5AR1/IGFBP5/P2RY12/CEP43/PDGFC/EDN1/AIF1/FGFR1/IL16/ROCK2/TMSB4X/IGF1/CFAP69/SEMA4D/FOXF1/NTF3/PTP4A1/ETS1/EPB41L4B/BMPR2/CCL23/SMURF2/KDR/ACVR1/CCL4/THBS1/AKT3/CCR1/HIF1A/NFE2L2/MET/TEK/SYNPO2/IGF1R/RAC1/SNAI2/PROX1/SPAG9/INSR/SP1/S1PR1/LGMN/PIK3CD/RREB1/CCL3/DAB2/STK4/FERMT2/CXCL16/CCN1/NEDD9/LYN/SIRT1/ADAM17/FAM107A/AKAP12/HDAC9/RAB11A/RHOJ/GATA3/LYVE1/FLT4/FLT1/GAB1/NRP2/CXCR4/SPRY2/MAP2K1/FOXP1/ATP8A1/SASH1/ADAMTS1/CDH5/HMOX1/SEMA6A/PTN/TGFBR3/TIAM1/RHOB/IRS2","GO_BP"
