"gene","baseMean","log2FoldChange","lfcSE","pvalue","padj","lfc_shrunk","significant"
"AACS",157.41638556611,1.03488974310001,0.250100299389969,3.50500805395118e-05,0.000157553722384634,0.931121029092025,TRUE
"ABCA10",159.065785386235,-1.16821496863761,0.24849946463808,2.58793657912581e-06,1.50482463382108e-05,-1.07926909720933,TRUE
"ABCA2",747.569719314814,1.53930840138525,0.199229517624968,1.10711511125544e-14,4.23439716402584e-13,1.49383315483042,TRUE
"ABCA3",47.4063226302474,1.20340751572653,0.216323605168933,2.65180808312497e-08,2.37680576339349e-07,1.13422669407854,TRUE
"ABCB1",1245.85886068695,1.33199292363821,0.194052690714131,6.69217732923662e-12,1.34754735631073e-10,1.2826408297116,TRUE
"ABCB11",1281.77163040323,1.29943651999387,0.295966305867287,1.13096546910272e-05,5.70411155504253e-05,1.17764213442202,TRUE
"ABCB4",4769.86318605533,1.05490392597266,0.181820249563561,6.55654692591592e-09,6.85247573881582e-08,1.00660689585979,TRUE
"ABCB8",404.337377745478,1.39106147089227,0.165879297428597,5.03023093655492e-17,3.2981464909136e-15,1.35603951601714,TRUE
"ABCC4",97.0403613284333,1.07233573967963,0.282856480580681,0.000149984672926198,0.0005682596062191,0.939120661493392,TRUE
"ABCD1",132.815457207269,1.15069884293562,0.218591514366004,1.40838297192964e-07,1.08922587776778e-06,1.07846491655859,TRUE
"ABHD17A",184.97240520463,1.13437627700516,0.215630433153807,1.43474506902169e-07,1.10704097789442e-06,1.06431003323966,TRUE
"ABHD8",175.981329216027,1.06406356937834,0.194643618825421,4.58420680105119e-08,3.89877268511127e-07,1.00451271177525,TRUE
"ACAD11",62.229811468753,1.81927264159223,0.268458238700535,1.2291476645136e-11,2.34719589880574e-10,1.74339738545648,TRUE
"ACE2",187.677877815902,1.43683190146996,0.246970294003069,5.96154526343831e-09,6.29247957623822e-08,1.35813941190533,TRUE
"ACHE",30.5313552682069,2.73373615624368,0.52935736538675,2.41399071153291e-07,1.76249129843681e-06,2.51346402282913,TRUE
"ACSM1",107.252420278466,1.34027677470605,0.50130842595521,0.0075051465579825,0.0177021975344227,0.850376376185646,TRUE
"ACSS2",4691.68733600956,1.29504787282751,0.28113822124433,4.0961050092314e-06,2.27257847740183e-05,1.18701521630346,TRUE
"ACTA1",12.8084445865857,2.46060660673274,1.05173244691137,0.0193057112466164,0.040288337518417,3.08330128241731,TRUE
"ADAM15",479.052214315885,1.08889103715007,0.131172184228187,1.03035250638901e-16,6.3786008651338e-15,1.06358211874847,TRUE
"ADAMTS1",121.45181781928,-1.74290599379038,0.226021752493875,1.24609665867488e-14,4.71180299061439e-13,-1.69003870700305,TRUE
"ADAMTS4",27.8609492553452,-1.85485993301823,0.275295358798353,1.60903741128349e-11,3.0206329963587e-10,-1.7772084994451,TRUE
"ADAMTSL2",365.060496501957,1.78789972335602,0.292344308703524,9.61141615383765e-10,1.19447197952922e-08,1.69549531065246,TRUE
"ADAMTSL5",30.9984484719809,1.52185425440305,0.294340686400437,2.3361396492674e-07,1.71600544877202e-06,1.41350125029613,TRUE
"ADGRD1",155.380814428297,1.01478947391944,0.224824022277564,6.37045985972099e-06,3.38629287586733e-05,0.932225081046318,TRUE
"ADGRG1",91.0899980031382,1.07689825846067,0.322531086004878,0.000841115738478311,0.00260433912690204,0.897675945005591,TRUE
"ADGRL4",170.693424317569,-1.14737302547567,0.271922469262954,2.44860033429821e-05,0.000114635492259969,-1.03668995397613,TRUE
"ADM2",47.2395072720242,1.04103371284863,0.286576826284377,0.000280523868683037,0.000995672717912324,0.896483079878093,TRUE
"ADPRM",99.4366535485269,-1.25324704233687,0.135863555653397,2.85402447045687e-20,3.51732089831305e-18,-1.22768367668825,TRUE
"ADRM1",874.297313451018,1.22007603007831,0.149678404981343,3.59984040119663e-16,1.97176443374186e-14,1.18961040833227,TRUE
"ADSS1",506.79304954409,1.03560989432664,0.185617035151517,2.41512588551327e-08,2.18230315927913e-07,0.981276802813464,TRUE
"AEN",252.279123315743,1.25602523485711,0.164906554115377,2.60469601276371e-14,9.26965345718848e-13,1.21846261763332,TRUE
"AGPAT2",2044.73903422859,1.07964504011517,0.215747717662393,5.6094074920274e-07,3.79376085969943e-06,1.01617288940276,TRUE
"AGRN",423.825723504987,1.49833353618771,0.256411542042459,5.1124050765009e-09,5.48316773313675e-08,1.41645539532071,TRUE
"AJM1",36.1464150369249,1.68914580612445,0.295634984094299,1.10598152680395e-08,1.08479101855273e-07,1.588050720302,TRUE
"AJUBA",757.191187144348,1.06704455521454,0.170215679341564,3.63889067226315e-10,4.97776308816265e-09,1.02379056559029,TRUE
"AKR1B10",666.114056988876,5.12633864256207,0.630356441729036,4.20719579561086e-16,2.26711643884941e-14,4.96345665763353,TRUE
"AKR1C2",4478.35951379959,1.14284850817193,0.189073988864025,1.49919374986035e-09,1.80418343676684e-08,1.09440867576178,TRUE
"ALDH1A3",41.7885039991252,-1.00484724802648,0.309230584439058,0.0011560483959319,0.00344536590905811,-0.848044672389122,TRUE
"ALDH3A1",44.9921697859366,2.95683974766431,0.467033062105513,2.43396780943271e-10,3.46482476401598e-09,2.80273145461122,TRUE
"AMIGO2",62.2450657530048,-1.15561309324972,0.149399146605953,1.0334494029917e-14,3.96403791176356e-13,-1.12310008294354,TRUE
"AMN",610.814150171086,1.09933561220265,0.424355517147329,0.00958086437214313,0.0219060997614065,0.748447321729396,TRUE
"AMZ1",10.2689857291386,2.19545043044287,0.66119123420661,0.000898734314305548,0.0027537186287769,1.6851760649637,TRUE
"ANGPT2",32.5608350886909,-1.4092711700741,0.314618489939996,7.48875870189491e-06,3.922683129564e-05,-1.28099119562339,TRUE
"ANGPTL8",1867.9278809336,1.85168219999673,0.292573028858577,2.46823432369567e-10,3.50610446621018e-09,1.76317055022431,TRUE
"ANKRD37",59.2457259294491,-1.67603755993499,0.189842126388285,1.06007214611721e-18,9.28260543738164e-17,-1.63600936265594,TRUE
"ANKRD52",332.563482958814,1.07020575230579,0.127513209244784,4.74290625211425e-17,3.14070060774332e-15,1.04572930987468,TRUE
"ANKRD65",22.199258053281,2.13193136383984,0.454630356500188,2.74043321101637e-06,1.58312352598211e-05,1.92590324198891,TRUE
"ANO10",257.637163914419,1.04696719121061,0.129455569009121,6.09200708879302e-16,3.13068009080445e-14,1.02123299561926,TRUE
"ANO8",64.0253171979928,1.05625751705215,0.241149698868842,1.18630002783716e-05,5.95386627847381e-05,0.962187954116038,TRUE
"ANXA10",1277.04557380929,-1.16371470486081,0.148978698490657,5.66089580462943e-15,2.3327096953442e-13,-1.1296226959403,TRUE
"ANXA13",248.044958799969,1.6358288207617,0.337947179395831,1.2952153721934e-06,8.01083485311064e-06,1.49784615944128,TRUE
"ANXA6",4925.56425652745,1.388348471057,0.152323194326693,7.90402012233716e-20,8.84054687632837e-18,1.37089910459426,TRUE
"AP1AR",269.946014203451,-1.0644442768085,0.197240034856999,6.78796953455314e-08,5.58392302255267e-07,-1.00407867933858,TRUE
"AP1M2",14.9914543575933,1.70352490185227,0.508255557522639,0.000803142908595559,0.00250171591701542,1.34743569955306,TRUE
"AP2A1",708.054693993957,1.02692921200009,0.140149746440287,2.34711107722017e-13,6.60466140334047e-12,0.99624352184731,TRUE
"AP5B1",96.208089037005,1.43036395883755,0.179623275887112,1.6773757724904e-15,7.86122237036876e-14,1.3901324325614,TRUE
"APBA3",114.110058116214,1.12596894202183,0.19114459981033,3.84642917693314e-09,4.21019509415955e-08,1.06808083275068,TRUE
"APOC1",38475.8628563245,-1.05540117245858,0.182554530683722,7.41287932339577e-09,7.61895164435504e-08,-1.00314923258354,TRUE
"APOE",47866.3341384172,1.07905929189886,0.183728693067301,4.27687905695339e-09,4.64696002024895e-08,1.02724234811889,TRUE
"APOL3",1684.04060786791,1.07665005219118,0.21133645935913,3.49693749590886e-07,2.48501004113972e-06,1.00701795982621,TRUE
"APOL5",14.2390207412502,-3.25287014583077,0.5970667043767,5.09150314212033e-08,4.29726739515672e-07,-3.03593479492185,TRUE
"APOLD1",45.4472399200865,-2.77328520004638,0.197943476183998,1.34472928781576e-44,2.98305780347129e-41,-2.7452924091474,TRUE
"AQP4",42.9024027480265,1.11739442749989,0.356081250866698,0.0017008619676716,0.00483139860255669,0.897735615784491,TRUE
"ARG2",14.0541811211129,-1.40550248525213,0.335396190088576,2.78249897042985e-05,0.000128237746871265,-1.25898529572427,TRUE
"ARHGAP6",12.2159902437134,-1.0508697228772,0.196736029714917,9.21697068957395e-08,7.4305196776638e-07,-0.990028422294178,TRUE
"ARHGEF16",78.009082072261,1.12104288764326,0.26997313113965,3.28972137411735e-05,0.000148983298705349,1.01082135012348,TRUE
"ARHGEF18",17.3986901885911,1.56175005023344,0.260762113715104,2.1090754591179e-09,2.45506921915421e-08,1.48069995179055,TRUE
"ARL6IP1",3279.19199546228,-1.02871025440937,0.161037872328994,1.6806711520436e-10,2.48552589263337e-09,-0.97999097190581,TRUE
"ARMCX1",45.8366799389215,-1.13294222784054,0.166722568688105,1.08031813020152e-11,2.0809022160611e-10,-1.09146674207783,TRUE
"ARSA",526.711421796634,1.22117413265132,0.196234072301492,4.87586833641387e-10,6.49627703279966e-09,1.16706485351381,TRUE
"ASAP2",89.7029306735324,-1.00114780400847,0.141075144218496,1.27903197287885e-12,3.05088092455511e-11,-0.968892822025184,TRUE
"ASL",2075.98218028937,1.45795756786231,0.154739461114456,4.4251180266497e-21,6.40199140594646e-19,1.43027451465807,TRUE
"ASPA",198.008518353208,-1.19748597753916,0.179145532725619,2.31823374780327e-11,4.19234934555183e-10,-1.1514689933595,TRUE
"ASPSCR1",474.56034887252,1.01456572550184,0.249432713177337,4.75217086245358e-05,0.000205295015187463,0.910294940974547,TRUE
"ATF3",130.546483604098,-1.41539101313362,0.222115277604239,1.86182299915869e-10,2.72317188118705e-09,-1.35239613421861,TRUE
"ATG2A",350.2056040558,1.11128351585215,0.1960075870998,1.43135977959173e-08,1.37953647113439e-07,1.05343320569994,TRUE
"ATP13A2",109.582382250999,1.54619193000684,0.223102733610675,4.19642420778717e-12,8.92242910633342e-11,1.47874620390537,TRUE
"ATP13A4",12.5749167939447,1.01734825164026,0.41246463376077,0.0136436819142074,0.029843452141019,0.689184912970343,TRUE
"ATP2A1",19.5009628162366,1.274302773587,0.503217145114219,0.0113313142175233,0.0253563873966435,0.774850055264667,TRUE
"ATP5MK",1292.39887621628,-1.22851301907193,0.158739945561707,1.00079834309957e-14,3.84989189209689e-13,-1.19214164700257,TRUE
"ATP6V0D1",870.032116963912,1.06577547755615,0.118094334533853,1.80055552577877e-19,1.77521437393448e-17,1.04611306175357,TRUE
"ATP8A1",87.787626594933,-1.18097102471044,0.205350500790804,8.87163621083295e-09,8.90508883606233e-08,-1.11980007289396,TRUE
"AVPR1A",346.60581633414,-1.73981606430762,0.372730241489365,3.0449830186262e-06,1.73199675119294e-05,-1.58682380948083,TRUE
"B3GNT3",17.426117885782,1.47382479275791,0.515574230144055,0.00425503785309351,0.0107973483017239,1.01542826075565,TRUE
"B3GNT8",10.5230091894785,1.69782030934275,0.388086178032802,1.21513864209497e-05,6.07569321047485e-05,1.52125779898387,TRUE
"BAALC",41.9105590704661,-1.00444137623791,0.211751333785426,2.10062213218017e-06,1.24046239637416e-05,-0.932387556908946,TRUE
"BACH2",57.4367053361665,-1.1370318052388,0.305057438969429,0.000193564147155847,0.000716047470440333,-0.994810492895928,TRUE
"BAK1",109.271714399427,1.02604172574126,0.149136875547073,5.99088690676599e-12,1.22400532941816e-10,0.993111947454949,TRUE
"BASP1",79.9521431447895,-1.45761915709993,0.223532774753404,6.99195339835936e-11,1.1225922766244e-09,-1.3953541856481,TRUE
"BBC3",48.3510300254078,2.26234344606602,0.287816703881372,3.83025278347351e-15,1.64985969411108e-13,2.19044077005575,TRUE
"BCAM",335.630537529564,1.25342755036617,0.248375396874732,4.49966372401788e-07,3.12907649773657e-06,1.16415645459993,TRUE
"BCAR1",277.863389048201,1.46844364175453,0.239071707617579,8.13489996213084e-10,1.03021425781124e-08,1.3974908179113,TRUE
"BCL9L",271.939463120318,1.19745371945989,0.257691228403957,3.37034231268546e-06,1.90566084035019e-05,1.09730019010835,TRUE
"BICDL1",48.1862686956579,1.56260203315326,0.305983504130256,3.27629219651333e-07,2.34071117206615e-06,1.4461706338382,TRUE
"BLNK",325.825260872506,-1.08594654892344,0.13279184833716,2.89048274914337e-16,1.60972072766101e-14,-1.05912666990114,TRUE
"BLTP2",2334.19594238832,1.34194882833043,0.121429851534631,2.16239459479316e-28,9.28434582474097e-26,1.324910721303,TRUE
"BMI1",338.803635842543,-1.2229656770816,0.301353547747927,4.94434801762742e-05,0.000212562248432238,-1.09182028012403,TRUE
"BMP10",22.5293774183434,1.98725683682154,0.480461943953596,3.5320004707478e-05,0.000158606363919208,1.73305487245086,TRUE
"BMPR1B",10.2646444207439,-1.06549432061817,0.265789822687474,6.1031885966065e-05,0.000256014624080783,-0.954578789963677,TRUE
"BORCS7",727.476451834498,-1.32395001721677,0.236808245942833,2.26012194259063e-08,2.0655788688805e-07,-1.24794258472043,TRUE
"BPI",15.4287142976697,-1.1216119775921,0.329099925700137,0.000654121663641773,0.00209994195443126,-0.953711339167551,TRUE
"BRICD5",23.0367897412146,1.82225615297463,0.4301001253518,2.26709284474341e-05,0.000107079509451862,1.60839718319249,TRUE
"BTBD2",354.907968247309,1.09455248331016,0.198353558051599,3.42510358809326e-08,2.99526790177098e-07,1.03375976967335,TRUE
"BTG1",1702.20145423729,-1.35837189501194,0.12188602929333,7.60794167413295e-29,3.89468091087344e-26,-1.33812332299005,TRUE
"BTG3",59.7330399749657,-1.02699833027655,0.145062076968803,1.44450020060895e-12,3.39687237987722e-11,-0.994002683720747,TRUE
"C11orf96",60.8000592555049,-1.26088294895263,0.243433843529574,2.22396400603762e-07,1.64358472628322e-06,-1.17620229474096,TRUE
"C17orf100",32.9070406241576,-1.11482345876952,0.199892370357246,2.4453514326547e-08,2.20811584590461e-07,-1.05481854059917,TRUE
"C19orf25",234.648734873522,1.38221185006792,0.160817610419597,8.33347655827414e-18,5.96336413928112e-16,1.34909458346925,TRUE
"C1orf116",22.6250656417534,1.45787832030563,0.47065735619172,0.00195136391687003,0.00544842746665409,1.10230569129102,TRUE
"C1orf159",61.1271448965262,1.27893255826595,0.310061393331042,3.71102169306431e-05,0.000165141085706071,1.13628170769302,TRUE
"C1QC",1378.36741848985,1.04022878346084,0.328000306164364,0.00151692376158773,0.00437491988444912,0.86030948497418,TRUE
"C1QTNF3",43.6963478525845,-1.46201781056098,0.259089324208779,1.67199489257319e-08,1.58280597582853e-07,-1.37829570315827,TRUE
"C21orf91",116.172351755505,-1.08723353683233,0.256107725345915,2.18379436353568e-05,0.000103402002770046,-0.986318390945941,TRUE
"C4A",3626.56222950755,1.38278527962392,0.262138316515959,1.32740458179058e-07,1.03428692871833e-06,1.29876526001894,TRUE
"C4B",4303.11414657,1.18927763635482,0.223353558186747,1.01152307282437e-07,8.09096880967093e-07,1.11900944406311,TRUE
"C8G",2596.9205269243,1.03098568609024,0.205149891411794,5.02059985804295e-07,3.44454557270885e-06,0.970317853667717,TRUE
"C8orf76",28.516947440164,-1.39018408242995,0.233534747185637,2.63604112030795e-09,3.00391329720024e-08,-1.31960992652962,TRUE
"C9orf152",25.7947378267346,3.16343114601091,0.490418096932086,1.1149791669541e-10,1.71164782945665e-09,3.00633319553107,TRUE
"C9orf72",203.95944728054,-1.34688210518575,0.192937514066442,2.93245112845804e-12,6.41955995391061e-11,-1.29915455670826,TRUE
"CACNA1H",1186.71042136029,1.18764626081594,0.305301785732555,0.000100214033682506,0.00039745196314486,1.04339903806171,TRUE
"CALML3",20.0615680607993,4.27393511983364,0.792535305483278,6.93921641432674e-08,5.70129447374623e-07,3.95134204245006,TRUE
"CAPG",105.022775976595,1.01274372097412,0.258805410052355,9.11008817892133e-05,0.000364897001689566,0.899687415540837,TRUE
"CAPN1",953.349183831656,1.13265000110832,0.123848168190087,5.93698210446087e-20,6.87141146177167e-18,1.11021947219474,TRUE
"CAPN12",360.885105150654,1.19857893430734,0.46527757699831,0.00999358012109564,0.0227181129652917,0.76493147335633,TRUE
"CAPN6",10.8638035834087,1.195203670441,0.501698300581657,0.0172041475607327,0.0364629305785593,0.683182622608555,TRUE
"CAVIN2",369.606014495087,-1.05706074057755,0.234011857577922,6.26849953027042e-06,3.33868462376548e-05,-0.971154264663646,TRUE
"CBLN3",220.312999840871,1.07740482837756,0.411815120583289,0.00889055375330445,0.0205368397182371,-0.106419601050391,TRUE
"CBLN4",26.0345757548764,-1.75775310153115,0.288947537487642,1.17737450588359e-09,1.43901328496883e-08,-1.66748964507687,TRUE
"CCDC117",53.787889164917,1.42576321823724,0.287777710969015,7.25572831150778e-07,4.76201892633967e-06,1.31660474702611,TRUE
"CCDC134",32.3389994168375,1.35957982238228,0.221309331383327,8.08009478162279e-10,1.02522460956529e-08,1.29539939759947,TRUE
"CCDC196",27.8903784824033,-2.18777976375776,0.261079690455952,5.3045026836713e-17,3.46092797645417e-15,-2.12744162578838,TRUE
"CCDC22",177.999567487357,1.13576759948329,0.137756156202793,1.65480457838262e-16,9.78908841701009e-15,1.10875049467619,TRUE
"CCDC68",160.076359590781,-1.16608209915612,0.191183815873398,1.06552608935649e-09,1.31437926314503e-08,-1.11259907268427,TRUE
"CCDC71L",214.908592528365,-1.20367381267497,0.138817703119455,4.28734635201555e-18,3.29853063267786e-16,-1.17629447697979,TRUE
"CCDC9B",124.463380280213,1.78419898605167,0.23394265571767,2.40930710385449e-14,8.64363276342407e-13,1.72601197361951,TRUE
"CCL2",78.5919813404878,-1.81137910955795,0.276853865530102,6.04072644829685e-11,9.87740405735025e-10,-1.73057680481596,TRUE
"CCL24",23.5237431708768,3.08695643215956,0.5909612336923,1.75459449256893e-07,1.3239032140642e-06,2.84298126093944,TRUE
"CCL3",46.9899327225684,-1.44250287180309,0.221889473635053,7.97892574322725e-11,1.26393152529619e-09,-1.38007099956333,TRUE
"CCL4",55.5761135485927,-1.06022587232225,0.209592931045454,4.22566926077538e-07,2.95397362714917e-06,-0.991930865222759,TRUE
"CCL4L2",23.2435857728855,-1.83230190242715,0.387368484618748,2.24380070250766e-06,1.31854248787536e-05,-1.67501213559139,TRUE
"CCN1",133.237038907387,-2.85340722420766,0.299910856049737,1.83143647409441e-21,2.86781405531725e-19,-2.79050328287549,TRUE
"CCN2",181.737518095193,-1.98139612625145,0.300078949749919,4.03147748339651e-11,6.86176026905467e-10,-1.89283789919502,TRUE
"CCN4",15.2805083793225,1.01972084897503,0.299427640456103,0.000660268439120633,0.00211712188019649,0.868189441973078,TRUE
"CCND1",1611.51978423798,1.05705669459949,0.176263922274604,2.0098235450578e-09,2.35481966414783e-08,1.01140788308162,TRUE
"CCNE2",13.2851755373333,-1.10568313542737,0.290647021183508,0.000142255817701089,0.000542684131155487,-0.974905234551834,TRUE
"CCNP",12.926050369737,1.43897479722211,0.431864615382335,0.000862228940052574,0.00266208935098579,1.16462570744622,TRUE
"CCPG1",285.892738518036,-1.22805466599686,0.213042401376147,8.19647063883467e-09,8.32786444296866e-08,-1.15817565399914,TRUE
"CD151",1950.62255089438,1.10508356037539,0.143266683945741,1.22440192501684e-14,4.64296000626045e-13,1.07932892119082,TRUE
"CD163",1717.648976908,1.13736925981744,0.385748530180658,0.00319347675796477,0.00840521567105222,0.883552537456322,TRUE
"CD24",359.586050119089,1.02177080560918,0.371930814883677,0.00601052515416303,0.0146065528212361,0.756984165333026,TRUE
"CD300C",15.5531697351731,1.27752656417215,0.333633634169057,0.00012859705638733,0.000496699599685249,1.11117720050397,TRUE
"CD69",27.7681040896329,-1.63354916934925,0.263638276871391,5.78514277565813e-10,7.5564524380775e-09,-1.55408266361568,TRUE
"CDC14A",34.3410220938198,-1.03308726318226,0.16857730860696,8.88397344761035e-10,1.11763408873056e-08,-0.988343914051096,TRUE
"CDC25A",18.2470893307232,1.31023513795244,0.281861557710579,3.34347921960101e-06,1.89208671953126e-05,1.19841696658402,TRUE
"CDC42EP1",511.29694437586,1.47282591934374,0.235870183313218,4.25913191059671e-10,5.76694259715588e-09,1.40294560032307,TRUE
"CDC45",16.0219287785185,2.56051024917991,0.443314454166659,7.65732988233586e-09,7.8459631049954e-08,2.40611232937582,TRUE
"CDC6",48.5180935017269,1.20906700658162,0.337762518746493,0.000344072618314497,0.00119229537874667,1.02666885811609,TRUE
"CDCA5",17.9991631188488,1.08828128056764,0.274412194057999,7.31307340280185e-05,0.000300980231884022,0.967447827829463,TRUE
"CDH15",42.5567984362047,3.43742463075103,0.586862412437909,4.70474932703436e-09,5.07046263504675e-08,3.22199445598472,TRUE
"CDHR2",1803.2367527707,1.30526794544724,0.245765337535716,1.09005277416591e-07,8.67220706763196e-07,1.22430630988451,TRUE
"CDHR5",2508.14979654876,1.13913030086868,0.227873046553694,5.76376605721312e-07,3.88372566455883e-06,1.06917752520413,TRUE
"CDKN1A",1227.42804353601,1.55815111582143,0.232407099726985,2.02229891583414e-11,3.687232680788e-10,1.49417084774453,TRUE
"CDKN1B",565.665558344445,-1.05864911018512,0.131605920256988,8.68927284524004e-16,4.3479030665468e-14,-1.02393303849248,TRUE
"CDKN1C",32.1685000151639,-1.31178888208093,0.234097973043092,2.0995794259083e-08,1.93661830622588e-07,-1.23701367649137,TRUE
"CDS1",20.6956300788603,-1.07893641427729,0.334105362418593,0.00124080699018947,0.00366351842045738,-0.902395175680599,TRUE
"CDT1",11.4967650357162,1.56570648044428,0.401348634910077,9.5751337621301e-05,0.000381606607101767,1.35610976550228,TRUE
"CEBPB",768.971447337339,-1.60982134300823,0.187028387277674,7.47599902403879e-18,5.46733774779979e-16,-1.56650088753593,TRUE
"CEBPD",194.565771603073,-2.70427690344162,0.224328821754512,1.82602060124744e-33,1.35024078903352e-30,-2.66725982477639,TRUE
"CEP131",29.5772961460583,1.11801234111681,0.30204136088712,0.0002143111921702,0.00078386423956729,0.970709922152316,TRUE
"CEP170B",381.185236796121,1.44696999873633,0.241873320841789,2.19945842279943e-09,2.55335906254395e-08,1.37191874892681,TRUE
"CES1",52399.1163160281,1.00813991372101,0.120877278808439,7.41689688754821e-17,4.6565517723239e-15,0.985377819237369,TRUE
"CFAP221",32.9686926476673,1.77131514574523,0.395741380810445,7.60754263208561e-06,3.97551599658655e-05,1.58668067141821,TRUE
"CFAP263",44.0071115990176,1.09064247491095,0.171117241027537,1.84574028435653e-10,2.70576069841342e-09,1.04470029073147,TRUE
"CFAP74",23.5193214438543,2.09517668213129,0.70334433716585,0.00289306332393001,0.0076982552661952,1.29826320047355,TRUE
"CFAP90",12.8638225084998,-1.88904734102763,0.360018989934422,1.54531372623804e-07,1.18411777180359e-06,-1.75694955461262,TRUE
"CFB",1188.79180906074,1.4332268154249,0.215582171750067,2.9676048129796e-11,5.25949667919554e-10,1.37524520058982,TRUE
"CFHR3",6353.15718884602,-1.18361927596572,0.374351803184051,0.00156806212075628,0.00449997991101038,-0.971809550965025,TRUE
"CFTR",123.391186302588,1.10739866875987,0.366143357483859,0.00249048779938683,0.0067633693999457,0.869511811670132,TRUE
"CHI3L1",1262.14975039564,2.18561827736422,0.516413964089236,2.31314662252638e-05,0.000108791454225534,1.90855653508781,TRUE
"CHIC1",54.9636543368874,-1.11054673950396,0.308006945239757,0.0003114446135655,0.00109288895506375,-0.963653829599845,TRUE
"CHIT1",11.566458256293,1.94371088430467,0.705714389928887,0.00588275711603136,0.0143431942140277,-0.232971039192907,TRUE
"CHLSN",316.298546894351,1.07648329434816,0.182788444480087,3.87997814979689e-09,4.2399432819209e-08,1.02480618864199,TRUE
"CHRDL1",15.876533911465,-1.61627308402645,0.556301906127678,0.00366797670637762,0.0094760811261425,-1.2359875427599,TRUE
"CHRM3",16.4574846852109,-1.90973064184505,0.544118708053427,0.000448497173706555,0.00150554788954205,-1.60300026002223,TRUE
"CHST9",334.845600275296,1.20963890966002,0.305342084851913,7.44535746477048e-05,0.000305385848554993,1.0647372356703,TRUE
"CHTF18",44.864985085573,1.25899371094647,0.360633522468036,0.000481105968838124,0.00160248259390276,1.05212798373024,TRUE
"CIDEC",15.1883146421876,3.4122876869438,0.60380349036345,1.59218911050327e-08,1.51588247931319e-07,3.18409083798942,TRUE
"CKM",9.44720618763846,4.62280304749811,1.46248389637761,0.00157268567380415,0.00451130308584767,0.128135324503978,TRUE
"CLCN7",471.144426315999,1.47963732773644,0.205434576076643,5.91294353936632e-13,1.52521857575515e-11,1.42776421922624,TRUE
"CLDN3",145.173617059648,1.35684077811292,0.293073651319858,3.66209794296374e-06,2.05577914891807e-05,1.23697000524694,TRUE
"CLDN4",21.7855747508186,1.00309982956934,0.39217577030966,0.0105342336560793,0.0237953472540701,0.703363006860648,TRUE
"CLDN9",27.8224802499748,1.35602094917637,0.456961369085977,0.00300257745547146,0.00796419010209747,0.999570121603177,TRUE
"CLEC11A",43.9038480241352,1.05605352725723,0.271646817107879,0.000101241263837277,0.000400690223512982,0.93735422729388,TRUE
"CLEC1A",20.8120157450555,-1.26286470834501,0.232142154711911,5.32659036602661e-08,4.47581551589736e-07,-1.18804372063704,TRUE
"CLEC2B",128.544926173826,-1.04516615489353,0.174857492919008,2.26942131950483e-09,2.62432647807205e-08,-0.997425347643203,TRUE
"CLEC4M",713.482095450857,-1.12100066493631,0.244115686852305,4.38833684386302e-06,2.42058696194848e-05,-1.03053757267917,TRUE
"CLPTM1",1376.96033936069,1.26137936347278,0.14194825139458,6.32392456672663e-19,5.68725918804942e-17,1.23781431561437,TRUE
"CMTM4",289.233966302838,1.02257059998642,0.139638518088899,2.42517163084579e-13,6.80992287058175e-12,0.992213385228383,TRUE
"CNGA1",387.280263800618,-1.06202917755135,0.175169993808773,1.33731417633484e-09,1.62405581085919e-08,-1.01541331009738,TRUE
"CNKSR2",32.2893198103162,-1.27104494773469,0.311302658528181,4.44603635436988e-05,0.00019383145717872,-1.13502328686826,TRUE
"CNPY2",73.4268240063199,-1.10163433655482,0.195244716435034,1.67768069087844e-08,1.58705970117925e-07,-1.0440364886805,TRUE
"COL16A1",59.6001438033207,1.06367497726094,0.397929287113188,0.00751706230980063,0.0177271614711989,0.759618084307587,TRUE
"COL1A1",637.113286281975,1.28306731676165,0.39628256667212,0.00120472670105378,0.00357045477422086,1.02789491023393,TRUE
"COL6A2",581.938007300468,1.2618559584184,0.283680652108392,8.6610387220915e-06,4.46988853784559e-05,1.14713804189788,TRUE
"COL7A1",33.7272694033278,1.44660377559911,0.51722844302662,0.00516055213961696,0.0127781361468922,0.560787435491941,TRUE
"CORO1B",445.931103935583,1.45682326977982,0.165825474786791,1.55975170991088e-18,1.30801149711045e-16,1.42453283297435,TRUE
"CPA3",40.944520002393,1.00176502598229,0.440262711039573,0.02288313611728,0.0466780906852102,0.59632131375033,TRUE
"CPEB3",304.986404370591,-1.31375926207791,0.198813727989605,3.89571200981721e-11,6.66477208877468e-10,-1.2603546736131,TRUE
"CPEB4",509.306035159044,-1.23377104180187,0.223278501872947,3.2816591529726e-08,2.88119283153465e-07,-1.16311469375812,TRUE
"CPNE6",11.8862171668058,-1.4768998544375,0.533539706108632,0.00563813653718137,0.0138001613734143,-1.0975833731909,TRUE
"CPSF1",640.324636143885,1.10598906391608,0.185573023185212,2.5245557043642e-09,2.88427780472854e-08,1.05361509431606,TRUE
"CPTP",360.037451368469,1.00150820402018,0.228922982712738,1.21505074991219e-05,6.07569321047485e-05,0.916344140671629,TRUE
"CRISPLD1",19.0417847574322,-1.18582381685307,0.290265748179991,4.40191487905902e-05,0.00019222272651009,-1.06155554940162,TRUE
"CRP",10598.6850754317,-1.46866083294367,0.451158803313263,0.00113269479734844,0.00338258195034949,-1.20234226127445,TRUE
"CRTC1",125.286798915334,1.14891277319948,0.224365165542796,3.04359909119912e-07,2.18856314985739e-06,1.07635720976201,TRUE
"CSNK1G2",265.649024289636,1.14515928981465,0.184066759795605,4.92629811979042e-10,6.55690279744104e-09,1.09574934238964,TRUE
"CSNK2B",127.064566504656,-1.16030726568125,0.17632934597103,4.69369798154809e-11,7.83853452125534e-10,-1.11435642583008,TRUE
"CSRNP1",131.691171537992,-2.06011772816497,0.155176389676146,3.19094481876763e-40,6.06735364825675e-37,-2.0322947341203,TRUE
"CTNNA3",123.618637783637,-1.26317913474152,0.290034365412693,1.32900564168161e-05,6.5758606285436e-05,-1.14532088218334,TRUE
"CTSD",5811.36993114476,1.01333370922129,0.218938403846584,3.68508223645819e-06,2.06432847505297e-05,0.9405495897275,TRUE
"CTSG",15.7664553145291,1.21602220517417,0.459425817701974,0.00812500989995432,0.0190059546165891,0.821612588528874,TRUE
"CWH43",28.0140684659043,2.81970916474426,0.437549565055576,1.16120288781429e-10,1.778551258551e-09,2.68298158894559,TRUE
"CXCL2",1088.96402302912,-2.5204167495494,0.278570908072333,1.46055702528288e-19,1.51875109425899e-17,-2.45829972423513,TRUE
"CXCR4",92.43978166085,-2.29212458340784,0.244041714253412,5.86776275669687e-21,8.30850237145056e-19,-2.2415243357924,TRUE
"CXXC4",37.7284197477461,-1.7347260523924,0.310385368252403,2.28456255036713e-08,2.08270736612237e-07,-1.62979315847587,TRUE
"CYB561D1",164.224817220226,1.19632227685281,0.107438624313699,8.48052722194564e-29,4.18058582681839e-26,1.17972434907567,TRUE
"CYB5D1",23.1364025745595,2.22054680418018,0.310964066778627,9.27575955173042e-13,2.28630295617652e-11,2.13819212222242,TRUE
"CYFIP2",1028.83830761713,1.3349374253589,0.258482443567697,2.41058318713211e-07,1.76096938642856e-06,1.24540005615922,TRUE
"CYP4F22",173.116105425975,1.21117497557814,0.251826887657272,1.51267546246756e-06,9.25262426720734e-06,1.11773855389538,TRUE
"CYP4Z1",10.9912935200728,-1.1063243814803,0.388433403856013,0.00439714244771913,0.01111393201275,-0.865984070349857,TRUE
"CYP51A1",90.817177445926,4.46897124258269,0.506110013744535,1.04639078491947e-18,9.22348433594577e-17,4.35069064528617,TRUE
"CYP7A1",2193.65209366764,2.0220685358213,0.41923412392891,1.41241906300004e-06,8.67926949608981e-06,1.84213299683803,TRUE
"CYTIP",54.5156118709975,-1.02371598965875,0.207521159993694,8.0947965801935e-07,5.24332070405937e-06,-0.955168200810247,TRUE
"DAB2IP",383.975410478789,1.47650255714332,0.154671145866887,1.34701560900411e-21,2.23976807631149e-19,1.44746959450438,TRUE
"DACH1",25.1426498600902,-1.12527629090474,0.232148612835447,1.25201136160668e-06,7.76527084016069e-06,-1.04418231727621,TRUE
"DAGLA",16.5249630363936,1.73565480444953,0.36431163745945,1.89601016660144e-06,1.13114725761834e-05,1.58363672356265,TRUE
"DAPK3",151.91096279735,1.25169805293832,0.173219927029716,4.97198274977157e-13,1.29505069274872e-11,1.20905328525392,TRUE
"DBH",265.973518712591,1.24582487142022,0.331719000248528,0.000172882998248031,0.000645462189812425,1.07389760018851,TRUE
"DBNDD1",73.9898644325327,1.40578846497232,0.278012166152803,4.2686032090477e-07,2.98085565122901e-06,1.30197429895279,TRUE
"DCDC2",97.7174762248654,1.24825552456585,0.358797413247505,0.000503292125895387,0.00166886352657389,1.0416705511047,TRUE
"DCTN1",609.526912962766,1.09980280131913,0.114953620588952,1.09669079171044e-21,1.84771575160329e-19,1.07909634886634,TRUE
"DCTN6",143.833572403131,-1.02779080849885,0.144753189219064,1.24487988514433e-12,2.98009914950919e-11,-0.995853925713354,TRUE
"DDB2",534.764816754656,1.09476657683926,0.165602161316471,3.8218923721468e-11,6.55533343727757e-10,1.05522640673019,TRUE
"DEPP1",505.307624159897,-1.71485344634609,0.246572149941332,3.53129006947899e-12,7.59312937395241e-11,-1.64518563535928,TRUE
"DERL3",65.9105765288185,1.39889914807509,0.365923955913991,0.000131878912306216,0.000507021468167456,1.20193166680833,TRUE
"DGKH",48.8113657085865,-1.06546668223454,0.199810179763803,9.69261400925442e-08,7.78567848299193e-07,-1.0036938725195,TRUE
"DHCR7",3687.12138439234,1.29280848347318,0.241632731458002,8.78067786727798e-08,7.11325760276749e-07,1.21547617120731,TRUE
"DIPK2A",180.956404176324,-1.9991215641858,0.246392833867137,4.91603313734566e-16,2.61729604232283e-14,-1.94061049722489,TRUE
"DIRAS3",103.024496492101,-1.16597139301265,0.23742153381547,9.06243004340409e-07,5.80745998448283e-06,-1.08230187846521,TRUE
"DLEC1",21.1425451294887,-1.0039955662207,0.390949551292842,0.0102259143528654,0.0231750246954943,-0.747072074054946,TRUE
"DMTN",364.545309850836,1.28547563958294,0.196454506382057,6.01454852118815e-11,9.85882276071605e-10,1.23330513876223,TRUE
"DNAJC11",567.780582362636,1.01029782243673,0.111663606026014,1.46023082581061e-19,1.51875109425899e-17,0.99103728880843,TRUE
"DNAJC12",360.458549829491,-1.60155457782013,0.161863467445051,4.39897667633005e-23,9.44360960676661e-21,-1.57149530752271,TRUE
"DOHH",61.3290294018591,1.1599051474572,0.248419159607292,3.02455437492301e-06,1.72184853422691e-05,1.0677108250975,TRUE
"DOK7",21.2523588732418,2.17687958094347,0.398962009337157,4.85999390684759e-08,4.11230253656335e-07,2.02949766307945,TRUE
"DORIP1",113.247736302244,-1.05179090061383,0.150602811256803,2.87151753562921e-12,6.31205665997506e-11,-1.01625044686258,TRUE
"DPY30",399.595252905632,-1.09911764876152,0.106106154690603,3.82277312507103e-25,1.24100269011452e-22,-1.08452650888126,TRUE
"DTNA",119.752714943886,2.30805652984064,0.426289201022393,6.15298127109255e-08,5.12171236511832e-07,2.14253582044779,TRUE
"DUS3L",122.803134079604,1.36760689890476,0.188456935413215,3.96159141641403e-13,1.05247069366209e-11,1.31496200383221,TRUE
"DUSP1",1221.00208820165,-3.23186584102353,0.247985381066609,7.99600274813536e-39,1.18251996197424e-35,-3.18531222282069,TRUE
"DUSP10",427.277219185984,-1.21230179065055,0.132213846219045,4.76322016815796e-20,5.66057682483772e-18,-1.18567541007891,TRUE
"DUSP2",12.200225662884,-2.03963960502518,0.269245649087806,3.58062594577845e-14,1.20959724208911e-12,-1.97127137090389,TRUE
"DUSP5",171.280312112542,-1.3040611387102,0.132175384721462,5.83663406764863e-23,1.2138374912563e-20,-1.28065819398919,TRUE
"DUSP6",810.716002829243,-1.05168101862452,0.213035145862663,7.94738769214085e-07,5.17260294290438e-06,-0.982988236151636,TRUE
"DUSP8",29.3215364053791,1.78510987772511,0.466376991458131,0.000129392840108911,0.000498904606561301,1.50994641580349,TRUE
"DYNC1H1",2152.99555362107,1.02579697465359,0.114561906766759,3.42566903483734e-19,3.28026293911403e-17,1.00548018381406,TRUE
"DYSF",587.975515381183,1.11261881822183,0.139850478555936,1.78014913573335e-15,8.25567421484698e-14,1.08481436842454,TRUE
"E2F1",37.3297865886075,1.3609513296854,0.335089541330483,4.87676718536585e-05,0.000210131988466233,1.20177854366751,TRUE
"E4F1",178.664050155273,1.2244624671466,0.241460292852884,3.95581608084042e-07,2.78581545163947e-06,1.14020477143903,TRUE
"EAF2",18.8784768301094,-1.09375211847137,0.194157493354371,1.76768636714927e-08,1.66157525047718e-07,-1.03723083872179,TRUE
"EBPL",1145.71675719377,-1.44952305823862,0.144999200123121,1.57455439288817e-23,3.67672262620028e-21,-1.42190625319914,TRUE
"EDA2R",25.5830340794705,2.56700256916802,0.515866016850067,6.48770467857156e-07,4.30250868319818e-06,2.34056407664145,TRUE
"EDC4",174.206075113841,1.02766648147942,0.154712239577893,3.08536163593075e-11,5.42485645630624e-10,0.990288265833527,TRUE
"EDN1",21.950151386669,-1.25025862258913,0.279155041751611,7.5090247866588e-06,3.93020526584462e-05,-1.1399161957153,TRUE
"EDN2",22.268179758162,2.85561485310182,0.405486149284647,1.88892235189328e-12,4.29770196644438e-11,2.74054829308329,TRUE
"EEF1A2",60.3459858880705,6.75377911624126,0.992438618211703,1.00883646178235e-11,1.9573780329917e-10,6.45050946320915,TRUE
"EEF1AKMT2",68.1217340195594,-1.24678330730602,0.188127559080753,3.41814264015037e-11,5.93161389053474e-10,-1.19740541979572,TRUE
"EEF1E1",31.3596444303483,-1.3409054657264,0.329303410287745,4.66221343733775e-05,0.000202000970642306,-1.19428750618654,TRUE
"EEF2KMT",127.85856760742,1.11446083861281,0.143092479328831,6.78654048006513e-15,2.73723799362627e-13,1.08401099762193,TRUE
"EFNA2",13.050442409022,1.82335378767145,0.379886747626849,1.58879745028573e-06,9.64304774154886e-06,1.6607157636464,TRUE
"EGR1",358.03287896521,-3.89187991244039,0.51297157072405,3.27571406497165e-14,1.11508322774355e-12,-3.7546078091211,TRUE
"EGR2",11.5539169456568,-2.12786054814466,0.328655061356112,9.51583244973047e-11,1.4778964983187e-09,-2.02943438655058,TRUE
"EHF",41.6008215882134,1.01629917864578,0.407654923109613,0.0126655321649811,0.0279844344481903,0.685112814658652,TRUE
"EID2B",10.9563579031687,-1.00019505973836,0.193032054804611,2.20111843720826e-07,1.6294152613594e-06,-0.940565880412926,TRUE
"EIF2S3B",14.7376950281235,2.35850737742571,0.549538037649369,1.77230507835165e-05,8.52833716300087e-05,2.0740421443761,TRUE
"EIF3C",61.0987101342165,1.71962762166864,0.21832732223697,3.37018729858984e-15,1.46706960204463e-13,1.66775293683377,TRUE
"EIF3L",1630.63621435852,1.13639303054807,0.185409641715229,8.83811762917237e-10,1.11291717733476e-08,1.09150142619817,TRUE
"ELFN1",391.795830733002,1.1694918622938,0.181609818708897,1.19800619011016e-10,1.82025826374044e-09,1.12123155358321,TRUE
"ELFN2",18.6832416093509,3.84244814390504,0.759285590942522,4.17917586933397e-07,2.92300739993878e-06,3.50411102400081,TRUE
"EMILIN1",214.48788696601,1.48720226276954,0.269196551539903,3.30244131754085e-08,2.89371256987944e-07,1.39566658487309,TRUE
"ENO1",7513.29050478036,1.03553588227656,0.0863810362196948,4.10700681105353e-33,2.8770663502696e-30,1.02726125368956,TRUE
"ENPP7",166.261531170669,1.05394674439042,0.27803363794821,0.000150213233549396,0.000568963613700188,0.92454754615358,TRUE
"ENTPD2",14.8804716311954,1.03295172047564,0.317477730636174,0.00113944807797213,0.00340088497794123,0.859571410453544,TRUE
"ENTPD7",133.165147174327,1.43303174577096,0.234427540062967,9.78376353512513e-10,1.21249434499549e-08,1.36326380585317,TRUE
"ENTPD8",248.216113431166,1.55747982232905,0.18621491762598,6.06869974146605e-17,3.90214461637262e-15,1.51715312663347,TRUE
"EPHA1",711.535535819059,1.33092344121267,0.135913857290434,1.2137478950509e-22,2.41119171389963e-20,1.30697371540457,TRUE
"EPHB2",18.0443872413958,1.91015206950657,0.334829603599455,1.16446801961e-08,1.13880009853116e-07,1.79512323357978,TRUE
"EPO",25.6487328364172,-1.6944826024848,0.43624524914914,0.000102649160023157,0.000405900273294182,-1.47789244611119,TRUE
"EPPK1",25.1078160107475,1.61547437034432,0.386210652405163,2.87834236486183e-05,0.000132242792117055,1.42639068227871,TRUE
"ERICH5",165.007737470621,1.53456239529201,0.252182102659894,1.16392457861743e-09,1.4263861622715e-08,1.45946296069924,TRUE
"ERN1",505.699204576018,-1.1155810643869,0.140008865446784,1.61352112508065e-15,7.61559084213595e-14,-1.08657958593163,TRUE
"ERV3-1",62.1254276497819,1.44166352975767,0.294190093781931,9.56179123568888e-07,6.09456409436212e-06,1.32638543811707,TRUE
"ESPN",1031.29601846207,1.00777925537083,0.221741066552871,5.49751315608712e-06,2.97084450294436e-05,0.927356130134737,TRUE
"ESRRG",26.0707816676108,1.24983531908625,0.539002209612892,0.0204061855982188,0.0422602038761929,0.611764484390603,TRUE
"ESYT1",2079.17273347723,1.22840883667657,0.102975443232647,8.3427462590851e-33,5.55209763542113e-30,1.21611637474999,TRUE
"ETFRF1",765.193200023239,-1.34746827620804,0.270709269076366,6.43949445847489e-07,4.28120235975529e-06,-1.24738458120508,TRUE
"EVC",158.036471416861,1.82879525296514,0.35903485978254,3.5124865251185e-07,2.49472762269622e-06,1.68821122830328,TRUE
"EVI5L",76.2265209814546,1.41486403564618,0.214686194601316,4.3869630876947e-11,7.36323817114961e-10,1.35529593212254,TRUE
"EVPLL",16.8158300686621,1.75563324765195,0.361533332059537,1.197349113025e-06,7.45054543915979e-06,1.60651345525151,TRUE
"EXPH5",273.916305832632,-1.09755710048756,0.18612150316795,3.70186773884563e-09,4.07205451273019e-08,-1.04544133229971,TRUE
"EXTL3",499.347845315311,1.35023193168626,0.110651755840311,3.01295197754277e-34,2.35896416594672e-31,1.3345020144038,TRUE
"EYA2",35.9671630958467,1.6821572081293,0.458832786788345,0.000246214037145804,0.000886892108383083,1.39706459595089,TRUE
"FADS1",3243.09404202467,1.95822159767565,0.357315645872296,4.24439623364324e-08,3.62598933695709e-07,1.83340646937142,TRUE
"FADS2",6629.55197150646,2.83199611476225,0.286173080779412,4.32845437935765e-23,9.44360960676661e-21,2.81356693045776,TRUE
"FAM107A",38.4838589257942,-1.68516778716348,0.25513634711507,3.97599233917389e-11,6.78467410697493e-10,-1.61297643540114,TRUE
"FAM111B",41.1120762359464,2.37661312070045,0.428219843066831,2.85696342044529e-08,2.54015919346205e-07,2.21740234041714,TRUE
"FAM151A",716.511709062818,1.55115382331224,0.418270339650369,0.000208494068028551,0.000765837483723982,1.30723393311679,TRUE
"FAM174A",132.096213443029,-1.16580377999131,0.130547096447125,4.25472012109051e-19,4.01633509302941e-17,-1.14191934771686,TRUE
"FAM177B",14.8081885027185,-3.40554776925991,0.627309747522849,5.67298538187483e-08,4.73697838348519e-07,-3.17610098394133,TRUE
"FAM241A",86.7681355954931,-1.20718810617248,0.23254615543057,2.0896956311268e-07,1.55645488809724e-06,-1.12971926953059,TRUE
"FAM83F",68.3350013639015,1.59829291961859,0.430761121931595,0.000206937998549711,0.00076086871842449,1.34434664210726,TRUE
"FAM83G",659.18715074259,1.97248385362982,0.221559021106896,5.44813906706147e-19,5.00101592983367e-17,1.92631917998899,TRUE
"FAM89A",41.2094046506399,-1.4664367714,0.158803174734539,2.59970915484859e-20,3.29544084295569e-18,-1.43533579031041,TRUE
"FAM9B",27.59415444234,-1.39308102707684,0.39041183507997,0.000359394613584304,0.00124086700565683,-1.19001318201689,TRUE
"FASN",6132.15800050837,2.56236914600454,0.326501694945444,4.22890988449369e-15,1.80406380008369e-13,2.48027223647148,TRUE
"FAT1",1066.4245763368,1.48623026795891,0.268147217986025,2.98028995894655e-08,2.63503308900425e-07,1.39542588099426,TRUE
"FBLN1",100.017762690848,-1.29043291312176,0.388083234116831,0.000883726536074145,0.00271837305180191,-1.07602588679434,TRUE
"FBXL18",24.7844422309281,2.14246076166021,0.331138207169161,9.8009652779708e-11,1.51510856968399e-09,2.0403571404225,TRUE
"FBXO2",494.345107712586,1.33245530786222,0.203983275699912,6.48195375473368e-11,1.05341641606234e-09,1.2780588770859,TRUE
"FBXO27",169.94241775124,1.0037422613665,0.156849489699991,1.559910665642e-10,2.32241733329922e-09,0.964991754689859,TRUE
"FBXW5",1293.80167984533,1.3608313509827,0.175248571591327,8.15490029832495e-15,3.22082264008027e-13,1.32241294612797,TRUE
"FCAMR",343.268327388457,1.41324252138641,0.2813190552286,5.07041802737184e-07,3.47514232463024e-06,1.30739038966499,TRUE
"FCHO1",19.9967611738779,1.07368469119953,0.309356264192366,0.000519091700664786,0.00171569668136288,0.912664232820805,TRUE
"FCN1",96.5397059629043,1.28236733600859,0.310755890539337,3.68155249160761e-05,0.000164269070275888,1.14293022025012,TRUE
"FDFT1",2897.42322090201,1.01955109625533,0.284633324052321,0.000340998885090144,0.00118380155465566,0.885144556029876,TRUE
"FDPS",5796.62931316306,1.56128483896566,0.288803568807406,6.44319264729887e-08,5.31673243245802e-07,1.47560903212706,TRUE
"FDXR",270.428513040495,1.48805917005872,0.180733176356637,1.81883879572206e-16,1.05715040921662e-14,1.45029440945766,TRUE
"FERMT1",13.7266856035277,1.10980488669854,0.372789018764358,0.00291053505819469,0.00773701250740389,0.866903009481742,TRUE
"FGF14",66.5175185282661,-1.65932334654367,0.540752517019958,0.00215104043751371,0.00595473132764298,-1.31136629136345,TRUE
"FGF2",83.839136853592,-1.43665018862216,0.291972592578003,8.6324840146161e-07,5.55601364770504e-06,-1.32817280994083,TRUE
"FGF7",10.0467173619242,-1.48552556965278,0.387442534157123,0.000125982337177911,0.000487871000292173,-1.29396565911084,TRUE
"FILIP1L",65.0542689713643,-1.33647284944838,0.265271806379437,4.70111343726301e-07,3.25217358887581e-06,-1.24218173356952,TRUE
"FLNA",724.547586908059,1.24067033684954,0.251193280045959,7.84813838784391e-07,5.11801675366009e-06,1.15165391643802,TRUE
"FMC1",14.416732336702,-1.53628480944905,0.245291012071715,3.77372052545366e-10,5.15690145726778e-09,-1.46384729355453,TRUE
"FMO1",93.5081939293926,1.33917755978408,0.423184989233055,0.00155338736266661,0.00446267770280437,1.04677703295541,TRUE
"FNDC5",1511.81064778451,1.39804300476389,0.215041756218271,7.96484629194644e-11,1.26393152529619e-09,1.34050162438436,TRUE
"FOS",260.230812856404,-6.27951831459848,0.483392399159191,1.38484111226797e-38,1.67565774584424e-35,-6.200841692459,TRUE
"FOSB",36.8223242528975,-7.53064622118486,0.477512814529694,4.96051298330267e-56,6.60244278077586e-52,-7.4669218784368,TRUE
"FOXN4",28.8487036253207,3.34561570887215,0.693201545880922,1.39075731655729e-06,8.55405724740179e-06,3.01960624829171,TRUE
"FOXO1",388.938150286077,-1.53366023022471,0.197790523389942,8.90688918676401e-15,3.47655997289821e-13,-1.48650420180567,TRUE
"FOXP1",277.065832095882,-1.03383278208269,0.127609672914852,5.42750947355379e-16,2.83294710168631e-14,-1.0083889346414,TRUE
"FOXP2",106.509915468804,-1.01370918946732,0.195774641105876,2.24350310878669e-07,1.65551491007464e-06,-0.952659853705054,TRUE
"FOXP3",64.0980913837451,2.17712678271405,0.394949455215826,3.5393559346074e-08,3.08707912776045e-07,2.02815303343433,TRUE
"FRA10AC1",269.445643562974,-1.10019667612127,0.138223464257988,1.72665065434908e-15,8.04512407196526e-14,-1.06051953732376,TRUE
"FRZB",52.7435273044675,-1.01807933085283,0.306224385317764,0.000885395210615868,0.00272224769075934,-0.865417676287415,TRUE
"FST",478.535142057931,-1.96116262290454,0.251406229772893,6.15296991365351e-15,2.50446573549628e-13,-1.89882323178573,TRUE
"FSTL3",107.961319176971,1.02302780243552,0.280166687354735,0.000260716202893095,0.000931329216453862,0.889753840177842,TRUE
"FZD7",17.549232536327,-1.40695922810068,0.29643988802885,2.07286791245244e-06,1.22676175699164e-05,-1.29287560771549,TRUE
"G6PC1",4472.44615048193,-1.26197534412962,0.320649879807233,8.29614289568437e-05,0.000335628151798052,-1.11012617597043,TRUE
"GABRB3",84.8264877477002,1.33365493405474,0.592266549896417,0.0243360754459866,0.0491596849576691,0.498445978979208,TRUE
"GADD45B",467.896671191409,-2.59861714913254,0.226269762060974,1.57668000351897e-30,9.1241786290598e-28,-2.55965221737847,TRUE
"GADD45G",123.514829648427,-3.16047946666909,0.315834939006669,1.42360495867949e-23,3.38360392857571e-21,-3.09623261136252,TRUE
"GAS1",25.8766884571891,-1.45491948311424,0.257461681576538,1.59504401063982e-08,1.51751506659157e-07,-1.37174376578919,TRUE
"GAS6",699.099447291325,1.51839481864604,0.201091970078269,4.32765024262021e-14,1.43286131167351e-12,1.47104843084471,TRUE
"GATA3",14.7593152623811,-1.67958041044635,0.239756418590209,2.46348731436979e-12,5.50151277756073e-11,-1.61546634143577,TRUE
"GATA6",120.971119056962,-1.14723446798361,0.148847527361791,1.28359316312649e-14,4.8261652545801e-13,-1.10498088952886,TRUE
"GCK",379.881533583935,2.38940107606005,0.458914215569188,1.92290709815907e-07,1.44109760565863e-06,2.20160414679948,TRUE
"GDF2",232.950173748759,1.60535863960423,0.245945025559585,6.69627934636841e-11,1.07902515859762e-09,1.53513862726709,TRUE
"GET4",103.70339679524,1.24919499673354,0.339694086947208,0.000235612632497835,0.000853799112046335,1.06912841875352,TRUE
"GGH",1612.5445982771,-1.2196010775769,0.150486837837952,5.30193419693482e-16,2.77829701422057e-14,-1.18667559613051,TRUE
"GGT1",1046.42566369735,1.3177678427128,0.191786909614245,6.3753424812528e-12,1.29156481621727e-10,1.27048752481588,TRUE
"GGTA1",90.5649844947703,-1.09758559997364,0.212319339022923,2.34716539485676e-07,1.72206320972878e-06,-1.02942869503172,TRUE
"GJA1",64.8047657680575,-1.26535010223073,0.284294184964587,8.55320108812229e-06,4.41937525166567e-05,-1.1520874405747,TRUE
"GJA5",37.4660202178372,1.10524809054512,0.410029364847949,0.00702759070839618,0.0167339326299149,0.787232007744475,TRUE
"GK",794.695579794756,-1.03576855205119,0.207270150119332,5.81714114048736e-07,3.9123874977204e-06,-0.950922358631332,TRUE
"GLB1",1213.21612509579,1.0835775018788,0.131871798860679,2.08829506752341e-16,1.20848727603203e-14,1.05813808226232,TRUE
"GLCCI1",122.302454863534,-1.10269590852927,0.173962850948364,2.31732787716923e-10,3.32008977880759e-09,-1.05683411301502,TRUE
"GLI4",52.8565993887722,1.54145867654631,0.313953201845402,9.11526755275464e-07,5.83570039091699e-06,1.4161990175796,TRUE
"GLIPR1L2",11.6571982488123,-1.44176668233279,0.284813105266344,4.14554484177369e-07,2.90406325494778e-06,-1.33862736370624,TRUE
"GLIS2",51.1079262432808,1.67829990756108,0.401388231093439,2.89925612891538e-05,0.000133065858882289,1.47547374974239,TRUE
"GLRX5",795.991975402101,-1.08833818622016,0.124252753901376,1.96873222159568e-18,1.60759667910666e-16,-1.06487661426384,TRUE
"GLTPD2",277.578959689605,1.61304140510855,0.25056626275584,1.21390016347342e-10,1.83811276175554e-09,1.54249663270247,TRUE
"GLUD2",151.224959129631,1.01090521920606,0.204352687999431,7.54181297473739e-07,4.93760603510845e-06,0.943511155405466,TRUE
"GNG11",300.019474564803,-1.39914264820307,0.18732867115691,8.08563645307077e-14,2.49697960998543e-12,-1.35338185679006,TRUE
"GNL3L",49.2537874148893,1.33648545454387,0.244681305348237,4.70408158352328e-08,3.99306925234023e-07,1.25486324653007,TRUE
"GNLY",79.9058779964082,-1.02531381771915,0.291681568300774,0.00043945260046984,0.001480788382849,-0.885938811252653,TRUE
"GOLGA6B",21.5100185010718,1.34673689506445,0.392789720848648,0.000606600229017027,0.00196827134281244,1.10912141527915,TRUE
"GOLGA8B",406.928851272024,-1.05093190972837,0.359474832685326,0.00346097845592205,0.00902186119238592,-0.840979837242728,TRUE
"GOLGA8N",45.0866128352732,-1.19377640234072,0.314461856697551,0.000146900269659716,0.000558003022023635,-1.04845651454006,TRUE
"GPAA1",1095.83912055931,1.34122458689664,0.154329706398455,3.6038966706492e-18,2.83833518854088e-16,1.31047875388877,TRUE
"GPAT3",130.972996994793,-2.18151838857723,0.227105098684154,7.55938850754936e-22,1.3066942991621e-19,-2.13604701711246,TRUE
"GPATCH4",212.106782845481,1.03196430147041,0.118165886410138,2.47604161947836e-18,1.9853080695938e-16,1.01042842027441,TRUE
"GPBAR1",17.4997052756496,1.47405840514328,0.34387186940824,1.81387604628922e-05,8.70898924209382e-05,1.31778126470572,TRUE
"GPC1",512.165224822275,1.14453059757595,0.191115089786883,2.11527233105503e-09,2.45888862238799e-08,1.0906702003706,TRUE
"GPLD1",1346.69987115398,1.77761958102086,0.217901470687383,3.4088437438062e-16,1.87486405909341e-14,1.7357960447516,TRUE
"GPR137",249.777216978424,1.06684834763595,0.145691318581843,2.43098753665928e-13,6.81188297114422e-12,1.03778222883593,TRUE
"GPR160",19.6180430651751,-1.20303533629787,0.331612096570135,0.000285803251216232,0.00101225153637255,-1.0412667133012,TRUE
"GPR171",10.67628779899,-1.47721891697033,0.304780765440716,1.25453238270488e-06,7.77728272650302e-06,-1.36132604360565,TRUE
"GPR182",61.263564702184,1.09356953315922,0.283315634251184,0.000113434227799202,0.000444584679625259,0.962487644921496,TRUE
"GPR183",28.9526171210138,-1.39400494114466,0.239684629931452,6.02737689086611e-09,6.35189124445193e-08,-1.31904005010556,TRUE
"GRAMD1B",53.1324258676751,1.03432382456489,0.326362000131322,0.00152831173607412,0.00440108810193566,0.845300018265148,TRUE
"GRID1",51.8132884321371,1.19242701303535,0.439102564172184,0.00661557530468942,0.015871180119938,0.830040158181812,TRUE
"GRN",2059.71658167952,1.15962438626888,0.143165635861531,5.5013692003272e-16,2.86028218970137e-14,1.12815540690426,TRUE
"GSDMD",981.884187016111,1.07445668825083,0.172848189982185,5.09380633530566e-10,6.75284485288031e-09,1.03259296376165,TRUE
"GSTM3",227.886001464657,-1.17199245549668,0.356138082664485,0.000998896993100843,0.00302992684096906,-0.981040285410427,TRUE
"GSTM5",29.0220112531186,-1.10780797884937,0.446782674214161,0.0131558193783354,0.0289475873575209,-0.787973646488679,TRUE
"GTF2I",404.960631891532,1.61894604416639,0.212633159709136,2.6615551553059e-14,9.34704462193179e-13,1.56848721229221,TRUE
"GZMM",12.2478830550971,1.04477673344265,0.353714001742529,0.00313955466076269,0.00827310879721865,0.827579242321554,TRUE
"HBEGF",18.4650751776009,-1.82841996087189,0.22677789917118,7.46873337055988e-16,3.76548640765727e-14,-1.77533696967004,TRUE
"HDC",20.112276514239,-1.0744465076767,0.314780724001555,0.000641771608516485,0.00206527565506635,-0.91811324690945,TRUE
"HECTD2",71.193445535741,-1.08794513463805,0.192594143013326,1.61477358084611e-08,1.53299831391311e-07,-1.03158830772862,TRUE
"HES1",239.814518760671,-1.05047801916822,0.179040452151224,4.43038693167635e-09,4.7980838129058e-08,-1.00054730247088,TRUE
"HGFAC",2690.97017267261,1.25411644890165,0.29729226608006,2.45973235631652e-05,0.000115075703559132,1.13072459763338,TRUE
"HIP1R",391.497098569066,1.05582646395155,0.168287077077865,3.51977976922311e-10,4.82474446224095e-09,1.01375796806309,TRUE
"HIPK3",710.742819867331,-1.00681549012965,0.243647674907159,3.5921408643578e-05,0.000160872795775916,-0.910726837419734,TRUE
"HMCN2",38.336500373359,1.57673583517048,0.381343945893226,3.55446933015379e-05,0.000159507709994427,1.3841372841024,TRUE
"HMGCR",2170.99202459886,1.10412621808459,0.378404849234292,0.00352460935813152,0.00916582462005418,0.852699190406446,TRUE
"HMGCS1",11686.9924573109,1.18291422962043,0.450031288841379,0.00857584407575034,0.0199031359456385,0.78796118414422,TRUE
"HNRNPA1L3",30.5493832057141,-1.02835818652354,0.167419944203805,8.12902069488516e-10,1.03021425781124e-08,-0.984088367409319,TRUE
"HPGDS",13.5155314609896,-1.37156792310072,0.356852971765559,0.000121287113601024,0.000471236911957748,-1.20056634061804,TRUE
"HPR",7570.35981697682,-1.68134734937208,0.167065899582564,7.97118037265437e-24,2.00181907094396e-21,-1.63548927932542,TRUE
"HPRT1",263.701520809885,-1.69471786619152,0.17277357540347,1.03091199901422e-22,2.07900586467868e-20,-1.66163599329552,TRUE
"HPS3",284.918381924672,-1.07696134475838,0.202964420241398,1.11959732248442e-07,8.88071535296045e-07,-1.01347303395119,TRUE
"HS3ST2",12.1754667794724,1.21331636847542,0.457537324264544,0.00800541615671363,0.0187426717758766,0.826660046085933,TRUE
"HSPA8",16262.164142831,1.8070812600956,0.160924024780153,2.92436833804415e-29,1.55693370317471e-26,1.78077730269304,TRUE
"HSPE1",526.080846148327,-1.58557884034847,0.222616888780915,1.06021140701488e-12,2.58325012176249e-11,-1.52718556202104,TRUE
"HUNK",23.4945092909121,1.51612578972929,0.33781683379992,7.18910942560942e-06,3.79108741897232e-05,1.36882469319302,TRUE
"HYAL3",88.6745851248704,1.51367768908977,0.227085046429248,2.63431356672632e-11,4.71907315923651e-10,1.45035916328219,TRUE
"HYDIN",52.5945224393436,-1.46950550097351,0.636489173226713,0.0209564878166288,0.0432249888175003,-0.903154398785919,TRUE
"HYOU1",1851.67205941394,1.05123543378542,0.191035164482967,3.7372723089584e-08,3.22797497937938e-07,0.995971881475938,TRUE
"IAPP",12.3672262736949,-1.04310238564587,0.400735604031065,0.00924202890527492,0.021258886178328,-0.78263891054288,TRUE
"IBA57",222.750109168714,1.11780394655695,0.119832157122055,1.07806043307402e-20,1.46418207798115e-18,1.09720470726791,TRUE
"ID2",2628.74510233484,-1.4792348235011,0.149661501848021,4.89068378471141e-23,1.03325398689697e-20,-1.4520679243422,TRUE
"ID4",18.2291871511397,-1.16223589283736,0.479507441115327,0.0153585537819208,0.0330941154018723,-0.800461950687145,TRUE
"IDNK",546.030657900781,-1.14017481381689,0.118406792984075,6.01363481522603e-22,1.0531773604034e-19,-1.12202444532905,TRUE
"IER3IP1",265.720857477364,-1.3074952208908,0.284922453849806,4.45478663387516e-06,2.44723015040425e-05,-1.19567467110105,TRUE
"IER5L",28.3033440979682,1.38765274100126,0.353133087106152,8.51063640237784e-05,0.00034315834751787,1.21070016624472,TRUE
"IGFBP1",744.227727827951,-5.04552989304173,0.567704354767554,6.2442350549325e-19,5.68725918804942e-17,-4.9120786344797,TRUE
"IGFBP7",2137.38298145881,-1.01399849202325,0.222010863848517,4.93958891108238e-06,2.69450526256174e-05,-0.929183007344786,TRUE
"IGSF1",66.9278397631446,1.86456078902198,0.279825902005963,2.67766806046975e-11,4.78386065568489e-10,1.77777904345369,TRUE
"IGSF3",42.7566002432115,1.45001452061632,0.320214346099564,5.94707575716168e-06,3.18533514397674e-05,1.31267133613468,TRUE
"IKBKG",77.2634865598188,2.02398787181981,0.195601668158873,4.29564929240242e-25,1.36131171623515e-22,1.98635191753811,TRUE
"IL1B",21.7653468808814,-1.09436253033265,0.293014978330331,0.000187838469289323,0.000695833572569132,-0.960975434283315,TRUE
"IL1RAP",1441.72338656982,-1.38277317336837,0.259092571967567,9.4504848464608e-08,7.60035971639839e-07,-1.29002028809672,TRUE
"IL21R",15.332109968825,1.17476373795441,0.34691448392817,0.000708365194943637,0.00224751865189507,0.981950369109463,TRUE
"IL34",24.1074923998306,1.05970847649153,0.297564754222089,0.000369065112565962,0.0012719463097496,0.910863651678193,TRUE
"IMMP1L",99.6617474150307,-1.05661328463539,0.143753133646384,1.97920781676062e-13,5.62890086347946e-12,-1.02466513392744,TRUE
"IMPA1",528.456947744443,-1.38068042104869,0.17814199801218,9.15683901399648e-15,3.56367038819571e-13,-1.33938280971287,TRUE
"INCENP",45.8329101202274,1.06100091742021,0.156835564777943,1.3326035217024e-11,2.53385041055127e-10,1.02277183207691,TRUE
"INF2",666.335188760463,1.26066907585138,0.241352269381593,1.75708127219138e-07,1.32502842679135e-06,1.17778752525966,TRUE
"INHBB",119.73309551262,-1.71077372722898,0.281031764721953,1.14705572386125e-09,1.40842358713959e-08,-1.6238284908669,TRUE
"INHBC",2629.55788534762,1.48906171064784,0.207679247410182,7.49937922696073e-13,1.88333467001599e-11,1.43826966544131,TRUE
"INHBE",4217.86375268968,1.42552951168906,0.185540393426656,1.55257386123725e-14,5.75620002592418e-13,1.38615738854576,TRUE
"INTS1",569.853218309994,1.49540421765693,0.22279494175949,1.91947711694089e-11,3.52389523123907e-10,1.43441048793567,TRUE
"IPCEF1",22.0591578238408,-1.06925973147941,0.206243456114578,2.16648491755617e-07,1.60556315438043e-06,-1.00337356746509,TRUE
"IRAK1",623.542162481955,1.09921728451965,0.133364771719382,1.69092108089974e-16,9.95847769326353e-15,1.07640095193041,TRUE
"IRF2BP2",1074.58578859976,-1.02005872159785,0.121550916719467,4.77826225582017e-17,3.14844904083992e-15,-0.994841305250024,TRUE
"IRS2",307.796086008104,-2.66704424457416,0.204897418402168,9.86060648805561e-39,1.3124467235602e-35,-2.63187157384468,TRUE
"ISM1",206.765896106469,1.06527253681766,0.210675956948702,4.27131786925017e-07,2.98118724906763e-06,0.995761262897494,TRUE
"ITGA7",93.926730251447,1.36960794882467,0.38704690988935,0.000402240112030611,0.00136996312464878,0.0957789059911429,TRUE
"ITGA8",10.7753182006845,-1.15550981607472,0.450626292067746,0.0103404759373892,0.0234027775423653,-0.835711851968706,TRUE
"ITGB3",36.4655763603989,1.54315062063475,0.282557026567836,4.72453889771479e-08,4.00787844031765e-07,1.44497365210787,TRUE
"ITM2B",5063.83426651078,-1.10994497118221,0.168460194096639,4.43494068247792e-11,7.42503905456366e-10,-1.06680539709331,TRUE
"JCHAIN",633.687564865175,-1.24945311956454,0.339096878368339,0.00022901763578818,0.000832620795504144,-1.08436468684364,TRUE
"JOSD2",70.995799018902,1.12318358598708,0.27964756982192,5.90875711662091e-05,0.000248563708034843,1.00171350543409,TRUE
"JUN",350.703789147389,-1.65874640987994,0.234872448142566,1.63735210627128e-12,3.80334319973312e-11,-1.59640477840332,TRUE
"JUNB",141.589312551066,-1.55413886114465,0.26304060143084,3.45527941020296e-09,3.83567714343631e-08,-1.47138739058338,TRUE
"JUND",419.323743402175,-1.53571151857211,0.243121757758387,2.6731912335349e-10,3.7492281684246e-09,-1.46436928212966,TRUE
"KATNB1",108.569875779582,1.02846963194752,0.145413057166558,1.51897272227732e-12,3.5657013992083e-11,0.99516887214463,TRUE
"KCNAB2",221.588832320138,1.42317926229204,0.317456959527682,7.35795068563953e-06,3.86481150851863e-05,1.28591832826264,TRUE
"KCNC3",38.8098343302755,1.19159671292915,0.285161101289565,2.93207145486057e-05,0.000134386608347776,1.06382910984464,TRUE
"KCNE1",14.1361074871556,1.39833800317864,0.469651517542576,0.00290709358017511,0.00773095215826788,1.03663346770809,TRUE
"KCNIP3",25.4708267146213,1.26757217791475,0.285548532609528,9.03451182180965e-06,4.65001362522376e-05,1.14800298580896,TRUE
"KCNJ5",16.6002540646714,1.6244516091233,0.406439016677584,6.42070707236216e-05,0.000267479221073992,1.41428792146224,TRUE
"KCNK1",55.4491446933319,-1.50878812195691,0.216238685608531,3.00649987516645e-12,6.5600841538468e-11,-1.45146913120156,TRUE
"KCNMB4",21.4707157877361,-1.14593354588674,0.219108695861114,1.69530686452743e-07,1.28499626234966e-06,-1.07466256440779,TRUE
"KCNT2",147.525102686504,-1.01830434553789,0.203705605528758,5.76577153506254e-07,3.88372566455883e-06,-0.952561029403078,TRUE
"KCTD12",234.392315593263,-1.16523918124487,0.257324056440429,5.94615921659095e-06,3.18533514397674e-05,-1.0673165309128,TRUE
"KDM4A",828.115413609222,1.05944852407218,0.0846996591992189,6.72502617524532e-36,6.38290063076165e-33,1.04974679758409,TRUE
"KIAA1549",26.4239193422443,1.0960777973931,0.275974293290683,7.13716538008574e-05,0.000294560220802919,0.974458615300726,TRUE
"KIF1A",22.1265225860529,1.11018680096124,0.344241003815993,0.00125960444756542,0.00371243029165096,0.903751501310894,TRUE
"KIF1C",2181.97003185583,1.01852677381767,0.138618785600289,2.01673398020824e-13,5.71121899501525e-12,0.991652891488308,TRUE
"KIF20A",12.8523430782735,1.27946198748841,0.384977126721192,0.000889032823924209,0.00273153898578745,1.04858332419571,TRUE
"KIFC1",12.6612117503697,1.14767643267768,0.341789642557532,0.000785528223264467,0.00245546750860734,0.957210244373014,TRUE
"KLF11",479.267781667749,-1.13972385841428,0.185665942705454,8.32662862863749e-10,1.05249218468343e-08,-1.08839246966801,TRUE
"KLF13",2077.3082168737,1.18275544414956,0.16436070766572,6.19609757428957e-13,1.58596266757296e-11,1.14699841272261,TRUE
"KLF4",47.1123294430081,-1.89287686283931,0.194641027144427,2.35990276939952e-22,4.48718655152965e-20,-1.85494726100086,TRUE
"KLF5",19.8045470860886,-1.08991350615767,0.383842984009938,0.00451874855894013,0.0113737789938527,-0.854873991976016,TRUE
"KLF6",567.21851883421,-1.52085765281417,0.170581993108586,4.84749970927402e-19,4.48057091183592e-17,-1.48223371571706,TRUE
"KLF9",1273.71002680176,-1.23511339437247,0.220151849991205,2.02000188751788e-08,1.87099687702596e-07,-1.1662548508555,TRUE
"KLHDC1",45.9111065002164,-1.53347457903394,0.217261024798877,1.68657461710051e-12,3.8905213437795e-11,-1.47701335878896,TRUE
"KLHDC7A",388.590626706888,1.5843602532253,0.171652863431723,2.70568266528209e-20,3.38927802653212e-18,1.55047618656003,TRUE
"KLHL29",62.1635214329815,1.29651372994138,0.388142061074154,0.000836857575924221,0.00259458987550696,1.05754125150122,TRUE
"KNDC1",23.4989306101514,-1.37767026097878,0.51356883736998,0.00730648554478122,0.0173072295072145,-1.00894511566433,TRUE
"KPNA5",57.3841326169854,-1.24833556661607,0.240523085918571,2.10196667141248e-07,1.56297074840783e-06,-1.16710917505928,TRUE
"KRT10",134.173513374047,-1.24841409101296,0.138266804780066,1.73212058995269e-19,1.73342293626092e-17,-1.21791731344612,TRUE
"KRT23",12.3196571163118,2.56517427297845,0.797823750142528,0.00130347206240075,0.00382646959650506,1.80616422344199,TRUE
"KRT7",202.864073478226,1.95431339796655,0.401281636625654,1.11497199308758e-06,7.00013076792247e-06,1.78296028494901,TRUE
"KRT8",6062.05410534357,1.40139493590266,0.153465437117043,6.74538660282421e-20,7.67359792167438e-18,1.37336166339103,TRUE
"KRTCAP3",63.8269143784306,-1.16216962968555,0.272486428446677,1.99852880339184e-05,9.54446299718172e-05,-1.05108199561866,TRUE
"LAMA3",187.526271573623,1.51076651003939,0.247686797672036,1.06398374853733e-09,1.31369422013283e-08,1.44085179838954,TRUE
"LAMA5",452.172519945561,1.36254431397732,0.360111831531083,0.00015453272187419,0.000583498022168925,1.17155350734875,TRUE
"LAMB2",2325.57727417691,1.37839401789155,0.134741525861,1.4565093805452e-24,4.21437822936014e-22,1.35800466832461,TRUE
"LAMB3",176.541748948551,1.69136533214456,0.224386852174017,4.7825823974649e-14,1.57206004874006e-12,1.63570053955814,TRUE
"LAMC2",19.4833240070629,1.30250675461206,0.47936188108482,0.00658431804232822,0.0158075889508277,0.88161687504925,TRUE
"LAMC3",90.7528563621638,2.06734881313984,0.435385523846795,2.05115599271489e-06,1.21499271308568e-05,1.86787483653797,TRUE
"LGALS4",2757.42167603915,2.25516586860126,0.340753196518309,3.63648952642191e-11,6.277778936015e-10,2.15373182425443,TRUE
"LGI1",41.8844869175807,-1.13948553879943,0.403087322095842,0.00470017354404541,0.0117681169810467,-0.886734255630891,TRUE
"LHX2",29.5730919047168,-1.24426018496473,0.190254919732538,6.15339482063982e-11,1.00492865107627e-09,-1.193637042238,TRUE
"LIAT1",28.5433203753923,-1.03451813213425,0.344000382181191,0.00263564924991513,0.0071070687837055,-0.841954383624843,TRUE
"LIME1",73.9969303249078,2.34303499552703,0.344485324257265,1.03497715694619e-11,1.99935354992072e-10,2.23987023234426,TRUE
"LIN7C",537.139517874253,-1.1673546137916,0.164478151776339,1.27196301956599e-12,3.03946638966308e-11,-1.12689067406825,TRUE
"LINGO4",55.0672994450023,1.50899866102683,0.405530766650885,0.000198399244887066,0.000731596113957268,1.27517169366489,TRUE
"LLGL1",81.0558392560295,1.06394340633878,0.156352176392929,1.01198181762205e-11,1.96062270633909e-10,1.0261472088825,TRUE
"LMNB2",104.026055972227,1.15852264127856,0.155021085968331,7.8194617800364e-14,2.42701285635579e-12,1.12116063089231,TRUE
"LOC102724023",25.2891425224162,1.20752790512787,0.349810078639137,0.000556544928462449,0.00182229102037766,1.01057036592485,TRUE
"LOC102724159",28.2843944348865,1.10869632937654,0.28163064973344,8.26086129483479e-05,0.000334404087087138,0.981354384151478,TRUE
"LOC102724200",29.7615241659974,-1.14633522174846,0.297437126474871,0.000116183581230458,0.000454557162309641,-1.01296683723268,TRUE
"LOC102724428",29.5113303020526,-3.23687165192493,0.41806362645344,9.7455049129142e-15,3.77071716252581e-13,-3.12914805107656,TRUE
"LOC102724560",118.330060612508,2.21103160695941,0.658045955827284,0.00077943674934555,0.00243996297053804,1.66897088994808,TRUE
"LOC107987423",350.919749085446,1.28038533109675,0.430418421481675,0.00293231561678814,0.00779024368452099,0.957960004084444,TRUE
"LOC112267992",10.3155894328643,1.44708512019428,0.56971357229716,0.0110845433336762,0.0248962659080711,0.809822878720622,TRUE
"LOC124905135",18.7379811819848,1.61074092831724,0.351927339473767,4.71886864432754e-06,2.58151013793669e-05,1.45841501080188,TRUE
"LOC124905564",98.2557565649846,1.18183867057461,0.201057604262399,4.14977682761542e-09,4.5162329988194e-08,1.11690296039527,TRUE
"LONP1",1166.1442654809,1.13803975807823,0.152812155389646,9.52613454758215e-14,2.89481394585202e-12,1.10682460323827,TRUE
"LOXL4",99.2157561072504,1.88340497745541,0.425510100604977,9.5894899033139e-06,4.89965875674119e-05,1.67471957903225,TRUE
"LPAR6",327.856836514199,-1.37507111028407,0.215780553861717,1.85917850365331e-10,2.72229547674649e-09,-1.31528601478056,TRUE
"LPL",42.9429473162485,1.89774281957688,0.531531572567027,0.000356532548982621,0.00123258395505421,1.53848173145754,TRUE
"LRCH4",45.6123960329089,1.32497176282404,0.213678579723679,5.61875161835412e-10,7.3680378364821e-09,1.26307651485598,TRUE
"LRFN3",60.8887985448454,1.08595368735377,0.23184309182641,2.81326184767618e-06,1.61887225216472e-05,1.00137091631294,TRUE
"LRFN5",10.021536727073,-5.38950839708351,1.26216090438883,1.95416497045643e-05,9.33929470620291e-05,-3.50269154708451,TRUE
"LRP12",19.5538254298915,-1.01678561941146,0.247337759255381,3.94086576689783e-05,0.000174146491890472,-0.917796376387338,TRUE
"LRP3",481.984969212853,1.26481715411298,0.186685611578806,1.24304270920032e-11,2.37032929218571e-10,1.21649369090212,TRUE
"LRP5",1732.00500016477,1.28248232669945,0.18635304435533,5.90165114598592e-12,1.21203429880876e-10,1.23597705049249,TRUE
"LRRC19",43.9445895466598,-1.6877692224397,0.532157253668118,0.00151621990618584,0.0043738376574195,-1.35740847250535,TRUE
"LRRC20",576.325315555587,1.14569047948082,0.119483685674137,8.92216157986186e-22,1.52248680292258e-19,1.12560918315575,TRUE
"LRRC24",13.912324864337,1.4822280073819,0.432503843064651,0.00061009508015138,0.00197623886999632,1.20794129586517,TRUE
"LRRC31",132.240386420902,1.16479110021923,0.289425752533274,5.70988754240097e-05,0.000241418688657423,1.03287707106589,TRUE
"LRRC39",19.6103204156354,-1.09897708035827,0.326963975837927,0.000776168439553371,0.00243192135839345,-0.932154517419708,TRUE
"LRRC45",182.889659246116,1.14513500013301,0.244090195180635,2.71286145056519e-06,1.57060399769564e-05,1.05490415638565,TRUE
"LRRC55",65.6655543330632,1.44597963803495,0.413501600623647,0.000470673105896436,0.00157048358974218,1.19111432665781,TRUE
"LRRC8E",88.4137280398585,1.29638694897622,0.171871395278823,4.60081024082792e-14,1.51952318375731e-12,1.25649566705037,TRUE
"LRSAM1",269.826538567235,1.03558615996951,0.209593236354818,7.77495825064059e-07,5.0752670091234e-06,0.964863815517305,TRUE
"LSS",4562.21496726977,1.63188331712847,0.262902407187559,5.39428177397e-10,7.10870202094462e-09,1.55154417122852,TRUE
"LTBP4",235.13743037643,1.16844179050881,0.322315210092403,0.000288790982159252,0.00102146557857746,0.999129322726178,TRUE
"LURAP1L",187.91864105341,-1.55010103620912,0.159777966950306,2.96823319962919e-22,5.4871088732034e-20,-1.51973015971988,TRUE
"LY96",52.5548624454097,-1.223765243115,0.260801280723267,2.70113142598947e-06,1.56517454418458e-05,-1.12649072022455,TRUE
"LYNX1",946.995098700455,1.05142825243286,0.20875543989039,4.73747916051507e-07,3.27392770646187e-06,0.98236456208044,TRUE
"LYSMD2",105.335677397378,-1.05779723880873,0.124479740358016,1.93307215039021e-17,1.34707802731381e-15,-1.03366466124268,TRUE
"MAB21L2",14.0968766770456,1.06340423269397,0.381128307496963,0.00526840176860138,0.0130121409426766,0.802109079539387,TRUE
"MAFF",20.2889221561223,-2.08221395265637,0.261347129737659,1.62264156695263e-15,7.63157570888323e-14,-2.01930526762378,TRUE
"MAMDC4",1086.43890592321,2.2022882886236,0.32193553216483,7.87663155796208e-12,1.56943062928855e-10,2.10931086540793,TRUE
"MAN2B1",455.987947690513,1.10278688076595,0.147318377489469,7.11458175470043e-14,2.22288927594044e-12,1.07023212773617,TRUE
"MAP1S",62.5087510048528,1.52467036189711,0.273248262758626,2.40796790015558e-08,2.17879352488585e-07,1.43359932235734,TRUE
"MAP3K8",81.2016149356606,-1.37862631441212,0.133522766136579,5.43028938768273e-25,1.68086399418737e-22,-1.35538040578126,TRUE
"MAPK4",13.8288507649632,-1.22811771891489,0.491997517390894,0.0125536466150597,0.0277464358097717,-0.854210724876253,TRUE
"MAPT",11.8933711771889,1.3115493171298,0.373631053920132,0.000447636402304233,0.00150303746586008,1.10037502478794,TRUE
"MARCKS",460.488344394383,-1.10563179329289,0.263478702770317,2.71328489320186e-05,0.000125351690137164,-0.99905829011993,TRUE
"MARCKSL1",420.852372537839,-1.04355036084224,0.155217005074997,1.77812535630824e-11,3.30081568932534e-10,-1.00663640764355,TRUE
"MARCO",1425.67185322036,1.30076062541581,0.394211210167689,0.000968040730016636,0.00294505648377632,1.05183390854681,TRUE
"MATK",33.7126273515288,1.05035613178224,0.266012283167903,7.86342281144807e-05,0.000320361670096033,0.931957237070255,TRUE
"MB",41.9139336399687,1.78968179796617,0.454452357139795,8.21271309222273e-05,0.000332859961198187,1.77189212626425,TRUE
"MBD3",513.886774570814,1.05741757428749,0.274878125385238,0.000119641449108943,0.000465758317531452,0.932721923151141,TRUE
"MCHR1",46.9790046269784,1.42211549179196,0.193192404068002,1.82352150130758e-13,5.26487444303771e-12,1.37342304170237,TRUE
"MCM2",146.497387343189,1.17879018780196,0.256711809013712,4.39267930454322e-06,2.42163820538916e-05,1.07852392341292,TRUE
"MCM5",288.352844889728,1.35717415626158,0.204349645216766,3.10651269313929e-11,5.447652693766e-10,1.30313002780338,TRUE
"ME1",409.599220622993,1.49449853244771,0.308390378482482,1.2589578076079e-06,7.7991394648021e-06,1.37073772124272,TRUE
"MED16",328.416304324081,1.36437937048526,0.224879127126748,1.30185625384947e-09,1.5824389715741e-08,1.29776586807583,TRUE
"MED22",194.311309620199,1.10753709991448,0.127482844102158,3.69738726635394e-18,2.89483673618652e-16,1.08338256463637,TRUE
"MED30",70.9174520741086,-1.19278383385435,0.0906641063305734,1.57032883153691e-39,2.61263459346954e-36,-1.18104651932735,TRUE
"MEGF6",87.0884112075849,1.27394427431863,0.31304102766191,4.70987604827184e-05,0.000203666179995121,1.1297009748475,TRUE
"MELK",9.8704516013954,1.33590487353833,0.418415779688066,0.00140915691719841,0.00410323311483502,1.06948829161558,TRUE
"MEMO1",14.4929624374445,-1.28023759442403,0.237233585477088,6.79429599895659e-08,5.58567509240964e-07,-1.20258094868783,TRUE
"MEP1B",130.688132374204,1.08687286141621,0.346987161113997,0.00173434077718842,0.0049083724738205,0.875340947551441,TRUE
"MFAP3",182.395083542618,1.52577656144274,0.29624925795002,2.60051367421194e-07,1.88728664142644e-06,1.41531664954521,TRUE
"MFSD3",353.533814004879,1.1968304365188,0.193077820428064,5.69333938984801e-10,7.4511649241767e-09,1.14310090691047,TRUE
"MGRN1",563.767268585993,1.05753510059193,0.207169093502614,3.31327914237948e-07,2.3645976077786e-06,0.991428953496024,TRUE
"MIA2",94.4458630806161,-1.20855465063532,0.198689294758919,1.18222564543738e-09,1.44361682025427e-08,-1.15185059696839,TRUE
"MIB2",173.521939806331,1.50068311797933,0.300451944172829,5.89112497596276e-07,3.95415398033607e-06,1.38410672836289,TRUE
"MICAL3",260.462283145313,1.60804885592069,0.206195029091523,6.25585393874634e-15,2.53857975380225e-13,1.56045458717606,TRUE
"MICALL2",136.960070485017,1.13163812758607,0.369139065209791,0.00217223075348173,0.00600215722002115,0.890262025461516,TRUE
"MICU3",155.480467149797,-1.51160619640192,0.243675652456186,5.52725148257259e-10,7.26953727599221e-09,-1.43943480114393,TRUE
"MID1IP1",460.039790485335,1.34521076972362,0.18512118044891,3.68512800656667e-13,9.96931987142325e-12,1.30005108409158,TRUE
"MIF",154.10286449518,1.09690755981569,0.317220817277511,0.00054446905690319,0.00179023793166538,0.925957614017206,TRUE
"MKI67",37.4129741002269,1.37688013770019,0.331148804674197,3.21201317620969e-05,0.000145811375768592,1.2245505556548,TRUE
"MLST8",313.368649742336,1.01628465732484,0.151156524471799,1.77541366510951e-11,3.30038489980553e-10,0.980057167909354,TRUE
"MMP14",303.917229084708,1.21940783691404,0.180384771034706,1.37955921669429e-11,2.6119392850926e-10,1.17328311738736,TRUE
"MMP24",23.9723669715649,1.24669056375171,0.323586138240207,0.000116807371578138,0.000456460985233418,1.08641597183489,TRUE
"MMP9",21.7025514336323,1.39690580433483,0.496773642839968,0.00492411836234161,0.0122711131628472,0.965426799127151,TRUE
"MMRN1",119.897678683314,-1.10074970965764,0.357949311828055,0.00210392997314857,0.0058376710324385,-0.899848587646175,TRUE
"MPC1",2674.03634995933,-1.32913909112657,0.139342443638802,1.4470075228067e-21,2.32044218416351e-19,-1.29770751129354,TRUE
"MRAP",16.478840993789,1.86444476080291,0.466438709673352,6.40984945359224e-05,0.000267110507912689,1.61153446356343,TRUE
"MRAS",139.14333666213,1.09697346677602,0.179805481339605,1.05479468506106e-09,1.30476926191104e-08,1.04756657054252,TRUE
"MRGPRF",102.556591114953,1.56700859899926,0.295656512347924,1.15740304313817e-07,9.14788272219066e-07,1.456018433322,TRUE
"MROH1",174.781853653982,1.29683632116684,0.223998201960245,7.05986380651587e-09,7.30690414189162e-08,1.2275989345568,TRUE
"MSC",16.801022048082,1.05138359775801,0.308180199954144,0.000645858611868727,0.00207541721969405,0.890726626485944,TRUE
"MT-ND3",68167.2294767689,-1.0935815154693,0.213263038513374,2.93065099125747e-07,2.1141986283814e-06,-1.0233893308992,TRUE
"MT1A",204.161469275461,-1.62291983929251,0.32794927899848,7.47140233224694e-07,4.8939156024708e-06,-1.4981798697541,TRUE
"MT1E",4767.62986979165,-1.33012703546221,0.286140808874927,3.34349208440084e-06,1.89208671953126e-05,-1.21194502052386,TRUE
"MT1F",2498.55464361298,-1.56508652050226,0.371702832509451,2.54709812430804e-05,0.000118704047739986,-1.39340293105489,TRUE
"MT1G",10572.2434756488,-1.16192163409369,0.37469042020769,0.00192856746526331,0.00538816812818107,-0.946841070266631,TRUE
"MT1H",1876.39234017655,-1.38132747264918,0.426024815394025,0.00118542561714103,0.00352423832123009,-1.13001157087331,TRUE
"MT1M",849.283601720201,-1.62105886567473,0.389740164868081,3.1917922941581e-05,0.00014514094784846,-1.44231653097212,TRUE
"MT1X",1605.81871682112,-1.4903396501672,0.283214043065549,1.42312513884357e-07,1.09934971549669e-06,-1.39039668508125,TRUE
"MTHFD2L",174.779463371177,-1.43609174319141,0.196459016372203,2.67381987982874e-13,7.41427970844176e-12,-1.38756698674572,TRUE
"MTHFS",20.783821609862,1.8316352833953,0.38961313831158,2.58682567870269e-06,1.50482463382108e-05,1.66023866257554,TRUE
"MUC3A",244.441402583318,2.58150308796466,0.563981932005108,4.71061285420976e-06,2.57805333427351e-05,2.30024109051523,TRUE
"MUC6",57.3845714498992,1.68917437204163,0.58013739897348,0.00359490891194024,0.00931987487688443,1.108633499659,TRUE
"MVB12B",204.471779025443,1.11019179875184,0.142015826003159,5.39337382355883e-15,2.22937284445864e-13,1.08006567794404,TRUE
"MVD",782.57776794498,2.17307979376091,0.444527937472977,1.01601426851707e-06,6.42429924653789e-06,1.97924670467936,TRUE
"MVK",1090.31786781105,1.27980474268549,0.222403469646713,8.69356709699104e-09,8.7726594435899e-08,1.21796154459364,TRUE
"MXD4",664.601176220623,1.41626521518471,0.150530555626153,5.03315741680044e-21,7.20336830296923e-19,1.38895413974482,TRUE
"MYBL1",34.8183364315363,-1.26496887840626,0.233081348120357,5.72590230421998e-08,4.77816675041805e-07,-1.18970055234026,TRUE
"MYBPC1",8.57545803610403,3.91572580186947,1.0457941219198,0.000180925740641771,0.000673035664600886,4.68853234867118,TRUE
"MYC",60.9425361138948,-1.19079804319471,0.232643211064978,3.07878636109094e-07,2.20671224911796e-06,-1.11133934290465,TRUE
"MYCT1",181.91392326997,-1.12006812889946,0.184924736910682,1.38781500023547e-09,1.68078413586298e-08,-1.06783778867803,TRUE
"MYEOV",16.696877450655,2.37081379498316,0.721307580618746,0.00101322778401515,0.00306571079910016,1.74507828661988,TRUE
"MYH2",7.0654840048765,4.78254734399674,2.05130517702753,0.0197288247996625,0.0410490320593258,0.0570220892927679,TRUE
"MYH7",6.08806308074036,4.85738444537086,1.80054582077003,0.00698142755272221,0.0166393526898776,0.077658246002482,TRUE
"MYL1",6.21627800951126,4.88665527451032,2.03972730694867,0.0165868740877702,0.0353403704351242,0.0576547635734723,TRUE
"MYO18A",1126.32354503077,1.03031675270235,0.15992671272488,1.17575108977003e-10,1.79669885244996e-09,0.991331766376141,TRUE
"MYO5B",593.336713925904,1.00669252550225,0.144424112466828,3.16061449533685e-12,6.87382008708063e-11,0.975645862729851,TRUE
"MZT1",46.7919066652967,-1.42042627347771,0.211547811867182,1.88782595903331e-11,3.48018885245615e-10,-1.3630839040855,TRUE
"N4BP2L1",968.648848037848,-1.43579559229211,0.15464580042179,1.62599849716023e-20,2.16420399972027e-18,-1.4056740865644,TRUE
"NAA60",131.381161438959,1.15927226437384,0.249708191651627,3.44205394034183e-06,1.94208299898049e-05,1.0645663114775,TRUE
"NACC1",325.377933574611,1.30111657695114,0.143477883730477,1.20764037067887e-19,1.28589546669886e-17,1.27357005734322,TRUE
"NALCN",25.8675488703838,1.58603261372484,0.385604511241046,3.90369338823575e-05,0.00017261846842996,1.39393468297847,TRUE
"NAPA",699.014442629012,1.02176603887217,0.114981992451767,6.3169916108342e-19,5.68725918804942e-17,1.00118893306034,TRUE
"NCKAP5L",103.889906608612,1.10699235436628,0.258821849994008,1.89391663299983e-05,9.06437626221781e-05,1.00024455939258,TRUE
"NDOR1",55.6808785860301,1.55072911332109,0.256793733988254,1.55252883347467e-09,1.85828765949172e-08,1.47085559994092,TRUE
"NDST1",2649.42761637793,1.12574725643692,0.112977419781548,2.1828340925756e-23,4.92432572409852e-21,1.1021665471695,TRUE
"NDUFA5",1110.99001208278,-1.01761497613451,0.167987162115512,1.38085979810316e-09,1.67388378076075e-08,-0.97131855522808,TRUE
"NDUFB1",1123.20958823612,-1.10647792487183,0.154225097523962,7.26064515799033e-13,1.83724690214546e-11,-1.07272132097699,TRUE
"NDUFC2",369.98179620749,-1.07130775439952,0.150416610896992,1.0616362258483e-12,2.58325012176249e-11,-1.03629491077263,TRUE
"NDUFS7",458.437807319031,1.29976506499886,0.255456285863662,3.61833366228096e-07,2.56170324707232e-06,1.20771636170373,TRUE
"NELFB",368.032920136746,1.11044984378881,0.143110064002099,8.53245348769265e-15,3.35996911009436e-13,1.08303488210908,TRUE
"NEU4",534.98100068957,1.03977995320741,0.289181783282294,0.00032365365902318,0.00112977450868044,0.900689195437616,TRUE
"NFIL3",314.694773462337,-1.27056565058537,0.221065149859286,9.05878572351962e-09,9.04722019220746e-08,-1.20325395864306,TRUE
"NFKBIA",1568.66586042615,-1.27157115731804,0.111203620869237,2.80762905832096e-30,1.55706428192717e-27,-1.24041492246046,TRUE
"NIBAN2",482.558659097323,1.10514914789787,0.189492520308777,5.47170964076454e-09,5.83094117842882e-08,1.05269683048163,TRUE
"NLRP6",38.8945784598968,1.41852858975438,0.316330121157721,7.31434596552222e-06,3.8449425276896e-05,1.28361601348866,TRUE
"NNMT",3829.73226519242,-1.48529600956136,0.371970318638589,6.5228859871684e-05,0.000271141825387918,-1.29731256497008,TRUE
"NOL4",86.3802436475626,1.10787143598296,0.241642934697225,4.54539032113706e-06,2.49365262233611e-05,1.0151707205739,TRUE
"NOMO2",124.591347545942,2.09245521990118,0.259074771613206,6.6572440311692e-16,3.38198160514741e-14,2.02845480873704,TRUE
"NOMO3",50.887887944448,1.97782845584802,0.396780019319832,6.20587579149348e-07,4.14867939652327e-06,1.8117551083203,TRUE
"NOS1AP",35.1212432356279,1.10803681768192,0.287675778756501,0.000117307299457566,0.000458145585616255,0.971899610531295,TRUE
"NOTUM",255.662836238306,1.08665409728045,0.263912540544495,3.83040970192003e-05,0.000169772737704148,0.973440804492106,TRUE
"NOXA1",102.064427439321,1.15417936803345,0.339951075942629,0.000685950839910403,0.00218742622745205,0.961225765240158,TRUE
"NPHP3",82.2965730081928,-1.4291229518648,0.223897384387278,1.73723121841844e-10,2.55930625172465e-09,-1.36581827520507,TRUE
"NPM2",20.3925284187985,1.85797490264873,0.36065677043374,2.58214314213128e-07,1.87600028503097e-06,1.71626336499462,TRUE
"NPTXR",32.3204321424218,1.26266365173213,0.544855478244788,0.0204803975357123,0.0423941043857435,1.95186757223081,TRUE
"NPW",26.9153662011469,2.25315825698595,0.556675123803707,5.17613494235943e-05,0.00022109870373172,1.93203843404101,TRUE
"NR0B2",912.544259402364,-2.11406196325294,0.311621608718478,1.16838863730242e-11,2.23759032553888e-10,-2.02752591874528,TRUE
"NR4A1",35.5149163405506,-3.72022251214536,0.288689484631686,5.35613909937612e-38,5.94085095105801e-35,-3.67550200908489,TRUE
"NR4A2",23.3392949682276,-3.26540401905351,0.231755894284608,4.38539367607885e-45,1.16739179657219e-41,-3.23258961561792,TRUE
"NRN1",57.5470247452572,-1.07247180099428,0.170171478950164,2.93259841395404e-10,4.05684914844873e-09,-1.02803441450841,TRUE
"NRXN2",15.9622732818494,-1.28038786562135,0.412840273675344,0.00192599972688041,0.00538325417152,-1.034935196287,TRUE
"NSMF",423.923028760888,1.1688033970849,0.199149246994054,4.38478353155803e-09,4.7525626062734e-08,1.11024164273854,TRUE
"NUP62CL",10.9785039120062,-1.02945891995499,0.257030396043435,6.19642375311063e-05,0.000259435042950307,-0.923384133113392,TRUE
"NYNRIN",508.065501541146,1.51695409871852,0.355074480581661,1.9354186812754e-05,9.25635021479541e-05,1.35037485018491,TRUE
"OAT",1964.86068550123,-1.03578024197656,0.29128793268505,0.00037673909304629,0.00129537518172207,-0.899443945822553,TRUE
"OGFR",658.010412217995,1.10960801125142,0.211038935018246,1.45760786476792e-07,1.12403016686333e-06,1.04342439136055,TRUE
"OGN",35.5792978161865,-1.93586630320032,0.665290871082793,0.00361655017570537,0.00936980158862982,-1.47013909524036,TRUE
"OLFM2",1302.50990336391,1.56601927035624,0.346293432731949,6.11909142333417e-06,3.26302511396545e-05,1.41558561626434,TRUE
"ONECUT1",144.366229636102,1.14007120813612,0.226334946270425,4.72643883355488e-07,3.26799485062937e-06,1.06213116370193,TRUE
"OPLAH",492.416935107464,1.46488713127538,0.230057998513614,1.92173104601055e-10,2.80463160333338e-09,1.3983082792459,TRUE
"OSGIN1",2218.75008956592,1.28047247891727,0.234079005053648,4.49381694286323e-08,3.82678845230388e-07,1.20959863667896,TRUE
"OTUD1",100.011781073793,-1.06791626352075,0.169756235452522,3.15669413494289e-10,4.34253023681157e-09,-1.02376617881055,TRUE
"OXT",19.1505356732329,1.43122676155531,0.550555823608224,0.00933315706662854,0.0214253743630262,0.829894846332358,TRUE
"P2RY2",81.4850349734607,1.53746201916034,0.188137037434513,3.03236349006433e-16,1.68169825219817e-14,1.49520567595166,TRUE
"PAN3",281.000191233009,-1.12491834515218,0.177519690994978,2.3448703154447e-10,3.35593805360956e-09,-1.07767575484842,TRUE
"PANX2",73.7196754896895,1.20737179422816,0.306189427800825,8.03953696407732e-05,0.000326537189477782,1.06130246391796,TRUE
"PAQR4",32.8653029325336,1.51958708313197,0.290541708077893,1.69339861303394e-07,1.28428122732089e-06,1.41239903262527,TRUE
"PAQR5",38.4345751878749,1.21705950210259,0.329094786868479,0.000217130760761574,0.000792869801299465,1.04832638395024,TRUE
"PARP10",758.591148827654,1.46837881958864,0.221071516597447,3.09247881811174e-11,5.43019697481099e-10,1.40768485191974,TRUE
"PBK",10.2231469563185,1.07976934793157,0.460593829906552,0.0190629164569298,0.0398441297176092,0.658059645447174,TRUE
"PCBP2",2479.49125102282,-1.43762359950688,0.142529218154869,6.33775462416928e-24,1.6222214239941e-21,-1.41104163062722,TRUE
"PCDHAC2",13.0532356910635,1.68437972039191,0.548686731590659,0.00214174461808868,0.00593393440190683,1.23441911208957,TRUE
"PCDHGB4",18.0027000234706,1.66576393455216,0.368305097113992,6.10318794534933e-06,3.25715443274257e-05,1.50233160942667,TRUE
"PCDHGB7",11.2087847206756,1.50863666381018,0.371516165588348,4.89139774031074e-05,0.000210694187454809,1.3270409830403,TRUE
"PCDHGC3",30.7954471621694,1.63690857897977,0.34183088033408,1.6790670620119e-06,1.01445222856915e-05,1.49376894638203,TRUE
"PCK1",14184.4371265497,-1.93448579654536,0.393135644476109,8.62540251535294e-07,5.55414162938305e-06,-1.77784249010625,TRUE
"PCNX3",459.220944689001,1.39631704902213,0.153945550558336,1.18797929374328e-19,1.27516164513895e-17,1.36614468612965,TRUE
"PCSK9",686.980158753183,1.03687161336426,0.254431643108659,4.59656694654923e-05,0.000199479315482785,0.932781505035476,TRUE
"PDGFA",68.3324666429923,1.47679108232672,0.324854666894391,5.46736241539181e-06,2.9557511677037e-05,1.33230125709116,TRUE
"PDGFRL",10.1641055678961,-1.34762991226232,0.254790030487861,1.22867044108285e-07,9.64814369959453e-07,-1.26109891722816,TRUE
"PDK4",5377.42450538733,-1.72947442166987,0.22462520093145,1.36729708204216e-14,5.12640117238905e-13,-1.67419705423244,TRUE
"PDP2",174.51901932628,1.28901375862891,0.289098310237664,8.24434379570373e-06,4.27972761001625e-05,1.16785089557245,TRUE
"PDZK1IP1",34.5334987434138,2.23371031312593,0.552641565818382,5.30246043659355e-05,0.000225770148467883,1.91377526566101,TRUE
"PELI1",149.035663757136,-1.15888380126565,0.137964544819582,4.46985325252117e-17,2.97468733955284e-15,-1.12907414239234,TRUE
"PELI2",36.130430910056,-1.79961894399786,0.216969901589285,1.09203237780989e-16,6.66740869204111e-15,-1.75004172605098,TRUE
"PFDN4",102.551814500111,-1.03723549308038,0.209753785151676,7.61382267017768e-07,4.97985158427837e-06,-0.96828510278161,TRUE
"PFKFB3",267.659964818735,-1.39613714121465,0.23142977147812,1.6128245373615e-09,1.92009790628637e-08,-1.32726687794572,TRUE
"PFKL",1909.44135228155,1.67636040391859,0.154485281502974,1.96688686500307e-27,7.27201782588634e-25,1.65332850280848,TRUE
"PGAP4",87.4799053317528,1.32886589902429,0.229767421716628,7.31507969054985e-09,7.54172817050491e-08,1.2509047934639,TRUE
"PGAP6",729.333639084991,1.11347430444017,0.146327905451974,2.75273152534845e-14,9.59132371790257e-13,1.08224067117921,TRUE
"PGGHG",725.886915102263,1.32257744053958,0.459519317328632,0.00399982000138773,0.010208553062027,0.947381985644432,TRUE
"PGLYRP2",4614.30113147046,1.31655397315997,0.172965650470674,2.70618826473433e-14,9.45390178572545e-13,1.28832775736583,TRUE
"PHACTR1",23.2985251748549,-1.21721313133048,0.184829938456593,4.53100075851994e-11,7.57633418290206e-10,-1.16891739025974,TRUE
"PHLDA1",157.210365611773,-2.14623720346305,0.210738698681746,2.3290506724218e-24,6.19993288998683e-22,-2.10619263984627,TRUE
"PHLDA3",103.415045662383,2.17512722745144,0.286396671418934,3.08253322915237e-14,1.0574360123716e-12,2.10123565850425,TRUE
"PHRF1",417.959191017865,1.27849801402286,0.211823075815546,1.5828674500718e-09,1.8911997989637e-08,1.21693402879355,TRUE
"PI4KA",718.901003855585,1.00596986119683,0.107484021138171,8.03044289844275e-21,1.11338744769034e-18,0.988931572092656,TRUE
"PIDD1",120.044405170243,1.23182652752012,0.331675122036371,0.000204044971942093,0.000750853905598357,1.0602006867551,TRUE
"PIEZO1",595.837846911603,1.50449504303555,0.202989677885793,1.24707032861772e-13,3.68855690531152e-12,1.45525676700308,TRUE
"PIGBOS1",60.9504578867574,-1.1460679738778,0.116400981394078,7.1424460038174e-23,1.46255317401245e-20,-1.12616516627743,TRUE
"PIGQ",344.190137221262,1.06886293558068,0.217787878989993,9.20959820998184e-07,5.8875961659394e-06,0.993717892016935,TRUE
"PIGR",1844.95338031164,1.03692314253546,0.138769882371892,7.8835528196272e-14,2.44023460533112e-12,1.00846007576267,TRUE
"PIGT",1045.47673776788,1.01845325816316,0.122130422769811,7.48816755441258e-17,4.67922582860242e-15,0.993276811135375,TRUE
"PILRB",70.7182041145196,1.2713885361999,0.497856583473757,0.0106577558921142,0.0240391003091069,0.767403543505064,TRUE
"PIM1",182.903736083442,-1.13290920324726,0.1709376597383,3.41151062220165e-11,5.92783373126684e-10,-1.08937933126986,TRUE
"PIP4P2",27.6797584725157,-1.1192906201336,0.227677358265282,8.82735164605037e-07,5.67320378604203e-06,-1.04096388938573,TRUE
"PITPNM1",168.629706979047,1.95099477964187,0.205528176120012,2.25363165935253e-21,3.44779740068761e-19,1.90599084645206,TRUE
"PITPNM2",587.354133002088,1.07377774704748,0.248399119097812,1.54066908966221e-05,7.52524975537761e-05,0.976362186608406,TRUE
"PKLR",3383.46311767358,1.28478341521229,0.162648417487679,2.80823302170938e-15,1.25008633842648e-13,1.25774581423434,TRUE
"PLA2G2A",987.584816922688,-1.59092409911238,0.559163269386637,0.0044385348751731,0.0112036600016222,-1.19453918701439,TRUE
"PLAG1",19.3677200758896,-1.24594155123748,0.259501776206128,1.57652027915237e-06,9.58587707424305e-06,-1.15059322679355,TRUE
"PLCB1",48.7604810832416,-1.12766418204752,0.244516605827771,3.99177360632853e-06,2.21654178974688e-05,-1.03759840501454,TRUE
"PLCH2",60.0519394517868,3.40716438554306,0.587558892524395,6.67722383181216e-09,6.95413530527542e-08,3.18634288948266,TRUE
"PLCXD2",46.1671755503666,-1.07898213579983,0.180685585666148,2.34937246766075e-09,2.7050300644087e-08,-1.02852937572286,TRUE
"PLD3",1405.44187028496,1.00539558141929,0.151504397047919,3.2213098331371e-11,5.63411746111102e-10,0.970733956956822,TRUE
"PLEC",1122.57119143835,1.32763715106092,0.268985158959349,7.98529859175361e-07,5.19230375645503e-06,1.22920968736692,TRUE
"PLEKHH3",223.443551629548,1.319623206355,0.248882351323684,1.14417399057906e-07,9.05946211457903e-07,1.23368414209238,TRUE
"PLEKHM2",410.037374158617,1.01846979868424,0.139980429484322,3.44370012849865e-13,9.34299936853146e-12,0.98841130244885,TRUE
"PLEKHM3",52.4883172925287,1.11472966818067,0.246100902619829,5.91056661089264e-06,3.16960683283566e-05,1.0197951409034,TRUE
"PLXNA1",146.945467521536,1.0135331231039,0.175081640498576,7.08415984281208e-09,7.32635334171164e-08,0.964639879586404,TRUE
"PLXNA4",75.5607634789273,2.61374599705753,0.418959917012075,4.4135175411634e-10,5.9397288648013e-09,2.47781477552858,TRUE
"PLXNB2",2702.25432837243,1.02172380976252,0.165541423328915,6.74259732330751e-10,8.71308616813289e-09,0.978780740674444,TRUE
"PNMA6A",82.5410774437315,-1.08583234342972,0.260113980361359,2.98709141198683e-05,0.000136626071111837,-0.981013920486538,TRUE
"PNPLA3",641.713130516484,1.21501023341055,0.207678747741465,4.90300128800131e-09,5.27132044776231e-08,1.15297183486899,TRUE
"PNRC1",738.546832119091,-1.35767581967092,0.153837990407812,1.09107164031172e-18,9.4916101519928e-17,-1.32593001881069,TRUE
"POLD1",61.1430560916651,1.63045543508482,0.207881454443703,4.39214158956409e-15,1.8617644763407e-13,1.58115409135797,TRUE
"POLR1A",354.360089054579,1.00234918838789,0.119832189416466,6.03155522836032e-17,3.89708738298426e-15,0.979804762002756,TRUE
"POLR2E",1754.49751168416,1.1891856743221,0.144912596233638,2.2824750291148e-16,1.31514037391853e-14,1.16165512895928,TRUE
"POLR2M",171.722658238741,-1.11408945986821,0.167594526991435,2.98054498963149e-11,5.27449490690711e-10,-1.07195688256732,TRUE
"POMK",14.1476397409777,1.20564827965574,0.428264788365027,0.00487478612890435,0.0121572800029449,0.881539825552416,TRUE
"PPARGC1A",591.718508616063,-1.07381399889661,0.320274389880617,0.000800002741817974,0.00249426949955428,-0.912131427520147,TRUE
"PPFIA3",49.9814368139734,1.26222261712318,0.21755548078899,6.55901885142851e-09,6.85247573881582e-08,1.19278562471479,TRUE
"PPP1R16A",411.604271068148,1.02179012192401,0.251251685766992,4.76633051972464e-05,0.00020563973814436,0.916680817109915,TRUE
"PPP1R1A",2050.97689116662,-1.0415385616725,0.234349355899537,8.81439904828329e-06,4.54727330746708e-05,-0.954014861029165,TRUE
"PPP1R1C",129.770570033449,-1.12943818450762,0.160215416753174,1.79565022851515e-12,4.09973079287801e-11,-1.08391148560965,TRUE
"PPP1R3C",4108.7288535594,1.77481270825576,0.273500649968204,8.62676189543167e-11,1.35563401213926e-09,1.6938796264135,TRUE
"PPP1R3G",32.9553690074176,-3.80304673251585,0.341735868325417,9.10395435443666e-29,4.32762973062686e-26,-3.74075351229634,TRUE
"PPP2R1B",1571.77225090778,-1.08242521420588,0.151677858774595,9.5846718271581e-13,2.35372660552536e-11,-1.04647555202549,TRUE
"PPP6R1",333.62676645504,1.47211892054215,0.193089682334724,2.45901951079429e-14,8.77467820071636e-13,1.42737897780381,TRUE
"PRAMEF10",19.254326302183,3.23380143900659,0.714828399092313,6.07147356015613e-06,3.2432158458891e-05,2.87291503054185,TRUE
"PRAMEF33",10.9989278986586,2.65188981222257,0.716410543850901,0.000214215255304301,0.000783728710307929,2.17924128710417,TRUE
"PRC1",38.3360381881707,1.04164712015637,0.241435961167158,1.60049527184196e-05,7.78603511265223e-05,0.946201495406341,TRUE
"PRDM1",25.472422241902,-1.81891885283096,0.197462997473116,3.217742176682e-20,3.92918792400343e-18,-1.77849998216765,TRUE
"PRKAR2B",63.1284934889617,-1.29308676397049,0.235948814005623,4.24437668293429e-08,3.62598933695709e-07,-1.21425710271794,TRUE
"PRR15L",33.2796489364987,1.04053446089589,0.361700709893791,0.00401751740618277,0.0102458625553349,0.799425409236107,TRUE
"PRR18",57.3091424512292,-1.18960970703512,0.234467772983092,3.9023652998764e-07,2.74962848816066e-06,-1.10992351886628,TRUE
"PRSS51",24.135596059653,1.6158576448709,0.479182153931438,0.000745931164060939,0.00234990385648547,1.28880659577645,TRUE
"PRX",53.5773145092104,1.31208116153146,0.189566357707191,4.46925809200288e-12,9.44219447691401e-11,1.26120947474221,TRUE
"PSD",32.8811976058283,1.01103543780106,0.314266937442106,0.00129483009504593,0.00380613705058776,0.83282484090106,TRUE
"PSKH1",490.856185085888,1.13081634736117,0.142278405175517,1.89680197435459e-15,8.73579040784068e-14,1.10243356724415,TRUE
"PSMA1",191.076641391509,-1.2345322796892,0.253772387585556,1.14617421809157e-06,7.17234548321526e-06,-1.14302669454928,TRUE
"PSMB10",125.36332663889,1.32291973231379,0.176037668389311,5.69192022800748e-14,1.82552911409107e-12,1.28279747785646,TRUE
"PSMD2",1752.49411747424,1.04709043312092,0.0958149187572788,8.44513655125211e-28,3.51264898428643e-25,1.03506549974111,TRUE
"PTBP2",163.856962264561,-1.10021139136336,0.210453132022035,1.71519054359934e-07,1.2963762711702e-06,-1.03285157857724,TRUE
"PTCHD4",12.5249857938727,2.14368057334659,0.604916586492123,0.000394460761090741,0.00134656905106893,1.72639401187844,TRUE
"PTGR2",153.735279520532,-1.07359915637044,0.133912132955825,1.08190758241315e-15,5.27479484319378e-14,-1.04832769958513,TRUE
"PTGS2",10.0478505033998,-2.50887691027512,0.297050461873183,3.01551804057993e-17,2.0582843651343e-15,-2.44026474707766,TRUE
"PTK6",109.689728443518,1.06845710993921,0.278354774985065,0.000123802147504308,0.000480130123334014,0.940281284395185,TRUE
"PTN",49.053810910755,-1.46806502890777,0.173040511842655,2.17697194027366e-17,1.5013210634737e-15,-1.43053400999093,TRUE
"PTPRU",461.957007891835,1.34518217214195,0.176636709957583,2.62611539254007e-14,9.27151084209769e-13,1.30417926394523,TRUE
"PVALB",21.4298941942076,-1.27766488411257,0.240634759418921,1.09889725550838e-07,8.72692271528435e-07,-1.19762544859552,TRUE
"PWWP2B",50.9202671930138,1.40720619057484,0.269004081357078,1.68440140913896e-07,1.27891516004789e-06,1.31121246790207,TRUE
"PYGB",391.787601724439,1.08467211787747,0.124517346177772,3.01173325375952e-18,2.38608152425829e-16,1.0610935876041,TRUE
"QPCT",16.2826238502619,-1.025646455798,0.244309343001468,2.69108318590423e-05,0.000124455584448872,-0.929945368936885,TRUE
"RAB11FIP4",272.439453414307,1.00508523189349,0.156099192926232,1.20453524564424e-10,1.82600958081148e-09,0.965875992300474,TRUE
"RAB25",17.9854192126402,1.8602276047322,0.54395506591056,0.000626629263519778,0.00202192375695715,1.47201446870547,TRUE
"RAB2A",1698.48214638872,-1.02173856202868,0.165440069259668,6.57945714892131e-10,8.53533866005289e-09,-0.976116293263515,TRUE
"RAB40C",223.575434260636,1.26507513480397,0.223054105369174,1.4146453700965e-08,1.36442387061108e-07,1.19478067921982,TRUE
"RAB43",11.0956131102144,3.13206601555651,0.548009509797712,1.09478615595707e-08,1.07778134140448e-07,2.93630371646055,TRUE
"RAB7B",24.3550015082907,1.14240060637141,0.326349350687643,0.000464307741515872,0.00155274774863725,0.9671785010059,TRUE
"RABEP2",67.5366004918446,1.14955999994142,0.240867351069842,1.81875958945411e-06,1.0894550016037e-05,1.0607180005854,TRUE
"RABL6",179.659667621071,1.05218731212463,0.217688842736511,1.34189548299266e-06,8.26880966603349e-06,0.976657791274605,TRUE
"RAD54B",17.9816049266696,-1.0611872597683,0.259799119480259,4.41441911441876e-05,0.000192642355452176,-0.954914152815305,TRUE
"RAI1",110.602558061587,1.16270925534381,0.222123885922997,1.65424917289417e-07,1.25889402465531e-06,1.08886524381549,TRUE
"RALGPS1",108.086381419897,1.16347452651838,0.202370917743101,8.96571467829897e-09,8.98596855181922e-08,1.10086280224104,TRUE
"RAPGEF6",58.5913873180619,-1.16207354433787,0.247928786617334,2.77067948702334e-06,1.59782252912828e-05,-1.07135193532979,TRUE
"RARRES1",48.5816986258159,-1.15502547262951,0.224607209993303,2.71216391604119e-07,1.96724260068165e-06,-1.07974577744109,TRUE
"RASD1",42.7813225800909,-2.26643788777174,0.360619587276081,3.28182845695728e-10,4.50785725099086e-09,-2.1536778893342,TRUE
"RASEF",50.7617091211817,1.437980207266,0.356205508741458,5.4152949719016e-05,0.000230353391102622,1.2571166810577,TRUE
"RASSF7",358.034614752687,1.24823625192998,0.2660103787324,2.69973116521928e-06,1.56504450387929e-05,1.14478638204246,TRUE
"RAVER1",25.7800018530577,2.1339965648106,0.337848403913743,2.67670657616977e-10,3.75020679250733e-09,2.02668303242241,TRUE
"RBIS",488.808212476677,-1.17220814718217,0.147724947200348,2.10372615061687e-15,9.58924488517483e-14,-1.14031844245055,TRUE
"RBM26",504.092484920092,-1.156668717283,0.166644425782628,3.89503455905975e-12,8.34829468294448e-11,-1.11334476188029,TRUE
"RBM27",158.455114929462,-1.25053193604774,0.218033740411749,9.72266238023766e-09,9.66457328461264e-08,-1.18397676870075,TRUE
"RBMS1",275.444024613392,-1.41718836588978,0.172876266372386,2.45022888396179e-16,1.39369856604835e-14,-1.37918985543723,TRUE
"RCL1",1358.80389986425,-1.21098806765249,0.120475487674818,9.02610348784913e-24,2.22476735969022e-21,-1.18991991275682,TRUE
"RDH12",26.2555457929819,-1.2653030393096,0.331616082980753,0.000135871152138245,0.000520565640460577,-1.10905719437159,TRUE
"RDH5",154.356348590511,1.02743847054103,0.20166547594479,3.49171711208446e-07,2.48262578856005e-06,0.96171482668771,TRUE
"RECQL4",24.5887677057355,1.27638366331512,0.307815001496631,3.37458510810756e-05,0.000152359999283961,1.13895284514895,TRUE
"REEP6",3335.60982919162,1.19987606746166,0.199230300131216,1.71681659324998e-09,2.03299189111719e-08,1.14567725854685,TRUE
"RELL1",18.211486508894,1.03780744811503,0.299854081046316,0.000538089657118959,0.00177013676130829,0.885995392209516,TRUE
"RETREG1",383.058147151384,-1.67393232877539,0.235950777110056,1.2990139071543e-12,3.09300091309906e-11,-1.61140882939962,TRUE
"RFPL1",20.3647730985981,-1.31159515041128,0.439320270597118,0.0028310569312545,0.00755288990879883,-1.03714356672202,TRUE
"RFXAP",27.8666594388968,-1.22136284330773,0.167869049403412,3.44659105180237e-13,9.34299936853146e-12,-1.18153709167104,TRUE
"RGCC",20.0634043642517,-1.05129628507418,0.341055805261776,0.00205286383158377,0.0057090717923903,-0.863971305157775,TRUE
"RGS1",43.8853116832458,-4.51857797961341,0.29394758305237,2.52051847103093e-53,1.67740504247109e-49,-4.47911962448453,TRUE
"RGS16",32.8013954862522,-1.47958626548962,0.391918280518009,0.000159852542134048,0.000601367251499201,-1.2847143390623,TRUE
"RGS2",102.816673727195,-2.47027737295273,0.194255764782338,4.78077520334851e-37,4.89477830435143e-34,-2.44018901993366,TRUE
"RGS5",573.652622146028,-1.02339806177896,0.274728785590207,0.000195221294982604,0.000721239691251455,-0.901769439647138,TRUE
"RGS9",17.4958050620115,1.13230640416,0.359963186927543,0.00165736756536133,0.00472165288847587,0.914057249344885,TRUE
"RHBDD3",175.915737722202,1.62662165726002,0.231781306762501,2.2520244280601e-12,5.0718181281692e-11,1.56585231580161,TRUE
"RHBDL1",10.6603154941501,1.08375946523471,0.366407476878079,0.00309844648042557,0.00818319738448522,0.850629069098163,TRUE
"RHEX",39.8771658841662,1.50517787066622,0.312304408358883,1.43856624405749e-06,8.82364825272126e-06,1.37935253130046,TRUE
"RHOB",3342.71443294476,-2.04062457872705,0.187858745562866,1.73830740674911e-27,6.80496223053843e-25,-2.00534082186301,TRUE
"RHOBTB3",683.268473301587,-1.03086509380499,0.178718902102302,8.01792954079637e-09,8.1776737308812e-08,-0.978393746651075,TRUE
"RIDA",11778.2511849879,-1.11986134101835,0.167646208804424,2.39091425342069e-11,4.31791977110304e-10,-1.07753711813325,TRUE
"RIMS3",32.8112776123844,1.31964959351326,0.1794719316292,1.93867722759878e-13,5.52543766581152e-12,1.27687534792054,TRUE
"RNASEH1",100.1482815821,1.18626910851645,0.155402585289118,2.2842507848747e-14,8.26178748551149e-13,1.14919965336428,TRUE
"RNF122",30.716196434754,-1.0141952006457,0.159244547233489,1.90524315732122e-10,2.78362090273825e-09,-0.97422536122496,TRUE
"RNF125",265.970267171992,-1.15677445778676,0.210146067387635,3.69963270768806e-08,3.20378082884373e-07,-1.0912016574918,TRUE
"RNF138",205.214547914166,-1.18906331623411,0.250020713871762,1.97604148015988e-06,1.17678353919141e-05,-1.09747890969529,TRUE
"RNF149",503.796158158799,-1.01509501040962,0.106415734254651,1.44277331494506e-21,2.32044218416351e-19,-1.00078920699494,TRUE
"RNF152",547.578810479552,-1.50147537292945,0.227862885989266,4.41664046697338e-11,7.40371342763421e-10,-1.43772890364143,TRUE
"RNF186",12.9884783340187,1.14796219709067,0.326015464567892,0.000429615645020252,0.00145242170058917,0.979941683041605,TRUE
"RNF208",52.861309588962,1.03193068760613,0.344062054633792,0.00270638495677435,0.00726835830804411,0.815929447793703,TRUE
"RNF31",106.81810074945,1.26636031923115,0.147108498150207,7.41245878221724e-18,5.45081913764152e-16,1.23616936715395,TRUE
"RNH1",1011.24086239557,1.12253673559048,0.150940977168172,1.03055974338789e-13,3.10333714581284e-12,1.09022728635765,TRUE
"RORA",965.43551913549,-1.00684379636644,0.279845384315744,0.000320849397097653,0.00112145626979248,-0.878661138053269,TRUE
"ROS1",10.4106061645718,2.90283141617214,0.561971327611098,2.39868852366539e-07,1.75420572802123e-06,2.67521369928695,TRUE
"RPL22L1",217.893878083684,-1.22270280110787,0.143066042353977,1.26962942889571e-17,8.98870622266057e-16,-1.19186257063232,TRUE
"RPL34",4143.78372827594,-1.02382738207725,0.142011158511152,5.61636952205716e-13,1.45719061088851e-11,-0.980487484586407,TRUE
"RPL37",7510.43981932895,-1.09647725192306,0.136681155509578,1.03906920072973e-15,5.10332511502315e-14,-1.06465369146449,TRUE
"RPL38",2590.42082126057,-1.07876059901551,0.143134910611539,4.8212401484961e-14,1.57667583234602e-12,-1.04594253399065,TRUE
"RPL39",1519.60506258505,-1.20366742402843,0.160206244917582,5.76831352438903e-14,1.84558300503889e-12,-1.16669311627829,TRUE
"RPS13",4026.46112998246,-1.07824761895222,0.124782349380286,5.57100708530085e-18,4.16573619693002e-16,-1.05374583289217,TRUE
"RPS15A",904.836304323603,-1.10787871364054,0.149239731158214,1.14079202167402e-13,3.40447125750701e-12,-1.07361447748112,TRUE
"RPS17",2559.19532717183,-1.02383271926697,0.166541582460494,7.86590842352423e-10,1.00282798004892e-08,-0.979326875140533,TRUE
"RPS6KL1",41.4757131442816,1.66759563084642,0.29014613110197,9.0608148130823e-09,9.04722019220746e-08,1.57053789334841,TRUE
"RPUSD1",89.6294100436474,1.17289751904241,0.212273261989896,3.28710750376746e-08,2.88407388761667e-07,1.10238237107203,TRUE
"RRAD",16.5289516614203,1.6864099935879,0.448711539504158,0.000171045171506666,0.00063913847073378,1.42688420812668,TRUE
"RSL24D1",691.224351421582,-1.0546554792887,0.124925735376425,3.11261318430092e-17,2.11371844301251e-15,-1.03091307749103,TRUE
"RTCB",1302.13950923507,1.00297101864078,0.10056254984046,1.98879004082873e-23,4.56393024886731e-21,0.985152032424825,TRUE
"RTL9",21.1939200493738,2.3300046952894,0.379155776555495,7.98407725883305e-10,1.01594711582283e-08,2.20706484307067,TRUE
"RTN2",28.7767360166218,1.23341197574294,0.240230814974049,2.83228012458437e-07,2.048457059742e-06,1.14989157673781,TRUE
"RTN4R",54.0349999949078,2.31360356377708,0.323099642840922,8.02952233113574e-13,1.99762508836293e-11,2.22634957906238,TRUE
"RTN4RL1",59.7492675155022,1.14013129524479,0.247650638714746,4.148727322218e-06,2.2982825550433e-05,1.04553144264882,TRUE
"S1PR2",10.8770366982125,3.80858822144398,0.622118098091071,9.24255325610404e-10,1.15510219566897e-08,3.60760993220887,TRUE
"S1PR4",10.0162353551059,1.39066725617543,0.362643612735911,0.000125664349714039,0.000486784777268294,1.20808987872818,TRUE
"SAXO2",13.2542037904535,-1.36111227059379,0.487207782421427,0.00521088321356998,0.0128868182037563,-1.02760340451053,TRUE
"SBF1",561.944183023697,1.34217888640018,0.171572027838598,5.16486425789197e-15,2.15499508691355e-13,1.30365507477326,TRUE
"SCAND1",194.899561781566,1.20016944746859,0.327939552974855,0.000252483459196285,0.000906542984057879,1.02764299925398,TRUE
"SCART1",16.7522789641593,-1.11012270594966,0.344400340583906,0.00126700807027094,0.00373342426728055,-0.924962058154317,TRUE
"SCD",56414.8462606637,2.43862540990497,0.311836974803598,5.27422989824894e-15,2.19374999830292e-13,2.36098265584303,TRUE
"SCML1",587.319682667886,-1.08106861321823,0.177442974723604,1.11171454634489e-09,1.37008524183801e-08,-1.0324870457833,TRUE
"SCN9A",272.134085978042,-1.18313506167134,0.218308341143844,5.97460367224515e-08,4.97634385967353e-07,-1.11569198680062,TRUE
"SCRIB",284.803911628238,1.04640099526072,0.255230519835197,4.13458961435151e-05,0.000181801743531611,0.939328480842174,TRUE
"SCUBE1",179.421784703029,4.07071548901095,0.49127964175351,1.17176134420505e-16,7.12152670838779e-15,3.94896353054733,TRUE
"SDCBP2",99.1072681209274,1.31613131988935,0.27975156908672,2.54310302892172e-06,1.48134360240473e-05,1.21793312132015,TRUE
"SEC14L4",470.623379730711,1.81629217245428,0.296715202527016,9.27965048979975e-10,1.1575646487276e-08,1.72151113602908,TRUE
"SEMA3B",57.2532342278482,1.17135547010291,0.375408087741595,0.00180716592149343,0.0050885082325106,0.927678764896982,TRUE
"SEMA3D",14.856085734268,-1.10668454700637,0.367207905660332,0.00258013197646485,0.00698141016603928,-0.894387989837976,TRUE
"SEMA7A",20.9304479917005,1.22703398955827,0.304983269275828,5.7392474364803e-05,0.000242505978982707,1.08735629872167,TRUE
"SEPTIN5",16.9115229118353,1.13949427535451,0.333498975313705,0.000633653151166805,0.00204161787509808,0.957306139632715,TRUE
"SERINC2",1722.0612457155,1.02302981137878,0.1729291174269,3.30083740084234e-09,3.67957670060398e-08,0.977076237483544,TRUE
"SERPINA12",6.08554420034198,1.62460592715396,0.506405695910927,0.00133609696791886,0.00391102939146691,3.35265626195608,TRUE
"SERPINE1",709.894224994366,-1.22551265850273,0.31660373423029,0.000108474656175237,0.000426654158892555,-1.07812014922255,TRUE
"SFR1",34.3199543258047,-1.08275560265664,0.128793953605722,4.21053409477004e-17,2.81619139705474e-15,-1.0571187832752,TRUE
"SGK1",812.481569348566,-1.10798763874294,0.179169003408934,6.24829503997161e-10,8.1215631818381e-09,-1.06079726230117,TRUE
"SGK3",121.445319420376,-1.32354095591353,0.127367625069307,2.7105000587065e-25,9.01918894534588e-23,-1.30052828032774,TRUE
"SHKBP1",214.419114973043,1.01225041368684,0.150136306985786,1.55996080857757e-11,2.94094594364977e-10,0.976470202040646,TRUE
"SIAH1",179.279638336166,-1.05157720681154,0.102861668140361,1.56072750390464e-24,4.41984746318528e-22,-1.03664741455148,TRUE
"SIGLEC15",14.9772251082267,1.0156451399787,0.320764138852447,0.00154375511068817,0.00443787916269105,0.837541912274062,TRUE
"SIRPB2",25.3258871273438,1.11030362574276,0.352153057289507,0.0016165677950794,0.00462124513584767,0.896294854606748,TRUE
"SKIL",382.335384313088,-1.03138016989999,0.225666727369263,4.86866651287229e-06,2.65690657180526e-05,-0.950378426478247,TRUE
"SLC12A1",25.2172982402442,1.46250227149048,0.643706448645587,0.0230863958426457,0.0469990713774264,0.451769536646362,TRUE
"SLC12A4",427.497257948026,1.09091150175408,0.126841096927485,7.92897207890404e-18,5.73557708533765e-16,1.06842536248873,TRUE
"SLC16A13",664.536529404869,1.17348345904404,0.211534232998658,2.89804297792373e-08,2.57324563283288e-07,1.11176128604767,TRUE
"SLC16A3",55.9782142042185,1.00437636576907,0.226278533816107,9.05153116552172e-06,4.6569725478583e-05,0.91993430002128,TRUE
"SLC16A9",33.4340608278606,-1.24089898961463,0.359253469788672,0.000552123600159007,0.00180959495644333,-1.05383140526359,TRUE
"SLC18A2",19.8184579016164,-1.07577047103936,0.318424676214418,0.000729051595819859,0.00230387850932989,-0.91581457227355,TRUE
"SLC19A1",387.780948597435,1.18856779579456,0.214437653755405,2.97809481618285e-08,2.63503308900425e-07,1.12136475885174,TRUE
"SLC19A2",427.371388313314,-1.49525185391191,0.189227561603196,2.74746842540071e-15,1.22714109872763e-13,-1.45114639096039,TRUE
"SLC1A7",42.848095420176,1.74402628400379,0.40968336564297,2.07178866796843e-05,9.86601329898381e-05,1.53855728754817,TRUE
"SLC22A10",929.169712352275,-2.46402589926244,0.40223694816378,9.02251393694475e-10,1.1307877636604e-08,-2.33326181610902,TRUE
"SLC25A22",374.901549398183,1.16996849887887,0.194197121989441,1.69482397035814e-09,2.01052647464054e-08,1.11447705093369,TRUE
"SLC25A25",919.661246855073,-1.45305963982537,0.214119631823878,1.15121825899469e-11,2.20788400968578e-10,-1.39385589329013,TRUE
"SLC26A1",260.467909021968,1.89794235229029,0.233372217269753,4.19890316510797e-16,2.26711643884941e-14,1.84351075892457,TRUE
"SLC29A4",155.24184121243,1.52864678882304,0.448894442703534,0.000660770945914838,0.00211720300677094,1.22937041460563,TRUE
"SLC2A14",18.6586441300881,1.87609881252293,0.454800278056464,3.70565971880245e-05,0.000165068041690966,1.64139349045336,TRUE
"SLC34A1",28.9513195944477,1.0148507257532,0.259889475665046,9.4251890050536e-05,0.000376498396330322,0.900996508574851,TRUE
"SLC34A2",24.7454351336158,1.20658030926085,0.411254396503797,0.0033472931931311,0.00876844566041625,0.910335441790921,TRUE
"SLC35A1",214.417990293018,-1.04404003939693,0.128714415173763,5.00848701960066e-16,2.655894909597e-14,-1.0182458282946,TRUE
"SLC38A10",1704.87414792719,1.03350882013306,0.177532357758716,5.83135502387763e-09,6.17956491781936e-08,0.989258375479752,TRUE
"SLC38A2",2380.10810877302,-1.4680922857871,0.247545309673648,3.01829155086825e-09,3.39016544658704e-08,-1.38605800167028,TRUE
"SLC49A3",94.9889177804095,1.74063593913616,0.302231070921375,8.44692110428973e-09,8.54969733065371e-08,1.63489487203039,TRUE
"SLC4A2",1184.89559318451,1.14460995964137,0.124822204649298,4.73358643018702e-20,5.66057682483772e-18,1.12210645021827,TRUE
"SLC51B",15.8014925443309,2.11179151975393,0.535259615784396,7.96803984118064e-05,0.000324028751256078,1.80508721182635,TRUE
"SLC67A1",675.401937790579,1.38213210274744,0.228978818907758,1.57913101059637e-09,1.88843070539422e-08,1.31331601266735,TRUE
"SLC6A19",32.8648771394478,1.42265713341174,0.482656827189076,0.0032029865119929,0.00842524712937263,1.01915203199492,TRUE
"SLC6A2",31.3335884390811,2.69537383003739,0.649277915139644,3.30533301436947e-05,0.000149588515543209,2.31903226637946,TRUE
"SLC7A5",247.972721676861,1.0615757973237,0.166215661806939,1.69462180570459e-10,2.50337583062466e-09,1.01874825699947,TRUE
"SLCO1B3",1374.79775428666,-1.67711943499381,0.372501189980043,6.72157797060167e-06,3.55439820376274e-05,-1.51956185901701,TRUE
"SLCO2A1",56.714273383573,1.08584199084342,0.346129364334314,0.00170628656551823,0.00484132896760768,0.875206386278388,TRUE
"SLCO2B1",7425.68550209661,1.0233227198352,0.123778618539847,1.36954954881378e-16,8.21112815077092e-15,0.999214773922179,TRUE
"SMAD9",24.7552714771289,-1.02372221305897,0.242856300542473,2.49400635343168e-05,0.000116556266025898,-0.929312427173579,TRUE
"SMCR8",91.7701040132009,1.59729671019014,0.269449162319552,3.06632114927141e-09,3.43830956165143e-08,1.50781257109205,TRUE
"SMG8",155.928284371265,1.04129163085288,0.168302670765609,6.13130186735154e-10,7.99291164098423e-09,0.996995816288886,TRUE
"SMIM26",234.296602043391,-1.48947848674514,0.156904744237264,2.24729686769991e-21,3.44779740068761e-19,-1.45930331314463,TRUE
"SMIM30",408.005719540923,-1.03652169639076,0.129231815521081,1.05196756688449e-15,5.14767952765905e-14,-1.01068864569104,TRUE
"SMIM8",51.4369730315838,-1.0039889304893,0.182836215827035,3.99228017501915e-08,3.42868839597957e-07,-0.950397793744369,TRUE
"SNORC",294.705593659425,1.32462733099204,0.237836752623035,2.55498902172261e-08,2.29931736843326e-07,1.24788765926063,TRUE
"SNTG1",14.7737969151778,-1.04523161605255,0.247144221399258,2.3448467208563e-05,0.000110165583673128,-0.947985322997421,TRUE
"SNX16",52.5884390098441,-1.38511634127178,0.215490744512918,1.29523461623469e-10,1.95017791200043e-09,-1.32455767523242,TRUE
"SOCS2",142.038393734163,-2.69371440981395,0.298666749324071,1.895879197691e-19,1.85545236185788e-17,-2.62774111984277,TRUE
"SOCS3",63.1625502998646,-2.38315370571438,0.349729756273643,9.47422632216717e-12,1.85381529213443e-10,-2.28147964600469,TRUE
"SORCS2",195.5743611206,1.6459342821233,0.322602360975854,3.35988960239754e-07,2.39529355157532e-06,1.52080258871069,TRUE
"SOWAHA",52.0577347581616,-1.68151522323751,0.210255861053405,1.27000320959279e-15,6.10243419483034e-14,-1.63039226276852,TRUE
"SPATA20",1016.15275393336,1.13131718293181,0.164940638385183,6.93756015800592e-12,1.39064647143161e-10,1.09294388428599,TRUE
"SPATA21",14.2575048193499,1.86696055281872,0.623823852895961,0.00276459109928482,0.00739632312190573,1.62985608188992,TRUE
"SPHK2",413.246661700735,1.3505323072864,0.20744557749606,7.500239631582e-11,1.19841764101268e-09,1.29309236121593,TRUE
"SPINT1",53.496341392985,1.45840906752013,0.402310192229869,0.000288865247014693,0.00102146557857746,1.21895343073419,TRUE
"SPNS2",219.29925572074,1.03489199055297,0.166969946126371,5.71584663779542e-10,7.47327296159696e-09,0.991108045002535,TRUE
"SPP1",398.088437630584,1.40636671176265,0.423838813113046,0.000906112501587484,0.00277256777531836,1.13423745238957,TRUE
"SPRED1",132.953385276588,-1.10907387371061,0.212010126122311,1.68385234762586e-07,1.27891516004789e-06,-1.04087657477728,TRUE
"SPRY1",114.871622119832,-1.05974498422432,0.116599524859384,1.00175872011869e-19,1.09290234137539e-17,-1.03901179109972,TRUE
"SPSB1",232.252350229333,1.1682763172909,0.232324588554309,4.93975246689189e-07,3.40042226447455e-06,1.0869578068473,TRUE
"SPTAN1",1762.20581063235,1.09830230724847,0.133383351948622,1.80794194315215e-16,1.0554257571647e-14,1.07503855212071,TRUE
"SQLE",1285.21197260209,1.09754873426344,0.443446652930115,0.0133220808057713,0.0292553861614941,0.696086143589067,TRUE
"SREBF1",2362.47737390103,1.14689174134271,0.298559958109062,0.000122328699643571,0.000474830852218118,1.00812257243128,TRUE
"SREK1IP1",232.910701667465,-1.42809038210767,0.165887819696382,7.38474964237437e-18,5.45081913764152e-16,-1.39206896189887,TRUE
"SRGN",491.695807477052,-1.03010429357014,0.252234182960544,4.42822290570904e-05,0.000193181405686619,-0.929115529364508,TRUE
"SS18L2",217.117679612364,-1.04508076279951,0.143352838238031,3.09336601282707e-13,8.48921683107801e-12,-1.00458625870086,TRUE
"SSPN",22.087606047526,-1.13520417092846,0.33223292708773,0.000633403035700634,0.0020413061513742,-0.966098058689882,TRUE
"ST14",173.980579866336,1.5678143639339,0.248144501257944,2.64711750288196e-10,3.72049989053421e-09,1.49727274821653,TRUE
"ST3GAL6",1058.82015950768,-1.33565400040844,0.167404216619315,1.4798289344424e-15,7.05968570517143e-14,-1.29778686794922,TRUE
"STBD1",62.2736156268983,2.23130919124292,0.295338905094453,4.18600998588798e-14,1.39638578727241e-12,2.1513189144491,TRUE
"STK17B",79.3426695095109,-1.12428597803197,0.235526349571444,1.81047927857892e-06,1.08547203594079e-05,-1.04082173578717,TRUE
"STK31",10.671129153146,-1.01711508987185,0.329513563418061,0.00202380228210725,0.00563531555959154,-0.838692547201091,TRUE
"STMN2",28.0773563230835,2.57029844185976,0.795440497109153,0.00123233101495864,0.00364172420273078,1.75276015099893,TRUE
"STON1",21.4668261628211,-1.15260328848167,0.201795771386883,1.1183235498399e-08,1.09608884008608e-07,-1.0927652268009,TRUE
"SULF2",1290.82723000712,1.22510501619976,0.172184860060116,1.11866960308233e-12,2.70718043945923e-11,1.18676582270682,TRUE
"SULT1C2",35.8048409302466,1.29474086007338,0.548134962073417,0.0181725208042029,0.0382473516609647,0.624093442319266,TRUE
"SUSD1",68.1759983550466,1.01548834740058,0.234669299198282,1.50936949958645e-05,7.38592207334397e-05,0.924425317048172,TRUE
"SUSD2",36.5577799816067,1.70999035759748,0.322989577497593,1.1950021067424e-07,9.41709771506295e-07,1.5909495728736,TRUE
"SUSD3",230.552778228353,1.70436133231457,0.233332501976494,2.78440987893996e-13,7.65712716708488e-12,1.64859881380467,TRUE
"SV2B",37.6259005470222,2.14916099437375,0.471236672933495,5.09875504714037e-06,2.77337268808493e-05,1.92834056702125,TRUE
"SVIP",176.387222531199,-1.2490919269568,0.128624843553366,2.70336780100162e-22,5.06786273680727e-20,-1.22759750588016,TRUE
"SYBU",434.749754459804,-1.39130002335865,0.243406761973085,1.09095075545846e-08,1.07480048520741e-07,-1.31179922543571,TRUE
"SYT7",2894.53147219474,1.49937533060435,0.202125048782988,1.18850076666164e-13,3.53101455452376e-12,1.45266502340959,TRUE
"TAFA2",11.4956716641052,-1.34346971637906,0.215455699106533,4.50394712761831e-10,6.05530669379795e-09,-1.28131534440201,TRUE
"TAFA5",11.7602849325449,1.5029506637336,0.650298355446338,0.0208234146304812,0.0429971530765908,0.496816753611159,TRUE
"TAL1",40.7724118702036,-1.04443473351348,0.211721792187026,8.09543504646282e-07,5.24332070405937e-06,-0.973481560174729,TRUE
"TAMALIN",49.076303647806,-1.07100011400776,0.245491452135692,1.28480079810477e-05,6.37609941192186e-05,-0.977333597223218,TRUE
"TAS2R14",11.7001787496097,-1.64311253132579,0.274350803108301,2.11014213877717e-09,2.45506921915421e-08,-1.55743666804443,TRUE
"TBC1D16",429.543383657369,1.41501371953912,0.115518320158185,1.69539750512872e-34,1.41035879957896e-31,1.39881494368927,TRUE
"TBL3",264.279099567484,1.35247575562886,0.176729866215559,1.96671840228429e-14,7.17178683134353e-13,1.31175983411246,TRUE
"TCAP",53.0932824196756,2.46448214158083,0.459040882294553,7.92780991401827e-08,6.46167482887834e-07,2.28195215366387,TRUE
"TCF19",68.333883498922,1.0526759950215,0.22633231661111,3.30298254712435e-06,1.87154949775331e-05,0.974980620647297,TRUE
"TCIM",742.143835991641,-2.46916392303884,0.162695675921798,5.05458632939181e-52,2.24255146814017e-48,-2.44684274022452,TRUE
"TCP10L",47.0665099775129,-1.40570511058032,0.278613988486382,4.52691720824728e-07,3.14638475413949e-06,-1.30537228608505,TRUE
"TECTB",15.4348619577956,1.4209782354651,0.486492688688335,0.00349063883146774,0.00908849820947489,1.02496333490602,TRUE
"TEDC1",121.723579649681,1.61945769579677,0.343105332229054,2.35842860165255e-06,1.38163224859135e-05,1.47323265057665,TRUE
"TELO2",193.629028006561,1.03233708950388,0.282873134745082,0.000262781670657123,0.000937952275796813,0.896092649796322,TRUE
"TFCP2L1",19.4240156040532,1.39695913123598,0.425141032362668,0.00101667098740274,0.00307542973689329,1.12137830745775,TRUE
"TFPI2",93.9860449255426,-1.21274729675549,0.357460142293217,0.00069212850659088,0.00220388287624991,-1.02479818593801,TRUE
"TGFBR3",418.266719354809,-1.06033058962772,0.187941571885809,1.68271995030937e-08,1.59069620302683e-07,-1.00535445115141,TRUE
"TGFBR3L",10.2748754843483,1.03183111751429,0.394532526867581,0.00891423660651369,0.0205772614000516,0.74253024260076,TRUE
"THBS1",504.167716077988,-2.20947650187662,0.309906268727487,1.00734747838735e-12,2.46466818701023e-11,-2.12337810785295,TRUE
"THEM6",689.203887388619,1.103886134551,0.141209117946277,5.39316759787663e-15,2.22937284445864e-13,1.07343946311311,TRUE
"THTPA",46.502698109744,1.13296273776273,0.19400015629406,5.21978747439466e-09,5.589329950458e-08,1.07448936527751,TRUE
"THY1",117.278191660699,1.07366020502579,0.428637176336118,0.0122512728348424,0.0271910024064953,0.703342463750178,TRUE
"TJP3",100.214116612081,1.21428541371911,0.227234263134528,9.10379838840739e-08,7.35264299452078e-07,1.13749544060616,TRUE
"TKT",1217.19568851561,1.02999669279938,0.137131265260346,5.86651041869964e-14,1.87250008807895e-12,1.0042580469553,TRUE
"TLCD4",2885.34667235245,-1.06238872322182,0.227425180761103,2.99187462897017e-06,1.70689461258436e-05,-0.976330125142445,TRUE
"TLNRD1",94.7324197798315,-1.22616659142244,0.133753384418837,4.84705565282062e-20,5.70923103885331e-18,-1.20150090211043,TRUE
"TLR10",11.5197747468838,-1.08743324210871,0.235400161458354,3.84648584809156e-06,2.14481468948884e-05,-1.00193348681628,TRUE
"TM4SF1",453.6631665675,-1.03808578984588,0.171838504114738,1.53110129154462e-09,1.83759767271946e-08,-0.993011896895781,TRUE
"TM7SF2",2741.09871356791,1.14620893638677,0.23464415043093,1.03490927104715e-06,6.53446034043528e-06,1.07854580540337,TRUE
"TMC4",87.0278799184702,1.36609337180338,0.565969475640179,0.0157904747590524,0.0338876522158962,0.628661848160817,TRUE
"TMED6",19.9320237009515,-1.6018361220788,0.338776757903698,2.26414146809633e-06,1.32873557938105e-05,-1.46718591337046,TRUE
"TMEM100",43.1893574091749,-1.16499860374831,0.241714407844543,1.43751384228738e-06,8.82125829453433e-06,-1.07887001684318,TRUE
"TMEM102",52.3310759195408,1.76211470611483,0.180679076408768,1.79568535898241e-22,3.46385103305159e-20,1.727371724696,TRUE
"TMEM104",275.900825326704,1.4708965631852,0.156023969121057,4.20477498339032e-21,6.15006099218958e-19,1.44120569712712,TRUE
"TMEM121",17.2060029739211,1.67060273684888,0.445934290966778,0.000179463396779607,0.000668530033903322,1.40550719384622,TRUE
"TMEM125",12.3270290773543,1.72312916817354,0.564593335787068,0.00227335102422545,0.00623753909141224,1.24903366266322,TRUE
"TMEM14B",611.805358306703,-1.16106407344377,0.120356518182291,5.06773619441935e-22,8.99354249969621e-20,-1.13997061857371,TRUE
"TMEM150B",18.8558821607223,2.37761692418454,0.46567304376443,3.29459686358667e-07,2.35252597931001e-06,2.189406951998,TRUE
"TMEM161A",333.728265060376,1.16975717785755,0.171352283725308,8.69376907359749e-12,1.71682591052793e-10,1.12714216807287,TRUE
"TMEM175",303.369404845699,1.05324999162136,0.174692861260551,1.6482117816031e-09,1.96047353111147e-08,1.00551136158736,TRUE
"TMEM182",34.3193229014436,-1.18658550252236,0.221267684384007,8.20008777142455e-08,6.66726745495789e-07,-1.11565417574941,TRUE
"TMEM243",43.1215726183662,-1.19420030147338,0.179663797296695,2.99409374243442e-11,5.28206124076207e-10,-1.14748034199784,TRUE
"TMEM256",203.353332453178,-1.4000142227392,0.234912873958333,2.52675297815235e-09,2.88431236185316e-08,-1.32831171686932,TRUE
"TMEM54",55.0731740287949,1.1597270437903,0.21689760851276,8.94797480413215e-08,7.23997231872334e-07,1.08902874495464,TRUE
"TMEM63A",1405.48228977882,1.3558647296748,0.148666232521497,7.49906792551646e-20,8.45869441429017e-18,1.33042929316713,TRUE
"TMEM92",81.5051805338437,-1.04935092650293,0.424916540052976,0.0135284637541747,0.0296152974359756,-0.753263663627113,TRUE
"TMPRSS9",116.007930844943,1.84259141242192,0.316311758844579,5.70311196294205e-09,6.05330304838586e-08,1.73566350160478,TRUE
"TMUB1",424.904088299906,1.22934522253771,0.21255292395487,7.30693330793042e-09,7.53916917275612e-08,1.16557677183963,TRUE
"TNFRSF10C",21.1116459335853,1.07823457252295,0.338955216359624,0.00146740684604891,0.00424775665961526,0.881570434908654,TRUE
"TNFRSF12A",89.4148859097888,1.35106135925146,0.361470677377712,0.000185726858895823,0.000688778069630372,1.15614674668848,TRUE
"TNFSF11",18.427827428241,-1.75013315353227,0.275095928038497,1.99271430298371e-10,2.89236939724244e-09,-1.66859794878243,TRUE
"TNFSF13",31.0836039947426,1.67423020080214,0.20686680998286,5.80810266384067e-16,2.99635063781858e-14,1.62598334474728,TRUE
"TNKS1BP1",1428.63348018776,1.04636620657853,0.160247230151013,6.59019202132815e-11,1.06720162722597e-09,1.01073917159625,TRUE
"TNNC2",11.9481849826449,3.14017123679822,0.75803706064451,3.43535005611914e-05,0.00015478845378113,3.35328121972292,TRUE
"TOB1",1281.89640390123,-1.04101318466928,0.155692069830055,2.2879024478509e-11,4.14312674570006e-10,-1.00228795739852,TRUE
"TOP3B",200.815279741669,1.20073879393384,0.152242052917215,3.09444225798397e-15,1.3638088229724e-13,1.17104002253651,TRUE
"TP53I3",238.524702433513,1.519529525867,0.243854369909129,4.62582823151297e-10,6.20663041949977e-09,1.44728942076119,TRUE
"TPD52",432.67825213517,-1.26825448228163,0.243945127201129,2.00435263314625e-07,1.49707820130059e-06,-1.18214217122589,TRUE
"TPGS1",14.8878497955925,1.97737859000729,0.455320184581915,1.40658366777528e-05,6.92111963700145e-05,1.75634232452463,TRUE
"TRABD",227.363578902462,1.0720523779803,0.218330656786535,9.09725272958217e-07,5.8269698667343e-06,0.996386082613685,TRUE
"TRAF2",151.52348959917,1.08514078752138,0.142985324942863,3.21946375254931e-14,1.09874519349824e-12,1.05332872087156,TRUE
"TRAF7",790.060486561088,1.3937034526323,0.127610402473744,9.09301080347053e-28,3.66751435739978e-25,1.37517901697199,TRUE
"TRAPPC10",279.798883441673,1.05717104745441,0.140849380662435,6.11083222478324e-14,1.93195194565e-12,1.02683107665396,TRUE
"TRAPPC2B",31.8891863802375,-1.15898631751916,0.129873655791283,4.49937429665571e-19,4.18787915304109e-17,-1.13366307525622,TRUE
"TREH",224.927239749309,1.45462420420002,0.280928759618795,2.24383839051439e-07,1.65551491007464e-06,1.35103576586818,TRUE
"TREM2",34.1365730112534,2.51586146605426,0.451352371433764,2.48881780536207e-08,2.2428006086235e-07,2.34457743316328,TRUE
"TRIB1",925.312895608452,-1.08251776204815,0.139300870089906,7.78216838786875e-15,3.09196003709054e-13,-1.04920833688983,TRUE
"TRIL",19.589486810662,-1.05587685303023,0.25961502846912,4.76045168268731e-05,0.000205519337971353,-0.949669853321603,TRUE
"TRIM56",103.71512941746,1.73919595618639,0.273761369463938,2.11206004783924e-10,3.05559991703698e-09,1.64921030393054,TRUE
"TRPV4",238.246466910008,1.19700335310058,0.208047569474058,8.74103156938214e-09,8.80477947749441e-08,1.13375967654446,TRUE
"TRPV6",19.8285348786023,1.54008441387387,0.511890963129064,0.00262438784264095,0.00708387795285967,1.12130390881601,TRUE
"TSC22D3",999.006987802734,-1.12731062135597,0.219568607961126,2.8333654748197e-07,2.048457059742e-06,-1.05339277241745,TRUE
"TSLP",137.663739458095,-1.14578234838503,0.166027372087114,5.15776522440123e-12,1.07098057935695e-10,-1.10519014317691,TRUE
"TSNAX",251.597562891577,-1.08064736778421,0.152366218781567,1.31773383497114e-12,3.13197095419034e-11,-1.05066455833265,TRUE
"TSPAN11",38.1524427984354,1.02031478257421,0.257313259922321,7.33150255440533e-05,0.00030136596355508,0.911400077999775,TRUE
"TSPAN17",469.280281849244,1.03000677309433,0.0895811812854873,1.34966480367881e-30,8.16547206225681e-28,1.01483903547297,TRUE
"TSPAN5",15.8131274251218,-1.68373964919803,0.28811778793179,5.09840275289408e-09,5.47255972911454e-08,-1.5909871196978,TRUE
"TSSC4",197.902690794706,1.03185617689423,0.220006163706251,2.73039602432093e-06,1.57869552926636e-05,0.95318501754284,TRUE
"TTBK1",128.43530151524,1.00246923816092,0.247801582306223,5.222241718655e-05,0.000222782170754161,0.89882419048167,TRUE
"TTC32",88.0732620895729,-1.10008692861992,0.199814735926179,3.6804980461717e-08,3.19136345241338e-07,-1.03939748987451,TRUE
"TTC6",81.9460885984169,-1.28704184526419,0.223882340544578,8.99098160388062e-09,8.99145673300641e-08,-1.21684142366249,TRUE
"TTLL12",449.920702437855,1.00257841256602,0.13147198156502,2.42534523734079e-14,8.67778094328115e-13,0.975761522354161,TRUE
"TTN",43.9295439770793,1.11814192807553,0.489301895083324,0.0223023923992067,0.045668437358991,1.0006376851213,TRUE
"TTYH3",318.991421934747,1.14479898461922,0.223770229574324,3.12153344407134e-07,2.23614693975186e-06,1.06933020565867,TRUE
"TUBB2A",402.445180142236,1.17933042324654,0.171318901349474,5.82638505873725e-12,1.19859636988861e-10,1.13817323281574,TRUE
"TUBB2B",23.8534647920486,1.35869428488636,0.312882206216054,1.4086371179405e-05,6.92866224678049e-05,1.21945684742963,TRUE
"TUBB4B",1804.44345012635,1.12081365960388,0.130006570936518,6.62515739575408e-18,4.92630418645178e-16,1.09723820581414,TRUE
"TWNK",96.6598192172678,1.06581860228529,0.139254175598746,1.95180265451281e-14,7.13694871746307e-13,1.03593488101888,TRUE
"TYMP",453.373101940648,1.28210589276639,0.205376486620112,4.30053191463726e-10,5.80528192533691e-09,1.2237787317676,TRUE
"TYMS",167.450370959779,2.00422324485567,0.244784765343317,2.6627436480627e-16,1.50813267896657e-14,1.94599592761977,TRUE
"UBE2B",491.38869399909,-1.13396586220462,0.161447061604326,2.15971373671459e-12,4.88873976797128e-11,-1.09502337390864,TRUE
"UBE2D1",87.4108542042396,-1.02090506949454,0.275574493837152,0.000211688811480135,0.000776192308760494,-0.89682917991404,TRUE
"UBTD1",66.2684667961738,1.01355165619469,0.218317329722145,3.44115961402391e-06,1.94208299898049e-05,0.932200125635656,TRUE
"UCHL3",45.1921493573389,-1.29019154635208,0.25023993044585,2.5252603662489e-07,1.83768263940803e-06,-1.20386330651985,TRUE
"UGT1A1",1685.32069225175,1.6549458939243,0.324493752100482,3.39500008868963e-07,2.41773414555693e-06,1.53294443619549,TRUE
"UGT1A4",2029.01031747802,1.43233376240571,0.241760324053439,3.13054154756384e-09,3.50736599310393e-08,1.37282512772269,TRUE
"UGT1A6",641.882119984427,2.37861440339398,0.243652599726606,1.63375936512031e-22,3.19784369849285e-20,2.33139513280284,TRUE
"UGT1A9",1142.87461170585,1.64923856140949,0.238407713556999,4.58960063567411e-12,9.63526568782687e-11,1.58633351144557,TRUE
"UGT2A1",39.1707708917753,-2.09638257669765,0.485202814674879,1.55583288871697e-05,7.58817726230224e-05,-1.87596295397541,TRUE
"UGT3A2",23.2697663805395,1.00121192988272,0.358676196659645,0.00524791272495361,0.0129666727128222,0.761307192836826,TRUE
"UNC119B",502.522041586869,1.35683740427101,0.108521399884023,7.19335157486287e-36,6.38290063076165e-33,1.33813400448012,TRUE
"UNC5B",83.075452284826,1.06676979793943,0.224813717122706,2.08374829318626e-06,1.23210527686846e-05,0.986367561844138,TRUE
"UNC93A",387.614642066112,1.00158288020476,0.338022311549764,0.00304589900798576,0.00806623871792488,0.796074002616888,TRUE
"UNC93B1",175.483122657608,1.02894599961837,0.177927991431778,7.34084565337089e-09,7.55658589685742e-08,0.978742377512403,TRUE
"VAC14",399.478240501903,1.00926287853556,0.111573472044647,1.48676068053818e-19,1.53401431457079e-17,0.990272163408594,TRUE
"VARS1",497.685549789955,1.22451788068261,0.139438597233615,1.60919944477192e-18,1.33865278811964e-16,1.19830370554427,TRUE
"VAT1L",19.8800445046883,-1.2529280456864,0.25388293747277,8.01252887318395e-07,5.2048198780907e-06,-1.16218417225875,TRUE
"VCPKMT",85.4952726897335,-1.00085785429907,0.197754963225281,4.16842178161891e-07,2.91701860743153e-06,-0.93802580884862,TRUE
"VIL1",237.070191450247,-1.19902162031912,0.478782958062488,0.0122689996924396,0.0272167309843952,-0.843939882264284,TRUE
"VIP",10.9461749197436,-1.63808205018439,0.335073027710584,1.01487826804534e-06,6.4201662298876e-06,-1.50895178206988,TRUE
"VTCN1",27.3398195318157,1.82484441319502,0.461566914555724,7.69886288247939e-05,0.000314457141355689,1.56287370910439,TRUE
"VWA7",29.818488850643,1.61336207829051,0.25553217323021,2.72382591283529e-10,3.80373332189454e-09,1.53782198478028,TRUE
"VWCE",230.270503615261,1.86173098419241,0.35940300744712,2.21808449871894e-07,1.64015025988606e-06,1.72086453768406,TRUE
"WDR18",291.081356307302,1.08717555643808,0.21619920383405,4.94118635267364e-07,3.40042226447455e-06,1.01383881607396,TRUE
"WDR24",130.377299074711,1.4618245843863,0.187857455161986,7.163405653623e-15,2.88051145769553e-13,1.41109296924987,TRUE
"WDR62",13.3410216003495,1.62001243820903,0.350012718511483,3.68432752046104e-06,2.06432847505297e-05,1.47190796876196,TRUE
"WFIKKN1",11.1197881023963,1.70795078162413,0.522093092109103,0.00107034232644064,0.00322047835333212,1.33159993175714,TRUE
"WNK2",25.943007773174,1.46002575571973,0.493228902284056,0.00307500984420247,0.00812877478179441,1.05255705897364,TRUE
"WNT4",18.7736143004781,1.12702239651884,0.41029539965561,0.00601695387634108,0.0146151049562713,0.819463328850856,TRUE
"YIF1B",346.765681510276,1.18264153317564,0.135631752711651,2.79424521732114e-18,2.22703017021224e-16,1.15701967503657,TRUE
"ZBED6",116.676399610706,1.64671427188182,0.34274434029673,1.55140762097578e-06,9.45910922363154e-06,1.50394923384547,TRUE
"ZBTB16",195.440629689909,1.08462491136123,0.38396700613271,0.00473120927358105,0.0118391418370678,0.813245432304968,TRUE
"ZBTB7C",33.5276022794938,1.10290794155285,0.250404634388972,1.06026716437742e-05,5.37605941251939e-05,1.00379506777028,TRUE
"ZC2HC1A",17.9173342607845,-1.17100320496485,0.232737450960083,4.86823818594647e-07,3.35731866605946e-06,-1.09152483773928,TRUE
"ZC3H6",138.726428509669,-1.12462414125126,0.123084584020703,6.42073436836089e-20,7.36723917611064e-18,-1.10279044434754,TRUE
"ZDHHC8",196.514269440094,1.07968174423479,0.260275142237422,3.35052374606678e-05,0.000151376344399691,0.969423831368601,TRUE
"ZFAND5",1780.74995573742,-2.51682792490648,0.171282786134955,7.04386433129233e-49,2.34384585623752e-45,-2.47632242251208,TRUE
"ZFP36",426.11526960839,-2.11869299024609,0.180367898276814,7.35976485231584e-32,4.66468905639637e-29,-2.08908931783564,TRUE
"ZFPM1",89.3187813814858,1.40540491546424,0.313857710865673,7.54017374902577e-06,3.94495725627095e-05,1.26870060779471,TRUE
"ZGPAT",29.6983329398609,1.05485464172511,0.260785076333452,5.23411051349003e-05,0.000223145454627009,0.944573111284919,TRUE
"ZMAT3",484.251608791327,1.1003067015237,0.22153429430386,6.8082293573008e-07,4.49714802708058e-06,1.02611174433152,TRUE
"ZMYM6",133.530553748514,-1.31439333860284,0.187186937261907,2.18993554787499e-12,4.94873381022345e-11,-1.2668104008598,TRUE
"ZNF205",69.7436795529523,1.32094704327819,0.251542178628919,1.5095253901723e-07,1.16003365722825e-06,1.23282862561133,TRUE
"ZNF213",40.2327192097932,1.08264552601339,0.24567999094117,1.04942591764594e-05,5.32653483796066e-05,0.986324830355076,TRUE
"ZNF219",123.277653257562,1.25917418649709,0.199723788203059,2.88980302562629e-10,4.00659148657145e-09,1.20214750883681,TRUE
"ZNF221",10.2934588665117,1.11891992844855,0.373982587691619,0.00277243605073198,0.00741582070643944,0.880622321254931,TRUE
"ZNF331",128.382670741902,-1.01330257492354,0.155286164534589,6.78254322302201e-11,1.09160399393498e-09,-0.975117058287936,TRUE
"ZNF334",93.6165767162063,-1.09200892394526,0.264271018909782,3.5937727385873e-05,0.000160891742854346,-0.984353997438218,TRUE
"ZNF366",15.2648745315206,1.60558634622076,0.38704029776467,3.34850956993703e-05,0.000151376344399691,1.41843595866463,TRUE
"ZNF385D",22.3810233066281,1.86229666725627,0.663663057535084,0.00501470595388874,0.0124618626299961,1.01456780464699,TRUE
"ZNF404",24.8747191456391,-1.04691467265415,0.290365745843756,0.000311548458136689,0.00109296520237199,-0.912434898055453,TRUE
"ZNF425",30.9395968271752,1.11669528129773,0.192222117734821,6.26969143655122e-09,6.58119818773634e-08,1.06046684804028,TRUE
"ZNF490",10.9589601245776,1.11947834293099,0.311997915685917,0.000333102181963059,0.00115850275461937,0.962845594310756,TRUE
"ZNF503",57.3976419966399,-1.32455892308515,0.187291917123421,1.52537346047081e-12,3.57442266881453e-11,-1.27954290677209,TRUE
"ZNF512B",474.361784967336,1.01460615605248,0.172471675420319,4.03527703372652e-09,4.39881550523342e-08,0.96716829150809,TRUE
"ZNF574",111.327894819305,1.06787001743837,0.141874855061833,5.19810870598626e-14,1.69182951956144e-12,1.03709828562028,TRUE
"ZNF684",207.814245018,-1.08484025192515,0.156123263380422,3.68893045774971e-12,7.91930070849173e-11,-1.04757272554413,TRUE
"ZNF707",54.1533013421652,1.10397309432173,0.1881643202934,4.43565497610685e-09,4.79988355544571e-08,1.05003563446555,TRUE
"ZNF749",24.6903009555048,1.06075282854957,0.205633859719999,2.48997119291086e-07,1.81398558169916e-06,0.994655043505654,TRUE
"ZNF837",14.4557305315811,1.58809347826364,0.363322976434865,1.23665153091526e-05,6.16242301627932e-05,1.42274573641874,TRUE
"ZNF85",11.4994691295318,-1.02515119427646,0.250552215519512,4.28467986307957e-05,0.00018771918689134,-0.925173556612713,TRUE
"ZNRF2",372.863369059882,-1.40133164799866,0.154964048893544,1.52504117454669e-19,1.56140754101665e-17,-1.36930533208239,TRUE
"ZSCAN20",17.4272147302912,1.01575960941802,0.222830425752639,5.15344503547371e-06,2.80083109114557e-05,0.935754178518364,TRUE
"ZWINT",62.3233861137649,1.35203764511235,0.24863475180753,5.39283664251536e-08,4.52576643832783e-07,1.26832463335197,TRUE
"ZYX",481.477153205176,1.10377005941984,0.261861159605698,2.49671399820246e-05,0.000116600923916052,0.994389520890185,TRUE
