"metabolite","n_neighbours","mean_log2FC","reporter_z","pvalue","padj"
"2Fe2S iron-sulfur cluster",12,-0.17,4.879,5.32e-07,0.001188
"4Fe4S iron-sulfur cluster",11,-0.139,4.71,1.241e-06,0.001386
"lanosterol",3,2.304,3.946,3.971e-05,0.0181
"Acetaminophen glucuronide",4,1.621,3.93,4.248e-05,0.0181
"3-methoxy-acetaminophen",3,1.894,3.897,4.863e-05,0.0181
"glucuronide-conjugate of 3-methoxy-acetaminophen",3,1.894,3.897,4.863e-05,0.0181
"trans,trans,cis-geranyl-geranyl-pp",3,0.585,3.834,6.296e-05,0.02008
"N-acetyl-D-glucosaminyldiphosphodolichol",3,-0.195,3.653,0.0001297,0.0362
"sn-glycerol-3-phosphate",13,-0.263,3.264,0.0005491,0.1362
"heparan sulfate, precursor 9",5,0.47,2.976,0.00146,0.2205
"N-acetyl-D-glucosaminylphosphatidylinositol",7,-0.395,2.959,0.001544,0.2205
"acetaminophen/paracetamol",8,0.967,2.92,0.001751,0.2205
"glycophosphatidylinositol-(GPI)-anchored-protein-precursor",5,0.616,2.892,0.001914,0.2205
"gpi_sig",5,0.616,2.892,0.001914,0.2205
"m3gacpail_prot heparan sulfate",5,0.616,2.892,0.001914,0.2205
"mem2emgacpail_prot heparan sulfate",5,0.616,2.892,0.001914,0.2205
"5-deoxyadenosine",7,-0.174,2.89,0.001924,0.2205
"1,3-bisphospho-D-glycerate",8,0.056,2.861,0.002112,0.2205
"mem2emgacpail heparan sulfate",9,0.472,2.834,0.002299,0.2205
"Fe2+",25,-0.313,2.804,0.002521,0.2205
"2-hydroxy-atorvastatin-acyl-glucuronide",3,1.125,2.781,0.002709,0.2205
"2-hydroxy-atorvastatin-lactone-glucuronide",3,1.125,2.781,0.002709,0.2205
"sedoheptulose-7-phosphate",5,0.544,2.691,0.003559,0.2205
"N,N-chitobiosyldiphosphodolichol",3,-0.247,2.682,0.003662,0.2205
"6-phospho-D-gluconate",4,0.154,2.653,0.003989,0.2205
"G10597",3,0.173,2.643,0.004109,0.2205
"m3gacpail heparan sulfate",10,0.414,2.572,0.005058,0.2205
"heparan sulfate, precursor 2",3,0.541,2.543,0.00549,0.2205
"heparan sulfate, precursor 3",3,0.541,2.543,0.00549,0.2205
"heparan sulfate, precursor 4",3,0.541,2.543,0.00549,0.2205
"heparan sulfate, precursor 5",3,0.541,2.543,0.00549,0.2205
"heparan sulfate, precursor 6",3,0.541,2.543,0.00549,0.2205
"heparan sulfate, precursor 7",3,0.541,2.543,0.00549,0.2205
"heparan sulfate, precursor 8",3,0.541,2.543,0.00549,0.2205
"em2emgacpail_prot heparan sulfate",6,0.405,2.541,0.005532,0.2205
"gpi_prot heparan sulfate",6,0.405,2.541,0.005532,0.2205
"D-alanine",3,0.686,2.528,0.005744,0.2205
"atorvastatin-acid",11,0.379,2.526,0.005774,0.2205
"2,3-bisphospho-D-glycerate",5,-0.046,2.525,0.005786,0.2205
"em2emgacpail heparan sulfate",10,0.434,2.498,0.006248,0.2205
"3-phospho-D-glycerate",10,0.088,2.494,0.006323,0.2205
"H2S",10,-0.132,2.483,0.006507,0.2205
"[protein]-N6-(octanoyl)lysine",9,-0.212,2.476,0.006651,0.2205
"alpha-tocopherol",7,0.466,2.446,0.007218,0.2205
"PEP",9,0.321,2.408,0.008019,0.2205
"but-2-enoyl-[ACP]",3,0.857,2.399,0.008221,0.2205
"4,4-dimethyl-5alpha-cholesta-8,14,24-trien-3beta-ol",3,1.72,2.336,0.009748,0.2205
"4,4-dimethyl-5alpha-cholesta-8,14-dien-3-beta-ol",3,1.72,2.336,0.009748,0.2205
"pravastatin",6,0.111,2.336,0.009752,0.2205
"isopentenyl-pPP",7,0.711,2.31,0.01045,0.2205
"GDP",94,0.171,2.301,0.01069,0.2205
"pitavastatin-glucuronide",4,1.362,2.297,0.0108,0.2205
"1-acylglycerol-3P-10,13,16,19-doco",4,-0.151,2.292,0.01096,0.2205
"1-acylglycerol-3P-10,13,16-docosa",4,-0.151,2.292,0.01096,0.2205
"1-acylglycerol-3P-10-heptade",4,-0.151,2.292,0.01096,0.2205
"1-acylglycerol-3P-11,14,17-eico",4,-0.151,2.292,0.01096,0.2205
"1-acylglycerol-3P-11,14-eicosa",4,-0.151,2.292,0.01096,0.2205
"1-acylglycerol-3P-11-docose",4,-0.151,2.292,0.01096,0.2205
"1-acylglycerol-3P-11-eico",4,-0.151,2.292,0.01096,0.2205
"1-acylglycerol-3P-12,15,18,21-tetra",4,-0.151,2.292,0.01096,0.2205
"1-acylglycerol-3P-13,16,19-doco",4,-0.151,2.292,0.01096,0.2205
"1-acylglycerol-3P-13,16-docosa",4,-0.151,2.292,0.01096,0.2205
"1-acylglycerol-3P-13-docose",4,-0.151,2.292,0.01096,0.2205
"1-acylglycerol-3P-13-eicose",4,-0.151,2.292,0.01096,0.2205
"1-acylglycerol-3P-13-octade",4,-0.151,2.292,0.01096,0.2205
"1-acylglycerol-3P-15-tetra",4,-0.151,2.292,0.01096,0.2205
"1-acylglycerol-3P-4,7,10,13,16,19-doco",4,-0.151,2.292,0.01096,0.2205
"1-acylglycerol-3P-4,7,10,13,16-docosa",4,-0.151,2.292,0.01096,0.2205
"1-acylglycerol-3P-5,8,11,14,17-eico",4,-0.151,2.292,0.01096,0.2205
"1-acylglycerol-3P-5,8,11-eico",4,-0.151,2.292,0.01096,0.2205
"1-acylglycerol-3P-5-tetrade",4,-0.151,2.292,0.01096,0.2205
"1-acylglycerol-3P-6,9,12,15,18,21-tetra",4,-0.151,2.292,0.01096,0.2205
"1-acylglycerol-3P-6,9,12,15,18-tetraco",4,-0.151,2.292,0.01096,0.2205
"1-acylglycerol-3P-6,9,12,15-octa",4,-0.151,2.292,0.01096,0.2205
"1-acylglycerol-3P-6,9-octa",4,-0.151,2.292,0.01096,0.2205
"1-acylglycerol-3P-7,10,13,16,19-docosa",4,-0.151,2.292,0.01096,0.2205
"1-acylglycerol-3P-7,10,13,16-docosa",4,-0.151,2.292,0.01096,0.2205
"1-acylglycerol-3P-7-hexade",4,-0.151,2.292,0.01096,0.2205
"1-acylglycerol-3P-7-octade",4,-0.151,2.292,0.01096,0.2205
"1-acylglycerol-3P-7-tetrade",4,-0.151,2.292,0.01096,0.2205
"1-acylglycerol-3P-8,11,14,17-eico",4,-0.151,2.292,0.01096,0.2205
"1-acylglycerol-3P-8,11-eico",4,-0.151,2.292,0.01096,0.2205
"1-acylglycerol-3P-9,12,15,18,21-tetra",4,-0.151,2.292,0.01096,0.2205
"1-acylglycerol-3P-9,12,15,18-tetraco",4,-0.151,2.292,0.01096,0.2205
"1-acylglycerol-3P-9-eicose",4,-0.151,2.292,0.01096,0.2205
"1-acylglycerol-3P-9-heptade",4,-0.151,2.292,0.01096,0.2205
"1-acylglycerol-3P-9-octade",4,-0.151,2.292,0.01096,0.2205
"1-acylglycerol-3P-9-tetrade",4,-0.151,2.292,0.01096,0.2205
"1-acylglycerol-3P-arach",4,-0.151,2.292,0.01096,0.2205
"1-acylglycerol-3P-cis-vac",4,-0.151,2.292,0.01096,0.2205
"1-acylglycerol-3P-dihomo-gamma",4,-0.151,2.292,0.01096,0.2205
"1-acylglycerol-3P-docosa",4,-0.151,2.292,0.01096,0.2205
"1-acylglycerol-3P-eico",4,-0.151,2.292,0.01096,0.2205
"1-acylglycerol-3P-gamma-lin",4,-0.151,2.292,0.01096,0.2205
"1-acylglycerol-3P-heneico",4,-0.151,2.292,0.01096,0.2205
"1-acylglycerol-3P-heptade",4,-0.151,2.292,0.01096,0.2205
"1-acylglycerol-3P-hexacosa",4,-0.151,2.292,0.01096,0.2205
"1-acylglycerol-3P-hexecose",4,-0.151,2.292,0.01096,0.2205
"1-acylglycerol-3P-laur",4,-0.151,2.292,0.01096,0.2205
"1-acylglycerol-3P-lin",4,-0.151,2.292,0.01096,0.2205
"1-acylglycerol-3P-linolen",4,-0.151,2.292,0.01096,0.2205
"1-acylglycerol-3P-myrist",4,-0.151,2.292,0.01096,0.2205
"1-acylglycerol-3P-nanode",4,-0.151,2.292,0.01096,0.2205
"1-acylglycerol-3P-ol",4,-0.151,2.292,0.01096,0.2205
"1-acylglycerol-3P-palm",4,-0.151,2.292,0.01096,0.2205
"1-acylglycerol-3P-palmn",4,-0.151,2.292,0.01096,0.2205
"1-acylglycerol-3P-pentade",4,-0.151,2.292,0.01096,0.2205
"1-acylglycerol-3P-stea",4,-0.151,2.292,0.01096,0.2205
"1-acylglycerol-3P-tetraco",4,-0.151,2.292,0.01096,0.2205
"1-acylglycerol-3P-trico",4,-0.151,2.292,0.01096,0.2205
"1-acylglycerol-3P-tridec",4,-0.151,2.292,0.01096,0.2205
"prostaglandin H1",4,-0.333,2.28,0.0113,0.2253
"2-hydroxy-atorvastatin-acid / ortho-hydroxy-atorvastatin acid",9,0.264,2.275,0.01145,0.226
"PRPP",10,-0.153,2.272,0.01154,0.226
"3'-S-hydroxy-pravastatin",8,0.279,2.211,0.01352,0.2625
"2-hydroxy-atorvastatin-lactone / ortho-hydroxy-atorvastatin lactone",8,0.374,2.194,0.0141,0.2714
"5-methylthioadenosine",3,-0.138,2.123,0.01689,0.3224
"[protein]-N6-(dihydrolipoyl)lysine",9,-0.085,2.111,0.01738,0.3289
"2-phospho-D-glycerate",6,0.587,2.074,0.01902,0.3569
"chondroitin sulfate B - dermatan sulfate (IdoA2S-GalNAc4S), degradation product 2",7,0.309,2.061,0.01965,0.3657
"linoleoyl-CoA",42,0.298,2.035,0.02091,0.3859
"4-hydroxy-atorvastatin-acid / para-hydroxy-atorvastatin acid",8,0.118,2.023,0.02152,0.3939
"thiamin-PPP",3,0.612,1.969,0.02446,0.4441
"CTP",60,0.086,1.945,0.0259,0.4629
"GD2",5,0.54,1.945,0.02591,0.4629
"D-glyceraldehyde 3-phosphate",8,0.447,1.929,0.02688,0.4686
"cytidine",14,0.121,1.918,0.02755,0.4686
"PGH3",5,-0.314,1.906,0.02831,0.4686
"3-Oxo-Cis-9-Octadecenoyl Coenzyme A",4,0.763,1.894,0.02913,0.4686
"heparan sulfate, precursor 1",4,0.317,1.894,0.02912,0.4686
"Mannosyl-3-(Phosphoethanolaminyl-Mannosyl)-Glucosaminyl-Acylphosphatidylinositol-Protein (M4A)",4,0.515,1.893,0.0292,0.4686
"peptide-L-aspartate",3,0.013,1.861,0.03139,0.4686
"oleoyl-CoA",46,0.279,1.86,0.03147,0.4686
"4,8-dimethylnonanoylcarnitine",3,0.266,1.841,0.03284,0.4686
"10,11-dihydro-20-dihydroxy-LTB4",4,0.505,1.839,0.03295,0.4686
"10,11-dihydro-20-trihydroxy-LTB4",4,0.505,1.839,0.03295,0.4686
"12,20-diHETE",4,0.505,1.839,0.03295,0.4686
"12-oxo-20-dihydroxy-LTB4",4,0.505,1.839,0.03295,0.4686
"12-oxo-20-hydroxy-LTB4",4,0.505,1.839,0.03295,0.4686
"12-oxo-20-trihydroxy-LTB4",4,0.505,1.839,0.03295,0.4686
"13-carboxy-alpha-tocopherol",4,0.505,1.839,0.03295,0.4686
"13-carboxy-gamma-tocopherol",4,0.505,1.839,0.03295,0.4686
"13-carboxy-gamma-tocotrienol",4,0.505,1.839,0.03295,0.4686
"13-hydroxy-alpha-tocopherol",4,0.505,1.839,0.03295,0.4686
"13-hydroxy-alpha-tocotrienol",4,0.505,1.839,0.03295,0.4686
"13-hydroxy-gamma-tocopherol",4,0.505,1.839,0.03295,0.4686
"13-hydroxy-gamma-tocotrienol",4,0.505,1.839,0.03295,0.4686
"20-OH-10,11-dihydro-LTB4",4,0.505,1.839,0.03295,0.4686
"20-OH-hepoxilin A3",4,0.505,1.839,0.03295,0.4686
"20-dihydroxy-LTB4",4,0.505,1.839,0.03295,0.4686
"20-hydroxy-5S-HETE",4,0.505,1.839,0.03295,0.4686
"20-hydroxy-LTB5",4,0.505,1.839,0.03295,0.4686
"20-trihydroxy-LTB4",4,0.505,1.839,0.03295,0.4686
"5,12,20-TriHETE",4,0.505,1.839,0.03295,0.4686
"alpha-tocotrienol",4,0.505,1.839,0.03295,0.4686
"gamma-tocopherol",4,0.505,1.839,0.03295,0.4686
"gamma-tocotrienol",4,0.505,1.839,0.03295,0.4686
"dimethylallyl-PP",4,0.265,1.83,0.03363,0.4721
"coproporphyrin III",4,0.056,1.829,0.03366,0.4721
"Galactosyl Glucosyl Ceramide",11,0.452,1.827,0.03383,0.4721
"prostaglandin G2",5,-0.608,1.807,0.03536,0.4904
"hypoxanthine",5,-0.015,1.801,0.03586,0.4943
"CDP",53,0.098,1.791,0.03667,0.4957
"2-(4-carboxy-1-hydroxybutyl)thiamine diphosphate",3,0.461,1.788,0.03693,0.4957
"S-glutaryldihydrolipoamide",3,0.461,1.788,0.03693,0.4957
"S-succinyldihydrolipoamide",3,0.461,1.788,0.03693,0.4957
"farnesyl-PP",9,0.279,1.782,0.03735,0.4957
"(Z,Z,Z)-7,10,13-Hexadecatrienoic Acid",4,0.246,1.775,0.03796,0.4957
"5,8,11,14,17-Eicosapentenoic Acid",4,0.246,1.775,0.03796,0.4957
"7Z,10Z-Hexadecadienoic Acid",4,0.246,1.775,0.03796,0.4957
"Trans-Delta-2-Heptadecanoic Acid",4,0.246,1.775,0.03796,0.4957
"Midazolam",3,-0.113,1.746,0.04044,0.519
"Tacrolimus",3,-0.113,1.746,0.04044,0.519
"cyclosporine",3,-0.113,1.746,0.04044,0.519
"dihydrofolate",5,0.229,1.734,0.04142,0.5285
"pyridoxamine",3,0.365,1.717,0.043,0.5394
"pyridoxamine-phosphate",3,0.365,1.717,0.043,0.5394
"pyridoxine",3,0.365,1.717,0.043,0.5394
"apoC-lys_btn",3,0.635,1.713,0.04338,0.5412
"pitavastatin",11,0.413,1.698,0.04475,0.5551
"IMP",23,0.18,1.691,0.04546,0.5608
"prostaglandin H2",12,-0.137,1.687,0.04583,0.5623
"4-hydroxy-atorvastatin-lactone / para-hydroxy-atorvastatin lactone",7,0.223,1.684,0.04614,0.563
"Losartan",8,0.558,1.643,0.05019,0.6091
"10-formyl-THF",10,-0.138,1.635,0.05102,0.6158
"OAA",11,-0.015,1.63,0.05158,0.6192
"chondroitin sulfate C (GalNAc6S-GlcA) and D (GlcNAc6S-GlcA2S), precursor 1",8,0.018,1.625,0.05209,0.6217
"Ganglioside Gm1",7,0.468,1.623,0.05234,0.6217
"phosphocholine",7,0.495,1.595,0.05535,0.654
"ribose-5-phosphate",10,-0.052,1.591,0.05586,0.6565
"dUMP",8,0.253,1.579,0.05718,0.6685
"fumarate",11,0.307,1.559,0.05945,0.6914
"Cholic acid-24glucuronide, CA-24G",4,-0.273,1.555,0.05996,0.6937
"3-alpha-iso-pravastatin",6,0.325,1.548,0.06083,0.6958
"atorvastatin-lactone",9,0.447,1.547,0.0609,0.6958
"beta-1,4-mannose-N-acetylglucosamine",4,0.562,1.543,0.06142,0.6958
"dihomo-gamma-linolenoyl-CoA",35,0.258,1.543,0.06147,0.6958
"6-epipravastatin",5,0.558,1.541,0.0617,0.6958
"palmitoleoyl-CoA",39,0.175,1.536,0.06228,0.6984
"phosphatidylinositol-4,5-bisphosphate",33,0.194,1.534,0.06255,0.6984
"myristoyl-CoA",41,0.189,1.526,0.06346,0.705
"(7Z)-octadecenoyl-CoA",33,0.188,1.522,0.06396,0.707
"gpi heparan sulfate",9,0.377,1.519,0.06432,0.7075
"IDP",19,0.361,1.515,0.06483,0.7096
"Trans-Delta-2-Heptadecanoyl Coenzyme A",5,0.153,1.508,0.06581,0.7142
"chondroitin sulfate E (GalNAc4,6diS-GlcA), precursor 2",5,-0.067,1.507,0.06589,0.7142
"malonyl-CoA",16,0.556,1.501,0.06663,0.7188
"sulfate",27,0.372,1.489,0.06824,0.7271
"xanthine",4,-0.177,1.489,0.06825,0.7271
"sphingosylphosphorylcholine",5,0.739,1.488,0.06838,0.7271
"phenylpyruvate",10,-0.174,1.484,0.06887,0.7288
"3'-alpha,5'beta-dihydroxy-pravastatin / 3'-alpha5'beta6'beta-trihydroxy pravastatin",3,0.149,1.471,0.07063,0.7432
"15(R)-HETE",3,-0.561,1.467,0.07122,0.7432
"leukotriene B5",5,0.428,1.467,0.0712,0.7432
"sulfite",14,0.391,1.452,0.07329,0.7586
"N1-acetylspermidine",6,0.277,1.451,0.07338,0.7586
"chondroitin sulfate D (GlcNAc6S-GlcA2S) precursor 2",5,-0.068,1.445,0.07426,0.7608
"ubiquinol",66,-0.2,1.442,0.0747,0.7608
"ubiquinone",66,-0.2,1.442,0.0747,0.7608
"20-OH-LTB4",10,-0.014,1.438,0.07524,0.7608
"thymidine",15,0.251,1.437,0.0753,0.7608
"ferricytochrome C",30,-0.138,1.431,0.07621,0.7631
"ferrocytochrome C",30,-0.138,1.431,0.07621,0.7631
"UMP",33,0.127,1.427,0.07683,0.7659
"UDP-N-acetylglucosamine",39,0.058,1.424,0.07722,0.7664
"fructose-1,6-bisphosphate",7,0.551,1.416,0.07835,0.7741
"PI pool",51,0.17,1.401,0.08067,0.7936
"butyryl-[ACP]",4,0.629,1.392,0.08194,0.8025
"thiamin",3,-0.61,1.38,0.08379,0.817
"(alpha-D-mannosyl)2-beta-D-mannosyl-N-acetylglucosamine",6,0.484,1.353,0.08798,0.8235
"6-(alpha-D-glucosaminyl)-1-phosphatidyl-1D-myo-inositol",3,0.352,1.352,0.08826,0.8235
"isocaproic-aldehyde",3,2.005,1.35,0.08856,0.8235
"cocaine",4,0.396,1.348,0.0889,0.8235
"heparan sulfate, precursor 10",3,0.339,1.343,0.08956,0.8235
"2-Hydroxyamino-3,8-Dimethylimidazo[4,5-F]Quinoxaline",10,0.722,1.341,0.08998,0.8235
"2-Hydroxyamino-Meiqx-N2-(Beta-1-Glucosiduronyl)-2-Hydroxyamino-3,8-Dimethylimidazo[4,5-F]Quinoxaline",10,0.722,1.341,0.08998,0.8235
"3,3,5-Triiodothyroacetate",10,0.722,1.341,0.08998,0.8235
"3,3,5-Triiodothyroacetate-Beta-D-Glucuronoside",10,0.722,1.341,0.08998,0.8235
"3,5,3,5-Tetraiodothyroacetate",10,0.722,1.341,0.08998,0.8235
"3,5,3,5-Tetraiodothyroacetate-Beta-D-Glucuronoside",10,0.722,1.341,0.08998,0.8235
"3,5,3-Triiodothyroacetate",10,0.722,1.341,0.08998,0.8235
"3,5,3-Triiodothyroacetate-Beta-D-Glucuronoside",10,0.722,1.341,0.08998,0.8235
"3,5-Diiodothyroacetate",10,0.722,1.341,0.08998,0.8235
"3,5-Diiodothyroacetate-Beta-D-Glucuronoside",10,0.722,1.341,0.08998,0.8235
"UTP",85,0.082,1.32,0.09346,0.8518
"allopregnanolone",6,0.757,1.303,0.09628,0.874
"gamma-linolenoyl-CoA",39,0.228,1.293,0.09793,0.8853
"N1-acetylspermine",4,0.166,1.28,0.1004,0.904
"dolichyl-diphosphate",8,0.208,1.271,0.1018,0.9129
"bilirubin-bisglucuronoside",19,0.284,1.266,0.1028,0.9141
"chondroitin sulfate E (GalNAc4,6diS-GlcA), degradation product 6",9,0.485,1.258,0.1043,0.9141
"12(S)-HETE",7,0.379,1.255,0.1047,0.9141
"glycogenin G4G4",4,0.278,1.254,0.1049,0.9141
"glycogenin G7",4,0.278,1.254,0.1049,0.9141
"N-acetylgalactosamine",9,0.573,1.253,0.1051,0.9141
"3-Dehydrochenodeoxychollyc acid; 7oxo-3alpha-hydroxy-5beta-cholan-24-oic acid",10,0.413,1.252,0.1052,0.9141
"3-Dehydrocholic acid; 3oxo-7alpha,12alpha-Dihydroxy-5beta-cholan-24-oic acid",10,0.413,1.252,0.1052,0.9141
"L-dopa",5,0.324,1.245,0.1065,0.9218
"fructose-6-phosphate",21,0.287,1.239,0.1076,0.9221
"5alpha-pregnane-3,20-dione",8,0.455,1.236,0.1082,0.9221
"GTP",92,0.113,1.235,0.1084,0.9221
"acetylcholine",6,0,1.235,0.1085,0.9221
"S-adenosylmethioninamine",3,-0.026,1.234,0.1086,0.9221
"3-beta-D-glucuronosyl-3-beta-D-galactosyl-4-beta-D-galactosyl-O-beta-D-xylosylprotein",6,0.179,1.226,0.11,0.9286
"urocanate",4,-0.065,1.225,0.1102,0.9286
"Chenodeoxycholic acid-24glucuronide, CDCA-24G",6,0.072,1.219,0.1115,0.9307
"Hyodeoxycholic acid-24glucuronide, HDCA-24G",6,0.072,1.219,0.1115,0.9307
"1,2-dihydronaphthalene-1,2-diol",5,0.604,1.218,0.1117,0.9307
"sedoheptulose-1,7-bisphosphate",4,0.722,1.211,0.1129,0.9314
"globotriaosylceramide",7,0.261,1.2,0.1151,0.9314
"CO",3,-0.25,1.198,0.1155,0.9314
"cis-vaccenoyl-CoA",39,0.155,1.197,0.1157,0.9314
"mannose-1-phosphate",7,0.134,1.195,0.116,0.9314
"isocitrate",9,0.235,1.178,0.1195,0.9314
"arachidonyl-CoA",51,0.25,1.167,0.1215,0.9314
"propane-1,2-diol",10,0.396,1.162,0.1226,0.9314
"Losartan-N2-glucuronide / Losartan-M7",5,0.768,1.16,0.1229,0.9314
"cerivastatin-M1",4,-0.053,1.16,0.1229,0.9314
"cerivastatin-M23",4,-0.053,1.16,0.1229,0.9314
"Mannosyl-3-(Phosphoethanolaminyl-Mannosyl)-Glucosaminyl-Acylphosphatidylinositol (M4A))",7,0.326,1.158,0.1235,0.9314
"trans-4-hydroxy-L-proline",9,0.104,1.153,0.1244,0.9314
"TAG-VLDL pool",6,0.665,1.151,0.1248,0.9314
"TAG-chylomicron pool",6,0.665,1.151,0.1248,0.9314
"VLDL",6,0.665,1.151,0.1248,0.9314
"chylomicron",6,0.665,1.151,0.1248,0.9314
"3-methylglutaconyl-CoA",3,-0.119,1.15,0.125,0.9314
"Cholic acid 3-sulfate",7,0.021,1.145,0.1261,0.9314
"Deoxycholic acid 3-sulfate",7,0.021,1.145,0.1261,0.9314
"Glycochenodeoxycholic acid 3-sulfate",7,0.021,1.145,0.1261,0.9314
"Glycocholic acid 3-sulfate",7,0.021,1.145,0.1261,0.9314
"Glycodeoxycholic acid 3-sulfate",7,0.021,1.145,0.1261,0.9314
"Glycoursodeoxycholic acid 3-sulfate",7,0.021,1.145,0.1261,0.9314
"Lithocholic acid 3-sulfate",7,0.021,1.145,0.1261,0.9314
"Taurochenodeoxycholic acid 3-sulfate",7,0.021,1.145,0.1261,0.9314
"Taurocholic acid 3-sulfate",7,0.021,1.145,0.1261,0.9314
"Taurodeoxycholic acid 3-sulfate",7,0.021,1.145,0.1261,0.9314
"Tauroursodeoxycholic acid 3-sulfate",7,0.021,1.145,0.1261,0.9314
"Ursodeoxycholic acid 3-sulfate",7,0.021,1.145,0.1261,0.9314
"simvastatin dihydroxy acid form",3,0.996,1.139,0.1274,0.9314
"3-keto-beta-D-galactose",3,0.611,1.138,0.1276,0.9314
"3-ketolactose",3,0.611,1.138,0.1276,0.9314
"lactose-6-phosphate",3,0.611,1.138,0.1276,0.9314
"[protein]-N6-(lipoyl)lysine",4,0.042,1.134,0.1283,0.9314
"sphinganine-1-phosphate",8,0.274,1.132,0.1288,0.9314
"2-hydroxyestrone",3,-0.315,1.131,0.129,0.9314
"4-hydroxy-17beta-estradiol",3,-0.315,1.131,0.129,0.9314
"4-hydroxyestrone",3,-0.315,1.131,0.129,0.9314
"6'-exomethylene-lovastatin-acid form",5,-0.192,1.13,0.1293,0.9314
"lovastatin lactone form",5,-0.192,1.13,0.1293,0.9314
"lovastatin-hydroxyacid form",5,-0.192,1.13,0.1293,0.9314
"(6Z,9Z)-octadecadienoyl-CoA",41,0.231,1.125,0.1303,0.9354
"5-methyl-THF",4,0.104,1.123,0.1307,0.9354
"(alpha-D-Glucosyl)-(alpha-D-mannosyl)8-beta-D-mannosyl-diacetylchitobiosyl-L-asparagine (protein)",5,-0.017,1.121,0.1312,0.936
"sulphate-conjugate-acetaminophen",3,0.483,1.113,0.1329,0.9418
"xanthosine-5-phosphate",10,-0.256,1.11,0.1335,0.9418
"cerivastatin",5,-0.054,1.098,0.1361,0.9418
"5-L-gamma-glutamyl",3,0.752,1.096,0.1365,0.9418
"L-3-cyanoalanine",3,0.752,1.096,0.1365,0.9418
"gamma-L-glutamyl-L-alanine",3,0.752,1.096,0.1365,0.9418
"gamma-glutamyl-3-aminopropiononitrile",3,0.752,1.096,0.1365,0.9418
"gamma-glutamyl-beta-cyanoalanine",3,0.752,1.096,0.1365,0.9418
"leukotriene C5",3,0.752,1.096,0.1365,0.9418
"leukotriene D5",3,0.752,1.096,0.1365,0.9418
"uridine",18,0.172,1.092,0.1375,0.9418
"G00020",3,0.403,1.077,0.1408,0.9418
"n3m2masn",3,0.403,1.077,0.1408,0.9418
"succinate",27,0.054,1.075,0.1412,0.9418
"Deoxycholic acid-24glucuronide, CDA-24G",6,0.032,1.073,0.1416,0.9418
"Deoxycholic acid-3glucuronide, CDA-3G",6,0.032,1.073,0.1416,0.9418
"em3gacpail heparan sulfate",4,0.296,1.071,0.142,0.9418
"12-Dehydrocholic acid; 12-Oxodeoxycholic acid; 12oxo-3alpha,7alpha-Dihydroxy-5beta-cholan-24-oic acid",9,0.552,1.068,0.1428,0.9418
"7-Dehydrochenodeoxycholic acid; 7oxo-3alpha-hydroxy-5beta-cholan-24-oic acid",9,0.552,1.068,0.1428,0.9418
"7-Dehydrocholic acid; 7-Oxodeoxycholic acid; 7oxo-3alpha,12alpha-Dihydroxy-5beta-cholan-24-oic acid",9,0.552,1.068,0.1428,0.9418
"Isochenodeoxycholic acid; 3beta,7alpha,12alpha-Trihydroxy-5beta-cholanic acid",9,0.552,1.068,0.1428,0.9418
"Isochenodeoxycholic acid; 3beta,7alpha-Dihydroxy-5beta-cholanic acid",9,0.552,1.068,0.1428,0.9418
"Ursocholic acid; 3alpha,7beta,12alpha-Trihydroxy-5beta-cholan-24-oic acid; 3alpha,7beta,12alpha-Trihydroxy-5beta-cholanic acid; 7beta-Hydroxyisocholic acid; 7-Epicholic acid",9,0.552,1.068,0.1428,0.9418
"1-acylglycerol-3P pool",15,0.102,1.067,0.1431,0.9418
"3-dehydro-Deoxycholate",9,0.34,1.065,0.1434,0.9418
"3-dehydro-Lithocholate",9,0.34,1.065,0.1434,0.9418
"Taurohyocholic acid; N-(3alpha,6alpha,7alpha-Trihydroxy-5beta-cholan-24-oyl)taurine",9,0.34,1.065,0.1434,0.9418
"myo-inositol-hexakisphosphate",8,-0.02,1.059,0.1449,0.9435
"dTMP",15,0.269,1.057,0.1451,0.9435
"guanidine",3,0.151,1.057,0.1452,0.9435
"5,12-DiHETE",6,0.375,1.055,0.1457,0.9435
"linolenoyl-CoA",30,0.314,1.05,0.1469,0.9435
"3'-S-hydroxy-pravastatin-tetranor",3,0.501,1.048,0.1474,0.9435
"chondroitin sulfate E (GalNAc4,6diS-GlcA), degradation product 5",7,0.459,1.048,0.1473,0.9435
"pravastatin glucuronide",3,0.501,1.048,0.1474,0.9435
"ecgonine-methyl ester",5,0.254,1.046,0.1478,0.9435
"acrylyl-CoA",8,0.326,1.043,0.1485,0.9435
"dUDP",16,0.148,1.042,0.1487,0.9435
"1-acylglycerol-VLDL pool",4,0.825,1.034,0.1506,0.9435
"fatty acid-VLDL pool",4,0.825,1.034,0.1506,0.9435
"m3emgacpail heparan sulfate",4,0.292,1.033,0.1508,0.9435
"DHAP",10,0.283,1.032,0.151,0.9435
"5,8,11,14,17-Eicosapentenoyl Coenzyme A",7,0.251,1.029,0.1518,0.9435
"7,10,13-Hexadecatrienoyl Coenzyme A",7,0.251,1.029,0.1518,0.9435
"Trans7,10-Hexadecadienoyl Coenzyme A",7,0.251,1.029,0.1518,0.9435
"stearoyl-CoA",48,0.201,1.026,0.1524,0.9435
"3-keto-5,6,-dihydroxy-pravastatin",4,0.165,1.02,0.1538,0.9435
"5,6-epoxy-3-alpha-iso-pravastatin",4,0.165,1.02,0.1538,0.9435
"7-hydroxy-3-alpha-iso-pravastatin",4,0.165,1.02,0.1538,0.9435
"desacyl dehydro-pravastatin",4,0.165,1.02,0.1538,0.9435
"triol metabolite of pravastatin",4,0.165,1.02,0.1538,0.9435
"leukotriene B4",12,0.161,1.01,0.1563,0.9562
"chondroitin sulfate A (GalNAc4S-GlcA), degradation product 5",6,0.498,1.001,0.1583,0.9658
"citrate",8,0.493,0.993,0.1603,0.9753
"thiamin-P",3,0.353,0.991,0.1608,0.9757
"ascorbate",7,-0.007,0.986,0.162,0.9803
"N-acetyl-L-asparagine",3,-0.102,0.984,0.1626,0.9813
"methylmalonyl-CoA",4,0.06,0.978,0.164,0.9856
"lactose",5,0.422,0.972,0.1654,0.9856
"3alpha,12alpha-dihydroxy-5beta-cholanate",11,0.152,0.969,0.1664,0.9856
"trans,cis,cis-2,11,14-eicosatrienoyl-CoA",11,0.25,0.968,0.1665,0.9856
"de-Fuc, GlcNAc removed PA6 (wo peptide linkage)",6,0.62,0.951,0.1707,0.9856
"glycogenin G4G7",6,0.366,0.95,0.1709,0.9856
"dUTP",16,0.123,0.939,0.1738,0.9856
"chondroitin sulfate A (GalNAc4S-GlcA) and B (IdoA2S-GalNAc4S), precursor 2",6,-0.095,0.931,0.176,0.9856
"chondroitin sulfate C (GalNAc6S-GlcA), precursor 2",6,-0.095,0.931,0.176,0.9856
"chondroitin sulfate D (GlcNAc6S-GlcA2S), precursor 3",6,-0.095,0.931,0.176,0.9856
"chondroitin sulfate E (GalNAc4,6diS-GlcA), precursor 3",6,-0.095,0.931,0.176,0.9856
"CMP",37,-0.151,0.926,0.1772,0.9856
"[pyruvate dehydrogenase (acetyl transferring)]",6,-0.106,0.925,0.1774,0.9856
"[pyruvate dehydrogenase (acetyl transferring)]-phosphate",6,-0.106,0.925,0.1774,0.9856
"glucose-6-phosphate",15,0.428,0.918,0.1792,0.9856
"adenylosuccinate",4,0.4,0.917,0.1795,0.9856
"chloride",17,0.318,0.912,0.1809,0.9856
"atorvastatin-acyl-glucuronide / G2",3,1.024,0.908,0.182,0.9856
"atorvastatin-lactone-ether-glucuronide / G3",3,1.024,0.908,0.182,0.9856
"(alpha-D-mannosyl)4-beta-D-mannosyl-diacetylchitobiosyl-L-asparagine (protein)",5,0,0.895,0.1854,0.9856
"5-pp-inspP5",7,0.041,0.894,0.1856,0.9856
"(5-L-glutamyl)-L-amino acid",5,0.271,0.891,0.1864,0.9856
"[phosphorylase A]",7,-0.004,0.881,0.1892,0.9856
"[phosphorylase B]",7,-0.004,0.881,0.1892,0.9856
"procollagen-L-lysine",3,0.103,0.873,0.1914,0.9856
"fructose-2,6-bisphosphate",5,0.189,0.862,0.1943,0.9856
"benzoate",5,0.347,0.857,0.1957,0.9856
"triphosphate",3,-0.233,0.855,0.1962,0.9856
"THF",21,0.006,0.853,0.1969,0.9856
"Trans,Cis,Cis-2,11,14-Eicosatrienoic Acid",4,0.202,0.853,0.197,0.9856
"chondroitin sulfate D (GlcNAc6S-GlcA2S), precursor 5",4,-0.064,0.853,0.1968,0.9856
"heptadecanoyl-CoA",35,0.137,0.852,0.197,0.9856
"6-hydroxymelatonin-sulfate",8,0.443,0.847,0.1984,0.9856
"GA2",16,0.382,0.847,0.1986,0.9856
"GM2",16,0.382,0.847,0.1986,0.9856
"bile-PC pool",3,0.095,0.846,0.1988,0.9856
"eicosadienoylcarnitine",6,0.314,0.846,0.1989,0.9856
"cerivastatin-M24",3,-0.623,0.845,0.1992,0.9856
"spermine",9,0.121,0.84,0.2005,0.9856
"(R)-mevalonate",3,0.588,0.839,0.2007,0.9856
"1-phosphatidyl-1D-myo-inositol-5-phosphate",30,0.112,0.839,0.2008,0.9856
"sphingosine",24,0.293,0.839,0.2006,0.9856
"ferricytochrome B5",7,0.508,0.835,0.2019,0.9856
"ferrocytochrome B5",7,0.508,0.835,0.2019,0.9856
"5-formyl-THF",4,0.919,0.828,0.2038,0.9856
"12,13-hydroxyoctadec-9(z)-enoate",16,0.442,0.827,0.2041,0.9856
"9,10-hydroxyoctadec-12(Z)-enoate",16,0.442,0.827,0.2041,0.9856
"lactaldehyde",15,0.393,0.825,0.2047,0.9856
"VLDL remnant",7,0.528,0.824,0.2049,0.9856
"chylomicron remnant",7,0.528,0.824,0.2049,0.9856
"3-sulfinoalanine",6,-0.45,0.823,0.2054,0.9856
"(18R)-HEPE",5,-0.146,0.816,0.2072,0.9856
"(8Z,11Z,14Z,17Z)-eicosatetraenoyl-CoA",39,0.264,0.816,0.2074,0.9856
"Coprostanol",6,0.183,0.816,0.2073,0.9856
"chondroitin sulfate A (GalNAc4S-GlcA), B (IdoA2S-GalNAc4S), and E (GalNAc4,6diS-GlcA), precursor 1",9,-0.025,0.813,0.2082,0.9856
"dehydrocholic acid",3,0.709,0.813,0.2081,0.9856
"hyocholic acid",3,0.709,0.813,0.2081,0.9856
"omega-muricholic acid",3,0.709,0.813,0.2081,0.9856
"tauro-hyodeoxycholic acid",3,0.709,0.813,0.2081,0.9856
"chondroitin sulfate A (GalNAc4S-GlcA), degradation product 2",7,0.449,0.812,0.2083,0.9856
"chondroitin sulfate E (GalNAc4,6diS-GlcA), degradation product 3",7,0.449,0.812,0.2083,0.9856
"7alpha,12alpha-dihydroxycholest-4-en-3-one",5,0.653,0.806,0.2101,0.9856
"6-[(1S,2R)-1,2-dihydroxy-3-triphosphooxypropyl]-7,8-dihydropterin",3,-0.463,0.798,0.2125,0.9856
"selenite",3,0.435,0.797,0.2126,0.9856
"10-hydroxy-octadec-(12Z)-enoate-9-beta-D-glucuronide",14,0.451,0.79,0.2147,0.9856
"12-O-D-glucuronoside-13-hydroxyoctadec-(9Z)-enoate",14,0.451,0.79,0.2147,0.9856
"12-hydroxy-13-O-D-glucuronoside-octadec-(9Z)-enoate",14,0.451,0.79,0.2147,0.9856
"13-cis-retinoyl-beta-D-glucuronide",14,0.451,0.79,0.2147,0.9856
"13-cis-retinoyl-glucuronide",14,0.451,0.79,0.2147,0.9856
"3,3,5-triiodo-L-thyronine-beta-D-glucuronoside",14,0.451,0.79,0.2147,0.9856
"3,3-diiodo-L-thyronine-beta-D-glucuronoside",14,0.451,0.79,0.2147,0.9856
"3,5,3,5-tetraiodo-L-thyronine-beta-D-glucuronoside",14,0.451,0.79,0.2147,0.9856
"3,5,3-triiodo-L-thyronine-beta-D-glucuronoside",14,0.451,0.79,0.2147,0.9856
"3,5-diiodo-L-thyronine-beta-D-glucuronoside",14,0.451,0.79,0.2147,0.9856
"4-(methylnitrosamino)-1-(3-pyridyl)-1-butanol glucuronide",14,0.451,0.79,0.2147,0.9856
"4-hydroxy-all-trans-retinyl-acetate",14,0.451,0.79,0.2147,0.9856
"4-oxo-9-cis-retinoyl-beta-glucuronide",14,0.451,0.79,0.2147,0.9856
"9-cis-retinoyl-beta-D-glucuronide",14,0.451,0.79,0.2147,0.9856
"9-hydroxy-10-O-D-glucuronoside-(12Z)-octadecenoate",14,0.451,0.79,0.2147,0.9856
"NNAL-N-glucuronide",14,0.451,0.79,0.2147,0.9856
"pyridoxine-phosphate",4,0.249,0.79,0.2149,0.9856
"rac-4-hydroxy-4-O-(beta-D-glucuronide)-all-trans-retinoate",14,0.451,0.79,0.2147,0.9856
"rac-4-hydroxy-4-O-(beta-D-glucuronide)-all-trans-retinyl-acetate",14,0.451,0.79,0.2147,0.9856
"rac-5,6-epoxy-retinoyl-beta-D-glucuronide",14,0.451,0.79,0.2147,0.9856
"trichloroethanol glucuronide",14,0.451,0.79,0.2147,0.9856
"naphthalene-1,2-diol",4,0.593,0.789,0.215,0.9856
"formate",17,0.25,0.788,0.2153,0.9856
"glucono-1,5-lactone-6-phosphate",3,0.559,0.786,0.2159,0.9856
"1D-myo-inositol-1,4-bisphosphate",14,0.336,0.784,0.2164,0.9856
"PG-CL pool",3,0.241,0.782,0.2172,0.9856
"orotate",3,0.234,0.782,0.2171,0.9856
"bilirubin-monoglucuronoside",5,-0.677,0.781,0.2175,0.9856
"chondroitin sulfate A (GalNAc4S-GlcA), degradation product 4",7,0.39,0.781,0.2173,0.9856
"chondroitin sulfate A (GalNAc4S-GlcA), free chain",7,0.39,0.781,0.2173,0.9856
"chondroitin sulfate B - dermatan sulfate (IdoA2S-GalNAc4S), free chain",7,0.39,0.781,0.2173,0.9856
"chondroitin sulfate E (GalNAc4,6diS-GlcA), free chain",7,0.39,0.781,0.2173,0.9856
"procollagen-5-hydroxy-L-lysine",4,0.143,0.776,0.2187,0.9856
"2-oxoadipate",3,0.162,0.772,0.2201,0.9856
"coproporphyrin I",3,-0.267,0.763,0.2228,0.9856
"glyceraldehyde",17,0.279,0.758,0.2241,0.9856
"12,15,18,21-tetracosatetraenoyl-CoA",19,0.069,0.756,0.2249,0.9856
"1-methylnicotinamide",3,-0.414,0.752,0.2261,0.9856
"deoxycytidine",13,-0.076,0.74,0.2298,0.9856
"(7Z)-tetradecenoyl-CoA",34,0.087,0.735,0.231,0.9856
"dTDP",13,0.336,0.734,0.2313,0.9856
"chondroitin sulfate C (GalNAc6S-GlcA) proteoglycan",3,0.162,0.733,0.2317,0.9856
"chondroitin sulfate E (GalNAc4,6diS-GlcA), precursor 5b",3,0.162,0.733,0.2317,0.9856
"choline",15,0.24,0.73,0.2327,0.9856
"chondroitin sulfate C (GalNAc6S-GlcA), degradation product 1",6,0.378,0.729,0.2329,0.9856
"chondroitin sulfate C (GalNAc6S-GlcA), degradation product 4",6,0.378,0.729,0.2329,0.9856
"chondroitin sulfate C (GalNAc6S-GlcA), free chain",6,0.378,0.729,0.2329,0.9856
"chondroitin sulfate D (GlcNAc6S-GlcA2S), degradation product 1",6,0.378,0.729,0.2329,0.9856
"chondroitin sulfate D (GlcNAc6S-GlcA2S), degradation product 5",6,0.378,0.729,0.2329,0.9856
"chondroitin sulfate D (GlcNAc6S-GlcA2S), free chain",6,0.378,0.729,0.2329,0.9856
"chondroitin sulfate E (GalNAc4,6diS-GlcA), degradation product 2",6,0.378,0.729,0.2329,0.9856
"inositol-1-phosphate",16,0.233,0.728,0.2332,0.9856
"malonyl-carnitine",6,0.319,0.727,0.2337,0.9856
"5,10-methenyl-THF",7,0.102,0.726,0.2339,0.9856
"(6Z,9Z,12Z,15Z)-octadecatetraenoyl-CoA",43,0.267,0.724,0.2347,0.9856
"4-hydroxyphenylacetate",3,0.701,0.724,0.2347,0.9856
"methylimidazoleacetic acid",3,0.701,0.724,0.2347,0.9856
"ribitol",3,0.701,0.724,0.2347,0.9856
"1D-myo-inositol-4-phosphate",3,-0.552,0.722,0.2352,0.9856
"Chenodeoxycholic acid-3glucuronide, CDCA-3G",7,0.06,0.721,0.2355,0.9856
"Hyocholic acid-24glucuronide, HCA-24G",7,0.06,0.721,0.2355,0.9856
"Lithocholic acid-24glucuronide, CDCA-24G",7,0.06,0.721,0.2355,0.9856
"Lithocholic acid-3glucuronide, CDCA-3G",7,0.06,0.721,0.2355,0.9856
"fatty acid-chylomicron pool",12,0.532,0.721,0.2354,0.9856
"3-phosphonooxypyruvate",3,0.198,0.72,0.2359,0.9856
"dGDP",17,0.185,0.72,0.2357,0.9856
"sphinganine",16,0.256,0.712,0.2382,0.9856
"mitooxidized thioredoxin",8,0.33,0.711,0.2387,0.9856
"mitothioredoxin",8,0.33,0.711,0.2387,0.9856
"selenomethionine",18,0.162,0.71,0.2387,0.9856
"CDP-choline",3,-0.159,0.709,0.2392,0.9856
"N6,N6,N6-trimethyl-L-lysine",6,-0.13,0.708,0.2394,0.9856
"3-keto-eicosa-8,11,14,17-all-cis-tetraenoyl-CoA",6,0.48,0.707,0.2399,0.9856
"3-oxo-11cis-docosenoyl-CoA",6,0.48,0.707,0.2399,0.9856
"3-oxo-9-cis-eicosenoyl-CoA",6,0.48,0.707,0.2399,0.9856
"3-oxo-docosa-10,13,16,19-all-cis-tetraenoyl-CoA",6,0.48,0.707,0.2399,0.9856
"3-oxo-docosa-13,16,19-all-cis-trienoyl-CoA",6,0.48,0.707,0.2399,0.9856
"3-oxo-docosa-7,10,13,16,19-all-cis-pentaenoyl-CoA",6,0.48,0.707,0.2399,0.9856
"3-oxo-docosa-7,10,13,16-all-cis-tetraenoyl-CoA",6,0.48,0.707,0.2399,0.9856
"3-oxo-docosa-cis,cis,cis-10,13,16-trienoyl-CoA",6,0.48,0.707,0.2399,0.9856
"3-oxo-eicosadienoyl-CoA",6,0.48,0.707,0.2399,0.9856
"3-oxo-tetracosa-12,15,18,21-all-cis-tetraenoyl-CoA",6,0.48,0.707,0.2399,0.9856
"3-oxo-tetracosa-9,12,15,18-all-cis-tetraenoyl-CoA",6,0.48,0.707,0.2399,0.9856
"3-oxodocasa-cis,cis-13,16-dienoyl-CoA",6,0.48,0.707,0.2399,0.9856
"3-oxoeicosa-cis,cis,cis-11,14,17-trienoyl-CoA",6,0.48,0.707,0.2399,0.9856
"3-oxoeicosa-cis,cis-11,14-dienoyl-CoA",6,0.48,0.707,0.2399,0.9856
"3-oxotricosanoyl-CoA",6,0.48,0.707,0.2399,0.9856
"GM3",12,0.295,0.705,0.2405,0.9856
"17alpha-hydroxyprogesterone",6,0.312,0.699,0.2424,0.9856
"lipoamide",10,0.047,0.699,0.2424,0.9856
"Fe3+",9,-0.405,0.694,0.2437,0.9856
"spermidine",11,0.159,0.692,0.2444,0.9856
"prostaglandin B1",3,-0.371,0.69,0.2451,0.9856
"prostaglandin B2",3,-0.371,0.69,0.2451,0.9856
"prostaglandin C1",3,-0.371,0.69,0.2451,0.9856
"prostaglandin C2",3,-0.371,0.69,0.2451,0.9856
"prostaglandin D1",3,-0.371,0.69,0.2451,0.9856
"prostaglandin D3",3,-0.371,0.69,0.2451,0.9856
"prostaglandin F1alpha",3,-0.371,0.69,0.2451,0.9856
"prostaglandin F2beta",3,-0.371,0.69,0.2451,0.9856
"taurodeoxycholate",5,0.423,0.689,0.2455,0.9856
"thiamin-PP",12,0.136,0.688,0.2457,0.9856
"glycolaldehyde",10,0.437,0.684,0.2471,0.9856
"(ADP-D-ribosyl)n+1-acceptor",17,0.131,0.683,0.2473,0.9856
"(ADP-D-ribosyl)n-acceptor",17,0.131,0.683,0.2473,0.9856
"GM2A-GM2",4,0.316,0.683,0.2473,0.9856
"cholate",13,-0.039,0.683,0.2473,0.9856
"ursodeoxycholate",11,0.387,0.674,0.2501,0.9856
"GD3",5,0.154,0.667,0.2525,0.9856
"adenine",5,0.281,0.667,0.2525,0.9856
"LTD4",6,0.463,0.664,0.2534,0.9856
"SAM",76,0.094,0.662,0.254,0.9856
"(10Z)-heptadecenoyl-CoA",23,0.06,0.66,0.2545,0.9856
"9-heptadecenoyl-CoA",23,0.06,0.66,0.2545,0.9856
"palmitoyl-CoA",63,0.177,0.66,0.2546,0.9856
"prostaglandin E2",13,0.204,0.659,0.2549,0.9856
"Insulin-(SH)2",6,0.141,0.658,0.2553,0.9856
"insulin-(SS)",6,0.141,0.658,0.2553,0.9856
"UDP-glucuronate",27,0.349,0.654,0.2564,0.9856
"retinyl-ester",17,0.302,0.649,0.2581,0.9856
"dTTP",34,0.287,0.646,0.2592,0.9856
"3,3-diiodo-L-thyronine",27,0.341,0.643,0.26,0.9856
"D-tagatose-6-phosphate",4,0.505,0.642,0.2603,0.9856
"D-xylulose-1-phosphate",4,0.505,0.642,0.2603,0.9856
"fructose-1-phosphate",4,0.505,0.642,0.2603,0.9856
"octanoyl-CoA",23,0.243,0.641,0.2608,0.9856
"11-Octadecenoyl Coenzyme A",15,0.519,0.64,0.2612,0.9856
"Docosanedioicacid",4,-0.016,0.64,0.2609,0.9856
"W-Hydroxydecanoicacid",4,-0.016,0.64,0.2609,0.9856
"W-Hydroxydocosanoicacid",4,-0.016,0.64,0.2609,0.9856
"glucose-1-phosphate",13,0.084,0.64,0.261,0.9856
"lathosterol",4,0.821,0.639,0.2615,0.9856
"7-Ketolithocholate",4,0.698,0.638,0.2618,0.9856
"G10596",6,0.165,0.635,0.2629,0.9856
"1-acylglycerol-chylomicron pool",11,0.408,0.626,0.2656,0.9856
"alanine",58,0.168,0.626,0.2657,0.9856
"cystine",8,0.212,0.623,0.2667,0.9856
"nm4masn",3,0.199,0.618,0.2684,0.9856
"CDP-diacylglycerol-CL pool",4,-0.235,0.616,0.2689,0.9856
"thiocyanate",3,0.079,0.615,0.2692,0.9856
"alpha-CEHC-glucuronide",15,0.431,0.614,0.2697,0.9856
"gamma-CEHC-glucuronide",15,0.431,0.614,0.2697,0.9856
"(6Z,9Z,12Z,15Z,18Z,21Z)-tetracosahexaenoyl-CoA",25,0.222,0.604,0.2728,0.9856
"4-(methylnitrosamino)-1-(3-pyridyl)-1-butanol",20,0.421,0.603,0.2732,0.9856
"putrescine",12,0.319,0.6,0.2743,0.9856
"(alpha-D-Glucosyl)3-(alpha-D-mannosyl)8-beta-D-mannosyl-diacetylchitobiosyl-L-asparagine (protein)",8,0.169,0.598,0.275,0.9856
"trans-2-cis,cis,cis-8,11,14-eicosatetraenoyl-CoA",11,0.243,0.582,0.2802,0.9856
"lactoneotetraosylceramide",4,-0.103,0.578,0.2816,0.9856
"D-xylulose-5-phosphate",3,0.344,0.571,0.2839,0.9856
"3alpha,7alpha,12alpha-trihydroxy-5beta-cholestanate",14,0.351,0.568,0.285,0.9856
"11-cis-retinyl-palmitate",3,0.27,0.566,0.2858,0.9856
"AKG",52,0.069,0.564,0.2863,0.9856
"D-myo-inositol-1,4,5-trisphosphate",18,0.235,0.563,0.2868,0.9856
"3-sulfopyruvate",4,-0.067,0.559,0.2881,0.9856
"omega-COOH-tetranor-LTE3-CoA",6,0.262,0.559,0.2882,0.9856
"prostaglandin D2",5,0.359,0.553,0.2902,0.9856
"chondroitin sulfate C (GalNAc6S-GlcA), degradation product 3",7,0.346,0.55,0.2913,0.9856
"chondroitin sulfate D (GlcNAc6S-GlcA2S), degradation product 4",7,0.346,0.55,0.2913,0.9856
"SM pool",16,0.449,0.545,0.293,0.9856
"(9Z,12Z,15Z,18Z)-tetracosatetraenoylcarnitine",5,0.264,0.544,0.2933,0.9856
"3,4-dihydroxyphenylacetate",3,1.179,0.544,0.2931,0.9856
"1-phosphatidyl-1D-myo-inositol-4-phosphate",39,0.171,0.54,0.2946,0.9856
"l2n2m2mn",6,0.51,0.536,0.2961,0.9856
"5-oxoproline",4,0.071,0.524,0.3,0.9856
"3-methylcrotonyl-CoA",6,-0.161,0.523,0.3004,0.9856
"(13Z)-docosenoyl-CoA",31,0.133,0.521,0.301,0.9856
"RNA",68,0.054,0.521,0.3013,0.9856
"dGTP",40,0.218,0.521,0.3012,0.9856
"(2E,7Z,10Z,13Z,16Z)-docosapentaenoyl-CoA",6,0.267,0.52,0.3017,0.9856
"S-[2-carboxy-1-(1H-imidazol-4-yl)ethyl]-L-cysteine",16,-0.018,0.519,0.302,0.9856
"chondroitin sulfate C (GalNAc6S-GlcA), precursor 3",8,-0.112,0.519,0.3018,0.9856
"chondroitin sulfate D (GlcNAc6S-GlcA2S), precursor 4",8,-0.112,0.519,0.3018,0.9856
"5,10-methylene-THF",21,0.292,0.517,0.3026,0.9856
"3alpha,7alpha,12alpha-trihydroxy-5beta-cholestan-27-al",7,0.377,0.516,0.303,0.9856
"nicotinamide D-ribonucleotide",11,-0.26,0.512,0.3043,0.9856
"ethanolamine",10,-0.082,0.51,0.305,0.9856
"2-trans-7,10,13,16,19-all-cis-docosahexaenoyl-CoA",7,0.278,0.508,0.3056,0.9856
"2-trans-9,12,15,18,21-all-cis-tetracosahexaenoyl-CoA",7,0.278,0.508,0.3056,0.9856
"2-trans-9,12,15,18-all-cis-tetracosapentaenoyl-CoA",7,0.278,0.508,0.3056,0.9856
"eicosa-(2E,8Z,11Z,14Z,17Z)-pentaenoyl-CoA",7,0.278,0.508,0.3056,0.9856
"trans,cis,cis,cis,cis-2,10,13,16,19-docosapentaenoyl-CoA",7,0.278,0.508,0.3056,0.9856
"trans,cis,cis,cis,cis-2,12,15,18,21-tetracosapentaenoyl-CoA",7,0.278,0.508,0.3056,0.9856
"trans,cis,cis,cis-2,10,13,16-docosatetraenoyl-CoA",7,0.278,0.508,0.3056,0.9856
"O2-",19,-0.375,0.507,0.3062,0.9856
"cys-gly",8,0.192,0.503,0.3076,0.9856
"dolichyl-phosphate",21,0.124,0.5,0.3084,0.9856
"hypotaurine",3,0.108,0.5,0.3084,0.9856
"oxypurinol",3,0.229,0.497,0.3096,0.9856
"(2E)-heptenoyl-CoA",4,0.234,0.493,0.3108,0.9856
"(2E)-nonenoyl-CoA",4,0.234,0.493,0.3108,0.9856
"(2E)-undecenoyl-CoA",4,0.234,0.493,0.3108,0.9856
"prostaglandin E3",4,0.486,0.492,0.3112,0.9856
"3-oxo-all-cis-6,9,12,15,18-tetracosapentaenoyl-CoA",10,0.378,0.489,0.3124,0.9856
"3-oxo-cis-15-tetracosaenoyl-CoA",10,0.378,0.489,0.3124,0.9856
"3-oxo-hexacosenoyl-CoA",10,0.378,0.489,0.3124,0.9856
"3-oxohexacosanoyl-CoA",10,0.378,0.489,0.3124,0.9856
"3(S),6(R)-dihydroxy-tetradec-(8Z)-enoate",3,0.371,0.487,0.3131,0.9856
"3(S),6(S)-dihydroxy-tetradec-(8Z)-enoate",3,0.371,0.487,0.3131,0.9856
"3(S),8(R)-dihydroxy-(6E,10Z)-hexadecadienoate",3,0.371,0.487,0.3131,0.9856
"3(S),8(S)-dihydroxy-(6E,10Z)-hexadecadienoate",3,0.371,0.487,0.3131,0.9856
"3-hydroxyheptadecanoyl-CoA",3,0.371,0.487,0.3131,0.9856
"3-hydroxypentadecanoyl-CoA",3,0.371,0.487,0.3131,0.9856
"3-hydroxytridecanoyl-CoA",3,0.371,0.487,0.3131,0.9856
"glycochenodeoxycholate",8,0.64,0.484,0.3142,0.9856
"3,4-dihydroxymandelate",4,0.633,0.482,0.3151,0.9856
"homovanillate",4,0.633,0.482,0.3151,0.9856
"vanillylmandelate",4,0.633,0.482,0.3151,0.9856
"ITP",16,0.235,0.48,0.3156,0.9856
"nicotinamide ribonucleoside",8,-0.178,0.479,0.3158,0.9856
"chloral hydrate",8,0.056,0.477,0.3165,0.9856
"docosanoyl-CoA",39,0.182,0.475,0.3175,0.9856
"D-xylulose",3,0.45,0.472,0.3184,0.9856
"(15Z)-tetracosenoyl-CoA",30,0.168,0.471,0.3189,0.9856
"5,6-epoxy-13-cis-retinoate",15,0.437,0.471,0.319,0.9856
"(4Z,7Z,10Z,13Z,16Z)-docosapentaenoylcarnitine",7,0.3,0.47,0.3192,0.9856
"(5Z,8Z,11Z)-eicosatrienoylcarnitine",7,0.3,0.47,0.3192,0.9856
"(5Z,8Z,11Z,14Z,17Z)-eicosapentaenoylcarnitine",7,0.3,0.47,0.3192,0.9856
"(6Z,9Z)-octadecadienoylcarnitine",7,0.3,0.47,0.3192,0.9856
"(7Z,10Z,13Z,16Z,19Z)-docosapentaenoylcarnitine",7,0.3,0.47,0.3192,0.9856
"(8Z,11Z)-eicosadienoylcarnitine",7,0.3,0.47,0.3192,0.9856
"(8Z,11Z,14Z,17Z)-eicosatetraenoylcarnitine",7,0.3,0.47,0.3192,0.9856
"(9E)-octadecenoylcarnitine",7,0.3,0.47,0.3192,0.9856
"10,13,16,19-docosatetraenoylcarnitine",7,0.3,0.47,0.3192,0.9856
"13,16,19-docosatrienoylcarnitine",7,0.3,0.47,0.3192,0.9856
"L-oleoylcarnitine",7,0.3,0.47,0.3192,0.9856
"L-palmitoylcarnitine",7,0.3,0.47,0.3192,0.9856
"arachidonyl-carnitine",7,0.3,0.47,0.3192,0.9856
"docosahexaenoylcarnitine",7,0.3,0.47,0.3192,0.9856
"docosanoylcarnitine",7,0.3,0.47,0.3192,0.9856
"docosenoylcarnitine",7,0.3,0.47,0.3192,0.9856
"docosenoylcarnitine(11)",7,0.3,0.47,0.3192,0.9856
"eicosanoylcarnitine",7,0.3,0.47,0.3192,0.9856
"eicosatrienoylcarnitine",7,0.3,0.47,0.3192,0.9856
"eicosenoylcarnitine(11)",7,0.3,0.47,0.3192,0.9856
"eicosenoylcarnitine(7)",7,0.3,0.47,0.3192,0.9856
"eicosenoylcarnitine(9)",7,0.3,0.47,0.3192,0.9856
"heneicosanoylcarnitine",7,0.3,0.47,0.3192,0.9856
"heptadecenoylcarnitine(7)",7,0.3,0.47,0.3192,0.9856
"heptadecenoylcarnitine(8)",7,0.3,0.47,0.3192,0.9856
"octadecatrienoylcarnitine",7,0.3,0.47,0.3192,0.9856
"octadecenoylcarnitine(11)",7,0.3,0.47,0.3192,0.9856
"octadecenoylcarnitine(5)",7,0.3,0.47,0.3192,0.9856
"octadecenoylcarnitine(7)",7,0.3,0.47,0.3192,0.9856
"palmitoleoyl-carnitine",7,0.3,0.47,0.3192,0.9856
"pentadecanoylcarnitine",7,0.3,0.47,0.3192,0.9856
"tetradecanoylcarnitine",7,0.3,0.47,0.3192,0.9856
"tetradecenoylcarnitine(5)",7,0.3,0.47,0.3192,0.9856
"tetradecenoylcarnitine(7)",7,0.3,0.47,0.3192,0.9856
"tetradecenoylcarnitine(9)",7,0.3,0.47,0.3192,0.9856
"O-butanoylcarnitine",6,0.142,0.467,0.3204,0.9856
"tetracosanoyl-CoA",35,0.202,0.466,0.3205,0.9856
"2-hydroxy-S-ibuprofen",6,-0.11,0.461,0.3225,0.9856
"3-hydroxy S-ibuprofen",6,-0.11,0.461,0.3225,0.9856
"tRNA",4,-0.082,0.46,0.3226,0.9856
"methacrylyl-CoA",3,0.154,0.456,0.3243,0.9856
"dehydroepiandrosterone sulfate",9,0.078,0.451,0.3259,0.9856
"noradrenaline",11,0.269,0.448,0.3271,0.9856
"zinc",13,0.185,0.444,0.3285,0.9856
"5-tetradecenoyl-CoA",36,0.082,0.44,0.3299,0.9856
"7-hexadecenoyl-CoA",36,0.082,0.44,0.3299,0.9856
"digalactosylceramidesulfate",3,0.596,0.439,0.3304,0.9856
"guanine",6,-0.059,0.436,0.3314,0.9856
"urate",5,0.331,0.432,0.333,0.9856
"Hyocholic acid-6glucuronide, HCA-6G",6,0.403,0.429,0.3339,0.9856
"chondroitin sulfate C (GalNAc6S-GlcA), degradation product 5",3,0.297,0.428,0.3342,0.9856
"chondroitin sulfate D (GlcNAc6S-GlcA2S), degradation product 2",3,0.297,0.428,0.3342,0.9856
"chondroitin sulfate D (GlcNAc6S-GlcA2S), degradation product 6",3,0.297,0.428,0.3342,0.9856
"chondroitin sulfate E (GalNAc4,6diS-GlcA), degradation product 7",3,0.297,0.428,0.3342,0.9856
"Hyodeoxycholic acid-6glucuronide, HDCA-6G",8,0.069,0.423,0.336,0.9856
"L-glutamate 5-semialdehyde",3,-0.078,0.42,0.3371,0.9856
"crotonyl-CoA",15,0.293,0.409,0.3414,0.9856
"5beta-cholestane-3alpha,7alpha-diol",5,0.451,0.405,0.3429,0.9856
"erythrose-4-phosphate",4,0.461,0.399,0.3449,0.9856
"estradiol-17beta 3-glucuronide",19,0.291,0.399,0.3451,0.9856
"trans,cis-2,11-eicosadienoyl-CoA",17,0.209,0.395,0.3464,0.9856
"trans,cis-2,13-docosadienoyl-CoA",17,0.209,0.395,0.3464,0.9856
"3-dehydrosphinganine",4,0.11,0.392,0.3475,0.9856
"3-oxoheneicosanoyl-CoA",11,0.324,0.391,0.348,0.9856
"3-oxononadecanoyl-CoA",11,0.324,0.391,0.348,0.9856
"trans,cis-2,15-tetracosadienoyl-CoA",13,0.254,0.39,0.3481,0.9856
"dehydroascorbic acid",8,-0.03,0.385,0.35,0.9856
"N-acetyl-S-[2-carboxy-1-(1H-imidazol-4-yl)ethyl]-L-cysteine",15,0.01,0.381,0.3515,0.9856
"adenosine",22,0.237,0.38,0.352,0.9856
"deoxyguanosine",13,-0.017,0.38,0.3519,0.9856
"1-pyrroline-5-carboxylate",5,0.407,0.377,0.353,0.9856
"G10595",5,0.092,0.372,0.3551,0.9856
"dATP",42,0.295,0.371,0.3552,0.9856
"4-aminobutyrate",13,0.146,0.365,0.3575,0.9856
"1D-myo-inositol-1,3,4,5,6-pentakisphosphate",8,0.007,0.36,0.3594,0.9856
"chondroitin sulfate E (GalNAc4,6diS-GlcA), degradation product 1",4,0.28,0.356,0.3609,0.9856
"(11Z)-eicosenoyl-CoA",35,0.138,0.353,0.362,0.9856
"(4Z,7Z,10Z)-hexadecatrienoyl-CoA",11,0.144,0.352,0.3625,0.9856
"cis,cis-myristo-5,8-dienoyl-CoA",11,0.144,0.352,0.3625,0.9856
"cis,cis-palmito-7,10-dienoyl-CoA",11,0.144,0.352,0.3625,0.9856
"beta-alanine",13,0.175,0.349,0.3634,0.9856
"(9Z,12Z,15Z,18Z,21Z)-tetracosapentaenoyl-CoA",26,0.217,0.347,0.3642,0.9856
"1-acylglycerol-LD-PC pool",12,0.368,0.346,0.3646,0.9856
"1-acylglycerol-LD-PE pool",12,0.368,0.346,0.3646,0.9856
"1-acylglycerol-LD-PI pool",12,0.368,0.346,0.3646,0.9856
"1-acylglycerol-LD-PS pool",12,0.368,0.346,0.3646,0.9856
"1-acylglycerol-LD-SM pool",12,0.368,0.346,0.3646,0.9856
"1-acylglycerol-LD-TG1 pool",12,0.368,0.346,0.3646,0.9856
"3-oxotetracosanoyl-CoA",11,0.365,0.345,0.3652,0.9856
"cholesterol-ester pool",10,0.503,0.338,0.3677,0.9856
"choloyl-CoA",11,0.297,0.334,0.3692,0.9856
"ethanolamine-phosphate",7,0.048,0.332,0.3699,0.9856
"Hyocholic acid; gamma-Muricholate",13,0.1,0.327,0.3718,0.9856
"20-oxo-LTB4",11,-0.215,0.326,0.3724,0.9856
"20-oxo-LTE4",11,-0.215,0.326,0.3724,0.9856
"(2E)-octenoyl-CoA",10,0.217,0.323,0.3733,0.9856
"keratan sulfate I, degradation product 12",8,0.332,0.322,0.3738,0.9856
"keratan sulfate I, degradation product 15",8,0.332,0.322,0.3738,0.9856
"keratan sulfate I, degradation product 18",8,0.332,0.322,0.3738,0.9856
"keratan sulfate I, degradation product 21",8,0.332,0.322,0.3738,0.9856
"keratan sulfate I, degradation product 24",8,0.332,0.322,0.3738,0.9856
"keratan sulfate I, degradation product 27",8,0.332,0.322,0.3738,0.9856
"keratan sulfate I, degradation product 30",8,0.332,0.322,0.3738,0.9856
"keratan sulfate I, degradation product 33",8,0.332,0.322,0.3738,0.9856
"keratan sulfate I, degradation product 36",8,0.332,0.322,0.3738,0.9856
"keratan sulfate I, degradation product 6",8,0.332,0.322,0.3738,0.9856
"keratan sulfate I, degradation product 9",8,0.332,0.322,0.3738,0.9856
"keratan sulfate II (core 2-linked), degradation product 3",8,0.332,0.322,0.3738,0.9856
"keratan sulfate II (core 2-linked), degradation product 6",8,0.332,0.322,0.3738,0.9856
"keratan sulfate II (core 4-linked), degradation product 3",8,0.332,0.322,0.3738,0.9856
"3',5'-dihydrodiol-simvastatin-lactone form",4,-0.557,0.32,0.3745,0.9856
"6'-exomethylene-simvastatin-lactone form",4,-0.557,0.32,0.3745,0.9856
"ribulose-5-phosphate",4,0.08,0.319,0.3747,0.9856
"keratan sulfate I, degradation product 10",4,0.319,0.317,0.3758,0.9856
"keratan sulfate I, degradation product 13",4,0.319,0.317,0.3758,0.9856
"keratan sulfate I, degradation product 16",4,0.319,0.317,0.3758,0.9856
"keratan sulfate I, degradation product 19",4,0.319,0.317,0.3758,0.9856
"keratan sulfate I, degradation product 22",4,0.319,0.317,0.3758,0.9856
"keratan sulfate I, degradation product 25",4,0.319,0.317,0.3758,0.9856
"keratan sulfate I, degradation product 28",4,0.319,0.317,0.3758,0.9856
"keratan sulfate I, degradation product 31",4,0.319,0.317,0.3758,0.9856
"keratan sulfate I, degradation product 34",4,0.319,0.317,0.3758,0.9856
"keratan sulfate I, degradation product 37",4,0.319,0.317,0.3758,0.9856
"keratan sulfate I, degradation product 7",4,0.319,0.317,0.3758,0.9856
"keratan sulfate II (core 2-linked), degradation product 4",4,0.319,0.317,0.3758,0.9856
"keratan sulfate II (core 2-linked), degradation product 7",4,0.319,0.317,0.3758,0.9856
"keratan sulfate II (core 4-linked), degradation product 4",4,0.319,0.317,0.3758,0.9856
"3-oxo-dihomo-gamma-linolenoyl-CoA",11,0.372,0.303,0.3811,0.9856
"thyroxine",20,0.267,0.303,0.381,0.9856
"(2E)-heptadecenoyl-CoA",5,0.155,0.302,0.3813,0.9856
"(2E)-pentadecenoyl-CoA",5,0.155,0.302,0.3813,0.9856
"(2E)-tridecenoyl-CoA",5,0.155,0.302,0.3813,0.9856
"5alpha-androstane-3,17-dione",11,0.306,0.302,0.3813,0.9856
"L-arabinose",3,0.33,0.302,0.3815,0.9856
"L-arabitol",3,0.33,0.302,0.3815,0.9856
"4-acetamidobutanoate",6,0.042,0.298,0.3827,0.9856
"D-glucarate",6,0.042,0.298,0.3827,0.9856
"D-glucurono-6,3-lactone",6,0.042,0.298,0.3827,0.9856
"tRNA(met)",15,0.215,0.298,0.383,0.9856
"guanosine",13,0.087,0.296,0.3837,0.9856
"5alpha-cholesta-7,24-dien-3beta-ol",3,0.42,0.292,0.3851,0.9856
"(8Z,11Z)-eicosadienoyl-CoA",33,0.194,0.291,0.3854,0.9856
"L-1-pyrroline-3-hydroxy-5-carboxylate",4,0.373,0.29,0.386,0.9856
"L-erythro-4-hydroxyglutamate",3,-0.068,0.29,0.386,0.9856
"calcitriol",4,0.341,0.281,0.3895,0.9856
"heneicosanoyl-CoA",27,0.107,0.281,0.3895,0.9856
"glycerol",21,0.219,0.28,0.3896,0.9856
"glucose",41,0.358,0.273,0.3923,0.9856
"(2R,6R,10R)-trimethyl-hendecanoyl-CoA",3,0.24,0.27,0.3934,0.9856
"chitobiose",4,0.709,0.27,0.3935,0.9856
"pentadecanoyl-CoA",29,0.017,0.269,0.394,0.9856
"prostaglandin F2alpha",7,0.375,0.269,0.3939,0.9856
"7alpha,12alpha-dihydroxy-5beta-cholestan-3-one",5,0.491,0.268,0.3944,0.9856
"7alpha-hydroxy-5beta-cholestan-3-one",5,0.491,0.268,0.3944,0.9856
"3''-hydroxy-lovastatin lactone form",4,-0.573,0.266,0.3951,0.9856
"6'-beta-hydroxy-lovastatin lactone form",4,-0.573,0.266,0.3951,0.9856
"6'-beta-hydroxy-lovastatin-acid form",4,-0.573,0.266,0.3951,0.9856
"6'-exomethylene-lovastatin lactone form",4,-0.573,0.266,0.3951,0.9856
"glycogenin",5,0.359,0.264,0.3959,0.9856
"bilirubin",20,0.217,0.262,0.3966,0.9856
"GA1",14,0.282,0.261,0.3972,0.9856
"carbamoyl-phosphate",3,0.473,0.26,0.3974,0.9856
"leukotriene A4",6,-0.053,0.25,0.4013,0.9856
"PS-LD pool",15,0.192,0.248,0.4019,0.9856
"S-[2-carboxy-1-(1H-imidazol-4-yl)ethyl]-3-thiolactate",9,-0.101,0.246,0.4027,0.9856
"taurochenodeoxycholate",13,0.203,0.245,0.4033,0.9856
"(13Z,16Z)-docosadienoylcarnitine",8,0.283,0.244,0.4035,0.9856
"(6Z,9Z,12Z,15Z)-octadecatetraenoylcarnitine",8,0.283,0.244,0.4035,0.9856
"1-lysolecithin pool",4,0.118,0.244,0.4036,0.9856
"10,13,16-docosatrienoylcarnitine",8,0.283,0.244,0.4035,0.9856
"linoleic-carnitine",8,0.283,0.244,0.4035,0.9856
"(alpha-D-mannosyl)5-beta-D-mannosyl-diacetylchitobiosyl-L-asparagine (protein) (B1)",4,-0.151,0.243,0.4039,0.9856
"(alpha-D-mannosyl)5-beta-D-mannosyl-diacetylchitobiosyl-L-asparagine (protein) (B2)",4,-0.151,0.243,0.4039,0.9856
"(alpha-D-mannosyl)5-beta-D-mannosyl-diacetylchitobiosyl-L-asparagine (protein) (C)",4,-0.151,0.243,0.4039,0.9856
"(alpha-D-mannosyl)6-beta-D-mannosyl-diacetylchitobiosyl-L-asparagine (protein) (A)",4,-0.151,0.243,0.4039,0.9856
"(alpha-D-mannosyl)6-beta-D-mannosyl-diacetylchitobiosyl-L-asparagine (protein) (B1)",4,-0.151,0.243,0.4039,0.9856
"(alpha-D-mannosyl)6-beta-D-mannosyl-diacetylchitobiosyl-L-asparagine (protein) (B2)",4,-0.151,0.243,0.4039,0.9856
"(alpha-D-mannosyl)6-beta-D-mannosyl-diacetylchitobiosyl-L-asparagine (protein) (C)",4,-0.151,0.243,0.4039,0.9856
"(alpha-D-mannosyl)7-beta-D-mannosyl-diacetylchitobiosyl-L-asparagine, isoform A (protein)",4,-0.151,0.243,0.4039,0.9856
"(alpha-D-mannosyl)7-beta-D-mannosyl-diacetylchitobiosyl-L-asparagine, isoform B (protein)",4,-0.151,0.243,0.4039,0.9856
"(alpha-D-mannosyl)7-beta-D-mannosyl-diacetylchitobiosyl-L-asparagine, isoform C (protein)",4,-0.151,0.243,0.4039,0.9856
"(alpha-D-mannosyl)8-beta-D-mannosyl-diacetylchitobiosyl-L-asparagine (protein)",4,-0.151,0.243,0.4039,0.9856
"glucosyl-(alpha-D-mannosyl)6-beta-D-mannosyl-diacetylchitobiosyl-L-asparagine (protein)",4,-0.151,0.243,0.4039,0.9856
"glucosyl-(alpha-D-mannosyl)7-beta-D-mannosyl-diacetylchitobiosyl-L-asparagine, isoform B (protein)",4,-0.151,0.243,0.4039,0.9856
"glucosyl-(alpha-D-mannosyl)7-beta-D-mannosyl-diacetylchitobiosyl-L-asparagine, isoform C (protein)",4,-0.151,0.243,0.4039,0.9856
"butyryl-CoA",28,0.165,0.238,0.406,0.9856
"F1alpha",7,0.325,0.237,0.4065,0.9856
"keratan sulfate I, degradation product 11",7,0.325,0.237,0.4065,0.9856
"keratan sulfate I, degradation product 14",7,0.325,0.237,0.4065,0.9856
"keratan sulfate I, degradation product 17",7,0.325,0.237,0.4065,0.9856
"keratan sulfate I, degradation product 20",7,0.325,0.237,0.4065,0.9856
"keratan sulfate I, degradation product 23",7,0.325,0.237,0.4065,0.9856
"keratan sulfate I, degradation product 26",7,0.325,0.237,0.4065,0.9856
"keratan sulfate I, degradation product 29",7,0.325,0.237,0.4065,0.9856
"keratan sulfate I, degradation product 32",7,0.325,0.237,0.4065,0.9856
"keratan sulfate I, degradation product 35",7,0.325,0.237,0.4065,0.9856
"keratan sulfate I, degradation product 38",7,0.325,0.237,0.4065,0.9856
"keratan sulfate I, degradation product 39",7,0.325,0.237,0.4065,0.9856
"keratan sulfate I, degradation product 40",7,0.325,0.237,0.4065,0.9856
"keratan sulfate I, degradation product 41",7,0.325,0.237,0.4065,0.9856
"keratan sulfate I, degradation product 8",7,0.325,0.237,0.4065,0.9856
"keratan sulfate II (core 2-linked), degradation product 5",7,0.325,0.237,0.4065,0.9856
"keratan sulfate II (core 2-linked), degradation product 8",7,0.325,0.237,0.4065,0.9856
"keratan sulfate II (core 2-linked), degradation product 9",7,0.325,0.237,0.4065,0.9856
"n2m2mn",7,0.325,0.237,0.4065,0.9856
"(5Z,8Z,11Z)-eicosatrienoyl-CoA",32,0.189,0.235,0.4071,0.9856
"simvastatin lactone form",7,-0.09,0.229,0.4094,0.9856
"4,8-Dimethylnonanoyl Coenzyme A",7,0.095,0.225,0.4108,0.9856
"cholestenol",3,0.398,0.225,0.4109,0.9856
"phenylacetate",3,0.962,0.224,0.4115,0.9856
"(13Z)-octadecenoyl-CoA",34,0.071,0.221,0.4126,0.9856
"(9E)-octadecenoyl-CoA",34,0.071,0.221,0.4126,0.9856
"(9E)-tetradecenoyl-CoA",34,0.071,0.221,0.4126,0.9856
"malonyl-[ACP]",3,0.826,0.219,0.4132,0.9856
"20-hydroxy-LTE4",6,-0.36,0.217,0.4142,0.9856
"4-hydroxy-all-trans-retinoate",16,0.4,0.217,0.414,0.9856
"pyridoxal",6,0.099,0.217,0.4142,0.9856
"lauroyl-CoA",36,0.065,0.214,0.4152,0.9856
"1,2-diacylglycerol-LD-PI pool",28,0.305,0.207,0.4179,0.9856
"3-oxo-11-cis-eicosenoyl-CoA",15,0.297,0.207,0.4179,0.9856
"3-oxo-13-cis-eicosenoyl-CoA",15,0.297,0.207,0.4179,0.9856
"3-oxo-13cis-docosenoyl-CoA",15,0.297,0.207,0.4179,0.9856
"3-oxoeicosanoyl-CoA",15,0.297,0.207,0.4179,0.9856
"3-oxooctadecanoyl-CoA",15,0.297,0.207,0.4179,0.9856
"methionine",49,0.13,0.207,0.4181,0.9856
"(3R)-phytanoyl-CoA",4,-0.157,0.205,0.4187,0.9856
"(3S)-hydroxy-eicosa-cis,cis-11,14-dienoyl-CoA",7,0.2,0.203,0.4194,0.9856
"3(S)-hydroxy-10,13,16-all-cis-docosatrienoyl-CoA",7,0.2,0.203,0.4194,0.9856
"3(S)-hydroxy-all-cis-8,11,14,17-eicosatetraenoyl-CoA",7,0.2,0.203,0.4194,0.9856
"3(S)-hydroxy-docosa-10,13,16,19-all-cis-tetraenoyl-CoA",7,0.2,0.203,0.4194,0.9856
"3(S)-hydroxy-docosa-7,10,13,16,19-all-cis-pentaenoyl-CoA",7,0.2,0.203,0.4194,0.9856
"3(S)-hydroxy-docosa-7,10,13,16-all-cis-tetraenoyl-CoA",7,0.2,0.203,0.4194,0.9856
"3(S)-hydroxy-tetracosa-12,15,18,21-all-cis-tetraenoyl-CoA",7,0.2,0.203,0.4194,0.9856
"3(S)-hydroxy-tetracosa-9,12,15,18,21-all-cis-pentaenoyl-CoA",7,0.2,0.203,0.4194,0.9856
"5-hydroxytryptophol",8,-0.261,0.203,0.4194,0.9856
"3,4-dihydroxyphenylethyleneglycol",7,-0.247,0.199,0.421,0.9856
"[protein]-L-asparagine",8,0.13,0.199,0.421,0.9856
"16e-18-oxo-18-CoA-dinor-LTE4",6,0.319,0.198,0.4214,0.9856
"propanoyl-CoA",53,0.311,0.198,0.4214,0.9856
"1,2-diacylglycerol-chylomicron pool",9,0.553,0.197,0.4218,0.9856
"2-hydroxy-R-ibuprofen",4,-0.574,0.197,0.4218,0.9856
"3-hydroxy R-ibuprofen",4,-0.574,0.197,0.4218,0.9856
"oxidized thioredoxin",9,0.295,0.195,0.4227,0.9856
"thioredoxin",9,0.295,0.195,0.4227,0.9856
"imidazole-4-acetate",5,-0.041,0.188,0.4253,0.9856
"perillic acid",5,-0.041,0.188,0.4253,0.9856
"perillyl aldehyde",5,-0.041,0.188,0.4253,0.9856
"octanoyl-[ACP]",5,0.341,0.185,0.4265,0.9856
"(2E)-tetradecenoyl-CoA",11,0.183,0.181,0.4283,0.9856
"3(S)-Phytanoyl Coenzyme A",3,-0.398,0.181,0.4282,0.9856
"tridecanoyl-CoA",27,0.005,0.179,0.4289,0.9856
"hexacosenoyl-CoA",20,0.04,0.173,0.4313,0.9856
"5beta-cholestane-3alpha,7alpha,26-triol",13,0.025,0.17,0.4325,0.9856
"3,5-diiodo-L-thyronine",18,0.447,0.169,0.4329,0.9856
"phosphatidate-CL pool",11,0.104,0.167,0.4336,0.9856
"11-deoxycorticosterone",4,0.453,0.165,0.4343,0.9856
"11-deoxycortisol",4,0.453,0.165,0.4343,0.9856
"deoxyuridine",12,0.307,0.165,0.4343,0.9856
"3(S)-hydroxy-2(S),6-dimethyl-heptanoyl-CoA",4,0.331,0.163,0.4352,0.9856
"3(S)-hydroxy-4(R),8-dimethyl-nonanoyl-CoA",4,0.331,0.163,0.4352,0.9856
"3(S)-hydroxy-4-methyl-pentanoyl-CoA",4,0.331,0.163,0.4352,0.9856
"3-hydroxyheptanoyl-CoA",4,0.331,0.163,0.4352,0.9856
"3-hydroxynonanoyl-CoA",4,0.331,0.163,0.4352,0.9856
"3-hydroxypentanoyl-CoA",4,0.331,0.163,0.4352,0.9856
"3-hydroxyundecanoyl-CoA",4,0.331,0.163,0.4352,0.9856
"xanthosine",6,-0.235,0.163,0.4353,0.9856
"4-hydroxyphenylpyruvate",5,0.024,0.158,0.4371,0.9856
"(9Z,12Z,15Z,18Z)-tetracosatetraenoyl-CoA",23,0.047,0.156,0.4382,0.9856
"acetate",50,0.112,0.156,0.4382,0.9856
"glucosamine-6-phosphate",11,0.29,0.156,0.4379,0.9856
"provitamin D3",4,0.826,0.152,0.4396,0.9856
"4-hydroxyretinoic acid",3,-0.232,0.147,0.4417,0.9856
"eicosanoyl-CoA",43,0.17,0.147,0.4414,0.9856
"chondroitin sulfate E (GalNAc4,6diS-GlcA), precursor 4",12,-0.066,0.141,0.4441,0.9856
"1-hydroxy S-ibuprofen",3,0.59,0.135,0.4465,0.9856
"S-carboxy ibuprofen",3,0.59,0.135,0.4465,0.9856
"(13Z)-eicosenoyl-CoA",29,0.101,0.134,0.4468,0.9856
"GM4",3,0.561,0.134,0.4465,0.9856
"GQ1b",3,0.561,0.134,0.4465,0.9856
"glucuronate",3,0.329,0.129,0.4487,0.9856
"(R)-methylmalonyl-CoA",3,-0.233,0.128,0.449,0.9856
"triiodothyronine",21,0.237,0.128,0.449,0.9856
"L-valyl-tRNA(val)",14,0.209,0.127,0.4495,0.9856
"tRNA(val)",14,0.209,0.127,0.4495,0.9856
"5beta-cholestan-3alpha,7alpha,12alpha-triol",7,0.211,0.125,0.4502,0.9856
"3alpha,7alpha-dihydroxy-5beta-cholestanate",17,0.143,0.122,0.4515,0.9856
"decanoyl-CoA",21,0.145,0.121,0.4519,0.9856
"(6Z,9Z,12Z,15Z,18Z,21Z)-tetracosahexaenoylcarnitine",4,0.239,0.119,0.4528,0.9856
"12,15,18,21-tetracosatetraenoylcarnitine",4,0.239,0.119,0.4528,0.9856
"glycogen",4,0.518,0.119,0.4527,0.9856
"hexacosenoylcarnitine",4,0.239,0.119,0.4528,0.9856
"tricosanoylcarnitine",4,0.239,0.119,0.4528,0.9856
"nonadecanoyl-CoA",31,0.116,0.115,0.4544,0.9856
"Glycyl-Glycine",3,0.076,0.113,0.4551,0.9856
"1'-OH-midazolam",5,-0.025,0.111,0.4558,0.9856
"4-OH-midazolam",5,-0.025,0.111,0.4558,0.9856
"core 4",4,0.203,0.111,0.4558,0.9856
"(3R)-phytanic acid",3,-0.072,0.099,0.4606,0.9856
"(11Z,14Z,17Z)-eicosatrienoylcarnitine",6,0.257,0.098,0.4611,0.9856
"(15Z)-tetracosenoylcarnitine",6,0.257,0.098,0.4611,0.9856
"(6Z,9Z,12Z,15Z,18Z)-tetracosapentaenoylcarnitine",6,0.257,0.098,0.4611,0.9856
"(9Z,12Z,15Z,18Z,21Z)-tetracosapentaenoylcarnitine",6,0.257,0.098,0.4611,0.9856
"O-acetylcarnitine",6,0.257,0.098,0.4611,0.9856
"O-propanoylcarnitine",6,0.257,0.098,0.4611,0.9856
"dCTP",37,0.175,0.098,0.4608,0.9856
"dodecanoylcarnitine",6,0.257,0.098,0.4611,0.9856
"gamma-linolenoylcarnitine",6,0.257,0.098,0.4611,0.9856
"heptadecanoylcarnitine",6,0.257,0.098,0.4611,0.9856
"hexacosanoylcarnitine",6,0.257,0.098,0.4611,0.9856
"nonadecanoylcarnitine",6,0.257,0.098,0.4611,0.9856
"ocosatetraenoylcarnitine",6,0.257,0.098,0.4611,0.9856
"stearoylcarnitine",6,0.257,0.098,0.4611,0.9856
"tetracosanoylcarnitine",6,0.257,0.098,0.4611,0.9856
"tridecanoylcarnitine",6,0.257,0.098,0.4611,0.9856
"3,4-dihydroxymandelaldehyde",11,-0.013,0.096,0.4619,0.9856
"nicotinate ribonucleotide",15,-0.107,0.096,0.4617,0.9856
"biliverdin",4,-0.012,0.094,0.4625,0.9856
"glycocholate",12,0.348,0.093,0.4629,0.9856
"glycoursodeoxycholate",8,0.032,0.093,0.463,0.9856
"tauroursodeoxycholate",8,0.032,0.093,0.463,0.9856
"13-carboxy-alpha-tocotrienol",28,0.251,0.09,0.4642,0.9856
"D-lactaldehyde",19,-0.051,0.089,0.4647,0.9856
"[ACP]",4,0.508,0.089,0.4646,0.9856
"(5Z,8Z,11Z,14Z,17Z)-eicosapentaenoyl-CoA",45,0.239,0.087,0.4653,0.9856
"m2emgacpail heparan sulfate",6,0.189,0.085,0.466,0.9856
"Sebacicacid",3,0.042,0.084,0.4664,0.9856
"cysteine",54,0.133,0.084,0.4665,0.9856
"nicotinamide",27,0.011,0.081,0.4677,0.9856
"acetaldehyde",20,0.01,0.08,0.4679,0.9856
"leukotriene C4",7,0.069,0.08,0.468,0.9856
"heme",7,0.071,0.073,0.4708,0.9856
"6(R)-hydroxy-tetradeca-(2E,4E,8Z)-trienoate",3,0.164,0.069,0.4724,0.9856
"6(S)-hydroxy-tetradeca-(2E,4E,8Z)-trienoate",3,0.164,0.069,0.4724,0.9856
"8(R)-hydroxy-hexadeca-(2E,4E,6E,10Z)-tetraenoate",3,0.164,0.069,0.4724,0.9856
"8(S)-hydroxy-hexadeca-(2E,4E,6E,10Z)-tetraenoate",3,0.164,0.069,0.4724,0.9856
"13-cis-retinoate",17,0.398,0.068,0.4729,0.9856
"9-cis-retinoate",17,0.398,0.068,0.4729,0.9856
"trichloroethanol",29,0.047,0.068,0.4728,0.9856
"17alpha-hydroxypregnenolone",7,0.283,0.067,0.4735,0.9856
"3-hydroxy-2,6-dimethyl-5-methylene-heptanoyl-CoA",3,-0.133,0.066,0.4738,0.9856
"3alpha,7alpha-dihydroxy-5beta-cholestan-26-al",13,-0.219,0.066,0.4736,0.9856
"cis-2-methyl-5-isopropylhexa-2,5-dienoyl-CoA",3,-0.133,0.066,0.4738,0.9856
"trans-2-methyl-5-isopropylhexa-2,5-dienoyl-CoA",3,-0.133,0.066,0.4738,0.9856
"3,3-diiodo-L-thyronine-4-O-sulfate",12,0.216,0.064,0.4746,0.9856
"S-[2-carboxy-1-(1H-imidazol-4-yl)ethyl]glutathione",12,-0.093,0.062,0.4752,0.9856
"betaine",4,0.262,0.06,0.4759,0.9856
"lipoxin A4",3,0.083,0.06,0.4762,0.9856
"TAG-LD pool",20,0.401,0.059,0.4766,0.9856
"nicotinate D-ribonucleoside",9,-0.168,0.056,0.4776,0.9856
"7-beta-OH-gliclazide",3,-0.485,0.053,0.4787,0.9856
"ibuprofen-S",10,0.065,0.053,0.4787,0.9856
"omega-COOH-dinor-LTE4-CoA",10,0.298,0.05,0.4801,0.9856
"chondroitin sulfate C (GalNAc6S-GlcA), degradation product 2",4,0.262,0.049,0.4803,0.9856
"hyaluronan degradation product 1",4,0.262,0.049,0.4803,0.9856
"4,8,12-trimethyltridecanoyl-CoA",6,0.207,0.048,0.4809,0.9856
"N-substituted amino acid",3,0.069,0.048,0.4808,0.9856
"N-substituted aminoacyl tRNA",3,0.069,0.048,0.4808,0.9856
"hexadecenoylcarnitine(9)",8,0.263,0.046,0.4816,0.9856
"2-deoxy-D-ribose-1-phosphate",5,0.474,0.045,0.4822,0.9856
"ceramide pool",33,0.24,0.04,0.4838,0.9856
"gamma-glutamyl-cysteine",5,-0.25,0.039,0.4844,0.9856
"retinol",33,0.11,0.038,0.4847,0.9856
"nLc5Cer",6,0.333,0.034,0.4863,0.9856
"(2E)-octadecenoyl-CoA",24,0.355,0.032,0.4872,0.9856
"3-O-methyldopa",3,0.34,0.032,0.4871,0.9856
"SAH",67,0.132,0.031,0.4876,0.9856
"[protein]",8,-0.038,0.031,0.4875,0.9856
"GD1b",8,0.386,0.03,0.4881,0.9856
"sulfochenodeoxycholate",10,0.022,0.03,0.4879,0.9856
"adrenaline",6,0.227,0.028,0.4889,0.9856
"undecanoyl-CoA",14,0.15,0.027,0.4893,0.9856
"PAPS",36,0.122,0.023,0.4907,0.9856
"(11Z,14Z)-eicosadienoyl-CoA",34,0.12,0.021,0.4917,0.9856
"4-oxo-9-cis-retinoate",32,0.291,0.019,0.4926,0.9856
"inosine",12,0.24,0.012,0.4951,0.9856
"chondroitin sulfate A (GalNAc4S-GlcA), degradation product 1",4,0.159,0.009,0.4964,0.9856
"chondroitin sulfate B - dermatan sulfate (IdoA2S-GalNAc4S), degradation product 1",4,0.159,0.009,0.4964,0.9856
"(2E,6Z,9Z,12Z)-octadecatetraenoyl-CoA",10,0.16,0.004,0.4984,0.9856
"trans,cis,cis-2,7,10-hexadecatrienoyl-CoA",10,0.16,0.004,0.4984,0.9856
"trans,cis,cis-2,9,12-octadecatrienoyl-CoA",10,0.16,0.004,0.4984,0.9856
"trans,cis-hexadeca-2,7-dienoyl-CoA",10,0.16,0.004,0.4984,0.9856
"trans,cis-hexadeca-2,9-dienoyl-CoA",10,0.16,0.004,0.4984,0.9856
"trans,cis-myristo-2,5-dienoyl-CoA",10,0.16,0.004,0.4984,0.9856
"trans,cis-myristo-2,7-dienoyl-CoA",10,0.16,0.004,0.4984,0.9856
"trans,cis-octadeca-2,11-dienoyl-CoA",10,0.16,0.004,0.4984,0.9856
"trans,cis-octadeca-2,9-dienoyl-CoA",10,0.16,0.004,0.4984,0.9856
"trans-2-cis,cis-5,8-tetradecatrienoyl-CoA",10,0.16,0.004,0.4984,0.9856
"folate",13,0.34,0.003,0.4989,0.9856
"(11Z,14Z,17Z)-eicosatrienoyl-CoA",36,0.134,0.002,0.4992,0.9856
"chondroitin sulfate precursor (GalNAc-GlcA-(Gal)2-Xyl-L-Ser (protein))",9,-0.042,0.002,0.4992,0.9856
"mannose",18,0.224,0.002,0.4993,0.9856
"glycolate",10,0.371,-0.001,0.5004,0.9856
"1-acylglycerol-3P-bile-PC pool",9,0.207,-0.002,0.5008,0.9856
"acyl-CoA-bile-PC pool",9,0.207,-0.002,0.5008,0.9856
"dCMP",14,-0.224,-0.004,0.5014,0.9856
"tricosanoyl-CoA",18,0.026,-0.006,0.5022,0.9856
"6(R)-hydroxy-tetradeca-(4E,8Z)-dienoate",5,0.087,-0.008,0.5033,0.9856
"6(S)-hydroxy-tetradeca-(4E,8Z)-dienoate",5,0.087,-0.008,0.5033,0.9856
"8(R)-hydroxy-hexadeca-(4E,6E,10Z)-trienoate",5,0.087,-0.008,0.5033,0.9856
"8(S)-hydroxy-hexadeca-(4E,6E,10Z)-trienoate",5,0.087,-0.008,0.5033,0.9856
"keratan sulfate I, degradation product 4",4,0.346,-0.011,0.5045,0.9856
"keratan sulfate I, degradation product 5",4,0.346,-0.011,0.5045,0.9856
"keratan sulfate II (core 2-linked), degradation product 1",4,0.346,-0.011,0.5045,0.9856
"keratan sulfate II (core 2-linked), degradation product 2",4,0.346,-0.011,0.5045,0.9856
"keratan sulfate II (core 4-linked), degradation product 1",4,0.346,-0.011,0.5045,0.9856
"keratan sulfate II (core 4-linked), degradation product 2",4,0.346,-0.011,0.5045,0.9856
"5-hydroxyindoleacetate",6,-0.087,-0.016,0.5063,0.9856
"dADP",27,0.243,-0.017,0.5067,0.9856
"GDP-mannose",10,0.31,-0.018,0.5073,0.9856
"itaconyl-CoA",4,-0.105,-0.018,0.5073,0.9856
"10,13,16-docosatrienoyl-CoA",30,0.048,-0.02,0.5081,0.9856
"acyl-CoA pool",33,0.158,-0.02,0.5078,0.9856
"Trans2,6Dodecadienoyl Coenzyme A",4,0.153,-0.022,0.5087,0.9856
"chondroitin sulfate E (GalNAc4,6diS-GlcA), precursor 5a",5,-0.126,-0.022,0.5088,0.9856
"L-lactate",16,0.352,-0.024,0.5097,0.9856
"keratan sulfate I biosynthesis, precursor 36",7,0.109,-0.028,0.5112,0.9856
"keratan sulfate II (core 4-linked), biosynthesis, precursor 10",7,0.109,-0.028,0.5112,0.9856
"keratan sulfate II biosynthesis, precursor 10",7,0.109,-0.028,0.5112,0.9856
"4-nitrophenyl-phosphate",5,0.1,-0.03,0.5118,0.9856
"6-hydroxymelatonin",12,0.313,-0.031,0.5125,0.9856
"(18E)-20-oxo-20-CoA-LTB4",6,0.226,-0.032,0.513,0.9856
"(18E)-20-oxo-20-CoA-LTE4",6,0.226,-0.032,0.513,0.9856
"(2S,6R,10R)-trimethyl-(2E)-hendecenoyl-CoA",6,0.226,-0.032,0.513,0.9856
"(4R,8R,12R)-trimethyl-(2E)-tridecenoyl-CoA",6,0.226,-0.032,0.513,0.9856
"5(S),12(R)-dihydroxy-eicosa-2,8-trans-6,14-cis-tetraenoyl-CoA",6,0.226,-0.032,0.513,0.9856
"5-oxo-12(R)-hydroxy-eicosa-(2E,8E,10E,14Z)-tetraenoyl-CoA",6,0.226,-0.032,0.513,0.9856
"5-oxo-12(S)-hydroxy-eicosa-(2E,8E,10E,14Z)-tetraenoyl-CoA",6,0.226,-0.032,0.513,0.9856
"delta2-THA-CoA",6,0.226,-0.032,0.513,0.9856
"trans-2,3-dehydropristanoyl-CoA",6,0.226,-0.032,0.513,0.9856
"trans-2-all-cis-6,9,12,15,18-tetracosahexaenoyl-CoA",6,0.226,-0.032,0.513,0.9856
"3-Hydroxyisovaleryl Coenzyme A",3,-0.303,-0.036,0.5142,0.9856
"keratan sulfate I, degradation product 3",5,0.416,-0.036,0.5144,0.9856
"L-alanyl-tRNA(ala)",14,0.172,-0.038,0.5152,0.9856
"tRNA(ala)",14,0.172,-0.038,0.5152,0.9856
"16-hydroxyhexadecanoic acid",6,0.04,-0.039,0.5157,0.9856
"homoserine",5,0.261,-0.042,0.5167,0.9856
"ribose",4,0.533,-0.043,0.5173,0.9856
"5beta-cholestane-3alpha,7alpha,12alpha,24s,25-pentol",23,0.162,-0.044,0.5177,0.9856
"pyridoxal-phosphate",6,0.136,-0.046,0.5185,0.9856
"selenohomocysteine",4,0.138,-0.049,0.5194,0.9856
"3-oxodocosanoyl-CoA",16,0.283,-0.053,0.521,0.9856
"proline",40,0.164,-0.053,0.521,0.9856
"formylglutathione",6,-0.331,-0.055,0.522,0.9856
"taurocholate",13,0.302,-0.061,0.5241,0.9856
"4-(2-amino-3-hydroxyphenyl)-2,4-dioxobutanoate",3,-0.13,-0.062,0.5247,0.9856
"4-hydroxy-2-quinolinecarboxylic acid",3,-0.13,-0.062,0.5247,0.9856
"xanthurenate",3,-0.13,-0.062,0.5247,0.9856
"thymine",3,0.385,-0.063,0.5253,0.9856
"deamido-NAD",6,-0.061,-0.066,0.5262,0.9856
"phosphatidate-LD-TAG pool",25,0.077,-0.067,0.5269,0.9856
"Hexadecanediocacid",3,-0.256,-0.073,0.5293,0.9856
"lithocholate",13,-0.158,-0.073,0.5291,0.9856
"1-phosphatidyl-myo-inositol-3,5-bisphosphate",17,-0.067,-0.075,0.5297,0.9856
"allopurinol",4,0.239,-0.076,0.5304,0.9856
"14-demethyllanosterol",4,0.27,-0.077,0.5308,0.9856
"4,4-dimethyl-5alpha-cholesta-8-en-3-beta-ol",4,0.27,-0.077,0.5308,0.9856
"3-oxopropionyl-CoA",15,0.105,-0.078,0.531,0.9856
"5(S)-HETE",14,0.16,-0.079,0.5316,0.9856
"heptanoyl-CoA",12,0.107,-0.079,0.5314,0.9856
"nonanoyl-CoA",12,0.107,-0.079,0.5314,0.9856
"(2S,6R,10R)-trimethyl-hendecanoyl-CoA",3,0.053,-0.08,0.5319,0.9856
"25(S)THCA-CoA",3,0.053,-0.08,0.5319,0.9856
"sphingosine-1-phosphate",12,0.117,-0.082,0.5326,0.9856
"deoxyadenosine",13,0.209,-0.084,0.5334,0.9856
"indoleacetate",7,0.001,-0.088,0.5352,0.9856
"reverse triiodthyronine",21,0.307,-0.088,0.535,0.9856
"prostaglandin I2",4,-0.264,-0.09,0.5357,0.9856
"histamine",10,-0.398,-0.092,0.5366,0.9856
"L-cystathionine",3,0.357,-0.099,0.5393,0.9856
"(2E)-hexadecenoyl-CoA",25,0.012,-0.1,0.54,0.9856
"4-cis-decenoyl-CoA",13,0.122,-0.1,0.54,0.9856
"propinol adenylate",3,0.575,-0.1,0.5398,0.9856
"N-acetylneuraminate",11,0.262,-0.101,0.5403,0.9856
"DNA",30,0.262,-0.102,0.5405,0.9856
"S-farnesyl-protein",3,-0.201,-0.102,0.5407,0.9856
"1D-myo-inositol-bisdiphosphate-tetrakisphosphate",5,0.19,-0.108,0.5429,0.9856
"18-CoA-18-oxo-dinor-LTB4",10,0.26,-0.111,0.5444,0.9856
"3(S),10(R)-OH-octadeca-6-trans-4,12-cis-trienoyl-CoA",10,0.26,-0.111,0.5444,0.9856
"3-carboxy-alpha-chromanol",39,0.295,-0.111,0.544,0.9856
"3-oxo-10(R)-hydroxy-octadeca-(6E,8E,12Z)-trienoyl-CoA",10,0.26,-0.111,0.5444,0.9856
"3-oxo-10(S)-hydroxy-octadeca-(6E,8E,12Z)-trienoyl-CoA",10,0.26,-0.111,0.5444,0.9856
"gamma-carboxyethyl-hydroxychroman",39,0.295,-0.111,0.544,0.9856
"fn2m2masn",5,0.111,-0.112,0.5447,0.9856
"(S)-3-hydroxy-2-methylbutyryl-CoA",3,0.265,-0.117,0.5467,0.9856
"keratan sulfate I biosynthesis, precursor 11",6,0.187,-0.122,0.5486,0.9856
"keratan sulfate I biosynthesis, precursor 14",6,0.187,-0.122,0.5486,0.9856
"keratan sulfate I biosynthesis, precursor 17",6,0.187,-0.122,0.5486,0.9856
"keratan sulfate I biosynthesis, precursor 20",6,0.187,-0.122,0.5486,0.9856
"keratan sulfate I biosynthesis, precursor 23",6,0.187,-0.122,0.5486,0.9856
"keratan sulfate I biosynthesis, precursor 26",6,0.187,-0.122,0.5486,0.9856
"keratan sulfate I biosynthesis, precursor 29",6,0.187,-0.122,0.5486,0.9856
"keratan sulfate I biosynthesis, precursor 32",6,0.187,-0.122,0.5486,0.9856
"keratan sulfate I biosynthesis, precursor 35",6,0.187,-0.122,0.5486,0.9856
"keratan sulfate I biosynthesis, precursor 5",6,0.187,-0.122,0.5486,0.9856
"keratan sulfate I biosynthesis, precursor 8",6,0.187,-0.122,0.5486,0.9856
"keratan sulfate II (core 2-linked)",7,0.19,-0.122,0.5485,0.9856
"keratan sulfate II (core 4-linked)",7,0.19,-0.122,0.5485,0.9856
"keratan sulfate II (core 4-linked), biosynthesis, precursor 6",6,0.187,-0.122,0.5486,0.9856
"keratan sulfate II (core 4-linked), biosynthesis, precursor 9",6,0.187,-0.122,0.5486,0.9856
"keratan sulfate II biosynthesis, precursor 6",6,0.187,-0.122,0.5486,0.9856
"keratan sulfate II biosynthesis, precursor 9",6,0.187,-0.122,0.5486,0.9856
"dGMP",13,-0.163,-0.128,0.5509,0.9856
"9-eicosenoyl-CoA",35,0.123,-0.129,0.5513,0.9856
"phosphatidate-LD-PI pool",23,0.171,-0.134,0.5534,0.9856
"citrulline",11,0.373,-0.136,0.554,0.9856
"L-cysteate",3,-0.353,-0.138,0.5548,0.9856
"S-aminomethyldihydrolipoamide",3,0.301,-0.138,0.5548,0.9856
"dCDP",16,0.061,-0.141,0.556,0.9856
"1,2-diacylglycerol-LD-TAG pool",36,0.224,-0.142,0.5565,0.9856
"3-methoxy-4-hydroxyphenylacetaldehyde",5,0.404,-0.148,0.559,0.9856
"3-methoxy-4-hydroxyphenylglycolaldehyde",5,0.404,-0.148,0.559,0.9856
"globoside",8,0.322,-0.152,0.5602,0.9856
"chondroitin sulfate E (GalNAc4,6diS-GlcA), degradation product 4",5,0.158,-0.154,0.5611,0.9856
"10,13,16,19-docosatetraenoyl-CoA",34,0.108,-0.157,0.5623,0.9856
"cholesterol",35,0.364,-0.162,0.5644,0.9856
"3-isoLM1",3,0.159,-0.165,0.5657,0.9856
"L-isoleucyl-tRNA(ile)",12,0.174,-0.167,0.5664,0.9856
"tRNA(ile)",12,0.174,-0.167,0.5664,0.9856
"(13E)-tetranor-16-oxo-16-CoA-LTE4",7,0.278,-0.168,0.5669,0.9856
"(2E)-decenoyl-CoA",12,0.182,-0.168,0.5667,0.9856
"UDP-xylose",3,0.321,-0.168,0.5667,0.9856
"methylglyoxal",9,0.65,-0.168,0.5667,0.9856
"L-seryl-tRNA(ser)",14,0.161,-0.172,0.5682,0.9856
"adenylyl sulfate",3,0.039,-0.172,0.5683,0.9856
"tRNA(ser)",14,0.161,-0.172,0.5682,0.9856
"5-hydroxy-fluvastatin",4,-0.316,-0.175,0.5696,0.9856
"11-cis-retinol",9,0.27,-0.181,0.5717,0.9856
"l2fn2m2masn",8,0.064,-0.183,0.5728,0.9856
"urea",8,-0.196,-0.188,0.5746,0.9856
"HMG-CoA",6,0.147,-0.189,0.5751,0.9856
"(5S,6S)-epoxy-(15R)-hydroxy-ETE",3,0.334,-0.19,0.5753,0.9856
"5(S),6(S)-epoxy-15(R)-HEPE",3,0.334,-0.19,0.5753,0.9856
"5,6-epoxytetraene",3,0.334,-0.19,0.5753,0.9856
"dihydroceramide pool",9,0.265,-0.19,0.5755,0.9856
"lipoxin B4",3,0.334,-0.19,0.5753,0.9856
"taurine",5,0.395,-0.197,0.578,0.9856
"dolichyl-phosphate-D-mannose",13,0.126,-0.198,0.5785,0.9856
"thiosulfate",3,0.489,-0.199,0.5788,0.9856
"L-glutamyl-tRNA(glu)",14,0.171,-0.2,0.5792,0.9856
"L-prolyl-tRNA(pro)",14,0.171,-0.2,0.5792,0.9856
"pentanoyl-CoA",13,0.088,-0.2,0.5793,0.9856
"tRNA(glu)",14,0.171,-0.2,0.5792,0.9856
"tRNA(pro)",14,0.171,-0.2,0.5792,0.9856
"GM1",11,0.313,-0.202,0.5801,0.9856
"1D-myo-inositol-3-phosphate",5,-0.345,-0.211,0.5834,0.9856
"2-methylbutyryl-CoA",5,0.064,-0.211,0.5837,0.9856
"1-phosphatidyl-1D-myo-inositol-3-phosphate",29,0.005,-0.216,0.5854,0.9856
"sarcosine",6,0.167,-0.221,0.5875,0.9856
"fluvastatin",9,-0.056,-0.224,0.5885,0.9856
"pyruvate",40,0.135,-0.225,0.5889,0.9856
"Alpha-Linolenyl Carnitine",3,0.053,-0.23,0.5909,0.9856
"2-arachidonoylglycerol",12,-0.116,-0.232,0.5917,0.9856
"20-COOH-18-oxo-LTE4-CoA",4,0.225,-0.232,0.5916,0.9856
"3-keto-THA-CoA",4,0.225,-0.232,0.5916,0.9856
"3-ketopristanoyl-CoA",4,0.225,-0.232,0.5916,0.9856
"3-oxo-(2S,6R,10R)-trimethyl-hendecanoyl-CoA",4,0.225,-0.232,0.5916,0.9856
"3-oxo-(4R,8R,12R)-trimethyl-tridecanoyl-CoA",4,0.225,-0.232,0.5916,0.9856
"CDP-ethanolamine",3,0.025,-0.232,0.5918,0.9856
"dephospho-CoA",4,0.017,-0.232,0.5917,0.9856
"PAP",35,0.091,-0.233,0.5923,0.9856
"phosphatidylinositol-3,5-bisphosphate",26,0.097,-0.233,0.592,0.9856
"1,2-diacylglycerol-LD-PE pool",23,0.188,-0.234,0.5926,0.9856
"L-methionyl-tRNA(met)",15,0.165,-0.234,0.5927,0.9856
"(Glc)3 (GlcNAc)2 (Man)9 (PP-Dol)1",10,0.061,-0.235,0.5929,0.9856
"chenodeoxycholoyl-CoA",11,0.258,-0.238,0.594,0.9856
"glycerate",7,0.035,-0.239,0.5946,0.9856
"protoporphyrin",3,0.023,-0.242,0.5956,0.9856
"chondroitin sulfate A (GalNAc4S-GlcA) and B (IdoA2S-GalNAc4S), precursor 3",9,-0.141,-0.243,0.5958,0.9856
"hyaluronan biosynthesis, precursor 1",5,0.264,-0.247,0.5976,0.9856
"(2S)-pristanic acid",3,0.039,-0.248,0.5979,0.9856
"hexadecanal",3,0.113,-0.25,0.5986,0.9856
"3'-hydroxy-simvastatin-lactone form",5,-0.446,-0.251,0.599,0.9856
"3-hydroxy-L-kynurenine",7,0.107,-0.251,0.5992,0.9856
"6'-beta-carboxy-simvastatin-lactone form",5,-0.446,-0.251,0.599,0.9856
"6'-beta-hydroxy simvastatin lactone",5,-0.446,-0.251,0.599,0.9856
"6'-beta-hydroxy-methyl-simvastatin-lactone form",5,-0.446,-0.251,0.599,0.9856
"L-aspartyl-tRNA(asp)",14,0.076,-0.254,0.6002,0.9856
"tRNA(asp)",14,0.076,-0.254,0.6002,0.9856
"methanol",12,-0.244,-0.256,0.6011,0.9856
"5-hydroxyindoleacetaldehyde",15,-0.208,-0.257,0.6015,0.9856
"zymosterol",4,0.328,-0.257,0.6014,0.9856
"DNA-5-methylcytosine",5,0.306,-0.26,0.6026,0.9856
"(7Z,10Z,13Z,16Z)-docosatetraenoyl-CoA",38,0.12,-0.264,0.6043,0.9856
"2-methylacetoacetyl-CoA",5,0.136,-0.267,0.6052,0.9856
"3-oxo-(2S)-methylisocapryloyl-CoA",5,0.136,-0.267,0.6052,0.9856
"3-oxo-4(R),8-dimethyl-nonanoyl-CoA",5,0.136,-0.267,0.6052,0.9856
"3-oxo-4-methyl-pentanoyl-CoA",5,0.136,-0.267,0.6052,0.9856
"3-oxo-6(R)-hydroxy-tetradec-8-cis-enoate",5,0.136,-0.267,0.6052,0.9856
"3-oxo-6(S)-hydroxy-tetradec-(8Z)-enoate",5,0.136,-0.267,0.6052,0.9856
"3-oxo-8(R)-hydroxy-hexadeca-(6E,10Z)-dienoate",5,0.136,-0.267,0.6052,0.9856
"3-oxo-8(S)-hydroxy-hexadeca-(6E,10Z)-dienoate",5,0.136,-0.267,0.6052,0.9856
"3-oxoheptadecanoyl-CoA",5,0.136,-0.267,0.6052,0.9856
"3-oxoheptanoyl-CoA",5,0.136,-0.267,0.6052,0.9856
"3-oxononanoyl-CoA",5,0.136,-0.267,0.6052,0.9856
"3-oxopentadecanoyl-CoA",5,0.136,-0.267,0.6052,0.9856
"3-oxopentanoyl-CoA",5,0.136,-0.267,0.6052,0.9856
"3-oxotridecanoyl-CoA",5,0.136,-0.267,0.6052,0.9856
"3-oxoundecanoyl-CoA",5,0.136,-0.267,0.6052,0.9856
"L-glutaminyl-tRNA(gln)",14,0.148,-0.269,0.6061,0.9856
"dehydroalanine",3,0.133,-0.269,0.6062,0.9856
"tRNA(gln)",14,0.148,-0.269,0.6061,0.9856
"CDP-diacylglycerol-LD-PI pool",3,-0.223,-0.271,0.6066,0.9856
"(2E,4Z,7Z,10Z)-hexadecatetraenoyl-CoA",8,0.07,-0.274,0.6081,0.9856
"2-trans-4-cis-decadienoyl-CoA",8,0.07,-0.274,0.6081,0.9856
"se-adenosyl-L-selenohomocysteine",7,0.243,-0.275,0.6082,0.9856
"15(S)-HETrE",5,0.213,-0.277,0.6091,0.9856
"4(R)-hydroxy-dodec-(6Z)-enoate",3,0.032,-0.279,0.6099,0.9856
"4(S)-hydroxy-dodec-(6Z)-enoate",3,0.032,-0.279,0.6099,0.9856
"Cis-6-Dodecenoyl Coenzyme A",6,0.094,-0.282,0.611,0.9856
"7alpha-hydroxycholest-4-en-3-one",9,0.359,-0.285,0.6123,0.9856
"(2S)-pristanoyl-CoA",4,-0.042,-0.287,0.613,0.9856
"1'-OH-midazolam-glucuronide",3,0.515,-0.289,0.6137,0.9856
"4-OH-midazolam-glucuronide",3,0.515,-0.289,0.6137,0.9856
"biotin",4,0.058,-0.291,0.6144,0.9856
"decanoic acid",18,0.094,-0.294,0.6157,0.9856
"paragloboside",11,0.065,-0.304,0.6194,0.9856
"4alpha-carboxy-4beta-methyl-5alpha-cholesta-8,24-dien-3beta-ol",3,0.44,-0.307,0.6206,0.9856
"4alpha-carboxy-4beta-methyl-5alpha-cholesta-8-en-3beta-ol",3,0.44,-0.307,0.6206,0.9856
"4alpha-carboxy-5alpha-cholesta-8,24-dien-3beta-ol",3,0.44,-0.307,0.6206,0.9856
"4alpha-carboxy-5alpha-cholesta-8-en-3beta-ol",3,0.44,-0.307,0.6206,0.9856
"trichloroacetate",13,-0.092,-0.307,0.6205,0.9856
"16alpha-hydroxydehydroepiandrosterone",4,0.253,-0.309,0.6215,0.9856
"tiglyl-CoA",8,-0.001,-0.313,0.6228,0.9856
"(R)-S-lactoylglutathione",9,-0.289,-0.315,0.6237,0.9856
"CMP-N-acetylneuraminate",15,-0.171,-0.315,0.6236,0.9856
"cobamide-coenzyme",3,0.438,-0.318,0.6247,0.9856
"glucosamine",7,0.795,-0.32,0.6255,0.9856
"ibuprofen-R",5,-0.453,-0.32,0.6257,0.9856
"(2E)-hexenoyl-CoA",11,0.129,-0.322,0.6263,0.9856
"(4Z,7Z,10Z,13Z,16Z,19Z)-docosahexaenoyl-CoA",37,0.079,-0.322,0.6264,0.9856
"(2E)-heneicosenoyl-CoA",11,0.17,-0.326,0.6277,0.9856
"(2E)-nonadecenoyl-CoA",11,0.17,-0.326,0.6277,0.9856
"isobutyryl-CoA",7,0.035,-0.326,0.6279,0.9856
"(4Z,7Z,10Z,13Z,16Z)-docosapentaenoyl-CoA",24,0.058,-0.328,0.6287,0.9856
"L-cysteinyl-tRNA(cys)",10,0.3,-0.33,0.6293,0.9856
"tRNA(cys)",10,0.3,-0.33,0.6293,0.9856
"trans-3-cis-5,8,11,14-eicosapentaenoyl-CoA",4,0.254,-0.333,0.6304,0.9856
"2,6-dimethyl-trans-2-heptenoyl-CoA",4,0.082,-0.334,0.6306,0.9856
"4(R),8-dimethyl-trans-2-nonenoyl-CoA",4,0.082,-0.334,0.6306,0.9856
"3alpha,7alpha,12alpha,25-tetrahydroxy-5beta-cholestane-24-one",20,0.087,-0.335,0.6314,0.9856
"Hydroxy Alkyl Chain",3,-0.437,-0.339,0.6327,0.9856
"9-cis-4-oxo-13,14-dihydro-retinoate",17,0.162,-0.34,0.6332,0.9856
"lipid droplet",7,0.328,-0.34,0.6332,0.9856
"ADP-ribose",9,-0.22,-0.342,0.634,0.9856
"D-glucitol",7,0.316,-0.343,0.6341,0.9856
"7,12-dimethylbenz[a]anthracene 5,6-oxide",11,-0.242,-0.344,0.6346,0.9856
"benzo[a]pyrene-7,8-oxide",11,-0.242,-0.344,0.6346,0.9856
"trans-3,4-dihydro-3,4-dihydroxy-7,12-dimethylbenz[a]anthracene",11,-0.242,-0.344,0.6346,0.9856
"18,20-dioxo-20-CoA-LTB4",9,0.176,-0.348,0.6361,0.9856
"3,5-dioxo-12(R)-hydroxy-eicosa-(8E,10E,14Z)-trienoyl-CoA",9,0.176,-0.348,0.6361,0.9856
"3,5-dioxo-12(S)-hydroxy-eicosa-(8E,10E,14Z)-trienoyl-CoA",9,0.176,-0.348,0.6361,0.9856
"3-oxo-(6Z,9Z,12Z)-octadecatrienoyl-CoA",9,0.176,-0.348,0.6361,0.9856
"3-oxo-11-cis-octadecenoyl-CoA",9,0.176,-0.348,0.6361,0.9856
"3-oxo-5(S),12(R)-dihydroxy-eicosa-8-trans-6,14-cis-trienoyl-CoA",9,0.176,-0.348,0.6361,0.9856
"3-oxo-7-hexadecenoyl-CoA",9,0.176,-0.348,0.6361,0.9856
"3-oxo-cis,cis-5,8-tetradecadienoyl-CoA",9,0.176,-0.348,0.6361,0.9856
"3-oxo-cis,cis-7,10-hexadecadienoyl-CoA",9,0.176,-0.348,0.6361,0.9856
"3-oxodecanoyl-CoA",9,0.176,-0.348,0.6361,0.9856
"3-oxododecanoyl-CoA",9,0.176,-0.348,0.6361,0.9856
"3-oxohexanoyl-CoA",9,0.176,-0.348,0.6361,0.9856
"3-oxolaur-6-cis-enoyl-CoA",9,0.176,-0.348,0.6361,0.9856
"3-oxolinoleoyl-CoA",9,0.176,-0.348,0.6361,0.9856
"3-oxomyrist-5-enoyl-CoA",9,0.176,-0.348,0.6361,0.9856
"3-oxomyrist-7-enoyl-CoA",9,0.176,-0.348,0.6361,0.9856
"3-oxooctanoyl-CoA",9,0.176,-0.348,0.6361,0.9856
"3-oxooleoyl-CoA",9,0.176,-0.348,0.6361,0.9856
"3-oxopalmitoleoyl-CoA",9,0.176,-0.348,0.6361,0.9856
"3-oxopalmitoyl-CoA",9,0.176,-0.348,0.6361,0.9856
"3-oxotetradecanoyl-CoA",9,0.176,-0.348,0.6361,0.9856
"vitamin K",3,0.048,-0.351,0.6373,0.9856
"4-hydroxy-2-oxoglutarate",3,-0.279,-0.352,0.6376,0.9856
"sn-glycerol-3-PC",10,0.064,-0.352,0.6377,0.9856
"sn-glycerol-3-PE",10,0.064,-0.352,0.6377,0.9856
"dIDP",6,0.088,-0.359,0.6403,0.9856
"D-aspartate",5,0.198,-0.364,0.6421,0.9856
"4(R),8-dimethyl-nonanoyl-CoA",5,0.081,-0.365,0.6423,0.9856
"methylmalonate",7,-0.093,-0.366,0.6427,0.9856
"dihydrolipoamide",5,0.132,-0.367,0.6432,0.9856
"hydroxyacetone",4,0.264,-0.368,0.6435,0.9856
"n2m2masn",4,0.123,-0.37,0.6445,0.9856
"homocarnosine",3,0.139,-0.374,0.646,0.9856
"1-Arachidonoyl-Glycero-3-Phosphocholine",5,0.267,-0.376,0.6467,0.9856
"1-Dihomo-Linolenoylglycerophosphocholine (20:3, Delta 8, 11, 14), Lysopc A C20:3",5,0.267,-0.376,0.6467,0.9856
"1-Docosahexaenoylglycerophosphocholine",5,0.267,-0.376,0.6467,0.9856
"1-Docosahexenoylglycerophosphocholine (Delta 4, 7, 10, 13, 16, 19), Sn1-Lpc (22:6)",5,0.267,-0.376,0.6467,0.9856
"1-Docosapentenoylglycerophosphocholine (Delta 4, 7, 10, 13, 16), Sn1-Lpc (22:5)-W6",5,0.267,-0.376,0.6467,0.9856
"1-Docosapentenoylglycerophosphocholine (Delta 7, 10, 13, 16, 19), Sn1-Lpc (22:5)-W3",5,0.267,-0.376,0.6467,0.9856
"1-Docosatetraenoylglycerophosphocholine (Delta 7, 10, 13, 16), Sn1-Lpc (22:4)",5,0.267,-0.376,0.6467,0.9856
"1-Eicosadienoylglycerophosphocholine (Delta 11,14)",5,0.267,-0.376,0.6467,0.9856
"1-Eicosapentenoylglycerophosphocholine (Delta 5, 8, 11, 14, 17), Sn1-Lpc (20:5)",5,0.267,-0.376,0.6467,0.9856
"1-Eicosatetraenoylglycerophosphocholine (Delta 8, 11, 14, 17), Sn1-Lpc (20:4)",5,0.267,-0.376,0.6467,0.9856
"1-Eicosatrienoylglycerophosphocholine (Delta 11, 14, 17)",5,0.267,-0.376,0.6467,0.9856
"1-Eicosenoylglycerophosphocholine (Delta 11) ,Sn1-Lpc (20:1)",5,0.267,-0.376,0.6467,0.9856
"1-Heptadecanoylglycerophosphocholine",5,0.267,-0.376,0.6467,0.9856
"1-Lignocericylglycerophosphocholine (24:0), Lysopc A C24",5,0.267,-0.376,0.6467,0.9856
"1-Linoleoylglycerophosphocholine (Delta 9,12)",5,0.267,-0.376,0.6467,0.9856
"1-Myristoylglycerophosphocholine",5,0.267,-0.376,0.6467,0.9856
"1-Nonadecanoylglycerophosphocholine, Sn1-Lpc (19:0)",5,0.267,-0.376,0.6467,0.9856
"1-Octadeca-Trienoylglycerophosphocholine, Sn1-Lpc (18:3, Delta 6, 9, 12)",5,0.267,-0.376,0.6467,0.9856
"1-Octadeca-Trienoylglycerophosphocholine, Sn1-Lpc (18:3, Delta 9, 12, 15)",5,0.267,-0.376,0.6467,0.9856
"1-Oleoylglycerophosphocholine (Delta 9)",5,0.267,-0.376,0.6467,0.9856
"1-Palmitoleoylglycerophosphocholine (Delta 9)",5,0.267,-0.376,0.6467,0.9856
"1-Palmitoylglycerophosphocholine",5,0.267,-0.376,0.6467,0.9856
"1-Pentadecanoylglycerophosphocholine, Sn1-Lpc (15:0)",5,0.267,-0.376,0.6467,0.9856
"1-Stearoylglycerophosphocholine",5,0.267,-0.376,0.6467,0.9856
"2-Linoleoylglycerophosphocholine",5,0.267,-0.376,0.6467,0.9856
"2-Oleoylglycerophosphocholine",5,0.267,-0.376,0.6467,0.9856
"2-Stearoylglycerophosphocholine",5,0.267,-0.376,0.6467,0.9856
"emem2gacpail heparan sulfate",3,0.078,-0.376,0.6467,0.9856
"sulfatide",4,0.504,-0.377,0.647,0.9856
"3-hydroxypropionyl-CoA",18,0.073,-0.379,0.6477,0.9856
"16-glucuronide-estriol",3,0.554,-0.383,0.649,0.9856
"23S,25,26-trihydroxyvitamin D3",3,-0.104,-0.383,0.6491,0.9856
"23s,25-dihydroxyvitamin D3",3,-0.104,-0.383,0.6491,0.9856
"24-oxo-1alpha,23,25-trihydroxyvitamin D3",3,-0.104,-0.383,0.6491,0.9856
"24-oxo-1alpha,25-dihydroxyvitamin D3",3,-0.104,-0.383,0.6491,0.9856
"25-hydroxyvitamin D3-26,23-lactol",3,-0.104,-0.383,0.6491,0.9856
"25-hydroxyvitamin D3-26,23-lactone",3,-0.104,-0.383,0.6491,0.9856
"5alpha-dihydrotestosterone-glucuronide",3,0.554,-0.383,0.649,0.9856
"calcitetrol",3,-0.104,-0.383,0.6491,0.9856
"4alpha-hydroxytetrahydrobiopterin",3,-0.229,-0.394,0.6532,0.9856
"androsterone",9,0.379,-0.395,0.6535,0.9856
"glutamate",82,0.116,-0.4,0.6553,0.9856
"deoxyinosine",8,0.329,-0.402,0.6561,0.9856
"L-gulonate",3,0.14,-0.403,0.6564,0.9856
"20-hydroxycholesterol",4,-0.108,-0.41,0.6592,0.9856
"5-aminolevulinate",4,0.173,-0.41,0.6593,0.9856
"13,14-dihydro-15-oxo-lipoxin A4",18,0.079,-0.416,0.6614,0.9856
"15-oxo-lipoxin A4",18,0.079,-0.416,0.6614,0.9856
"3(S)-hydroxy-cis-15-tetracosaenoyl-CoA",13,0.187,-0.422,0.6635,0.9856
"Trans4Decenoyl Coenzyme A",4,-0.011,-0.423,0.6639,0.9856
"2-trans-cis,cis,cis,cis-4,8,11,14-eicosapentaenoyl-CoA",12,0.131,-0.425,0.6647,0.9856
"hexacosanoyl-CoA",24,0.04,-0.427,0.6651,0.9856
"10,11-dihydro-LTB4",12,0.127,-0.428,0.6655,0.9856
"3(S)-hydroxy-11-cis-eicosenoyl-CoA",15,0.201,-0.432,0.6673,0.9856
"3(S)-hydroxy-13-cis-docosenoyl-CoA",15,0.201,-0.432,0.6673,0.9856
"10,11-dihydro-12-oxo-LTB4",4,0.153,-0.433,0.6675,0.9856
"Xyl-L-Ser-[protein]",3,0.304,-0.433,0.6675,0.9856
"3-hydroxyisobutyrate",3,-0.109,-0.435,0.6683,0.9856
"prostaglandin E1",9,0.412,-0.437,0.669,0.9856
"(5Z)-dodecenoyl-CoA",14,0.076,-0.438,0.6693,0.9856
"1D-myo-inositol-1,3,4,5-tetrakisphosphate",9,-0.067,-0.438,0.6693,0.9856
"(13E)-tetranor-16-carboxy-LTE4",5,0.322,-0.44,0.67,0.9856
"18-COOH-LTE4",5,0.322,-0.44,0.67,0.9856
"3(S),10(R)-OH-octadeca-6-trans-4,12-cis-trienoate",5,0.322,-0.44,0.67,0.9856
"omega-carboxy-trinor-LTB4",5,0.322,-0.44,0.67,0.9856
"[protein]-L-cysteine",4,-0.094,-0.444,0.6713,0.9856
"Adipoyl Carnitine",4,-0.094,-0.445,0.6719,0.9856
"Dodecanedioyl Carnitine",4,-0.094,-0.445,0.6719,0.9856
"Hexanoyl Carnitine",4,-0.094,-0.445,0.6719,0.9856
"L-octanoylcarnitine",4,-0.094,-0.445,0.6719,0.9856
"Sebacoyl Carnitine",4,-0.094,-0.445,0.6719,0.9856
"Suberyl Carnitine",4,-0.094,-0.445,0.6719,0.9856
"Succinyl Carnitine",4,-0.094,-0.445,0.6719,0.9856
"L-carnitine",13,0.112,-0.447,0.6724,0.9856
"rosuvastatin",6,-0.07,-0.447,0.6725,0.9856
"phytoceramide pool",5,0.335,-0.451,0.6739,0.9856
"4-cholesten-7alpha,24(S)-diol-3-one",3,0.266,-0.453,0.6747,0.9856
"4-cholesten-7alpha,27-diol-3-one",3,0.266,-0.453,0.6747,0.9856
"1D-myo-inositol-1,3,4-trisphosphate",5,-0.023,-0.455,0.6755,0.9856
"selenide",6,0.2,-0.455,0.6756,0.9856
"(2E)-docosenoyl-CoA",16,0.169,-0.457,0.676,0.9856
"(2E)-eicosenoyl-CoA",16,0.169,-0.457,0.676,0.9856
"(7Z,10Z,13Z,16Z,19Z)-docosapentaenoyl-CoA",37,0.095,-0.457,0.676,0.9856
"trans,cis-2,13-eicosadienoyl-CoA",16,0.169,-0.457,0.676,0.9856
"dihydrobiopterin",3,-0.205,-0.461,0.6775,0.9856
"chondroitin sulfate A (GalNAc4S-GlcA) proteoglycan",4,0.027,-0.465,0.679,0.9856
"chondroitin sulfate B (IdoA2S-GalNAc4S), precursor 4",4,0.027,-0.465,0.679,0.9856
"selenomethionine-se-oxide",5,0.293,-0.466,0.6794,0.9856
"trimethylamine",5,0.293,-0.466,0.6794,0.9856
"trimethylamine-N-oxide",5,0.293,-0.466,0.6794,0.9856
"nLc6Cer",12,0.031,-0.469,0.6804,0.9856
"NH4+",26,0.246,-0.471,0.6813,0.9856
"chondroitin sulfate B (IdoA2S-GalNAc4s), precursor 5",6,-0.12,-0.471,0.681,0.9856
"ethanol",9,-0.155,-0.471,0.6812,0.9856
"(6Z,9Z,12Z,15Z,18Z)-tetracosapentaenoyl-CoA",23,0.027,-0.472,0.6816,0.9856
"9-cis-retinol",11,-0.028,-0.472,0.6815,0.9856
"se-adenosylselenomethionine",8,0.161,-0.472,0.6816,0.9856
"2,6,9,12,15-Octadecapentenoyl Coenzyme A",4,0.309,-0.473,0.6818,0.9856
"2,7,10,13,16,19-Docosahexenoyl Coenzyme A",4,0.309,-0.473,0.6818,0.9856
"3,6,9,12,15-Octadecapentenoyl Coenzyme A",4,0.309,-0.473,0.6818,0.9856
"Trans3,6Dodecadienoyl Coenzyme A",4,0.309,-0.473,0.6818,0.9856
"Pristanoyl Coenzyme A",7,0.025,-0.478,0.6836,0.9856
"estrone 3-sulfate",13,0.002,-0.479,0.6842,0.9856
"3-hydroxyoctadecanoyl-CoA",16,0.202,-0.48,0.6845,0.9856
"cis,cis-3,6-dodecadienoyl-CoA",9,0.189,-0.481,0.6849,0.9856
"7-Tetradecenoyl Coenzyme A",3,0.258,-0.483,0.6856,0.9856
"Trans5,8Tetradecadienoyl Coenzyme A",3,0.258,-0.483,0.6856,0.9856
"retinal",20,-0.069,-0.485,0.686,0.9856
"glucosylceramide pool",35,0.123,-0.486,0.6865,0.9856
"keratan sulfate I biosynthesis, precursor 12",9,0.427,-0.487,0.6868,0.9856
"keratan sulfate I biosynthesis, precursor 15",9,0.427,-0.487,0.6868,0.9856
"keratan sulfate I biosynthesis, precursor 18",9,0.427,-0.487,0.6868,0.9856
"keratan sulfate I biosynthesis, precursor 2",9,0.427,-0.487,0.6868,0.9856
"keratan sulfate I biosynthesis, precursor 21",9,0.427,-0.487,0.6868,0.9856
"keratan sulfate I biosynthesis, precursor 24",9,0.427,-0.487,0.6868,0.9856
"keratan sulfate I biosynthesis, precursor 27",9,0.427,-0.487,0.6868,0.9856
"keratan sulfate I biosynthesis, precursor 3",9,0.427,-0.487,0.6868,0.9856
"keratan sulfate I biosynthesis, precursor 30",9,0.427,-0.487,0.6868,0.9856
"keratan sulfate I biosynthesis, precursor 33",9,0.427,-0.487,0.6868,0.9856
"keratan sulfate I biosynthesis, precursor 6",9,0.427,-0.487,0.6868,0.9856
"keratan sulfate I biosynthesis, precursor 9",9,0.427,-0.487,0.6868,0.9856
"keratan sulfate II (core 4-linked), biosynthesis, precursor 3",9,0.427,-0.487,0.6868,0.9856
"keratan sulfate II (core 4-linked), biosynthesis, precursor 4",9,0.427,-0.487,0.6868,0.9856
"keratan sulfate II (core 4-linked), biosynthesis, precursor 7",9,0.427,-0.487,0.6868,0.9856
"keratan sulfate II biosynthesis, precursor 2",9,0.427,-0.487,0.6868,0.9856
"keratan sulfate II biosynthesis, precursor 3",9,0.427,-0.487,0.6868,0.9856
"keratan sulfate II biosynthesis, precursor 4",9,0.427,-0.487,0.6868,0.9856
"keratan sulfate II biosynthesis, precursor 7",9,0.427,-0.487,0.6868,0.9856
"maltose",3,0.032,-0.489,0.6877,0.9856
"maltotriose",3,0.032,-0.489,0.6877,0.9856
"keratan sulfate I",5,-0.069,-0.491,0.6884,0.9856
"glycyl-tRNA(gly)",14,0.141,-0.493,0.689,0.9856
"tRNA(gly)",14,0.141,-0.493,0.689,0.9856
"1,2-diacylglycerol-LD-SM pool",17,0.213,-0.5,0.6914,0.9856
"GMP",39,-0.082,-0.504,0.693,0.9856
"fatty acid pool",44,0.237,-0.505,0.6933,0.9856
"ornithine",15,0.015,-0.506,0.6936,0.9856
"mitoACP",3,-0.269,-0.513,0.6959,0.9856
"3-Oxo-Cis-8-Tetradecenoyl Coenzyme A",4,0.083,-0.516,0.6969,0.9856
"3-oxo-10(R)-hydroxy-octadeca-(6E,8E,12Z)-trienoate",8,0.213,-0.516,0.697,0.9856
"3-oxo-10(S)-hydroxy-octadeca-(6E,8E,12Z)-trienoate",8,0.213,-0.516,0.697,0.9856
"inositol",8,-0.246,-0.518,0.6977,0.9856
"7-hydroxymethyl-12-methylbenz[a]anthracene",10,-0.401,-0.519,0.6982,0.9856
"5,6-epoxy-(8Z)-tetradecenoic acid",23,0.226,-0.52,0.6986,0.9856
"3-Hydoxy-Suberyl Coenzyme A",4,0.085,-0.522,0.6991,0.9856
"(2E)-hexacosenoyl-CoA",12,0.204,-0.525,0.7002,0.9856
"(2E)-tetracosenoyl-CoA",12,0.204,-0.525,0.7002,0.9856
"trans,cis-2,17-hexacosadienoyl-CoA",12,0.204,-0.525,0.7002,0.9856
"11-cis-retinal",6,0.269,-0.538,0.7046,0.9856
"keratan sulfate I biosynthesis, precursor 1",7,0.458,-0.541,0.7057,0.9856
"core 6",5,0.277,-0.544,0.7067,0.9856
"sulfoglycolithocholate",4,-0.538,-0.544,0.7068,0.9856
"dihomo-gamma-linolenate",23,-0.068,-0.545,0.7073,0.9856
"Trans-3-Cis-8-Tetradecadienoyl Coenzyme A",3,0.252,-0.553,0.7098,0.9856
"Trans-2-Cis-8-Tetradecadienoyl Coenzyme A",5,0.263,-0.561,0.7127,0.9856
"trans,cis-lauro-2,6-dienoyl-CoA",9,0.213,-0.561,0.7125,0.9856
"2-O-acetyl-ADP-D-ribose",3,-0.033,-0.562,0.7131,0.9856
"alpha-NAD(+)",3,-0.033,-0.562,0.7131,0.9856
"hexadecanol",3,-0.369,-0.567,0.7146,0.9856
"alpha-hydroxyisocaproic acid",13,0.254,-0.569,0.7155,0.9856
"benzo[a]pyrene-9,10-oxide",12,-0.213,-0.57,0.7155,0.9856
"2-oxoglutaramate",4,-0.124,-0.571,0.716,0.9856
"aflatoxin M1-8,9-epoxide",9,-0.388,-0.571,0.7161,0.9856
"S-glutathionyl-2-4-dinitrobenzene",5,-0.199,-0.572,0.7164,0.9856
"glutathionyl-leukotriene C4",5,-0.199,-0.572,0.7164,0.9856
"galactose",23,0.189,-0.579,0.7188,0.9856
"lipoic acid",3,0.373,-0.582,0.7198,0.9856
"N-acetylglucosamine-6-phosphate",4,0.047,-0.583,0.7201,0.9856
"phosphopantetheine",8,-0.031,-0.583,0.7202,0.9856
"fructoseglycine",3,0.147,-0.586,0.7211,0.9856
"fructoseglycine-ketone-3-phosphate",3,0.147,-0.586,0.7211,0.9856
"palmitate",37,0.11,-0.587,0.7214,0.9856
"L-threonyl-tRNA(thr)",14,0.145,-0.59,0.7226,0.9856
"tRNA(thr)",14,0.145,-0.59,0.7226,0.9856
"1D-myo-inositol-3,4-bisphosphate",3,-0.268,-0.592,0.7229,0.9856
"calcidiol",7,-0.083,-0.595,0.724,0.9856
"25-hydroxyvitamin D2",3,0.081,-0.597,0.7247,0.9856
"aflatoxin M1",10,-0.285,-0.597,0.7246,0.9856
"D-4-phosphopantothenate",4,-0.316,-0.598,0.7251,0.9856
"lc3Cer",8,0.336,-0.601,0.7261,0.9856
"phosphatidate-LD-SM pool",18,0.133,-0.601,0.7262,0.9856
"phosphatidate-bile-PC pool",18,0.133,-0.601,0.7262,0.9856
"3alpha,7alpha,12alpha-trihydroxy-5beta-24-oxocholestanoyl-CoA",5,0.164,-0.602,0.7264,0.9856
"3alpha,7alpha-dihydroxy-24-oxo-5beta-cholestanoyl coa",5,0.164,-0.602,0.7264,0.9856
"tyrosine",36,0.199,-0.604,0.7271,0.9856
"(3E,5Z,8Z)-Tetradecatrienoyl Coenzyme A",3,0.275,-0.606,0.7277,0.9856
"cysteamine",3,-0.278,-0.607,0.7281,0.9856
"valine",31,0.332,-0.608,0.7283,0.9856
"uracil",6,0.007,-0.61,0.7291,0.9856
"(3S)-3-Hydroxy-Cis-8-Tetradecenoyl Coenzyme A",4,0.238,-0.619,0.732,0.9856
"25(R)THCA-CoA",4,0.044,-0.619,0.7322,0.9856
"4-methyl-2-oxopentanoate",16,0.192,-0.624,0.7338,0.9856
"dITP",7,0.052,-0.626,0.7345,0.9856
"6-beta-OH-gliclazide",4,-0.348,-0.627,0.7345,0.9856
"[protein]-L-serine",18,0.163,-0.627,0.7345,0.9856
"L-phenylalanyl-tRNA(phe)",15,0.164,-0.628,0.735,0.9856
"tRNA(phe)",15,0.164,-0.628,0.735,0.9856
"cholesterol-STAR",7,0.178,-0.633,0.7367,0.9856
"keratan sulfate II (core 4-linked), biosynthesis, precursor 1",7,0.129,-0.64,0.7389,0.9856
"keratan sulfate II biosynthesis, precursor 1",7,0.129,-0.64,0.7389,0.9856
"3-Oxolaur-Cis-5-Enoyl Coenzyme A",4,0.192,-0.643,0.74,0.9856
"Octadecenoyl Coenzyme A",5,0.171,-0.643,0.7399,0.9856
"undecylic acid",14,0.144,-0.647,0.7411,0.9856
"5,15-DiHETE",3,0.399,-0.648,0.7416,0.9856
"10,11-epoxy-(4Z,7Z)-hexadecadienoic acid",24,0.209,-0.649,0.742,0.9856
"11-carboxy-alpha-chromanol",24,0.209,-0.649,0.742,0.9856
"11-carboxy-gamma-chromanol",24,0.209,-0.649,0.742,0.9856
"12,13-epoxy-(6Z,9Z)-octadecadienoic acid",24,0.209,-0.649,0.742,0.9856
"7,8-epoxy-(4Z,10Z)-hexadecadienoic acid",24,0.209,-0.649,0.742,0.9856
"7-carboxy-alpha-chromanol",24,0.209,-0.649,0.742,0.9856
"7-carboxy-gamma-chromanol",24,0.209,-0.649,0.742,0.9856
"8,9-epoxy-(5Z)-tetradecenoic acid",24,0.209,-0.649,0.742,0.9856
"9,10-epoxy-(6Z,12Z)-octadecadienoic acid",24,0.209,-0.649,0.742,0.9856
"9-carboxy-alpha-chromanol",24,0.209,-0.649,0.742,0.9856
"9-carboxy-gamma-chromanol",24,0.209,-0.649,0.742,0.9856
"3-hydroxyheneicosanoyl-CoA",9,0.185,-0.65,0.7422,0.9856
"3-hydroxynonadecanoyl-CoA",9,0.185,-0.65,0.7422,0.9856
"G00031",3,0.28,-0.65,0.7422,0.9856
"Trans,Cis-Dodeca-2,5-Dienoyl Coenzyme A",9,-0.004,-0.652,0.7428,0.9856
"peptidylproline-(omega=0)",29,-0.006,-0.652,0.7429,0.9856
"peptidylproline-(omega=180)",29,-0.006,-0.652,0.7429,0.9856
"margaric acid",21,0.163,-0.653,0.743,0.9856
"pentadecylic acid",21,0.163,-0.653,0.743,0.9856
"acylglycerone-phosphate",3,0.005,-0.654,0.7434,0.9856
"phytosphingosine",5,0.588,-0.654,0.7434,0.9856
"L-asparaginyl-tRNA(asn)",13,0.137,-0.655,0.7438,0.9856
"tRNA(asn)",13,0.137,-0.655,0.7438,0.9856
"(11Z)-docosenoyl-CoA",29,0.021,-0.656,0.7442,0.9856
"(13Z,16Z)-docosadienoyl-CoA",29,0.021,-0.656,0.7442,0.9856
"13,16,19-docosatrienoyl-CoA",29,0.021,-0.656,0.7442,0.9856
"18-COOH-(15E)-dinor-LTE4-CoA",5,0.167,-0.656,0.7442,0.9856
"N-acetylmethionine",3,0.377,-0.658,0.7447,0.9856
"5-Dodecenoyl Coenzyme A",7,0.105,-0.659,0.7451,0.9856
"GSSG",18,0.007,-0.659,0.7451,0.9856
"creatine",5,0.844,-0.66,0.7455,0.9856
"phosphatidylinositol-3,4,5-trisphosphate",24,0.03,-0.666,0.7472,0.9856
"2,6,10-Trimethyl Undecanoyl Coenzyme A",4,0.097,-0.669,0.7483,0.9856
"sulfotaurolithocholate",4,-0.629,-0.671,0.7489,0.9856
"10,11-dihydro-12-epi-LTB4",11,0.09,-0.678,0.7511,0.9856
"hydroxide",6,0.561,-0.681,0.752,0.9856
"indole-3-acetaldehyde",8,0.01,-0.687,0.754,0.9856
"N-acetylglucosamine",12,0.407,-0.688,0.7542,0.9856
"phenylalanine",39,0.187,-0.698,0.7573,0.9856
"N-desmethyl-rosuvastatin",3,-0.414,-0.7,0.7581,0.9856
"glycine",66,0.151,-0.701,0.7583,0.9856
"(1aalpha,2beta,3alpha,11calpha)-1a,2,3,11c-tetrahydro-6,11-dimethylbenzo[6,7]phenanthro[3,4-b]oxirene-2,3-diol",10,-0.331,-0.711,0.7614,0.9856
"1,1-dichloroethylene",10,-0.331,-0.711,0.7614,0.9856
"1-nitronaphthalene",10,-0.331,-0.711,0.7614,0.9856
"4-[(hydroxymethyl)nitrosoamino]-1-(3-pyridinyl)-1-butanone",10,-0.331,-0.711,0.7614,0.9856
"4-methyl-pentanoyl-CoA",5,-0.064,-0.711,0.7616,0.9856
"9-hydroxybenzo[a]pyrene",10,-0.331,-0.711,0.7614,0.9856
"9-hydroxybenzo[a]pyrene-4,5-oxide",10,-0.331,-0.711,0.7614,0.9856
"TAG epoxide",10,-0.331,-0.711,0.7614,0.9856
"aflatoxin Q1",10,-0.331,-0.711,0.7614,0.9856
"benzo[a]pyrene-7,8-dihydrodiol-9,10-oxide",10,-0.331,-0.711,0.7614,0.9856
"bromobenzene",10,-0.331,-0.711,0.7614,0.9856
"chloral",10,-0.331,-0.711,0.7614,0.9856
"naphthalene",10,-0.331,-0.711,0.7614,0.9856
"isoleucine",32,0.341,-0.713,0.7621,0.9856
"4-methyl-trans-2-pentenoyl-CoA",3,-0.067,-0.717,0.7635,0.9856
"acetoacetate",13,0.064,-0.718,0.7635,0.9856
"mannose-6-phosphate",8,0.373,-0.721,0.7644,0.9856
"2(R),6-dimethyl-heptanoyl-CoA",4,-0.021,-0.729,0.767,0.9856
"3-amino-propanal",9,0.149,-0.729,0.7671,0.9856
"phosphatidate-LD-PE pool",20,0.144,-0.729,0.767,0.9856
"phosphatidate-LD-PS pool",20,0.144,-0.729,0.767,0.9856
"(3S)-3-hydroxy-cis,cis-palmito-7,10-dienoyl-CoA",8,0.201,-0.731,0.7675,0.9856
"(3S)-3-hydroxylinoleoyl-CoA",8,0.201,-0.731,0.7675,0.9856
"(S)-3-hydroxy-11-cis-octadecenoyl-CoA",8,0.201,-0.731,0.7675,0.9856
"(S)-3-hydroxy-7-hexadecenoyl-CoA",8,0.201,-0.731,0.7675,0.9856
"(S)-3-hydroxyhexadecanoyl-CoA",8,0.201,-0.731,0.7675,0.9856
"(S)-3-hydroxyoleyleoyl-CoA",8,0.201,-0.731,0.7675,0.9856
"(S)-3-hydroxypalmitoleoyl-CoA",8,0.201,-0.731,0.7675,0.9856
"20-CoA-20-oxo-18r-hydroxy-LTB4",8,0.201,-0.731,0.7675,0.9856
"3(S),12(R)-dihydroxy-5-oxo-eicosa-(8E,10E,14Z)-trienoyl-CoA",8,0.201,-0.731,0.7675,0.9856
"3(S),12(S)-dihydroxy-5-oxo-eicosa-(8E,10E,14Z)-trienoyl-CoA",8,0.201,-0.731,0.7675,0.9856
"3(S),5(S),12(R)-trihydroxy-eicosa-8-trans-6,14-cis-trienoyl-CoA",8,0.201,-0.731,0.7675,0.9856
"3(S)-hydroxy-(5Z,8Z)-tetradecadienoyl-CoA",8,0.201,-0.731,0.7675,0.9856
"3(S)-hydroxy-(6Z,9Z,12Z)-octadecatrienoyl-CoA",8,0.201,-0.731,0.7675,0.9856
"3(S)-hydroxy-dihomo-gamma-linolenoyl-CoA",8,0.201,-0.731,0.7675,0.9856
"cis-(3S)-hydroxytetradec-5-enoyl-CoA",8,0.201,-0.731,0.7675,0.9856
"cis-(3S)-hydroxytetradec-7-enoyl-CoA",8,0.201,-0.731,0.7675,0.9856
"(2E)-tricosenoyl-CoA",6,0.183,-0.732,0.7681,0.9856
"trans,cis,cis,cis-2,11,14,17-eicosatetraenoyl-CoA",6,0.183,-0.732,0.7681,0.9856
"trans,cis,cis,cis-2,13,16,19-docosatetraenoyl-CoA",6,0.183,-0.732,0.7681,0.9856
"trans,cis,cis-2,13,16-docasatrienoyl-CoA",6,0.183,-0.732,0.7681,0.9856
"trans,cis-2,11-docosadienoyl-CoA",6,0.183,-0.732,0.7681,0.9856
"trans,cis-2,8,11-eicosatrienoyl-CoA",6,0.183,-0.732,0.7681,0.9856
"trans,cis-2,9-eicosadienoyl-CoA",6,0.183,-0.732,0.7681,0.9856
"n2m2nmn",3,0.35,-0.736,0.769,0.9856
"13-Docosenoyl Coenzyme A",10,0.196,-0.74,0.7704,0.9856
"fructose",15,0.358,-0.74,0.7703,0.9856
"L-tyrosyl-tRNA(tyr)",13,0.247,-0.743,0.7712,0.9856
"tRNA(tyr)",13,0.247,-0.743,0.7712,0.9856
"11-Octadecenoyl Carnitine",4,0.095,-0.745,0.772,0.9856
"Octadecenoyl Carnitine (Hypothetical, Position Of Double Bond Unknown)",4,0.095,-0.745,0.772,0.9856
"(2E)-dodecenoyl-CoA",17,0.133,-0.747,0.7725,0.9856
"D-lactate",16,0.075,-0.748,0.7728,0.9856
"aflatoxin B1",11,-0.242,-0.748,0.7727,0.9856
"tridecylic acid",21,0.16,-0.756,0.7753,0.9856
"formaldehyde",18,-0.11,-0.758,0.7758,0.9856
"phosphatidate-LD-PC pool",21,0.107,-0.759,0.776,0.9856
"hyodeoxycholate",5,-0.52,-0.76,0.7763,0.9856
"LacCer pool",40,0.221,-0.762,0.777,0.9856
"1,2-diacylglycerol-LD-PS pool",19,0.165,-0.763,0.7773,0.9856
"2-oxo-3-methylvalerate",7,-0.005,-0.769,0.779,0.9856
"3-methyl-2-oxobutyrate",7,-0.005,-0.769,0.779,0.9856
"L-tryptophanyl-tRNA(trp)",14,0.137,-0.775,0.7808,0.9856
"tRNA(trp)",14,0.137,-0.775,0.7808,0.9856
"UDP-N-acetyl-D-galactosamine",20,0.004,-0.786,0.7841,0.9856
"(3Z)-dodecenoyl-CoA",11,0.151,-0.789,0.785,0.9856
"tetrahydrobiopterin",3,-0.19,-0.792,0.7858,0.9856
"Gliclazide",5,-0.242,-0.797,0.7873,0.9856
"18-COOH-(16E)-dinor-LTE5-CoA",5,0.036,-0.799,0.788,0.9856
"5(S)-HEPE",4,0.295,-0.8,0.7881,0.9856
"Suberyl Coenzyme A",10,-0.022,-0.8,0.7883,0.9856
"ribose-1-phosphate",4,0.273,-0.802,0.7886,0.9856
"FMN",7,-0.147,-0.803,0.7891,0.9856
"serotonin",11,-0.11,-0.803,0.7891,0.9856
"itaconate",3,0.029,-0.806,0.7898,0.9856
"mesaconate",3,0.029,-0.806,0.7898,0.9856
"mesaconyl-CoA",3,0.029,-0.806,0.7898,0.9856
"3alpha,7alpha,12alpha-trihydroxy-5beta-cholest-24-enoyl-CoA",5,0.047,-0.811,0.7914,0.9856
"2-oxobutyrate",12,0.084,-0.812,0.7916,0.9856
"3-methoxytyramine",3,0.116,-0.812,0.7916,0.9856
"L-metanephrine",3,0.116,-0.812,0.7916,0.9856
"normetanephrine",3,0.116,-0.812,0.7916,0.9856
"vitamin D3",3,-0.188,-0.813,0.7919,0.9856
"3,7,24THCA",3,-0.056,-0.814,0.7921,0.9856
"tetraHCA",3,-0.056,-0.814,0.7921,0.9856
"nLc7Cer",3,0.385,-0.819,0.7937,0.9856
"(3Z,7Z,10Z)-hexadecatrienoyl-CoA",6,0.165,-0.826,0.7955,0.9856
"(S)-Glycerate",4,0.05,-0.828,0.7961,0.9856
"1,2-diacylglycerol-bile-PC pool",11,-0.022,-0.828,0.7961,0.9856
"2-Hydroxy-3-Methyl-Valerate",4,0.05,-0.828,0.7961,0.9856
"2-Hydroxy-Isovalerate",4,0.05,-0.828,0.7961,0.9856
"glutaryl-CoA",5,0.068,-0.83,0.7967,0.9856
"(3S)-3-hydroxydodec-cis-6-enoyl-CoA",9,0.202,-0.831,0.7971,0.9856
"(S)-3-hydroxybutyryl-CoA",9,0.202,-0.831,0.7971,0.9856
"(S)-hydroxyhexanoyl-CoA",9,0.202,-0.831,0.7971,0.9856
"(S)-hydroxyoctanoyl-CoA",9,0.202,-0.831,0.7971,0.9856
"12-keto-LTB4",26,-0.118,-0.831,0.7971,0.9856
"L-leucyl-tRNA(leu)",14,0.115,-0.834,0.7977,0.9856
"N-acetyl-D-mannosamine",3,-0.192,-0.834,0.7979,0.9856
"tRNA(leu)",14,0.115,-0.834,0.7977,0.9856
"PC-LD pool",37,0.05,-0.836,0.7984,0.9856
"5-alpha-dihydrotestosterone",10,0.126,-0.837,0.7987,0.9856
"xylitol",3,0.187,-0.846,0.8013,0.9856
"hexanoyl-CoA",24,0.055,-0.847,0.8014,0.9856
"2-methyl-3-oxopropanoate",11,-0.086,-0.851,0.8027,0.9856
"17alpha,21-dihydroxypregnenolone",3,0.16,-0.853,0.8033,0.9856
"21-hydroxypregnenolone",3,0.16,-0.853,0.8033,0.9856
"25(R)TetraHCA-CoA",3,-0.078,-0.858,0.8045,0.9856
"3,7,24THCA-CoA",3,-0.078,-0.858,0.8045,0.9856
"myristic acid",26,0.113,-0.859,0.8049,0.9856
"histidine",37,0.151,-0.861,0.8053,0.9856
"S-glutathionyl-ethacrynic acid",4,-0.338,-0.862,0.8055,0.9856
"ibuprofen-CoA-S form",5,0.227,-0.863,0.8059,0.9856
"2-hydroxyestradiol-17beta",26,-0.035,-0.864,0.8062,0.9856
"16(S)-hydroxy-18-oxo-18-CoA-LTE4",6,0.171,-0.868,0.8073,0.9856
"18(R)-hydroxy-20-oxo-20-CoA-LTE4",6,0.171,-0.868,0.8073,0.9856
"3(R)-hydroxy-(2S,6R,10)-trimethyl-hendecanoyl-CoA",6,0.171,-0.868,0.8073,0.9856
"3(R)-hydroxy-(4R,8R,12R)-trimethyl-tridecanoyl-CoA",6,0.171,-0.868,0.8073,0.9856
"3(S)-hydroxy-tetracosa-6,9,12,15,18-all-cis-pentaenoyl-CoA",6,0.171,-0.868,0.8073,0.9856
"3-hydroxy-THA-CoA",6,0.171,-0.868,0.8073,0.9856
"3-hydroxypristanoyl-CoA",6,0.171,-0.868,0.8073,0.9856
"keratan sulfate I biosynthesis, precursor 10",7,0.476,-0.871,0.8082,0.9856
"keratan sulfate I biosynthesis, precursor 13",7,0.476,-0.871,0.8082,0.9856
"keratan sulfate I biosynthesis, precursor 16",7,0.476,-0.871,0.8082,0.9856
"keratan sulfate I biosynthesis, precursor 19",7,0.476,-0.871,0.8082,0.9856
"keratan sulfate I biosynthesis, precursor 22",7,0.476,-0.871,0.8082,0.9856
"keratan sulfate I biosynthesis, precursor 25",7,0.476,-0.871,0.8082,0.9856
"keratan sulfate I biosynthesis, precursor 28",7,0.476,-0.871,0.8082,0.9856
"keratan sulfate I biosynthesis, precursor 31",7,0.476,-0.871,0.8082,0.9856
"keratan sulfate I biosynthesis, precursor 34",7,0.476,-0.871,0.8082,0.9856
"keratan sulfate I biosynthesis, precursor 4",7,0.476,-0.871,0.8082,0.9856
"keratan sulfate I biosynthesis, precursor 7",7,0.476,-0.871,0.8082,0.9856
"keratan sulfate II (core 4-linked), biosynthesis, precursor 5",7,0.476,-0.871,0.8082,0.9856
"keratan sulfate II (core 4-linked), biosynthesis, precursor 8",7,0.476,-0.871,0.8082,0.9856
"keratan sulfate II biosynthesis, precursor 5",7,0.476,-0.871,0.8082,0.9856
"keratan sulfate II biosynthesis, precursor 8",7,0.476,-0.871,0.8082,0.9856
"kinetensin",3,0.719,-0.871,0.8083,0.9856
"nonanoic acid",13,0.114,-0.876,0.8096,0.9856
"valeric acid",13,0.114,-0.876,0.8096,0.9856
"PE-LD pool",35,0.096,-0.88,0.8105,0.9856
"GM1b",7,0.139,-0.881,0.8108,0.9856
"1-lyso-2-arachidonoyl-phosphatidate",9,0.059,-0.886,0.8122,0.9856
"2-acyl-1-alkyl-sn-glycero-3-phosphate",9,0.059,-0.886,0.8122,0.9856
"(R)-4-phosphopantothenoyl-cysteine",5,-0.227,-0.888,0.8129,0.9856
"Gal2-Xyl-L-Ser-[protein]",3,0.411,-0.89,0.8132,0.9856
"Zymosterol Intermediate 2",3,0.351,-0.89,0.8131,0.9856
"pantetheine",6,-0.056,-0.89,0.8133,0.9856
"trans-3-decenoyl-CoA",10,0.094,-0.891,0.8135,0.9856
"1,2-diacylglycerol-LD-PC pool",21,0.135,-0.893,0.8141,0.9856
"N(omega)-(ADP-D-ribosyl)-L-arginine",3,0.162,-0.895,0.8147,0.9856
"[protein]-omega-N-(ADP-D-ribosyl)-L-arginine",3,0.162,-0.895,0.8147,0.9856
"12(S)-HPETE",7,-0.037,-0.914,0.8198,0.9856
"13(S)-HODE",7,-0.037,-0.914,0.8198,0.9856
"13(S)-HPODE",7,-0.037,-0.914,0.8198,0.9856
"15(S)-HETE",7,-0.037,-0.914,0.8198,0.9856
"[protein]-L-arginine",5,0.64,-0.914,0.8197,0.9856
"leukotriene E4",40,0.011,-0.915,0.8199,0.9856
"oxalate",10,0.396,-0.918,0.8207,0.9856
"6-deoxy-L-galactose",3,-0.055,-0.921,0.8214,0.9856
"Methyl-hydroxy-gliclazide",3,-0.217,-0.921,0.8214,0.9856
"PNP",8,0.021,-0.925,0.8226,0.9856
"dopamine",17,0.191,-0.925,0.8224,0.9856
"carnosine",7,0.048,-0.928,0.8234,0.9856
"nm2masn",3,0.01,-0.931,0.824,0.9856
"deoxycholoyl-CoA",3,-0.063,-0.933,0.8245,0.9856
"arginine",35,0.226,-0.936,0.8254,0.9856
"dehydroepiandrosterone",5,-0.339,-0.937,0.8256,0.9856
"propanoate",15,0.304,-0.939,0.8261,0.9856
"GSH",64,-0.09,-0.943,0.8273,0.9856
"androsterone-glucuronide",4,0.16,-0.948,0.8284,0.9856
"testosterone glucuronide",4,0.16,-0.948,0.8284,0.9856
"chenodiol",19,-0.123,-0.949,0.8288,0.9856
"13-cis-retinal",4,0.271,-0.97,0.8341,0.9856
"4-aminobutanal",8,0.044,-0.97,0.8339,0.9856
"imidazole-4-acetaldehyde",8,0.044,-0.97,0.8339,0.9856
"octanoic acid",16,0.128,-0.974,0.835,0.9856
"11-carboxy-alpha-tocotrienol",28,0.2,-0.982,0.8368,0.9856
"11-carboxy-gamma-tocotrienol",28,0.2,-0.982,0.8368,0.9856
"5-carboxy-alpha-chromanol",28,0.2,-0.982,0.8368,0.9856
"5-carboxy-gamma-chromanol",28,0.2,-0.982,0.8368,0.9856
"7-carboxy-alpha-tocotrienol",28,0.2,-0.982,0.8368,0.9856
"7-carboxy-gamma-tocotrienol",28,0.2,-0.982,0.8368,0.9856
"9-carboxy-alpha-tocotrienol",28,0.2,-0.982,0.8368,0.9856
"9-carboxy-gamma-tocotrienol",28,0.2,-0.982,0.8368,0.9856
"L-lysyl-tRNA(lys)",14,0.121,-0.986,0.8378,0.9856
"[protein]-N6,N6,N6-trimethyl-L-lysine",31,0.125,-0.986,0.838,0.9856
"tRNA(lys)",14,0.121,-0.986,0.8378,0.9856
"2,6,9-Dodecatrienoyl Coenzyme A",8,0.081,-0.987,0.8382,0.9856
"2,7-Decadienoyl Coenzyme A",8,0.081,-0.987,0.8382,0.9856
"N-pantothenoylcysteine",3,-0.282,-0.987,0.8383,0.9856
"GM2A",19,0.289,-0.988,0.8384,0.9856
"9-cis-retinal",14,0.039,-0.997,0.8407,0.9856
"chondroitin sulfate A (GalNAc4S-GlcA), degradation product 3",3,0.063,-0.998,0.841,0.9856
"5-hydroxy-L-tryptophan",4,-0.385,-0.999,0.841,0.9856
"GD1alpha",4,0.14,-1,0.8413,0.9856
"nLc8Cer",3,0.575,-1.004,0.8423,0.9856
"ceramide-1P pool",9,0.081,-1.005,0.8425,0.9856
"mercaptopyruvate",6,0.052,-1.005,0.8426,0.9856
"heptylic acid",14,0.097,-1.011,0.844,0.9856
"3-decaprenyl-4-hydroxybenzoate",3,0.076,-1.015,0.8449,0.9856
"apoE",16,0.332,-1.027,0.8477,0.9856
"2(S),6-dimethyl-heptanoyl-CoA",3,-0.198,-1.029,0.8483,0.9856
"3-monoiodo-L-thyronine",4,0.436,-1.029,0.8482,0.9856
"(S)-3-Hydroxyoctadecanoyl Coenzyme A",5,0.124,-1.033,0.8492,0.9856
"3-Hydroxy Tetradecenoyl-7 Coenzyme A",5,0.124,-1.033,0.8492,0.9856
"3-Hydroxy Trans5,8Tetradecadienoyl Coenzyme A",5,0.124,-1.033,0.8492,0.9856
"3-Hydroxy Trans7,10-Hexadecadienoyl Coenzyme A",5,0.124,-1.033,0.8492,0.9856
"3-Hydroxyhexadecanoyl Coenzyme A",5,0.124,-1.033,0.8492,0.9856
"3-Hydroxyhexadecenoyl Coenzyme A",5,0.124,-1.033,0.8492,0.9856
"3-Hydroxyoctadecadienoyl Coenzyme A",5,0.124,-1.033,0.8492,0.9856
"3-Hydroxyoctadecenoyl Coenzyme A",5,0.124,-1.033,0.8492,0.9856
"PA6",4,-0.195,-1.033,0.8492,0.9856
"trans-3-cis-8,11,14-eicosatetraenoyl-CoA",7,0.173,-1.038,0.8503,0.9856
"malate",11,0.295,-1.042,0.8512,0.9856
"(R)-3-hydroxybutanoate",7,0.121,-1.048,0.8526,0.9856
"(3S)-hydroxy-docasa-cis,cis-13,16-dienoyl-CoA",6,0.092,-1.049,0.8528,0.9856
"(3S)-hydroxy-eicosa-cis,cis,cis-11,14,17-trienoyl-CoA",6,0.092,-1.049,0.8528,0.9856
"3(S)-hydroxy-11-cis-docosenoyl-CoA",6,0.092,-1.049,0.8528,0.9856
"3(S)-hydroxy-3-oxo-eicosadienoyl-CoA",6,0.092,-1.049,0.8528,0.9856
"3(S)-hydroxy-9-cis-eicosenoyl-CoA",6,0.092,-1.049,0.8528,0.9856
"3(S)-hydroxy-docosa-13,16,19-all-cis-trienoyl-CoA",6,0.092,-1.049,0.8528,0.9856
"3-hydroxytricosanoyl-CoA",6,0.092,-1.049,0.8528,0.9856
"GD1a",9,0.224,-1.051,0.8534,0.9856
"cholesterol-ester-10,13,16,19-docosa",3,0.076,-1.053,0.8539,0.9856
"cholesterol-ester-10,13,16-docosa",3,0.076,-1.053,0.8539,0.9856
"cholesterol-ester-10-hepta",3,0.076,-1.053,0.8539,0.9856
"cholesterol-ester-11,14,17-eico",3,0.076,-1.053,0.8539,0.9856
"cholesterol-ester-11,14-eicosa",3,0.076,-1.053,0.8539,0.9856
"cholesterol-ester-11-docose",3,0.076,-1.053,0.8539,0.9856
"cholesterol-ester-11-eico",3,0.076,-1.053,0.8539,0.9856
"cholesterol-ester-12,15,18,21-tetracosa",3,0.076,-1.053,0.8539,0.9856
"cholesterol-ester-13,16,19-doco",3,0.076,-1.053,0.8539,0.9856
"cholesterol-ester-13,16-docosa",3,0.076,-1.053,0.8539,0.9856
"cholesterol-ester-13-docose",3,0.076,-1.053,0.8539,0.9856
"cholesterol-ester-13-eicose",3,0.076,-1.053,0.8539,0.9856
"cholesterol-ester-13-octade",3,0.076,-1.053,0.8539,0.9856
"cholesterol-ester-15-tetra",3,0.076,-1.053,0.8539,0.9856
"cholesterol-ester-4,7,10,13,16,19-doco",3,0.076,-1.053,0.8539,0.9856
"cholesterol-ester-4,7,10,13,16-docosa",3,0.076,-1.053,0.8539,0.9856
"cholesterol-ester-5,8,11,14,17-eico",3,0.076,-1.053,0.8539,0.9856
"cholesterol-ester-5,8,11-eico",3,0.076,-1.053,0.8539,0.9856
"cholesterol-ester-5-tetra",3,0.076,-1.053,0.8539,0.9856
"cholesterol-ester-6,9,12,15,18,21-tetra",3,0.076,-1.053,0.8539,0.9856
"cholesterol-ester-6,9,12,15,18-tetraco",3,0.076,-1.053,0.8539,0.9856
"cholesterol-ester-6,9,12,15-octa",3,0.076,-1.053,0.8539,0.9856
"cholesterol-ester-6,9-octa",3,0.076,-1.053,0.8539,0.9856
"cholesterol-ester-7,10,13,16,19-docosa",3,0.076,-1.053,0.8539,0.9856
"cholesterol-ester-7,10,13,16-docosa",3,0.076,-1.053,0.8539,0.9856
"cholesterol-ester-7-hexa",3,0.076,-1.053,0.8539,0.9856
"cholesterol-ester-7-octade",3,0.076,-1.053,0.8539,0.9856
"cholesterol-ester-7-tetrade",3,0.076,-1.053,0.8539,0.9856
"cholesterol-ester-8,11,14,17-eico",3,0.076,-1.053,0.8539,0.9856
"cholesterol-ester-8,11-eico",3,0.076,-1.053,0.8539,0.9856
"cholesterol-ester-9,12,15,18,21-tetra",3,0.076,-1.053,0.8539,0.9856
"cholesterol-ester-9,12,15,18-tetraco",3,0.076,-1.053,0.8539,0.9856
"cholesterol-ester-9-eicose",3,0.076,-1.053,0.8539,0.9856
"cholesterol-ester-9-heptade",3,0.076,-1.053,0.8539,0.9856
"cholesterol-ester-9-octa",3,0.076,-1.053,0.8539,0.9856
"cholesterol-ester-9-tetrade",3,0.076,-1.053,0.8539,0.9856
"cholesterol-ester-arach",3,0.076,-1.053,0.8539,0.9856
"cholesterol-ester-cis-vac",3,0.076,-1.053,0.8539,0.9856
"cholesterol-ester-dihomo-gamma",3,0.076,-1.053,0.8539,0.9856
"cholesterol-ester-docosa",3,0.076,-1.053,0.8539,0.9856
"cholesterol-ester-eico",3,0.076,-1.053,0.8539,0.9856
"cholesterol-ester-gamma-lin",3,0.076,-1.053,0.8539,0.9856
"cholesterol-ester-heneico",3,0.076,-1.053,0.8539,0.9856
"cholesterol-ester-hepta",3,0.076,-1.053,0.8539,0.9856
"cholesterol-ester-hexacosa",3,0.076,-1.053,0.8539,0.9856
"cholesterol-ester-hexecose",3,0.076,-1.053,0.8539,0.9856
"cholesterol-ester-laur",3,0.076,-1.053,0.8539,0.9856
"cholesterol-ester-lin",3,0.076,-1.053,0.8539,0.9856
"cholesterol-ester-linolen",3,0.076,-1.053,0.8539,0.9856
"cholesterol-ester-myrist",3,0.076,-1.053,0.8539,0.9856
"cholesterol-ester-nanode",3,0.076,-1.053,0.8539,0.9856
"cholesterol-ester-ol",3,0.076,-1.053,0.8539,0.9856
"cholesterol-ester-palm",3,0.076,-1.053,0.8539,0.9856
"cholesterol-ester-palmn",3,0.076,-1.053,0.8539,0.9856
"cholesterol-ester-penta",3,0.076,-1.053,0.8539,0.9856
"cholesterol-ester-stea",3,0.076,-1.053,0.8539,0.9856
"cholesterol-ester-tetraco",3,0.076,-1.053,0.8539,0.9856
"cholesterol-ester-trico",3,0.076,-1.053,0.8539,0.9856
"cholesterol-ester-tridec",3,0.076,-1.053,0.8539,0.9856
"pregnenolone",7,0.112,-1.055,0.8542,0.9856
"3-hydroxyanthranilate",3,-0.047,-1.058,0.8549,0.9856
"hepoxilin A3",31,-0.102,-1.058,0.855,0.9856
"taurolithocholate",5,-0.501,-1.061,0.8556,0.9856
"[protein]-L-glutamine",4,0.193,-1.064,0.8563,0.9856
"[protein]-N5-alkylglutamine",4,0.193,-1.064,0.8563,0.9856
"alkylamine",4,0.193,-1.064,0.8563,0.9856
"Protein-Linked Serine Or Threonine Residue (O-Glycosylation Site)",11,-0.039,-1.065,0.8565,0.9856
"all-trans-decaprenyl-diphosphate",4,0.141,-1.071,0.8579,0.9856
"dAMP",16,0.021,-1.075,0.8589,0.9856
"aspartate",37,0.128,-1.076,0.8591,0.9856
"coumarin",3,0.31,-1.078,0.8595,0.9856
"umbelliferone",3,0.31,-1.078,0.8595,0.9856
"progesterone",8,-0.056,-1.085,0.861,0.9856
"dimethylglycine",5,0.187,-1.089,0.862,0.9856
"3(S)-3-Hydroxydodecen-(5Z)-Oyl Coenzyme A",6,0.159,-1.096,0.8635,0.9856
"monosialylgalactosylgloboside",3,0.031,-1.099,0.8641,0.9856
"sialyl-T antigen",3,0.031,-1.099,0.8641,0.9856
"GT1b",7,0.264,-1.1,0.8644,0.9856
"PE-PS-LD pool",3,-0.166,-1.104,0.8652,0.9856
"L-arginyl-tRNA(arg)",15,0.125,-1.105,0.8654,0.9856
"tRNA(arg)",15,0.125,-1.105,0.8654,0.9856
"Tn-antigen",17,0.015,-1.109,0.8662,0.9856
"3,5-diiodo-L-thyronine-4-O-sulfate",3,0.474,-1.111,0.8666,0.9856
"3-monoiodo-L-thyronine-4-O-sulfate",3,0.474,-1.111,0.8666,0.9856
"de-Fuc form of PA6",3,-0.104,-1.112,0.8669,0.9856
"keratan sulfate I, degradation product 1",3,-0.104,-1.112,0.8669,0.9856
"glucosaminyl-acylphosphatidylinositol",3,-0.146,-1.117,0.868,0.9856
"(6Z,9Z)-octadecadienoic acid",20,0.043,-1.122,0.8691,0.9856
"7-palmitoleic acid",20,0.043,-1.122,0.8691,0.9856
"9-heptadecylenic acid",20,0.043,-1.122,0.8691,0.9856
"palmitolate",20,0.043,-1.122,0.8691,0.9856
"D-galactosyl-N-acylsphingosine",31,0.103,-1.124,0.8695,0.9856
"plasminogen",16,0.311,-1.124,0.8695,0.9856
"tRNA-guanine",5,0.091,-1.124,0.8694,0.9856
"serine",50,0.24,-1.133,0.8715,0.9856
"20-COOH-LTE4",11,-0.085,-1.138,0.8723,0.9856
"1-alkyl-2-acylglycerol",12,-0.018,-1.148,0.8745,0.9856
"3-Hydroxy-Adipoyl Coenzyme A",3,-0.016,-1.155,0.8759,0.9856
"3-Hydroxy-Sebacoyl Coenzyme A",3,-0.016,-1.155,0.8759,0.9856
"Adipoyl Coenzyme A",11,0.013,-1.158,0.8765,0.9856
"N4-acetylaminobutanal",11,0.066,-1.159,0.8768,0.9856
"Dodecanedioyl Coenzyme A",8,-0.062,-1.165,0.8779,0.9856
"homocysteine",9,0.058,-1.17,0.879,0.9856
"stearate",25,0.052,-1.172,0.8794,0.9856
"N-acetyl-LTE4",37,0.094,-1.174,0.8798,0.9856
"2-deoxy-D-ribose-5-phosphate",3,0.01,-1.179,0.8807,0.9856
"thiol",47,0.09,-1.179,0.8808,0.9856
"ubiquitin C terminal thiolester",47,0.09,-1.179,0.8808,0.9856
"L-histidyl-tRNA(his)",12,0.199,-1.18,0.8809,0.9856
"tRNA(his)",12,0.199,-1.18,0.8809,0.9856
"N-methylhistamine",7,-0.085,-1.183,0.8816,0.9856
"3-keto-4-methylzymosterol",3,0.325,-1.191,0.8831,0.9856
"D-3-amino-isobutanoate",3,-0.07,-1.194,0.8838,0.9856
"3-hydroxykynurenamine",3,0.016,-1.198,0.8845,0.9856
"5-hydroxykynurenamine",3,0.016,-1.198,0.8845,0.9856
"4-(n-nitrosomethylamino)-1-(3-pyridyl)-1-butanone",20,0,-1.2,0.8849,0.9856
"1,3-diaminopropane",6,0.104,-1.205,0.886,0.9856
"glutamine",49,0.159,-1.209,0.8867,0.9856
"butyrate",18,0.132,-1.214,0.8876,0.9856
"(10Z)-heptadecenoic acid",21,0.018,-1.22,0.8888,0.9856
"(13Z)-octadecenoic acid",21,0.018,-1.22,0.8888,0.9856
"(7Z)-octadecenoic acid",21,0.018,-1.22,0.8888,0.9856
"(7Z)-tetradecenoic acid",21,0.018,-1.22,0.8888,0.9856
"(9E)-tetradecenoic acid",21,0.018,-1.22,0.8888,0.9856
"gamma-linolenate",21,0.018,-1.22,0.8888,0.9856
"physeteric acid",21,0.018,-1.22,0.8888,0.9856
"3,7,10,13,16-Docosapentenoyl Coenzyme A",5,0.092,-1.224,0.8896,0.9856
"3,7,10,13-Hexadecatetraenoyl Coenzyme A",5,0.092,-1.224,0.8896,0.9856
"3,7-Decadienoyl Coenzyme A",5,0.092,-1.224,0.8896,0.9856
"2,4,7,10,13,16-Docosahexenoyl Coenzyme A",4,0.022,-1.233,0.8911,0.9856
"2,4,7,10,13-Hexadecapentaenoyl Coenzyme A",4,0.022,-1.233,0.8911,0.9856
"3,4-dihydroxyphenylacetaldehyde",8,0.49,-1.234,0.8915,0.9856
"asparagine",39,0.138,-1.24,0.8925,0.9856
"behenic acid",22,0.119,-1.241,0.8927,0.9856
"4-hydroxyphenylacetaldehyde",8,0.322,-1.243,0.8931,0.9856
"methylimidazole-acetaldehyde",8,0.322,-1.243,0.8931,0.9856
"hexanoic acid",17,0.132,-1.244,0.8932,0.9856
"aflatoxin B1-exo-8,9-epoxide",25,-0.286,-1.246,0.8935,0.9856
"glycolithocholate",6,-0.377,-1.25,0.8944,0.9856
"4alpha-methyl-cholesta-8-enol",3,0.144,-1.257,0.8956,0.9856
"4alpha-methylzymosterol",3,0.144,-1.257,0.8956,0.9856
"digalactosylceramide",24,0.02,-1.257,0.8956,0.9856
"tryptophan",35,0.191,-1.261,0.8963,0.9856
"3,7,10-Hexadecatrienoyl Coenzyme A",3,-0.053,-1.263,0.8967,0.9856
"UDP-glucose",17,0.169,-1.268,0.8975,0.9856
"keratan sulfate II (core 4-linked), biosynthesis, precursor 2",8,0.39,-1.27,0.898,0.9856
"10,11-dihydro-LTB4-CoA",8,-0.049,-1.271,0.8981,0.9856
"20-COOH-LTE4-CoA",8,-0.049,-1.271,0.8981,0.9856
"20-CoA-20-oxo-LTB4",8,-0.049,-1.271,0.8981,0.9856
"5-oxo-12(R)-hydroxy-eicosa-(8E,10E,14Z)-trienoyl-CoA",8,-0.049,-1.271,0.8981,0.9856
"5-oxo-12(S)-hydroxy-eicosa-(8E,10E,14Z)-trienoyl-CoA",8,-0.049,-1.271,0.8981,0.9856
"25(R)DHCA-CoA",4,-0.079,-1.275,0.8989,0.9856
"3(S)-hydroxy-13-cis-eicosenoyl-CoA",14,0.154,-1.278,0.8993,0.9856
"3-hydroxydocosanoyl-CoA",14,0.154,-1.278,0.8993,0.9856
"3-hydroxyeicosanoyl-CoA",14,0.154,-1.278,0.8993,0.9856
"spermidine monoaldehyde 1",4,-0.065,-1.281,0.8998,0.9856
"2,6,9,12-Octadecatetraenoyl Coenzyme A",7,0.143,-1.286,0.9008,0.9856
"2,7,10,13,16-Docosapentenoyl Coenzyme A",7,0.143,-1.286,0.9008,0.9856
"2,7,10,13-Hexadecatetraenoyl Coenzyme A",7,0.143,-1.286,0.9008,0.9856
"4,7-Decadienoyl Coenzyme A",8,-0.038,-1.291,0.9017,0.9856
"5-Octenoyl Coenzyme A",8,-0.038,-1.291,0.9017,0.9856
"elaidate",21,0.053,-1.301,0.9034,0.9856
"lauric acid",28,0.129,-1.305,0.9041,0.9856
"cis-vaccenic acid",22,0.029,-1.31,0.9049,0.9856
"leucine",39,0.264,-1.314,0.9056,0.9856
"3,6,9,12-Octadecatetraenoyl Coenzyme A",8,0.159,-1.315,0.9057,0.9856
"GDP-L-fucose",7,-0.001,-1.316,0.9059,0.9856
"5(S)-HPETE",9,-0.017,-1.317,0.906,0.9856
"galactosylgloboside",6,0.308,-1.317,0.906,0.9856
"tryptamine",6,0.256,-1.325,0.9074,0.9856
"acetoacetyl-CoA",12,0.302,-1.327,0.9078,0.9856
"sialyl-galactosylgloboside",4,0.103,-1.328,0.908,0.9856
"20-COOH-LTB4",13,-0.054,-1.331,0.9084,0.9856
"3-Hexenoyl Coenzyme A",10,0.03,-1.331,0.9084,0.9856
"N-acetylputrescine",7,-0.075,-1.334,0.9089,0.9856
"oleate",22,0.028,-1.337,0.9094,0.9856
"homocysteine-thiolactone",3,-0.056,-1.342,0.9102,0.9856
"galactose-1-phosphate",4,-0.014,-1.344,0.9105,0.9856
"L-formylkynurenine",5,-0.289,-1.346,0.9109,0.9856
"Sebacoyl Coenzyme A",9,-0.03,-1.346,0.9108,0.9856
"16,18-oxo-18-CoA-dinor-LTE4",3,-0.035,-1.363,0.9136,0.9856
"spermidine monoaldehyde 2",5,-0.024,-1.366,0.9141,0.9856
"spermine monoaldehyde",5,-0.024,-1.366,0.9141,0.9856
"(1R,2S)-naphthalene 1,2-oxide",26,-0.267,-1.367,0.9142,0.9856
"(1S,2R)-naphthalene 1,2-oxide",26,-0.267,-1.367,0.9142,0.9856
"1-nitronaphthalene-5,6-oxide",26,-0.267,-1.367,0.9142,0.9856
"benzo[a]pyrene-7,8-diol",26,-0.267,-1.367,0.9142,0.9856
"bromobenzene-2,3-oxide",26,-0.267,-1.367,0.9142,0.9856
"bromobenzene-3,4-oxide",26,-0.267,-1.367,0.9142,0.9856
"3(S)-hydroxy-hexacosenoyl-CoA",12,0.132,-1.379,0.916,0.9856
"3-hydroxyhexacosanoyl-CoA",12,0.132,-1.379,0.916,0.9856
"3-hydroxytetracosanoyl-CoA",12,0.132,-1.379,0.916,0.9856
"G10599",3,-0.151,-1.384,0.9167,0.9856
"cortisol",7,-0.077,-1.385,0.917,0.9856
"[protein]-N6-methyl-L-lysine",24,0.186,-1.387,0.9173,0.9856
"S-(9-deoxy-delta12-PGD2)-glutathione",19,-0.248,-1.392,0.9181,0.9856
"S-(9-deoxy-delta9,12-PGD2)-glutathione",19,-0.248,-1.392,0.9181,0.9856
"S-(PGJ2)-glutathione",19,-0.248,-1.392,0.9181,0.9856
"prostaglandin J2",19,-0.248,-1.392,0.9181,0.9856
"2,4,7-Decatrienoyl Coenzyme A",4,-0.094,-1.401,0.9193,0.9856
"lc4Cer",7,0.074,-1.414,0.9213,0.9856
"5-S-glutathionyl-L-dopa",21,-0.214,-1.417,0.9218,0.9856
"apoB100",16,0.295,-1.423,0.9227,0.9856
"N-acetylglucosamine-1-phosphate",3,-0.153,-1.427,0.9233,0.9856
"7,12-Dimethylbenz[A]Anthracene-3,4-Diol",22,-0.039,-1.428,0.9234,0.9856
"[protein]-N6,N6-dimethyl-L-lysine",26,0.191,-1.43,0.9237,0.9856
"histone-N6-methyl-L-lysine",26,0.191,-1.43,0.9237,0.9856
"T-antigen",7,-0.066,-1.436,0.9245,0.9856
"3,6,9-Dodecatrienoyl Coenzyme A",9,0.124,-1.445,0.9258,0.9856
"UDP-galactose",40,0.141,-1.445,0.9257,0.9856
"5-S-glutathionyl-dopamine",20,-0.262,-1.449,0.9264,0.9856
"isovaleryl-CoA",8,-0.063,-1.449,0.9263,0.9856
"12(13)-EpOME",25,-0.055,-1.452,0.9267,0.9856
"5,6-EET",25,-0.055,-1.452,0.9267,0.9856
"8,9-EET",25,-0.055,-1.452,0.9267,0.9856
"9(10)-EpOME",25,-0.055,-1.452,0.9267,0.9856
"7,12-Dimethylbenz[A]Anthracene-3,4-Diol-1,2-Epoxide",20,-0.081,-1.453,0.9269,0.9856
"VI2Fuc-nLc6",3,-0.016,-1.462,0.9282,0.9856
"apoB48",15,0.282,-1.463,0.9282,0.9856
"haptoglobin",15,0.282,-1.463,0.9282,0.9856
"(S)-hydroxydecanoyl-CoA",12,0.137,-1.469,0.929,0.9856
"phenylacetaldehyde",7,0.512,-1.469,0.9291,0.9856
"2,6-Dodecadienoyl Coenzyme A",4,0.008,-1.473,0.9296,0.9856
"2,7,10-Hexadecatrienoyl Coenzyme A",4,0.008,-1.473,0.9296,0.9856
"prothrombin",16,0.281,-1.475,0.9298,0.9856
"3'-S-hydroxy-pravastatin-CoA",7,0.073,-1.478,0.9303,0.9856
"3'-S-hydroxy-pravastatin-tetranor-CoA",7,0.073,-1.478,0.9303,0.9856
"4,7,10,13-Hexadecatetraenoyl Coenzyme A",7,0.073,-1.478,0.9303,0.9856
"5,8,11,14-Eicosatetraenoyl Coenzyme A",7,0.073,-1.478,0.9303,0.9856
"5,8,11-Tetradecatrienoyl Coenzyme A",7,0.073,-1.478,0.9303,0.9856
"14,15-EET",50,0.056,-1.484,0.9311,0.9856
"11-Eicosenoyl Coenzyme A",4,-0.065,-1.49,0.9319,0.9856
"2,5,8,11,14-Eicosapentaenoyl Coenzyme A",4,-0.065,-1.49,0.9319,0.9856
"2-acetyl-1-alkyl-sn-glycero-3-phosphocholine",16,0.089,-1.49,0.9319,0.9856
"4,7,10-Hexadecatrienoyl Coenzyme A",4,-0.065,-1.49,0.9319,0.9856
"5,8-Tetradecadienoyl Coenzyme A",4,-0.065,-1.49,0.9319,0.9856
"9-Octadecenoyl Coenzyme A",4,-0.065,-1.49,0.9319,0.9856
"Tetradecanedioyl Coenzyme A",4,-0.065,-1.49,0.9319,0.9856
"deoxy-fluvastatin-dinor",4,-0.065,-1.49,0.9319,0.9856
"Dibenzo[A,L]Pyrene-11,12-Diol",24,-0.047,-1.492,0.9322,0.9856
"hydroxypyruvate",7,0.088,-1.503,0.9336,0.9856
"(S)-3-hydroxytetradecanoyl-CoA",12,0.142,-1.507,0.9341,0.9856
"cholest-5-ene-3beta,7alpha,27-triol",4,0.097,-1.519,0.9356,0.9856
"mgacpail heparan sulfate",4,-0.072,-1.52,0.9358,0.9856
"Benzo[A]Pyrene-2,3-Oxide",23,-0.029,-1.523,0.9361,0.9856
"Dibenzo[A,L]Pyrene-11,12-Epoxide",23,-0.029,-1.523,0.9361,0.9856
"S-acetyldihydrolipoamide",4,-0.016,-1.529,0.9368,0.9856
"3,6-Dodecadienoyl Coenzyme A",5,-0.024,-1.531,0.9371,0.9856
"dolichyl-D-glucosyl-phosphate",5,-0.2,-1.533,0.9373,0.9856
"apocytochrome-C",16,0.274,-1.535,0.9376,0.9856
"1-alkyl-2-lysoglycerol-3-phosphocholine",14,0.156,-1.536,0.9377,0.9856
"m2gacpail heparan sulfate",3,-0.04,-1.537,0.9378,0.9856
"memgacpail heparan sulfate",3,-0.04,-1.537,0.9378,0.9856
"16alpha-hydroxyestrone",22,-0.103,-1.539,0.9381,0.9856
"11,12-EET",49,0.074,-1.546,0.939,0.9856
"10-HETE",29,-0.133,-1.55,0.9395,0.9856
"2-hydroxybutyrate",7,0.129,-1.551,0.9395,0.9856
"antichymotrypsin",16,0.242,-1.555,0.94,0.9856
"2-(alpha-hydroxyethyl)thiamine-diphosphate",3,0.069,-1.556,0.9402,0.9856
"apoA1",16,0.281,-1.556,0.9401,0.9856
"alpha-D-galactose-1-phosphate",3,0.143,-1.56,0.9406,0.9856
"melatonin",6,-0.064,-1.567,0.9415,0.9856
"prostaglandin A1",22,-0.286,-1.567,0.9414,0.9856
"H2O2",81,0.097,-1.569,0.9417,0.9856
"7,12-Dimethylbenz[A]Anthracene-3,4-Oxide",22,0.02,-1.575,0.9423,0.9856
"(1R)-hydroxy-(2R)-glutathionyl-1,2-dihydronaphthalene",15,-0.287,-1.577,0.9427,0.9856
"(1S)-hydroxy-(2S)-glutathionyl-1,2-dihydronaphthalene",15,-0.287,-1.577,0.9427,0.9856
"1-nitro-5-glutathionyl-6-hydroxy-5,6-dihydronaphthalene",15,-0.287,-1.577,0.9427,0.9856
"1-nitro-5-hydroxy-6-glutathionyl-5,6-dihydronaphthalene",15,-0.287,-1.577,0.9427,0.9856
"1-nitro-7-glutathionyl-8-hydroxy-7,8-dihydronaphthalene",15,-0.287,-1.577,0.9427,0.9856
"1-nitro-7-hydroxy-8-glutathionyl-7,8-dihydronaphthalene",15,-0.287,-1.577,0.9427,0.9856
"2,3-dihydro-2-S-glutathionyl-3-hydroxy bromobenzene",15,-0.287,-1.577,0.9427,0.9856
"2-(S-glutathionyl)acetyl chloride",15,-0.287,-1.577,0.9427,0.9856
"2-(S-glutathionyl)acetyl glutathione",15,-0.287,-1.577,0.9427,0.9856
"3,4-dihydro-3-hydroxy-4-S-glutathionyl bromobenzene",15,-0.287,-1.577,0.9427,0.9856
"4,5-dihydro-4-hydroxy-5-S-glutathionyl-benzo[a]pyrene",15,-0.287,-1.577,0.9427,0.9856
"7,8-dihydro-7-hydroxy-8-S-glutathionyl-benzo[a]pyrene",15,-0.287,-1.577,0.9427,0.9856
"S-(1,2-dichlorovinyl)glutathione",15,-0.287,-1.577,0.9427,0.9856
"S-(2,2-dichloro-1-hydroxy)ethyl glutathione",15,-0.287,-1.577,0.9427,0.9856
"S-(2-chloroacetyl)glutathione",15,-0.287,-1.577,0.9427,0.9856
"S-(formylmethyl)glutathione",15,-0.287,-1.577,0.9427,0.9856
"aflatoxin B1-exo-8,9-epoxide-GSH",15,-0.287,-1.577,0.9427,0.9856
"hydrochloride",15,-0.287,-1.577,0.9427,0.9856
"kynurenine",8,-0.085,-1.577,0.9426,0.9856
"tyramine",13,0.143,-1.578,0.9427,0.9856
"1,1-dichloroethylene epoxide",25,-0.304,-1.579,0.9429,0.9856
"1-nitronaphthalene-7,8-oxide",25,-0.304,-1.579,0.9429,0.9856
"2,2-dichloroacetaldehyde",25,-0.304,-1.579,0.9429,0.9856
"3,5,3-triiodothyronine-4-sulfate",5,0.205,-1.579,0.9428,0.9856
"trichloroethene",25,-0.304,-1.579,0.9429,0.9856
"benzo[a]pyrene-4,5-oxide",27,-0.254,-1.582,0.9431,0.9856
"1-radyl-2-acyl-sn-glycero-3-phosphocholine",21,-0.016,-1.585,0.9436,0.9856
"[apotransferin]",16,0.284,-1.587,0.9437,0.9856
"des-isoproylpropionic-acid-fluvastatin-CoA",5,-0.025,-1.588,0.9439,0.9856
"fluvastatin-CoA form",5,-0.025,-1.588,0.9439,0.9856
"threonine",34,0.175,-1.588,0.9439,0.9856
"2-lysolecithin pool",28,0.047,-1.589,0.944,0.9856
"fibrinogen",16,0.252,-1.589,0.944,0.9856
"5-hydroxy-N-formylkynurenine",3,-0.203,-1.593,0.9445,0.9856
"STAR",22,0.249,-1.593,0.9444,0.9856
"4-androstene-3,17-dione",18,0.008,-1.594,0.9445,0.9856
"(S)-3-hydroxydodecanoyl-CoA",13,0.111,-1.604,0.9456,0.9856
"26-hydroxycholesterol",3,0.029,-1.61,0.9463,0.9856
"EPA",23,-0.043,-1.612,0.9465,0.9856
"(24R,25R)3alpha,7alpha,12alpha,24-tetrahydroxy-5beta-cholestanoyl-CoA",4,-0.071,-1.626,0.948,0.9856
"(24R,25R)3alpha,7alpha,24-trihydroxy-5beta-cholestanoyl-CoA",4,-0.071,-1.626,0.948,0.9856
"Dibenzo[A,L]Pyrene",21,-0.068,-1.626,0.948,0.9856
"Dibenzo[A,L]Pyrene-11,12-Diol-13,14-Epoxide",21,-0.068,-1.626,0.948,0.9856
"chloroacetyl chloride",24,-0.324,-1.626,0.9481,0.9856
"FADH2",76,0.089,-1.632,0.9487,0.9856
"lysine",33,0.268,-1.651,0.9507,0.9856
"lignocerate",20,0.117,-1.653,0.9509,0.9856
"1-acyl-PE pool",27,0.077,-1.672,0.9527,0.9856
"testosterone",17,0.015,-1.677,0.9532,0.9856
"eicosanoate",21,0.14,-1.68,0.9535,0.9856
"FAD",85,0.066,-1.686,0.9541,0.9856
"albumin",16,0.268,-1.692,0.9547,0.9856
"histone-N6-acetyl-L-lysine",14,0.069,-1.693,0.9548,0.9856
"core 2",5,0.1,-1.694,0.9549,0.9856
"linolenate",18,0.105,-1.694,0.9549,0.9856
"antitrypsin",16,0.267,-1.698,0.9552,0.9856
"11,12,15-THETA",23,-0.092,-1.701,0.9555,0.9856
"11,14,15-THETA",23,-0.092,-1.701,0.9555,0.9856
"11-HETE",23,-0.092,-1.701,0.9555,0.9856
"11h-14,15-EETA",23,-0.092,-1.701,0.9555,0.9856
"13-HETE",23,-0.092,-1.701,0.9555,0.9856
"15H-11,12-EETA",23,-0.092,-1.701,0.9555,0.9856
"16(R)-HETE",23,-0.092,-1.701,0.9555,0.9856
"17-HETE",23,-0.092,-1.701,0.9555,0.9856
"18-HETE",23,-0.092,-1.701,0.9555,0.9856
"18-hydroxy-all-trans-retinoate",23,-0.092,-1.701,0.9555,0.9856
"19(S)-HETE",23,-0.092,-1.701,0.9555,0.9856
"6,7-dihydro-LTB4",23,-0.092,-1.701,0.9555,0.9856
"7-HETE",23,-0.092,-1.701,0.9555,0.9856
"9-HETE",23,-0.092,-1.701,0.9555,0.9856
"pantothenate",6,-0.142,-1.704,0.9558,0.9856
"benzo[a]pyrene",22,-0.109,-1.715,0.9569,0.9856
"17beta-estradiol-2,3-quinone",18,-0.316,-1.716,0.9569,0.9856
"17beta-estradiol-3,4-quinone",18,-0.316,-1.716,0.9569,0.9856
"2-hydroxy-17beta-estradiol-1-S-glutathione",18,-0.316,-1.716,0.9569,0.9856
"2-hydroxy-17beta-estradiol-4-S-glutathione",18,-0.316,-1.716,0.9569,0.9856
"2-hydroxyestrone-1-S-glutathione",18,-0.316,-1.716,0.9569,0.9856
"2-hydroxyestrone-4-S-glutathione",18,-0.316,-1.716,0.9569,0.9856
"3-hydroxykynurenine-O-beta-D-glucoside",18,-0.316,-1.716,0.9569,0.9856
"4-hydroxy-17beta-estradiol-2-S-glutathione",18,-0.316,-1.716,0.9569,0.9856
"4-hydroxyestrone-2-S-glutathione",18,-0.316,-1.716,0.9569,0.9856
"5-S-glutathionyl-adrenochrome hydroquinone",18,-0.316,-1.716,0.9569,0.9856
"5-S-glutathionyl-aminochrome reduced",18,-0.316,-1.716,0.9569,0.9856
"5-S-glutathionyl-dopachrome hydroquinone",18,-0.316,-1.716,0.9569,0.9856
"5-S-glutathionyl-noradrenochrome hydroquinone",18,-0.316,-1.716,0.9569,0.9856
"5-oxo-(6E)-12-epi-LTB4",25,-0.076,-1.716,0.9569,0.9856
"9-deoxy-delta12-PGD2",18,-0.316,-1.716,0.9569,0.9856
"L-dopaquinone",18,-0.316,-1.716,0.9569,0.9856
"S-(PGA1)-glutathione",18,-0.316,-1.716,0.9569,0.9856
"S-(PGA2)-glutathione",18,-0.316,-1.716,0.9569,0.9856
"delta-12-prostaglandin J2",18,-0.316,-1.716,0.9569,0.9856
"dopamine-O-quinone",18,-0.316,-1.716,0.9569,0.9856
"estrone-2,3-quinone",18,-0.316,-1.716,0.9569,0.9856
"estrone-3,4-quinone",18,-0.316,-1.716,0.9569,0.9856
"glutathionyl-3-hydroxykynurenine glucoside",18,-0.316,-1.716,0.9569,0.9856
"hepoxilin A3-c",18,-0.316,-1.716,0.9569,0.9856
"(R)-3-hydroxybutanoyl-CoA",4,0.022,-1.719,0.9572,0.9856
"cAMP",29,-0.039,-1.72,0.9572,0.9856
"7,12-dimethylbenz[a]anthracene",21,-0.062,-1.729,0.9581,0.9856
"8-HETE",22,-0.072,-1.731,0.9583,0.9856
"glyoxalate",10,0.148,-1.743,0.9593,0.9856
"3alpha,7alpha-dihydroxy-5beta-cholest-24-enoyl-CoA",5,-0.026,-1.766,0.9613,0.9856
"estradiol-17beta",44,0.083,-1.788,0.9631,0.9856
"2-bromoacetaldehyde",16,-0.264,-1.795,0.9637,0.9856
"Hexadecanedioyl Coenzyme A",8,-0.108,-1.795,0.9637,0.9856
"2-aminoadipate 6-semialdehyde",4,0.08,-1.812,0.965,0.9856
"5-oxo-6-trans-LTB4",24,-0.039,-1.813,0.9651,0.9856
"1-(1-alkenyl)-sn-glycero-3-phosphoethanolamine",13,-0.087,-1.817,0.9654,0.9856
"(11Z,14Z,17Z)-eicosatrienoic acid",19,0.073,-1.821,0.9657,0.9856
"glutathione episulfonium ion",16,-0.261,-1.824,0.9659,0.9856
"L-dopachrome",19,-0.32,-1.83,0.9664,0.9856
"adrenochrome",19,-0.32,-1.83,0.9664,0.9856
"dopaminochrome",19,-0.32,-1.83,0.9664,0.9856
"noradrenochrome",19,-0.32,-1.83,0.9664,0.9856
"4-hydroxy-4-(methylnitrosoamino)-1-(3-pyridinyl)-1-butanone",5,0.212,-1.84,0.9671,0.9856
"Ca2+",12,0.199,-1.848,0.9677,0.9856
"12-oxo-c-LTB3",20,-0.273,-1.854,0.9681,0.9856
"1-phosphatidyl-1D-myo-inositol-3,4-bisphosphate",21,-0.055,-1.856,0.9683,0.9856
"adrenic acid",17,0.077,-1.857,0.9684,0.9856
"O-1-alk-1-enyl-2-acyl-sn-glycero-3-phosphoethanolamine",23,0.019,-1.864,0.9689,0.9856
"glycogenin G8",4,-0.04,-1.868,0.9691,0.9856
"stearidonic acid",19,0.114,-1.881,0.97,0.9856
"1-methylpyrrolinium",3,0.185,-1.882,0.9701,0.9856
"N-methylputrescine",3,0.185,-1.882,0.9701,0.9856
"spermidine dialdehyde",3,0.185,-1.882,0.9701,0.9856
"spermine dialdehyde",3,0.185,-1.882,0.9701,0.9856
"arachidonate",57,-0.038,-1.898,0.9712,0.9856
"1-organyl-2-lyso-sn-glycero-3-phosphocholine",18,-0.042,-1.915,0.9722,0.9856
"omega-3-arachidonic acid",17,0.079,-1.916,0.9723,0.9856
"prostaglandin A2",21,-0.183,-1.917,0.9724,0.9856
"(11Z,14Z)-eicosadienoic acid",18,0.048,-1.918,0.9724,0.9856
"(13Z)-eicosenoic acid",18,0.048,-1.918,0.9724,0.9856
"8,11-eicosadienoic acid",18,0.048,-1.918,0.9724,0.9856
"9-eicosenoic acid",18,0.048,-1.918,0.9724,0.9856
"nonadecylic acid",18,0.048,-1.918,0.9724,0.9856
"1,2-dibromoethane",17,-0.242,-1.931,0.9733,0.9856
"hydrobromic acid",17,-0.242,-1.931,0.9733,0.9856
"retinoate",33,-0.022,-1.959,0.975,0.9856
"(13Z,16Z)-docosadienoic acid",17,0.015,-1.983,0.9763,0.9856
"(4Z,7Z,10Z,13Z,16Z)-DPA",17,0.015,-1.983,0.9763,0.9856
"(6Z,9Z,12Z,15Z,18Z)-TPA",17,0.015,-1.983,0.9763,0.9856
"(9Z,12Z,15Z,18Z)-TTA",17,0.015,-1.983,0.9763,0.9856
"(9Z,12Z,15Z,18Z,21Z)-TPA",17,0.015,-1.983,0.9763,0.9856
"10,13,16-docosatriynoic acid",17,0.015,-1.983,0.9763,0.9856
"12,15,18,21-tetracosatetraenoic acid",17,0.015,-1.983,0.9763,0.9856
"13,16,19-docosatrienoic acid",17,0.015,-1.983,0.9763,0.9856
"DPA",17,0.015,-1.983,0.9763,0.9856
"cerotic acid",17,0.015,-1.983,0.9763,0.9856
"cis-cetoleic acid",17,0.015,-1.983,0.9763,0.9856
"tricosanoic acid",17,0.015,-1.983,0.9763,0.9856
"15(S)-HPETE",31,-0.069,-1.996,0.977,0.9858
"succinyl-CoA",19,0.027,-2.028,0.9787,0.9867
"cis-erucic acid",17,0.059,-2.045,0.9796,0.9867
"nervonic acid",17,0.059,-2.045,0.9796,0.9867
"glycogenin G11",5,-0.011,-2.077,0.9811,0.9867
"(6Z,9Z,12Z,15Z,18Z,21Z)-THA",16,0.046,-2.096,0.982,0.9867
"10,13,16,19-docosatetraenoic acid",16,0.046,-2.096,0.982,0.9867
"heneicosanoic acid",16,0.046,-2.096,0.982,0.9867
"ximenic acid",16,0.046,-2.096,0.982,0.9867
"linoleate",43,-0.029,-2.098,0.982,0.9867
"mead acid",18,0.079,-2.109,0.9825,0.9867
"estrone",33,-0.061,-2.12,0.983,0.9867
"cGMP",26,-0.135,-2.125,0.9832,0.9867
"phenethylamine",6,0.101,-2.139,0.9838,0.9869
"DHA",18,0.017,-2.171,0.985,0.9877
"cis-gondoic acid",19,0.099,-2.206,0.9863,0.9882
"NH3",49,0.083,-2.22,0.9868,0.9882
"methylamine",7,0.155,-2.222,0.9869,0.9882
"histone-L-lysine",40,0.148,-2.248,0.9877,0.9886
"6,7-dihydro-5-oxo-12-epi-LTB4",29,-0.099,-2.334,0.9902,0.9902
"6,7-dihydro-5-oxo-LTB4",29,-0.099,-2.334,0.9902,0.9902
