"gene","baseMean","log2FoldChange","lfcSE","pvalue","padj","lfc_shrunk","significant"
"AASS",494.477520011145,-1.5089942109399,0.172079609307503,1.79998674020439e-18,3.95625312778143e-17,-1.47064596775492,TRUE
"ABCA1",735.887426583981,-1.30788394885112,0.141414327579117,2.27461243939262e-20,6.23321906674759e-19,-1.28093750136753,TRUE
"ABCA10",18.0244790999574,1.39813880442489,0.476087549364273,0.00331696761760159,0.00694160545342056,1.04094353479412,TRUE
"ABCA9",83.1713590255577,-1.01683800680092,0.238650853734437,2.03717658114186e-05,6.57103938903297e-05,-0.922528873523621,TRUE
"ABCB11",1081.11702525761,-1.23552863298423,0.151491535946086,3.46990441185064e-16,5.72489397149e-15,-1.20322711379171,TRUE
"ABCG1",172.501425317319,-1.26022824229082,0.151069749089681,7.30264794427559e-17,1.31715839333897e-15,-1.2288124122517,TRUE
"ABHD1",53.9671675844489,1.12331184829291,0.147782172705472,2.93550779943025e-14,3.71520660046822e-13,1.09099214821699,TRUE
"ACAD11",31.4311417938632,-1.80645232844593,0.207659314050065,3.34481367777862e-18,7.17870095214e-17,-1.76159901168652,TRUE
"ACE",28.0041738377217,-1.36838173014307,0.208486517794798,5.25922784167681e-11,4.19228087005074e-10,-1.31137402091326,TRUE
"ACER2",8.22839461569041,-1.52143356560991,0.245799535722631,6.0266103368681e-10,4.06120390510847e-09,-1.44851139074053,TRUE
"ACHE",28.7687729559109,1.67465827376571,0.331510672067232,4.3813163623035e-07,1.89274052593422e-06,1.54691190706304,TRUE
"ACOT1",148.233711870906,1.05927698518479,0.266844100430674,7.19790731258991e-05,0.0002110614842291,0.946685514394731,TRUE
"ACSL4",468.962160738797,1.77005946178239,0.399923753600104,9.59999397305353e-06,3.2734825910786e-05,1.59256219668806,TRUE
"ACVRL1",94.6339341592496,-1.53719877609253,0.132642853796437,4.68540446305436e-31,4.49869285663189e-29,-1.51642198301336,TRUE
"ACY1",22.4586172900892,1.95409835669682,0.431168510674872,5.84004790727471e-06,2.07217037443451e-05,1.75758687209989,TRUE
"ADA2",513.09369280879,-1.12054338534347,0.169613643068406,3.93655584064067e-11,3.19579263095876e-10,-1.07785515095825,TRUE
"ADAM9",177.499872366309,-1.14453332625177,0.140600993665639,3.94321496996556e-16,6.46403789043135e-15,-1.11564380604745,TRUE
"ADAMTS7",18.77320182556,-1.1095393642371,0.205080706028742,6.29342999511769e-08,3.10297687404065e-07,-1.04589660873767,TRUE
"ADCYAP1R1",13.0841316255695,-1.27306761477667,0.54217171702749,0.0188699959172122,0.0330639198494511,-0.74708520616791,TRUE
"ADGRA1",13.401203746372,-1.65381303689976,0.306856410948981,7.06406445639444e-08,3.46022643299413e-07,-1.54436831538301,TRUE
"ADGRE1",45.1103042657517,-2.25146625657756,0.268206046590438,4.67723695286233e-17,8.66884120291029e-16,-2.18891991794715,TRUE
"ADGRF5",247.978920701823,-1.23413856476777,0.131937515335597,8.4424221373742e-21,2.42269057739929e-19,-1.20976233928686,TRUE
"ADGRL4",119.762368475605,-1.19139371877045,0.141416325421105,3.61597054956637e-17,6.78060850484031e-16,-1.16267820264299,TRUE
"ADIRF",949.101288039056,1.09142896870923,0.208246849939334,1.59678673208121e-07,7.39338889364651e-07,1.03152705813004,TRUE
"ADORA3",16.1021160148436,-1.42826653458172,0.225502162628353,2.39326694559329e-10,1.71504034204413e-09,-1.36322478542683,TRUE
"AFAP1L1",102.078074605422,-1.29428489763511,0.139813627686736,2.09832595329658e-20,5.79991827350593e-19,-1.26806471877643,TRUE
"AFF1",693.397881192403,-1.15396715638489,0.119772154187027,5.70659252591043e-22,1.80826765647335e-20,-1.12970417181428,TRUE
"AFF3",69.8918609871958,-1.32824105976335,0.195311750143786,1.04169616943527e-11,9.30892937976793e-11,-1.27710057005495,TRUE
"AHI1",70.3455377472787,1.5805096611763,0.231819506504736,9.24157228038338e-12,8.3579941940861e-11,1.51644439404826,TRUE
"AJUBA",415.844147138188,1.46126640583497,0.13947528338056,1.10318423030505e-25,5.89441950669267e-24,1.43762295933651,TRUE
"AK1",47.5568529781778,1.27663530680134,0.177638084260879,6.63659494070832e-13,7.02148445673945e-12,1.23340546212048,TRUE
"AKAP12",450.494738081304,-1.70887637390085,0.141982012115779,2.30207535464894e-33,2.72199095174695e-31,-1.68678013004437,TRUE
"AKAP9",2118.4242811291,1.09167279010974,0.301953450158214,0.000299921463855685,0.000779563829317544,0.954662786645828,TRUE
"AKR1B10",229.495536482486,4.58964879378937,0.496061408188755,2.19962578397931e-20,6.06678644954984e-19,4.48203671122101,TRUE
"ALDH3A1",28.6469535191353,2.88847109163851,0.364941029691157,2.47455523727623e-15,3.66165357821755e-14,2.79676429299879,TRUE
"ALDH6A1",5472.82534786503,-1.45914372626447,0.170794226912726,1.30459323008287e-17,2.59092621277733e-16,-1.40397092219257,TRUE
"AMDHD1",1285.92557141595,-1.02205064208303,0.187253163693336,4.81196561421425e-08,2.41259524513216e-07,-0.965739783392978,TRUE
"ANGPT2",31.8495390882988,-1.82598686808432,0.237795369692112,1.60565776479357e-14,2.11820760913367e-13,-1.76654147507407,TRUE
"ANKHD1",21.2439879553755,2.64044293307456,0.278994395903874,2.95977338107127e-21,8.83091263464488e-20,2.58178846575224,TRUE
"ANKRD11",616.138009294897,1.07263656528431,0.267144131067406,5.93959243667018e-05,0.000177257759794995,0.95921935705671,TRUE
"ANKRD12",1544.4325442627,3.32562487090367,0.403839928915641,1.79546285870981e-16,3.09420522344457e-15,3.22846483981158,TRUE
"ANKRD18A",25.283977244281,6.56498886279273,0.856249308655571,1.75864916930512e-14,2.30774651680409e-13,6.24466866659821,TRUE
"ANKRD26",277.485410321894,3.36559912767832,0.406063245978559,1.14818794453388e-16,2.01960882254788e-15,3.26776074133696,TRUE
"ANKRD29",30.1158896577555,1.36758153423526,0.201586809244521,1.16826600925621e-11,1.03387088968827e-10,1.31411663065187,TRUE
"ANKRD36",43.3840246228475,5.22245424936255,0.685189632273614,2.49947768058463e-14,3.21109959568065e-13,5.03783111050739,TRUE
"ANKRD36C",64.8328479918535,5.65251949860165,0.799707501778185,1.56918148905015e-12,1.58156650474904e-11,5.41696893499193,TRUE
"ANXA2",856.190177477687,1.24486592109892,0.13717268419918,1.13496438675805e-19,2.83630043422706e-18,1.21848177989647,TRUE
"AOAH",141.130775724552,-1.44249450975314,0.170650270384867,2.84086008339925e-17,5.39045813744554e-16,-1.40591800661283,TRUE
"APBA2",15.1108563213577,-1.06090528187787,0.208832207984786,3.77076692150872e-07,1.65019511952249e-06,-0.992242146113783,TRUE
"APOC2",49.897411976101,1.20547903163216,0.118503416390447,2.62999421123284e-24,1.16614673880012e-22,1.18578676017199,TRUE
"APOL3",1190.66603008194,1.41705873113851,0.174673988078022,4.95513859372985e-16,7.98953533357705e-15,1.38329320381538,TRUE
"AQP1",378.151009208994,1.2039155048577,0.186548287471425,1.09194973707435e-10,8.31001081194247e-10,1.15459081087305,TRUE
"AQP4",15.2724887084402,1.07109724493793,0.289714136420196,0.000218090945404974,0.000583006358137225,0.934266681022716,TRUE
"ARHGAP20",25.2105781850195,-1.04593639961467,0.190970454638461,4.32709591332551e-08,2.18148499065009e-07,-0.988808036271742,TRUE
"ARHGAP4",66.8892252978012,-1.04962518169625,0.184287075646156,1.22939921513431e-08,6.77283346732752e-08,-0.995783032608333,TRUE
"ARHGEF18",31.3250340321662,-1.58429829901103,0.134238178784936,3.80492287587772e-32,4.04907209374654e-30,-1.5636312141929,TRUE
"ARHGEF4",11.9745657599292,-2.16172765484725,0.576158834974106,0.00017545411920325,0.000477830902585945,-1.82475197639058,TRUE
"ARID4A",743.202531683721,1.95612380057013,0.327959391122572,2.4533839805507e-09,1.51278191364715e-08,1.84949113495237,TRUE
"ARID4B",534.20141024421,2.23735977747605,0.328304047369308,9.4328308584263e-12,8.50686794223898e-11,2.14477618642724,TRUE
"ART5",9.42476464790401,-1.7880075270475,0.466704980764166,0.000127556001336887,0.000356665236932789,-1.53512424304159,TRUE
"ASCL1",17.1713452139834,4.03170269163513,0.719008590827222,2.05497664426593e-08,1.09341882280316e-07,7.09673409344643,TRUE
"ASS1",25719.8672345472,-1.19049698377649,0.166957990624933,9.99917829299291e-13,1.03476099515008e-11,-1.13329288586742,TRUE
"ASXL3",9.88970377216201,-1.22303489082389,0.262173191732648,3.08634491316076e-06,1.14738353831333e-05,-1.12287652421198,TRUE
"ATAD3B",37.5352684243588,1.47185870873704,0.243292137266181,1.45063002195128e-09,9.19788747781424e-09,1.39711227273997,TRUE
"ATF3",47.7125473229484,1.19804361427312,0.144731865830516,1.25601525029516e-16,2.20018034928246e-15,1.1685672044812,TRUE
"ATP13A2",129.297485236151,-1.24805233780329,0.127056693720506,8.98146769215009e-23,3.23992492736601e-21,-1.22566342020393,TRUE
"ATP1B2",43.0294786667727,-1.56173519344993,0.201303115418723,8.61926198298628e-15,1.17343257486924e-13,-1.51374289997207,TRUE
"ATP2A1",8.68513706580068,-1.87504798310876,0.668820398120177,0.00505488891393814,0.0101735116518503,-0.147596140693411,TRUE
"ATP6V1E2",28.4665363520302,1.21789418961459,0.169386073738194,6.47680190979782e-13,6.858106168169e-12,1.17738053734317,TRUE
"ATRX",976.341336144622,1.17340347842429,0.315276550642073,0.000197789749252651,0.000534216391276725,1.02060347881332,TRUE
"AURKAIP1",1058.5536014318,1.17301034276469,0.154998789016575,3.79399821032964e-14,4.72676655082044e-13,1.14234446030189,TRUE
"AVIL",15.9790218201216,3.03358101239951,0.483644572299988,3.55672184779769e-10,2.48193103805336e-09,2.87490915716865,TRUE
"AXL",383.686328200551,-1.65887028213566,0.134831617559258,8.69762647922912e-35,1.16914410673427e-32,-1.635210638103,TRUE
"B3GAT1",137.670624350754,-2.04666414457396,0.405393534570914,4.4509197713697e-07,1.92085993512643e-06,-1.88058047506444,TRUE
"B3GNT5",14.325502316239,2.39422133070327,0.324261159726279,1.54042176258042e-13,1.77058379011269e-12,2.30771902626388,TRUE
"B3GNT7",19.1896147643343,-1.3095842164592,0.173242674735803,4.0540856184022e-14,5.03116359057299e-13,-1.2694479269989,TRUE
"BABAM1",193.329069201209,1.20113778315229,0.111024522110222,2.80819658007055e-27,1.78385673524042e-25,1.18388027925285,TRUE
"BASP1",158.668446743124,-1.61831503278991,0.156395584948874,4.29220056246535e-25,2.10813081471856e-23,-1.59027329669229,TRUE
"BAZ1A",306.213191561514,1.49559713952018,0.308768360725275,1.27410414345509e-06,5.07970961970701e-06,1.37838814657777,TRUE
"BAZ2B",404.425187398181,1.35782861533288,0.311966415712229,1.3460412659702e-05,4.48095593494252e-05,1.22572136841037,TRUE
"BBC3",23.9913406359842,1.39811140932289,0.24248816769365,8.1324810217664e-09,4.60948879928793e-08,1.32098935862927,TRUE
"BBLN",202.008770359686,1.05907032870801,0.202791144955242,1.76553775695606e-07,8.11880344124195e-07,0.994874326917777,TRUE
"BCAT1",24.5869922237201,1.60661412192441,0.288659468581278,2.60987400173194e-08,1.35855880790394e-07,1.50709902207602,TRUE
"BCL2A1",11.5047934371924,1.22570491945357,0.284522002714177,1.64778918799354e-05,5.38303093647417e-05,1.10591104671775,TRUE
"BEX5",16.2646634074445,1.59820938772884,0.309999771345143,2.52930800989839e-07,1.13689768695538e-06,1.48267735593783,TRUE
"BICDL1",15.0254015091543,2.05905018517588,0.266873893493472,1.20563187503284e-14,1.61382799205129e-13,1.9924147178581,TRUE
"BIRC3",168.828888841898,1.24758342284527,0.199708371643517,4.1834100600035e-10,2.89080879146346e-09,1.1937355260365,TRUE
"BIRC5",17.2297750811781,1.88186339159392,0.251930049928929,8.03257525639747e-14,9.61349447274562e-13,1.81742333649381,TRUE
"BLK",8.70843482885163,-1.3230987855881,0.264041183577954,5.4160263648269e-07,2.31158611894517e-06,-1.22735256313357,TRUE
"BMAL2",27.4705063857264,1.26971521915437,0.194848805747558,7.20087186811705e-11,5.63796037742825e-10,1.21704555458009,TRUE
"BMP10",26.8423289589654,-1.98662416348458,0.230181262416423,6.09805413265452e-18,1.26621384185363e-16,-1.93612267387932,TRUE
"BMP6",36.738054549535,-1.76266564797463,0.175888018154882,1.22600183445986e-23,5.0019308070455e-22,-1.72986650047067,TRUE
"BMPER",128.269111753349,-1.107333861205,0.12551340838527,1.11997415974115e-18,2.526867494681e-17,-1.08376073720053,TRUE
"BOD1L1",543.025187866936,1.56981451245031,0.334629443903143,2.71603871856103e-06,1.01951247607361e-05,1.43648175492179,TRUE
"BORCS7",523.021969484048,1.27617651892685,0.153365239647719,8.71074252408308e-17,1.55357796134834e-15,1.24508127496066,TRUE
"BRD10",321.273402333591,1.87522661269958,0.307514051613357,1.07390803064434e-09,6.96132261488745e-09,1.77949357596139,TRUE
"BRWD3",114.807795172359,-1.09584761427538,0.109953225843621,2.13648154862274e-23,8.52589667997262e-22,-1.07764278532537,TRUE
"BSCL2",26.7740482721331,-1.5623381867345,0.160624550272526,2.32119756427369e-22,7.80044549888818e-21,-1.53207966897046,TRUE
"BSN",27.4668123736788,-1.22367004818448,0.203955595603695,1.97696370282684e-09,1.23451474254761e-08,-1.1646901568458,TRUE
"BST2",2390.03354365283,1.20187028325545,0.137005203418214,1.74831641701514e-18,3.8559586606707e-17,1.17597259759192,TRUE
"BTAF1",174.913395807757,-1.02423289019902,0.130467960235766,4.14529594321153e-15,5.93446515636897e-14,-0.997374354765064,TRUE
"C1QB",1698.4257079194,-1.79647415302631,0.184475503895067,2.07028234260116e-22,7.05000147067116e-21,-1.75482075483772,TRUE
"C1QC",1890.58963617523,-1.89005564698321,0.180760839337148,1.37377175126168e-25,7.18978084574248e-24,-1.84803947370109,TRUE
"C3AR1",88.0114391149743,-1.08239220540865,0.15917542474626,1.04622266308584e-11,9.34284154378056e-11,-1.04373391412007,TRUE
"C3orf70",11.7986478066976,-1.15970467154865,0.200950421697993,7.87564321443222e-09,4.47782563883791e-08,-1.10063715270965,TRUE
"C5",12071.8798364773,-1.07727403206671,0.148757977643245,4.42801185008555e-13,4.79200943437225e-12,-1.01341535552166,TRUE
"C8orf76",18.7881949052581,1.65900612945289,0.175718203178562,3.68225519777272e-21,1.08596764146784e-19,1.62452877604409,TRUE
"C9orf152",14.4690596960312,1.31114613350568,0.280924297501703,3.05246161153719e-06,1.13544814387795e-05,1.20097149005838,TRUE
"CA12",35.039839243996,4.04382532090774,0.592641898949609,8.89183842712128e-12,8.05577908624234e-11,3.86575361615643,TRUE
"CABP4",11.7596258344739,-1.08181188353838,0.249613023537851,1.4645339845507e-05,4.83633281166599e-05,-0.982357989355277,TRUE
"CADM2",16.0722876996769,-1.010923428341,0.217110293899075,3.21994796693735e-06,1.19115688116425e-05,-0.934953024762633,TRUE
"CALML3",22.1270826279675,-1.04117928468976,0.459583721860366,0.0234830326396898,0.0402791573954116,-0.647198793420628,TRUE
"CAPG",99.0589140324429,2.15313767778096,0.221180992968176,2.14382163118454e-22,7.28101123144325e-21,2.11048444386657,TRUE
"CAPS",28.6113308865717,1.13549274027442,0.225413826408611,4.71973063573227e-07,2.03069272972713e-06,1.05845138958009,TRUE
"CARD9",12.6185503407765,-1.05839763404082,0.257310066157853,3.90015781574883e-05,0.000119867666202437,-0.951663263800571,TRUE
"CASP8AP2",86.6582439762134,1.07328365990323,0.207536423050374,2.32168087632041e-07,1.04985356907265e-06,1.00602260773109,TRUE
"CBS",123.044732542217,-1.16435012835317,0.388448459230356,0.00272259334404225,0.0058042599337929,-0.917436445342484,TRUE
"CCAR1",515.512751400454,1.71603476538088,0.254990549059164,1.69899343863591e-11,1.46200446168333e-10,1.64766514617594,TRUE
"CCDC107",152.417928937136,1.00945120684179,0.0976639872910428,4.84528647253096e-25,2.35263529483727e-23,0.994544602772822,TRUE
"CCDC112",26.3156121330529,1.74037808371124,0.305144721015742,1.17405529465363e-08,6.49315630799158e-08,1.63679054363207,TRUE
"CCDC146",46.6939825748058,1.38244102649984,0.185400252478964,8.8836395332828e-14,1.05529373804671e-12,1.33739764524438,TRUE
"CCDC170",31.0759091205814,1.26123932950288,0.311489759953041,5.14247470468429e-05,0.000155026916852735,1.11858449262636,TRUE
"CCDC18",51.1007734676465,2.58477952279754,0.386407711307728,2.24310337115909e-11,1.8932207567549e-10,2.46894942347541,TRUE
"CCDC191",23.1267511158,1.38320841810221,0.334197239869813,3.48977457144873e-05,0.000107982605469833,1.22820447607525,TRUE
"CCDC28B",12.7873353604609,1.26883518319807,0.220465303261689,8.65084475588823e-09,4.89027390582969e-08,1.2008199517305,TRUE
"CCDC38",10.9345857615828,-1.18715117247292,0.288458642712271,3.86343155366642e-05,0.000118824713247399,-1.06189796386994,TRUE
"CCDC66",41.5506642898991,1.06718432911558,0.203919427294451,1.66453640503824e-07,7.68756958131584e-07,1.00172733354958,TRUE
"CCDC8",15.4275341742465,1.18871088440022,0.265648449345817,7.65001150186553e-06,2.65897242457329e-05,1.08367163171465,TRUE
"CCDC80",134.593286869616,1.3303788856978,0.23183167927087,9.5487648592664e-09,5.35990009902558e-08,1.25824312510287,TRUE
"CCDC88A",486.499571299582,1.79462500447596,0.294835065602057,1.15133803830858e-09,7.42930103547276e-09,1.70181605523181,TRUE
"CCDC88C",69.4701786877021,-1.4701695869828,0.177221150297822,1.07967679835395e-16,1.9043470600801e-15,-1.43139725424508,TRUE
"CCL22",10.7876226025316,1.42178560501974,0.284166453487908,5.63410901689863e-07,2.39665463510311e-06,1.31556789325829,TRUE
"CCL23",23.9655023766059,-1.56396890864911,0.224893847323283,3.54432842375474e-12,3.38780493797515e-11,-1.50425229366438,TRUE
"CCL24",15.8592655999048,-2.63204037825302,0.331314287557767,1.9538420615378e-15,2.92161160724095e-14,-2.54921086138174,TRUE
"CCNA2",13.8269770036117,1.71644487180258,0.269029132150167,1.76920391864158e-10,1.29917964583398e-09,1.63633107677718,TRUE
"CCNB1",27.5871472935456,1.04616173345624,0.152843754960446,7.66640312917896e-12,7.01289168765153e-11,1.01001473020426,TRUE
"CCR1",97.9096323432815,-1.50531620867147,0.158624654221828,2.31478446937273e-21,6.93891964175817e-20,-1.47485195985751,TRUE
"CD163",1421.12974249209,-2.80016289767018,0.170554382892601,1.4216205206193e-60,2.26926175603856e-57,-2.77952806384251,TRUE
"CD163L1",42.066849887939,-2.04772397544339,0.213602823043992,9.10390339267128e-22,2.8217681146702e-20,-2.00444557482841,TRUE
"CD180",62.2296461322255,-1.35818483219169,0.144756096418792,6.43812577958813e-21,1.86851968648501e-19,-1.33094313575204,TRUE
"CD200R1",17.3309197359654,-1.45477925384531,0.229370129946979,2.26071299862276e-10,1.63011321244566e-09,-1.38883164869079,TRUE
"CD209",148.452497263161,-2.50250316286853,0.22403417460745,5.70619494311873e-29,4.33738746569204e-27,-2.46314856703415,TRUE
"CD24",150.467120769706,1.80134628466061,0.210043334598744,9.81700418556859e-18,1.97733664747178e-16,1.75701020115009,TRUE
"CD244",38.533836038189,-1.43380731103187,0.167272978212829,1.02002733524626e-17,2.04807375331679e-16,-1.39871184716288,TRUE
"CD300C",14.2089521175766,-1.22477054654257,0.265414127003459,3.93920871292342e-06,1.4372484361152e-05,-1.12249804395403,TRUE
"CD33",27.9615332975277,-1.23364186203528,0.181817986650625,1.16056342489767e-11,1.02847987064144e-10,-1.18736455752523,TRUE
"CD38",64.7589286219264,-1.6536719921202,0.148457811936388,8.10213842628818e-29,6.0505443101579e-27,-1.62905327810406,TRUE
"CD4",2803.69040085939,-1.18361556429913,0.16317442342657,4.05588328988415e-13,4.43818591360931e-12,-1.14310466681416,TRUE
"CD52",79.6129526866927,1.8476467180014,0.202573510781724,7.45234397796924e-20,1.93821654987102e-18,1.80564784927864,TRUE
"CD5L",1155.37290696887,-2.87425699088832,0.20046606853677,1.26885336820683e-46,4.37925878702736e-44,-2.83997092968795,TRUE
"CD7",59.4392982989393,-1.11388753540082,0.22031370652867,4.28330442502632e-07,1.85479137021316e-06,-1.03929099576265,TRUE
"CD86",77.3176454036459,-1.03464169855796,0.185723961109087,2.53488779647793e-08,1.32448924554104e-07,-0.979748976873959,TRUE
"CDC20",11.6420593027602,1.87299518686335,0.244228411827582,1.73300965449813e-14,2.27680383620794e-13,1.81263171689547,TRUE
"CDC25A",11.2359777164289,1.4334390213868,0.245867824559545,5.53873958184412e-09,3.21937662540507e-08,1.35598746583839,TRUE
"CDC6",12.7692794370598,1.48986808877502,0.308419051659669,1.36080073284664e-06,5.40342828310063e-06,1.36965331688788,TRUE
"CDCA5",13.8093712618179,1.15721909006046,0.204786722653304,1.59656194411356e-08,8.63902373997038e-08,1.09552240188298,TRUE
"CDH23",327.680280418253,-1.41458578430373,0.139795425395944,4.55178067898786e-24,1.95711243335606e-22,-1.38547560930265,TRUE
"CDH5",378.452534671233,-1.45923946111072,0.0972122874520054,6.23398023321851e-51,4.42266264323336e-48,-1.44717279881891,TRUE
"CDK1",12.9855925937205,1.72867379848552,0.257959003075316,2.06501485534318e-11,1.75101193245235e-10,1.65517024110181,TRUE
"CDKN1A",425.440778521462,1.25055904089194,0.20192103852974,5.89147074590721e-10,3.97853418430646e-09,1.197659367072,TRUE
"CEACAM19",15.715170159862,1.22941795553512,0.302152588356713,4.72427998917746e-05,0.000143095482594393,1.09146554667208,TRUE
"CEBPD",279.173320547493,-1.14401172756177,0.20379586571493,1.98254153568915e-08,1.05929102137031e-07,-1.08188491132738,TRUE
"CENPE",13.7431398158671,1.56076086320939,0.329562490712221,2.18131245537206e-06,8.33743192310722e-06,1.42577501687455,TRUE
"CENPU",30.7646806010872,1.29399500707645,0.210480745900011,7.85615332739982e-10,5.20078164805058e-09,1.23383961528443,TRUE
"CENPW",13.1089836356923,1.2081440432657,0.22498622676931,7.87987536133282e-08,3.83045330659384e-07,1.13423296455214,TRUE
"CEP152",15.5406741239936,1.26368142335166,0.27453878382133,4.16598341773478e-06,1.51264169020395e-05,1.15389445418101,TRUE
"CEP290",73.3691207418049,1.53664950982258,0.302196233055866,3.67743607636423e-07,1.61377521289248e-06,1.4236680788662,TRUE
"CEP295",52.8657257676389,1.10181405368171,0.231541507773268,1.94937662168878e-06,7.52525376631369e-06,1.01925728110714,TRUE
"CETN3",70.0392215030298,1.00104168173431,0.106287378966905,4.58644911337863e-21,1.34641276270908e-19,0.983251804700467,TRUE
"CETP",400.61507826472,-2.48043427598589,0.172598453767642,7.85427941185009e-47,2.78608744692571e-44,-2.45631343689942,TRUE
"CFAP44",15.5266338563184,1.96004381848432,0.430202949293774,5.21143468064903e-06,1.86310248801478e-05,1.76236950285992,TRUE
"CFAP46",8.77892576264301,-1.00299376908496,0.278736459474133,0.000320231731911281,0.000828644218137196,-0.873081612383429,TRUE
"CFAP74",10.0114486767206,-2.09916426716787,0.457871532141143,4.54825737457544e-06,1.63932392529857e-05,-1.88245410074152,TRUE
"CFD",137.91661587882,-3.18457021868781,0.315183533186984,5.31097740070279e-24,2.26070604689915e-22,-3.120281482725,TRUE
"CFDP1",288.560112740573,1.15977050308816,0.0820016567813369,2.05546667252948e-45,6.10425800190731e-43,1.1501291986559,TRUE
"CFP",490.60884515948,-1.8179844053453,0.129125178919407,5.09547026018607e-45,1.47884443687673e-42,-1.79528043650001,TRUE
"CFTR",55.472628248253,1.19430175058682,0.272711748912351,1.19030711707589e-05,3.99795420438169e-05,1.08351747443154,TRUE
"CHAC2",17.2990122531184,1.00418235756658,0.181834025711229,3.34168461936421e-08,1.71309966235572e-07,0.951364298316015,TRUE
"CHEK1",11.639829943255,1.4377197765939,0.272760919929061,1.35690689527328e-07,6.36579759465093e-07,1.3415350145425,TRUE
"CHI3L1",240.50583745971,1.31843534050175,0.442258893022001,0.0028717818560727,0.00608876877005617,1.01331249386788,TRUE
"CHL1",12.9702005129723,-1.27703722421853,0.555761127878562,0.0215722214814402,0.037312375500202,-0.723293004274988,TRUE
"CHRNE",39.3734541434425,-1.11667348142012,0.146729489300299,2.73200273863475e-14,3.48876749723658e-13,-1.08445262719328,TRUE
"CIDEC",12.9624565124953,2.69719322196016,0.437094798685735,6.79761672574669e-10,4.54955794485248e-09,2.55314830883903,TRUE
"CIR1",410.593746795494,1.05723324337221,0.187254273365554,1.64246197887854e-08,8.88362535801737e-08,1.00309931992833,TRUE
"CITED2",753.32062113869,-1.12159630599812,0.0861602172870117,9.72208524084311e-39,1.88107618978131e-36,-1.11037068647716,TRUE
"CKLF",21.9084700475507,1.41525277401509,0.157646015889603,2.7721759278593e-19,6.61695076612399e-18,1.38386711483301,TRUE
"CKS2",51.3758389445608,1.43654033171803,0.169901815200436,2.78799127517799e-17,5.29801318214628e-16,1.4006676990798,TRUE
"CLDN10",44.1031536870296,1.03426047338841,0.238368023477646,1.43182746295815e-05,4.73935632503256e-05,0.94384498902043,TRUE
"CLDN11",31.8688388793361,1.53603416408916,0.267059277767448,8.83713921494639e-09,4.98675509389595e-08,1.4489171936953,TRUE
"CLDN7",110.843688614835,1.42498091470549,0.14265600028092,1.70409864944417e-23,6.84318860169876e-22,1.39965456545862,TRUE
"CLEC3B",80.3950741285092,-1.03160765448225,0.131585483481308,4.51161345660063e-15,6.41573539429733e-14,-1.00450953441452,TRUE
"CLEC4G",780.665587330543,-1.36051353834005,0.11464463394921,1.75184773747445e-32,1.94531266152597e-30,-1.34295263979718,TRUE
"CLEC4M",451.714637805756,-1.38616197878193,0.174034966632632,1.65427587311201e-15,2.50001217747223e-14,-1.3469111708478,TRUE
"CLGN",74.6704540092527,1.57134421662594,0.39602734396645,7.25492189975213e-05,0.000212586857870203,1.3728221809223,TRUE
"CLIC6",15.2495326817026,1.26024267820037,0.266542812477305,2.26623842141925e-06,8.63361116990567e-06,1.15804475506497,TRUE
"CMKLR1",131.804143545085,-1.25176497776933,0.125684981298855,2.2911340803776e-23,9.11457389608159e-22,-1.22989877042368,TRUE
"CNPY2",176.991318761172,1.19855308565667,0.102648866874481,1.68583858540182e-31,1.65601221042932e-29,1.18375910372889,TRUE
"COG8",133.259209205172,1.15537829386512,0.100780337034582,1.99313037019643e-30,1.83109890844665e-28,1.14079766153103,TRUE
"COL16A1",35.0130883120134,1.0927063008512,0.218082560758416,5.42841024307261e-07,2.31609752101695e-06,1.01881226409347,TRUE
"COL1A1",1580.2853203644,1.48794171605682,0.254617159955316,5.10112999556987e-09,2.99088292210409e-08,1.41060409873698,TRUE
"COL1A2",1181.45843108775,1.29300971710991,0.173432137015417,8.95808452803139e-14,1.06314813590112e-12,1.25704160294238,TRUE
"COL28A1",15.6824508270325,-2.00712652996697,0.449061856180968,7.8366293418222e-06,2.71644290703229e-05,-1.80166639228354,TRUE
"COL3A1",3072.50832420036,1.11269167955083,0.15550635843448,8.35017450395931e-13,8.70463089106616e-12,1.07617985457582,TRUE
"COL5A3",186.413272831134,1.44299383812842,0.296979679824773,1.18041192434329e-06,4.74020763329051e-06,1.32836482937978,TRUE
"COL7A1",5.95280403952894,2.79998777251277,0.597525637207359,2.78635798896548e-06,1.04406665255543e-05,0.396285384316572,TRUE
"COX6A1",657.739470332334,1.39894551916471,0.0839029873881748,2.04721307891299e-62,4.35715183628648e-59,1.39013774753189,TRUE
"COX7A1",28.5459069352901,1.40341953665392,0.197467143239871,1.18503083191677e-12,1.21159677530642e-11,1.35328818109485,TRUE
"COX7B",1085.9074980316,1.01939742714116,0.114530687614256,5.55211778619521e-19,1.28910080235842e-17,0.999021087962085,TRUE
"CPAMD8",33.9946729059621,-2.18688435429426,0.201788308976968,2.28589585746949e-27,1.47428737878209e-25,-2.15112078409774,TRUE
"CPEB3",223.236206825485,-1.14569964859593,0.127785022014445,3.07933790294236e-19,7.28206389269888e-18,-1.12173152870479,TRUE
"CPNE2",163.141612694504,-1.093053523647,0.0825438035215993,5.01255297870181e-40,1.04934920554135e-37,-1.08278099338275,TRUE
"CPS1",41812.7474504679,-1.33790316863573,0.14375888349102,1.32018008127624e-20,3.72156724898403e-19,-1.30130236706583,TRUE
"CPVL",430.865738118847,-1.5772214831394,0.140371007391478,2.71122189557272e-29,2.13717923496689e-27,-1.55424153604774,TRUE
"CR1",52.3141953783424,-3.45691088211012,0.212240591123956,1.20684994472783e-59,1.71238597713049e-56,-3.43119037654534,TRUE
"CRHBP",1046.6615675413,-1.57470597579023,0.112132558963865,8.4731323710908e-45,2.4044866750851e-42,-1.55842235990965,TRUE
"CRIPTO",32.5035332423465,1.27806168578651,0.267905707647948,1.83709571838888e-06,7.10900373449273e-06,1.17726697021027,TRUE
"CSF1R",830.851495592023,-2.10737041713601,0.163955503442514,8.24104242079666e-38,1.38471199623123e-35,-2.08214759519629,TRUE
"CSF2RB",34.1501925564213,-1.01130377379734,0.199497760570127,3.99388969714136e-07,1.74068161885649e-06,-0.947013982480249,TRUE
"CSF3R",70.3379132448123,-1.20399099610249,0.156226371404081,1.29104935474064e-14,1.72455023640564e-13,-1.16946627325248,TRUE
"CSNK1E",76.8033442822661,1.10446112161431,0.148916320587439,1.20114391492163e-13,1.40206652591858e-12,1.07114421073164,TRUE
"CSPG4",13.4543158304191,1.41564558047046,0.318153190240416,8.60415149234285e-06,2.95919780655045e-05,1.28072735470365,TRUE
"CSPP1",204.571178253168,1.99210752010743,0.331321805883091,1.82564235288015e-09,1.14562421849039e-08,1.88503353414013,TRUE
"CSRP2",176.177028051841,1.05917753304221,0.126551780061012,5.78538791969845e-17,1.05692995328396e-15,1.03491421586792,TRUE
"CSTB",897.387797045683,1.01723742661716,0.125942243943757,6.63712418022504e-16,1.05026116210005e-14,0.988377174542269,TRUE
"CTNNA3",132.557990835437,-1.11041202305925,0.234990506914646,2.2972112506091e-06,8.74378171990409e-06,-1.02532766747355,TRUE
"CTSD",6247.50981219116,1.04795265206165,0.169901220911586,6.9154199365114e-10,4.62597761075174e-09,1.00857463087776,TRUE
"CTSK",40.0031886333608,1.03841902967292,0.167200381475359,5.27739546349882e-10,3.60001816607264e-09,0.995003931015245,TRUE
"CTTNBP2",26.2085733678944,-1.12412023446607,0.226791157369791,7.17257633714445e-07,3.00110746478816e-06,-1.04317633594447,TRUE
"CUX2",1100.04113317311,-1.34044558058243,0.205653191717786,7.12554331309011e-11,5.58926216880594e-10,-1.2834056669707,TRUE
"CWF19L2",322.61534549164,2.01211606390524,0.295578304446146,9.93869520347843e-12,8.92174624070563e-11,1.92960869140859,TRUE
"CXCL10",195.790137249422,2.65973781640522,0.294721090016109,1.80364956383106e-19,4.39553529200813e-18,2.59596176805959,TRUE
"CXCL11",15.0275362601902,1.12236542677536,0.415315022873916,0.0068831860421705,0.0134093494673558,0.822591568033338,TRUE
"CXCL16",623.122397136851,-1.00977422045652,0.0845716821118989,7.33447086274003e-33,8.36260651046341e-31,-0.998441130059049,TRUE
"CXCL9",140.594189822084,1.66269118797029,0.327133916254112,3.72301120738258e-07,1.63153236507466e-06,1.53822684189586,TRUE
"CXCR1",10.3039880522043,-1.05648617629582,0.356895510541371,0.00307427959998932,0.00648239826962961,-0.834440824145336,TRUE
"CXCR2",20.187654185411,-1.48587216065178,0.323650809419396,4.41184196663555e-06,1.5915034438965e-05,-1.3500347936107,TRUE
"CYB5D1",16.027647841423,-1.53334190737893,0.168214193273122,7.83711267347516e-20,2.02181674424804e-18,-1.50033017045262,TRUE
"CYB5R2",45.9651750342787,1.01363323715164,0.210569017454398,1.48100746747621e-06,5.83537962347152e-06,0.942435582788308,TRUE
"CYBB",543.532349321825,-1.78742305058542,0.167299222043537,1.20959746590944e-26,7.32064437898745e-25,-1.75620499852285,TRUE
"CYCS",496.097424856642,1.45185167907125,0.100340614893897,1.89575886159739e-47,7.12024725370551e-45,1.43978357322669,TRUE
"CYP17A1",19.1751581326242,1.34654116206797,0.327559283728645,3.94236097691377e-05,0.000121077320046149,3.50676752176459,TRUE
"CYP1A2",17213.8454686624,-1.15655983400846,0.241237903921672,1.63267623465476e-06,6.38764568521487e-06,-1.06885029403733,TRUE
"CYP26B1",28.562943399477,-1.41735183891238,0.291812693585662,1.19141341310745e-06,4.78288251662439e-06,-1.30595635362796,TRUE
"CYP2B6",5619.7109437929,-1.02351571155213,0.200633306113624,3.37106070334258e-07,1.49008117624385e-06,-0.948931929374984,TRUE
"CYP2C19",99.8331185299309,-2.65938467267056,0.353802329556585,5.62262732452229e-14,6.82518545001422e-13,-2.56474517826507,TRUE
"CYP2S1",32.6029186029399,-1.30882729553944,0.173286654098106,4.25473273446563e-14,5.24449199026314e-13,-1.26819527700862,TRUE
"CYP3A5",3070.0862327868,1.524771248552,0.339187470289417,6.94509351208684e-06,2.43450025114875e-05,1.38571732465486,TRUE
"CYP46A1",27.146380950002,1.27251839462406,0.263017972372122,1.31058258098246e-06,5.2186278637811e-06,1.17312784680119,TRUE
"CYRIA",71.3665384650791,-1.04356981267113,0.120751329768481,5.5090161109313e-18,1.14951202183975e-16,-1.02096619991917,TRUE
"CYS1",32.5329816935707,1.05209594566291,0.224669504383205,2.82899060991786e-06,1.05973042207835e-05,0.971920613022688,TRUE
"CYSLTR1",17.1947069796235,-1.31170442746384,0.223629642030402,4.47723798245636e-09,2.64573480036871e-08,-1.24263841345853,TRUE
"DAPK2",40.4524346395807,1.1535581514597,0.142851565770351,6.73538186029801e-16,1.06449042519809e-14,1.12378516025231,TRUE
"DBF4",21.9989987090881,1.04440644726279,0.1566281774615,2.5920273720471e-11,2.16766139757967e-10,1.00647694098509,TRUE
"DCDC2",47.5160197892107,1.02413207489291,0.219194308434989,2.97908314259404e-06,1.11139035147315e-05,0.946517980206129,TRUE
"DCHS1",166.975926526689,-1.64877582714677,0.129393730145794,3.44027158179824e-37,5.56104659488146e-35,-1.63010718215884,TRUE
"DDIT3",86.411936565718,1.06331902857448,0.107391440147864,4.10739427567479e-23,1.57040194312476e-21,1.04581338469224,TRUE
"DDIT4",396.324318461458,1.18454452731621,0.178061954800084,2.88294737101388e-11,2.39305908140571e-10,1.13892380391034,TRUE
"DDR2",174.049544518615,-1.04924665985375,0.160372599399866,6.0476310875026e-11,4.7848977067787e-10,-1.0091073286527,TRUE
"DDX3Y",240.096723468515,-1.14757999570318,0.466127604240723,0.0138186292730877,0.0250303398322454,-0.762621116527102,TRUE
"DDX55",159.225475339434,1.20941682873682,0.213258807350896,1.41864878336302e-08,7.73202943386505e-08,1.14622013970943,TRUE
"DENND3",58.8547771955481,-1.3976597446237,0.12139377235298,1.12885714057115e-30,1.04460186123866e-28,-1.37879068243085,TRUE
"DERL3",37.539704929375,1.67216478674813,0.278207405047676,1.84955377400369e-09,1.15835221647999e-08,1.58297685974345,TRUE
"DGKG",16.6571704731321,-1.07019645264408,0.184047814438387,6.07158457892542e-09,3.50833190375012e-08,-1.01807807016222,TRUE
"DHRS4L2",512.977299672088,1.19552044561915,0.10506312785167,5.31650258237471e-30,4.55649248167282e-28,1.18004936967225,TRUE
"DIPK1C",10.2614689251342,-1.36274456935599,0.313877061829129,1.41416222587682e-05,4.68331214326945e-05,-1.22704150465545,TRUE
"DLL4",26.81734373375,-1.01015381677819,0.141858764892694,1.07269893999962e-12,1.10559850393827e-11,-0.978193496970988,TRUE
"DNAJC2",224.850003101306,1.11695270575194,0.171937357229753,8.23319845419929e-11,6.38748142528098e-10,1.07275811123583,TRUE
"DNASE1L3",1917.95074316998,-1.09925538102689,0.115430299128314,1.68073074091481e-21,5.12241803376661e-20,-1.08115588480807,TRUE
"DNHD1",22.502646705352,1.84172753132324,0.35839064455444,2.76376649285907e-07,1.23662572227787e-06,1.70134953869502,TRUE
"DNM1",106.673500445478,-1.58353261022983,0.354230649553705,7.80941442136431e-06,2.70847968932163e-05,-1.42922162928411,TRUE
"DNMT3L",20.8440468181259,1.16980642873297,0.240507585927962,1.15091253098392e-06,4.62756707199769e-06,1.08332304232562,TRUE
"DOCK10",71.9629308015441,-1.03164142154191,0.173756749074885,2.89800189545668e-09,1.76984620779444e-08,-0.98355544041589,TRUE
"DOCK2",114.647749022539,-1.43454302760113,0.146307256207673,1.07144244076753e-22,3.82187708620151e-21,-1.40773159152568,TRUE
"DOK3",29.1876291245959,-1.27679382526418,0.218133757560263,4.82026639412307e-09,2.83662681350007e-08,-1.21054606571581,TRUE
"DOK5",13.789203631877,1.37425771418302,0.385557877603447,0.00036477883270784,0.000932017945914188,1.15871780442013,TRUE
"DOK7",20.1892647828109,1.91611523702945,0.324175085866941,3.40570474599542e-09,2.05727765403792e-08,1.80873521546755,TRUE
"DRD1",16.1765975710064,1.3333155771075,0.277852665039915,1.59744720706819e-06,6.25940498136262e-06,1.22696330694576,TRUE
"DTL",14.4685647441605,1.22492178834376,0.276670454121995,9.53901137800755e-06,3.25790787101247e-05,1.11264404409457,TRUE
"DTNA",39.0724850149566,2.86590625475824,0.274831792098092,1.85016499717332e-25,9.48859719433869e-24,2.81473185688676,TRUE
"DUSP1",507.552070893653,1.15793378308187,0.158450014399313,2.71388813163395e-13,3.04805201767507e-12,1.12157013985753,TRUE
"DUSP10",241.942630676854,-1.00415013470855,0.126155547793519,1.72569393636869e-15,2.60066482452841e-14,-0.979341817147816,TRUE
"DUSP8",28.0362456158005,3.00181479377572,0.296331763062547,4.07014014478587e-24,1.75593546111201e-22,2.94440873950019,TRUE
"DYNC2I1",126.927963493572,1.53542182919729,0.33726099984649,5.2981431668087e-06,1.89198233333745e-05,1.39431349347075,TRUE
"DYNLT1",358.659436610417,1.33023573824541,0.0772493995796293,1.87942881024144e-66,4.80006118135664e-63,1.32250836022823,TRUE
"DYSF",625.820574934984,-1.16247583455273,0.10267895973292,1.02745188761111e-29,8.41061577230378e-28,-1.14736826538446,TRUE
"E2F1",18.3928168292358,1.67841903754926,0.297740506481686,1.72849962005204e-08,9.32528100889924e-08,1.57728599934037,TRUE
"EBI3",38.2422019434073,-1.85205780169945,0.181703289862405,2.1361467187287e-24,9.60513859090337e-23,-1.81846292914248,TRUE
"EDC4",128.181012592476,-1.42314667668772,0.121381930354537,9.54237158627158e-32,9.52000665286626e-30,-1.40451681980515,TRUE
"EEF1E1",21.3694516194184,1.18883031072776,0.171363204928498,3.99131024735027e-12,3.79516246155346e-11,1.14676436506546,TRUE
"EFCAB12",18.1694973700903,-1.2649571687388,0.302082432419407,2.82097558056581e-05,8.88381212424794e-05,-1.1311546390603,TRUE
"EFEMP1",58.3589843974241,1.36034812922865,0.244144779586844,2.51988896550255e-08,1.31827046659023e-07,1.2800355821067,TRUE
"EFNB2",112.924643620197,-1.07411724589721,0.138357001563658,8.26988204156713e-15,1.13190132551782e-13,-1.04510612435279,TRUE
"EGLN2",66.7874048463647,1.29884371128667,0.146852245867532,9.18884813269292e-19,2.08792865933254e-17,1.26980259696141,TRUE
"EGR1",359.484782447149,-2.50723612198768,0.346151286298738,4.38284147015213e-13,4.75160413830147e-12,-2.41144388534205,TRUE
"EHD3",516.588047961821,-1.52825590296343,0.158592936171469,5.61529480779082e-22,1.78821233654585e-20,-1.49818537694649,TRUE
"EIF3C",18.394237438557,1.58867231325062,0.220933069227475,6.44409761953272e-13,6.82913913704837e-12,1.53156961959421,TRUE
"EIF3J",724.608472212565,1.06831867348881,0.117305203107029,8.45571924429355e-20,2.16826374999254e-18,1.0470215543318,TRUE
"ELF4",48.1041100803869,-1.33560521113077,0.154833222739702,6.34854385298531e-18,1.31182694179001e-16,-1.30402678389902,TRUE
"EMP1",69.4731753922766,1.82191495113955,0.194812190289394,8.58749980131436e-21,2.45879758885167e-19,1.78313620099571,TRUE
"ENG",1512.07770219751,-1.10470756427288,0.112725185669368,1.12578282918966e-22,3.98233981405871e-21,-1.08437886476904,TRUE
"EPB41L2",347.710928268338,-1.35670541487727,0.127362600421979,1.70098020247566e-26,1.01978953923071e-24,-1.3348401589211,TRUE
"EPB41L3",107.609970924325,-1.8572068619702,0.143289260633256,2.02933444089861e-38,3.64994377609511e-36,-1.83882114435527,TRUE
"EPPK1",26.0641274879367,1.53014131058061,0.304963216616224,5.23585893118747e-07,2.24143206675374e-06,1.41439914313939,TRUE
"ERCC5",16.2746675001146,-1.02050946469672,0.170646761222394,2.22802063327824e-09,1.3818272698865e-08,-0.974522144973779,TRUE
"ERICH1",99.7648612527243,1.2659794544322,0.210590290626044,1.83728785855622e-09,1.15179999773014e-08,1.20476991575358,TRUE
"ERLN",23.6256925473717,1.20924315833296,0.156695142755797,1.18940352167765e-14,1.59377575779891e-13,1.17481181370728,TRUE
"ERN1",307.734663457241,-1.11956563346045,0.102204519878915,6.34577731376151e-28,4.38030142144511e-26,-1.10395316551091,TRUE
"ERVK3-1",20.7107807761701,1.07481325081374,0.191658337093755,2.0471938488825e-08,1.0901862156059e-07,1.01811132876938,TRUE
"ESF1",406.663016038925,2.273263366997,0.302569629015401,5.77033109176102e-14,6.98456189969556e-13,2.19446888155953,TRUE
"ESPL1",22.5841380144385,1.66390142423317,0.378052105592638,1.07629560331073e-05,3.63509517436604e-05,1.49303133023158,TRUE
"ESPNL",42.8478854988372,-1.42673751630426,0.247349870472174,8.01726775818023e-09,4.55226808679242e-08,-1.34748550400471,TRUE
"ETS1",801.853682282327,-1.05099440768665,0.103064867327474,2.03636463586443e-24,9.221410070918e-23,-1.03456824449285,TRUE
"ETV5",104.76185780578,-1.71660466878318,0.126371197350734,4.99459653311893e-42,1.25060779858684e-39,-1.69927127591731,TRUE
"ETV7",21.6356435670201,1.61477123945343,0.253981591046569,2.04626570869516e-10,1.48470528977484e-09,1.53949852787965,TRUE
"EVI2B",129.25172341973,-1.03234082560125,0.181500280761186,1.28671760751134e-08,7.06422349437652e-08,-0.977781822850562,TRUE
"EXOC3L2",72.3220311387058,-1.52247576342443,0.171889893496356,8.199533961454e-19,1.8900369799236e-17,-1.48693665193284,TRUE
"F2RL2",33.2440594909797,-1.7489936471505,0.3127850215608,2.24883418493094e-08,1.1876597411732e-07,-1.64148410977946,TRUE
"FABP1",22199.615991556,1.41950483666006,0.13071406811211,1.79498644890804e-27,1.16948862002835e-25,1.41473674274892,TRUE
"FABP3",43.714414885631,-1.37098279670352,0.142119034968049,5.07522137159754e-22,1.63250823464233e-20,-1.34490318656156,TRUE
"FABP4",103.484415350392,3.9925094050558,0.387372706973954,6.57632101245782e-25,3.16904223883345e-23,3.91793601267584,TRUE
"FABP5",13.7019747409419,2.3901608519207,0.274204184073747,2.86379452185055e-18,6.1984162786494e-17,2.32851649859195,TRUE
"FAM111B",22.5865284199906,1.83511641457646,0.309028482939286,2.8792124252839e-09,1.7600546994196e-08,1.73471236199243,TRUE
"FAM133B",158.604179386038,2.34115845534785,0.364812743880286,1.38598520342092e-10,1.03321839157532e-09,2.22878390663752,TRUE
"FAM193B",55.1960049379184,1.16451939660166,0.266941235232228,1.28610450062722e-05,4.29486257139372e-05,1.05490550671666,TRUE
"FAM3B",12.8681932766759,1.04868829974704,0.368031364090521,0.00437943915422235,0.00894318111223642,0.812908870901705,TRUE
"FAM43A",29.5766252126001,-1.0522793481512,0.213061964227196,7.85879091178852e-07,3.25833636180323e-06,-0.980588024427483,TRUE
"FAM47E",14.0789939266035,1.06692176570977,0.203403284644958,1.55984481869677e-07,7.23545889384588e-07,1.00211814734003,TRUE
"FAM9B",9.34620515301877,-1.17909515836672,0.440637501822687,0.00745322765875829,0.0143794707965468,-0.835299844396209,TRUE
"FBXL18",40.9143203770689,-1.00817290498111,0.168489984211204,2.18288887896641e-09,1.35581181830745e-08,-0.962360848673452,TRUE
"FBXO16",10.073327683443,1.01420020255207,0.253092500918971,6.14346806533069e-05,0.000182786782838474,0.90867655734123,TRUE
"FBXO2",357.224799361747,1.36641195690822,0.211209778098507,9.8357625760053e-11,7.53013717599447e-10,1.31243284498036,TRUE
"FCAMR",178.313792588756,1.96095011195273,0.23459089808051,6.3241154550245e-17,1.14877602220004e-15,1.90864962319223,TRUE
"FCER1G",367.119921095568,-1.4588004825,0.171515815308179,1.81062734024724e-17,3.50860563504662e-16,-1.42222278139469,TRUE
"FCGR3A",614.556891823738,-1.59327290521289,0.157062701558947,3.51706244858775e-24,1.54339819479263e-22,-1.56473802414904,TRUE
"FCGR3B",24.4748468687404,-1.76457280409436,0.375271829002758,2.5747533631195e-06,9.72769243995147e-06,-1.60582993383269,TRUE
"FCN2",908.755711285822,-1.06664392387961,0.135973376752849,4.34662287368641e-15,6.18800157156917e-14,-1.03789236429065,TRUE
"FCRL6",9.18004911811994,-1.30746900791941,0.269430610277342,1.21784822340992e-06,4.87521059966919e-06,-1.20792541514525,TRUE
"FGD2",68.0166604019882,-1.49610949905186,0.162804380313582,3.94251591387178e-20,1.05106321962719e-18,-1.463830466768,TRUE
"FGF14",19.7940246232075,1.22084794838143,0.366266187756368,0.000858452067474512,0.00202820220197031,1.01207859515014,TRUE
"FGF2",67.8194341973044,1.14663411400565,0.190173668338391,1.64564164045846e-09,1.03674611488182e-08,1.0931273515041,TRUE
"FGF21",25.0760614780791,1.78425219204978,0.309504923443172,8.17262181860466e-09,4.63018547575783e-08,1.68030922043858,TRUE
"FGFRL1",1024.91508069983,-1.26362695955166,0.0994986221243539,5.91718012553416e-37,9.4452987753839e-35,-1.25025020299721,TRUE
"FGL2",420.867074530196,-1.16052257089955,0.137907813835405,3.92207287857636e-17,7.3116599502803e-16,-1.13267493316399,TRUE
"FHIP1A",13.1673044670732,-2.4382562879645,0.277917600960613,1.73494996089511e-18,3.83309878903642e-17,-2.37528645972088,TRUE
"FKBP2",1158.35102918468,1.29537694674966,0.129009327402642,1.00693743636226e-23,4.16135633085631e-22,1.27430275629404,TRUE
"FLT1",313.066104809804,-1.5083160801977,0.116994574083348,4.98100808197741e-38,8.59560448741237e-36,-1.4918920113831,TRUE
"FLT4",195.173995273406,-1.87805260381006,0.14097467198992,1.72622044695009e-40,3.80066122544011e-38,-1.85804723835768,TRUE
"FMNL2",68.0393699730001,-1.49963691198832,0.149127804216865,8.6393959096695e-24,3.60539495968887e-22,-1.47268070862203,TRUE
"FMO1",50.9722283414048,2.1382248427496,0.370610131212406,7.95202026316085e-09,4.51722859255178e-08,2.01085181161103,TRUE
"FNBP1",417.271967584525,-1.13113467219525,0.0595278138911294,1.6484436088189e-80,2.10506248846173e-76,-1.12577801072913,TRUE
"FNBP4",167.159496691959,1.21321356581006,0.278398949467384,1.31362074231166e-05,4.38102295098456e-05,1.09996636773994,TRUE
"FNDC5",1669.66299205162,1.26996895119667,0.206704481259743,8.05261984421135e-10,5.32256497984363e-09,1.21910068802001,TRUE
"FOLR2",240.50893019679,-2.13826267629292,0.150091293949956,4.71900188256409e-46,1.54517061641906e-43,-2.11806507851208,TRUE
"FOXK1",171.427787374141,-1.03081321027567,0.193830413622456,1.04845477426382e-07,4.99022268630226e-07,-0.970619209878025,TRUE
"FOXM1",18.1184171563487,1.94550960172302,0.252508090704919,1.31108267071093e-14,1.7440130942686e-13,1.88287235928561,TRUE
"FPR1",46.3834842686435,-1.53275187746659,0.238839904553311,1.38542586400095e-10,1.03321839157532e-09,-1.46393204513309,TRUE
"FREM2",86.600095507394,1.12787802033432,0.362451012203446,0.00185945285587064,0.00409965693533633,0.911156242147696,TRUE
"FRRS1",245.925305987148,-1.14015640472713,0.148101000210279,1.37666518651381e-14,1.82554666996691e-13,-1.10667789553534,TRUE
"FSCN1",319.788531670413,-1.4648866688543,0.16568637867131,9.45923872833597e-19,2.14555024086768e-17,-1.43087661745818,TRUE
"FST",317.100193330074,1.36878891957481,0.180435810989921,3.29892123217106e-14,4.14230325809483e-13,1.32663886758964,TRUE
"FSTL3",68.0292048404049,1.19606242973306,0.180801696515065,3.70730137461392e-11,3.01673198998459e-10,1.15045558588738,TRUE
"FYB2",193.520166144346,1.62330497580727,0.187517243209046,4.85063508911417e-18,1.01879292907875e-16,1.58325150646378,TRUE
"G6PC1",2844.27652663585,-1.04095151995588,0.209172882740612,6.47400105777659e-07,2.72938242019832e-06,-0.968502201416835,TRUE
"GAB3",14.9147755214451,-1.16712760223702,0.188285438448362,5.69263296350916e-10,3.85649458588923e-09,-1.11504780502281,TRUE
"GALNT14",14.36031019837,-1.17790621853569,0.202260405531636,5.75549494086232e-09,3.33625376281488e-08,-1.1188743296662,TRUE
"GASK1B",117.82644730294,-1.20961278943394,0.153327584288665,3.0443489263894e-15,4.44809333981609e-14,-1.17637146062273,TRUE
"GBP3",182.672103881732,1.04950623820596,0.343687016176973,0.00226061679050026,0.00490120142863978,0.849131017594995,TRUE
"GCK",187.854277873192,1.14130300352259,0.305769964907354,0.000189547802940382,0.000513367008175753,0.995267306152635,TRUE
"GCNT1",41.7789026201219,-1.74849425966987,0.154746309296747,1.32567335573354e-29,1.0714461235897e-27,-1.72297343404879,TRUE
"GCNT4",14.006935946865,1.11226207238817,0.232888522538474,1.78867959811202e-06,6.93004807885028e-06,1.02870019030523,TRUE
"GDF15",25.8244095714743,1.21085249820132,0.306137448499808,7.64522003179583e-05,0.000223153050985218,1.07033869357986,TRUE
"GFRA2",44.7957924006251,-2.40185846934981,0.185937789616765,3.58427462842023e-38,6.27002561711319e-36,-2.37399250806626,TRUE
"GGCT",125.099807674724,1.20172165377661,0.0958711019894457,4.81792532543261e-36,7.07182832250281e-34,1.18884116011635,TRUE
"GIMAP8",271.232220990126,-1.2871370249157,0.115133637361005,5.13759905253461e-29,3.92857125154892e-27,-1.26927763393384,TRUE
"GINS1",12.1685853812308,1.09378702580387,0.25362652848033,1.61353755921203e-05,5.28601196283675e-05,0.992784264311243,TRUE
"GINS2",40.9613553781263,1.21352924998915,0.182825233577073,3.18731379216766e-11,2.62437091571747e-10,1.16612963026553,TRUE
"GKAP1",89.439239818145,1.21572602601407,0.192497874750359,2.69237844795617e-10,1.91755007141106e-09,1.16267833575071,TRUE
"GLIS2",40.431009062908,1.09381976770542,0.220845633179744,7.31267350209819e-07,3.05072984716739e-06,1.01885066260765,TRUE
"GNB4",143.042259898344,-1.03493914501863,0.122564596140273,3.06580071444835e-17,5.80004075903783e-16,-1.01130958246401,TRUE
"GNMT",1737.54786364226,-1.11831552513021,0.184697881596986,1.405601189334e-09,8.93455808252621e-09,-1.06525862796715,TRUE
"GOLT1A",634.23704071617,1.00538348732126,0.114262643548594,1.38186218095048e-18,3.09585614925222e-17,0.984884230111234,TRUE
"GPBAR1",24.5691611632309,-1.40143037405843,0.247393793063042,1.47216888701082e-08,8.00664254136637e-08,-1.32199584265557,TRUE
"GPC3",21.393634730598,1.22763217291355,0.360009025475338,0.000649619558226708,0.00157084676359687,1.02710596570321,TRUE
"GPC5",16.9444365306281,-1.1501018963534,0.231059068993449,6.44030360278382e-07,2.71607255639199e-06,-1.07050675043251,TRUE
"GPR158",8.83503890305302,-1.11442132084856,0.282579867478052,8.02208736918208e-05,0.000233246939217794,-0.989468681627321,TRUE
"GPR160",17.5928989933093,-1.32068594519799,0.214240365101853,7.07036643244751e-10,4.72465294861975e-09,-1.25920670763023,TRUE
"GPR182",136.152621925793,-1.12906541367472,0.14593221771979,1.01856738117179e-14,1.37641327593268e-13,-1.09691248253642,TRUE
"GPR34",34.9295677295995,-1.49710600335243,0.21098087621444,1.28482413397141e-12,1.30838948890071e-11,-1.44210744929511,TRUE
"GPR65",55.0570902941049,-1.10316289890888,0.160548660114774,6.36614323733565e-12,5.88672332663116e-11,-1.0640478607036,TRUE
"GPR82",11.3812009146795,-1.37612193571962,0.289099341760712,1.93562872013589e-06,7.47444171640015e-06,-1.26323100810619,TRUE
"GPR88",136.865460689193,-1.82429854585458,0.370722880019215,8.61372555631741e-07,3.54829920497333e-06,-1.67410684513282,TRUE
"GPX2",1082.11828697451,1.32087940108554,0.318340364949862,3.33540538876892e-05,0.000103582506844794,1.1819355920951,TRUE
"GSDMB",57.9159611097254,1.73122923562583,0.329199933952174,1.44920377102543e-07,6.76648342083905e-07,1.60877712899918,TRUE
"GTF2I",370.749611596888,-1.10747163483461,0.0918828161736339,1.8681831544014e-33,2.22959802632766e-31,-1.09470677484316,TRUE
"GUCY1A2",53.6725259940393,-1.1057963021609,0.212554404539398,1.96714942767262e-07,8.99087265260536e-07,-1.03548160621293,TRUE
"H2AJ",442.314231116364,1.08927821763756,0.174047707779846,3.88688755701379e-10,2.70198988040643e-09,1.04479990481081,TRUE
"HAL",595.337833211698,-1.09110486053631,0.219108396290142,6.36667259905134e-07,2.68857172916288e-06,-1.01249133781292,TRUE
"HBA2",468.183122763284,1.64125385040137,0.342463092264964,1.64717017283547e-06,6.43449467944598e-06,2.32242050688042,TRUE
"HBB",3137.44901281239,2.23535282580416,0.367266765186625,1.15437717424608e-09,7.44514975511237e-09,2.11658166859748,TRUE
"HCAR2",12.0430348254501,-2.70770742715317,0.275145104206962,7.49499215383441e-23,2.73460142298473e-21,-2.65290137959535,TRUE
"HCAR3",7.99147634915422,-2.16690519274049,0.26711185071121,4.96494765640508e-16,7.99525618818321e-15,-2.10376714947965,TRUE
"HCFC1",434.92467954839,-1.29031479077039,0.0860418359067242,7.75515847618682e-51,5.21228282846872e-48,-1.28038016143475,TRUE
"HCK",115.647245905897,-1.10879559430867,0.141326975051644,4.30871832327863e-15,6.14088537815492e-14,-1.07884217827302,TRUE
"HDAC9",39.3587479745046,-1.14800403260518,0.158254014996776,4.04085037861466e-13,4.42552824484642e-12,-1.11107817003749,TRUE
"HEATR5B",153.023713805202,-1.0082222861431,0.094857377704897,2.18856823641499e-26,1.27036438086452e-24,-0.994000830541451,TRUE
"HECW2",120.970658464329,-1.35577716619178,0.145778560263487,1.40114835053297e-20,3.94111551460484e-19,-1.32795771699254,TRUE
"HELLS",16.5186656729294,1.71880089610167,0.276382208895226,5.00564781350029e-10,3.42674910903843e-09,1.63361405808668,TRUE
"HIC1",79.1217986755605,-1.07546216371746,0.15295831517965,2.04940823018487e-12,2.01936289347691e-11,-1.0390412223616,TRUE
"HIPK2",1888.56221476617,-1.03201649003169,0.073968894132955,3.05761452461677e-44,8.48820379986005e-42,-1.02362977895594,TRUE
"HIVEP1",163.976610375301,-1.01112308038842,0.150506627815307,1.84071536036505e-11,1.57335576652354e-10,-0.974950359977681,TRUE
"HK2",21.4493927417713,-1.37228368921146,0.255053371823225,7.43293737506224e-08,3.62977477168432e-07,-1.28410303837341,TRUE
"HK3",56.1184902451676,-1.62450750496129,0.222706516794734,3.00022068504836e-13,3.35195259388168e-12,-1.56732336071734,TRUE
"HKDC1",32.6388079711684,3.66082736550605,0.451840663362693,5.4048867181122e-16,8.64917335717955e-15,3.54867873955522,TRUE
"HMGCS1",3886.98511259101,1.50587055987424,0.282222300331923,9.51450000039108e-08,4.55397919808823e-07,1.41720470299627,TRUE
"HMGN5",247.154318354966,1.18484036580086,0.263981818333473,7.17800349755832e-06,2.50925553418614e-05,1.08479154102298,TRUE
"HMMR",14.1053736159611,1.97523947760403,0.227583176219137,3.98568846514407e-18,8.45469131227405e-17,1.92550433608008,TRUE
"HMOX1",874.663085050716,-1.49889028365633,0.131809096708718,5.7865964554693e-30,4.92632244908953e-28,-1.47393823578761,TRUE
"HOXA5",7.80518949339461,-1.45798371539833,0.267034638259362,4.76389838500117e-08,2.39037258846621e-07,-1.36724595989293,TRUE
"HOXB6",9.90257513960653,-1.28150541626158,0.222065813750012,7.8879164465264e-09,4.48280787815497e-08,-1.21361861674813,TRUE
"HPGDS",7.76807896406677,-1.16531503669551,0.303454029948727,0.000122949183571735,0.000344916756197508,-1.02390488113732,TRUE
"HRH1",13.1588870534703,-1.55817775227133,0.221266197765196,1.89369607353831e-12,1.8746123146577e-11,-1.50071263233862,TRUE
"HS3ST2",17.473059649347,2.83274602675998,0.350676619015061,6.58679379885163e-16,1.04359003488009e-14,2.74651399938918,TRUE
"HS3ST3A1",11.7496921921704,-1.1992308011653,0.27061258411586,9.35619544015085e-06,3.19974868159417e-05,-1.08909235142818,TRUE
"HSP90AA1",8656.77626958624,1.24866069434736,0.176707965101206,1.59189284129121e-12,1.60192841475876e-11,1.22005220212397,TRUE
"HSPE1",724.883587135912,1.22916327379843,0.102441586686752,3.61031131533693e-33,4.1912432269866e-31,1.21471187351528,TRUE
"HSPG2",1216.54064942571,-1.42044199666106,0.136754958924317,2.84842903135068e-25,1.40986196629257e-23,-1.39757081310925,TRUE
"HVCN1",44.9327887083096,-1.08958472701282,0.147250794952993,1.36680959262872e-13,1.58099261756057e-12,-1.05670485480848,TRUE
"IDI1",2057.55328548049,1.18052703673758,0.183084757993606,1.13349987723401e-10,8.6005902746752e-10,1.13602578088983,TRUE
"IFI27",520.803819783176,1.25576894346956,0.242678305689763,2.28370611632724e-07,1.03414635125883e-06,1.17843024002996,TRUE
"IFI27L1",44.9212954706766,1.51214885602892,0.147684750640236,1.32556229935602e-24,6.11098576273514e-23,1.48604508150267,TRUE
"IFI27L2",20.0093810539501,1.60696120881397,0.191636674330842,5.05288025806604e-17,9.29759090713304e-16,1.56488645371438,TRUE
"IFI44",161.872898993783,1.04826209357562,0.149476466896159,2.33444167542159e-12,2.27737358251594e-11,1.01274453577578,TRUE
"IFI6",820.746783444823,1.74207310060565,0.298585935361751,5.39808740162746e-09,3.14477993242622e-08,1.64452289336146,TRUE
"IGF1R",58.3984758743187,-1.05003852262787,0.167828808641941,3.93448854015948e-10,2.73062057923025e-09,-1.00564989140046,TRUE
"IGFBP2",1446.59215646624,-1.98436729128555,0.359453994177775,3.38028277593393e-08,1.73100193151275e-07,-1.85432916297794,TRUE
"IGFBP6",41.3088029996434,1.04139841856392,0.193183613379086,7.01766519444654e-08,3.44013760203771e-07,0.982586897795998,TRUE
"IGSF3",25.9952408217616,1.76034703119993,0.225084502196923,5.24772772540682e-15,7.39663168360321e-14,1.70623817152731,TRUE
"IL10RA",176.670237682932,-1.61995675102991,0.138064662137299,8.60181318703083e-32,8.71786939669712e-30,-1.59547941950422,TRUE
"IL17RB",282.615382507132,-1.22618228588883,0.167828279691195,2.74860199029438e-13,3.08432754095424e-12,-1.18433461202448,TRUE
"IL32",2173.51169159257,1.87297075496565,0.270747114345785,4.58754693218712e-12,4.32346673978078e-11,1.79808107300021,TRUE
"INHBA",187.861985998215,1.15035107994998,0.285442644072619,5.57625361358761e-05,0.000167195958313017,1.02484045292162,TRUE
"INPP5D",152.021605927106,-1.15099416666176,0.108442073157525,2.56779777418631e-26,1.47043845633898e-24,-1.13379908393107,TRUE
"INS-IGF2",484.033934347655,-1.39996325838066,0.158098214335386,8.36668705197156e-19,1.92162938226037e-17,-1.36792053718521,TRUE
"IP6K3",36.5899539226312,1.47444933490933,0.329377499852232,7.58864218414125e-06,2.64051664009493e-05,1.33379012502529,TRUE
"IPCEF1",22.0320491173642,-1.27778870692316,0.179346164219564,1.04303022209423e-12,1.07675795765104e-11,-1.23353657397194,TRUE
"IQGAP1",630.835511965308,-1.45763485072742,0.122942190834564,1.99692227529485e-32,2.17954679106968e-30,-1.43653761251627,TRUE
"IQSEC3",17.632616419673,-1.24896228371005,0.215548464371483,6.85881134754764e-09,3.93826532860537e-08,-1.18337580429234,TRUE
"IRAK3",39.1592717700907,-1.24601269018127,0.148815862569417,5.62418329093031e-17,1.03042784254204e-15,-1.21524759074684,TRUE
"ISG15",403.750983356853,1.26648646592094,0.244070224932147,2.11398170619984e-07,9.62408070879572e-07,1.18401715182138,TRUE
"ITGAD",50.872335964027,-3.05223490107213,0.38827780823857,3.81211632673765e-15,5.4985817567893e-14,-2.95185469177266,TRUE
"ITLN1",155.675012684802,2.56795460869228,0.549464238709652,2.9602180382969e-06,1.10467517092494e-05,2.32096951543444,TRUE
"JADE1",372.902217858882,1.1294088930505,0.1275404791801,8.34608695200358e-19,1.92035189868623e-17,1.10562958587866,TRUE
"JUN",217.296890184221,1.06717005510854,0.173763160208946,8.17351426379202e-10,5.3968860986879e-09,1.0204951473094,TRUE
"KANTR",33.7654366401142,2.14944734931572,0.379508319172618,1.4808396608063e-08,8.05037142124156e-08,2.0143276433772,TRUE
"KAT6A",418.48817180148,-1.02015612417847,0.0856246566485091,9.9724043617782e-33,1.12696994424697e-30,-1.00867372339671,TRUE
"KCNAB1",32.5704266704604,-2.43963802352506,0.20686537553894,4.22343857262862e-32,4.4572983944188e-30,-2.40550239822954,TRUE
"KCNC4",38.2822668324854,-1.05319263148586,0.159316228948582,3.82493381002721e-11,3.10912824659755e-10,-1.01350773598821,TRUE
"KCNJ10",52.8583967868262,-3.08082999464658,0.269339869592767,2.68649340211406e-30,2.41595216514061e-28,-3.03577435492118,TRUE
"KCNJ12",8.28184245902829,-1.07225251626494,0.283371685098851,0.000154384626090178,0.000424615911085843,-0.943486410108649,TRUE
"KCNJ14",10.9253692276731,1.13025914971593,0.261382161450687,1.53111853217986e-05,5.04057325494634e-05,1.02312143292336,TRUE
"KCNJ2",24.3138128057587,-2.83155326916808,0.249155224265354,6.27402666843504e-30,5.30591526860368e-28,-2.7878702700723,TRUE
"KCNJ5",12.9317316393322,1.62585039820856,0.280931770851271,7.15056202128239e-09,4.09106975859212e-08,1.53417107499705,TRUE
"KCNK3",13.2653778249989,-1.07715841346632,0.290864561243034,0.000212813880740059,0.000569853901667132,-0.941116517435949,TRUE
"KCNMA1",363.220955889846,-1.07634756240701,0.173285211556063,5.25072779003017e-10,3.58565742666766e-09,-1.0300502767003,TRUE
"KDELR3",105.209508476688,1.01636463980783,0.193912046027324,1.59389377936897e-07,7.38267086055194e-07,0.956468570746981,TRUE
"KDM5D",177.357602401925,-1.06159243702558,0.456659358432886,0.0200884260187059,0.0349780747557777,-0.679985758389038,TRUE
"KDR",809.247041084487,-1.91144417935255,0.174079639647095,4.75417815507529e-28,3.33576126595118e-26,-1.88128829074856,TRUE
"KIF19",23.9169600803821,-1.37943696816576,0.169746652073735,4.42061025115709e-16,7.14572062117418e-15,-1.34214796422665,TRUE
"KIF21A",602.203385352077,1.08713719365586,0.217055262448241,5.48349897405824e-07,2.33803946239478e-06,1.0165708121693,TRUE
"KIF26A",42.2725565453851,-1.53520499995,0.170541347300479,2.21739772826892e-19,5.35277296597243e-18,-1.50051155435606,TRUE
"KIF27",14.8038286471334,1.14159689338953,0.301767114469362,0.000154924859146765,0.00042591828876301,0.995916218404458,TRUE
"KIF3C",26.3495341944807,-1.0292161532284,0.186009571063611,3.14556352804212e-08,1.61710331131634e-07,-0.97402016498914,TRUE
"KIN",80.1205047982444,1.04169385847597,0.174992487933929,2.63606453476622e-09,1.62072913379704e-08,0.993213591682052,TRUE
"KLHL11",11.7392160727786,-3.23295212114921,0.26227755914222,6.52561698049284e-35,8.86512008945676e-33,-3.19144004920444,TRUE
"KLHL29",16.7361745815966,1.99694326348822,0.267384049738576,8.11475723025489e-14,9.70275747475234e-13,1.92774214443774,TRUE
"KNDC1",13.1563577095861,-1.18155312894603,0.357763011450485,0.000957881448022245,0.0022464914768125,-0.979318574923057,TRUE
"KNOP1",165.292143885809,1.24749330325598,0.208698172049487,2.26588062278836e-09,1.40258340053356e-08,1.18886958076854,TRUE
"KPNA2",100.378257314857,1.10417129929201,0.148699767048718,1.12347937279769e-13,1.31743173467645e-12,1.07116884960317,TRUE
"KRT18",3594.06757598977,1.37055242050285,0.133396104881562,9.2004067012272e-25,4.35145161387672e-23,1.34926601608553,TRUE
"KRT7",140.642100153334,1.07023264529075,0.242445924481759,1.01330394674897e-05,3.44420851742996e-05,0.977394197056872,TRUE
"KRT8",5578.12332499184,1.20601337916515,0.145361331697445,1.07080307789535e-16,1.89130778765195e-15,1.17950729752052,TRUE
"L3MBTL3",62.5299733706902,-1.28473261915376,0.181934156693388,1.64684955391789e-12,1.64684955391789e-11,-1.23888299397043,TRUE
"LAMA3",80.0169643417652,1.44842813386977,0.191047204035185,3.41530669419136e-14,4.27164216305814e-13,1.40332997577275,TRUE
"LARP7",625.30971249586,1.67492542940508,0.232009473020877,5.22899193842008e-13,5.61127958433819e-12,1.61883780089439,TRUE
"LCN2",36.2385921736215,1.6328037912287,0.326116998517949,5.53413175073927e-07,2.35805346870005e-06,1.50721770072998,TRUE
"LCP2",189.902396190535,-1.33972232195367,0.127179630760361,6.01590781407847e-26,3.28304028999069e-24,-1.31849604924176,TRUE
"LDB2",218.746302767137,-1.48404687290812,0.118584113642383,6.20269100968853e-36,8.80092935485806e-34,-1.46684593349724,TRUE
"LEAP2",2076.56617670764,1.30636251640347,0.132742189692487,7.47006909497349e-23,2.7333175456393e-21,1.28682600703316,TRUE
"LECT2",3755.31014000531,1.01003838696628,0.10049017837945,9.0833342782188e-24,3.77831201084215e-22,0.994127859026881,TRUE
"LEPR",952.440252452032,-1.074859794981,0.189205963183164,1.33989299262451e-08,7.34038331866798e-08,-1.01480849567475,TRUE
"LGALS3",192.122604522217,1.28677563242049,0.19831364234716,8.66442177950557e-11,6.68547831566684e-10,1.23311272862685,TRUE
"LGALS4",1416.97629991592,1.89226175483684,0.300617694319543,3.08235736042653e-10,2.17227944219905e-09,1.80442077758481,TRUE
"LILRA1",23.28839338467,-1.13036946429117,0.206106712612714,4.14900023980755e-08,2.09832606187495e-07,-1.06670016192378,TRUE
"LILRA2",47.488285225534,-1.28708163541195,0.202798591085077,2.20124796705707e-10,1.58902976480038e-09,-1.23007953164853,TRUE
"LILRB1",78.0723444655749,-1.08130117132194,0.215464475362825,5.20856745658836e-07,2.23049652651352e-06,-1.00832398748846,TRUE
"LILRB2",74.1437364932682,-1.17437679793423,0.165087094143723,1.12988768538902e-12,1.15954361690897e-11,-1.13475558979292,TRUE
"LILRB5",177.171317595107,-2.17742323026122,0.150044750431115,1.01970317583492e-47,3.94594228951875e-45,-2.15753372459584,TRUE
"LIMCH1",232.942656093908,-1.11422402799328,0.157912800741508,1.71431696743817e-12,1.70763086382102e-11,-1.07653562327874,TRUE
"LIPA",3194.564076962,-1.07982490554574,0.136964217212026,3.170825054373e-15,4.62231003930858e-14,-1.04686589174469,TRUE
"LIPE",13.7302065972881,-1.1367064789641,0.232772403819945,1.04304498541134e-06,4.23384757269637e-06,-1.05415830747234,TRUE
"LIPF",2.51824746012137,-4.42490024491098,1.97373358694828,0.0249682645771027,0.0425637082698707,-0.1245904544883,TRUE
"LIX1L",260.5432873259,-1.21431867024076,0.0816063773370756,4.43217028691789e-50,2.82994072819707e-47,-1.20491844081261,TRUE
"LMTK2",280.312212753527,-1.03459608142112,0.0871863796601556,1.76733236698355e-32,1.94558916606724e-30,-1.02281182259688,TRUE
"LOC102724159",12.2329024072412,-1.10880125238518,0.329843913545794,0.000774940329489082,0.00184833545154568,-0.932730702437497,TRUE
"LOC102724560",76.3983917105058,-1.93943306090097,0.736942294376847,0.00849513730742198,0.0161456918314896,-1.16190820606903,TRUE
"LOXL1",19.392277558402,1.4092819554002,0.294780031909504,1.7460613061107e-06,6.78291390683428e-06,1.2944052122867,TRUE
"LOXL3",10.05390806168,-1.00820846309485,0.193443392861846,1.86911906785408e-07,8.5642807665937e-07,-0.948503287697006,TRUE
"LOXL4",45.9100250151613,1.5762068650705,0.245801110959617,1.43124757027062e-10,1.06509507414661e-09,1.50425747464588,TRUE
"LPAR5",27.1499719543359,-1.78080926467645,0.156385009727799,4.83526283385563e-30,4.22919906769427e-28,-1.75520137142874,TRUE
"LPCAT2",62.7818156368829,-1.20826842650031,0.140667903617823,8.73406710505194e-18,1.7788522636605e-16,-1.18011141875694,TRUE
"LPL",33.8675845470739,3.3093536291736,0.503031166225632,4.7418288849561e-11,3.80120243947831e-10,3.15393129667551,TRUE
"LRCH4",42.6393081654434,-1.1632769425943,0.116298381269882,1.48566694643595e-23,6.00378699556552e-22,-1.14360469718919,TRUE
"LRP4",19.8117871699593,-1.00208986935291,0.256048812314607,9.09048579456426e-05,0.00026163061437139,-0.893397365224379,TRUE
"LRRC23",32.0222713582631,1.47620467577201,0.165850136473205,5.54281766360369e-19,1.28910080235842e-17,1.44282631671244,TRUE
"LRRC25",80.3096113362412,-1.24622444197543,0.151934406921164,2.35664894940541e-16,3.96739899110803e-15,-1.21407921398727,TRUE
"LRRC4",33.042522352625,-2.02977787838202,0.20675793781987,9.49720239021594e-23,3.40672119446791e-21,-1.98958925728693,TRUE
"LRRK1",59.2964193237858,-1.17111189555151,0.147044233967312,1.66093145938869e-15,2.50710339673682e-14,-1.13943187200193,TRUE
"LSM12",25.384026685315,-1.08854404664907,0.17658488474048,7.07403010004773e-10,4.72465294861975e-09,-1.04108169712546,TRUE
"LTB",53.7184770941015,1.54585140163817,0.220416461998556,2.32726660458325e-12,2.2721096743523e-11,1.48799320306379,TRUE
"LTBP2",94.7136320747519,1.13326801908653,0.202815545750061,2.30125467649826e-08,1.21333700325693e-07,1.07272401245807,TRUE
"LUC7L3",1067.72059279966,2.29643024473168,0.362471624814119,2.36609793591982e-10,1.69747587874697e-09,2.18604498392365,TRUE
"LUM",278.289614363343,1.02929538053058,0.167684772948367,8.34219507502681e-10,5.49689531001509e-09,0.98540754971896,TRUE
"LYSET",46.7890658930762,1.13934349072179,0.10651511391321,1.05646466382012e-26,6.42431131284904e-25,1.12288206269918,TRUE
"LYVE1",642.32772702084,-2.48079988967357,0.196243244052127,1.24726332822706e-36,1.9189822531879e-34,-2.45019814383674,TRUE
"MAB21L4",354.451168780491,1.0604334063569,0.364465459201253,0.0036194017865695,0.00752642253940605,0.834006265988398,TRUE
"MACROH2A2",71.2549308986549,1.18112273637258,0.176810222268875,2.38661601643653e-11,2.00903668621585e-10,1.13754844981471,TRUE
"MAD2L1",19.7455973555203,1.22367889865321,0.177885889371348,6.02697237039945e-12,5.59334572456402e-11,1.17922750369706,TRUE
"MAF",963.316684525325,-1.10343085480259,0.134374713185639,2.18267633060358e-16,3.68200485360735e-15,-1.07610289899112,TRUE
"MANF",406.403881265411,1.43763881854561,0.146813219898206,1.21502340868157e-22,4.2393029860283e-21,1.41116553689182,TRUE
"MAP1A",11.7129328520275,1.10368351241725,0.277136780370236,6.8208330944902e-05,0.00020111299611323,0.981724882016995,TRUE
"MAP1LC3A",590.564087877765,1.0632995828824,0.146442818542547,3.84660598818666e-13,4.23093526866009e-12,1.03030504136763,TRUE
"MAP1S",140.068139870824,-1.08425882623013,0.163260243067649,3.10946876642477e-11,2.56842924626418e-10,-1.0434187080728,TRUE
"MAP9",21.9314114751165,1.73119452273423,0.323486707712389,8.71455984050139e-08,4.20260306507563e-07,1.61324398074116,TRUE
"MARCO",1195.12257674307,-2.78532268123554,0.176752423208163,6.02046825189858e-56,5.91395227513422e-53,-2.76206707126273,TRUE
"MAST1",16.0477899400982,-1.93694726150434,0.301708697660509,1.36341349732797e-10,1.01817487490516e-09,-1.84559785178247,TRUE
"MCF2L",69.3258843342808,-1.07174711251792,0.135799053510023,2.97013681720035e-15,4.34463312206741e-14,-1.04333762547062,TRUE
"MCOLN1",215.17051182326,-1.06552526777204,0.0888613989024923,3.96727953456457e-33,4.56415852760266e-31,-1.05343799099698,TRUE
"MED12",213.003714094938,-1.15406650740287,0.116449681688463,3.75025742486114e-23,1.43816178124555e-21,-1.13439045980286,TRUE
"MED13L",370.47791105663,-1.10064936717773,0.113796557524418,3.96242869048826e-22,1.28753726151489e-20,-1.08118069389766,TRUE
"MED18",152.463932132583,1.14185095792183,0.0778670205275127,1.09434410317426e-48,5.17584229538345e-46,1.13308936653698,TRUE
"MEFV",7.72227621104283,-2.14264736159313,0.328752029502352,7.14801128178125e-11,5.60344408031594e-10,-2.04549198970831,TRUE
"MEMO1",38.2809114030333,2.21529874809804,0.375559735348186,3.66468101445871e-09,2.1991530335826e-08,2.08756047088678,TRUE
"MIF",303.80682832268,-1.31342101203203,0.309925800178407,2.25664098608763e-05,7.24234867864765e-05,-1.17720652641631,TRUE
"MKI67",43.2974566286207,1.29754108441888,0.238635840666466,5.40858416075233e-08,2.69269472642523e-07,1.2197785006786,TRUE
"MMP7",15.9552799668069,1.14240281424686,0.287281854457956,6.99098674259449e-05,0.00020556044370926,1.01384683677658,TRUE
"MMP9",38.1705979722431,2.87337877624452,0.421914109219608,9.73679623719909e-12,8.76770726130843e-11,2.74896717009753,TRUE
"MMRN1",88.1404001923658,-1.85082334943715,0.262025105243952,1.62319971585296e-12,1.62702200717757e-11,-1.77915949954984,TRUE
"MNS1",23.7282190573461,2.28095217029436,0.366778857236344,5.0072935297304e-10,3.42674910903843e-09,2.16277386442477,TRUE
"MOGAT1",16.4939907920276,1.01934084771294,0.340525902592199,0.00275859732713529,0.00587219334347685,0.81172308794669,TRUE
"MOGAT3",90.6278297219013,1.47105695734655,0.200784573977486,2.36164193085364e-13,2.66414906863966e-12,1.4221223924334,TRUE
"MOV10L1",9.35668287358999,-1.58276163835527,0.338236057882894,2.8763339450788e-06,1.07588706733029e-05,-1.44077878297437,TRUE
"MOXD1",21.5467642700004,1.30419049384278,0.263620227372989,7.52761372272218e-07,3.13323426464023e-06,1.20725187801986,TRUE
"MPEG1",655.736080141962,-1.87160183541025,0.130625341220755,1.46241262578449e-46,4.91447611349157e-44,-1.8541510963749,TRUE
"MPHOSPH8",765.297192486455,1.33098870179573,0.287220380336083,3.58609905337798e-06,1.31782690393199e-05,1.22256133167099,TRUE
"MPV17L2",68.7093522040074,1.05474432486357,0.147310604810103,8.06754852526777e-13,8.43065422812352e-12,1.02140290860271,TRUE
"MRAP",10.2748887952969,1.22539662203805,0.353708342273443,0.000531362944271968,0.00130817520693137,1.03313880063293,TRUE
"MRC1",797.789221124708,-2.12530418331782,0.145647004391347,3.15068690300332e-48,1.30719345534662e-45,-2.10611706478359,TRUE
"MRO",133.19799523295,-1.06227915308485,0.17608258067148,1.61096581761237e-09,1.01841749955e-08,-1.010373852146,TRUE
"MRPL1",266.82486913234,1.10750457676902,0.109495497544092,4.75894305945911e-24,2.0393188882313e-22,1.08977293364253,TRUE
"MRPL12",223.734436322185,1.19946050109869,0.344643038585769,0.000500856225627304,0.00124000271447473,1.01856281245845,TRUE
"MRPL13",326.087027675641,1.03281246941703,0.0844255685853822,2.06104968541037e-34,2.63196044826904e-32,1.02190763279754,TRUE
"MS4A4A",107.055428610714,-1.11860955248562,0.153208291916274,2.85140860183275e-13,3.19407788117581e-12,-1.08301817599384,TRUE
"MS4A6A",770.916998046443,-1.13809833448462,0.130980760506806,3.65483834838457e-18,7.7917004522322e-17,-1.11106292159168,TRUE
"MS4A7",388.908472886894,-1.30381608167712,0.178871566138874,3.119890378663e-13,3.47652706243686e-12,-1.26002996666796,TRUE
"MSR1",187.953927860313,-1.09034508635191,0.195493935063493,2.44160047722003e-08,1.28151410168926e-07,-1.02906606632596,TRUE
"MT1X",5790.72480636968,-1.94800862025559,0.186253002437711,1.33341663372138e-25,7.05198615274992e-24,-1.91384409419032,TRUE
"MTCL2",63.1287667298585,-1.14674241804955,0.134770300547497,1.75642795691887e-17,3.41393987973424e-16,-1.12019220094073,TRUE
"MTMR11",12.5241251483095,1.14272449017527,0.254256877137908,6.97762024317518e-06,2.44523080420821e-05,1.04379529293024,TRUE
"MTR",174.800000855269,-1.02827516020903,0.0985437769746327,1.72149136782212e-25,8.86429224479372e-24,-1.01307587098128,TRUE
"MTRFR",157.317257346712,1.01781095647179,0.123692838059666,1.89515533888205e-16,3.24847431913072e-15,0.993870636740084,TRUE
"MVD",514.460114256633,1.17581403684807,0.28620537289795,3.98603232589595e-05,0.0001222715176596,1.05251220595062,TRUE
"MYBL2",10.4290981123195,1.268007446597,0.299230235456143,2.25957438909718e-05,7.24994094190225e-05,1.13906543875432,TRUE
"MYH2",15.3715089431188,-3.720438742347,1.15249244665831,0.00124585969367915,0.00284761558766471,-0.169516079859883,TRUE
"MYL6",5275.48574908655,1.24751186324276,0.0839954110892897,6.73797233161844e-50,4.09732888927464e-47,1.237981039946,TRUE
"MYO15B",69.3807569076598,1.00125506680873,0.257041869528381,9.80774627370884e-05,0.000280315398198885,0.889955649902079,TRUE
"MZB1",35.3689230846686,1.39728536587364,0.357497968317721,9.28660486512086e-05,0.000266794025033956,1.21979172676415,TRUE
"NALCN",13.4869491045954,1.38179457971583,0.256998124059355,7.58752767043403e-08,3.69960780265149e-07,1.29423895598713,TRUE
"NAT14",26.1691752547495,1.16239093127534,0.205435786814715,1.5299414002654e-08,8.31023040467427e-08,1.10024716031471,TRUE
"NBPF12",66.7471777614525,1.12847216373119,0.3274991383171,0.000569528361914094,0.00139407268193272,0.9574267802452,TRUE
"NCF1",12.6434107294065,-1.43799927757697,0.238379431815416,1.61545694671166e-09,1.02024654844252e-08,-1.36562026855579,TRUE
"NCKAP1L",302.432998765946,-1.10841709643983,0.153408138083098,5.00062150208685e-13,5.37524718700749e-12,-1.07293545867025,TRUE
"NCOA3",294.349561526529,-1.15643114749839,0.0792528259853795,3.17329656348828e-48,1.30719345534662e-45,-1.14732117488488,TRUE
"NCOR2",863.152964226571,-1.10696830109566,0.10136609123816,9.19889831242969e-28,6.1502581910852e-26,-1.09157568559742,TRUE
"NDC80",10.6109850947935,1.95899456354654,0.311040079351502,3.011097441735e-10,2.12675411122544e-09,1.86358205579305,TRUE
"NDST3",22.256913643592,-2.84959224248753,0.200482012494772,7.53317947429272e-46,2.34630980211507e-43,-2.82192618545303,TRUE
"NDUFB8",280.443271949745,1.35790894537826,0.0922332291203967,4.61862955048077e-49,2.26845766767844e-46,1.34701292559945,TRUE
"NEDD8",377.425333407422,1.09657674262753,0.0684998004170815,1.11525238458971e-57,1.29470663192823e-54,1.08983229503992,TRUE
"NEFH",8.00699662789088,-1.1919599933933,0.235120380077725,3.98708633305222e-07,1.73890343145754e-06,-1.11095962184243,TRUE
"NEMF",422.492382866041,1.90612292393826,0.304624407729798,3.91727367370587e-10,2.72163138265636e-09,1.81165052829415,TRUE
"NEURL1",12.4545464620803,-1.87068031887989,0.32184970802465,6.16279925160919e-09,3.55621086502709e-08,-1.76167547345431,TRUE
"NEXN",59.4986117550103,1.57045322721141,0.316116372916853,6.76612110629801e-07,2.84502359326393e-06,1.44894231136364,TRUE
"NFAM1",99.8817124535035,-1.4397371836004,0.160313053862877,2.68839981701811e-19,6.44106297623289e-18,-1.40771493209682,TRUE
"NFAT5",137.494635244421,-1.06872550822841,0.217924134095233,9.38484153782526e-07,3.83993676507621e-06,-0.993141020446739,TRUE
"NFATC4",15.479337195511,1.05098190023271,0.195715834053076,7.87637032087664e-08,3.83020750181244e-07,0.990493829218662,TRUE
"NHSL2",44.8705352483874,-1.20952024318873,0.144927902532896,7.08121279213145e-17,1.28083693138128e-15,-1.17967239866161,TRUE
"NKAP",197.916326658664,1.16233329139169,0.139723850683029,8.88662707468261e-17,1.58273678861502e-15,1.1339619359661,TRUE
"NKAPL",24.351547030869,1.46938207621309,0.294929746388375,6.28840395543821e-07,2.65903703678629e-06,1.35822406306403,TRUE
"NKTR",297.576522757473,1.99980797551146,0.370477619621557,6.74184995824906e-08,3.31383464075599e-07,1.86346437000277,TRUE
"NLRC4",22.483649931609,-1.05588181896953,0.257581123201609,4.14543965062781e-05,0.000126617922481084,-0.949381129040125,TRUE
"NMUR1",17.3143243792361,-1.06588670687389,0.190649267288495,2.25993143988481e-08,1.19302705611116e-07,-1.00909803403963,TRUE
"NOP58",367.583164997895,1.34306968993426,0.159005284561272,2.99656427773039e-17,5.67746673985417e-16,1.31082594006364,TRUE
"NOS3",103.85920777833,-1.40371153921099,0.12833546509649,7.59968735344925e-28,5.18973302158005e-26,-1.38288061772648,TRUE
"NOTCH1",276.220984565487,-1.13795918644337,0.148550134718599,1.85299159250842e-14,2.41949924706877e-13,-1.10510472269164,TRUE
"NOTCH4",97.9803140414425,-1.10573279722674,0.152508203049284,4.15797720945629e-13,4.53436114131143e-12,-1.07021885066081,TRUE
"NOVA2",39.3823310347259,-1.31235615289688,0.143574561820334,6.21127311673846e-20,1.62870549693532e-18,-1.28459871705047,TRUE
"NPHP3",32.7002891153837,2.55245961408643,0.404086391203329,2.67348295283294e-10,1.90515498368731e-09,2.42307260027068,TRUE
"NPIPB4",14.0079020038127,1.26301843976701,0.351077165703058,0.000321226007207532,0.000830977965658587,1.07875321341067,TRUE
"NPM2",12.7251942102181,1.42575550559966,0.34179940487449,3.02837069200435e-05,9.47153899997441e-05,1.26763270043176,TRUE
"NPR1",173.535817960583,-1.37577589617593,0.13575056226477,3.88009343148026e-24,1.68533309931983e-22,-1.35201261177634,TRUE
"NPY1R",141.185644704973,-1.116672168527,0.146681705384153,2.68027104195009e-14,3.4364519282834e-13,-1.08451450660337,TRUE
"NRAP",7.69666600297872,-1.56316439343816,0.439287174300393,0.000373104912292981,0.000950438805103006,-0.336337008920169,TRUE
"NRARP",14.4601270130473,-2.20186559267234,0.273800540621355,8.84850133047878e-16,1.37967474957526e-14,-2.13623101414989,TRUE
"NRP2",250.972730085122,-1.67754268059682,0.121521381222825,2.39406826068426e-43,6.11445033778761e-41,-1.66095231738749,TRUE
"NRROS",47.8375124578752,-1.06080484045108,0.133374771767524,1.81220466239123e-15,2.72257100455717e-14,-1.03342707773327,TRUE
"NSRP1",322.646279439229,1.54207658922397,0.253514205390399,1.18100526395009e-09,7.60536420607293e-09,1.46416257020904,TRUE
"NT5M",19.9584697320993,1.14609280063042,0.266076064958646,1.65193829677913e-05,5.39513629916342e-05,1.03653940513983,TRUE
"NTN3",12.9507247042649,-1.2222426830857,0.29709296330006,3.8884877034804e-05,0.000119537765944739,-1.09323023382034,TRUE
"NTN4",292.554548612725,-1.12949698114093,0.118305705546253,1.33153826708863e-21,4.07763637187573e-20,-1.10873775375245,TRUE
"NUDT1",27.7619950680496,1.42823133920901,0.172770398310484,1.37782862551083e-16,2.39386007452698e-15,1.390922510019,TRUE
"NUSAP1",63.8616129742367,1.02293264054777,0.142729312835262,7.66917632405353e-13,8.04067172891327e-12,0.991072361248677,TRUE
"OIT3",1049.1102038736,-1.08243450044769,0.125376912320156,5.95320192196632e-18,1.23814965054576e-16,-1.05873172978666,TRUE
"ONECUT1",118.989768884327,-1.1993678672477,0.199522336119873,1.84159597008592e-09,1.15393427566228e-08,-1.14119500268786,TRUE
"OTULINL",29.264459751332,-1.11287880551186,0.18744260460061,2.89982085594442e-09,1.77011053204638e-08,-1.06004069802003,TRUE
"OXT",82.8425516474642,1.32674894993989,0.468469354250478,0.00462443435674377,0.0093880234111568,0.975385876617353,TRUE
"P2RY12",14.3364697972353,-2.29996245021262,0.248724157321572,2.30793515539823e-20,6.28487784839258e-19,-2.24810936313766,TRUE
"P2RY13",81.132514507159,-2.32701996362102,0.149079751352304,6.29937209195847e-55,5.74592725816497e-52,-2.30867175574055,TRUE
"P2RY6",20.7373168930273,-1.29337106941974,0.211038884482299,8.86605525807063e-10,5.81507579073251e-09,-1.23140466788491,TRUE
"P2RY8",32.4405709370295,-1.02505614275452,0.160612673296277,1.74604803295094e-10,1.28365189296393e-09,-0.984493128907709,TRUE
"P4HA1",360.929386863337,-2.35188287738924,0.27259750424609,6.26112808087708e-18,1.2979643765065e-16,-2.28947995847472,TRUE
"PABPC1L",16.4595371303595,1.62299041562405,0.469422706085005,0.00054537861230499,0.00134035505757019,1.32748990776063,TRUE
"PABPN1",195.498921003621,1.30551810508852,0.178365992054768,2.49227176935058e-13,2.80161183931399e-12,1.26350635357977,TRUE
"PADI1",16.0727622652564,4.37712684046011,0.756645867602712,7.25519643832002e-09,4.14721837588839e-08,0.171452999001557,TRUE
"PAGR1",11.3713226286798,1.98097235712577,0.23277532942146,1.73583750057171e-17,3.389395241942e-16,1.92950952578386,TRUE
"PAM16",11.4701951359385,1.11839382931481,0.24235341046628,3.93620158162163e-06,1.4365617089828e-05,1.0281717979259,TRUE
"PANX2",155.295810991619,-1.20447445936063,0.234375742018607,2.76094550458329e-07,1.23622980692597e-06,-1.12426137910417,TRUE
"PAQR5",19.5829515315312,1.31876263698184,0.255072469034336,2.33907585781815e-07,1.05697093787466e-06,1.22925968340032,TRUE
"PARL",115.153328666824,1.41015973128119,0.107742190629676,3.84220510383936e-39,7.66639987125448e-37,1.39568534016052,TRUE
"PARP4",545.41769383783,-1.00344911902295,0.119572205447457,4.77969103307709e-17,8.83309037516562e-16,-0.982242018369135,TRUE
"PCDH12",149.620378686751,-1.3839187243916,0.140689802053649,7.82606722823272e-23,2.84726149585561e-21,-1.35857588290832,TRUE
"PCDHGA3",8.63654789088292,-1.2432795752875,0.277251163787444,7.31509832022818e-06,2.55159261265539e-05,-1.13094976121099,TRUE
"PCDHGA9",9.98511243926645,-1.45224088414317,0.255435219839676,1.3053827332004e-08,7.15746565176861e-08,-1.36931506956989,TRUE
"PCDHGB6",29.9853118025661,-1.35927437204241,0.186093388418884,2.7879816760699e-13,3.1257705007386e-12,-1.313682223641,TRUE
"PCDHGB7",28.6588957219471,-1.238727670252,0.194237229852991,1.80124663882508e-10,1.32119009636969e-09,-1.18445283146398,TRUE
"PCSK5",37.4245131520174,1.15602460042615,0.163072196246217,1.35049810727121e-12,1.36871911348043e-11,1.11710388667299,TRUE
"PDCD1LG2",46.41619094743,-1.64167594687327,0.217124023690076,3.99965195056374e-14,4.96843924209133e-13,-1.58764634245786,TRUE
"PDCD7",150.514245122935,1.16944123621947,0.198031771632462,3.51960145859654e-09,2.12112653999526e-08,1.11125720286198,TRUE
"PDCL3",58.6088335253049,1.02278269199012,0.114078652784354,3.08617658338774e-19,7.28474583546422e-18,1.00253471982792,TRUE
"PDE11A",369.760448228851,1.40961004241301,0.288752276001021,1.05160294886862e-06,4.26722899811003e-06,1.30400953916589,TRUE
"PDE1B",37.8957321378577,-1.11827868165317,0.152179219496646,2.00545096410882e-13,2.28861562213312e-12,-1.08357820371821,TRUE
"PDE2A",380.355871354393,-1.42031250319652,0.126155619937836,2.10507406403574e-29,1.66967675762338e-27,-1.40008854267732,TRUE
"PDE4B",46.212293876871,-1.0348106176242,0.202024953805182,3.02004020727086e-07,1.34469712157772e-06,-0.969806535952469,TRUE
"PDGFA",55.8241340556383,1.73187788353695,0.228582158012898,3.54700746482685e-14,4.43202400448521e-13,1.67476507231241,TRUE
"PDXP",13.3323178138603,-1.79584784988532,0.299613489157878,2.04890277804791e-09,1.27818702861123e-08,-1.70116696685075,TRUE
"PDZK1IP1",13.6904330269688,1.24008758681928,0.311826489764633,6.9833797626838e-05,0.00020541643443121,1.0961899035065,TRUE
"PEAR1",56.4581868046517,-1.11297138900443,0.135484953109523,2.12654190231086e-16,3.60636654615002e-15,-1.08576274353416,TRUE
"PEG10",511.665409517898,1.6406284637069,0.359794861743209,5.11780713644386e-06,1.83168153397949e-05,1.4895604986778,TRUE
"PELI2",45.1282405463954,-1.76421243903122,0.182696526257156,4.61272694192079e-22,1.48748795576587e-20,-1.72875720359678,TRUE
"PET100",68.688135193188,2.87532739332768,0.185097847008703,2.03933339477109e-54,1.73615249674846e-51,2.8520583020161,TRUE
"PFDN6",198.91323841657,1.42699450529291,0.0923248719086989,6.84909911747407e-54,5.46643723313399e-51,1.41649533840878,TRUE
"PFKFB3",181.468193909776,-1.08152788759092,0.139976671060739,1.10555342122953e-14,1.48923177100223e-13,-1.05066358988691,TRUE
"PGA5",2.18331846678995,-3.06563189219183,0.656456259291416,3.01241815139845e-06,1.12087936460834e-05,-6.01546404830055,TRUE
"PGC",8.9427949292091,-5.26913193531449,1.59252428469365,0.000937413885869571,0.00220172435581284,-0.212981020580538,TRUE
"PHF14",415.795179657354,1.03459575842734,0.196901326292307,1.48518341032424e-07,6.91425160402499e-07,0.975645002958237,TRUE
"PHF8",289.362544903481,-1.05167868848023,0.115733860056177,1.01768129302661e-19,2.5683379667885e-18,-1.03099939729014,TRUE
"PHIP",326.298216156643,1.78906091478353,0.34405728979686,1.99403839533421e-07,9.11050816043573e-07,1.65995550714908,TRUE
"PHKA1",43.8770043539144,-1.16579872519184,0.163952768894249,1.15559127392563e-12,1.18339218669048e-11,-1.1263389761255,TRUE
"PHLDA3",45.3121375582629,2.17007844688968,0.250860102009694,5.12507604634925e-18,1.07290526412918e-16,2.11416591174203,TRUE
"PHLPP1",601.795777694905,-1.05524269631836,0.115974105456059,9.12085283181435e-20,2.32018507295357e-18,-1.03551901341445,TRUE
"PHOSPHO2",10.9798026779437,1.31504811676418,0.206730072588442,2.00203892077011e-10,1.45592465935275e-09,1.25733534723967,TRUE
"PILRB",10.7281274268818,3.57855090818754,0.494058802372414,4.38323388795547e-13,4.75160413830147e-12,4.70387951099576,TRUE
"PITPNM3",149.271135172786,-1.44074390550241,0.154795167402078,1.30972959634008e-20,3.70027587284575e-19,-1.41061261674819,TRUE
"PLB1",16.2090068881683,-1.23059917726663,0.198191549178678,5.32751715866323e-10,3.63226877288465e-09,-1.17530898207372,TRUE
"PLCB2",98.5847617147418,-1.32397785918106,0.155626728419378,1.77886593678887e-17,3.45229757033341e-16,-1.29149119939413,TRUE
"PLCB3",91.438466366571,-1.03286917495756,0.12391530820599,7.73129790428975e-17,1.38858894849198e-15,-1.00878648678967,TRUE
"PLCXD2",59.6145745095058,1.13034748615205,0.138916764694949,4.05631930136544e-16,6.62393829647527e-15,1.1019758627335,TRUE
"PLEC",3007.3906350425,-1.0504034207972,0.133624458625616,3.81499094480448e-15,5.4985817567893e-14,-1.02376866063253,TRUE
"PLGLB2",89.3708826731716,1.85126842686848,0.165566847672417,5.02927793187977e-29,3.86890838494606e-27,1.82396035703586,TRUE
"PLIN4",444.958112327429,1.12658936916506,0.190385633743843,3.27055765347705e-09,1.98220319102525e-08,1.07253346915589,TRUE
"PLK1",11.5377102497329,1.24574751774788,0.239431046147782,1.96150731916793e-07,8.96829519003742e-07,1.16376244186333,TRUE
"PLP2",88.4025793480872,1.10764256576994,0.171690348148969,1.10823892916453e-10,8.41892392946525e-10,1.06384508392518,TRUE
"PLTP",398.870194785372,-1.07111303397244,0.142934863790977,6.6951372045174e-14,8.07336186040483e-13,-1.03972895130803,TRUE
"PLXND1",607.624644109282,-1.11888440322129,0.105906178530929,4.33595391912346e-26,2.40739702379159e-24,-1.10228457431278,TRUE
"PNISR",851.13257568738,2.932847432351,0.399022722355209,1.98093826861862e-13,2.26266383633808e-12,2.82486187392608,TRUE
"POLR1H",96.8541017870453,1.04726331253754,0.0960498868857823,1.11118618218142e-27,7.32249409608487e-26,1.03314192736765,TRUE
"POLR3G",19.129906883223,1.09218454778885,0.237119966168658,4.10405328476116e-06,1.49227677808656e-05,1.00331389568707,TRUE
"POLR3GL",316.271225784863,1.18173480934496,0.090051846784196,2.43672381960929e-39,4.93920050419216e-37,1.17058088505746,TRUE
"POMK",12.4542034948559,-2.89769000405227,0.310956851308543,1.17858709775384e-20,3.34456827518144e-19,-2.82872658353499,TRUE
"PPFIA3",36.3116806906878,1.65581514927895,0.193342193181012,1.08858406878449e-17,2.17546456312644e-16,1.61403678403393,TRUE
"PPFIBP1",441.428886003053,-1.05275082955768,0.0941511955328556,5.02382489638298e-29,3.86890838494606e-27,-1.03861509440681,TRUE
"PPIG",1234.49447063994,1.5481894444883,0.29176017595229,1.11825647126279e-07,5.30465644057422e-07,1.44657965955671,TRUE
"PPP1R12A",291.177262269736,1.140034912395,0.25591109888989,8.39681495572942e-06,2.89725282314684e-05,1.04007481455837,TRUE
"PPP1R3G",42.6379324948801,-1.01863894800222,0.212950036149352,1.72299293953248e-06,6.70198593902826e-06,-0.945374273058979,TRUE
"PPP4R4",12.1266818134014,-1.08026936128936,0.271980463775796,7.13124875211875e-05,0.000209299118741798,-0.963543536980546,TRUE
"PRAG1",35.4790138149938,-1.02842905337218,0.195364626296122,1.4083803217997e-07,6.58791820856491e-07,-0.967798165806378,TRUE
"PRAP1",180.88702845238,2.14753381765865,0.154835565818765,9.65848559488924e-44,2.62423108610076e-41,2.12699930041685,TRUE
"PRC1",21.9028823080924,1.05273232672187,0.19743918873531,9.7173333638994e-08,4.642362403928e-07,0.991745107695307,TRUE
"PREX1",190.225062351558,-1.06937157884548,0.115617700137759,2.26172790490224e-20,6.21123985926915e-19,-1.04901372714979,TRUE
"PREX2",28.3238779745078,-1.4054986859634,0.224753132360228,4.01297681308915e-10,2.78358033151268e-09,-1.33864351513757,TRUE
"PRF1",93.6979339700244,-1.27553776561975,0.156775951250089,4.08366274767187e-16,6.66007321682884e-15,-1.24166137155846,TRUE
"PRKAA2",55.8981641398231,1.66242109328502,0.342418861082556,1.20426628731863e-06,4.82840831681597e-06,1.52442854264839,TRUE
"PRLR",316.713609673322,-1.2830022071457,0.121666105649123,5.34179220174541e-26,2.9276689449051e-24,-1.26294702255006,TRUE
"PRPF38B",354.07192140469,1.49297517935376,0.288648412252382,2.31234244290468e-07,1.04611921865829e-06,1.39203381456975,TRUE
"PRR15L",15.2487683888192,1.41261838037977,0.229244981483312,7.18104695548184e-10,4.78861460164507e-09,1.34538651950881,TRUE
"PRRC2C",1245.08643354661,1.08850745392109,0.292973411436378,0.000202898812778458,0.000546628236114115,0.952899979033686,TRUE
"PRUNE2",25.2754321568145,-1.10758552981197,0.185750430397594,2.48010171214146e-09,1.52778093893133e-08,-1.05550153146288,TRUE
"PSMA6",33.4075774720639,1.2424275166323,0.121709290094992,1.82294787480715e-24,8.28435742394564e-23,1.22205330428375,TRUE
"PSMB10",102.024665458093,1.07697346428996,0.147119783554878,2.47260435472612e-13,2.78195221232181e-12,1.04415591477086,TRUE
"PTGDS",53.7521908197857,1.84342615268677,0.28017558048932,4.71909188082172e-11,3.78535196721692e-10,1.76179121098765,TRUE
"PTGFR",29.5742282898132,1.23135986488559,0.257743702047657,1.77524588725798e-06,6.88426662018961e-06,1.13464810290427,TRUE
"PTPN7",21.9888802453376,1.01926902285417,0.226580331038791,6.84382845174498e-06,2.40362181872342e-05,0.935373358887724,TRUE
"PTPRB",422.553136523845,-1.29867927608565,0.129721499477611,1.35970797371113e-23,5.51221296009242e-22,-1.274830461533,TRUE
"PTPRN2",44.1851680087986,-1.01620958440206,0.150222003260322,1.33568518902417e-11,1.1698696751604e-10,-0.980311794515015,TRUE
"PTPRO",23.2453034302713,-1.27124267719843,0.186685671555449,9.79144816514286e-12,8.80540796259678e-11,-1.22379108477869,TRUE
"PTPRS",231.412646916275,-2.48392544037359,0.255188939416009,2.16628610517447e-22,7.31837924949153e-21,-2.43215844248522,TRUE
"PTPRT",16.262215180414,-1.82922223616303,0.251521999543884,3.52598652837918e-13,3.89842839544607e-12,-1.76377469571529,TRUE
"PTTG1",15.8507238702111,1.97128924143479,0.222391522248082,7.71601579482406e-19,1.78179966907601e-17,1.92367299352425,TRUE
"PZP",375.085823337865,1.78816026369804,0.558660371140136,0.0013704649557175,0.00310849688890098,1.39365199464648,TRUE
"RAB3IL1",121.812302765594,-1.05958650660438,0.136078011230772,6.88305821890893e-15,9.5643801366123e-14,-1.03096718154408,TRUE
"RAB43",17.0085621482181,-1.39526088789856,0.27774297303555,5.07200872078642e-07,2.17566514492585e-06,-1.29365110501659,TRUE
"RAB4B",33.0459434085388,1.30371941345395,0.154111355347881,2.68311245820484e-17,5.1215763963043e-16,1.27189753401879,TRUE
"RAB7B",12.6476016744535,1.63563017540685,0.298410858365198,4.22606043511761e-08,2.1322319935382e-07,1.53178742039008,TRUE
"RAC3",155.730396442801,1.07411896702122,0.171507072824129,3.78062230425384e-10,2.63529185727738e-09,1.03058299123954,TRUE
"RAD51AP1",12.1974130383595,1.32648667644946,0.23109615279415,9.46892297928994e-09,5.31742068801814e-08,1.25459365058592,TRUE
"RANGRF",84.5529813822604,1.32537060535225,0.166513748835067,1.7269880745498e-15,2.60066482452841e-14,1.28864535822431,TRUE
"RARRES1",28.6780922930755,1.17559440589835,0.173272472447554,1.16362108305811e-11,1.03047442653621e-10,1.13236823574364,TRUE
"RASGRP2",80.2671704469586,-1.55133767200574,0.208742209698932,1.0710130436654e-13,1.25821863547445e-12,-1.49917118686699,TRUE
"RASGRP4",20.4237574204752,-1.40745578929073,0.164777132726422,1.32407734106345e-17,2.62553845425158e-16,-1.37308738685723,TRUE
"RASL10B",25.4651236452595,-1.36693789205891,0.293256893216894,3.14324889423155e-06,1.16717907471174e-05,-1.25020340021297,TRUE
"RAVER1",38.1671667227793,-1.18220708091359,0.187544454102893,2.90791814218625e-10,2.05957374795998e-09,-1.13086409929344,TRUE
"RBBP6",665.806821494676,1.33796110906987,0.26076728320685,2.88417340565616e-07,1.28779351014787e-06,1.2463275048678,TRUE
"RBM25",983.049229257331,2.07855216417156,0.356703283042623,5.63926994989861e-09,3.27482843384289e-08,1.96003459193024,TRUE
"RBMS2",136.937261090902,-1.30247415887783,0.116717917613101,6.4597539172919e-29,4.88112766413122e-27,-1.28427400878234,TRUE
"RBMX2",147.392170437676,1.19016092981969,0.125974122664224,3.46483176252155e-21,1.02658704425522e-19,1.16732178745473,TRUE
"RDH12",13.8102490521388,-1.42829201942257,0.338349691114157,2.42844960608883e-05,7.73349163834274e-05,-1.27583303054854,TRUE
"RELL1",15.277370398734,-1.97169117778147,0.262616864281059,6.01008074347184e-14,7.26099631921811e-13,-1.90357880541522,TRUE
"RELT",12.8228679352909,-1.00154128644728,0.208663602729691,1.58832800696227e-06,6.22558276516519e-06,-0.931593965449843,TRUE
"RERGL",13.2723086371812,1.55544087322386,0.417797685616204,0.000196906698721259,0.000532056399210851,1.32799631482016,TRUE
"RET",70.9987321228414,1.7646667662102,0.404041743771204,1.25656225196561e-05,4.20170200513245e-05,1.57923344324192,TRUE
"RFLNB",189.067474247732,-1.16116685175683,0.103780366170659,4.63201232854401e-29,3.60675594118945e-27,-1.14563418370937,TRUE
"RGCC",10.2210899178184,1.21454093304606,0.284729446759304,1.9936881185443e-05,6.44378569319431e-05,1.09435630949987,TRUE
"RGL1",280.324325220186,-1.25989644436043,0.0969523842947151,1.30604062232663e-38,2.3825912495873e-36,-1.24703250591,TRUE
"RGS16",19.9729323105587,1.58477424444743,0.295665529572583,8.32110368748235e-08,4.03112648289642e-07,1.47934991642766,TRUE
"RGS19",63.618500374456,-1.02327380675887,0.166305195758409,7.60367542274316e-10,5.04148157572327e-09,-0.979161818401227,TRUE
"RIMOC1",215.215406660313,-1.11226830313811,0.0915661384889109,5.9394900341386e-34,7.36381434329611e-32,-1.09973796242757,TRUE
"RIPPLY1",17.988629011052,1.53430716921655,0.195377252367414,4.06042388313863e-15,5.82602393120004e-14,1.48891924802038,TRUE
"RMI2",18.817599202606,1.49794218795183,0.291488295181189,2.76285895348176e-07,1.23662572227787e-06,1.39157978238146,TRUE
"RNF144A",42.2126199082295,-1.14238864791418,0.138182627884539,1.37098300999451e-16,2.38521158550816e-15,-1.11452640624478,TRUE
"RNF152",375.862200625278,-1.50027305536117,0.204479370094969,2.18371454207035e-13,2.47435977837075e-12,-1.4488419381872,TRUE
"RNPC3",47.1638275946896,1.02767835847419,0.205773447957959,5.90733001646691e-07,2.50869984403999e-06,0.960261405734893,TRUE
"ROBO4",233.136798660471,-1.05128278765372,0.106434058141762,5.22128288730325e-23,1.97265628612019e-21,-1.03383570546338,TRUE
"ROM1",19.7359000339198,1.10213151078462,0.141939455913826,8.17740506268509e-15,1.12044487822413e-13,1.07196269038524,TRUE
"RPL17",15.3849746473666,2.06540267874046,0.186417945822305,1.57892409035182e-28,1.15216346478816e-26,2.03339948591088,TRUE
"RPL21",1749.93052478459,1.38994146138596,0.0872029607555568,3.38908388499231e-57,3.60655010094598e-54,1.38083476553021,TRUE
"RPL26",1659.53334358457,1.06045468855698,0.0968392543941353,6.59581421976278e-28,4.52841653690165e-26,1.04629760370678,TRUE
"RPL39L",17.6042937941797,1.31193002769145,0.182825213903933,7.18486303647943e-13,7.56394896750555e-12,1.99737409699628,TRUE
"RPL9",2753.9186187868,1.46165331457248,0.100025682806897,2.32819875754858e-48,1.02521028047915e-45,1.44971045790096,TRUE
"RPS26",1095.97783934568,1.4560594350072,0.113733884206498,1.59091775458161e-37,2.63844412026067e-35,1.44045436223774,TRUE
"RPS27A",4034.45086060403,1.11687706662111,0.0787909645499955,1.30485395515766e-45,3.96737738270554e-43,1.10802094072452,TRUE
"RPS27L",734.092111625461,1.23813348571318,0.097504932199662,6.05342542952374e-37,9.54348675740964e-35,1.22517429450078,TRUE
"RPS6KL1",12.2211761243117,1.52105722698613,0.244179003827783,4.68610093646571e-10,3.22248298108062e-09,1.44822422801556,TRUE
"RPS7",2362.04638061542,1.08550037849359,0.0932503266050514,2.55864733116013e-31,2.49419285640571e-29,1.07253479589575,TRUE
"RRAD",14.5967783400365,1.31883305184165,0.286778226961124,4.2495037878228e-06,1.53946562753183e-05,1.20402135881757,TRUE
"RRM2",32.813139349137,1.93025477796164,0.252969363436619,2.340454761206e-14,3.01490379442261e-13,1.86670687973476,TRUE
"RSBN1L",303.749454600915,1.07774105804558,0.248965725057721,1.49874180703005e-05,4.94162997050702e-05,0.981528314346287,TRUE
"RWDD3",11.4244091326616,1.12436278122799,0.21729444832567,2.28676153457132e-07,1.03516287828698e-06,1.05234012837365,TRUE
"S100A14",129.904489839811,1.53560818839696,0.134330683034325,2.90863094269202e-30,2.59742777190049e-28,1.51448113587602,TRUE
"S100A4",139.179333290821,1.50860687557211,0.15319870538833,7.0349412978789e-23,2.58893949204362e-21,1.48055542932581,TRUE
"S100A6",204.890932866684,1.12072186427661,0.147698894642158,3.25175467966709e-14,4.08709717119574e-13,1.08867731298092,TRUE
"SAA1",2320.12338600758,1.73930065313576,0.30495581966458,1.1740562188843e-08,6.49315630799158e-08,2.81304824394815,TRUE
"SAA2",573.609812317047,1.99696562841705,0.320617671286673,4.70936498555446e-10,3.23325757341562e-09,3.15300311995525,TRUE
"SAMD11",22.2281188448238,1.60401248320331,0.225453457829301,1.12233131121347e-12,1.15303063911472e-11,1.54527164160759,TRUE
"SCGN",40.0405686921231,1.40679951752413,0.281882129784691,6.01494122253832e-07,2.55015934302172e-06,1.30111068567787,TRUE
"SCIMP",106.744186435797,-1.5603854350408,0.133440318150683,1.37583837987487e-31,1.36197334193814e-29,-1.53960029494836,TRUE
"SCN1B",78.8935810249718,-1.21061366615767,0.147072341841173,1.85012837318549e-16,3.17983032645743e-15,-1.17996594713879,TRUE
"SCUBE2",17.8612681114397,-1.42901831866033,0.370656662271519,0.00011555505244493,0.000325460524861438,-1.24269344239481,TRUE
"SDC3",872.143743020985,-1.44201018631377,0.112671403689814,1.67431113608057e-37,2.74114784714729e-35,-1.42595671292896,TRUE
"SDCBP2",35.9778058310785,1.09048502716514,0.191684519584891,1.27817499311111e-08,7.02034179011995e-08,1.03419741662329,TRUE
"SEC14L1",459.055808340925,-1.31211636219057,0.0908810344659828,2.99521037672535e-47,1.09282390030808e-44,-1.30113860764038,TRUE
"SECTM1",86.7100717235173,-1.08190957192644,0.174680603744229,5.87887176622708e-10,3.97417300710942e-09,-1.0349959149738,TRUE
"SELENOW",545.522231034392,1.00691119320262,0.120071830824864,5.03361673703001e-17,9.2755102066195e-16,0.984366990991829,TRUE
"SEMA3C",11.8070974904035,1.49266702683871,0.463850001969532,0.00129090029590866,0.00294266275950617,1.1893854169975,TRUE
"SEMA4D",45.901952519467,-1.24950215660078,0.149836905630892,7.48698463154203e-17,1.34660272879988e-15,-1.21847139490451,TRUE
"SEMA6A",180.860533321804,-1.36538185061204,0.110050046206378,2.39704552177189e-35,3.3272034035899e-33,-1.3498581142146,TRUE
"SEMA6B",53.8533965656965,-1.47511150336356,0.180564350887358,3.09797595411915e-16,5.15119178829447e-15,-1.43462823195393,TRUE
"SERPINE1",382.397356544014,1.04712667804681,0.292554244524683,0.000344573155777141,0.000885886692022164,0.909580667624716,TRUE
"SEZ6L2",12.0261772710202,1.54349734530966,0.288524441603742,8.81370400579486e-08,4.24720755298115e-07,1.44155767412882,TRUE
"SFTPD",12.4279165307185,1.11952939084351,0.214425545148388,1.77898506771126e-07,8.1776387689359e-07,1.04934644506974,TRUE
"SGO2",14.0943807689728,1.13179867802937,0.24077710065572,2.59388487545905e-06,9.78838943841965e-06,1.0429276051382,TRUE
"SH2B2",20.3040830607946,-1.03953647748358,0.171266573068245,1.28150533088226e-09,8.1824115376832e-09,-0.993326629893439,TRUE
"SHANK3",279.127694685255,-1.2814068948718,0.13184497065282,2.50121962437554e-22,8.36140696420828e-21,-1.25761937926354,TRUE
"SHE",136.526617823367,-1.03373528868843,0.0875788312855768,3.74481638495668e-32,4.0185970786468e-30,-1.02178614506177,TRUE
"SHROOM4",33.3299155561048,-1.02029367950347,0.116761300638774,2.36672985177427e-18,5.16634875336024e-17,-0.998810675673518,TRUE
"SIGLEC1",293.255546657695,-2.26670434443689,0.155420275044097,3.53248783574847e-48,1.40968342695337e-45,-2.24593655403201,TRUE
"SIGLEC10",42.1228328061492,-1.39058652658818,0.188097079895878,1.43639695047916e-13,1.65998091019175e-12,-1.34501295210928,TRUE
"SIGLEC11",27.8386274612531,-1.51228816047813,0.178205354020086,2.1348443962317e-17,4.11190994568308e-16,-1.47375507680826,TRUE
"SIGLEC14",18.5105273117607,-2.29214743756768,0.320218280962812,8.18159920471755e-13,8.54284724809838e-12,-2.20519721225196,TRUE
"SIGLEC9",48.0122460060516,-1.06296384338051,0.152289633601802,2.95425729917842e-12,2.86018693787023e-11,-1.02735140119981,TRUE
"SIPA1L3",111.809254959702,-1.02917237052953,0.153423394209045,1.97237324679945e-11,1.67914709077527e-10,-0.992235533734653,TRUE
"SIRPB1",26.6049477592869,-1.572117795907,0.254613227164704,6.63592833725596e-10,4.45067252451463e-09,-1.49485939368489,TRUE
"SIRPB2",16.0602860540584,-1.61607261475485,0.268688920418897,1.80264177251661e-09,1.13341878065176e-08,-1.53277635493949,TRUE
"SKI",882.072247005566,-1.12304744686878,0.0642535684380695,2.09410953145472e-68,6.6854446791692e-65,-1.11698874654847,TRUE
"SLC12A1",13.440049382188,4.07524251228903,0.425542839474598,1.00317401370093e-21,3.10182376633435e-20,3.98558415140978,TRUE
"SLC13A3",711.810777934092,1.09986850365622,0.164654512655596,2.39176460839352e-11,2.01204440376714e-10,1.06106268300252,TRUE
"SLC15A2",7.35315116538171,-2.0245333572297,0.293865473564229,5.60596100461884e-12,5.2368779831004e-11,-1.94032069668898,TRUE
"SLC16A1",724.111821965843,-1.33697736609655,0.150565899604782,6.7051542162307e-19,1.55117426342873e-17,-1.30696829719338,TRUE
"SLC16A11",119.340001374477,1.11018200284836,0.363388862341371,0.0022500058473469,0.00488151115708798,0.890206006668912,TRUE
"SLC16A9",29.1329496885045,-2.33138303281604,0.223380474921639,1.68346428211746e-25,8.70357849499592e-24,-2.28997121324426,TRUE
"SLC18A2",8.00864143106465,-1.63580545062721,0.334043111722037,9.7316273183518e-07,3.96404723621539e-06,-1.50437185934454,TRUE
"SLC22A10",666.844472415734,-1.0008271992479,0.371878456752538,0.00711794908111806,0.0138161133555066,-0.745775884864536,TRUE
"SLC22A11",11.5268273305133,1.33663597033284,0.371127730246805,0.000316322637791256,0.000819359043528264,1.13831243144019,TRUE
"SLC23A2",1334.86589006925,-1.04916513520865,0.153942278208692,9.4057367978845e-12,8.48842819144771e-11,-1.01116775697404,TRUE
"SLC23A3",20.5092664546111,1.84252000849936,0.248787044725932,1.30153392081128e-13,1.50822034199275e-12,1.77881346931167,TRUE
"SLC25A33",54.6987218479862,1.46242773568771,0.176610654257619,1.22640429979483e-16,2.15126138851374e-15,1.42282620722852,TRUE
"SLC37A2",106.629998584957,-1.56268863762532,0.189851833669617,1.85508474568164e-16,3.18406346805841e-15,-1.52011156030311,TRUE
"SLC6A2",37.4881919855632,3.38473653228744,0.552397805115572,8.9352899846453e-10,5.85447168311547e-09,3.19850992240085,TRUE
"SLC6A8",21.9778520671694,1.04958316997302,0.209352398191222,5.34555092405964e-07,2.28379676481236e-06,0.979190146818883,TRUE
"SLC7A8",185.593474198001,-1.85191951574634,0.125545306197842,3.03114251693782e-49,1.54830759765184e-46,-1.83591392270717,TRUE
"SLC8A1",100.499061697415,-1.41877930018326,0.141855958105484,1.50031810483137e-23,6.04386820148156e-22,-1.39332161872009,TRUE
"SLC9A9",130.846810344218,-1.37201191408043,0.156214237619721,1.59331976088133e-18,3.55090634318579e-17,-1.34040319812908,TRUE
"SLCO1A2",55.9003718033254,-2.83220919474153,0.608866827219536,3.29358307036564e-06,1.21628270123104e-05,-2.5527837249934,TRUE
"SLF1",47.6870723456764,1.28717499000165,0.22496043450477,1.0541133875295e-08,5.86281705520544e-08,1.21683672881687,TRUE
"SLITRK3",69.7498690848977,-1.41331878910806,0.419621500197525,0.000756936243364089,0.0018091102054575,-1.16228969796141,TRUE
"SLTM",949.520540982552,1.28178809699664,0.23346174421956,4.0112432549213e-08,2.03348854169691e-07,1.20764981168804,TRUE
"SMC4",249.962963803702,1.34875666044685,0.207808300075289,8.56151465397245e-11,6.62440285301953e-10,1.29113576343944,TRUE
"SMG1",377.337500670016,-1.09412313987826,0.283990699851728,0.000116835645634308,0.000328849723330419,-0.964826807102904,TRUE
"SMOC2",20.0588027656623,1.03689011646672,0.28182179034306,0.00023392967869859,0.000621961689981468,0.906227155157837,TRUE
"SMTN",178.431155607973,-1.075153182728,0.122458096716423,1.63818108655e-18,3.63818651743365e-17,-1.05219389927393,TRUE
"SNAI2",81.2588138084943,-1.05343758882434,0.145213018045819,4.03358566275341e-13,4.42136385522413e-12,-1.02095738933677,TRUE
"SNAP25",14.0858377620548,1.70179228339394,0.309569280266107,3.85670937132052e-08,1.96137708768471e-07,1.59387271075029,TRUE
"SNORC",236.154215055323,1.27249474058764,0.194816513628093,6.50011934871414e-11,5.12069858624797e-10,1.22324939871048,TRUE
"SOX18",83.4978227596076,-1.70806538876197,0.18340895551154,1.24413496689001e-20,3.52275022775729e-19,-1.67129820994653,TRUE
"SOX4",90.520431953838,1.28439720089711,0.302085240009894,2.1208686191215e-05,6.82547688159816e-05,1.15301918350947,TRUE
"SPA17",12.3543017016542,1.12754324374706,0.21021438620412,8.14991817814733e-08,3.95720361729815e-07,1.06039651434155,TRUE
"SPAG4",23.5139074209447,1.0500630148635,0.22753385913456,3.93143109026648e-06,1.43523084684685e-05,0.966165501385379,TRUE
"SPATA18",69.7807629945505,1.44449657800333,0.220633250035998,5.86853286659447e-11,4.6547307271063e-10,1.38313188814117,TRUE
"SPATA6L",14.8298004232805,1.11742767561618,0.270799192439596,3.68474959021754e-05,0.000113685074334569,0.999480319994314,TRUE
"SPEN",583.42031124757,-1.05192098476226,0.101158893979496,2.5133882231717e-25,1.26362077204341e-23,-1.0360184417828,TRUE
"SPHK1",10.8018390748959,1.59248421633894,0.279793245390961,1.25820212878532e-08,6.91956984693734e-08,1.49956258291717,TRUE
"SPI1",160.688597317856,-1.16104862353629,0.181606709663048,1.62445997696697e-10,1.19701984453942e-09,-1.11250277988556,TRUE
"SPIC",13.3847776886115,-2.90091529903794,0.236112857113691,1.07520380733227e-34,1.41550027006526e-32,-2.86358691825441,TRUE
"SPINK1",49.8969289875495,4.80017018785704,0.721266502954969,2.82922118108521e-11,2.3521584949517e-10,4.57443156404987,TRUE
"SPP1",237.14865220014,2.43309957346124,0.303215406462385,1.02084039793739e-15,1.57631582607744e-14,2.35875653133412,TRUE
"SPRN",1.53914397440385,-2.19851364367472,0.671398075682391,0.00105837619956214,0.00245950614958398,-0.545045868445752,TRUE
"SPSB2",30.7805359129447,1.28969120884005,0.221908653319947,6.18004974383556e-09,3.56455443671093e-08,1.22232509375921,TRUE
"SPSB4",9.79107828706537,-3.16458885874685,0.273417871634894,5.56984372760717e-31,5.25559679427773e-29,-3.11875370360123,TRUE
"SPTBN2",1115.82768028951,-1.25535078709952,0.120497366546562,2.05058238951185e-25,1.04743748456265e-23,-1.23477510243436,TRUE
"SPTBN4",17.5480787655964,-1.09491800295596,0.22132772766391,7.53489567090843e-07,3.13524332738679e-06,-1.01866702979171,TRUE
"SPTBN5",23.0960759316392,1.18869529639624,0.423012033158637,0.00495300447210715,0.00998419370304788,0.88889451521239,TRUE
"SQLE",500.473994383473,1.50068007297961,0.303367739918447,7.54682778458431e-07,3.13918536837595e-06,1.38723634155501,TRUE
"SRCAP",24.2602811122739,-1.07416159298234,0.17752799152309,1.44253228735455e-09,9.15108659191137e-09,-1.02574459507156,TRUE
"SREK1",458.951861382296,2.19008762042979,0.32640274578019,1.94930317655375e-11,1.66061384687068e-10,2.09564277451096,TRUE
"SRGAP2C",26.4381088494404,1.19985839956369,0.234640847978746,3.16083729764281e-07,1.40347330635948e-06,1.11931818073392,TRUE
"SRP19",85.6926456111705,1.08258543276001,0.104723004512931,4.76274165116979e-25,2.32138209486405e-23,1.06594905498879,TRUE
"SRSF11",873.523995741736,2.401799159564,0.363660369555614,3.98829758810964e-11,3.23163453046701e-10,2.29427605122691,TRUE
"SSPN",26.7112447547835,1.42296357303073,0.240590165027201,3.32943729131175e-09,2.0140650975865e-08,1.34758073013687,TRUE
"ST14",180.653231466185,1.08062013152474,0.174086494952111,5.38769808118308e-10,3.66547173663868e-09,1.03438589970436,TRUE
"ST8SIA4",45.0875751444395,-1.50184431663424,0.163729527732555,4.6125212456355e-20,1.2195009587322e-18,-1.46915856497149,TRUE
"ST8SIA6",13.3265886159334,-1.40843210316793,0.26307081601217,8.61195939525942e-08,4.15626309438635e-07,-1.31808504491033,TRUE
"STAB1",1030.25024188843,-1.70219291952355,0.150755298751,1.45210462094827e-29,1.16625006349115e-27,-1.67719161856183,TRUE
"STAB2",780.122623356322,-2.1739855699481,0.202182394831982,5.7616913502472e-27,3.53734608378158e-25,-2.13724264340663,TRUE
"STRADA",18.3019544148198,1.55021300144085,0.263508543320681,4.02967637048711e-09,2.39455408334669e-08,1.4650152540617,TRUE
"STX11",21.0647094090731,-1.11053978542946,0.194996329817261,1.2323965247747e-08,6.7864181204713e-08,-1.05265702798457,TRUE
"SUCNR1",66.8369642398859,-1.02287700940591,0.143898788155872,1.17473568302673e-12,1.20203322694322e-11,-0.990264044303041,TRUE
"SUSD1",57.7719165677189,-1.01893904003739,0.154346875494624,4.06695632360886e-11,3.28828255911471e-10,-0.981391640616808,TRUE
"SUSD4",35.6104724713314,3.14626494617668,0.406633973681854,1.01519028893914e-14,1.37330296501618e-13,3.04067345255734,TRUE
"SYNE4",47.5467975898739,1.01193959601464,0.155366800486831,7.35521017088657e-11,5.75174732897866e-10,0.973789103110495,TRUE
"SYT13",12.5218919612812,1.0192321758493,0.274319128486527,0.000202803862008151,0.000546487722693413,0.894300237019836,TRUE
"TAT",16141.5824232682,-1.43285215649594,0.205752775254854,3.30860738603555e-12,3.17915096461053e-11,-1.34774696761201,TRUE
"TBXAS1",136.535882858814,-1.2792841146562,0.141485243927489,1.54084592475483e-19,3.77669912842978e-18,-1.25198965514136,TRUE
"TCAP",42.4593365910893,1.27263137956486,0.372246642527591,0.0006290131847726,0.00152680067849194,1.06418663312003,TRUE
"TCF7L1",101.484236230919,-1.29488579211323,0.107655543679478,2.53080702410227e-33,2.96499134842073e-31,-1.27934127526347,TRUE
"TCHH",10.8738052670665,-3.05537007845886,0.268375303441436,4.98442376967403e-30,4.33000622712499e-28,-3.00965571416909,TRUE
"TDG",79.1669652650495,1.41484492991232,0.220988531711063,1.53007940040628e-10,1.13073576060117e-09,1.35199779690001,TRUE
"TEDC1",153.509305114455,1.36340733631829,0.245914033011934,2.95227364850037e-08,1.52633742879958e-07,1.28296452671809,TRUE
"TEK",200.259523369124,-1.22882254270193,0.112702660348137,1.11242275226348e-27,7.32249409608487e-26,-1.21111760076597,TRUE
"TENM1",93.319456574786,1.56188074876425,0.443048051765819,0.000422991011872909,0.00106372493533223,1.30269585412893,TRUE
"TFF3",19.2312318133172,1.46048443448393,0.391231639918634,0.000189180475289641,0.000512480837812626,4.6532594814732,TRUE
"TFPI2",56.8903586575909,-1.11582748581312,0.224866681032794,6.97086830149624e-07,2.92245529251829e-06,-1.038452047983,TRUE
"TGFB1",339.210914612717,-1.02142716254059,0.160649292569529,2.04240525418191e-10,1.48330463722974e-09,-0.980908096812574,TRUE
"THEMIS2",87.8746268092777,-1.11291704811356,0.140034621284502,1.90401910019231e-15,2.85379388608636e-14,-1.08358453709899,TRUE
"THOC2",436.007800105919,1.20588444795396,0.297122462016408,4.93797282075723e-05,0.000149143597258916,1.07819751933672,TRUE
"THY1",86.8029590587067,1.67514696029696,0.217960290839245,1.52328825942208e-14,2.01788289137137e-13,1.62186957176061,TRUE
"TIAM1",93.5773859225205,-1.25461215865296,0.130188011423836,5.58352608665798e-22,1.78254070316556e-20,-1.23112114652365,TRUE
"TIMD4",144.399283682405,-4.15822872039993,0.300224638245617,1.26520965234515e-43,3.36598484592658e-41,-4.11490125498583,TRUE
"TIMM17A",593.281168134362,1.11831555757989,0.0785918669396794,6.0191136252578e-46,1.92160202486355e-43,1.10985382069894,TRUE
"TIMP2",1310.67402304183,-1.13870701287305,0.093841732874104,6.9472182024865e-34,8.53038235055314e-32,-1.12575364405555,TRUE
"TINAGL1",127.688685584458,-1.7157060732592,0.151203203380233,7.67317708865545e-30,6.3627578845539e-28,-1.69104072653255,TRUE
"TK1",95.2128834364925,1.16779353931934,0.162151202511836,5.9387850097705e-13,6.31985704789743e-12,1.12980145626871,TRUE
"TLR8",31.521573368997,-1.33088670720491,0.206922685818511,1.26096077118115e-10,9.44980577933289e-10,-1.27372182783977,TRUE
"TM4SF18",79.7038640061394,-1.0159580619283,0.137168651466582,1.29544883026107e-13,1.50253238532552e-12,-0.986251151958289,TRUE
"TMC6",91.4627773921283,-1.41758638447992,0.178673610706469,2.12294207180836e-15,3.1633570894974e-14,-1.37674637108847,TRUE
"TMC8",76.6435084566062,-1.30863344584041,0.138350000631697,3.11315261136474e-21,9.24533926677389e-20,-1.28292994671856,TRUE
"TMEM132E",26.4258735384954,-2.09090320877455,0.197995325068771,4.54882041337672e-26,2.51465093847709e-24,-2.05394007954165,TRUE
"TMEM141",298.628357510107,1.8726992932906,0.126525828055796,1.4448189974549e-49,7.68764108229127e-47,1.85688607434349,TRUE
"TMEM154",138.135498911053,2.29021097548756,0.303075804710914,4.13864072290482e-14,5.12613404767163e-13,2.21154516735769,TRUE
"TMEM200C",9.74713464693264,-1.03581919872381,0.295008089791125,0.000446163777072627,0.00111715910455244,-0.89336366326658,TRUE
"TMEM256",364.192559636491,1.8285079782633,0.147310911171926,2.2334748623538e-35,3.13422791123715e-33,1.80624104980389,TRUE
"TMEM26",35.2252506607542,-1.08012759334591,0.157989998908305,8.10476164142829e-12,7.38215450506699e-11,-1.04221993811779,TRUE
"TMEM45B",346.163140480119,1.18575178011532,0.249405447961585,1.99121491372456e-06,7.67516282772792e-06,1.09440957294566,TRUE
"TMEM81",18.6254141420073,1.25515289497572,0.182382322270295,5.90231190789173e-12,5.48757195684606e-11,1.20874560286286,TRUE
"TMEM92",32.1651587530556,3.71167298302378,0.445964486701107,8.59097372126353e-17,1.53435992196553e-15,3.6039209528573,TRUE
"TMIGD3",22.7436989010348,-1.48440659114002,0.271608403364747,4.62266705639577e-08,2.32407316181787e-07,-1.3919016168323,TRUE
"TMPPE",12.8808511819285,-1.54134621386371,0.231390873468418,2.71558184263019e-11,2.26209916049495e-10,-1.47578390048254,TRUE
"TMPRSS3",13.9845488895891,1.18035146644088,0.323712221647233,0.000266044665501793,0.000698763961015609,1.01745930798935,TRUE
"TNFRSF12A",45.9969267983096,2.99728858280179,0.261795980434318,2.38016308555106e-30,2.1710487573205e-28,2.95315739863452,TRUE
"TNFSF14",63.2237825855068,1.51954554680752,0.223503944722157,1.05536977469722e-11,9.404795549814e-11,1.45935502216039,TRUE
"TNIK",53.1664431535489,-1.40167798317628,0.176697764047624,2.14552942942229e-15,3.19328797362734e-14,-1.36166179224519,TRUE
"TOMM40L",95.999501747111,1.03215906812897,0.129917006155521,1.94571538597944e-15,2.91287051335961e-14,1.00605874142252,TRUE
"TOMM7",1208.68391588599,1.14622517101065,0.0884687907205384,2.16534448125263e-38,3.84047903133279e-36,1.13499076171397,TRUE
"TOP2A",46.7304963130643,2.11147851436366,0.259467477998353,4.02729139460585e-16,6.58495660808153e-15,2.05032442280824,TRUE
"TOP6BL",17.6274671507024,1.12278090283601,0.207373896540785,6.15348771796908e-08,3.03867123582618e-07,1.05788261169662,TRUE
"TP53I3",130.769660365434,2.09607762213218,0.217537243268577,5.66219957859444e-22,1.79866389598634e-20,2.05248798074883,TRUE
"TPX2",40.4559277734773,1.04511095186098,0.189291611461933,3.36751947911092e-08,1.72565103323621e-07,0.988957068421676,TRUE
"TRABD2B",111.073725422741,-1.21126952473997,0.225419014164082,7.72599701220632e-08,3.76137940701009e-07,-1.13753372865994,TRUE
"TREH",208.75281149447,1.08731882748511,0.278306645549767,9.34842166395253e-05,0.000268328488758538,0.964725145884615,TRUE
"TREM2",26.2129226560394,3.74184601099793,0.382962613899864,1.50280571733504e-22,5.18671054334284e-21,3.66389948645429,TRUE
"TRPC5",32.8895756401602,-1.14493842043807,0.147613693366548,8.74321550740346e-15,1.18904006421238e-13,-1.11311317556468,TRUE
"TSC22D1",1008.79788980459,1.20168462057672,0.102280039276577,7.14889190262294e-32,7.36220561262056e-30,1.18715918236279,TRUE
"TSPAN13",225.083749247004,-1.14100357229763,0.193216335143508,3.51970801742362e-09,2.12112653999526e-08,-1.0851310479769,TRUE
"TSPAN18",139.464927605874,-1.38052051968417,0.130525512962475,3.82453694121801e-26,2.1515126316896e-24,-1.35868904855838,TRUE
"TSPAN5",17.3291931039706,-1.13684631249091,0.278168875677653,4.37189425206535e-05,0.000133084838137961,-1.01716642469816,TRUE
"TSSC4",158.32868770639,1.06706131929649,0.164593085339244,8.99007531813634e-11,6.91585914533741e-10,1.02520248300258,TRUE
"TTC9",52.8892675485314,2.75180735291498,0.254817727168716,3.47516123234185e-27,2.17538279102968e-25,2.70585885114572,TRUE
"TTF1",100.9708972258,1.23021462659813,0.247447393219253,6.63954463070167e-07,2.79548252337818e-06,1.14409904068188,TRUE
"TUT7",739.835733756028,-1.11004599076342,0.126497918835856,1.70582978714909e-18,3.77529400032823e-17,-1.08585764752435,TRUE
"TXNDC5",26.2840672480136,-4.23633382773241,0.285781747042966,1.03002370929781e-49,5.71887076857956e-47,-4.19776670055268,TRUE
"TYMS",58.8178375559565,1.86177169634314,0.205070804729914,1.09902077552893e-19,2.76104091491397e-18,1.81954583345122,TRUE
"UBAP1L",12.8624616384267,1.5112259637477,0.37015984045946,4.45287356940547e-05,0.000135291923581508,1.33014642098864,TRUE
"UBASH3B",30.4495103831592,-1.04287762945038,0.165902981005946,3.25604721215861e-10,2.28209236549207e-09,-0.999644142712625,TRUE
"UBE3D",26.5650250627621,1.26346211284615,0.230487431034855,4.21266793835022e-08,2.12715577590875e-07,1.1884798574145,TRUE
"UBXN10",141.222797308535,1.04070156363756,0.216136023841858,1.47177352159267e-06,5.80078637985752e-06,0.966660471412994,TRUE
"UCHL3",84.23207297783,1.06010642019425,0.0794650292708806,1.34481420145489e-40,3.01285567589104e-38,1.05052432877935,TRUE
"UGT2A1",82.2750006283181,-1.81630169611952,0.375423222168255,1.3114485428779e-06,5.22044822086993e-06,-1.66220123499355,TRUE
"UGT2B11",16.3157731992755,1.42314436999385,0.279199078382562,3.44643499316932e-07,1.52084054679292e-06,1.32180984553143,TRUE
"UGT3A2",16.8287824018885,2.03352437825975,0.305684041167693,2.88403909654141e-11,2.39305908140571e-10,1.94474802834289,TRUE
"UPF3A",174.554526872896,1.28139628957754,0.230120919082933,2.5714703582525e-08,1.34195653759233e-07,1.2079915270754,TRUE
"UPF3B",183.397141107353,2.44925760493654,0.363849944033926,1.67917418917054e-11,1.44885502673701e-10,2.34306642450846,TRUE
"UPP2",136.162976244299,2.27880394673381,0.424360415406242,7.87484583073346e-08,3.83020750181244e-07,2.1193690182718,TRUE
"UTRN",471.770421448279,-1.21663395681877,0.131153458907625,1.75276307455693e-20,4.88707084325154e-19,-1.19305439673634,TRUE
"VAMP8",952.67075637674,1.00658275536736,0.0820722340345061,1.40311145648888e-34,1.82834013258805e-32,0.996092828061018,TRUE
"VAV1",70.8545404951672,-1.69650759818549,0.130379534347472,1.04473521861804e-38,1.99123414056005e-36,-1.67798651141784,TRUE
"VAV3",34.5438678909751,-1.09876106339106,0.141303339986354,7.49111017063983e-15,1.03306130538953e-13,-1.06872396696502,TRUE
"VCAM1",456.583015984696,-2.51127498479685,0.15493869230446,4.41413407387623e-59,5.63684921233995e-56,-2.49213707612663,TRUE
"VLDLR",39.9348156601089,1.46682362695589,0.188480754036391,7.11883017188879e-15,9.84912906771613e-14,1.42312635503535,TRUE
"VPS37D",44.8561406159344,1.09512692543987,0.228895537113356,1.71502143971323e-06,6.67504534749709e-06,1.01381371234452,TRUE
"VSIG2",13.2206943831688,1.70638700724623,0.306986957814706,2.72102947211949e-08,1.41135444187514e-07,1.60008841012934,TRUE
"VSIG4",365.186311658848,-2.10092395921219,0.186423958078299,1.85404397580308e-29,1.47975884818783e-27,-2.06902051310458,TRUE
"VTCN1",11.4047645035696,1.23581949970969,0.300884298799685,4.00326005830556e-05,0.000122682099698973,1.10244564674146,TRUE
"WBP4",228.777787742574,1.23103144577454,0.197075606907367,4.19770185391404e-10,2.89754879321526e-09,1.17629970479284,TRUE
"WDFY3",232.570436671743,-1.08401298753026,0.134711423694732,8.4898812682184e-16,1.32537633001405e-14,-1.05745895251076,TRUE
"WDFY4",57.9153592727533,-1.01997464788603,0.191052198365813,9.36038439527349e-08,4.48525736313855e-07,-0.96119274611691,TRUE
"WDPCP",45.6037543945025,1.31948841554442,0.168311303316552,4.52088215365029e-15,6.42176474995708e-14,1.28174765010543,TRUE
"WNK3",138.999090217249,-1.07975672724805,0.181760203250552,2.84056416692053e-09,1.73809316778032e-08,-1.02838193061901,TRUE
"WNT11",67.6389364219108,1.48927284739272,0.241724918232807,7.22763661993073e-10,4.81716699564276e-09,1.41630089341804,TRUE
"WNT4",15.6853637231477,1.77605298936017,0.303016754740404,4.59431922351554e-09,2.70990561128376e-08,1.67639983037764,TRUE
"XAF1",547.490411077725,1.03801767547483,0.176169291192447,3.81179498308466e-09,2.27673629251595e-08,0.989566543888163,TRUE
"XK",28.0914795123902,1.11676443257618,0.199230295984591,2.07780990774668e-08,1.10418778701311e-07,1.057167219288,TRUE
"XRN1",356.052584460283,-1.09936392606489,0.126441488368648,3.47914107357923e-18,7.44198182740482e-17,-1.0782004489792,TRUE
"ZBTB20",661.988829566755,3.08373229981259,0.540827700743444,1.18496257590583e-08,6.54497062903001e-08,2.88811707969281,TRUE
"ZBTB8A",33.3144316377144,1.35004819120936,0.198762928549493,1.10395363550587e-11,9.80353819569539e-11,1.29706778569556,TRUE
"ZC3H13",935.285805015055,2.16712837368118,0.343338686835712,2.75584057792473e-10,1.95620256698715e-09,2.06149771897127,TRUE
"ZC3H4",244.490529831981,-1.04874899226477,0.090683775536137,6.20619927206539e-31,5.78490253315876e-29,-1.03604925384768,TRUE
"ZDHHC11B",10.9266756450296,1.28422710924291,0.347798378788245,0.000222106565269554,0.000592872248848706,1.10341360018052,TRUE
"ZFPM1",229.337752139306,-1.12908016171445,0.174661898841974,1.01717763755738e-10,7.76875504282757e-10,-1.08338628100764,TRUE
"ZMAT1",129.550689561012,3.67084343435061,0.482769029311501,2.87724039648985e-14,3.65232205399357e-13,3.54277978994008,TRUE
"ZNF200",51.6933415220395,1.0006304422021,0.10403084269522,6.67370963921913e-22,2.09909537174454e-20,0.983589922404449,TRUE
"ZNF280C",10.4369777752985,-1.99187077784391,0.233580476725959,1.49470968207514e-17,2.93652963693839e-16,-1.9403836842974,TRUE
"ZNF292",206.48295869972,1.04370128729381,0.285766196467108,0.000259911183936908,0.000683920424247747,0.909473010986287,TRUE
"ZNF320",15.3995734797726,1.12220832354136,0.219542503267978,3.19481222158306e-07,1.41708065542257e-06,1.04816286221194,TRUE
"ZNF366",19.5706614272028,-1.16914437149155,0.195687072760497,2.30710465003059e-09,1.42740922388036e-08,-1.11193595238838,TRUE
"ZNF407",118.677326897972,-1.06241948049922,0.104513219527723,2.82935990598005e-24,1.24589399997811e-22,-1.0455881432433,TRUE
"ZNF423",21.8155258087796,-1.05626859031446,0.179077389554509,3.67061740000288e-09,2.20168079840473e-08,-1.0062887566667,TRUE
"ZNF460",13.5962171817217,-2.47879111703029,0.264904498362007,8.17995208601016e-21,2.35796812953385e-19,-1.70378661741918,TRUE
"ZNF467",121.821240385922,-1.05241709563222,0.149839150723363,2.16152631241662e-12,2.12165188390163e-11,-1.01772027226288,TRUE
"ZNF468",31.1684274605971,1.08925527183389,0.191020094710103,1.18196527641926e-08,6.5312404066958e-08,1.03360741055268,TRUE
"ZNF490",12.2287524975316,-1.10087352685707,0.169546519167118,8.41174013919919e-11,6.51807776562947e-10,-1.05767027682957,TRUE
"ZNF518B",64.138418252159,-1.10068262880107,0.14854389045821,1.26476485961759e-13,1.46961303524264e-12,-1.06734808847293,TRUE
"ZNF521",14.3973816622242,-1.16249717936115,0.201541885719003,8.02093475512162e-09,4.55232608101792e-08,-1.10312353875026,TRUE
"ZNF563",97.4770432870126,1.13357484004806,0.107004722094084,3.18773223050902e-26,1.8092151370489e-24,1.11682415794836,TRUE
"ZNF688",136.730569894315,1.00676250095061,0.150113296415498,1.99096234508547e-11,1.69271565557533e-10,0.971173661519303,TRUE
"ZNF852",8.53447452669091,-1.57530014177726,0.230057770004968,7.51983609422251e-12,6.8985852674728e-11,-1.51287013920934,TRUE
"ZRSR2",71.0189083845986,1.10175251719298,0.194734250687903,1.53394128075668e-08,8.32812524776817e-08,1.0437337538843,TRUE
