"ID","Description","setSize","enrichmentScore","NES","pvalue","p.adjust","qvalue","rank","leading_edge","core_enrichment","collection"
"HALLMARK_OXIDATIVE_PHOSPHORYLATION","HALLMARK_OXIDATIVE_PHOSPHORYLATION",195,0.643150796805026,2.22026596027638,4.99012126824968e-14,2.49506063412484e-12,1.36571739973149e-12,1456,"tags=30%, list=11%, signal=27%","UQCRFS1/COX6A1/NDUFB8/CYCS/TIMM17A/ATP5PB/COX6B1/MTX2/ATP5MG/NDUFA8/ATP6V0B/MRPL15/ISCA1/CASP7/BDH2/NDUFB6/SDHD/UQCRH/ATP6V1D/COX7B/CYB5A/UQCRB/NDUFB5/ATP5MC2/UQCR11/TIMM8B/NDUFA1/ATP6V1G1/ATP5PO/UQCRQ/ATP5ME/COX7C/COX6C/NDUFC1/NDUFS3/NDUFB3/ATP6V1E1/BAX/NDUFB2/MDH1/ATP5F1E/ATP6V1F/SURF1/NDUFA9/SLC25A3/ATP5F1C/MRPL11/ATP5PF/ETFB/TIMM10/NDUFS4/TIMM9/VDAC3/ACAT1/COX11/NDUFAB1/NDUFA3/NDUFA2/ATP6V0E1","Hallmark"
"HALLMARK_MYC_TARGETS_V1","HALLMARK_MYC_TARGETS_V1",197,0.633193998965097,2.18507164499749,1.10916766354098e-13,2.77291915885245e-12,1.51780838168766e-12,1888,"tags=35%, list=15%, signal=30%","CCT4/H2AZ1/PSMC6/PCNA/HSPE1/RPL34/EIF2S2/PSMA1/PSMA6/PSMA7/PSMD14/POLE3/EIF3J/TYMS/EIF1AX/RPS3/SNRPD2/ETF1/PSMA4/RFC4/HNRNPD/COPS5/SRSF3/PSMD7/CDC20/RPL6/FBL/CCT5/KPNA2/PSMB3/PSMB2/NME1/RSL1D1/MAD2L1/DUT/SNRPB2/SNRPA1/NAP1L1/SLC25A3/PSMD1/CCNA2/SSBP1/HDGF/PRDX4/USP1/CCT2/NCBP2/VBP1/LSM2/SSB/RPL22/VDAC3/NDUFAB1/NHP2/CDK4/SET/CBX3/CCT3/MCM4/ILF2/HSP90AB1/DDX21/LSM7/AIMP2/HDDC2/RPS6/RPS2/PRDX3/DDX18","Hallmark"
"HALLMARK_E2F_TARGETS","HALLMARK_E2F_TARGETS",175,0.560533052019988,1.9091657039209,1.81801086593747e-07,3.03001810989578e-06,1.65853622857453e-06,2619,"tags=42%, list=21%, signal=34%","H2AZ1/PCNA/RPA3/PTTG1/HMMR/CKS2/HNRNPD/TOP2A/POLE4/STMN1/AK2/DCTPP1/DONSON/PHF5A/CDC20/RRM2/BIRC5/KPNA2/TK1/EXOSC8/SNRPB/NME1/ASF1A/MAD2L1/DUT/CDK1/NAP1L1/SMC4/LUC7L3/DDX39A/PRDX4/HELLS/CDKN1A/HMGB2/USP1/CDC25A/RAD51AP1/CDKN2C/MKI67/CKS1B/CHEK1/RBBP7/PLK1/CDK4/RFC2/PPP1R8/MCM4/CENPE/RACGAP1/EZH2/EED/RAD51C/MLH1/ESPL1/GINS1/RAD1/MYBL2/AURKA/CTPS1/TCF19/MCM6/PSIP1/TIPIN/ASF1B/DEK/NAA38/CDCA8/MTHFD2/RNASEH2A/NASP/H2AX/JPT1/SPAG5","Hallmark"
"HALLMARK_MITOTIC_SPINDLE","HALLMARK_MITOTIC_SPINDLE",187,-0.543387114254678,-1.86516239100329,5.04204242067371e-07,6.30255302584214e-06,3.4498184983557e-06,2036,"tags=36%, list=16%, signal=31%","DOCK4/LMNB1/PLEKHG2/TRIO/DST/CTTN/PDLIM5/SUN2/PALLD/ALMS1/CDC42BPA/TSC1/FGD4/CEP250/LRPPRC/NOTCH2/APC/ACTN4/PKD2/NEDD9/NCK2/EPB41/TAOK2/LATS1/ARHGAP27/KIF3C/RAPGEF5/FARP1/ARHGAP4/LLGL1/ARHGEF12/CDC42EP4/FLNB/CNTRL/ALS2/YWHAE/SOS1/ARFGEF1/MAP1S/CKAP5/WASL/AKAP13/DYNC1H1/MYH9/MAPRE1/ARAP3/NUMA1/ABL1/SHROOM2/MYO9B/PCNT/NF1/ARHGEF2/SPTBN1/ITSN1/FSCN1/NET1/MYH10/PREX1/TIAM1/CLASP1/DOCK2/TUBGCP3/SSH2/KIF1B/EPB41L2/RABGAP1","Hallmark"
"HALLMARK_INFLAMMATORY_RESPONSE","HALLMARK_INFLAMMATORY_RESPONSE",151,-0.541396421132779,-1.81666287685887,8.18543639447114e-06,8.18543639447114e-05,4.48044939486841e-05,1519,"tags=28%, list=12%, signal=25%","CD55/IL15RA/TAPBP/SGMS2/PDE4B/ACVR2A/CSF1/ICAM1/MSR1/NMUR1/SCARF1/MET/SLC7A2/TNFRSF1B/FPR1/IL2RB/MEFV/C3AR1/TLR1/HIF1A/DCBLD2/PIK3R5/HRH1/LYN/CSF3R/CCL24/SCN1B/SEMA4D/FZD5/ADGRE1/ABCA1/CMKLR1/EBI3/LCP2/KIF1B/RELA/CYBB/STAB1/KCNJ2/IL10RA/AXL/MARCO","Hallmark"
"HALLMARK_KRAS_SIGNALING_UP","HALLMARK_KRAS_SIGNALING_UP",162,-0.520230342393204,-1.76498100360862,3.48000083523187e-05,0.000290000069602656,0.000158736880203559,1382,"tags=25%, list=11%, signal=23%","ERO1A/IGF2/MTMR10/IKZF1/IL33/PEG3/LAPTM5/TSPAN13/TSPAN7/MAFB/MAP3K1/PECAM1/GUCY1A1/RELN/TNFRSF1B/TLR8/NRP1/TOR1AIP2/ACE/C3AR1/DCBLD2/HDAC9/STRN/PDCD1LG2/TRIB2/CBL/SCN1B/JUP/IRF8/ADGRL4/FCER1G/ENG/DOCK2/MAP7/CMKLR1/ETS1/IL10RA/AKAP12/EPB41L3/FLT4/ETV5","Hallmark"
"HALLMARK_DNA_REPAIR","HALLMARK_DNA_REPAIR",146,0.507081849846186,1.68977606225615,7.30597379653518e-05,0.000521855271181084,0.000285647095804383,1768,"tags=27%, list=14%, signal=23%","POLR3GL/PCNA/RPA3/POLR1H/POLR2G/MPC2/TYMS/EDF1/RFC4/TAF9/ITPA/TSG101/POLE4/POLR2K/AK1/TAF13/RBX1/NME1/FEN1/POLB/BCAP31/DUT/UPF3B/GTF2H3/SURF1/CETN2/TARBP2/NCBP2/DGUOK/NT5C3A/SNAPC5/RFC2/GTF2H5/STX3/GTF2B/VPS37D/SAC3D1/CSTF3/GSDME","Hallmark"
"HALLMARK_UV_RESPONSE_DN","HALLMARK_UV_RESPONSE_DN",133,-0.504659313402993,-1.6760727296481,0.000275030779268205,0.00171894237042628,0.0009408947711807,2139,"tags=36%, list=17%, signal=30%","TENT4A/ITGB3/PIK3R3/INPP4B/PLPP3/NR1D2/PDLIM5/LAMC1/FYN/CDC42BPA/SYNE1/ATP2B4/YTHDC1/NOTCH2/SIPA1L1/SMAD3/ACVR2A/PRKAR2B/RXRA/KALRN/TJP1/PHF3/IGFBP5/MET/BCKDHB/KCNMA1/ABCC1/IGF1R/PTPRM/PRKCA/NRP1/APBB2/ATRN/ADD3/ZMIZ1/MTA1/AKT3/IRS1/SNAI2/DAB2/PIK3CD/SCAF8/TGFBR2/TGFBR3/DYRK1A/DLC1/GCNT1/CITED2","Hallmark"
"HALLMARK_APICAL_JUNCTION","HALLMARK_APICAL_JUNCTION",160,-0.481980197278314,-1.63263407615491,0.000388997398981279,0.00216109666100711,0.00118291606707757,2010,"tags=29%, list=16%, signal=25%","PKD1/TIAL1/SORBS3/PALS1/SYK/TSC1/CADM2/EVL/ACTN4/CD274/HADH/RAC2/TAOK2/ICAM2/PTPRC/PCDH1/ADRA1B/CNN2/ITGB1/ICAM1/CD86/DHX16/TJP1/PTK2/ITGA9/B4GALT1/PECAM1/ACTB/ACTN1/CTNND1/NF2/WASL/MYH9/AKT3/IRS1/ARHGEF6/SHROOM2/ADAM9/NF1/JUP/FSCN1/MYH10/EPB41L2/CD209/SDC3/VCAM1","Hallmark"
"HALLMARK_COMPLEMENT","HALLMARK_COMPLEMENT",178,-0.457007009693732,-1.55999203346442,0.000540179257385865,0.00270089628692933,0.00147838533600342,2301,"tags=26%, list=18%, signal=22%","JAK2/SRC/C3/FN1/CD36/CTSC/CASP10/CP/DOCK4/GPD2/F5/FYN/PIK3CG/EHD1/CD55/TFPI2/C1QA/ITIH1/VCPIP1/PLEK/WAS/CEBPB/DGKG/DOCK10/GNG2/KIF2A/F8/F7/IRF2/PIK3R5/CTSB/LYN/CTSL/PLG/NOTCH4/LIPA/ADAM9/GNB4/FCER1G/LRP1/CALM1/C1QC/LCP2/BRPF3/TIMP2/LGMN/CR1","Hallmark"
"HALLMARK_TGF_BETA_SIGNALING","HALLMARK_TGF_BETA_SIGNALING",52,-0.599026283493136,-1.71830984002294,0.00213342138444842,0.00969736992931101,0.00530803406657024,1528,"tags=29%, list=12%, signal=25%","APC/RAB31/SMAD3/FURIN/TJP1/HDAC1/CDK9/TGFB1/SMURF1/SMAD6/SPTBN1/ENG/NCOR2/HIPK2/SKI","Hallmark"
"HALLMARK_MTORC1_SIGNALING","HALLMARK_MTORC1_SIGNALING",195,0.430511053178824,1.48619739203316,0.00258780406264866,0.0107825169277028,0.00590200926568994,2075,"tags=28%, list=16%, signal=24%","PPA1/PSMC6/HSPE1/EIF2S2/PSMD13/FKBP2/DDIT3/PSMD14/PSMA3/ATP6V1D/ETF1/PSMA4/YKT6/COPS5/VLDLR/GLRX/CCT6A/RRM2/TRIB3/PDAP1/SERP1/EEF1E1/PSMB5/ARPC5L/DDIT4/GLA/IDI1/PSMG1/DDX39A/CDKN1A/CDC25A/HMBS/TPI1/PNO1/HSPA5/RDH11/BCAT1/SQSTM1/ADIPOR2/HMGCS1/PLK1/PRDX1/SQLE/RAB1A/ATP5MC1/MCM4/POLR3G/EBP/TM7SF2/SERPINH1/ENO1/PPP1R15A/AURKA/ELOVL5","Hallmark"
"HALLMARK_ESTROGEN_RESPONSE_EARLY","HALLMARK_ESTROGEN_RESPONSE_EARLY",170,-0.41790704524386,-1.42188768022472,0.00601075008854512,0.0231182695713274,0.0126542107127266,1948,"tags=26%, list=15%, signal=23%","AKAP1/SEC14L2/FCMR/RARA/TOB1/RPS6KA2/FKBP5/ELF1/MED24/GAB2/PAPSS2/KDM4B/MYOF/CYP26B1/SYNGR1/ZNF185/CANT1/RAB31/UGCG/CXCL12/ABAT/FARP1/FLNB/B4GALT1/IL6ST/OLFM1/SLC7A2/IGF1R/ADCY9/GREB1/CD44/ADD3/THSD4/KAZN/ESRP2/IL17RB/SH3BP5/NPY1R/SLC16A1/AFF1/TIAM1/MED13L/FRK/DLC1/NCOR2","Hallmark"
"HALLMARK_IL2_STAT5_SIGNALING","HALLMARK_IL2_STAT5_SIGNALING",171,-0.422627458879996,-1.43828566290824,0.0065245221377602,0.023301864777715,0.0127547049309598,2349,"tags=30%, list=18%, signal=25%","IL4R/SLC2A3/SH3BGRL2/NFKBIZ/CDKN1C/PTGER2/AHCY/MYO1E/CST7/NT5E/BMPR2/ABCB1/NCS1/P2RX4/PTH1R/SNX9/RABGAP1L/SOCS2/SLC1A5/RORA/CDCP1/DENND5A/CSF1/HK2/TNFRSF21/CD86/FURIN/F2RL2/PTCH1/IGF1R/LRRC8C/TNFRSF1B/CD44/NRP1/IL2RB/ENPP1/GPR65/IGF2R/PRKCH/GBP4/PLEC/HUWE1/IRF8/FGL2/P4HA1/TIAM1/CYFIP1/IL10RA/SHE/HIPK2/NCOA3","Hallmark"
"HALLMARK_P53_PATHWAY","HALLMARK_P53_PATHWAY",181,0.407810921417534,1.39669847092589,0.00731334994478132,0.0243778331492711,0.013343656039601,2557,"tags=31%, list=20%, signal=25%","RPS27L/VAMP8/PCNA/TSC22D1/TRIAP1/HINT1/DDIT3/S100A4/CGRRF1/RPS12/PHLDA3/ATF3/TPRKB/BTG1/PDGFA/S100A10/AK1/TRIB3/TRAF4/BAX/NUDT15/DDIT4/RPL36/H2AJ/ST14/CDKN1A/CTSD/JUN/PERP/SPHK1/IP6K2/RGS16/EI24/HRAS/MDM2/ZMAT3/CEBPA/RRAD/RAD51C/LDHB/PLK2/PRKAB1/FUCA1/PPP1R15A/AEN/GPX2/CCNG1/DDB2/NOL8/PITPNC1/FAS/GADD45A/SEC61A1/RPL18/FBXW7/ANKRA2","Hallmark"
"HALLMARK_G2M_CHECKPOINT","HALLMARK_G2M_CHECKPOINT",173,0.392399490048658,1.33538165926788,0.0135006498055554,0.0421895306423608,0.0230932167726606,2360,"tags=32%, list=18%, signal=26%","H2AZ1/PTTG1/HMMR/CKS2/HNRNPD/TOP2A/STMN1/CDC20/BIRC5/KPNA2/DKC1/NUSAP1/MAD2L1/CDK1/CBX1/DBF4/GINS2/SMC4/KATNA1/CCNA2/DDX39A/NDC80/ARID4A/CDC25A/CDKN2C/DTYMK/E2F1/MNAT1/TPX2/MKI67/PRC1/CKS1B/TOP1/CHEK1/PLK1/CDK4/CASP8AP2/SRSF10/HIRA/SQLE/CDC6/AMD1/CENPE/RACGAP1/EZH2/ESPL1/MYBL2/AURKA/H2AZ2/MCM6/KNL1/KIF20B/EWSR1/MTF2/SNRPD1","Hallmark"
"KEGG_RIBOSOME","KEGG_RIBOSOME",84,0.791256441873351,2.4414899426822,1.45071260099358e-15,2.65480405981826e-13,1.83247907493926e-13,1394,"tags=46%, list=11%, signal=42%","RPL21/RPL9/RPS27A/RPS26/RPS27L/MRPL13/RPL36AL/RPS7/RPL34/RPL7/RPL17/RPL26/RPL27A/RPS12/RPS17/RPL23A/RPS3/RPS11/RPS18/RPS24/RPS19/RPL6/RPS13/RPL32/RPL15/RPL37/RPL22L1/RPL37A/RPL31/RPL11/RPL36/RPSA/RPLP1/RPL22/RSL24D1/RPS4X/RPL24/RPL8/RPL12","KEGG"
"KEGG_OXIDATIVE_PHOSPHORYLATION","KEGG_OXIDATIVE_PHOSPHORYLATION",100,0.737880507971197,2.36473190373455,6.46605254625735e-14,5.91643807982548e-12,4.08382266079412e-12,1606,"tags=49%, list=13%, signal=43%","UQCRFS1/COX6A1/NDUFB8/ATP5PB/PPA1/COX6B1/ATP5MG/NDUFA8/ATP6V0B/NDUFB6/SDHD/UQCRH/ATP6V1D/COX7B/UQCRB/NDUFB5/ATP5MC2/UQCR11/NDUFA1/ATP6V1G1/PPA2/NDUFS5/ATP5PO/UQCRQ/ATP6V1E2/ATP5ME/COX7C/COX6C/NDUFC1/COX7A1/NDUFS3/NDUFB3/ATP6V1E1/NDUFB2/ATP5F1E/ATP6V1F/NDUFA9/ATP5F1C/NDUFB9/ATP5PF/NDUFS4/COX11/NDUFAB1/ATP6V0D1/NDUFA3/NDUFA2/ATP6V0E1/NDUFA11/ATP5MC1","KEGG"
"KEGG_PARKINSONS_DISEASE","KEGG_PARKINSONS_DISEASE",100,0.68192123282494,2.18539570794311,6.16403369309427e-10,3.7600605527875e-08,2.59538260761864e-08,1414,"tags=37%, list=11%, signal=33%","UQCRFS1/COX6A1/NDUFB8/CYCS/ATP5PB/COX6B1/NDUFA8/NDUFB6/SDHD/UQCRH/COX7B/UQCRB/NDUFB5/ATP5MC2/UQCR11/NDUFA1/NDUFS5/PARK7/ATP5PO/UQCRQ/COX7C/COX6C/NDUFC1/COX7A1/NDUFS3/NDUFB3/NDUFB2/ATP5F1E/NDUFA9/ATP5F1C/NDUFB9/ATP5PF/NDUFS4/VDAC3/NDUFAB1/NDUFA3/NDUFA2","KEGG"
"KEGG_PROTEASOME","KEGG_PROTEASOME",41,0.821771952239,2.26747177250684,2.86881249608511e-09,1.07994238172273e-07,7.45430461931133e-08,889,"tags=56%, list=7%, signal=52%","PSMC6/SEM1/PSMA1/PSMD13/PSMA6/PSMA7/PSMC1/PSMD14/PSME2/POMP/PSMA3/PSMB1/PSMA4/PSMA5/PSMB6/PSMD7/PSMC5/PSMB10/PSMB3/PSMB2/PSMB5/PSMD1/PSMB4","KEGG"
"KEGG_CHEMOKINE_SIGNALING_PATHWAY","KEGG_CHEMOKINE_SIGNALING_PATHWAY",139,-0.626110905906271,-2.079114218559,2.95066224514407e-09,1.07994238172273e-07,7.45430461931133e-08,1804,"tags=32%, list=14%, signal=28%","PIK3R1/PRKCB/PIK3CG/STAT5B/CXCR2/RAC2/CXCL12/WAS/PTK2/ARRB1/ADCY7/NCF1/GNG2/ADCY5/GNG7/PTK2B/GSK3B/ADCY9/SOS1/PRKACA/WASL/PIK3R5/CCL23/LYN/AKT3/ROCK2/RASGRP2/GRK2/VAV3/HCK/CRKL/CCL24/PIK3CD/ELMO1/PLCB3/GNB4/PLCB2/RAP1B/PREX1/CCR1/TIAM1/DOCK2/RELA/CXCL16/VAV1","KEGG"
"KEGG_ADHERENS_JUNCTION","KEGG_ADHERENS_JUNCTION",68,-0.691092022723092,-2.04285993744902,9.74780734421728e-07,2.97308123998627e-05,2.05216996720364e-05,1964,"tags=46%, list=15%, signal=39%","TCF7L2/YES1/FYN/CTNNA3/ACTN4/RAC2/SMAD3/PTPN6/WAS/CSNK2A1/FGFR1/TJP1/MET/PTPRF/SMAD4/ACTB/IGF1R/PTPRM/ACTN1/CTNND1/WASL/SNAI2/PTPN1/PTPRJ/TGFBR2/SORBS1/EP300/PTPRB/CREBBP/IQGAP1/TCF7L1","KEGG"
"KEGG_ALZHEIMERS_DISEASE","KEGG_ALZHEIMERS_DISEASE",132,0.56800246374575,1.87614523516519,1.25236621635849e-06,3.27404310848005e-05,2.2599089618499e-05,1414,"tags=32%, list=11%, signal=29%","UQCRFS1/COX6A1/NDUFB8/CYCS/ATP5PB/COX6B1/NDUFA8/CASP7/NDUFB6/SDHD/UQCRH/COX7B/UQCRB/NDUFB5/ATP5MC2/UQCR11/NDUFA1/NDUFS5/ATP5PO/PSENEN/UQCRQ/COX7C/COX6C/NDUFC1/COX7A1/NDUFS3/CAPN2/NDUFB3/NDUFB2/ATP5F1E/LPL/NDUFA9/ATP5F1C/NDUFB9/NAE1/CALM2/ATP5PF/NDUFS4/NDUFAB1/FADD/NDUFA3/NDUFA2","KEGG"
"KEGG_INSULIN_SIGNALING_PATHWAY","KEGG_INSULIN_SIGNALING_PATHWAY",123,-0.582057252789646,-1.89013639969605,1.67819872600205e-06,3.83887958572969e-05,2.6497874621085e-05,2183,"tags=37%, list=17%, signal=31%","IKBKB/TRIP10/PIK3R3/PCK1/BRAF/PIK3R1/FLOT2/PIK3CG/TSC1/HK1/GYS1/PRKAG2/LIPE/SOCS2/G6PC1/HK2/PCK2/PRKAR2B/PPARGC1A/PHKB/PTPRF/SH2B2/GSK3B/SOS1/PRKACA/MKNK2/PIK3R5/AKT3/PHKA1/IRS1/HK3/PTPN1/CBL/TSC2/CRKL/PIK3CD/PRKCI/PRKAA1/RPTOR/SORBS1/ACACB/RAPGEF1/CALM1/INPP5D/PRKAR1A","KEGG"
"KEGG_AXON_GUIDANCE","KEGG_AXON_GUIDANCE",108,-0.580937983237916,-1.85088567200311,8.02810236046984e-06,0.000163238081329553,0.0001126751208487,2651,"tags=39%, list=21%, signal=31%","ABLIM1/MAPK1/RASA1/SEMA4C/GNAI1/SEMA4B/EPHA2/LIMK1/SEMA5B/ROBO1/NTN3/NFATC3/NTN1/PLXNA1/FYN/PAK2/NFAT5/RAC2/NCK2/SRGAP2/CXCL12/SRGAP3/ITGB1/PLXNA2/PTK2/ARHGEF12/MET/GSK3B/NRP1/PLXNB1/EFNB1/SEMA5A/EPHB4/ROCK2/SEMA4G/ABL1/EFNB2/SEMA6B/SEMA4D/NTN4/PLXNB2/SEMA6A","KEGG"
"KEGG_JAK_STAT_SIGNALING_PATHWAY","KEGG_JAK_STAT_SIGNALING_PATHWAY",92,-0.598763548750113,-1.85727607534664,2.15412811162265e-05,0.000394205444426946,0.000272100393047072,2469,"tags=39%, list=19%, signal=32%","PIAS3/CBLB/IL4R/JAK2/IL13RA2/STAT5A/SPRY3/PIK3R3/CNTFR/PIAS4/IL12RB1/PIK3R1/PIK3CG/STAT5B/SOCS2/IL15RA/PIAS1/CSF2RB/PTPN6/LEPR/LIFR/IL6ST/SOS1/IL2RB/SPRED1/EPOR/PIK3R5/AKT3/CBL/CSF3R/PIK3CD/JAK1/EP300/PRLR/CREBBP/IL10RA","KEGG"
"KEGG_CALCIUM_SIGNALING_PATHWAY","KEGG_CALCIUM_SIGNALING_PATHWAY",101,-0.576993255248222,-1.80657973752028,5.44191550914953e-05,0.000905336852885785,0.000624908957988462,3042,"tags=46%, list=24%, signal=35%","PLCG1/ATP2A1/CACNA1H/EDNRB/ITPR3/AGTR1/ADCY1/PHKA2/PLCD1/GNA14/EGFR/PTAFR/LTB4R2/HTR2B/PDGFRA/GNA15/F2R/P2RX4/PLCG2/PRKCB/ATP2B4/ADRA1B/CAMK4/ATP2B2/ADCY7/CYSLTR1/PHKB/TBXA2R/GNAS/PTK2B/ADCY9/PRKCA/CAMK2D/PRKACA/HRH1/PHKA1/PDE1B/MYLK/ITPKB/PLCB3/PLCB2/CALM1/SLC8A1/ITPR2/NOS3/CD38","KEGG"
"KEGG_CYTOKINE_CYTOKINE_RECEPTOR_INTERACTION","KEGG_CYTOKINE_CYTOKINE_RECEPTOR_INTERACTION",139,-0.520389649076848,-1.72804771228273,7.43589572285228e-05,0.00113397409773497,0.000782725865563398,1574,"tags=23%, list=12%, signal=20%","RELT/IL15RA/CSF2RB/IL17RA/ACVR2A/CXCL12/CSF1/TNFRSF21/LEPR/LIFR/MET/IL6ST/TNFRSF1B/TGFB1/IL2RB/EPOR/CCL23/IL17RB/EDA/CSF3R/CCL24/TNFRSF1A/TGFBR2/CCR1/PRLR/KDR/ACVRL1/IL10RA/CXCL16/CSF1R/FLT1/FLT4","KEGG"
"KEGG_HUNTINGTONS_DISEASE","KEGG_HUNTINGTONS_DISEASE",147,0.508745324248473,1.69435397591005,8.88003930640472e-05,0.00125003630236313,0.000862837827342969,1414,"tags=29%, list=11%, signal=26%","UQCRFS1/COX6A1/NDUFB8/CYCS/ATP5PB/COX6B1/NDUFA8/POLR2G/NDUFB6/SDHD/UQCRH/COX7B/UQCRB/NDUFB5/ATP5MC2/UQCR11/NDUFA1/NDUFS5/ATP5PO/POLR2K/UQCRQ/COX7C/COX6C/NDUFC1/COX7A1/NDUFS3/NDUFB3/BAX/NDUFB2/CREB3/ATP5F1E/NDUFA9/ATP5F1C/NDUFB9/TBPL1/ATP5PF/BBC3/NDUFS4/VDAC3/NDUFAB1/NDUFA3/NDUFA2","KEGG"
"KEGG_PHOSPHATIDYLINOSITOL_SIGNALING_SYSTEM","KEGG_PHOSPHATIDYLINOSITOL_SIGNALING_SYSTEM",65,-0.631559746097919,-1.85365009903735,9.71264829305624e-05,0.00126746357144117,0.000874867003583204,2828,"tags=49%, list=22%, signal=39%","ITPR3/INPP5B/PIP4K2B/PIK3CA/PIK3C2A/PLCD1/SYNJ1/PIKFYVE/PIK3R3/INPP4B/PIK3C2B/INPP4A/PIK3R1/PLCG2/PRKCB/PIK3CG/DGKD/PIP5K1C/DGKG/PIK3C3/PRKCA/PIK3R5/PIP4K2A/PI4KA/ITPKB/PIK3CD/PLCB3/PLCB2/CALM1/CDS2/INPP5D/ITPR2","KEGG"
"KEGG_NATURAL_KILLER_CELL_MEDIATED_CYTOTOXICITY","KEGG_NATURAL_KILLER_CELL_MEDIATED_CYTOTOXICITY",87,-0.577685591850836,-1.77298816541057,0.000103890456675505,0.00126746357144117,0.000874867003583204,2179,"tags=34%, list=17%, signal=29%","SH3BP2/PIK3R3/NFATC3/BRAF/SYK/PIK3R1/FYN/PLCG2/PRKCB/ITGAL/PIK3CG/FCGR3B/NFAT5/RAC2/ICAM2/HLA-E/PTPN6/ICAM1/PTK2B/PRKCA/SOS1/PIK3R5/VAV3/PRF1/PIK3CD/FCER1G/CD244/FCGR3A/LCP2/VAV1","KEGG"
"KEGG_CARDIAC_MUSCLE_CONTRACTION","KEGG_CARDIAC_MUSCLE_CONTRACTION",42,0.681868625571918,1.89268386564026,0.000159607168489043,0.0017181242254997,0.00118593561725605,632,"tags=26%, list=5%, signal=25%","UQCRFS1/COX6A1/COX6B1/UQCRH/COX7B/UQCRB/UQCR11/UQCRQ/COX7C/COX6C/COX7A1","KEGG"
"KEGG_NEUROACTIVE_LIGAND_RECEPTOR_INTERACTION","KEGG_NEUROACTIVE_LIGAND_RECEPTOR_INTERACTION",83,-0.592689470431071,-1.81175883537955,0.00015715603159818,0.0017181242254997,0.00118593561725605,2524,"tags=39%, list=20%, signal=31%","PTAFR/LTB4R2/HTR2B/THRA/PTGER2/PTGER4/S1PR5/CALCRL/F2R/P2RX4/APLNR/PTH1R/GLP2R/S1PR1/ADRA1B/NMUR1/F2RL2/LEPR/LPAR6/CYSLTR1/TBXA2R/P2RY6/ADORA3/P2RY8/FPR1/C3AR1/HRH1/PLG/CHRNE/NPY1R/PRLR/P2RY13","KEGG"
"KEGG_NEUROTROPHIN_SIGNALING_PATHWAY","KEGG_NEUROTROPHIN_SIGNALING_PATHWAY",112,-0.533123453848579,-1.70689296987308,0.000190536529392735,0.00193712138215947,0.00133709845187884,2183,"tags=29%, list=17%, signal=24%","IKBKB/PIK3R3/ARHGDIB/BRAF/RPS6KA2/PIK3R1/PLCG2/PIK3CG/FRS2/CAMK4/MAP3K1/SH2B2/GSK3B/TRAF6/CAMK2D/YWHAE/SOS1/TP53/KIDINS220/MAP3K3/PIK3R5/AKT3/IRS1/ABL1/CRKL/GAB1/PIK3CD/IRAK3/RAP1B/RAPGEF1/CALM1/RELA","KEGG"
"KEGG_LEISHMANIA_INFECTION","KEGG_LEISHMANIA_INFECTION",55,-0.644640812884712,-1.84735105258865,0.000271308009244772,0.00261312451009438,0.00180370975675194,2660,"tags=44%, list=21%, signal=35%","ITGAM/MAPK1/NCF4/HLA-DPA1/ITGA4/CYBA/FCGR2A/TGFB3/JAK2/C3/PRKCB/FCGR3B/PTPN6/ITGB1/NCF1/TRAF6/TGFB1/TAB1/TLR4/MARCKSL1/JAK1/FCGR3A/RELA/CR1","KEGG"
"KEGG_MELANOGENESIS","KEGG_MELANOGENESIS",71,-0.577633666328159,-1.70719503476244,0.00032054356501976,0.0029329736199308,0.00202448567380901,1062,"tags=24%, list=8%, signal=22%","ADCY7/GNAO1/GNAS/DVL3/ADCY5/GSK3B/ADCY9/PRKCA/CAMK2D/PRKACA/PLCB3/FZD5/PLCB2/EP300/CALM1/CREBBP/TCF7L1","KEGG"
"KEGG_CELL_ADHESION_MOLECULES_CAMS","KEGG_CELL_ADHESION_MOLECULES_CAMS",101,-0.540773159331686,-1.6931737474525,0.00040320470047224,0.00351364096125809,0.00242529143141197,1460,"tags=24%, list=11%, signal=21%","CD274/ESAM/ICAM2/PTPRC/HLA-E/ITGB1/ICAM1/CD86/NCAM1/ITGA9/PTPRF/SELPLG/PECAM1/PTPRM/CLDN23/OCLN/CD4/PDCD1LG2/GLG1/CDH2/SDC3/SIGLEC1/CDH5/VCAM1","KEGG"
"KEGG_FC_EPSILON_RI_SIGNALING_PATHWAY","KEGG_FC_EPSILON_RI_SIGNALING_PATHWAY",61,-0.608968178360482,-1.77096778590705,0.000676653358998285,0.00558092776335509,0.00385223659247979,1805,"tags=31%, list=14%, signal=27%","SYK/PIK3R1/FYN/PLCG2/PRKCB/PIK3CG/GAB2/RAC2/PRKCA/SOS1/PIK3R5/LYN/AKT3/VAV3/PIK3CD/FCER1G/LCP2/INPP5D/VAV1","KEGG"
"KEGG_SPLICEOSOME","KEGG_SPLICEOSOME",123,0.494757540747989,1.61803226592792,0.000701428079547361,0.00558092776335509,0.00385223659247979,2244,"tags=32%, list=18%, signal=26%","SF3B6/LSM6/SNRPF/LSM5/SNRPD2/LSM8/SRSF3/PHF5A/SRSF8/BUD31/BCAS2/PPIL1/SNRPB/ZMAT2/SYF2/SNRPB2/SNRPA1/CCDC12/SF3B5/CWC15/MAGOHB/SNRPE/RBM25/PPIH/NCBP2/LSM2/SLU7/ISY1/LSM4/PRPF38B/SRSF10/LSM7/PRPF40A/DDX46/HNRNPC/PRPF38A/THOC2/SRSF7/PRPF6","KEGG"
"KEGG_T_CELL_RECEPTOR_SIGNALING_PATHWAY","KEGG_T_CELL_RECEPTOR_SIGNALING_PATHWAY",88,-0.530711843598405,-1.6278547164728,0.00117957355554108,0.00899424836100074,0.00620828187126885,2183,"tags=41%, list=17%, signal=34%","MAP2K7/NFATC2/FOS/CARD11/NFKB1/ZAP70/PAK1/NFATC1/PLCG1/MAP2K1/PIK3CA/MAP3K14/MAPK1/CBLB/IKBKB/PIK3R3/NFATC3/PIK3R1/FYN/PIK3CG/PAK2/NFAT5/NCK2/PTPRC/PTPN6/GSK3B/SOS1/PIK3R5/AKT3/CD4/CBL/VAV3/PIK3CD/LCP2/RELA/VAV1","KEGG"
"KEGG_PATHWAYS_IN_CANCER","KEGG_PATHWAYS_IN_CANCER",259,-0.404782209104169,-1.44188593214277,0.00158780697464169,0.0116227470543771,0.00802260366134747,2213,"tags=31%, list=17%, signal=26%","PIAS3/PLD1/CBLB/PML/RUNX1/CTBP1/TGFB3/PDGFRA/FN1/RARB/IKBKB/RALB/STAT5A/PIK3R3/PIAS4/TCF7L2/APPL1/RARA/BRAF/LAMC1/IGF1/PIK3R1/PLCG2/PRKCB/PIK3CG/STAT5B/CTBP2/EGLN3/CTNNA3/FZD4/APC/PIAS1/RAC2/SMAD3/FGFR3/ITGB1/RXRA/FGFR1/TPM3/PTK2/HDAC1/MET/PTCH1/SMAD4/DVL3/IGF1R/GSK3B/TRAF6/TGFB1/PRKCA/SPI1/SOS1/MAX/TP53/DAPK1/HIF1A/PIK3R5/AKT3/SKP2/ABL1/CBL/CSF3R/SUFU/CRKL/ARNT/PIK3CD/JUP/FZD5/TPR/TGFBR2/JAK1/CCDC6/EPAS1/RASSF5/EP300/ETS1/CREBBP/RELA/TCF7L1/STK4/CSF1R","KEGG"
"KEGG_DNA_REPLICATION","KEGG_DNA_REPLICATION",34,0.667911828837451,1.76757551023875,0.00176172934680232,0.0123998642486471,0.00855900897231898,1643,"tags=29%, list=13%, signal=26%","PCNA/RPA3/POLE3/RFC4/POLE4/RNASEH2B/FEN1/SSBP1/RFC2/MCM4","KEGG"
"KEGG_ACUTE_MYELOID_LEUKEMIA","KEGG_ACUTE_MYELOID_LEUKEMIA",54,-0.596500401567512,-1.70494575231504,0.00197703866901966,0.0127074677060483,0.00877133232514118,2917,"tags=43%, list=23%, signal=33%","STAT3/MAP2K1/PIK3CA/MAPK1/PML/RUNX1/IKBKB/STAT5A/PIK3R3/TCF7L2/RARA/BRAF/PIK3R1/PIK3CG/STAT5B/SPI1/SOS1/PIK3R5/AKT3/PIK3CD/JUP/RELA/TCF7L1","KEGG"
"KEGG_WNT_SIGNALING_PATHWAY","KEGG_WNT_SIGNALING_PATHWAY",115,-0.487508801416549,-1.56981044442535,0.00201189992110115,0.0127074677060483,0.00877133232514118,1989,"tags=30%, list=16%, signal=25%","NFATC3/TCF7L2/TBL1X/CUL1/PRKCB/CTBP2/VANGL1/FZD4/APC/NFAT5/RAC2/SMAD3/CSNK2A1/LRP6/CHD8/SMAD4/DVL3/PRICKLE2/GSK3B/PRKCA/CAMK2D/DAAM2/PRKACA/TP53/ROCK2/PLCB3/FZD5/PLCB2/LRP5/CSNK1A1/EP300/TBL1XR1/CREBBP/TCF7L1","KEGG"
"KEGG_ENDOCYTOSIS","KEGG_ENDOCYTOSIS",164,-0.449768298286789,-1.51748657020127,0.00201375171298033,0.0127074677060483,0.00877133232514118,2482,"tags=33%, list=19%, signal=27%","PIKFYVE/PLD1/CBLB/RAB11FIP3/RAB11A/AGAP2/SRC/PARD6B/ARAP2/PDGFRA/VPS4B/DNM2/AP2A1/F2R/SH3GL1/DNM1/CXCR2/EHD1/ASAP1/GIT1/HGS/ACAP2/RAB31/SMAP2/EPS15/FGFR3/PIP5K1C/RAB11B/HLA-E/ARRB1/IQSEC3/FGFR4/MET/ITCH/IGF1R/MVB12B/IQSEC1/TRAF6/SMURF1/IL2RB/ASAP2/RUFY1/ARAP3/AP2A2/CBL/GRK2/DAB2/AGAP1/PRKCI/EHD3/GIT2/KDR/CSF1R/FLT1","KEGG"
"KEGG_NUCLEOTIDE_EXCISION_REPAIR","KEGG_NUCLEOTIDE_EXCISION_REPAIR",41,0.623924570960362,1.72156198440636,0.00250303976772568,0.0152685425831267,0.0105391148114766,1542,"tags=32%, list=12%, signal=28%","PCNA/RPA3/POLE3/RFC4/POLE4/RBX1/GTF2H3/XPA/CETN2/MNAT1/RFC2/CCNH/GTF2H5","KEGG"
"KEGG_RENAL_CELL_CARCINOMA","KEGG_RENAL_CELL_CARCINOMA",64,-0.556994214931376,-1.62735792818467,0.00341876738261229,0.0184010126770014,0.0127013029694574,1895,"tags=33%, list=15%, signal=28%","BRAF/PIK3R1/PIK3CG/EGLN3/PAK2/MET/TGFB1/SOS1/HIF1A/PIK3R5/AKT3/CRKL/ARNT/GAB1/PIK3CD/RAP1B/RAPGEF1/EPAS1/EP300/ETS1/CREBBP","KEGG"
"KEGG_B_CELL_RECEPTOR_SIGNALING_PATHWAY","KEGG_B_CELL_RECEPTOR_SIGNALING_PATHWAY",70,-0.541257797271084,-1.6026527998939,0.00319066913378568,0.0184010126770014,0.0127013029694574,2183,"tags=30%, list=17%, signal=25%","IKBKB/PIK3R3/NFATC3/SYK/PIK3R1/PLCG2/PRKCB/PIK3CG/NFAT5/RAC2/PTPN6/GSK3B/SOS1/PIK3R5/LYN/AKT3/VAV3/PIK3CD/INPP5D/RELA/VAV1","KEGG"
"KEGG_CHRONIC_MYELOID_LEUKEMIA","KEGG_CHRONIC_MYELOID_LEUKEMIA",67,-0.540978427692353,-1.59704055137391,0.00330111749292725,0.0184010126770014,0.0127013029694574,2740,"tags=46%, list=21%, signal=37%","MAP2K1/CDK6/PIK3CA/MAPK1/CBLB/RUNX1/CTBP1/TGFB3/IKBKB/STAT5A/PIK3R3/BRAF/PIK3R1/PIK3CG/STAT5B/GAB2/CTBP2/SMAD3/HDAC1/SMAD4/TGFB1/SOS1/TP53/PIK3R5/AKT3/ABL1/CBL/CRKL/PIK3CD/TGFBR2/RELA","KEGG"
"KEGG_FOCAL_ADHESION","KEGG_FOCAL_ADHESION",166,-0.431696079113187,-1.45925190518246,0.00335191434082785,0.0184010126770014,0.0127013029694574,2275,"tags=30%, list=18%, signal=25%","SRC/PDGFRA/FN1/ZYX/ITGB3/PIK3R3/ILK/BRAF/ITGA1/LAMC1/IGF1/PIK3R1/FYN/PRKCB/PIK3CG/CHAD/PAK2/ACTN4/TNN/RAC2/PIP5K1C/DOCK1/ITGB1/PTK2/ITGA9/FLNB/MET/ACTB/IGF1R/GSK3B/RELN/PRKCA/SOS1/ACTN1/DIAPH1/PIK3R5/AKT3/ROCK2/MYLK/ARHGAP35/VAV3/CRKL/TLN1/PIK3CD/RAP1B/RAPGEF1/KDR/FLT1/VAV1/FLT4","KEGG"
"KEGG_TYPE_II_DIABETES_MELLITUS","KEGG_TYPE_II_DIABETES_MELLITUS",33,-0.640197844546421,-1.66208302698167,0.00371252480307544,0.019411201113223,0.0133985857554602,3229,"tags=52%, list=25%, signal=39%","PRKCD/PKLR/SOCS1/PIK3CA/MAPK1/IKBKB/PIK3R3/PIK3R1/PIK3CG/HK1/SLC2A2/SOCS2/HK2/PIK3R5/IRS1/HK3/PIK3CD","KEGG"
"KEGG_ENDOMETRIAL_CANCER","KEGG_ENDOMETRIAL_CANCER",47,-0.593692732216288,-1.66925431718625,0.00393595926105458,0.0200077929103608,0.0138103833721213,2847,"tags=43%, list=22%, signal=33%","MAP2K1/CTNNB1/PIK3CA/MAPK1/EGFR/PIK3R3/ILK/TCF7L2/BRAF/PIK3R1/PIK3CG/CTNNA3/APC/GSK3B/SOS1/TP53/PIK3R5/AKT3/PIK3CD/TCF7L1","KEGG"
"KEGG_LEUKOCYTE_TRANSENDOTHELIAL_MIGRATION","KEGG_LEUKOCYTE_TRANSENDOTHELIAL_MIGRATION",97,-0.491079383928946,-1.53199423405152,0.00433642851067094,0.0208833267750732,0.0144147208110945,1876,"tags=35%, list=15%, signal=30%","RAPGEF3/PIK3R1/PLCG2/PRKCB/ITGAL/PIK3CG/CTNNA3/ACTN4/ESAM/RAC2/CXCL12/ITGB1/ICAM1/PTK2/NCF1/PECAM1/ACTB/PTK2B/PRKCA/CLDN23/ACTN1/CTNND1/PIK3R5/OCLN/ROCK2/ARHGAP35/VAV3/PIK3CD/RAP1B/RASSF5/CYBB/VAV1/CDH5/VCAM1","KEGG"
"KEGG_REGULATION_OF_ACTIN_CYTOSKELETON","KEGG_REGULATION_OF_ACTIN_CYTOSKELETON",162,-0.429283936555016,-1.44690444354044,0.00426229209929734,0.0208833267750732,0.0144147208110945,2355,"tags=35%, list=18%, signal=29%","GNG12/FGD3/LIMK1/ARHGEF4/PDGFRA/FN1/ITGB3/PIK3R3/CYFIP2/BRAF/ITGA1/F2R/PIK3R1/ITGAL/PIK3CG/DIAPH2/GIT1/APC/PAK2/ACTN4/RAC2/FGFR3/PIP5K1C/DOCK1/ITGB1/WAS/FGFR1/PTK2/ARHGEF12/ITGA9/IQGAP2/FGFR4/ACTB/SOS1/ACTN1/SSH3/WASL/DIAPH1/PIK3R5/MYH9/NCKAP1L/ROCK2/MYLK/ARHGEF6/ARHGAP35/VAV3/SSH1/ITGAD/PIP4K2A/CRKL/PIK3CD/MYH10/TIAM1/SSH2/CYFIP1/IQGAP1/VAV1","KEGG"
"KEGG_PROTEIN_EXPORT","KEGG_PROTEIN_EXPORT",23,0.684490430581137,1.66225833980128,0.00558301880883591,0.0261972421029993,0.018082652012424,1257,"tags=39%, list=10%, signal=35%","SPCS1/SRP19/SRPRB/SRP9/SEC61B/IMMP2L/SEC11C/HSPA5/SPCS2","KEGG"
"KEGG_LONG_TERM_POTENTIATION","KEGG_LONG_TERM_POTENTIATION",51,-0.575376032061618,-1.63863951219096,0.00599653226573287,0.0267650098690028,0.0184745538353773,1895,"tags=29%, list=15%, signal=25%","BRAF/RAPGEF3/RPS6KA2/PRKCB/CAMK4/PRKCA/CAMK2D/PRKACA/PLCB3/PLCB2/RAP1B/EP300/CALM1/CREBBP/ITPR2","KEGG"
"KEGG_GNRH_SIGNALING_PATHWAY","KEGG_GNRH_SIGNALING_PATHWAY",75,-0.516099340644456,-1.54796393914799,0.00592110518772637,0.0267650098690028,0.0184745538353773,1062,"tags=20%, list=8%, signal=18%","ADCY7/MAP3K1/GNAS/ADCY5/PTK2B/ADCY9/PRKCA/CAMK2D/SOS1/PRKACA/MAP3K3/PLCB3/PLCB2/CALM1/ITPR2","KEGG"
"KEGG_ARRHYTHMOGENIC_RIGHT_VENTRICULAR_CARDIOMYOPATHY_ARVC","KEGG_ARRHYTHMOGENIC_RIGHT_VENTRICULAR_CARDIOMYOPATHY_ARVC",48,-0.573926009138683,-1.62333575518514,0.00814618468973458,0.0354940904338435,0.0244998035781491,2256,"tags=35%, list=18%, signal=29%","ITGA4/DMD/DAG1/ITGB3/TCF7L2/ITGA1/CTNNA3/ACTN4/ITGB1/ITGA9/ACTB/ACTN1/DSC2/JUP/SLC8A1/CDH2/TCF7L1","KEGG"
"KEGG_ALDOSTERONE_REGULATED_SODIUM_REABSORPTION","KEGG_ALDOSTERONE_REGULATED_SODIUM_REABSORPTION",29,-0.632508743120086,-1.59238104219929,0.00900571577448792,0.0369081121444275,0.0254758323688887,2738,"tags=52%, list=21%, signal=41%","PIK3CA/ATP1B1/MAPK1/NR3C2/PIK3R3/NHERF2/IGF1/PIK3R1/PRKCB/PIK3CG/PRKCA/PIK3R5/IRS1/ATP1B2/PIK3CD","KEGG"
"KEGG_P53_SIGNALING_PATHWAY","KEGG_P53_SIGNALING_PATHWAY",55,0.545047693569676,1.58957555690933,0.00878664696302299,0.0369081121444275,0.0254758323688887,2582,"tags=42%, list=20%, signal=34%","CYCS/TP53I3/RRM2/BAX/CCNB1/CDK1/CDKN1A/PERP/COP1/BBC3/CHEK1/EI24/CDK4/MDM2/ZMAT3/CASP8/CCNG1/DDB2/SHISA5/CCNG2/FAS/GADD45A/SERPINE1","KEGG"
"KEGG_TGF_BETA_SIGNALING_PATHWAY","KEGG_TGF_BETA_SIGNALING_PATHWAY",70,-0.508942564540973,-1.50696808463391,0.0090757652814166,0.0369081121444275,0.0254758323688887,1406,"tags=23%, list=11%, signal=20%","SMAD3/ACVR2A/RBL2/ZFYVE16/SMAD4/TGFB1/SMURF1/SMAD6/ROCK2/TGFBR2/EP300/BMP6/E2F4/CREBBP/ACVRL1/SP1","KEGG"
"KEGG_ERBB_SIGNALING_PATHWAY","KEGG_ERBB_SIGNALING_PATHWAY",72,-0.506010802108346,-1.50401047079996,0.00938082595847331,0.037319372834796,0.0257597051491258,2607,"tags=39%, list=20%, signal=31%","MAP2K1/PIK3CA/MAPK1/EGFR/CBLB/SRC/STAT5A/PIK3R3/BRAF/PIK3R1/PLCG2/PRKCB/PIK3CG/STAT5B/PAK2/NCK2/PTK2/GSK3B/PRKCA/CAMK2D/SOS1/PIK3R5/AKT3/ABL1/CBL/CRKL/GAB1/PIK3CD","KEGG"
"KEGG_NOTCH_SIGNALING_PATHWAY","KEGG_NOTCH_SIGNALING_PATHWAY",43,-0.592710521106195,-1.636585605026,0.0106010706654684,0.0404165819120983,0.0278975543828116,2641,"tags=47%, list=21%, signal=37%","MAML2/SNW1/DTX3L/NUMB/CTBP1/NCSTN/ADAM17/MFNG/CTBP2/NOTCH2/HDAC1/MAML3/DVL3/DLL4/NOTCH4/MAML1/NOTCH1/EP300/CREBBP/NCOR2","KEGG"
"KEGG_COMPLEMENT_AND_COAGULATION_CASCADES","KEGG_COMPLEMENT_AND_COAGULATION_CASCADES",66,-0.506357323096483,-1.49581805337735,0.0104058928234417,0.0404165819120983,0.0278975543828116,2946,"tags=42%, list=23%, signal=33%","C4A/F11/C8A/KLKB1/SERPINC1/PROS1/C9/F9/CFH/C6/KNG1/C4B/C3/F2R/F5/MASP2/CD55/C1QA/MASP1/F8/F7/C3AR1/PLG/C5/C1QB/CFD/C1QC/CR1","KEGG"
"KEGG_MAPK_SIGNALING_PATHWAY","KEGG_MAPK_SIGNALING_PATHWAY",198,-0.384815663219277,-1.32844862583193,0.0112314950106309,0.041946195651948,0.0289533705966854,1418,"tags=16%, list=11%, signal=15%","RAC2/TAOK2/FGFR3/FGFR1/ARRB1/FGFR4/FLNB/MAP3K1/MAP3K6/TRAF6/TGFB1/PRKCA/TAB1/SOS1/MAX/RAPGEF2/PRKACA/MKNK2/TP53/MAP3K3/AKT3/RASGRP2/CRKL/DUSP10/TNFRSF1A/NF1/TGFBR2/RASGRP4/RAP1B/RELA/DUSP7/STK4","KEGG"
"KEGG_PANCREATIC_CANCER","KEGG_PANCREATIC_CANCER",63,-0.52215160392349,-1.5229505177566,0.0120686257321613,0.0441711701797102,0.0304891597444074,2917,"tags=41%, list=23%, signal=32%","STAT3/MAP2K1/CDK6/PIK3CA/MAPK1/EGFR/PLD1/TGFB3/IKBKB/RALB/PIK3R3/BRAF/PIK3R1/PIK3CG/RAC2/SMAD3/SMAD4/TGFB1/TP53/PIK3R5/AKT3/ARHGEF6/PIK3CD/TGFBR2/JAK1/RELA","KEGG"
"KEGG_PYRIMIDINE_METABOLISM","KEGG_PYRIMIDINE_METABOLISM",89,0.468569288386433,1.46346042825353,0.0134497170106842,0.0482607492736315,0.0333119925961218,1423,"tags=19%, list=11%, signal=17%","POLR3GL/POLR1H/POLR2G/POLE3/TYMS/ITPA/POLE4/RRM2/POLR2K/TK1/NME1/NME6/DUT/DTYMK/NT5C3A/UPP2/CMPK1","KEGG"
"GOBP_BLOOD_VESSEL_MORPHOGENESIS","GOBP_BLOOD_VESSEL_MORPHOGENESIS",498,-0.543210779570382,-2.029005351047,3.8776435513164e-17,1.77169533859646e-13,1.31309255837735e-13,2177,"tags=32%, list=17%, signal=28%","VASH1/ADGRG6/CD36/VPS4B/ROBO1/MYO1E/ADAMTS9/NPR2/RIN2/DAG1/ITGB3/PIK3R3/FOXJ2/CUL7/TAL1/NFATC3/HDAC7/CALCRL/BMPR2/GPR4/HIF1AN/PTGIS/RAPGEF3/ELK3/SYK/APLNR/FYN/PRKCB/PIK3CG/HDAC5/ATP2B4/ANGPTL6/APOB/PXDN/HEY2/FZD4/NOTCH2/RHOJ/TIE1/RORA/HGS/FOXF1/TNN/PKD2/TEAD2/KLF2/ZNF354C/HK2/S1PR1/PTPN6/GATA4/HOXA5/ITGB1/GPLD1/NPRL3/FGFR1/CLIC4/TJP1/LEPR/PTK2/STIM1/HEG1/QKI/ALOX5/ANPEP/TBXA2R/MED1/B4GALT1/PECAM1/MECP2/PTK2B/PTPRM/TGFB1/PRKCA/SPI1/WNK1/NRP1/SLC12A6/SOS1/AGO1/RAPGEF2/PROX1/CTNND1/AMOTL2/MMRN2/SPRED1/C3AR1/SEMA5A/HIF1A/ZMIZ1/EPHB4/MYH9/AMOTL1/MMRN1/AKT3/MEGF8/DLL4/NOTCH4/HDAC9/PPP1R16B/JCAD/ROCK2/HIPK1/MYLK/ABL1/NOTCH1/ANGPT2/EFNB2/VAV3/CCL24/GAB1/NRARP/PTPRJ/PIK3CD/AGO2/NF1/JUP/FZD5/TGFBR2/JAK1/RASIP1/CD93/LRP5/FMNL3/BMPER/TGFBR3/LRP1/EPAS1/SOX18/ADGRF5/ENG/ROBO4/PTPRB/NPR1/ETS1/HSPG2/SASH1/PLXND1/TSPAN18/RELA/CYBB/STAB2/CDH2/TEK/NOS3/KDR/STAB1/HMOX1/ACVRL1/SP1/GTF2I/SEMA6A/STK4/FLT1/CITED2/FLT4/NRP2/HIPK2/CDH5","GO_BP"
"GOBP_CELL_PROJECTION_MORPHOGENESIS","GOBP_CELL_PROJECTION_MORPHOGENESIS",475,-0.535709029953489,-1.99465093992843,1.04252610771967e-15,2.38165089308558e-12,1.76516130975483e-12,2476,"tags=33%, list=19%, signal=28%","ZDHHC17/SEMA4B/TMEM106B/NDEL1/ITGA4/NUMB/USP33/ULK1/DISC1/CLASP2/CD2AP/CUX1/LIMK1/SRC/PARD6B/ADCY10/OBSL1/FN1/ANK3/AUTS2/SEMA5B/KIF1A/PPP1R12B/LRP4/ROBO1/NPR2/SPRY3/DAG1/CYFIP2/CUL7/NTN3/DNM2/NTN1/TRIO/B3GNT2/FEZ1/ADAM17/BMPR2/BRAF/ITGA1/ARHGEF40/CTTN/PDLIM5/PLXNA1/MEF2A/PALLD/FYN/SZT2/B4GALT5/TOP2B/WEE1/EVL/STXBP1/SPG11/FZD4/NOTCH2/TRAK2/TANC2/PAK2/SPTBN4/ATP7A/SIPA1L1/TNN/NEFH/VPS13A/TAOK2/SRGAP2/ZNF335/CXCL12/FBXW8/ITGB1/ZEB2/KALRN/FARP1/NCAM1/PTK2/ARHGAP4/LLGL1/DOCK10/PTCH1/USP9X/KIF13B/NRN1/OLFM1/ABI3/KANK1/SMAD4/DVL3/MACF1/ACTB/COBL/PREX2/ALS2/GSK3B/RELN/PTPRM/ECE1/PRKCA/CD44/NRP1/APBB2/MYO16/PLXNB1/SMURF1/SOS1/CUX2/GPM6A/RAPGEF2/MAP1S/CORO1B/RAPH1/KIDINS220/EFNB1/PTPRO/SLC23A2/WASL/SEMA5A/MEGF8/NCKAP1L/APP/SEMA4G/ABL1/RREB1/RAB8A/NOTCH1/ARHGAP35/TRPC5/EFNB2/MYO9B/TNIK/PTPRJ/SEMA6B/SCN1B/SEMA4D/SPAG9/DICER1/UBB/EEF2K/NOVA2/MYH10/YTHDF1/HECW2/NTN4/TIAM1/SHANK3/PTPRS/APLP2/ROBO4/CYFIP1/PLXND1/PLXNB2/SIN3A/MINK1/IQGAP1/SEMA6A/CSF1R/EPB41L3/RERE/NRP2","GO_BP"
"GOBP_CYTOPLASMIC_TRANSLATION","GOBP_CYTOPLASMIC_TRANSLATION",157,0.677586399020842,2.28190413226095,1.09140324006669e-14,1.24665535096618e-11,9.23959006130146e-12,2161,"tags=43%, list=17%, signal=36%","RPL21/RPL9/RPS27A/RPS26/RPS7/RPL34/RPL7/RPL17/RPL26/RPS14/EIF2S2/RPL27A/RPS12/EIF3J/RPS17/RPL23A/EIF3K/RPS3/MCTS1/ETF1/RPS11/HNRNPD/RWDD1/RPS18/RPS24/RPS19/RPL6/RPS13/RPL32/RPL15/EIF3C/RPL37/RPL22L1/RPL37A/RPL31/RPL11/ZC3H15/RPL36/NEMF/EIF2B4/RPSA/RPLP1/EIF3H/YTHDF2/NCBP2/DHX29/EIF3M/RPL22/RPS4X/RPL24/RPL8/RPL12/FTSJ1/EIF2B3/RPS8/RPL5/RPS3A/RPS6/RPS2/EIF2B1/RPL35A/EIF2D/HHEX/ALKBH3/RBM4/EEF1D/RPL7A","GO_BP"
"GOBP_G_PROTEIN_COUPLED_RECEPTOR_SIGNALING_PATHWAY","GOBP_G_PROTEIN_COUPLED_RECEPTOR_SIGNALING_PATHWAY",447,-0.533842758027969,-1.98371968274582,9.864807061331e-15,1.24665535096618e-11,9.23959006130146e-12,2446,"tags=34%, list=19%, signal=28%","USP33/ADGRE5/HTR2B/GNGT2/HOMER3/ADGRL2/PALM/TULP3/GNG12/RGS18/JAK2/TMOD2/SRC/PTGER2/NCSTN/C3/ADCY10/BAIAP3/XCR1/ADGRG6/STAT5A/ROBO1/GPER1/GPR158/ITGB3/PTGER4/RGS7BP/MGRN1/GNA15/HOMER2/S1PR5/GPR75/CALCRL/GPR4/F2R/RAPGEF3/APLNR/FYN/PRKCB/PIK3CG/AKAP6/CXCR2/ATRNL1/PTH1R/PSAP/ATP2B4/GPR82/GIT1/FZD4/ADGRA3/GPR88/FRS2/PKD2/RAC2/DGKD/PDE4B/ACKR2/GPR146/CXCL12/GLP2R/S1PR1/ADGRA1/PTPN6/ADRA1B/PRKAR2B/PDCL/PLEK/NMUR1/F2RL2/GPBAR1/RPH3AL/ARRB1/LPAR6/ARHGEF12/DGKG/IQGAP2/ADCY7/CYSLTR1/GNAO1/MET/TBXA2R/P2RY6/GNAS/RGS19/GPR160/GNG2/ADCY5/GNG7/PREX2/PTK2B/GSK3B/ADORA3/ADCY9/ECE1/PRKCA/P2RY8/RGS5/WNK1/FPR1/RAPGEF2/ACE/PRKACA/C3AR1/AKAP13/GPR65/IGF2R/HIF1A/PIK3R5/CCL23/HRH1/LYN/ZDHHC7/GPR34/SUCNR1/KCNQ1/C5/APP/ROCK2/NPY1R/ABL1/GRK2/GPR182/CRKL/CCL24/HCAR3/PLCB3/FZD5/ADGRE1/ADGRL4/GNB4/PLCB2/RASGRP4/P2RY12/ABCA1/PREX1/ADGRF5/CCR1/CALM1/HCAR2/APLP2/CMKLR1/NPR1/GIT2/RELA/PDE2A/LPAR5/AKAP12/VAV1/PRKAR1A/P2RY13/MARCO","GO_BP"
"GOBP_OXIDATIVE_PHOSPHORYLATION","GOBP_OXIDATIVE_PHOSPHORYLATION",122,0.711457918991903,2.30792161709296,4.8295432418683e-14,4.3738464689128e-11,3.24167768842485e-11,1414,"tags=40%, list=11%, signal=36%","UQCRFS1/COX6A1/NDUFB8/CYCS/ATP5PB/COX6B1/ATP5MG/NDUFA8/UQCC2/NDUFB6/SDHAF2/SDHD/UQCRH/COX7B/UQCRB/NDUFB5/TEFM/SLC25A33/UQCR11/COA6/NDUFA1/NDUFS5/PARK7/ATP5PO/UQCRQ/ATP5ME/COX7C/COX6C/NDUFC1/COX7A1/NDUFS3/NDUFB3/CCNB1/NDUFB2/NDUFAF1/CDK1/ATP5F1E/NDUFA9/ATP5IF1/ATP5F1C/NDUFB9/MACROH2A1/TMEM135/ATP5PF/DGUOK/NDUFS4/NDUFAB1/NDUFA3/NDUFA2","GO_BP"
"GOBP_RIBONUCLEOPROTEIN_COMPLEX_BIOGENESIS","GOBP_RIBONUCLEOPROTEIN_COMPLEX_BIOGENESIS",442,0.522998263491448,1.94757377507229,5.74372484427157e-14,4.3738464689128e-11,3.24167768842485e-11,2400,"tags=34%, list=19%, signal=29%","RPS27A/RPL7L1/RPS27L/RPS7/NOP10/RPL7/RPL26/RPS14/EIF2S2/RBIS/SF3B6/RPS12/LSM6/RBMX2/EIF3J/RPS17/EIF1AX/FCF1/EIF3K/SNRPF/SNRPD2/MCTS1/NOP58/RPS11/DCAF13/FRG1/TAF9/MRTO4/RPS24/MRPS7/PHF5A/RPS19/RPS13/RPP38/PAK1IP1/ESF1/FBL/MPHOSPH6/RPF1/EXOSC9/NIP7/LTV1/DKC1/MTERF3/TSR2/EIF3C/MPV17L2/EXOSC8/HSP90AA1/SNRPB/CD2BP2/PIN4/GEMIN7/UTP3/SNRPB2/SNRPA1/RPL11/TSSC4/SF3B5/UTP18/NSA2/EXOSC3/LUC7L3/HTATSF1/GAR1/GTF3A/EMG1/METTL5/RPSA/POP4/TARBP2/EIF3H/DDX10/HEATR3/SNRPE/YTHDF2/DDX1/DHX29/PNO1/ZRSR2/LSM2/PES1/WDR46/EIF3M/SLU7/ZNHIT3/RSL24D1/USP16/GNL2/NHP2/RPS4X/RPL24/BYSL/ISY1/LSM4/RIOX2/RCL1/POP5/MPHOSPH10/SBDS/SRSF10/EXOSC1/RRP7A/GTF2H5/RPS8/EBNA1BP2/PIH1D1/NOPCHAP1/RRP36/HSP90AB1/DDX21/REXO5/RPF2/BRIX1/RPL5/MRM2/RPS3A/RPS6/DDX52/BUD23/DDX18/METTL18/ERAL1/ISG20/UTP11/DDX46/RIOK1/RPL35A/GEMIN6/NGDN/RBFA/EIF2D/RPP30/NOL3/GEMIN2/RPL7A/CLNS1A/TFB2M/PSIP1/PRPF6/RRP9/AAR2/NOL8/GLUL/TMA16/UTP23/SNRPD1/MYG1/AIRIM/UTP6","GO_BP"
"GOBP_CIRCULATORY_SYSTEM_PROCESS","GOBP_CIRCULATORY_SYSTEM_PROCESS",423,-0.528605328096867,-1.95271208059263,2.41793472442177e-13,1.57822053655472e-10,1.16969864788945e-10,2370,"tags=33%, list=19%, signal=28%","HCN3/GPX1/SLC27A1/THRA/SLC2A3/NCALD/KNG1/KCNK3/SRC/NR2F2/DMD/KCNJ12/MME/GAA/ABCG2/ADCY10/BBS2/CD36/LNPEP/CYP4A11/NPR2/GPER1/DOCK4/BMPR2/GPR4/ITGA1/F2R/F5/ABCB1/P2RX4/MEF2A/YES1/SLCO2B1/RPS6KA2/FYN/PIK3CG/TMEM65/RASL10B/ABCA2/ATP2B4/CTNNA3/HEY2/MYOF/SLC1A5/SPTBN4/SMAD3/PDE4B/PER2/KLF2/NUP155/CXCL12/ZMPSTE24/ATP8A1/ADRA1B/ABAT/GATA4/TMIGD3/KCNMB4/ITGB1/SLC6A6/FERMT2/ZEB2/TJP1/LEPR/KCND3/ABCC2/ITGA9/ATP2B2/HEG1/GNAO1/ANPEP/SLC6A1/TBXA2R/SLC7A2/PECAM1/GUCY1A1/MECP2/KCNMA1/ABCC1/ABCC9/ADORA3/ECE1/TGFB1/CAMK2D/YWHAE/WNK1/ACE/PRKACA/CLIC2/ADD3/C3AR1/PTPRO/SLC23A2/SLC15A2/HRH1/DSC2/OCLN/SUCNR1/KCNQ1/ARHGAP42/APP/PTPN1/PPARA/FLI1/ROCK2/NPY1R/ABL1/GRK2/ARHGAP35/ATP1B2/PLEC/GAB1/PTPRJ/SCN1B/JUP/PLCB3/BMP10/LRP5/SLC16A1/TBXAS1/LRP1/EPAS1/CPS1/CALM1/EHD3/ENG/SLC8A1/BMP6/NPR1/E2F4/TJP2/TEK/NOS3/CD38/PDE2A/KCNJ2/ACVRL1/AKAP12/SLC7A8/CDH5","GO_BP"
"GOBP_CELL_MORPHOGENESIS_INVOLVED_IN_NEURON_DIFFERENTIATION","GOBP_CELL_MORPHOGENESIS_INVOLVED_IN_NEURON_DIFFERENTIATION",420,-0.522746036335075,-1.93046467566103,5.13763611401596e-13,2.93423242561736e-10,2.17470728668281e-10,2478,"tags=33%, list=19%, signal=27%","UNK/ZDHHC17/SEMA4B/TMEM106B/NDEL1/ITGA4/NUMB/USP33/ULK1/DISC1/CLASP2/CD2AP/CUX1/TRIOBP/LIMK1/PARD6B/ADCY10/OBSL1/FN1/ANK3/AUTS2/SEMA5B/KIF1A/LRP4/ROBO1/NPR2/DAG1/CYFIP2/CUL7/NTN3/DNM2/NTN1/TRIO/B3GNT2/FEZ1/ADAM17/BMPR2/BRAF/ARHGEF40/CTTN/CABP4/PDLIM5/MEF2A/PALLD/FYN/SZT2/B4GALT5/TOP2B/EVL/STXBP1/SPG11/FZD4/NOTCH2/TRAK2/TANC2/PAK2/SPTBN4/ATP7A/SIPA1L1/TNN/NEFH/TAOK2/CXCL12/FBXW8/ITGB1/ZEB2/KALRN/FARP1/NCAM1/PTK2/ARHGAP4/LLGL1/DOCK10/PTCH1/USP9X/KIF13B/OLFM1/ABI3/SMAD4/MACF1/ACTB/COBL/PREX2/GSK3B/MYO7A/RELN/PTPRM/ECE1/PRKCA/NRP1/APBB2/PLXNB1/SMURF1/SOS1/CUX2/RAPGEF2/MAP1S/RAPH1/KIDINS220/EFNB1/PTPRO/WASL/SEMA5A/MEGF8/APP/SEMA4G/ABL1/RAB8A/NOTCH1/ARHGAP35/TRPC5/EFNB2/TNIK/PTPRJ/SEMA6B/SCN1B/SEMA4D/EEF2K/NOVA2/MYH10/YTHDF1/HECW2/NTN4/TIAM1/SHANK3/PTPRS/APLP2/ROBO4/CDH23/CYFIP1/PLXND1/PLXNB2/SIN3A/MINK1/SEMA6A/CSF1R/RERE/NRP2","GO_BP"
"GOBP_AEROBIC_RESPIRATION","GOBP_AEROBIC_RESPIRATION",164,0.648393796069692,2.19645507854379,7.32280640630653e-13,3.71754471893495e-10,2.75525943965943e-10,1414,"tags=32%, list=11%, signal=29%","UQCRFS1/COX6A1/NDUFB8/CYCS/ATP5PB/COX6B1/ATP5MG/NDUFA8/UQCC2/NDUFB6/SDHAF2/SDHD/UQCRH/COX7B/UQCRB/NDUFB5/TEFM/SLC25A33/UQCR11/COA6/NDUFA1/NDUFS5/PARK7/ATP5PO/UQCRQ/ATP5ME/COX7C/COX6C/NDUFC1/COX7A1/NDUFS3/NDUFB3/CCNB1/BLOC1S1/NDUFB2/MDH1/NDUFAF1/CDK1/ATP5F1E/SURF1/NDUFA9/ATP5IF1/ATP5F1C/NDUFB9/MACROH2A1/KGD4/TMEM135/ATP5PF/DGUOK/NDUFS4/NDUFAB1/NDUFA3/NDUFA2","GO_BP"
"GOBP_RIBOSOME_BIOGENESIS","GOBP_RIBOSOME_BIOGENESIS",305,0.556910068482069,2.01457321533731,1.05116525671066e-12,4.80277405791102e-10,3.55957750614547e-10,1971,"tags=31%, list=15%, signal=27%","RPS27A/RPL7L1/RPS27L/RPS7/NOP10/RPL7/RPL26/RPS14/RBIS/RPS12/LSM6/RPS17/EIF1AX/FCF1/NOP58/RPS11/DCAF13/FRG1/MRTO4/RPS24/MRPS7/RPS19/RPS13/RPP38/PAK1IP1/ESF1/FBL/MPHOSPH6/RPF1/EXOSC9/NIP7/LTV1/DKC1/MTERF3/TSR2/MPV17L2/EXOSC8/PIN4/UTP3/RPL11/UTP18/NSA2/EXOSC3/GAR1/GTF3A/EMG1/METTL5/RPSA/POP4/DDX10/HEATR3/YTHDF2/DHX29/PNO1/PES1/WDR46/ZNHIT3/RSL24D1/USP16/GNL2/NHP2/RPS4X/RPL24/BYSL/RIOX2/RCL1/POP5/MPHOSPH10/SBDS/EXOSC1/RRP7A/GTF2H5/RPS8/EBNA1BP2/PIH1D1/RRP36/DDX21/REXO5/RPF2/BRIX1/RPL5/MRM2/RPS3A/RPS6/DDX52/BUD23/DDX18/METTL18/ERAL1/ISG20/UTP11/RIOK1/RPL35A/NGDN","GO_BP"
"GOBP_CELLULAR_RESPONSE_TO_NITROGEN_COMPOUND","GOBP_CELLULAR_RESPONSE_TO_NITROGEN_COMPOUND",497,-0.497615714061689,-1.8574765025599,1.98475382350555e-12,8.24394565417895e-10,6.11000291886827e-10,2140,"tags=32%, list=17%, signal=28%","PRKD1/NDEL1/ITGA4/CYBA/HTR2B/SYAP1/PALM/SESN3/SPIDR/HCN3/SLC27A1/LONP1/JAK2/TBC1D4/SRC/CFLAR/OSBPL8/NCSTN/CD36/RALB/STAT5A/OGT/NPR2/GPER1/HSF1/SRD5A1/ITGB3/PIK3R3/PCK1/GNA15/CUL7/DENND4C/APPL1/WDTC1/RAPGEF3/ABCB1/P2RX4/IGF1/SELENON/SYK/PIK3R1/FYN/PRKCB/PIK3CG/STAT5B/AKAP6/TAF1/HDAC5/TOP2B/SLC34A1/ATP2B4/EPG5/LARP1/APC/SOCS2/RAB31/G6PC1/PKD2/UBR1/IGF2/KLF2/GLP2R/PCK2/FBXW8/ICAM1/GPLD1/NCOA5/PTK2/PRKDC/APPL2/GRB10/GNAO1/IGFBP5/NONO/TLR6/PDXP/SH2B2/KANK1/PARP1/P2RY6/GNAS/GNG2/ACTB/ADCY5/ABCC1/IGF1R/SLC30A10/GSK3B/ABCC9/TGFB1/PRKCA/SOS1/DDR2/RAPGEF2/ACE/PRKACA/ENPP1/UBR2/TP53/SIK2/DIAPH1/NCOA2/HRH1/LYN/ZDHHC7/HMGCS2/ASS1/KCNQ1/IRS1/EGR1/HDAC9/APP/PTPN1/ROCK2/TNS2/CRTC1/CHRNE/TLR4/ABL1/RAB8A/GRK2/SSH1/TSC2/SNX6/PIP4K2A/CRKL/GAB1/PTPRJ/C2CD5/JUP/ARHGEF2/PRKCI/MTCL2/PRKAA1/JAK1/RAP1B/XRN1/RPTOR/SORBS1/EEF2K/RAPGEF1/LRP1/P2RY12/CPS1/KDM1A/EP300/SLC8A1/ZNF592/MTR/RELA/CYBB/ITPR2/PDE2A/SIN3A/SP1/LGMN/PRKAR1A/CRHBP/FOLR2/VCAM1","GO_BP"
"GOBP_ENDOTHELIAL_CELL_MIGRATION","GOBP_ENDOTHELIAL_CELL_MIGRATION",204,-0.610617993930273,-2.09815556682249,9.14811908341192e-12,3.48231545564909e-09,2.58091919706561e-09,1225,"tags=28%, list=10%, signal=26%","ITGB1/GPLD1/ZEB2/FGFR1/DNAJA4/PTK2/MET/TBXA2R/PECAM1/MECP2/PTK2B/PTPRM/TGFB1/PRKCA/NRP1/PROX1/CTNND1/CORO1B/MMRN2/SPRED1/SEMA5A/HIF1A/EPHB4/MYH9/MMRN1/AKT3/DLL4/PLG/HDAC9/SNAI2/JCAD/ROCK2/ABL1/NOTCH1/ANGPT2/EFNB2/GAB1/PIK3CD/NF1/JUP/BMP10/BMPER/TGFBR3/SOX18/ROBO4/ETS1/SASH1/PLXND1/TEK/NOS3/KDR/HMOX1/ACVRL1/SP1/LGMN/FLT4/NRP2/CDH5","GO_BP"
"GOBP_HEART_DEVELOPMENT","GOBP_HEART_DEVELOPMENT",447,-0.505450422301417,-1.8782158909028,9.90809825419963e-12,3.48231545564909e-09,2.58091919706561e-09,1959,"tags=31%, list=15%, signal=27%","PDGFRA/GAA/OBSL1/FN1/RARB/ADGRG6/IFT140/ROBO1/ADAMTS9/GPER1/DAG1/MGRN1/PKD1/ILK/MICAL2/BBS7/SETDB2/IFT172/CALCRL/BMPR2/RARA/BCOR/PDLIM5/MEF2A/RPS6KA2/IGF1/GREB1L/APLNR/TMEM65/AKAP6/CC2D2A/PSKH1/TSC1/SMYD4/IFT122/GYS1/C2CD3/HEY2/NOTCH2/TIE1/APC/FRS2/FOXF1/PKD2/TEAD2/SMAD3/KDM6B/ZMPSTE24/S1PR1/GATA4/ITGB1/NPRL3/FGFR1/PTK2/PRKDC/HNRNPU/CTCF/HEG1/JARID2/CNTRL/PTCH1/MED1/MEF2D/OLFM1/SMAD4/MTHFD1/PDCD4/ABCC9/ECE1/TNFRSF1B/TGFB1/WNK1/TAB1/ADAP2/NRP1/NDST1/ZFPM1/SOS1/PROX1/TP53/NCOA6/DIPK2A/SPRED1/EPOR/AKAP13/SH3PXD2B/HIF1A/ZMIZ1/EPHB4/SMAD6/MEGF8/DLL4/KCNQ1/HDAC9/SNAI2/MAML1/PPARA/ROCK2/NPY1R/ABL1/NOTCH1/GRK2/SUFU/EFNB2/TSC2/PLEC/CRKL/TNFRSF1A/HECTD1/PTPRJ/NF1/TGFBR2/BMP10/TGFBR3/ACACB/MYH10/SOX18/EP300/ENG/MED12/SLC8A1/BASP1/PLXND1/TEK/DLC1/NOS3/KDR/PDE2A/ACVRL1/UBE4B/STK4/FGFRL1/DCHS1/CITED2/PRKAR1A/NRP2/VCAM1/SKI","GO_BP"
"GOBP_TISSUE_MORPHOGENESIS","GOBP_TISSUE_MORPHOGENESIS",443,-0.503919319534335,-1.86674204792318,1.43707807770384e-11,4.69000695502061e-09,3.47600013231073e-09,2010,"tags=27%, list=16%, signal=23%","PKD1/ILK/TAL1/LCP1/NTN1/MICAL2/BBS7/SETDB2/IFT172/ADAM17/BMPR2/RARA/KIF26B/PALS1/NUP50/PLXNA1/IGF1/GREB1L/HS3ST3A1/APLNR/SH3BP1/CC2D2A/TSC1/IFT122/DLG5/C2CD3/HEY2/NOTCH2/AHDC1/TIE1/APC/FEM1B/FRS2/FOXF1/KLHL3/ATP7A/PKD2/TEAD2/SMAD3/KDM6B/CSF1/KDM5B/S1PR1/GATA4/HOXA5/ITGB1/FERMT2/ZEB2/FGFR1/CLIC4/WDR1/HEG1/IGFBP5/MET/PTCH1/MED1/SMAD4/MTHFD1/ACTB/COBL/KDM2B/TRAF6/TGFB1/GREB1/CD44/NRP1/ZFPM1/SOS1/PROX1/CTNND1/PRKACA/MMRN2/NF2/HIF1A/ZDHHC7/MEGF8/DLL4/NOTCH4/SNAI2/ESRP2/MYLK/ABL1/RREB1/NOTCH1/ARHGAP35/SUFU/EFNB2/TSC2/CYP7B1/NRARP/PIK3CD/FZD5/TGFBR2/BMP10/RASIP1/LRP5/TGFBR3/SOX18/NTN4/CLASP1/ENG/MED12/PLXND1/PLXNB2/DLC1/NOS3/KDR/GCNT1/ACVRL1/UBE4B/STK4/DCHS1/CSF1R/CITED2/PRKAR1A/ETV5/NRP2/SKI","GO_BP"
"GOBP_REGULATION_OF_VASCULATURE_DEVELOPMENT","GOBP_REGULATION_OF_VASCULATURE_DEVELOPMENT",237,-0.582930802909502,-2.03927472256541,1.70509903209464e-11,5.19373165176029e-09,3.84933584999893e-09,1354,"tags=32%, list=11%, signal=29%","GPR4/PTGIS/RAPGEF3/APLNR/FYN/PRKCB/PIK3CG/ATP2B4/RHOJ/TIE1/HGS/TNN/KLF2/ZNF354C/CXCL12/HK2/PTPN6/GATA4/HOXA5/ITGB1/TJP1/STIM1/QKI/ALOX5/TBXA2R/MECP2/PTK2B/PTPRM/TGFB1/PRKCA/WNK1/NRP1/AGO1/CTNND1/SPRED1/C3AR1/SEMA5A/HIF1A/AKT3/PPP1R16B/JCAD/ROCK2/HIPK1/ABL1/ANGPT2/CCL24/GAB1/PIK3CD/AGO2/NF1/JUP/TGFBR2/JAK1/BMPER/ENG/NPR1/ETS1/HSPG2/SASH1/PLXND1/TSPAN18/RELA/CYBB/TEK/NOS3/KDR/STAB1/HMOX1/ACVRL1/SP1/GTF2I/SEMA6A/FLT1/HIPK2/CDH5","GO_BP"
"GOBP_REGULATION_OF_SMALL_GTPASE_MEDIATED_SIGNAL_TRANSDUCTION","GOBP_REGULATION_OF_SMALL_GTPASE_MEDIATED_SIGNAL_TRANSDUCTION",271,-0.559605640225553,-1.98168384415932,2.58999810658562e-11,7.39606334311857e-09,5.48159467689865e-09,2275,"tags=42%, list=18%, signal=35%","SRC/RIPOR2/ARHGEF4/ABR/AUTS2/ARHGEF17/LRP4/DNMBP/OGT/ROBO1/SPRY3/TNS3/ARHGDIB/RAP1GAP2/DENND4C/TRIO/GPR4/F2R/ARHGEF40/ARHGAP18/IGF1/KANK2/CYTH4/SH3BP1/PIK3CG/PLEKHG5/CYTH1/FGD4/ARFGEF2/GIT1/ARHGEF10L/NOTCH2/EPS8/GBF1/SIPA1L1/ARHGEF15/PRAG1/SRGAP2/DOCK8/CSF1/ARHGAP27/SRGAP3/ARHGAP20/ITGB1/CYTH3/FERMT2/KALRN/MAPRE2/ARHGAP4/GMIP/SYDE1/ARRB1/ARHGEF12/IQSEC3/ARHGAP17/HEG1/MET/DOCK10/KCTD10/ARHGAP31/ARHGAP45/KANK1/PREX2/IQSEC1/ALS2/RELN/CGNL1/WNK1/NRP1/PLXNB1/SOS1/MADD/ARFGEF1/SIPA1L3/AKAP13/ARHGAP42/RASA3/ARHGAP23/ABL1/NOTCH1/CBL/ARHGAP35/VAV3/TSC2/ARHGAP25/MYO9B/MCF2L/CRKL/ITPKB/DENND4B/PLEKHG1/NF1/FGD5/SEMA4D/ARHGEF2/RASIP1/RALGAPA2/ITSN1/NET1/CSNK1A1/ARHGAP1/FGD2/RIPOR1/ABCA1/PREX1/TIAM1/DOCK2/STARD8/GIT2/TEK/DLC1/DENND3/ARHGEF18/VAV1","GO_BP"
"GOBP_CELLULAR_RESPIRATION","GOBP_CELLULAR_RESPIRATION",197,0.60129844726231,2.07372226281648,6.02015173075762e-11,1.61800430928421e-08,1.19918440358188e-08,1906,"tags=35%, list=15%, signal=30%","UQCRFS1/COX6A1/NDUFB8/CYCS/ATP5PB/COX6B1/ATP5MG/NDUFA8/UQCC2/NDUFB6/SDHAF2/SDHD/UQCRH/COX7B/UQCRB/NDUFB5/TEFM/SLC25A33/UQCR11/IMMP2L/COA6/NDUFA1/NDUFS5/PARK7/ATP5PO/UQCRQ/ATP5ME/COX7C/COX6C/NDUFC1/COX7A1/NDUFS3/NDUFB3/CCNB1/BLOC1S1/NDUFB2/MDH1/NDUFAF1/CDK1/ATP5F1E/SURF1/NDUFA9/ATP5IF1/ATP5F1C/NDUFB9/MACROH2A1/KGD4/TMEM135/CISD1/ATP5PF/DGUOK/IL10RB/ETFB/NDUFS4/NDUFAB1/NFATC4/NDUFA3/NDUFA2/MTCH2/NDUFA11/SDHAF4/NDUFA12/MFSD8/AIFM2/NDUFB1/NDUFA5/DNAJC15/CHCHD2","GO_BP"
"GOBP_MONONUCLEAR_CELL_DIFFERENTIATION","GOBP_MONONUCLEAR_CELL_DIFFERENTIATION",416,-0.498786821651101,-1.83882060301038,8.8145862734042e-11,2.23743581573243e-08,1.65827625973926e-08,2145,"tags=29%, list=17%, signal=25%","OPA1/STAT5A/RSAD2/HSF1/PIK3R3/DROSHA/PCK1/PTGER4/SASH3/IL12RB1/NFATC3/CLPTM1/RAG1/ADAM17/RARA/BRAF/PGLYRP2/TBX21/RIPK3/SMARCB1/SYK/PIK3R1/PLCG2/STAT5B/MFNG/HDAC5/TOP2B/TSC1/TMEM131L/CMTM7/ARID3C/NOTCH2/CYP26B1/ST3GAL1/IL15RA/RORA/ATP7A/TCF3/LILRB1/LOXL3/VPS13A/PTPRC/CSF1/PTPN6/LAG3/ITGB1/CD86/IKZF1/MERTK/LEPR/PRKDC/IL33/CAMK4/CEBPB/SMARCA2/LAPTM5/QKI/MAFB/DOCK10/ONECUT1/MED1/IL6ST/PARP1/ACTB/GAB3/PTK2B/TRAF6/TGFB1/PRKCA/HCLS1/SPI1/ZFPM1/SOS1/ZBTB46/CBFB/TP53/GPR65/ZMIZ1/MYH9/L3MBTL3/LYN/CTSL/LILRB2/DLL4/NCKAP1L/EGR1/CD4/HDAC9/APP/PDE1B/TLR4/ABL1/LIPA/ITPKB/NRROS/DUSP10/NRARP/PTPRJ/PIK3CD/FZD5/IRF8/FGL2/TGFBR2/FCER1G/JAK1/NFAM1/SOX13/PREX1/EP300/DOCK2/HDAC4/C1QC/INPP5D/PDE2A/CLEC4G/AXL/CSF1R/VAV1/SMARCC2/VCAM1/CR1","GO_BP"
"GOBP_POSITIVE_REGULATION_OF_LOCOMOTION","GOBP_POSITIVE_REGULATION_OF_LOCOMOTION",474,-0.49029773833212,-1.82586705060106,9.37728538378137e-11,2.25499036413143e-08,1.67128681881577e-08,1432,"tags=22%, list=11%, signal=20%","NEDD9/RAC2/SMAD3/MED23/PTPRC/CXCL12/DOCK8/CSF1/S1PR1/ATP8A1/DOCK1/ITGB1/ICAM1/GPLD1/FERMT2/MAPRE2/FGFR1/TJP1/PTK2/SYNPO2/SYDE1/CPNE3/IGFBP5/MET/ONECUT1/PECAM1/CBLL1/IGF1R/PTK2B/IQSEC1/RELN/TGFB1/PRKCA/SPI1/DAAM2/WNK1/NRP1/DDR2/RAPGEF2/PROX1/F7/C3AR1/SEMA5A/HIF1A/CCL23/LYN/AKT3/MEGF8/SUCNR1/PLG/NCKAP1L/HDAC9/SNAI2/APP/IL16/JCAD/ROCK2/SEMA4G/MYLK/TLR4/ABL1/RREB1/NOTCH1/SSH1/DAB2/CRKL/CCL24/GAB1/ADAM9/PTPRJ/SEMA6B/PIK3CD/AGO2/SEMA4D/ARHGEF2/TGFBR2/ZNF609/SPAG9/TGFBR3/SYNE2/RIPOR1/P2RY12/PREX1/CCR1/TIAM1/CLASP1/CMKLR1/ETS1/SASH1/TEK/NOS3/KDR/HMOX1/SP1/CXCL16/AKAP12/SEMA6A/STK4/LYVE1/CSF1R/LGMN/FLT1/FLT4/NRP2/CDH5","GO_BP"
"GOBP_AXON_DEVELOPMENT","GOBP_AXON_DEVELOPMENT",353,-0.515517327847934,-1.87523324004717,1.5547049645284e-10,3.55172349146513e-08,2.63236098467782e-08,2476,"tags=33%, list=19%, signal=27%","ZDHHC17/SEMA4B/NDEL1/ITGA4/NUMB/USP33/ULK1/GRN/DISC1/CLASP2/CD2AP/JAK2/LIMK1/PARD6B/ADCY10/FN1/ANK3/AUTS2/SEMA5B/LRP4/ROBO1/NPR2/DAG1/CYFIP2/NTN3/DNM2/RTN4RL2/NTN1/TRIO/B3GNT2/FEZ1/ADAM17/BMPR2/BRAF/ARHGEF40/CTTN/PALLD/FYN/SZT2/B4GALT5/TOP2B/EVL/STXBP1/SPG11/NOTCH2/TRAK2/PAK2/SPTBN4/SIPA1L1/TNN/NEFH/TAOK2/CXCL12/TNFRSF21/ITGB1/KREMEN1/ZEB2/KALRN/NCAM1/PTK2/ARHGAP4/LLGL1/SCARF1/PTPRF/PTCH1/USP9X/KIF13B/OLFM1/SMAD4/MACF1/ACTB/COBL/GSK3B/RELN/PTPRM/ECE1/PRKCA/NRP1/APBB2/PLXNB1/SMURF1/SOS1/MAP1S/RAPH1/EFNB1/PTPRO/SEMA5A/MEGF8/APP/SEMA4G/ABL1/RAB8A/NOTCH1/ARHGAP35/TRPC5/EFNB2/PTPRJ/SEMA6B/SCN1B/SEMA4D/NOVA2/MYH10/YTHDF1/NTN4/TIAM1/PTPRS/APLP2/ROBO4/MTR/CYFIP1/PLXND1/PLXNB2/SIN3A/SEMA6A/CSF1R/NRP2","GO_BP"
"GOBP_REGULATION_OF_CELL_CELL_ADHESION","GOBP_REGULATION_OF_CELL_CELL_ADHESION",399,-0.496971413052578,-1.82876866777891,1.69670499352649e-10,3.69154529305836e-08,2.73598995697981e-08,2068,"tags=27%, list=16%, signal=23%","PCK1/MAGI1/PLPP3/SASH3/LRFN3/IL12RB1/RAG1/FERMT3/RARA/KIF26B/TBX21/YES1/IGF1/SMARCB1/SYK/FLOT2/FYN/PTPRG/STAT5B/TMEM131L/CD9/DLG5/CD55/NFAT5/CD274/LILRB1/IGF2/NCK2/LOXL3/PTPRC/CXCL12/DOCK8/HLA-E/PTPN6/LAG3/TNFRSF21/IGFBP2/FBXO38/CD86/UFL1/TJP1/PTK2/CEBPB/SMARCA2/LAPTM5/ALOX5/IL6ST/ITCH/SIRPB1/ACTB/UBASH3B/CD300A/TRAF6/TGFB1/PRKCA/CD44/SPI1/WNK1/MBP/NR5A2/CBFB/PELI1/NF2/EFNB1/GPR65/ZMIZ1/AKNA/LYN/MMRN1/LILRB2/ASS1/PLG/NCKAP1L/NOTCH4/CD4/PPARA/PTPN23/PDCD1LG2/PIEZO1/ABL1/NOTCH1/EFNB2/ITPKB/DUSP10/NRARP/PIK3CD/FGL2/TGFBR2/PRKAA1/JAK1/SOX13/EP300/BMP6/EBI3/ETS1/RELA/CD209/VSIG4/GCNT1/MINK1/CLEC4G/VAV1/CITED2/PRKAR1A/SMARCC2/VCAM1/CR1","GO_BP"
"GOBP_ATP_SYNTHESIS_COUPLED_ELECTRON_TRANSPORT","GOBP_ATP_SYNTHESIS_COUPLED_ELECTRON_TRANSPORT",79,0.732623251787053,2.24671002240354,2.26460175491258e-10,4.7031660991798e-08,3.48575303615012e-08,1906,"tags=54%, list=15%, signal=47%","UQCRFS1/COX6A1/NDUFB8/CYCS/COX6B1/NDUFA8/NDUFB6/SDHAF2/SDHD/UQCRH/COX7B/UQCRB/NDUFB5/UQCR11/COA6/NDUFA1/NDUFS5/PARK7/UQCRQ/COX7C/COX6C/NDUFC1/COX7A1/NDUFS3/NDUFB3/CCNB1/NDUFB2/NDUFAF1/CDK1/NDUFA9/NDUFB9/DGUOK/NDUFS4/NDUFAB1/NDUFA3/NDUFA2/MTCH2/NDUFA11/NDUFA12/NDUFB1/NDUFA5/DNAJC15/CHCHD2","GO_BP"
"GOBP_REGULATION_OF_SYSTEM_PROCESS","GOBP_REGULATION_OF_SYSTEM_PROCESS",350,-0.513845584373355,-1.8654567319569,3.04344510402687e-10,6.04586986099946e-08,4.4808983522446e-08,2296,"tags=32%, list=18%, signal=27%","CRY2/CTDP1/SRC/DMD/KCNJ12/ABCG8/GAA/ADCY10/PPP1R12B/CTSC/GPER1/CST7/DAG1/DOCK4/BMPR2/F2R/CTTN/ABCB1/P2RX4/MEF2A/IGF1/SELENON/APLNR/PIK3CG/TMEM65/AKAP6/CYP8B1/ATP2B4/CTNNA3/HEY2/SPTBN4/SMAD3/PDE4B/PER2/EPB41/NUP155/ZMPSTE24/KDM5B/FIG4/ADRA1B/ABAT/GATA4/TNFRSF21/TMIGD3/KCNMB4/ITGB1/FGFR1/KCND3/ARRB1/ITGA9/ATP2B2/QKI/GNAO1/IGFBP5/WNK3/TBXA2R/IL6ST/PARP1/SMAD4/GUCY1A1/MECP2/STX1B/PTK2B/ABCC9/RELN/ADORA3/ECE1/TNFRSF1B/PRKCA/CAMK2D/YWHAE/WNK1/CUX2/ACE/PRKACA/CLIC2/ADD3/PTPRO/HRH1/DSC2/KCNQ1/ARHGAP42/APP/PTPN1/RAB8B/PPARA/ROCK2/ABL1/NOTCH1/GRK2/ATP1B2/SSH1/DAB2/TNFRSF1A/SCN1B/JUP/BMP10/DICER1/TBXAS1/ACACB/EPAS1/CALM1/EHD3/SHANK3/HDAC4/SLC8A1/BMP6/NPR1/FTO/NOS3/CD38/KCNJ2/CRHBP","GO_BP"
"GOBP_POSITIVE_REGULATION_OF_VASCULATURE_DEVELOPMENT","GOBP_POSITIVE_REGULATION_OF_VASCULATURE_DEVELOPMENT",134,-0.643092855567945,-2.09270121263415,3.28230728385536e-10,6.24869249163964e-08,4.63122040884329e-08,1327,"tags=31%, list=10%, signal=28%","CXCL12/HK2/GATA4/ITGB1/TJP1/STIM1/TBXA2R/PTK2B/TGFB1/PRKCA/WNK1/NRP1/C3AR1/SEMA5A/HIF1A/AKT3/JCAD/HIPK1/ABL1/ANGPT2/CCL24/GAB1/PIK3CD/AGO2/JUP/TGFBR2/JAK1/BMPER/ENG/ETS1/SASH1/CYBB/TEK/NOS3/KDR/HMOX1/ACVRL1/SP1/FLT1/HIPK2/CDH5","GO_BP"
"GOBP_ADAPTIVE_IMMUNE_RESPONSE","GOBP_ADAPTIVE_IMMUNE_RESPONSE",364,-0.504322639774745,-1.83967102826775,3.77027826200379e-10,6.76414056406534e-08,5.01324491011466e-08,3026,"tags=36%, list=24%, signal=28%","TP53BP1/IL1R1/YWHAG/HLA-DRA/TYK2/C4A/IL6R/STAT3/PLA2G4A/C8A/CD79B/SIRT1/KLHL6/ORAI1/CLEC7A/HLX/RC3H2/LILRB4/NLRP3/MEF2C/HAVCR2/HPRT1/C9/BRD4/PCYT1A/RIF1/BTN3A1/HLA-DPA1/LILRA6/C6/TNFRSF11A/CD74/IL4R/FCGR2A/C4B/JAK2/NFKBIZ/C3/CD84/C1RL/IL13RA2/OPA1/STAT5A/CTSC/RSAD2/SAMSN1/CD226/RAP1GAP2/SASH3/CARD9/IL12RB1/FCMR/RAG1/ADAM17/RAPGEF3/TBX21/RIPK3/SYK/FYN/PRKCB/PIK3CG/TSC1/MASP2/FCGR3B/CD55/RORA/CD274/C1QA/LILRB1/CD7/CSF2RB/IL17RA/LOXL3/PTPRC/HLA-E/PTPN6/LAG3/TNFRSF21/LILRA1/FBXO38/ICAM1/WAS/CD86/UFL1/IL33/CAMK4/PARP3/ADCY7/IL6ST/SUPT6H/SECTM1/PTK2B/TNFRSF1B/TRAF6/TGFB1/TLR8/IL2RB/PMS2/UNC93B1/LYN/CTSL/LILRB2/NCKAP1L/C5/CD4/SIGLEC10/PDCD1LG2/TLR4/NOTCH1/DUSP10/CLEC4M/PRF1/PIK3CD/FZD5/ADGRE1/FCER1G/PRKAA1/CD244/JAK1/RNF19B/EP300/C1QB/FCGR3A/EBI3/C1QC/INPP5D/CD209/CLEC4G/MCOLN1/MPEG1/LILRB5/CR1","GO_BP"
"GOBP_SMALL_GTPASE_MEDIATED_SIGNAL_TRANSDUCTION","GOBP_SMALL_GTPASE_MEDIATED_SIGNAL_TRANSDUCTION",434,-0.484291997045093,-1.79104481160876,3.84914980664694e-10,6.76414056406534e-08,5.01324491011466e-08,2278,"tags=34%, list=18%, signal=29%","LIMK1/SRC/RIPOR2/ARHGEF4/ABR/AUTS2/ARHGEF17/RALB/LRP4/DNMBP/OGT/ROBO1/RIN2/SPRY3/TNS3/ARHGDIB/RAP1GAP2/DOCK4/NTN1/DENND4C/TRIO/GPR4/F2R/ARHGEF40/RAPGEF3/ARHGAP18/IGF1/KANK2/DOK2/CYTH4/SH3BP1/PIK3CG/PLEKHG5/CYTH1/FGD4/ARFGEF2/GIT1/ARHGEF10L/NOTCH2/RHOJ/EPS8/GBF1/SIPA1L1/RAC2/ARHGEF15/RASGEF1B/PRAG1/SRGAP2/DOCK8/CSF1/DOCK1/ARHGAP27/SRGAP3/ARHGAP20/ITGB1/CYTH3/WAS/FERMT2/KALRN/MAPRE2/RAPGEF5/FARP1/ARHGAP4/GMIP/SYDE1/ARRB1/ARHGEF12/IQSEC3/ARHGAP17/CDC42EP4/HEG1/SH2D3C/DOK3/NISCH/MET/DOCK10/KCTD10/ARHGAP31/ARHGAP45/KANK1/RGS19/PECAM1/PREX2/IQSEC1/ALS2/RELN/CGNL1/WNK1/NRP1/PLXNB1/SOS1/MADD/RAPGEF2/ARFGEF1/SIPA1L3/TP53/AKAP13/RUFY1/ARHGAP42/RASA3/ROCK2/RASGRP2/ARHGAP23/ABL1/NOTCH1/CBL/ARHGAP35/VAV3/TSC2/ARHGAP25/MYO9B/LIPA/MCF2L/CRKL/ITPKB/DENND4B/PLEKHG1/ELMO1/NF1/FGD5/CCDC88C/SEMA4D/ARHGEF2/RASGRP4/RASIP1/RAP1B/RALGAPA2/ITSN1/GARRE1/NET1/CSNK1A1/RAPGEF1/ARHGAP1/FGD2/RIPOR1/ABCA1/PREX1/TIAM1/DOCK2/STARD8/GIT2/CYFIP1/TEK/DLC1/DENND3/ARHGEF18/RGL1/VAV1","GO_BP"
"GOBP_LEUKOCYTE_DIFFERENTIATION","GOBP_LEUKOCYTE_DIFFERENTIATION",499,-0.475557656282455,-1.7775396919813,4.97653906932985e-10,8.42141000287707e-08,6.24153067681642e-08,2145,"tags=28%, list=17%, signal=24%","OPA1/STAT5A/RSAD2/HSF1/PIK3R3/DROSHA/PCK1/PTGER4/SASH3/IL12RB1/TAL1/NFATC3/CLPTM1/RAG1/ADAM17/RARA/BRAF/PGLYRP2/TBX21/RIPK3/TOB2/SMARCB1/SYK/PIK3R1/PLCG2/COX10/STAT5B/SH3PXD2A/MFNG/GAB2/HDAC5/TOP2B/TSC1/TMEM131L/CMTM7/ARID3C/NOTCH2/CYP26B1/ST3GAL1/IL15RA/RORA/ATP7A/TCF3/LILRB1/NEDD9/LOXL3/VPS13A/PTPRC/CSF1/PTPN6/LAG3/SBNO2/ITGB1/CD86/IKZF1/MERTK/LEPR/EVI2B/PRKDC/IL33/CAMK4/CEBPB/SMARCA2/LAPTM5/QKI/MAFB/DOCK10/ONECUT1/MED1/IL6ST/RASSF2/PARP1/ACTB/GAB3/UBASH3B/PTK2B/TRAF6/TGFB1/PRKCA/HCLS1/SPI1/ZFPM1/SOS1/ZBTB46/CBFB/TP53/GPR65/ZMIZ1/MYH9/L3MBTL3/LYN/CTSL/LILRB2/DLL4/NCKAP1L/EGR1/CD4/HDAC9/APP/PDE1B/TLR4/ABL1/LIPA/ITPKB/NRROS/DUSP10/LRRK1/NRARP/PTPRJ/PIK3CD/GPR137B/NF1/FZD5/IRF8/FGL2/TGFBR2/FCER1G/JAK1/LBR/RPTOR/NFAM1/SOX13/PREX1/CCR1/EP300/DOCK2/HDAC4/C1QC/INPP5D/PDE2A/CLEC4G/AXL/CSF1R/VAV1/CITED2/SMARCC2/VCAM1/CR1","GO_BP"
"GOBP_REGULATION_OF_LYMPHOCYTE_ACTIVATION","GOBP_REGULATION_OF_LYMPHOCYTE_ACTIVATION",411,-0.485280782604773,-1.78959450815706,6.90433069284143e-10,1.1266388191283e-07,8.35008715747026e-08,2145,"tags=26%, list=17%, signal=22%","OPA1/STAT5A/SAMSN1/DROSHA/PCK1/SASH3/IL12RB1/CLPTM1/RAG1/MIF/SLC39A10/RARA/BRAF/PGLYRP2/TBX21/YES1/RIPK3/IGF1/SMARCB1/SYK/FLOT2/FYN/STAT5B/TMEM131L/DLG5/CD55/CYP26B1/IL15RA/TCF3/CD274/LILRB1/NEDD9/RAC2/IGF2/NCK2/LOXL3/PTPRC/ZNF335/DOCK8/HLA-E/PTPN6/LAG3/TNFRSF21/IGFBP2/FBXO38/CD86/UFL1/MERTK/PRKDC/CAMK4/CEBPB/SMARCA2/PARP3/LAPTM5/IL6ST/SUPT6H/ITCH/SIRPB1/ACTB/CD300A/TNFRSF1B/TRAF6/TGFB1/SPI1/SOS1/PMS2/NR5A2/CBFB/PELI1/EFNB1/GPR65/ZMIZ1/LYN/LILRB2/NCKAP1L/CD4/PDCD1LG2/TLR4/ABL1/EFNB2/VAV3/THEMIS2/ITPKB/DUSP10/NRARP/PIK3CD/FGL2/TGFBR2/PRKAA1/NFAM1/SOX13/RASSF5/EP300/FCGR3A/EBI3/PRLR/INPP5D/CD38/CD209/VSIG4/CLEC4G/AXL/VAV1/PRKAR1A/SMARCC2/VCAM1/CR1","GO_BP"
"GOBP_HEART_MORPHOGENESIS","GOBP_HEART_MORPHOGENESIS",197,-0.58905061687965,-2.02138137768285,7.51788935809007e-10,1.18445643024529e-07,8.77860256441952e-08,2189,"tags=34%, list=17%, signal=28%","GAA/RARB/ADGRG6/ROBO1/DAG1/ILK/MICAL2/BBS7/SETDB2/IFT172/BMPR2/RARA/GREB1L/APLNR/C2CD3/HEY2/NOTCH2/APC/FOXF1/PKD2/TEAD2/SMAD3/ZMPSTE24/S1PR1/GATA4/PTK2/HEG1/PTCH1/MED1/OLFM1/SMAD4/PDCD4/ABCC9/TGFB1/TAB1/NRP1/ZFPM1/SOS1/PROX1/TP53/HIF1A/ZMIZ1/EPHB4/SMAD6/MEGF8/DLL4/SNAI2/NPY1R/NOTCH1/SUFU/CRKL/TGFBR2/BMP10/TGFBR3/SOX18/ENG/PLXND1/TEK/DLC1/NOS3/ACVRL1/UBE4B/FGFRL1/DCHS1/CITED2/NRP2","GO_BP"
"GOBP_NEGATIVE_REGULATION_OF_CELL_ADHESION","GOBP_NEGATIVE_REGULATION_OF_CELL_ADHESION",240,-0.564930113412275,-1.97972161789326,8.91737262406646e-10,1.35811585064532e-07,1.00656799058322e-07,1697,"tags=26%, list=13%, signal=23%","TMEM131L/CD9/DLG5/FZD4/ACTN4/CD274/LILRB1/LOXL3/PTPRC/CXCL12/HLA-E/PTPN6/LAG3/TNFRSF21/CD86/UFL1/PTK2/CEBPB/LAPTM5/ITCH/KANK1/CBLL1/ACER2/UBASH3B/CD300A/TGFB1/SPI1/WNK1/PLXNB1/MBP/CBFB/PELI1/NF2/PTPRO/SEMA5A/AKNA/LILRB2/ASS1/PLG/NOTCH4/SNAI2/PTPN1/PPARA/PDCD1LG2/ABL1/NOTCH1/ANGPT2/NRARP/NF1/SEMA4D/FGL2/BMP6/HSPG2/PLXND1/PLXNB2/DLC1/VSIG4/ACVRL1/CLEC4G/SEMA6A/PRKAR1A/CR1","GO_BP"
"GOBP_ELECTRON_TRANSPORT_CHAIN","GOBP_ELECTRON_TRANSPORT_CHAIN",101,0.678431649743665,2.13826162401909,1.50345698679594e-09,2.21590160408731e-07,1.64231617199407e-07,1906,"tags=47%, list=15%, signal=40%","UQCRFS1/COX6A1/NDUFB8/CYCS/COX6B1/NDUFA8/NDUFB6/SDHAF2/SDHD/UQCRH/COX7B/UQCRB/NDUFB5/UQCR11/IMMP2L/COA6/NDUFA1/NDUFS5/PARK7/UQCRQ/COX7C/COX6C/NDUFC1/COX7A1/NDUFS3/NDUFB3/CCNB1/NDUFB2/NDUFAF1/CDK1/NDUFA9/NDUFB9/DGUOK/CYB561/ETFB/NDUFS4/NDUFAB1/NDUFA3/NDUFA2/MTCH2/NDUFA11/NDUFA12/AIFM2/NDUFB1/NDUFA5/DNAJC15/CHCHD2","GO_BP"
"GOBP_PROTEIN_AUTOPHOSPHORYLATION","GOBP_PROTEIN_AUTOPHOSPHORYLATION",117,-0.646952858923161,-2.07557974951066,2.02238599688867e-09,2.8875880061826e-07,2.1401367605233e-07,1167,"tags=24%, list=9%, signal=22%","FGFR1/PTK2/FGFR4/RASSF2/IGF1R/PTK2B/GSK3B/DDR2/SIK2/DAPK1/MAP3K3/EPHB4/LYN/ABL1/HCK/TNIK/SLK/STK10/EEF2K/DYRK1A/ERN1/KDR/MINK1/LMTK2/STK4/CSF1R/FLT1/FLT4","GO_BP"
"GOBP_REGULATION_OF_LEUKOCYTE_PROLIFERATION","GOBP_REGULATION_OF_LEUKOCYTE_PROLIFERATION",209,-0.566967382727772,-1.94918550161,3.51530602222099e-09,4.86710097440233e-07,3.60725342056935e-07,1917,"tags=29%, list=15%, signal=25%","MIF/SLC39A10/RIPK3/IGF1/SYK/STAT5B/TMEM131L/DLG5/CD55/TCF3/CD274/LILRB1/CSF2RB/RAC2/IGF2/NCK2/PTPRC/ZNF335/CSF1/HLA-E/PTPN6/TNFRSF21/CNN2/IGFBP2/CD86/PTK2/IL33/CEBPB/LAPTM5/IL6ST/ITCH/CD300A/TNFRSF1B/TRAF6/TGFB1/SOS1/NR5A2/PELI1/EFNB1/LYN/LILRB2/NCKAP1L/CD4/PDCD1LG2/TLR4/VAV3/NF1/TGFBR2/RASSF5/FCGR3A/EBI3/PRLR/INPP5D/CD38/CD209/VSIG4/CLEC4G/CSF1R/PRKAR1A/VCAM1/CR1","GO_BP"
"GOBP_VASCULAR_PROCESS_IN_CIRCULATORY_SYSTEM","GOBP_VASCULAR_PROCESS_IN_CIRCULATORY_SYSTEM",202,-0.56868236036885,-1.95404173627204,3.80558316474679e-09,5.098326489945e-07,3.77862628426191e-07,1915,"tags=30%, list=15%, signal=26%","BMPR2/GPR4/ITGA1/F2R/ABCB1/YES1/SLCO2B1/ABCA2/ATP2B4/SLC1A5/PER2/KLF2/ATP8A1/ADRA1B/KCNMB4/ITGB1/SLC6A6/FERMT2/ZEB2/TJP1/LEPR/ABCC2/ITGA9/SLC6A1/TBXA2R/SLC7A2/PECAM1/GUCY1A1/KCNMA1/ABCC1/ABCC9/ECE1/TGFB1/ACE/ADD3/SLC15A2/HRH1/OCLN/ARHGAP42/ROCK2/ABL1/ARHGAP35/ATP1B2/PLEC/GAB1/PTPRJ/SLC16A1/TBXAS1/LRP1/CPS1/SLC8A1/BMP6/NPR1/TJP2/TEK/NOS3/CD38/PDE2A/AKAP12/SLC7A8/CDH5","GO_BP"
"GOBP_MORPHOGENESIS_OF_AN_EPITHELIUM","GOBP_MORPHOGENESIS_OF_AN_EPITHELIUM",371,-0.489760215931139,-1.78929551925063,3.90548100564839e-09,5.098326489945e-07,3.77862628426191e-07,2010,"tags=27%, list=16%, signal=23%","PKD1/ILK/LCP1/NTN1/MICAL2/BBS7/SETDB2/IFT172/ADAM17/RARA/KIF26B/PALS1/NUP50/PLXNA1/IGF1/GREB1L/HS3ST3A1/APLNR/SH3BP1/CC2D2A/TSC1/IFT122/DLG5/C2CD3/NOTCH2/TIE1/FEM1B/FRS2/FOXF1/KLHL3/ATP7A/PKD2/TEAD2/SMAD3/CSF1/KDM5B/GATA4/HOXA5/ITGB1/FERMT2/ZEB2/FGFR1/CLIC4/WDR1/IGFBP5/MET/PTCH1/MED1/SMAD4/MTHFD1/ACTB/COBL/KDM2B/TRAF6/TGFB1/GREB1/CD44/NRP1/SOS1/PROX1/CTNND1/PRKACA/MMRN2/HIF1A/ZDHHC7/MEGF8/DLL4/NOTCH4/SNAI2/ESRP2/ABL1/RREB1/NOTCH1/ARHGAP35/SUFU/EFNB2/TSC2/CYP7B1/NRARP/PIK3CD/FZD5/TGFBR2/RASIP1/LRP5/SOX18/NTN4/CLASP1/ENG/MED12/PLXND1/PLXNB2/DLC1/KDR/ACVRL1/STK4/DCHS1/CSF1R/CITED2/ETV5/SKI","GO_BP"
"GOBP_SPROUTING_ANGIOGENESIS","GOBP_SPROUTING_ANGIOGENESIS",115,-0.652030626866072,-2.09081602096895,4.15949060512464e-09,5.27908682633735e-07,3.91259686452806e-07,1354,"tags=33%, list=11%, signal=30%","KLF2/ZNF354C/ITGB1/GPLD1/TJP1/ALOX5/TBXA2R/PTK2B/TGFB1/NRP1/CTNND1/MMRN2/SPRED1/SEMA5A/EPHB4/MMRN1/AKT3/DLL4/HDAC9/PPP1R16B/JCAD/ABL1/NOTCH1/EFNB2/NRARP/JAK1/BMPER/TGFBR3/ENG/TSPAN18/TEK/KDR/HMOX1/ACVRL1/SEMA6A/FLT1/FLT4/CDH5","GO_BP"
"GOBP_CARDIAC_CHAMBER_DEVELOPMENT","GOBP_CARDIAC_CHAMBER_DEVELOPMENT",128,-0.632457734778222,-2.04744713502682,5.33428863535366e-09,6.5128849959742e-07,4.82702676666529e-07,1915,"tags=34%, list=15%, signal=30%","BMPR2/RARA/GREB1L/APLNR/TMEM65/HEY2/NOTCH2/FRS2/FOXF1/ZMPSTE24/GATA4/NPRL3/HEG1/CNTRL/MED1/SMAD4/TGFB1/TAB1/NRP1/NDST1/ZFPM1/SOS1/PROX1/TP53/HIF1A/SMAD6/DLL4/MAML1/NOTCH1/SUFU/HECTD1/TGFBR2/BMP10/TGFBR3/MYH10/ENG/PLXND1/TEK/NOS3/PDE2A/UBE4B/FGFRL1/CITED2/NRP2","GO_BP"
"GOBP_REGULATION_OF_ENDOTHELIAL_CELL_MIGRATION","GOBP_REGULATION_OF_ENDOTHELIAL_CELL_MIGRATION",155,-0.611438730003572,-2.02920132147665,5.5216500130417e-09,6.5128849959742e-07,4.82702676666529e-07,1211,"tags=30%, list=9%, signal=27%","GPLD1/FGFR1/DNAJA4/PTK2/MET/TBXA2R/MECP2/PTK2B/PTPRM/TGFB1/PRKCA/NRP1/PROX1/MMRN2/SPRED1/SEMA5A/HIF1A/MMRN1/AKT3/DLL4/PLG/HDAC9/JCAD/ROCK2/ABL1/NOTCH1/ANGPT2/GAB1/PIK3CD/NF1/JUP/BMP10/BMPER/TGFBR3/ROBO4/ETS1/SASH1/TEK/NOS3/KDR/HMOX1/ACVRL1/SP1/LGMN/FLT4/NRP2","GO_BP"
"GOBP_EPITHELIAL_TUBE_MORPHOGENESIS","GOBP_EPITHELIAL_TUBE_MORPHOGENESIS",257,-0.538489718579644,-1.90471827419702,5.70180345456266e-09,6.5128849959742e-07,4.82702676666529e-07,2010,"tags=30%, list=16%, signal=25%","PKD1/ILK/NTN1/MICAL2/BBS7/SETDB2/IFT172/RARA/KIF26B/NUP50/IGF1/GREB1L/HS3ST3A1/APLNR/CC2D2A/TSC1/IFT122/DLG5/C2CD3/NOTCH2/TIE1/FOXF1/KLHL3/PKD2/TEAD2/SMAD3/CSF1/KDM5B/GATA4/HOXA5/ZEB2/CLIC4/MET/PTCH1/MED1/SMAD4/MTHFD1/COBL/KDM2B/TRAF6/TGFB1/NRP1/PROX1/CTNND1/PRKACA/MMRN2/HIF1A/MEGF8/DLL4/NOTCH4/ESRP2/ABL1/NOTCH1/ARHGAP35/SUFU/EFNB2/TSC2/NRARP/PIK3CD/TGFBR2/RASIP1/LRP5/SOX18/ENG/MED12/PLXND1/PLXNB2/DLC1/KDR/ACVRL1/STK4/DCHS1/CSF1R/CITED2/ETV5/SKI","GO_BP"
"GOBP_POSITIVE_REGULATION_OF_MAPK_CASCADE","GOBP_POSITIVE_REGULATION_OF_MAPK_CASCADE",331,-0.509871916233417,-1.84711310815772,5.63122347277678e-09,6.5128849959742e-07,4.82702676666529e-07,1378,"tags=21%, list=11%, signal=19%","IGF2/TAOK2/FGFR3/PTPRC/ADRA1B/ICAM1/FERMT2/FGFR1/GPBAR1/ARRB1/LAPTM5/FGFR4/TLR6/RASSF2/P2RY6/PECAM1/DVL3/IGF1R/SLC30A10/PTK2B/TRAF6/TGFB1/PRKCA/CD44/SPI1/TAB1/NRP1/NDST1/MADD/DDR2/RAPGEF2/MAP3K3/PJA2/PIK3R5/DSC2/LYN/CD4/APP/PTPN1/JCAD/ROCK2/RELL1/TLR4/ABL1/NOTCH1/CRKL/TNIK/ADAM9/PTPRJ/CCDC88C/SPAG9/RAP1B/BMPER/CCR1/PELI2/SASH1/CDH2/TEK/ERN1/KDR/MINK1/SCIMP/IQGAP1/AKAP12/CSF1R/FLT1/FLT4/HIPK2/MARCO","GO_BP"
"GOBP_RRNA_PROCESSING","GOBP_RRNA_PROCESSING",213,0.5464382312167,1.91197139242303,6.02423529127703e-09,6.71334903557189e-07,4.97560075276976e-07,2427,"tags=37%, list=19%, signal=31%","RPL7L1/RPS7/NOP10/RPL7/RPL26/RPS14/LSM6/RPS17/FCF1/NOP58/DCAF13/FRG1/MRTO4/RPS24/RPS19/RPP38/PAK1IP1/ESF1/FBL/MPHOSPH6/RPF1/EXOSC9/DKC1/TSR2/EXOSC8/PIN4/UTP3/RPL11/UTP18/NSA2/EXOSC3/GAR1/EMG1/METTL5/POP4/DDX10/YTHDF2/PES1/WDR46/ZNHIT3/NHP2/BYSL/RCL1/POP5/MPHOSPH10/SBDS/EXOSC1/RRP7A/GTF2H5/RPS8/EBNA1BP2/PIH1D1/RRP36/DDX21/REXO5/RPF2/BRIX1/RPL5/MRM2/RPS6/DDX52/BUD23/DDX18/METTL18/ISG20/UTP11/RIOK1/RPL35A/NGDN/RBFA/RPP30/RPL7A/TFB2M/RRP9/NOL8/UTP23/MYG1/UTP6/NPM3","GO_BP"
"GOBP_POSITIVE_REGULATION_OF_CELL_ADHESION","GOBP_POSITIVE_REGULATION_OF_CELL_ADHESION",400,-0.479175926720106,-1.76618897756569,6.68262924083684e-09,7.26974595271036e-07,5.38797450320103e-07,2301,"tags=29%, list=18%, signal=24%","JAK2/TRIOBP/SRC/NFKBIZ/FN1/ANK3/CD36/OPA1/STAT5A/RIN2/PPM1F/DAG1/ITGB3/PCK1/MAGI1/PLPP3/SASH3/ILK/IL12RB1/RAG1/RARA/BRAF/KIF26B/LAMC1/YES1/IGF1/SMARCB1/SYK/FLOT2/FYN/STAT5B/TSC1/CD55/NFAT5/FOXF1/CD274/LILRB1/NEDD9/SMAD3/IGF2/NCK2/PTPRC/CXCL12/DOCK8/CSF1/HLA-E/PTPN6/DOCK1/IGFBP2/CYTH3/FBXO38/CD86/FERMT2/TJP1/SMARCA2/ALOX5/IL6ST/SIRPB1/ACTB/PTK2B/GSK3B/TRAF6/TGFB1/PRKCA/CD44/NRP1/NR5A2/CBFB/LDB1/EFNB1/GPR65/ZMIZ1/NID1/LYN/MMRN1/LILRB2/NCKAP1L/CD4/PTPN23/PDCD1LG2/PIEZO1/ABL1/RREB1/EFNB2/VAV3/DAB2/CRKL/ITPKB/DUSP10/ADAM9/PTPRJ/PIK3CD/JUP/TGFBR2/PRKAA1/JAK1/SOX13/P2RY12/PREX1/UTRN/EP300/EBI3/ETS1/PLEKHA2/RELA/TEK/KDR/CD209/GCNT1/STK4/VAV1/CITED2/SMARCC2/VCAM1/CR1","GO_BP"
"GOBP_LYMPHOCYTE_DIFFERENTIATION","GOBP_LYMPHOCYTE_DIFFERENTIATION",343,-0.498088467038646,-1.8008537782024,6.89230170667121e-09,7.32347127855366e-07,5.42779304537608e-07,2145,"tags=28%, list=17%, signal=24%","OPA1/STAT5A/RSAD2/PIK3R3/DROSHA/PCK1/PTGER4/SASH3/IL12RB1/NFATC3/CLPTM1/RAG1/ADAM17/RARA/BRAF/PGLYRP2/TBX21/RIPK3/SMARCB1/SYK/PIK3R1/PLCG2/STAT5B/MFNG/HDAC5/TOP2B/TSC1/TMEM131L/CMTM7/NOTCH2/CYP26B1/ST3GAL1/IL15RA/RORA/ATP7A/TCF3/LOXL3/PTPRC/PTPN6/LAG3/ITGB1/CD86/IKZF1/MERTK/LEPR/PRKDC/CAMK4/SMARCA2/LAPTM5/MAFB/DOCK10/ONECUT1/IL6ST/ACTB/PTK2B/TGFB1/SPI1/ZFPM1/SOS1/CBFB/TP53/GPR65/ZMIZ1/CTSL/LILRB2/DLL4/NCKAP1L/EGR1/CD4/HDAC9/ABL1/LIPA/ITPKB/DUSP10/NRARP/PTPRJ/PIK3CD/FZD5/IRF8/FGL2/TGFBR2/FCER1G/JAK1/NFAM1/SOX13/PREX1/EP300/DOCK2/HDAC4/INPP5D/CLEC4G/AXL/VAV1/SMARCC2/VCAM1/CR1","GO_BP"
"GOBP_MITOCHONDRIAL_RESPIRATORY_CHAIN_COMPLEX_ASSEMBLY","GOBP_MITOCHONDRIAL_RESPIRATORY_CHAIN_COMPLEX_ASSEMBLY",92,0.687074918756536,2.14249626128389,7.42245692713634e-09,7.53626793335243e-07,5.58550735312225e-07,1936,"tags=39%, list=15%, signal=33%","UQCRFS1/PET100/COA5/NDUFAF5/UQCC2/SDHAF2/LYRM2/SLC25A33/TMEM126B/TMEM126A/IMMP2L/COA6/NDUFAF6/COA8/NDUFS5/COA1/COX7A1/NDUFS3/NDUFB3/HIGD1A/NDUFB2/NDUFAF1/NDUFAF4/SURF1/UQCC4/UQCC5/NDUFS4/TMEM70/SMIM20/COA3/COX14/SDHAF4/COA4/TACO1/PET117/NDUFAF2","GO_BP"
"GOBP_DEVELOPMENTAL_GROWTH","GOBP_DEVELOPMENTAL_GROWTH",498,-0.453264025067369,-1.69303549724501,7.29825889544079e-09,7.53626793335243e-07,5.58550735312225e-07,2401,"tags=30%, list=19%, signal=25%","RUNX1/ULK1/RBP4/GRN/DISC1/CLASP2/GPX1/WDR11/CD2AP/NCAPG2/LIMK1/CTDP1/CFLAR/CDKN1C/ADCY10/FN1/AUTS2/RARB/SEMA5B/BBS2/LRP4/STAT5A/NPR2/HSF1/DAG1/CYFIP2/SASH3/DNM2/STK40/NTN1/GPD2/BMPR2/RARA/WDTC1/KIF26B/VPS13B/CTTN/PDLIM5/PLXNA1/INTS1/IGF1/SELENON/COX10/STAT5B/AKAP6/BCL9/WDR48/TAF8/PSAP/CD9/SPG11/HEY2/NOTCH2/SOCS2/SPTBN4/G6PC1/TNN/APBA2/SMAD3/CHST11/IGF2/VPS13A/KLF2/FGFR3/CXCL12/ZMPSTE24/ERCC6/CSF1/KDM5B/LATS1/LATS2/S1PR1/GATA4/MTM1/HOXA5/RAI1/ITGB1/ZEB2/FGFR1/CLIC4/LEPR/ARHGAP4/APBA1/KMT2D/HEG1/JARID2/GAS1/PTCH1/USP9X/MED1/NRN1/OLFM1/GIGYF2/SMAD4/GNAS/MACF1/COBL/GSK3B/PLAC8/TGFB1/NRP1/SMURF1/SOS1/DDR2/NR5A2/PROX1/TP53/ATRN/RAPH1/DIPK2A/SLC23A2/SEMA5A/ZMIZ1/MEGF8/PLG/APP/PPARA/TNS2/NPY1R/ABL1/NOTCH1/TRPC5/PLEC/DUSP10/WWC3/SEMA4D/TGFBR2/SPAG9/BMP10/TGFBR3/ACACB/MYH10/EP300/TBL1XR1/PTPRS/ATN1/MED12/BASP1/SPTBN2/CYFIP1/PRLR/FTO/SIN3A/IQGAP1/STK4/LGMN/PRKAR1A/NRP2/SKI","GO_BP"
"GOBP_REGULATION_OF_TRANSMEMBRANE_RECEPTOR_PROTEIN_SERINE_THREONINE_KINASE_SIGNALING_PATHWAY","GOBP_REGULATION_OF_TRANSMEMBRANE_RECEPTOR_PROTEIN_SERINE_THREONINE_KINASE_SIGNALING_PATHWAY",213,-0.551321067003638,-1.90125118467067,8.57261252430508e-09,8.51484057033693e-07,6.31077677132481e-07,1573,"tags=25%, list=12%, signal=22%","NOTCH2/ZC3H3/CTDSPL2/SMAD3/CHST11/ACVR2A/LATS1/LATS2/SAP130/GATA4/PBLD/ZEB2/HDAC1/CRIM1/ZNF423/ONECUT1/RNF111/PARP1/SMAD4/UBE2O/TGFB1/SMURF1/ING1/TP53/SPRED1/SMAD6/PPARA/NUMA1/ABL1/NOTCH1/SNX6/DAB2/CRKL/NRROS/MTMR4/BCL9L/TGFBR2/BMP10/BMPER/TGFBR3/LRP1/EP300/ENG/BMP6/GLG1/CREBBP/KDR/SIN3A/ACVRL1/CITED2/HIPK2/CDH5/SKI","GO_BP"
"GOBP_CELL_SURFACE_RECEPTOR_PROTEIN_SERINE_THREONINE_KINASE_SIGNALING_PATHWAY","GOBP_CELL_SURFACE_RECEPTOR_PROTEIN_SERINE_THREONINE_KINASE_SIGNALING_PATHWAY",296,-0.515200439219748,-1.83940401454129,1.12348475204001e-08,1.08597405095435e-06,8.04870010003371e-07,1573,"tags=24%, list=12%, signal=22%","NOTCH2/ZC3H3/LTBP3/CTDSPL2/SMAD3/CHST11/ACVR2A/ERO1A/LATS1/LATS2/SAP130/GATA4/PBLD/ITGB1/FERMT2/ZEB2/FURIN/PTK2/HDAC1/APPL2/CRIM1/ZNF423/USP9X/ONECUT1/RNF111/PARP1/SMAD4/PDCD4/UBE2O/TGFB1/SPI1/TAB1/SMURF1/ING1/TGFBRAP1/HIVEP1/TP53/SPRED1/ZMIZ1/SMAD6/MEGF8/EGR1/PPARA/NUMA1/ABL1/NOTCH1/SNX6/DAB2/CRKL/NRROS/MTMR4/BCL9L/ADAM9/TGFBR2/BMP10/SPTBN1/BMPER/TGFBR3/PTPRK/LRP1/EP300/ENG/BMP6/GLG1/CREBBP/KDR/SIN3A/ACVRL1/CITED2/HIPK2/CDH5/SKI","GO_BP"
"GOBP_LEUKOCYTE_PROLIFERATION","GOBP_LEUKOCYTE_PROLIFERATION",271,-0.516152694527757,-1.82780762440616,1.14087884538868e-08,1.08597405095435e-06,8.04870010003371e-07,1822,"tags=26%, list=14%, signal=23%","RIPK3/IGF1/SYK/FYN/PIK3CG/STAT5B/TMEM131L/DLG5/CD55/TCF3/CD274/LILRB1/CSF2RB/RAC2/IGF2/NCK2/PTPRC/ZNF335/DOCK8/CSF1/HLA-E/PTPN6/TNFRSF21/CNN2/IGFBP2/CD86/PTK2/IL33/CEBPB/LAPTM5/IL6ST/ITCH/CD300A/TNFRSF1B/TRAF6/TGFB1/SOS1/NR5A2/ACE/PELI1/TP53/EFNB1/LYN/LILRB2/NCKAP1L/CD4/PDCD1LG2/TLR4/ABL1/VAV3/LIPA/NF1/TGFBR2/ELF4/CD180/RASSF5/ALKBH5/DOCK2/FCGR3A/EBI3/PRLR/INPP5D/CD38/CD209/VSIG4/CLEC4G/CSF1R/PRKAR1A/VCAM1/CR1","GO_BP"
"GOBP_LEUKOCYTE_CELL_CELL_ADHESION","GOBP_LEUKOCYTE_CELL_CELL_ADHESION",336,-0.494299887362726,-1.7879362131089,1.31400567986311e-08,1.22524325536623e-06,9.08089424730315e-07,1931,"tags=26%, list=15%, signal=23%","RAG1/FERMT3/RARA/TBX21/YES1/IGF1/SMARCB1/SYK/FLOT2/FYN/ITGAL/STAT5B/TMEM131L/DLG5/CD55/NFAT5/CD274/LILRB1/RAC2/IGF2/NCK2/LOXL3/PTPRC/CXCL12/DOCK8/HLA-E/PTPN6/LAG3/TNFRSF21/IGFBP2/ITGB1/FBXO38/ICAM1/CD86/UFL1/CEBPB/SMARCA2/LAPTM5/ALOX5/SELPLG/IL6ST/ITCH/PECAM1/SIRPB1/ACTB/CD300A/TRAF6/TGFB1/CD44/WNK1/NR5A2/CBFB/PELI1/EFNB1/GPR65/ZMIZ1/LYN/LILRB2/ASS1/NCKAP1L/CD4/PPARA/PDCD1LG2/ABL1/EFNB2/ITPKB/DUSP10/CLEC4M/NRARP/PIK3CD/SEMA4D/FGL2/TGFBR2/PRKAA1/STK10/SOX13/EP300/EBI3/ETS1/RELA/CD209/VSIG4/GCNT1/CLEC4G/VAV1/PRKAR1A/SMARCC2/VCAM1/CR1","GO_BP"
"GOBP_T_CELL_ACTIVATION","GOBP_T_CELL_ACTIVATION",465,-0.456697488577099,-1.70304395117401,1.5569730994835e-08,1.42276201830802e-06,1.05448051811335e-06,2275,"tags=28%, list=18%, signal=23%","SRC/RIPOR2/NFKBIZ/NCSTN/SP3/CD84/OPA1/STAT5A/RSAD2/PIK3R3/DROSHA/PCK1/PTGER4/SASH3/IL12RB1/LCP1/NFATC3/CLPTM1/RAG1/ADAM17/RARA/BRAF/PLXNA1/TBX21/YES1/RIPK3/IGF1/SMARCB1/SYK/PIK3R1/FLOT2/FYN/ITGAL/PIK3CG/STAT5B/TSC1/TMEM131L/DLG5/CD55/CYP26B1/RORA/ATP7A/CD274/LILRB1/CD7/RAC2/SMAD3/IGF2/NCK2/LOXL3/PTPRC/DOCK8/WDFY4/HLA-E/PTPN6/LAG3/TNFRSF21/BAG6/IGFBP2/FBXO38/ICAM1/WAS/CD86/UFL1/LEPR/PRKDC/CAMK4/CEBPB/SMARCA2/LAPTM5/MAFB/KIF13B/IL6ST/ITCH/SIRPB1/ACTB/CD300A/TNFRSF1B/TRAF6/TGFB1/CD44/SPI1/ZFPM1/SOS1/NR5A2/CBFB/PELI1/TP53/EFNB1/GPR65/ZMIZ1/MYH9/LYN/CTSL/LILRB2/DLL4/NCKAP1L/EGR1/CD4/PDCD1LG2/ABL1/EFNB2/LIPA/ITPKB/DUSP10/NRARP/PIK3CD/FZD5/FGL2/TGFBR2/FCER1G/PRKAA1/JAK1/ELF4/SOX13/PREX1/EP300/ALKBH5/DOCK2/EBI3/CD209/VSIG4/CLEC4G/VAV1/PRKAR1A/SMARCC2/VCAM1/CR1","GO_BP"
"GOBP_NEURON_PROJECTION_GUIDANCE","GOBP_NEURON_PROJECTION_GUIDANCE",160,-0.592951171746894,-1.97952299661345,1.67893224872218e-08,1.50412577341404e-06,1.11478329084401e-06,2121,"tags=32%, list=17%, signal=27%","SEMA5B/ROBO1/DAG1/CYFIP2/NTN3/NTN1/TRIO/B3GNT2/FEZ1/ADAM17/BMPR2/ARHGEF40/PLXNA1/PALLD/FYN/EVL/NOTCH2/CXCL12/KALRN/NCAM1/PTK2/PTCH1/SMAD4/RELN/PTPRM/ECE1/NRP1/APBB2/SOS1/EFNB1/PTPRO/SEMA5A/MEGF8/APP/SEMA4G/NOTCH1/ARHGAP35/EFNB2/PTPRJ/SEMA6B/SCN1B/SEMA4D/NOVA2/MYH10/YTHDF1/NTN4/ROBO4/CYFIP1/SEMA6A/CSF1R/NRP2","GO_BP"
"GOBP_SYNAPSE_ORGANIZATION","GOBP_SYNAPSE_ORGANIZATION",379,-0.478497584154258,-1.75522267571203,1.79782996917912e-08,1.57967021714989e-06,1.17077307911928e-06,2406,"tags=30%, list=19%, signal=25%","ADGRL2/PALM/GRN/DISC1/CLASP2/CD2AP/CHCHD10/SDK2/C3/ANK3/KIF1A/SENP1/LRP4/OGT/GPR158/DAG1/ITGB3/CYFIP2/IL1RAP/DOCK4/LRFN3/NTN1/APPL1/F2R/CTTN/PDLIM5/PLXNA1/FYN/TSC1/ZDHHC8/PCDHGC3/DLG5/DCTN1/SPG11/GIT1/TANC2/ABHD17B/SPTBN4/CTTNBP2/SIPA1L1/C1QA/NEDD9/NEFH/ARHGEF15/SRGAP2/LATS1/STRN4/PPFIA1/DOCK1/ITGB1/ELFN1/FARP1/FGFR1/PLXNA2/DLGAP4/NEURL1/DOCK10/PTPRF/PDXP/BSN/SLC6A1/NRN1/ABI3/UBE3B/ACTB/MECP2/IGF1R/NCKIPSD/PTK2B/ALS2/RELN/ERC1/PRKCA/NRP1/APBB2/PLXNB1/CUX2/GPM6A/ACTN1/PTPRO/WASL/LILRB2/CLSTN1/APP/PTPN1/SNX27/ABL1/EFNB2/SSH1/CRKL/ELMO1/AGO2/NF1/SEMA4D/FZD5/AGAP1/RAP1B/ITSN1/EEF2K/MYH10/SHANK3/PTPRS/C1QB/LRRC4/SPTBN2/C1QC/CYFIP1/PLXND1/PLXNB2/CDH2/PPFIBP1/IL10RA/LGMN/ETV5/NRP2","GO_BP"
"GOBP_REGULATION_OF_CELLULAR_RESPONSE_TO_GROWTH_FACTOR_STIMULUS","GOBP_REGULATION_OF_CELLULAR_RESPONSE_TO_GROWTH_FACTOR_STIMULUS",250,-0.523879228309871,-1.84671285420347,1.96634790338041e-08,1.69514029632926e-06,1.25635376468218e-06,2124,"tags=30%, list=17%, signal=26%","CFLAR/NR2F2/DMD/CDKN1C/OGT/ROBO1/SPRY3/ITGB3/CYFIP2/ILK/PCSK6/ADAM17/PALS1/HIF1AN/TOB1/PRKCB/BCL9/ATP2B4/FZD4/NOTCH2/HGS/CTDSPL2/SMAD3/CHST11/LATS1/LATS2/SAP130/GATA4/PBLD/ITGB1/ZEB2/HDAC1/GRB10/CRIM1/ZNF423/ONECUT1/RNF111/SMAD4/UBE2O/NRP1/SMURF1/ING1/PROX1/MMRN2/TP53/SPRED1/HIF1A/SMAD6/MMRN1/PTPN1/JCAD/PPARA/NUMA1/ABL1/NOTCH1/SNX6/NRROS/ARNT/MTMR4/BCL9L/BMPER/TGFBR3/EP300/ENG/GLG1/CYFIP1/CREBBP/KDR/SIN3A/ACVRL1/SEMA6A/CITED2/HIPK2/CDH5/SKI","GO_BP"
"GOBP_CELL_SUBSTRATE_ADHESION","GOBP_CELL_SUBSTRATE_ADHESION",299,-0.504438247690882,-1.8014413501069,2.24570652310918e-08,1.90011724149738e-06,1.40827249217198e-06,2301,"tags=33%, list=18%, signal=28%","JAK2/TRIOBP/TRPM7/SRC/FN1/PEAK1/CD36/ZYX/ADAMTS9/RIN2/PPM1F/DAG1/ITGB3/PLPP3/PKD1/ILK/SORBS3/PTPRA/FERMT3/BRAF/ITGA1/CTTN/SNED1/LAMC1/PIK3R1/ITGAL/TSC1/NID2/ADAMTS13/FZD4/ACTN4/FOXF1/TNN/NEDD9/RAC2/SMAD3/TAOK2/SRGAP2/CSF1/PPFIA1/DOCK1/ITGB1/FERMT2/MERTK/PTK2/ITGA9/ONECUT1/KANK1/PECAM1/MACF1/ACER2/PTK2B/GSK3B/CD44/NRP1/VAMP3/ACTN1/LDB1/NF2/PTPRO/SMAD6/NID1/LIMCH1/PLG/PTPN1/ROCK2/EDA/ABL1/RREB1/NOTCH1/ANGPT2/ATP1B2/ITGAD/DAB2/CRKL/TLN1/ADAM9/PTPRJ/NF1/JUP/SLK/SORBS1/PTPRK/PREX1/UTRN/NTN4/TIAM1/CLASP1/PLEKHA2/TEK/DLC1/KDR/MINK1/ACVRL1/AXL/STK4/LYVE1/SIGLEC1/VCAM1","GO_BP"
"GOBP_REGULATION_OF_VASCULAR_PERMEABILITY","GOBP_REGULATION_OF_VASCULAR_PERMEABILITY",37,-0.817821693148764,-2.17571561043564,3.49025690170749e-08,2.89945159707301e-06,2.14892946464938e-06,1200,"tags=43%, list=9%, signal=39%","FERMT2/ZEB2/TJP1/TGFB1/HRH1/OCLN/ARHGAP35/PLEC/PTPRJ/BMP6/NPR1/TJP2/TEK/PDE2A/AKAP12/CDH5","GO_BP"
"GOBP_HOMOPHILIC_CELL_ADHESION_VIA_PLASMA_MEMBRANE_ADHESION_MOLECULES","GOBP_HOMOPHILIC_CELL_ADHESION_VIA_PLASMA_MEMBRANE_ADHESION_MOLECULES",83,-0.677221667151439,-2.07323566756274,3.65745517208404e-08,2.98409155022356e-06,2.21166039259292e-06,2238,"tags=39%, list=18%, signal=32%","SDK2/CD84/ROBO1/PKD1/DSG1/PALLD/PTPRG/PCDHGA3/CADM2/PCDHGC3/ESAM/PCDHGB5/PCDH1/FAT4/ITGB1/PCDHGA9/PECAM1/PCDHGA10/PTPRM/PCDHGB7/DSC2/CLSTN1/PTPRT/PCDHGB6/PTPN23/PCDH12/ROBO4/CDH23/PLXNB2/CDH2/DCHS1/CDH5","GO_BP"
"GOBP_NEGATIVE_REGULATION_OF_LEUKOCYTE_PROLIFERATION","GOBP_NEGATIVE_REGULATION_OF_LEUKOCYTE_PROLIFERATION",82,-0.684961607169222,-2.08943919580659,4.15263059831574e-08,3.32866126380783e-06,2.46703834437336e-06,1697,"tags=30%, list=13%, signal=27%","TMEM131L/DLG5/CD274/LILRB1/HLA-E/PTPN6/TNFRSF21/CD86/IL33/CEBPB/LAPTM5/ITCH/CD300A/TGFB1/PELI1/LYN/LILRB2/PDCD1LG2/NF1/RASSF5/INPP5D/VSIG4/CLEC4G/PRKAR1A/CR1","GO_BP"
"GOBP_GLIOGENESIS","GOBP_GLIOGENESIS",253,-0.518696079140289,-1.83245318494929,4.45102763382454e-08,3.50633538947316e-06,2.59872157858685e-06,2026,"tags=27%, list=16%, signal=23%","PLPP3/ILK/TAL1/NTN1/CUL4B/PALS1/EEF2/P2RX4/SUN2/IGF1/B4GALT5/CD9/DLG5/ABCA2/C1QA/VPS13A/CERS6/SRGAP2/CSF1/TNFRSF21/ZEB2/NDUFS2/UFL1/LEPR/WDR1/HDAC1/IL33/QKI/IL6ST/MECP2/RELN/TNFRSF1B/TGFB1/DAAM2/SOS1/NFE2L1/TP53/NF2/PRKCH/ZMIZ1/LYN/SUN1/APP/TLR4/ABL1/NOTCH1/PFKFB3/ATP1B2/PLEC/CRKL/NRROS/DUSP10/PTPRJ/NF1/PRKCI/DICER1/SYNE2/LRP1/SOX13/P2RY12/MED12/PTPRB/RELA/CDH2/KCNJ10/CSF1R/ETV5/SKI","GO_BP"
"GOBP_TRANSFORMING_GROWTH_FACTOR_BETA_RECEPTOR_SIGNALING_PATHWAY","GOBP_TRANSFORMING_GROWTH_FACTOR_BETA_RECEPTOR_SIGNALING_PATHWAY",185,-0.55703329898645,-1.89248413727347,4.91130576797985e-08,3.80334848371186e-06,2.8188529269565e-06,1406,"tags=26%, list=11%, signal=24%","SMAD3/CHST11/ERO1A/LATS1/LATS2/SAP130/PBLD/ITGB1/FERMT2/ZEB2/FURIN/PTK2/HDAC1/APPL2/USP9X/ONECUT1/RNF111/PARP1/SMAD4/TGFB1/SPI1/TAB1/SMURF1/ING1/TGFBRAP1/TP53/SPRED1/ZMIZ1/SMAD6/PPARA/SNX6/DAB2/NRROS/MTMR4/BCL9L/ADAM9/TGFBR2/TGFBR3/PTPRK/EP300/ENG/GLG1/CREBBP/SIN3A/ACVRL1/CITED2/HIPK2/CDH5/SKI","GO_BP"
"GOBP_CELL_JUNCTION_ASSEMBLY","GOBP_CELL_JUNCTION_ASSEMBLY",368,-0.477577256025626,-1.74474748142787,5.0252983841007e-08,3.82676471949268e-06,2.8362078774828e-06,2608,"tags=37%, list=20%, signal=30%","PTPRD/FER/ARHGAP6/PLXNA4/LRFN1/SLITRK3/ARHGEF7/LIN7C/SEMA4C/MYO9A/RCC2/EPB41L5/EPHA2/ADGRL2/CLASP2/TESK2/CLDN14/MPP7/SRC/PARD6B/SDK2/FN1/PEAK1/IKBKB/SENP1/LRP4/OGT/PPM1F/ITGB3/CYFIP2/IL1RAP/DOCK4/LRFN3/MPDZ/NTN1/PTPRA/HDAC7/DST/CTTN/PDLIM5/PLXNA1/LAMC1/DSG1/APLNR/SH3BP1/TSC1/ZDHHC8/CD9/DLG5/APC/PAK2/ESAM/SMAD3/ARHGEF15/TAOK2/PIP5K1C/SRGAP2/LATS1/DOCK1/FERMT2/ELFN1/FARP1/FGFR1/PLXNA2/GPBAR1/TJP1/PTK2/WDR1/NEURL1/PATJ/DOCK10/BSN/ABI3/UBE3B/PECAM1/MACF1/ACTB/MECP2/NCKIPSD/PTK2B/RELN/PRKCA/NRP1/PLXNB1/CLDN23/CUX2/GPM6A/RAPGEF2/ACE/ACTN1/LDB1/PRKACA/PTPRO/PRKCH/LIMCH1/OCLN/CLSTN1/SNAI2/APP/PTPN1/ROCK2/STRN/HIPK1/ABL1/EFNB2/PLEC/CRKL/TNS1/TLN1/PTPRJ/ELMO1/JUP/SEMA4D/FZD5/MARVELD2/RAP1B/SLK/FSCN1/SORBS1/EEF2K/RAPGEF1/PTPRK/CLASP1/SHANK3/PTPRS/LRRC4/SPTBN2/PLXND1/PLXNB2/CDH2/TEK/DLC1/KDR/ACVRL1/EPB41L3/CDH5","GO_BP"
"GOBP_MORPHOGENESIS_OF_A_BRANCHING_STRUCTURE","GOBP_MORPHOGENESIS_OF_A_BRANCHING_STRUCTURE",149,-0.5878721425752,-1.94830327703032,5.4270606148038e-08,3.99939354016751e-06,2.96415178231305e-06,1851,"tags=28%, list=14%, signal=24%","PLXNA1/IGF1/GREB1L/HS3ST3A1/DLG5/TIE1/FEM1B/FRS2/FOXF1/PKD2/CSF1/KDM5B/HOXA5/FGFR1/CLIC4/MET/PTCH1/MED1/SMAD4/TGFB1/NRP1/PROX1/CTNND1/DLL4/NOTCH4/SNAI2/ESRP2/ABL1/NOTCH1/NRARP/FZD5/TGFBR2/RASIP1/LRP5/NTN4/ENG/PLXND1/KDR/STK4/DCHS1/RERE/ETV5","GO_BP"
"GOBP_RRNA_METABOLIC_PROCESS","GOBP_RRNA_METABOLIC_PROCESS",254,0.519919410329052,1.85101236723317,5.36881938262687e-08,3.99939354016751e-06,2.96415178231305e-06,2027,"tags=31%, list=16%, signal=26%","RPL7L1/RPS7/NOP10/RPL7/RPL26/GTF3C6/RPS14/LSM6/RPS17/FCF1/NOP58/DCAF13/FRG1/MRTO4/RPS24/RPS19/PELO/RPP38/PAK1IP1/ESF1/FBL/MPHOSPH6/RPF1/EXOSC9/DKC1/TSR2/EXOSC8/PIN4/NIFK/UTP3/MACROH2A2/RPL11/UTP18/MACROH2A1/NSA2/EXOSC3/GAR1/GTF3A/EMG1/METTL5/POP4/DDX10/YTHDF2/PES1/WDR46/ZNHIT3/NHP2/BYSL/TOP1/RCL1/POP5/MPHOSPH10/SBDS/EXOSC1/RRP7A/GTF2H5/RPS8/EBNA1BP2/PIH1D1/RRP36/DDX21/REXO5/RPF2/BRIX1/RPL5/MRM2/RPS6/DDX52/BUD23/DDX18/METTL18/ISG20/UTP11/RIOK1/RPL35A/NGDN/POLR1F/RBFA","GO_BP"
"GOBP_MITOCHONDRIAL_TRANSLATION","GOBP_MITOCHONDRIAL_TRANSLATION",128,0.615125209842494,2.00238458434589,5.68155658797362e-08,4.12048127784944e-06,3.05389599724497e-06,1618,"tags=30%, list=13%, signal=27%","MRPL51/MRPL13/TRMT10C/MRPS21/MRPL44/MRPL30/MRPL47/MRPL1/MRPL15/MRPS16/UQCC2/MRPL48/CDK5RAP1/MRPS7/CHCHD1/MRPS33/MRPL27/AURKAIP1/MRPS6/MPV17L2/TRUB2/MRPL32/MRPS23/MRPL54/MRPS5/TSFM/MRPL11/MRPS25/MRPL20/MTIF3/MRPS31/MRPS28/MRPS18C/COA3/MRPL18/MRPL28/MRPL24/MRPL14/MRPL50","GO_BP"
"GOBP_BRANCHING_MORPHOGENESIS_OF_AN_EPITHELIAL_TUBE","GOBP_BRANCHING_MORPHOGENESIS_OF_AN_EPITHELIAL_TUBE",117,-0.614425125123336,-1.97122298743565,8.72210950143269e-08,6.22676848625718e-06,4.61497142534687e-06,2087,"tags=31%, list=16%, signal=26%","DAG1/PKD1/ILK/IGF1/GREB1L/HS3ST3A1/DLG5/TIE1/FOXF1/PKD2/CSF1/KDM5B/HOXA5/CLIC4/MET/PTCH1/MED1/SMAD4/TGFB1/NRP1/CTNND1/DLL4/NOTCH4/ESRP2/ABL1/NOTCH1/NRARP/TGFBR2/RASIP1/LRP5/ENG/PLXND1/KDR/STK4/DCHS1/ETV5","GO_BP"
"GOBP_AMEBOIDAL_TYPE_CELL_MIGRATION","GOBP_AMEBOIDAL_TYPE_CELL_MIGRATION",199,-0.549426714041898,-1.88786914744251,9.41563337546861e-08,6.61846598346401e-06,4.90527814880688e-06,2541,"tags=37%, list=20%, signal=30%","ARHGEF7/SEMA4C/LTB4R2/RCC2/SEMA4B/EPB41L5/ITGA4/HTR2B/PML/RAB11A/CLASP2/SRC/FN1/SEMA5B/PPM1F/ITGB3/ARHGDIB/ILK/MCC/BMPR2/APPL1/BRAF/KANK2/PLCG2/PTPRG/EVL/PRR5L/SMAD3/SRGAP2/DOCK1/ITGB1/ZEB2/MAPRE2/PTK2/ARHGAP4/SYDE1/APPL2/KANK1/SMAD4/MACF1/IQSEC1/TGFB1/DAAM2/NRP1/DDR2/PROX1/AMOTL2/EFNB1/SEMA5A/HIF1A/AMOTL1/OCLN/MEGF8/SNAI2/SEMA4G/PTPN23/RREB1/PLEC/TNS1/DUSP10/ADAM9/SEMA6B/AGO2/SEMA4D/TGFBR2/LRP5/CLASP1/ENG/SASH1/CDH2/IQGAP1/AKAP12/SEMA6A/NRP2","GO_BP"
"GOBP_RESPONSE_TO_TRANSFORMING_GROWTH_FACTOR_BETA","GOBP_RESPONSE_TO_TRANSFORMING_GROWTH_FACTOR_BETA",233,-0.525238295502183,-1.84068255017542,9.71566632029005e-08,6.6556039721915e-06,4.93280298085267e-06,1406,"tags=25%, list=11%, signal=23%","PAK2/LTBP3/SMAD3/CHST11/ERO1A/LATS1/LATS2/SAP130/PBLD/ITGB1/FERMT2/ZEB2/FURIN/PTK2/HDAC1/APPL2/USP9X/ONECUT1/RNF111/PARP1/SMAD4/TGFB1/SPI1/TAB1/WWOX/SMURF1/DDR2/ING1/TGFBRAP1/TP53/SPRED1/ZMIZ1/SMAD6/PPARA/ROCK2/ABL1/SOX5/SNX6/DAB2/CRKL/NRROS/MTMR4/BCL9L/ADAM9/TGFBR2/TGFBR3/PTPRK/EP300/ENG/GLG1/CREBBP/PDE2A/SIN3A/ACVRL1/CITED2/HIPK2/CDH5/SKI","GO_BP"
"GOBP_REGULATION_OF_T_CELL_ACTIVATION","GOBP_REGULATION_OF_T_CELL_ACTIVATION",312,-0.487682251907929,-1.74707618833329,9.75980446786671e-08,6.6556039721915e-06,4.93280298085267e-06,2074,"tags=26%, list=16%, signal=22%","DROSHA/PCK1/SASH3/IL12RB1/CLPTM1/RAG1/RARA/BRAF/TBX21/YES1/RIPK3/IGF1/SMARCB1/SYK/FLOT2/FYN/STAT5B/TMEM131L/DLG5/CD55/CYP26B1/CD274/LILRB1/RAC2/IGF2/NCK2/LOXL3/PTPRC/DOCK8/HLA-E/PTPN6/LAG3/TNFRSF21/IGFBP2/FBXO38/CD86/UFL1/CAMK4/CEBPB/SMARCA2/LAPTM5/IL6ST/ITCH/SIRPB1/ACTB/CD300A/TNFRSF1B/TRAF6/TGFB1/SOS1/NR5A2/CBFB/PELI1/EFNB1/GPR65/ZMIZ1/LYN/LILRB2/NCKAP1L/CD4/PDCD1LG2/ABL1/EFNB2/ITPKB/DUSP10/NRARP/PIK3CD/FGL2/TGFBR2/PRKAA1/SOX13/EP300/EBI3/CD209/VSIG4/CLEC4G/VAV1/PRKAR1A/SMARCC2/VCAM1/CR1","GO_BP"
"GOBP_MYELOID_CELL_DIFFERENTIATION","GOBP_MYELOID_CELL_DIFFERENTIATION",365,-0.4745527809265,-1.7311501020244,1.08556667370613e-07,7.29405019435783e-06,5.40598759955516e-06,1815,"tags=27%, list=14%, signal=24%","TOB2/PIK3R1/TPM4/MTURN/STAT5B/SH3PXD2A/GAB2/ZNF385A/ARID3C/NOTCH2/KAT8/SLC1A5/LILRB1/NEDD9/RAC2/ACVR2A/VPS13A/KLF2/PTBP3/CSF1/PTPN6/HOXA5/SBNO2/IKZF1/UFL1/EVI2B/PRKDC/HNRNPU/WDR1/IL33/CAMK4/CEBPB/GABPA/FECH/QKI/MAFB/MED1/CNOT4/RASSF2/PARP1/GAB3/UBASH3B/PTK2B/TRAF6/TGFB1/PRKCA/HCLS1/SPI1/ZFPM1/ZBTB46/CBFB/ACTN1/LDB1/NFE2L1/NCOA6/HIF1A/MYH9/L3MBTL3/LYN/KCNQ1/BRD1/NCKAP1L/CD4/APP/PDE1B/FLI1/CLEC1B/TLR4/CSF3R/TMOD3/PIP4K2A/LIPA/ITPKB/NRROS/LRRK1/ARNT/PTPRJ/PIK3CD/GPR137B/MAF/NF1/IRF8/TGFBR2/FCER1G/RASGRP4/LBR/RPTOR/TGFBR3/EPAS1/ADGRF5/CCR1/EP300/ETS1/C1QC/INPP5D/PDE2A/KAT6A/CSF1R/CITED2/HIPK2","GO_BP"
"GOBP_POSITIVE_REGULATION_OF_CELL_DEVELOPMENT","GOBP_POSITIVE_REGULATION_OF_CELL_DEVELOPMENT",337,-0.48321428844495,-1.74905559093181,1.30684699829346e-07,8.65359990609104e-06,6.41361829673541e-06,2278,"tags=30%, list=18%, signal=25%","LIMK1/NFKBIZ/MME/ADCY10/OBSL1/FN1/OPA1/STAT5A/ROBO1/GPER1/HSF1/DAG1/PCK1/SASH3/CUL7/IL12RB1/NTN1/RAG1/BMPR2/RARA/BRAF/ABCB1/RFX3/SMARCB1/SYK/STAT5B/FZD4/NOTCH2/IL15RA/ADD1/NEDD9/PTPRC/ZNF335/CXCL12/SRRT/CSF1/MAN2A1/FBXW8/ITGB1/CD86/ZEB2/UFL1/EVI2B/PRKDC/HDAC1/NEURL1/SMARCA2/QKI/IL6ST/MACF1/ACTB/MECP2/RELN/TNFRSF1B/TRAF6/TGFB1/PRKCA/HCLS1/SPI1/NRP1/PLXNB1/SMURF1/CUX2/ZBTB46/CBFB/GPR65/SEMA5A/HIF1A/PRKCH/ZMIZ1/LYN/MEGF8/LILRB2/NCKAP1L/CD4/NOTCH1/TRPC5/ITPKB/DUSP10/SEMA4D/TGFBR2/PRKCI/DICER1/RPTOR/EEF2K/SOX13/KDM1A/CCR1/EP300/TIAM1/SHANK3/SPEN/PLXND1/PLXNB2/INPP5D/RELA/AXL/ETV5/SMARCC2/CDH5/CR1","GO_BP"
"GOBP_PROTON_TRANSMEMBRANE_TRANSPORT","GOBP_PROTON_TRANSMEMBRANE_TRANSPORT",128,0.609285556585031,1.98337506974046,1.35144424097642e-07,8.69682920707221e-06,6.44565770677709e-06,1456,"tags=32%, list=11%, signal=29%","UQCRFS1/NDUFB8/ATP5PB/COX6B1/ATP5MG/NDUFA8/ATP6V0B/NDUFB6/UQCRH/ATP6V1D/COX7B/NDUFB5/ATP5MC2/NDUFA1/ATP6V1G1/NDUFS5/SLC17A5/ATP5PO/ATP6V1E2/ATP5ME/NDUFC1/COX7A1/NDUFS3/NDUFB3/ATP6V1E1/NDUFB2/ATP5F1E/ATP6V1F/SURF1/NDUFA9/SLC25A3/ATP5F1C/NDUFB9/ATP5PF/SLC2A10/NDUFS4/ATP6V0D1/DMAC2L/NDUFA3/NDUFA2/ATP6V0E1","GO_BP"
"GOBP_REGULATION_OF_BLOOD_CIRCULATION","GOBP_REGULATION_OF_BLOOD_CIRCULATION",164,-0.567269432864055,-1.89851120360403,1.33384796933258e-07,8.69682920707221e-06,6.44565770677709e-06,2370,"tags=37%, list=19%, signal=31%","HCN3/THRA/SRC/DMD/KCNJ12/GAA/ADCY10/DOCK4/BMPR2/F2R/P2RX4/MEF2A/PIK3CG/TMEM65/ATP2B4/CTNNA3/HEY2/SPTBN4/PDE4B/PER2/NUP155/ZMPSTE24/ADRA1B/GATA4/TMIGD3/KCNMB4/ITGB1/KCND3/ITGA9/ATP2B2/GNAO1/TBXA2R/ABCC9/ADORA3/ECE1/CAMK2D/YWHAE/ACE/PRKACA/CLIC2/ADD3/HRH1/DSC2/KCNQ1/ARHGAP42/APP/PTPN1/ABL1/GRK2/ATP1B2/SCN1B/JUP/BMP10/TBXAS1/EPAS1/CALM1/EHD3/SLC8A1/NOS3/CD38/KCNJ2","GO_BP"
"GOBP_RESPONSE_TO_BMP","GOBP_RESPONSE_TO_BMP",121,-0.617829458808708,-1.99242056974623,1.42954633509497e-07,9.07166278479018e-06,6.72346573099492e-06,1461,"tags=25%, list=11%, signal=22%","NOTCH2/CTDSPL2/ACVR2A/ADAMTS7/GATA4/CRIM1/ZNF423/USP9X/SMAD4/PDCD4/UBE2O/SMURF1/HIVEP1/SMAD6/MEGF8/EGR1/NUMA1/ABL1/NOTCH1/MTMR4/BMP10/BMPER/TGFBR3/ENG/BMP6/KDR/ACVRL1/HIPK2/CDH5/SKI","GO_BP"
"GOBP_CARDIAC_SEPTUM_DEVELOPMENT","GOBP_CARDIAC_SEPTUM_DEVELOPMENT",90,-0.656441853626972,-2.02166379460862,1.51933809107268e-07,9.50939142206995e-06,7.04788844842221e-06,1596,"tags=36%, list=12%, signal=31%","BMPR2/RARA/APLNR/HEY2/NOTCH2/FRS2/GATA4/NPRL3/HEG1/CNTRL/SMAD4/TAB1/NRP1/NDST1/ZFPM1/PROX1/TP53/SMAD6/MAML1/NOTCH1/SUFU/HECTD1/TGFBR2/TGFBR3/MYH10/ENG/PLXND1/NOS3/PDE2A/FGFRL1/CITED2/NRP2","GO_BP"
"GOBP_RESPONSE_TO_PEPTIDE_HORMONE","GOBP_RESPONSE_TO_PEPTIDE_HORMONE",349,-0.473884138426618,-1.71831209771353,1.87833629761293e-07,1.15974574916128e-05,8.5954592737138e-06,3033,"tags=42%, list=24%, signal=33%","MEAK7/PDK4/YWHAG/GCGR/TYK2/SOCS1/CREB1/EDNRB/CUL3/STAT3/SNX5/ZNF106/SIRT1/PTPRE/HADHA/AGTR1/PXN/PIP4K2B/FOXO4/BLVRB/PIK3CA/ZFP36L1/UCP2/NFE2L2/ACVR1C/PIK3C2A/NCOA1/MAPK1/FER/GNAI1/PRKD1/VPS13C/NDEL1/CYBA/TNFRSF11A/SYAP1/SESN3/RBP4/SLC27A1/LONP1/CD2AP/JAK2/CRY2/TBC1D4/SRC/CFLAR/OSBPL8/SCAP/STAT5A/KLF15/OGT/NPR2/GPER1/HSF1/CYC1/DAG1/SRD5A1/ITGB3/PIK3R3/PCK1/CUL7/DENND4C/APPL1/WDTC1/ABCB1/IGF1/PIK3R1/FYN/PRKCB/STAT5B/HDAC5/TSC1/SLC34A1/GPR82/APC/SOCS2/RAB31/G6PC1/HADH/SMAD3/IGF2/CXCL12/GLP2R/PCK2/FBXW8/GPLD1/NCOA5/PTK2/PRKDC/APPL2/LRP6/GRB10/IGFBP5/NONO/SH2B2/KANK1/PARP1/GNAS/IGF1R/SLC30A10/GSK3B/TGFB1/PRKCA/SOS1/DDR2/ACE/PRKACA/ENPP1/SIK2/F7/NCOA2/LYN/ZDHHC7/HMGCS2/ASS1/KCNQ1/IRS1/EGR1/HDAC9/PTPN1/PPARA/ROCK2/ZBED3/TNS2/RAB8A/TSC2/PIP4K2A/GAB1/PTPRJ/C2CD5/PRKCI/MTCL2/PRKAA1/JAK1/LRP5/TGFBR3/SORBS1/EEF2K/CPS1/FABP3/ZNF592/RELA/CYBB/GCNT1/SP1/PRKAR1A/CRHBP","GO_BP"
"GOBP_ADENYLATE_CYCLASE_MODULATING_G_PROTEIN_COUPLED_RECEPTOR_SIGNALING_PATHWAY","GOBP_ADENYLATE_CYCLASE_MODULATING_G_PROTEIN_COUPLED_RECEPTOR_SIGNALING_PATHWAY",131,-0.598510400244607,-1.94460631301249,1.97356092794761e-07,1.20229331730569e-05,8.91080070906311e-06,2429,"tags=38%, list=19%, signal=31%","ADGRE5/ADGRL2/PALM/PTGER2/ADCY10/ADGRG6/GPER1/ITGB3/PTGER4/MGRN1/S1PR5/CALCRL/GPR4/RAPGEF3/APLNR/AKAP6/PTH1R/PSAP/ATP2B4/GPR88/PDE4B/GPR146/GLP2R/S1PR1/ADRA1B/PRKAR2B/GPBAR1/ADCY7/GNAO1/TBXA2R/GNAS/GNG2/ADCY5/ADCY9/PRKCA/FPR1/RAPGEF2/PRKACA/GPR65/APP/NPY1R/ADGRE1/ADGRL4/P2RY12/ABCA1/ADGRF5/PDE2A/AKAP12/PRKAR1A/MARCO","GO_BP"
"GOBP_CARDIAC_CHAMBER_MORPHOGENESIS","GOBP_CARDIAC_CHAMBER_MORPHOGENESIS",95,-0.639630990923427,-1.98408586706767,2.08477397203805e-07,1.25333319450551e-05,9.28908291973186e-06,1596,"tags=35%, list=12%, signal=31%","RARB/ADGRG6/ROBO1/BMPR2/RARA/APLNR/HEY2/NOTCH2/FOXF1/GATA4/HEG1/MED1/SMAD4/TGFB1/NRP1/ZFPM1/SOS1/PROX1/TP53/HIF1A/SMAD6/DLL4/NOTCH1/TGFBR2/BMP10/TGFBR3/ENG/TEK/NOS3/UBE4B/FGFRL1/CITED2/NRP2","GO_BP"
"GOBP_MITOCHONDRIAL_GENE_EXPRESSION","GOBP_MITOCHONDRIAL_GENE_EXPRESSION",166,0.560216712984666,1.9019696150802,2.25183535240288e-07,1.32068757673047e-05,9.78828013579367e-06,1618,"tags=27%, list=13%, signal=23%","MRPL51/MRPL13/TRMT10C/MRPS21/MRPL44/MRPL30/MRPL47/MRPL1/MRPL15/MRPS16/UQCC2/MTRES1/MRPL48/CDK5RAP1/TEFM/SLC25A33/MRPS7/CHCHD1/MRPS33/MRPL27/AURKAIP1/MTERF3/MRPS6/MPV17L2/TRUB2/MRPL32/MRPS23/MRPL54/MRPS5/TSFM/MRPL11/MRPS25/TRNT1/MRPL20/MTIF3/MRPS31/MRPS28/MRPS18C/COA3/MRPL18/MRPL28/MRPL24/MRPL14/MRPL50","GO_BP"
"GOBP_SYNAPTIC_SIGNALING","GOBP_SYNAPTIC_SIGNALING",454,-0.437874881390352,-1.62848445773028,2.25462094517349e-07,1.32068757673047e-05,9.78828013579367e-06,2426,"tags=27%, list=19%, signal=22%","HTR2B/RAB11A/SYAP1/DISC1/DOC2B/CD2AP/JAK2/KCNK3/TMOD2/PLCL2/OSBPL2/DMD/ABR/MME/NCSTN/BAIAP3/MCTP1/NPR2/GPER1/GPR158/DAG1/IL1RAP/GNA15/DNAJC5/TRIO/RARA/BRAF/F2R/P2RX4/RPS6KA2/IGF1/FYN/PRKCB/SLC24A1/STXBP1/SPG11/MYOF/GIT1/SLC18A2/SYNGR1/CLCN3/SIPA1L1/NEFH/APBA2/VPS13A/PIP5K1C/ABAT/PRKAR2B/KCNMB4/ITGB1/SLC6A6/SLC12A7/ELFN1/FARP1/STX11/APBA1/KCND3/LRP6/RPH3AL/DLGAP4/NEURL1/GNAO1/MET/BSN/SLC6A1/CNRIP1/NRN1/GUCY1A1/MECP2/ALDH5A1/STX1B/PTK2B/ALS2/GSK3B/RELN/ADORA3/CAMK2D/SLC12A6/MBP/CUX2/RAPGEF2/ACE/PRKACA/KCNC4/PTPRN2/HRH1/PDE7B/LILRB2/CLSTN1/PLG/APP/BTBD9/CHRNE/ABL1/RAB8A/NOTCH1/GRK2/SSH1/HIP1/CRKL/NF1/RAP1B/CPEB3/YTHDF1/UTRN/CALM1/SHANK3/PTPRS/LRRC4/FCHSD2/CYFIP1/KIF1B/RELA/CD38/DYSF/MINK1/KCNJ10/AKAP12/LGMN/ETV5/CRHBP","GO_BP"
"GOBP_NEGATIVE_REGULATION_OF_LOCOMOTION","GOBP_NEGATIVE_REGULATION_OF_LOCOMOTION",266,-0.501506232370026,-1.77396403768267,2.34660197043988e-07,1.35716764594175e-05,1.00586522836843e-05,2268,"tags=31%, list=18%, signal=26%","RIPOR2/NR2F2/OSBPL8/MCTP1/VASH1/OGT/ROBO1/ADAMTS9/DAG1/PTGER4/ARHGDIB/MCC/MIF/BRAF/PTPRG/HDAC5/DLG5/ATP2B4/EVL/TIE1/TNN/NEDD9/SRGAP2/CXCL12/SAP130/TMIGD3/SRGAP3/CNN2/WAS/ZEB2/DNAJA4/CLIC4/ARHGAP4/HDAC1/IL33/NISCH/IGFBP5/TBXA2R/RIN3/KANK1/MECP2/GSK3B/CD300A/ADORA3/PTPRM/CD200R1/TGFB1/NRP1/ING1/CORO1B/MMRN2/NF2/SPRED1/PTPRO/WASL/SEMA5A/LIMCH1/MMRN1/DLL4/C5/PTPRT/PTPN1/PTPN23/NOTCH1/ANGPT2/ATP1B2/SIN3B/DUSP10/PTPRJ/NF1/JUP/BMP10/TGFBR3/PTPRK/LRP1/CLASP1/ENG/ROBO4/DLC1/SIN3A/HMOX1/ACVRL1/CITED2","GO_BP"
"GOBP_CELL_CELL_ADHESION_VIA_PLASMA_MEMBRANE_ADHESION_MOLECULES","GOBP_CELL_CELL_ADHESION_VIA_PLASMA_MEMBRANE_ADHESION_MOLECULES",154,-0.579110322929228,-1.92352249939155,2.63184130593236e-07,1.50311036585062e-05,1.11403072120847e-05,1841,"tags=27%, list=14%, signal=24%","DSG1/PALLD/PTPRG/ITGAL/PCDHGA3/CADM2/PCDHGC3/ESAM/PCDHGB5/PCDH1/FAT4/ITGB1/ICAM1/ELFN1/PCDHGA9/SCARF1/PTPRF/PECAM1/PCDHGA10/PTPRM/PCDHGB7/WNK1/MBP/CLDN23/DSC2/CLSTN1/PTPRT/PCDHGB6/PTPN23/TGFBR2/PTPRS/LRRC4/PCDH12/ROBO4/CDH23/PLXNB2/CDH2/CD209/FGFRL1/DCHS1/CDH5/VCAM1","GO_BP"
"GOBP_BLOOD_VESSEL_ENDOTHELIAL_CELL_MIGRATION","GOBP_BLOOD_VESSEL_ENDOTHELIAL_CELL_MIGRATION",110,-0.631255610184093,-2.00799021420458,2.81448116458249e-07,1.58757585691079e-05,1.17663234651876e-05,1225,"tags=34%, list=10%, signal=31%","ITGB1/GPLD1/FGFR1/TBXA2R/MECP2/TGFB1/PRKCA/NRP1/CTNND1/MMRN2/SPRED1/HIF1A/EPHB4/MYH9/MMRN1/AKT3/DLL4/PLG/HDAC9/JCAD/ABL1/NOTCH1/ANGPT2/EFNB2/GAB1/NF1/JUP/TGFBR3/SOX18/ROBO4/ETS1/NOS3/KDR/HMOX1/ACVRL1/SP1/CDH5","GO_BP"
"GOBP_ENERGY_DERIVATION_BY_OXIDATION_OF_ORGANIC_COMPOUNDS","GOBP_ENERGY_DERIVATION_BY_OXIDATION_OF_ORGANIC_COMPOUNDS",287,0.479854662655681,1.72394527202598,2.8654476243033e-07,1.59661343846851e-05,1.18333055293758e-05,1864,"tags=26%, list=15%, signal=23%","UQCRFS1/COX6A1/NDUFB8/CYCS/ATP5PB/SELENOS/COX6B1/ATP5MG/NDUFA8/UQCC2/NDUFB6/SDHAF2/SDHD/UQCRH/COX7B/UQCRB/NDUFB5/TEFM/SLC25A33/UQCR11/IMMP2L/COA6/NDUFA1/NDUFS5/PARK7/ATP5PO/NHLRC1/UQCRQ/ATP5ME/COX7C/COX6C/NDUFC1/COX7A1/NDUFS3/NDUFB3/CCNB1/BLOC1S1/NDUFB2/MDH1/NDUFAF1/CDK1/ATP5F1E/SURF1/NDUFA9/ATP5IF1/ATP5F1C/NDUFB9/MACROH2A1/KGD4/TMEM135/CISD1/WIPI1/ATP5PF/DGUOK/IL10RB/ETFB/ATG12/NDUFS4/NDUFAB1/NFATC4/NDUFA3/NDUFA2/MTCH2/NDUFA11/GABARAPL1/EVA1A/RB1CC1/SDHAF4/NDUFA12/PPP1R3E/MFSD8/AIFM2/NDUFB1/NDUFA5/DNAJC15","GO_BP"
"GOBP_PROTON_MOTIVE_FORCE_DRIVEN_ATP_SYNTHESIS","GOBP_PROTON_MOTIVE_FORCE_DRIVEN_ATP_SYNTHESIS",62,0.713270864635717,2.09602252341159,3.32570994831138e-07,1.83074322335358e-05,1.35685591676826e-05,1862,"tags=53%, list=15%, signal=46%","NDUFB8/ATP5PB/ATP5MJ/ATP5MG/NDUFA8/NDUFB6/SDHD/NDUFB5/ATP5MC2/NDUFA1/NDUFS5/ATP5PO/ATP5ME/NDUFC1/NDUFS3/NDUFB3/NDUFB2/ATP5F1E/ATP5MK/NDUFA9/ATP5IF1/ATP5F1C/NDUFB9/ATP5PF/NDUFS4/NDUFAB1/NDUFA3/NDUFA2/NDUFA11/ATP5MC1/NDUFA12/NDUFB1/NDUFA5","GO_BP"
"GOBP_REGULATION_OF_LEUKOCYTE_DIFFERENTIATION","GOBP_REGULATION_OF_LEUKOCYTE_DIFFERENTIATION",266,-0.497852832395302,-1.76104096763466,3.86868909152804e-07,2.10429053085614e-05,1.55959558990548e-05,2145,"tags=29%, list=17%, signal=24%","OPA1/STAT5A/HSF1/DROSHA/PCK1/SASH3/IL12RB1/TAL1/CLPTM1/RAG1/RARA/BRAF/PGLYRP2/TBX21/TOB2/SMARCB1/SYK/PIK3R1/STAT5B/TMEM131L/NOTCH2/CYP26B1/IL15RA/LILRB1/NEDD9/LOXL3/PTPRC/CSF1/PTPN6/LAG3/CD86/EVI2B/PRKDC/CAMK4/CEBPB/SMARCA2/QKI/MAFB/RASSF2/ACTB/UBASH3B/TRAF6/TGFB1/PRKCA/HCLS1/SPI1/ZFPM1/SOS1/ZBTB46/CBFB/GPR65/ZMIZ1/LYN/LILRB2/NCKAP1L/CD4/TLR4/ABL1/ITPKB/DUSP10/NRARP/GPR137B/NF1/FGL2/TGFBR2/RPTOR/NFAM1/SOX13/CCR1/EP300/C1QC/INPP5D/CLEC4G/AXL/SMARCC2/CR1","GO_BP"
"GOBP_EPITHELIAL_CELL_DEVELOPMENT","GOBP_EPITHELIAL_CELL_DEVELOPMENT",174,-0.542722054621656,-1.83567094072164,3.98519522175648e-07,2.14215964331828e-05,1.58766229453753e-05,1911,"tags=30%, list=15%, signal=26%","RARA/FNDC3A/GPR4/RAPGEF3/ABCB1/RFX3/PALLD/NOTCH2/FEM1B/FRS2/ADD1/HOXA5/ICAM1/CLIC4/TJP1/HEG1/FLNB/MET/ONECUT1/B4GALT1/IL6ST/PECAM1/GSK3B/TGFB1/NR5A2/RAPGEF2/PROX1/AMOTL2/SIPA1L3/HIF1A/NOTCH4/PPP1R16B/ROCK2/NOTCH1/PLEC/TNFRSF1A/CCDC88C/FZD5/MARVELD2/RAP1B/RAPGEF1/EPAS1/SOX18/PTPRS/ROBO4/BMP6/E2F4/TJP2/CDH2/KDR/PDE2A/IQGAP1/CDH5","GO_BP"
"GOBP_ACTIN_FILAMENT_ORGANIZATION","GOBP_ACTIN_FILAMENT_ORGANIZATION",378,-0.461688928909865,-1.69218090158211,4.6237199279336e-07,2.45648562217774e-05,1.82062509279833e-05,2402,"tags=34%, list=19%, signal=29%","NRAP/LUZP1/CLASP2/CD2AP/GBA2/TGFB3/JAK2/TRIOBP/TMOD2/MYO1B/LIMK1/SRC/MTSS1/ZYX/MYO1E/PPM1F/CYFIP2/PTGER4/DNM2/LCP1/SORBS3/PLEKHG2/MICAL2/BRAF/RAPGEF3/CTTN/ARHGAP18/PIK3R1/KANK2/ALMS1/SH3BP1/TPM4/DIAPH2/TSC1/EVL/MYO1F/SPIRE1/SNX9/ARHGEF10L/RHOJ/EPS8/COTL1/PAK2/SPTBN4/MICAL3/ADD1/NEDD9/ESAM/RAC2/SMAD3/ARHGEF15/NCK2/FHOD1/CXCL12/LATS1/S1PR1/PPFIA1/CNN2/PLEK/ITGB1/WAS/FLII/FERMT2/MYO1D/ZEB2/WIPF1/TJP1/TPM3/WDR1/SYNPO2/ESPNL/ARRB1/IQGAP2/CDC42EP4/MET/PDXP/KANK1/COBL/PTK2B/MYO7A/CGNL1/HCLS1/DAAM2/NRP1/PROX1/ACTN1/ARFGEF1/CORO1B/SSH3/NF2/ADD3/WASL/GPR65/SEMA5A/DIAPH1/LIMCH1/NCKAP1L/ROCK2/ZBED3/ABL1/ARHGAP35/SHROOM2/TMOD3/SSH1/ARHGAP25/HIP1/HCK/PLEC/CCL24/ELMO1/ARHGEF2/PRKCI/MARCKSL1/CYRIA/SPTBN1/SHROOM4/FSCN1/SORBS1/PREX1/CLASP1/SHANK3/FCHSD2/SSH2/SPTBN2/CYFIP1/DLC1/RFLNB/ARHGEF18/IQGAP1","GO_BP"
"GOBP_RIBOSOMAL_SMALL_SUBUNIT_BIOGENESIS","GOBP_RIBOSOMAL_SMALL_SUBUNIT_BIOGENESIS",104,0.615982917594025,1.95657707793337,5.36395270869674e-07,2.81699999149832e-05,2.08782043120114e-05,1971,"tags=38%, list=15%, signal=32%","RPS27A/RPS27L/RPS7/RPS14/RPS12/LSM6/RPS17/FCF1/NOP58/RPS11/DCAF13/RPS24/MRPS7/RPS19/RPS13/FBL/LTV1/TSR2/UTP3/UTP18/EMG1/RPSA/PNO1/WDR46/RPS4X/BYSL/RCL1/MPHOSPH10/RRP7A/GTF2H5/RPS8/RRP36/RPS3A/RPS6/DDX52/ERAL1/UTP11/RIOK1/NGDN","GO_BP"
"GOBP_T_CELL_DIFFERENTIATION","GOBP_T_CELL_DIFFERENTIATION",259,-0.492238137907702,-1.7457453154373,6.57147819432999e-07,3.41194134885156e-05,2.5287614056411e-05,2145,"tags=27%, list=17%, signal=23%","OPA1/STAT5A/RSAD2/PIK3R3/DROSHA/PCK1/PTGER4/SASH3/IL12RB1/NFATC3/CLPTM1/RAG1/ADAM17/RARA/BRAF/TBX21/RIPK3/SMARCB1/SYK/PIK3R1/STAT5B/TSC1/TMEM131L/CYP26B1/RORA/ATP7A/LOXL3/PTPRC/LAG3/CD86/LEPR/PRKDC/CAMK4/SMARCA2/MAFB/IL6ST/ACTB/TGFB1/SPI1/ZFPM1/SOS1/CBFB/TP53/GPR65/ZMIZ1/CTSL/LILRB2/DLL4/NCKAP1L/EGR1/CD4/ABL1/LIPA/ITPKB/DUSP10/NRARP/PIK3CD/FZD5/FGL2/TGFBR2/FCER1G/JAK1/SOX13/PREX1/EP300/DOCK2/CLEC4G/VAV1/SMARCC2/CR1","GO_BP"
"GOBP_T_CELL_PROLIFERATION","GOBP_T_CELL_PROLIFERATION",174,-0.537451096375804,-1.81784276366624,6.81044103776017e-07,3.4962814720816e-05,2.59127011454459e-05,1822,"tags=29%, list=14%, signal=25%","RIPK3/IGF1/SYK/FYN/PIK3CG/STAT5B/TMEM131L/DLG5/CD55/CD274/LILRB1/RAC2/IGF2/NCK2/PTPRC/DOCK8/HLA-E/PTPN6/TNFRSF21/IGFBP2/CD86/CEBPB/LAPTM5/IL6ST/ITCH/TNFRSF1B/TRAF6/TGFB1/SOS1/NR5A2/PELI1/TP53/EFNB1/LILRB2/NCKAP1L/CD4/PDCD1LG2/ABL1/LIPA/TGFBR2/ELF4/ALKBH5/DOCK2/EBI3/CD209/VSIG4/CLEC4G/PRKAR1A/VCAM1/CR1","GO_BP"
"GOBP_REGULATION_OF_ANATOMICAL_STRUCTURE_SIZE","GOBP_REGULATION_OF_ANATOMICAL_STRUCTURE_SIZE",385,-0.446210378724146,-1.63833063732691,6.97004854810696e-07,3.5384613129223e-05,2.62253171687253e-05,2039,"tags=31%, list=16%, signal=27%","ULK1/DISC1/CLASP2/GPX1/GBA2/KNG1/TRIOBP/TMOD2/LIMK1/SRC/ADCY10/FN1/BBS2/GPER1/CYFIP2/RAP1GAP2/DOCK4/DNM2/NTN1/PLEKHG2/BORCS5/BMPR2/WDTC1/ITGA1/F2R/CTTN/ARHGAP18/KANK2/DNM1/SH3BP1/TSC1/EVL/SNX9/EPS8/COTL1/SPTBN4/CLCN3/ADD1/ESAM/CLCN6/NCK2/PER2/KLF2/CXCL12/LATS1/ADRA1B/KCNMB4/PLEK/ITGB1/WAS/FLII/SLC12A7/AQP11/ARHGAP4/WDR1/ITGA9/CDC42EP4/WNK3/PDXP/TBXA2R/OLFM1/RIN3/KANK1/PECAM1/GUCY1A1/MACF1/KCNMA1/PTK2B/ALS2/GSK3B/ABCC9/ECE1/HCLS1/DAAM2/WNK1/NRP1/SLC12A6/SMURF1/ACE/ARFGEF1/SSH3/ADD3/SEMA5A/HP1BP3/HRH1/AKT3/MEGF8/NCKAP1L/ARHGAP42/ROCK2/ABL1/ARHGAP35/TRPC5/TMOD3/VAV3/SSH1/HCK/CCL24/GAB1/SEMA4D/CYRIA/SPTBN1/RPTOR/TBXAS1/PREX1/CPS1/KDM1A/SHANK3/PTPRS/ATP13A2/SLC8A1/FCHSD2/NPR1/SSH2/SPTBN2/E2F4/CYFIP1/NOS3/CD38/SIN3A/VAV1","GO_BP"
"GOBP_NUCLEOSIDE_TRIPHOSPHATE_BIOSYNTHETIC_PROCESS","GOBP_NUCLEOSIDE_TRIPHOSPHATE_BIOSYNTHETIC_PROCESS",109,0.5969000429872,1.90067316289602,8.84936574387245e-07,4.42160795342217e-05,3.27707612771633e-05,1977,"tags=41%, list=15%, signal=35%","NDUFB8/ATP5PB/ATP5MJ/ATP5MG/NDUFA8/TREM2/NDUFB6/SDHD/TYMS/NDUFB5/ATP5MC2/NDUFA1/NDUFS5/ATP5PO/AK1/ATP5ME/NDUFC1/NDUFS3/NME1/NDUFB3/NME6/NDUFB2/ATP5F1E/ATP5MK/NDUFA9/ATP5IF1/ATP5F1C/NDUFB9/TBPL1/ATP5PF/DTYMK/NDUFS4/COX11/NDUFAB1/DMAC2L/NDUFA3/NDUFA2/NDUFA11/ATP5MC1/LETMD1/NDUFA12/NDUFB1/NDUFA5/ADK/ENO1","GO_BP"
"GOBP_POSITIVE_REGULATION_OF_EPITHELIAL_CELL_PROLIFERATION","GOBP_POSITIVE_REGULATION_OF_EPITHELIAL_CELL_PROLIFERATION",141,-0.575212599294121,-1.89129172988627,8.90321583967695e-07,4.42160795342217e-05,3.27707612771633e-05,1378,"tags=25%, list=11%, signal=22%","IGF2/CXCL12/KDM5B/FGFR1/GPBAR1/MED1/B4GALT1/TGFB1/PRKCA/NRP1/PROX1/SEMA5A/HIF1A/AKT3/ESRP2/PPP1R16B/JCAD/RREB1/NOTCH1/CYP7B1/CCL24/ARNT/NRARP/PIK3CD/NF1/RPTOR/BMP6/HSPG2/TEK/KDR/HMOX1/ACVRL1/SP1/FLT4/NRP2","GO_BP"
"GOBP_REGULATION_OF_EPITHELIAL_CELL_PROLIFERATION","GOBP_REGULATION_OF_EPITHELIAL_CELL_PROLIFERATION",265,-0.49267359312623,-1.74351038152207,9.76223752822744e-07,4.79609282435174e-05,3.55462570778808e-05,1406,"tags=28%, list=11%, signal=25%","CFLAR/NR2F2/MTSS1/CDKN1C/VASH1/STAT5A/ROBO1/HSF1/ITGB3/TCF7L2/MCC/IFT172/ADAM17/LAMC1/IGF1/APLNR/WDR48/NOTCH2/TIE1/FRS2/SMAD3/IGF2/CXCL12/KDM5B/HOXA5/AQP11/FGFR1/GPBAR1/PRKDC/ALOX5/PTCH1/MED1/B4GALT1/PTPRM/TGFB1/PRKCA/NRP1/PROX1/MMRN2/SEMA5A/HIF1A/AKT3/DLL4/SNAI2/ESRP2/PPP1R16B/JCAD/RREB1/NOTCH1/EFNB2/DAB2/CYP7B1/CCL24/DUSP10/ARNT/NRARP/PIK3CD/NF1/RPTOR/TGFBR3/PTPRK/ENG/BMP6/HSPG2/TEK/KDR/HMOX1/ACVRL1/SP1/STK4/FLT1/FLT4/NRP2","GO_BP"
"GOBP_ENDOTHELIAL_CELL_PROLIFERATION","GOBP_ENDOTHELIAL_CELL_PROLIFERATION",125,-0.591162728409764,-1.90439556706669,1.03491758604489e-06,5.0303600538714e-05,3.72825293875299e-05,1378,"tags=29%, list=11%, signal=26%","IGF2/CXCL12/ZEB2/FGFR1/ALOX5/PTPRM/PRKCA/NRP1/PROX1/MMRN2/SEMA5A/HIF1A/AKT3/DLL4/PPP1R16B/JCAD/LIPA/CCL24/ARNT/NRARP/PIK3CD/NF1/BMPER/RPTOR/ENG/BMP6/HSPG2/TEK/ERN1/KDR/HMOX1/ACVRL1/SP1/FLT1/FLT4/NRP2","GO_BP"
"GOBP_REGULATION_OF_CELL_SUBSTRATE_ADHESION","GOBP_REGULATION_OF_CELL_SUBSTRATE_ADHESION",187,-0.530923772864217,-1.810175528743,1.11204297398922e-06,5.34834141911235e-05,3.96392492778206e-05,2380,"tags=36%, list=19%, signal=30%","RASA1/ARHGEF7/RCC2/EPB41L5/DISC1/CLASP2/JAK2/TRIOBP/SRC/FN1/PEAK1/CD36/RIN2/PPM1F/DAG1/ITGB3/PLPP3/ILK/PTPRA/BRAF/PIK3R1/TSC1/FZD4/ACTN4/FOXF1/NEDD9/RAC2/SMAD3/CSF1/DOCK1/FERMT2/PTK2/ONECUT1/KANK1/MACF1/ACER2/PTK2B/GSK3B/NRP1/LDB1/NF2/PTPRO/NID1/LIMCH1/PLG/PTPN1/ROCK2/ABL1/RREB1/NOTCH1/ANGPT2/DAB2/CRKL/TLN1/PTPRJ/NF1/JUP/SLK/PREX1/UTRN/CLASP1/PLEKHA2/TEK/DLC1/KDR/MINK1/ACVRL1/STK4","GO_BP"
"GOBP_POSITIVE_REGULATION_OF_ENDOTHELIAL_CELL_MIGRATION","GOBP_POSITIVE_REGULATION_OF_ENDOTHELIAL_CELL_MIGRATION",100,-0.620093390689748,-1.94051602763964,1.13353648365733e-06,5.39492520190662e-05,3.99845051307636e-05,1211,"tags=29%, list=9%, signal=26%","GPLD1/FGFR1/MET/PTK2B/TGFB1/PRKCA/NRP1/PROX1/SEMA5A/HIF1A/AKT3/PLG/HDAC9/JCAD/ROCK2/ABL1/GAB1/PIK3CD/TGFBR3/ETS1/SASH1/TEK/NOS3/KDR/HMOX1/SP1/LGMN/FLT4/NRP2","GO_BP"
"GOBP_REGULATION_OF_HEMOPOIESIS","GOBP_REGULATION_OF_HEMOPOIESIS",339,-0.464349634834978,-1.68014491523692,1.19906126024444e-06,5.64794937944006e-05,4.1859794619711e-05,2154,"tags=28%, list=17%, signal=24%","SENP1/OPA1/STAT5A/HSF1/DROSHA/PCK1/RCOR1/SASH3/IL12RB1/TAL1/CLPTM1/RAG1/RARA/BRAF/PGLYRP2/TBX21/TOB2/SMARCB1/SYK/PIK3R1/MTURN/STAT5B/TMEM131L/NOTCH2/CYP26B1/IL15RA/LILRB1/NEDD9/ACVR2A/LOXL3/MYSM1/PTPRC/CSF1/PTPN6/LAG3/HOXA5/CD86/EVI2B/PRKDC/CAMK4/CEBPB/GABPA/SMARCA2/QKI/MAFB/MED1/CNOT4/RASSF2/ACTB/UBASH3B/PTK2B/TRAF6/TGFB1/PRKCA/HCLS1/SPI1/ZFPM1/SOS1/ZBTB46/CBFB/LDB1/GPR65/HIF1A/ZMIZ1/LYN/LILRB2/BRD1/NCKAP1L/CD4/SNAI2/TLR4/ABL1/CSF3R/ITPKB/DUSP10/ARNT/NRARP/GPR137B/NF1/FGL2/TGFBR2/RPTOR/NFAM1/SOX13/CCR1/EP300/ETS1/C1QC/INPP5D/BRPF3/CLEC4G/KAT6A/AXL/SMARCC2/CR1","GO_BP"
"GOBP_MESENCHYME_DEVELOPMENT","GOBP_MESENCHYME_DEVELOPMENT",236,-0.501328437667669,-1.75514995061563,1.27420269102941e-06,5.94064499521771e-05,4.40291090981912e-05,2015,"tags=26%, list=16%, signal=22%","CUL7/ARB2A/TCF7L2/BMPR2/SLC39A10/ZFP64/IGF1/APLNR/DLG5/HEY2/KAT8/APC/FOXF1/PKD2/TEAD2/SMAD3/LOXL3/GATA4/HOXA5/FERMT2/ZEB2/FGFR1/NCAM1/PTK2/LRP6/QKI/OLFM1/SMAD4/PDCD4/GSK3B/TGFB1/NRP1/EFNB1/SPRED1/SEMA5A/HIF1A/AKNA/AMER1/NOTCH4/SNAI2/ROCK2/SEMA4G/NOTCH1/DAB2/BCL9L/SEMA6B/SEMA4D/TGFBR2/TGFBR3/KDM1A/TIAM1/ENG/BASP1/CDH2/NOS3/RFLNB/ACVRL1/SEMA6A/DCHS1/CITED2/NRP2","GO_BP"
"GOBP_POSITIVE_REGULATION_OF_ERK1_AND_ERK2_CASCADE","GOBP_POSITIVE_REGULATION_OF_ERK1_AND_ERK2_CASCADE",143,-0.564732184145498,-1.86227343729007,1.38603195732313e-06,6.38689167208336e-05,4.73364677496911e-05,2455,"tags=34%, list=19%, signal=28%","PRXL2C/TNFRSF11A/CD74/HTR2B/SRC/CFLAR/PDGFRA/CD36/GPER1/ITGB3/CARD9/MIF/BRAF/F2R/IGF1/MTURN/NOTCH2/FGFR3/PTPRC/ICAM1/FERMT2/GPBAR1/ARRB1/FGFR4/P2RY6/SLC30A10/PTK2B/TGFB1/PRKCA/CD44/NRP1/DDR2/RAPGEF2/CD4/APP/TLR4/ABL1/NOTCH1/CRKL/RAP1B/BMPER/CCR1/TEK/KDR/SCIMP/AKAP12/CSF1R/FLT4/MARCO","GO_BP"
"GOBP_TAXIS","GOBP_TAXIS",331,-0.463771543360549,-1.68010527675276,1.39787517445466e-06,6.38689167208336e-05,4.73364677496911e-05,1921,"tags=27%, list=15%, signal=23%","ADAM17/MIF/BMPR2/ITGA1/CMTM8/CTTN/P2RX4/SYK/PIK3CG/BIN2/CXCR2/PLEKHG5/CMTM7/GBF1/MACO1/LYST/NEDD9/RAC2/SMAD3/PDE4B/IL17RA/ACKR2/PIP5K1C/CXCL12/CSF1/S1PR1/FGFR1/PTK2/ITGA9/CYSLTR1/ALOX5/MET/RIN3/ABCC1/PTK2B/TGFB1/SPI1/WNK1/FPR1/NRP1/CORO1B/F7/C3AR1/PTPRO/SEMA5A/CCL23/LYN/MEGF8/SUCNR1/NCKAP1L/C5/APP/IL16/SEMA4G/NOTCH1/ANGPT2/CSF3R/EFNB2/VAV3/TSC2/PLEC/CRKL/CYP7B1/CCL24/GAB1/PTPRJ/SEMA6B/PIK3CD/SEMA4D/FCER1G/NOVA2/P2RY12/PREX1/YTHDF1/CCR1/ENG/DOCK2/CMKLR1/KDR/CXCL16/SEMA6A/CSF1R/LGMN/FLT1/VAV1/NRP2/FOLR2/VCAM1","GO_BP"
"GOBP_ERK1_AND_ERK2_CASCADE","GOBP_ERK1_AND_ERK2_CASCADE",238,-0.501026391797749,-1.75312079132685,1.45448964659468e-06,6.54137129325482e-05,4.84813939486949e-05,1353,"tags=30%, list=11%, signal=27%","ZDHHC17/PRXL2C/EPHA2/TNFRSF11A/CD74/HTR2B/CD2AP/SRC/CFLAR/PDGFRA/FN1/CD36/GPER1/SPRY3/ITGB3/PTGER4/CARD9/MIF/BRAF/F2R/IGF1/SYK/MTURN/NOTCH2/FRS2/FGFR3/PTPRC/PTPN6/ICAM1/FERMT2/GPBAR1/FBXO21/ARRB1/GRB10/FGFR4/SMAD4/P2RY6/SLC30A10/PTK2B/TGFB1/PRKCA/CD44/NRP1/DDR2/RAPGEF2/SPRED1/LYN/CD4/APP/PTPN1/TLR4/ABL1/NOTCH1/DAB2/CRKL/DUSP10/NF1/RAP1B/BMPER/TGFBR3/CCR1/STYX/DUSP7/TEK/KDR/SCIMP/AKAP12/SEMA6A/CSF1R/FLT4/MARCO","GO_BP"
"GOBP_GLAND_DEVELOPMENT","GOBP_GLAND_DEVELOPMENT",322,-0.464220346978065,-1.67241805297842,1.4603192644167e-06,6.54137129325482e-05,4.84813939486949e-05,2444,"tags=30%, list=19%, signal=25%","EPHA2/TNFRSF11A/PML/GPX1/THRA/CD2AP/TGFB3/JAK2/PBX1/SRC/CFLAR/PDGFRA/CDKN1C/SP3/STAT5A/ROBO1/NPC1/DAG1/SRD5A1/PCK1/PKD1/NTN1/RAG1/RARA/BRAF/ABCB1/PLXNA1/RIPK3/IGF1/SMARCB1/STAT5B/SEC63/PSAP/NOTCH2/SOCS2/FEM1B/FRS2/FOXF1/PKD2/SMAD3/IGF2/ZMPSTE24/CSF1/KDM5B/LATS1/HK2/PCK2/MAN2A1/HOXA5/FGFR1/CEBPB/NEURL1/IGFBP5/JARID2/MET/MAFB/PTCH1/ONECUT1/MED1/SMAD4/COBL/TGFB1/NRP1/NR5A2/PROX1/ATP7B/IGF2R/HIF1A/HMGCS2/ASS1/NOTCH4/SNAI2/ESRP2/EDA/ABL1/RREB1/NOTCH1/ARHGAP35/LIPA/CRKL/CYP7B1/NF1/USF2/TGFBR2/LRP5/GUCD1/TGFBR3/CPS1/NTN4/PHF2/PRLR/PLXND1/RELA/NCOR2/CSF1R/CITED2/ETV5/HIPK2","GO_BP"
"GOBP_CELLULAR_RESPONSE_TO_VASCULAR_ENDOTHELIAL_GROWTH_FACTOR_STIMULUS","GOBP_CELLULAR_RESPONSE_TO_VASCULAR_ENDOTHELIAL_GROWTH_FACTOR_STIMULUS",65,-0.688232879262054,-2.00597108071983,1.54099015949436e-06,6.76998465262474e-05,5.01757625819166e-05,1033,"tags=26%, list=8%, signal=24%","ITGB1/GAS1/NRP1/PROX1/DLL4/JCAD/NOTCH1/GAB1/PIK3CD/RELA/ERN1/KDR/SEMA6A/FLT1/FLT4/NRP2/VCAM1","GO_BP"
"GOBP_POSITIVE_REGULATION_OF_CELL_ACTIVATION","GOBP_POSITIVE_REGULATION_OF_CELL_ACTIVATION",310,-0.469385204257246,-1.68007057443198,1.52685713233877e-06,6.76998465262474e-05,5.01757625819166e-05,2145,"tags=27%, list=17%, signal=23%","OPA1/STAT5A/CTSC/CD226/PCK1/SASH3/IL12RB1/RAG1/MIF/SLC39A10/RARA/TBX21/YES1/IGF1/SMARCB1/SYK/FLOT2/FYN/STAT5B/CD55/IL15RA/TCF3/CD274/LILRB1/IGF2/NCK2/PTPRC/ZNF335/DOCK8/HLA-E/PTPN6/PLEK/IGFBP2/FBXO38/CD86/PRKDC/IL33/SMARCA2/TLR6/IL6ST/SIRPB1/ACTB/TRAF6/LILRA2/TGFB1/SPI1/PMS2/DDR2/NR5A2/CBFB/PELI1/EFNB1/GPR65/ZMIZ1/LYN/LILRB2/NCKAP1L/CD4/APP/IL16/PDCD1LG2/TLR4/ABL1/EFNB2/VAV3/ITPKB/DUSP10/PTPRJ/PIK3CD/PEAR1/TGFBR2/PRKAA1/SOX13/EP300/FCGR3A/EBI3/PRLR/INPP5D/CD38/CD209/AXL/VAV1/SMARCC2/VCAM1/CR1","GO_BP"
"GOBP_NEGATIVE_REGULATION_OF_CELL_CELL_ADHESION","GOBP_NEGATIVE_REGULATION_OF_CELL_CELL_ADHESION",162,-0.545352803752243,-1.82345096015333,1.60459988279422e-06,6.98230177570169e-05,5.17493516085112e-05,1697,"tags=26%, list=13%, signal=23%","TMEM131L/CD9/DLG5/CD274/LILRB1/LOXL3/CXCL12/HLA-E/PTPN6/LAG3/TNFRSF21/CD86/UFL1/PTK2/CEBPB/LAPTM5/ITCH/UBASH3B/CD300A/TGFB1/SPI1/WNK1/MBP/CBFB/PELI1/NF2/AKNA/LILRB2/ASS1/PLG/NOTCH4/PPARA/PDCD1LG2/ABL1/NOTCH1/NRARP/FGL2/BMP6/VSIG4/CLEC4G/PRKAR1A/CR1","GO_BP"
"GOBP_ANATOMICAL_STRUCTURE_MATURATION","GOBP_ANATOMICAL_STRUCTURE_MATURATION",174,-0.529113700308792,-1.78964284890108,1.85141594760628e-06,7.98030138171045e-05,5.91460288326653e-05,1848,"tags=30%, list=14%, signal=26%","CDKN1C/C3/BAIAP3/AKR1B1/NPR2/DAG1/TAL1/RFX3/RPS6KA2/IGF1/B4GALT5/PTH1R/NSUN2/HID1/FEM1B/SPTBN4/C1QA/RAC2/KLF2/FGFR3/PTBP3/S1PR1/ADAMTS7/HOXA5/FGFR1/SCARF1/MECP2/LSM14B/TGFB1/PLXNB1/CBFB/PRKACA/HIF1A/L3MBTL3/BRD1/APP/NF1/SEMA4D/FZD5/TUT7/EPAS1/SOX18/KDM1A/ANKS1A/NTN4/KDR/RFLNB/ACVRL1/AXL/DCHS1/RERE/CDH5","GO_BP"
"GOBP_RECEPTOR_MEDIATED_ENDOCYTOSIS","GOBP_RECEPTOR_MEDIATED_ENDOCYTOSIS",220,-0.506833635877844,-1.75630997627679,2.01014012604975e-06,8.58348620179561e-05,6.36165350270737e-05,2169,"tags=32%, list=17%, signal=27%","LRPAP1/BMP2K/PIKFYVE/CBLB/ITGA4/NUMB/NEU3/M6PR/C3/CD36/FCHO2/RALB/ITGB3/MX2/DNM2/AP2A1/FCMR/CALCRL/CTTN/CANX/SYK/APLNR/PLCG2/DNM1/CXCR2/CD9/TFR2/ABCA2/SNX9/HGS/RAB31/LILRB1/DGKD/EPS15/PIP5K1C/ARHGAP27/ITGB1/MSR1/ARRB1/SCARF1/RIN3/ITCH/TPCN2/WASL/DNAJC13/IGF2R/CTSL/APP/GAK/AP2A2/CBL/GRK2/EFNB2/HIP1/DAB2/CLEC4M/ANKRD13A/FCER1G/ITSN1/LRP1/TBC1D5/FCHSD2/HSPG2/PLXNB2/STAB2/STAB1/CXCL16/LYVE1/SIGLEC1/MRC1/MARCO","GO_BP"
"GOBP_TISSUE_REMODELING","GOBP_TISSUE_REMODELING",138,-0.565755858974963,-1.84727330644951,2.20745574926334e-06,9.28980020274134e-05,6.88513834703411e-05,1915,"tags=33%, list=15%, signal=28%","BMPR2/F2R/IGF1/SYK/CST3/PTH1R/TPP1/NOTCH2/PLEKHM1/TIE1/LTBP3/ATP7A/RAC2/S1PR1/LEPR/IGFBP5/RASSF2/RAB3D/UBASH3B/PTK2B/TRAF6/TGFB1/PRKCA/HERC1/DDR2/ACE/TP53/HIF1A/RAB7A/DLL4/PLG/ROCK2/LIPA/LRRK1/GPR137B/NF1/LRP5/EPAS1/INPP5D/NOS3/CD38/ACVRL1/AXL/CSF1R/FLT4","GO_BP"
"GOBP_EPITHELIAL_CELL_DIFFERENTIATION","GOBP_EPITHELIAL_CELL_DIFFERENTIATION",469,-0.424491231451906,-1.58197687631381,2.21621409958154e-06,9.28980020274134e-05,6.88513834703411e-05,1915,"tags=25%, list=15%, signal=22%","BMPR2/RARA/FNDC3A/USH2A/GPR4/RAPGEF3/PTER/ABCB1/RFX3/IGF1/SMARCB1/PALLD/BLTP1/SH3BP1/STAT5B/PSAP/TPP1/ASAH1/DLG5/HEY2/FZD4/NOTCH2/CYP26B1/TIE1/FEM1B/FRS2/FOXF1/ADD1/GSTK1/SMAD3/KDM6B/UGCG/KLF2/PPL/KDM5B/LATS1/LATS2/S1PR1/PCK2/GATA4/HOXA5/ICAM1/ZEB2/FGFR1/CLIC4/TJP1/HDAC1/CEBPB/HEG1/FLNB/MET/MAFB/PTCH1/ONECUT1/MED1/B4GALT1/IL6ST/SMAD4/PECAM1/GSK3B/MYO7A/TGFB1/NRP1/NR5A2/RAPGEF2/PROX1/NFE2L1/AMOTL2/SIPA1L3/NF2/SPRED1/PTPRO/HIF1A/PRKCH/CTSB/ZDHHC7/KCNQ1/NOTCH4/KAZN/PPP1R16B/ROCK2/NUMA1/ABL1/NOTCH1/PLEC/DAB2/LIPA/TNFRSF1A/ADAM9/MAF/CCDC88C/FZD5/MARVELD2/RAP1B/RPTOR/RAPGEF1/EPAS1/CPS1/SOX18/PTPRS/ROBO4/BMP6/CDH23/BASP1/E2F4/PRLR/TMEM132E/TJP2/CDH2/KDR/PDE2A/TCHH/ACVRL1/IQGAP1/STK4/NCOA3/CDH5","GO_BP"
"GOBP_CARDIAC_VENTRICLE_DEVELOPMENT","GOBP_CARDIAC_VENTRICLE_DEVELOPMENT",94,-0.62540325120489,-1.93864002364936,2.3327894267554e-06,9.68955899167765e-05,7.18141969939916e-05,1798,"tags=33%, list=14%, signal=29%","GREB1L/APLNR/TMEM65/HEY2/FRS2/FOXF1/ZMPSTE24/GATA4/NPRL3/HEG1/CNTRL/MED1/SMAD4/TGFB1/ZFPM1/PROX1/HIF1A/SMAD6/DLL4/NOTCH1/SUFU/HECTD1/TGFBR2/BMP10/TGFBR3/ENG/NOS3/PDE2A/UBE4B/FGFRL1/CITED2","GO_BP"
"GOBP_POSITIVE_REGULATION_OF_ENDOTHELIAL_CELL_PROLIFERATION","GOBP_POSITIVE_REGULATION_OF_ENDOTHELIAL_CELL_PROLIFERATION",73,-0.657013236515829,-1.95299825083697,2.45940093620875e-06,0.000100330382835159,7.43598948475898e-05,848,"tags=32%, list=7%, signal=30%","PRKCA/NRP1/PROX1/SEMA5A/HIF1A/AKT3/PPP1R16B/JCAD/CCL24/ARNT/NRARP/PIK3CD/NF1/RPTOR/BMP6/HSPG2/TEK/KDR/HMOX1/ACVRL1/SP1/FLT4/NRP2","GO_BP"
"GOBP_CELL_CHEMOTAXIS","GOBP_CELL_CHEMOTAXIS",225,-0.498737257350898,-1.73311449606561,2.44959864889917e-06,0.000100330382835159,7.43598948475898e-05,1921,"tags=29%, list=15%, signal=25%","ADAM17/MIF/ITGA1/P2RX4/SYK/PIK3CG/BIN2/CXCR2/PLEKHG5/GBF1/LYST/NEDD9/RAC2/PDE4B/IL17RA/ACKR2/PIP5K1C/CXCL12/CSF1/S1PR1/FGFR1/PTK2/ITGA9/ALOX5/MET/RIN3/ABCC1/PTK2B/SPI1/WNK1/NRP1/CORO1B/F7/C3AR1/PTPRO/SEMA5A/CCL23/LYN/NCKAP1L/C5/APP/IL16/NOTCH1/CSF3R/VAV3/PLEC/CRKL/CYP7B1/CCL24/GAB1/PTPRJ/PIK3CD/FCER1G/PREX1/CCR1/ENG/CMKLR1/KDR/CXCL16/CSF1R/LGMN/FLT1/VAV1/FOLR2/VCAM1","GO_BP"
"GOBP_CELL_MATRIX_ADHESION","GOBP_CELL_MATRIX_ADHESION",201,-0.51004702793533,-1.75412105003026,2.72363610608564e-06,0.000109160468146538,8.09043153580565e-05,2594,"tags=40%, list=20%, signal=32%","ARHGAP6/TMEM8B/RASA1/ARHGEF7/RCC2/EPB41L5/ITGA4/DISC1/CLASP2/TESK2/TRPM7/SRC/FN1/PEAK1/CD36/ZYX/ADAMTS9/RIN2/PPM1F/DAG1/ITGB3/PLPP3/PKD1/ILK/PTPRA/FERMT3/ITGA1/CTTN/SNED1/PIK3R1/ITGAL/TSC1/NID2/ADAMTS13/TNN/SMAD3/TAOK2/CSF1/PPFIA1/ITGB1/FERMT2/PTK2/ITGA9/ONECUT1/PECAM1/MACF1/ACER2/PTK2B/GSK3B/CD44/NRP1/ACTN1/LDB1/NF2/NID1/LIMCH1/ROCK2/EDA/ABL1/ITGAD/TLN1/ADAM9/PTPRJ/NF1/JUP/SLK/SORBS1/PTPRK/UTRN/TIAM1/CLASP1/PLEKHA2/TEK/DLC1/KDR/MINK1/ACVRL1/LYVE1/SIGLEC1/VCAM1","GO_BP"
"GOBP_BEHAVIOR","GOBP_BEHAVIOR",417,-0.433964399956574,-1.60088331633006,2.71981778191357e-06,0.000109160468146538,8.09043153580565e-05,1931,"tags=23%, list=15%, signal=20%","RAG1/NR1D2/BRAF/RAPGEF3/VPS13B/P2RX4/HTT/FYN/TSC1/ZDHHC8/ZNF385A/DCTN1/ABCA2/SPG11/GIT1/FZD4/EPS8/SLC18A2/PIAS1/GPR88/SPTBN4/CLCN3/ATP7A/B3GAT1/NEDD9/APBA2/ACVR2A/VPS13A/CXCL12/ZMPSTE24/FIG4/ATP8A1/ABAT/PRKAR2B/ITGB1/LEPR/PER3/CAMK4/APBA1/CEBPB/C3orf70/GNAO1/CHD8/SLC6A1/GIGYF2/PARP1/MECP2/ADCY5/GNG7/PREX2/ALS2/RELN/PRKCA/CUX2/TP53/PJA2/HIF1A/NCOA2/MTA1/HRH1/CIC/LILRB2/KCNQ1/EGR1/APP/PDE1B/PPARA/BTBD9/STRN/CRTC1/NPY1R/UBR3/ABL1/PFKFB3/ATP1B2/NF1/MAN2B1/PRKAA1/RPTOR/SLC16A1/CPEB3/YTHDF1/POMK/EP300/SHANK3/CDH23/SPTBN2/LPAR5/KCNJ10/KCNAB1/LGMN/ETV5/HIPK2/CRHBP","GO_BP"
"GOBP_POSITIVE_REGULATION_OF_LEUKOCYTE_CELL_CELL_ADHESION","GOBP_POSITIVE_REGULATION_OF_LEUKOCYTE_CELL_CELL_ADHESION",231,-0.495484657944618,-1.72799514302891,2.8084472819352e-06,0.000111580831575321,8.26981684758401e-05,2471,"tags=31%, list=19%, signal=26%","HLA-DPA1/ITGA4/CD74/RUNX1/LGALS8/IL4R/JAK2/SRC/NFKBIZ/OPA1/STAT5A/PCK1/SASH3/IL12RB1/RAG1/RARA/YES1/IGF1/SMARCB1/SYK/FLOT2/FYN/STAT5B/CD55/NFAT5/CD274/LILRB1/IGF2/NCK2/PTPRC/DOCK8/HLA-E/PTPN6/IGFBP2/FBXO38/CD86/SMARCA2/ALOX5/IL6ST/SIRPB1/ACTB/TRAF6/TGFB1/CD44/NR5A2/CBFB/EFNB1/GPR65/ZMIZ1/LYN/LILRB2/NCKAP1L/CD4/PDCD1LG2/ABL1/EFNB2/ITPKB/DUSP10/PIK3CD/TGFBR2/PRKAA1/SOX13/EP300/EBI3/ETS1/RELA/CD209/GCNT1/VAV1/SMARCC2/VCAM1/CR1","GO_BP"
"GOBP_FOREBRAIN_DEVELOPMENT","GOBP_FOREBRAIN_DEVELOPMENT",267,-0.484213481635432,-1.71309622623791,3.02591657734435e-06,0.000119184593464537,8.83336989956151e-05,2275,"tags=26%, list=18%, signal=22%","SRC/NR2F2/OGDH/RARB/BBS2/ROBO1/SRD5A1/CEP120/RTN4RL2/FEZ1/RARA/PALS1/VPS13B/PLXNA1/SUN2/FYN/SZT2/TOP2B/TSC1/ATP2B4/FRS2/ATP7A/KDM6B/SRGAP2/ZNF335/CXCL12/GART/XAB2/FAT4/ZEB2/FGFR1/ZSWIM6/HDAC1/KDM2B/GSK3B/RELN/HERC1/YWHAE/NRP1/NDST1/RAPGEF2/PROX1/NF2/SEMA5A/HIF1A/ZMIZ1/AKNA/SUN1/NOTCH1/ARHGAP35/ATP1B2/CRKL/SEMA6B/NF1/UBB/SYNE2/KIF26A/MYH10/P2RY12/KDM1A/SHANK3/PTPRS/CDH2/DLC1/SIN3A/AXL/CSF1R/NRP2/SKI","GO_BP"
"GOBP_POSITIVE_REGULATION_OF_CELL_CELL_ADHESION","GOBP_POSITIVE_REGULATION_OF_CELL_CELL_ADHESION",269,-0.478910441383715,-1.69555655466812,3.1284889472241e-06,0.000122171504272367,9.05474488818708e-05,2068,"tags=26%, list=16%, signal=22%","PCK1/MAGI1/PLPP3/SASH3/IL12RB1/RAG1/RARA/KIF26B/YES1/IGF1/SMARCB1/SYK/FLOT2/FYN/STAT5B/CD55/NFAT5/CD274/LILRB1/IGF2/NCK2/PTPRC/DOCK8/HLA-E/PTPN6/IGFBP2/FBXO38/CD86/TJP1/SMARCA2/ALOX5/IL6ST/SIRPB1/ACTB/TRAF6/TGFB1/CD44/NR5A2/CBFB/EFNB1/GPR65/ZMIZ1/LYN/MMRN1/LILRB2/NCKAP1L/CD4/PTPN23/PDCD1LG2/PIEZO1/ABL1/EFNB2/ITPKB/DUSP10/PIK3CD/TGFBR2/PRKAA1/JAK1/SOX13/EP300/EBI3/ETS1/RELA/CD209/GCNT1/VAV1/CITED2/SMARCC2/VCAM1/CR1","GO_BP"
"GOBP_RESPONSE_TO_PURINE_CONTAINING_COMPOUND","GOBP_RESPONSE_TO_PURINE_CONTAINING_COMPOUND",104,-0.606173164426111,-1.90810556395851,3.16900510428045e-06,0.000122704951876758,9.09428137419288e-05,2114,"tags=38%, list=17%, signal=32%","NPR2/SRD5A1/NT5E/RAPGEF3/P2RX4/SELENON/PIK3CG/PANX1/AKAP6/TAF1/TOP2B/ATF1/PKD2/IGFBP5/PDXP/P2RY6/ABCC9/RAPGEF2/ENPP1/HMGCS2/ASS1/KCNQ1/APP/CRTC1/SSH1/PRKAA1/RAP1B/XRN1/GUCD1/EEF2K/RAPGEF1/P2RY12/CPS1/KDM1A/SLC8A1/RELA/ITPR2/PDE2A/CRHBP","GO_BP"
"GOBP_EPITHELIAL_CELL_PROLIFERATION","GOBP_EPITHELIAL_CELL_PROLIFERATION",324,-0.465491696239687,-1.6806101357696,3.26525215863917e-06,0.000124324475940186,9.21431245117737e-05,1406,"tags=19%, list=11%, signal=17%","SMAD3/ACVR2A/IGF2/CXCL12/KDM5B/HOXA5/ZEB2/AQP11/FGFR1/GPBAR1/PRKDC/CEBPB/IGFBP5/ALOX5/PTCH1/MED1/NCF1/B4GALT1/PTPRM/TGFB1/PRKCA/NRP1/PROX1/MMRN2/SEMA5A/HIF1A/AKT3/DLL4/SNAI2/ESRP2/PPP1R16B/JCAD/RREB1/NOTCH1/EFNB2/DAB2/LIPA/CYP7B1/CCL24/DUSP10/ARNT/NRARP/PIK3CD/NF1/BMPER/RPTOR/TGFBR3/PTPRK/ENG/BMP6/HSPG2/TEK/ERN1/KDR/HMOX1/ACVRL1/SP1/STK4/FLT1/FLT4/NRP2","GO_BP"
"GOBP_MUSCLE_STRUCTURE_DEVELOPMENT","GOBP_MUSCLE_STRUCTURE_DEVELOPMENT",493,-0.41358314332422,-1.54398946979649,3.25052557561397e-06,0.000124324475940186,9.21431245117737e-05,1915,"tags=24%, list=15%, signal=21%","BMPR2/NR1D2/RARA/HIF1AN/VPS13B/EEF2/PDLIM5/LAMC1/MEF2A/IGF1/SELENON/SMARCB1/FLOT2/GREB1L/TNPO2/APLNR/AKAP6/HDAC5/BCL9/EHD1/TSC1/SYNE1/MBNL3/CD9/FOXN2/SPG11/HEY2/NOTCH2/KAT8/CYP26B1/ACTN4/PIAS1/RORA/FRS2/FOXF1/SMAD3/KDM6B/ERO1A/IGF2/FOXK1/ZMPSTE24/MED28/S1PR1/GATA4/DOCK1/MTM1/ITGB1/FLII/HNRNPU/WDR1/HDAC1/ATP11A/NEURL1/CTCF/SMARCA2/HEG1/QKI/IGFBP5/FLNB/MED1/MEF2D/SUPT6H/SMAD4/CDK9/PDCD4/ACTB/MECP2/ABCC9/TGFB1/PLD3/ZFPM1/PROX1/ACTN1/USP19/AKAP13/MYH9/NID1/DLL4/ASS1/PLG/EGR1/NOTCH4/HDAC9/PTBP1/MAML1/PPARA/MYLK/PIEZO1/NOTCH1/EFNB2/TMOD3/PLEC/BCL9L/NF1/PRKAA1/ZNF609/PLEKHM3/SPAG9/BMP10/SMTN/TGFBR3/MYH10/EPAS1/UTRN/KDM1A/EP300/ENG/DOCK2/HDAC4/SLC8A1/BASP1/CDH2/UBE4B/FGFRL1/CITED2/PRKAR1A/SMARCC2/SKI","GO_BP"
"GOBP_OUTFLOW_TRACT_MORPHOGENESIS","GOBP_OUTFLOW_TRACT_MORPHOGENESIS",61,-0.685843127893418,-1.97969725645813,3.46348393054838e-06,0.000130782298170872,9.6929341492598e-05,952,"tags=36%, list=7%, signal=34%","RARB/ROBO1/ILK/BMPR2/RARA/GREB1L/HEY2/SMAD4/NRP1/ZFPM1/HIF1A/SMAD6/NPY1R/NOTCH1/CRKL/TGFBR2/TGFBR3/SOX18/ENG/PLXND1/CITED2/NRP2","GO_BP"
"GOBP_LEUKOCYTE_MIGRATION","GOBP_LEUKOCYTE_MIGRATION",283,-0.474441059617364,-1.68920416947403,3.57925723130556e-06,0.000134046117129796,9.93483219422777e-05,1921,"tags=30%, list=15%, signal=26%","ADAM17/MIF/ITGA1/TBX21/P2RX4/YES1/RIPK3/SYK/PIK3R1/FYN/ITGAL/PIK3CG/STAT5B/CXCR2/CD9/EPS8/GBF1/LYST/NEDD9/RAC2/PDE4B/IL17RA/MED23/PIP5K1C/CXCL12/DOCK8/CSF1/S1PR1/CNN2/ITGB1/ICAM1/PTK2/WDR1/IL33/ITGA9/ALOX5/SELPLG/B4GALT1/RIN3/PECAM1/PTK2B/CD300A/CD200R1/TGFB1/SPI1/WNK1/SOS1/F7/C3AR1/PTPRO/WASL/CCL23/MYH9/LYN/PLG/NCKAP1L/C5/APP/IL16/ABL1/CSF3R/VAV3/HCK/PLEC/CRKL/CYP7B1/CCL24/PTPRJ/PIK3CD/NF1/FCER1G/STK10/P2RY12/PREX1/CCR1/CMKLR1/GCNT1/HMOX1/CXCL16/LYVE1/CSF1R/LGMN/FLT1/VAV1/FOLR2/VCAM1","GO_BP"
"GOBP_PHAGOCYTOSIS","GOBP_PHAGOCYTOSIS",197,-0.512570959746931,-1.75893439898589,4.11650097183623e-06,0.000152912950734307,0.000113331481612299,1913,"tags=38%, list=15%, signal=33%","RUBCN/NCF4/ICAM3/PIKFYVE/CYBA/CDC42SE2/FCGR2A/C4B/LIMK1/SRC/C3/FCN3/CD36/ITGB3/DNM2/APPL1/RARA/YES1/SYK/FYN/PLCG2/ITGAL/BLTP1/SH3BP1/BIN2/SPG11/IL15RA/LYST/CLCN3/RAB31/PTPRC/PIP5K1C/DOCK1/CNN2/ITGB1/MSR1/MERTK/LEPR/PTK2/APPL2/TM9SF4/P2RY6/PECAM1/SIRPB1/CD300A/MYO7A/TGFB1/IL2RB/PRKACA/MYH9/LYN/RAB7A/NCKAP1L/TLR4/ABL1/VAV3/ARHGAP25/FCN2/HCK/PTPRJ/ELMO1/PEAR1/IRF8/FCER1G/CD93/MYO18A/LRP1/ABCA1/DOCK2/DYSF/AXL/VAV1/TIMD4/CFP/MARCO","GO_BP"
"GOBP_ACTIVATION_OF_IMMUNE_RESPONSE","GOBP_ACTIVATION_OF_IMMUNE_RESPONSE",486,-0.419081455723006,-1.56650954269128,4.39588754100332e-06,0.000161974275603582,0.000120047285393953,1807,"tags=20%, list=14%, signal=18%","GBP5/SYK/PIK3R1/ELF1/FLOT2/FYN/PLCG2/PRKCB/DDX3X/MASP2/EPG5/CD55/RNF135/PAK2/CD274/C1QA/BLK/AARS2/PDE4B/PTPRC/LATS1/LATS2/PTPN6/MASP1/TNFRSF21/TMIGD3/BAG6/GPLD1/PTK2/PRKDC/APPL2/LAPTM5/NONO/TLR6/SH2B2/ITCH/TRIM3/PARP1/CD300A/TRAF6/LILRA2/YWHAE/WNK1/TAB1/FPR1/TLR8/SOS1/MEFV/PELI1/UBR2/C3AR1/UNC93B1/TLR1/PJA2/SLC15A2/PRKCH/LYN/NCKAP1L/C5/APP/TLR4/ABL1/VAV3/FCN2/HCK/LIPA/CRKL/THEMIS2/PTPRJ/PIK3CD/RNF144A/IRAK3/FCER1G/RNF31/NFAM1/CSNK1A1/EP300/PTPRS/C1QB/LSM14A/CMKLR1/LRCH4/CFD/C1QC/LCP2/INPP5D/CREBBP/RELA/CD38/VSIG4/SIN3A/SCIMP/VAV1/CFP/CD5L/SEC14L1/CR1","GO_BP"
"GOBP_VASCULAR_ENDOTHELIAL_GROWTH_FACTOR_SIGNALING_PATHWAY","GOBP_VASCULAR_ENDOTHELIAL_GROWTH_FACTOR_SIGNALING_PATHWAY",44,-0.733043224276334,-2.01366600828284,4.59722207682391e-06,0.000168037661352068,0.000124541165651726,824,"tags=25%, list=6%, signal=23%","NRP1/PROX1/JCAD/GAB1/PIK3CD/RELA/KDR/SEMA6A/FLT1/FLT4/NRP2","GO_BP"
"GOBP_LEUKOCYTE_MEDIATED_IMMUNITY","GOBP_LEUKOCYTE_MEDIATED_IMMUNITY",307,-0.451769919588443,-1.61865438252042,4.90349774142058e-06,0.000177810168099608,0.000131784062106516,2349,"tags=29%, list=18%, signal=24%","IL4R/FCGR2A/C4B/NFKBIZ/C3/CD84/C1RL/IL13RA2/STAT5A/CTSC/RSAD2/CD226/SASH3/CARD9/IL12RB1/FCMR/ADAM17/TBX21/RIPK3/SYK/PIK3R1/PLCG2/PIK3CG/STAT5B/GAB2/MASP2/FCGR3B/STXBP1/CD55/SLC18A2/FOXF1/LYST/CD274/C1QA/LILRB1/AP1G1/CD7/CSF2RB/RAC2/PTPRC/PLEKHM2/HLA-E/PTPN6/LAG3/FBXO38/ICAM1/WAS/UFL1/CALHM6/WDR1/CAMK4/PARP3/NCF1/SUPT6H/SECTM1/CD300A/TNFRSF1B/TRAF6/TGFB1/SPI1/TLR8/IL2RB/PMS2/VAMP3/ACE/SERPINB9/UNC93B1/LYN/NCKAP1L/C5/TLR4/CBL/SNX6/PRF1/PIK3CD/FZD5/FCER1G/PRKAA1/RASGRP4/RNF19B/DNASE1L3/C1QB/FCGR3A/C1QC/INPP5D/SCIMP/CLEC4G/VAV1/CR1","GO_BP"
"GOBP_IMMUNE_RESPONSE_REGULATING_SIGNALING_PATHWAY","GOBP_IMMUNE_RESPONSE_REGULATING_SIGNALING_PATHWAY",463,-0.418135691935508,-1.55824268554217,5.12412633877552e-06,0.00018434750584146,0.000136629212033492,1938,"tags=21%, list=15%, signal=19%","FCMR/APPL1/SLC39A10/BRAF/YES1/GBP5/SYK/PIK3R1/ELF1/FLOT2/FYN/PLCG2/PRKCB/DDX3X/FCGR3B/EPG5/PIGR/RNF135/PAK2/CD274/BLK/LILRB1/AARS2/PDE4B/PTPRC/LATS1/LATS2/PTPN6/TNFRSF21/TMIGD3/BAG6/LILRA1/GPLD1/PTK2/PRKDC/APPL2/LAPTM5/TLR6/MAP3K1/SH2B2/ITCH/TRIM3/PARP1/CD300A/CD200R1/TRAF6/LILRA2/YWHAE/WNK1/TAB1/FPR1/TLR8/SOS1/MEFV/PELI1/UBR2/CD33/C3AR1/UNC93B1/TLR1/PJA2/SLC15A2/PRKCH/LYN/LILRB2/NCKAP1L/APP/TLR4/ABL1/VAV3/FCN2/HCK/LIPA/CRKL/THEMIS2/PTPRJ/PIK3CD/RNF144A/IRAK3/FCER1G/RNF31/NFAM1/CSNK1A1/EP300/PTPRS/LSM14A/CMKLR1/LRCH4/FCGR3A/LCP2/INPP5D/CREBBP/RELA/CD38/SCIMP/VAV1/SEC14L1/LILRB5/CR1","GO_BP"
"GOBP_CELL_FATE_COMMITMENT","GOBP_CELL_FATE_COMMITMENT",167,-0.534914641345689,-1.79204320325765,5.32146139183448e-06,0.000188632646537301,0.000139805145410258,2263,"tags=31%, list=18%, signal=25%","NR2F2/ETS2/OPA1/STAT5A/IL12RB1/TAL1/TCF7L2/RARA/BRAF/TBX21/HEY2/NOTCH2/CYP26B1/APC/TCF3/KDM6B/LOXL3/GATAD2B/LATS1/LATS2/GATA4/ITGB1/FGFR1/PRKDC/HDAC1/ZNF521/GAS1/PTCH1/ONECUT1/IL6ST/SMAD4/NRP1/ZFPM1/PROX1/NFE2L1/TP53/MTA1/CTSL/DLL4/NOTCH4/NOTCH1/SUFU/SOX5/ARHGEF2/JAK1/GATAD2A/SOX13/EPAS1/SOX18/EP300/KDR","GO_BP"
"GOBP_CELLULAR_RESPONSE_TO_PEPTIDE_HORMONE_STIMULUS","GOBP_CELLULAR_RESPONSE_TO_PEPTIDE_HORMONE_STIMULUS",267,-0.477972208019801,-1.69101525847604,5.32580682935255e-06,0.000188632646537301,0.000139805145410258,3000,"tags=42%, list=23%, signal=33%","YWHAG/GCGR/TYK2/SOCS1/CREB1/CUL3/STAT3/SNX5/ZNF106/SIRT1/PTPRE/AGTR1/PXN/PIP4K2B/FOXO4/BLVRB/PIK3CA/ZFP36L1/UCP2/NFE2L2/PIK3C2A/NCOA1/MAPK1/FER/PRKD1/NDEL1/CYBA/SYAP1/SESN3/SLC27A1/LONP1/JAK2/TBC1D4/SRC/CFLAR/OSBPL8/STAT5A/OGT/GPER1/HSF1/SRD5A1/ITGB3/PIK3R3/PCK1/CUL7/DENND4C/APPL1/WDTC1/IGF1/PIK3R1/FYN/PRKCB/STAT5B/HDAC5/APC/SOCS2/RAB31/G6PC1/IGF2/GLP2R/PCK2/FBXW8/GPLD1/NCOA5/PTK2/PRKDC/APPL2/GRB10/NONO/SH2B2/KANK1/PARP1/GNAS/IGF1R/SLC30A10/GSK3B/TGFB1/PRKCA/SOS1/DDR2/ACE/PRKACA/ENPP1/SIK2/NCOA2/LYN/ZDHHC7/HMGCS2/ASS1/IRS1/HDAC9/PTPN1/ROCK2/TNS2/RAB8A/TSC2/PIP4K2A/GAB1/PTPRJ/C2CD5/PRKCI/MTCL2/PRKAA1/JAK1/SORBS1/EEF2K/CPS1/ZNF592/RELA/SP1/PRKAR1A/CRHBP","GO_BP"
"GOBP_NEGATIVE_REGULATION_OF_TRANSMEMBRANE_RECEPTOR_PROTEIN_SERINE_THREONINE_KINASE_SIGNALING_PATHWAY","GOBP_NEGATIVE_REGULATION_OF_TRANSMEMBRANE_RECEPTOR_PROTEIN_SERINE_THREONINE_KINASE_SIGNALING_PATHWAY",122,-0.573617048988499,-1.85004690830781,6.06960298699017e-06,0.000213323200365831,0.000158104557159088,1461,"tags=23%, list=11%, signal=21%","CTDSPL2/CHST11/SAP130/PBLD/HDAC1/CRIM1/ONECUT1/SMURF1/ING1/TP53/SPRED1/SMAD6/PPARA/ABL1/NOTCH1/SNX6/CRKL/NRROS/MTMR4/BCL9L/BMPER/TGFBR3/LRP1/ENG/GLG1/SIN3A/HIPK2/SKI","GO_BP"
"GOBP_NEGATIVE_REGULATION_OF_CELL_DIFFERENTIATION","GOBP_NEGATIVE_REGULATION_OF_CELL_DIFFERENTIATION",462,-0.416956810945955,-1.55222401375743,6.12140941435415e-06,0.000213501676444153,0.000158236834760766,2135,"tags=24%, list=17%, signal=21%","LRP4/STAT5A/NPR2/GPER1/ITGB3/FOXJ2/SS18/NFATC3/NTN1/HDAC7/TRIO/BMPR2/RARA/USH2A/TOB1/PGLYRP2/TBX21/IGF1/TOB2/PIK3R1/TNPO2/STAT5B/HDAC5/TMEM131L/MBNL3/HEY2/TRAK2/KAT8/RORA/LTBP3/FRS2/JDP2/LILRB1/SMAD3/IGF2/LOXL3/MED28/ADAMTS7/LAG3/DDX6/HOXA5/ZHX2/ITGB1/FERMT2/ARHGAP4/HNRNPU/HDAC1/APPL2/GABPA/SMARCA2/CRIM1/QKI/IGFBP5/MAFB/PTCH1/MED1/SMAD4/PDCD4/ACTB/MECP2/UBASH3B/PTK2B/GSK3B/TGFB1/DAAM2/NRP1/ZFPM1/NR5A2/ZBTB46/RAPGEF2/CBFB/PROX1/LDB1/ENPP1/TP53/NF2/SPRED1/SEMA5A/SMAD6/LYN/NOTCH4/SNAI2/PTBP1/PPARA/TLR4/NOTCH1/TRIB2/SUFU/TRPC5/ITPKB/DUSP10/NRARP/GPR137B/NF1/BICRAL/SEMA4D/ABCG1/FGL2/SPAG9/DICER1/LRP5/ABCA1/PTPRS/HDAC4/C1QC/INPP5D/RFLNB/ACVRL1/CLEC4G/CETP/CR1/SKI","GO_BP"
"GOBP_HEART_VALVE_DEVELOPMENT","GOBP_HEART_VALVE_DEVELOPMENT",63,-0.673672672208193,-1.96096900422389,6.6208992724955e-06,0.000227450291549112,0.000168574855240348,2121,"tags=41%, list=17%, signal=35%","ROBO1/ADAMTS9/BMPR2/APLNR/HEY2/NOTCH2/TIE1/APC/GATA4/OLFM1/SMAD4/TNFRSF1B/TGFB1/ZFPM1/SMAD6/DLL4/SNAI2/ROCK2/NOTCH1/TNFRSF1A/HECTD1/TGFBR2/NOS3/PDE2A/FGFRL1/DCHS1","GO_BP"
"GOBP_SENSORY_SYSTEM_DEVELOPMENT","GOBP_SENSORY_SYSTEM_DEVELOPMENT",274,-0.470989039252165,-1.66861645562633,6.58905649024793e-06,0.000227450291549112,0.000168574855240348,2248,"tags=27%, list=18%, signal=23%","PDGFRA/CDKN1C/SDK2/C3/SP3/RARB/IFT140/ADAMTS9/GPD2/BBS7/IFT172/BMPR2/RARA/CABP4/ATF6/CC2D2A/IFT122/ATP2B4/PXDN/FZD4/NOTCH2/RHOJ/FRS2/C1QA/SMAD3/ARHGEF15/PER2/KDM5B/MAN2A1/ZHX2/CRYBG3/CASP2/ZEB2/CLIC4/MERTK/HDAC1/MED1/KDM2B/MYO7A/PTPRM/TGFB1/NRP1/SOS1/GPM6A/PROX1/SIPA1L3/NF2/SPRED1/SH3PXD2B/HIF1A/DLL4/SMOC1/HIPK1/NOTCH1/ARHGAP35/SHROOM2/MAF/NF1/FZD5/TGFBR2/PRKCI/LRP5/MYH10/P2RY12/BMP6/LPCAT1/TMEM132E/CPAMD8/KDR/ACVRL1/FLT1/CITED2/HIPK2/SKI","GO_BP"
"GOBP_REGULATION_OF_GLIAL_CELL_PROLIFERATION","GOBP_REGULATION_OF_GLIAL_CELL_PROLIFERATION",29,-0.803326249983338,-2.0197131344506,6.7152956576392e-06,0.000228971536266817,0.000169702326242147,1176,"tags=41%, list=9%, signal=38%","UFL1/MECP2/TP53/NF2/PRKCH/LYN/NOTCH1/NF1/PRKCI/DICER1/ETV5/SKI","GO_BP"
"GOBP_REGULATION_OF_NEURON_PROJECTION_DEVELOPMENT","GOBP_REGULATION_OF_NEURON_PROJECTION_DEVELOPMENT",328,-0.45010180127655,-1.63007160010775,6.7700645969615e-06,0.000229129075137164,0.000169819086225537,2278,"tags=29%, list=18%, signal=24%","LIMK1/CFLAR/DMD/CARM1/ADCY10/OBSL1/FN1/KIF1A/PTPN9/LRP4/ROBO1/CUL7/RTN4RL2/AP2A1/NTN1/FEZ1/ADAM17/BMPR2/BRAF/PDLIM5/NCS1/FYN/PTPRG/EHD1/FZD4/TRAK2/ATF1/TANC2/PAK2/IL15RA/SIPA1L1/TNN/DENND5A/PRAG1/CXCL12/FIG4/FBXW8/FBXO38/KREMEN1/ZEB2/FGFR1/ARHGAP4/DGKG/SCARF1/PTPRF/KIF13B/ABI3/KANK1/MACF1/COBL/NCKIPSD/NR2F1/STX1B/PTK2B/GSK3B/RELN/NRP1/PLXNB1/SMURF1/CUX2/DDR2/RAPGEF2/KIDINS220/PTPRO/SEMA5A/LYN/MEGF8/PTPN1/GAK/ABL1/ARHGAP35/TRPC5/ATP1B2/EFNB2/DAB2/CRKL/TNIK/SCN1B/SEMA4D/PRKCI/KIF26A/EEF2K/RAPGEF1/NOVA2/PREX1/YTHDF1/HECW2/KDM1A/EP300/TIAM1/SHANK3/PTPRS/PLXND1/PLXNB2/CD38","GO_BP"
"GOBP_REGULATION_OF_BMP_SIGNALING_PATHWAY","GOBP_REGULATION_OF_BMP_SIGNALING_PATHWAY",73,-0.642168607071887,-1.90887199321073,7.57287865252517e-06,0.000254415312966084,0.000188559989358928,1079,"tags=26%, list=8%, signal=24%","NOTCH2/CTDSPL2/GATA4/CRIM1/ZNF423/UBE2O/SMURF1/SMAD6/NUMA1/ABL1/NOTCH1/MTMR4/BMPER/ENG/KDR/ACVRL1/HIPK2/CDH5/SKI","GO_BP"
"GOBP_PATTERN_SPECIFICATION_PROCESS","GOBP_PATTERN_SPECIFICATION_PROCESS",276,-0.470855152983655,-1.66695651163727,7.96270030458007e-06,0.000265558961252747,0.000196819107797419,1986,"tags=25%, list=16%, signal=21%","PCSK6/MICAL2/BBS7/SETDB2/IFT172/BMPR2/BCOR/RFX3/APLNR/MFNG/RNF2/CC2D2A/PSKH1/IFT122/C2CD3/HEY2/NOTCH2/CYP26B1/APC/FRS2/FOXF1/C1QA/PKD2/SMAD3/ACVR2A/TSHZ1/GATA4/HOXA5/ZEB2/FGFR1/PLXNA2/PRKDC/HOXB6/MAFB/PTCH1/RNF111/SMAD4/COBL/KDM2B/RELN/DAAM2/NRP1/LDB1/TP53/EFNB1/HIF1A/SMAD6/MEGF8/DLL4/HIPK1/NOTCH1/SUFU/CRKL/NRARP/FZD5/TGFBR2/LRP5/SOX18/EP300/ENG/MED12/BASP1/ACVRL1/DCHS1/CITED2/NRP2/HIPK2/SKI","GO_BP"
"GOBP_POSITIVE_REGULATION_OF_NERVOUS_SYSTEM_DEVELOPMENT","GOBP_POSITIVE_REGULATION_OF_NERVOUS_SYSTEM_DEVELOPMENT",194,-0.509128131543038,-1.74199525664481,8.44378389633152e-06,0.000279562671176368,0.000207197961819211,1331,"tags=30%, list=10%, signal=27%","CUX1/LIMK1/MME/ADCY10/OBSL1/FN1/ROBO1/GPER1/DAG1/IL1RAP/CUL7/NTN1/BMPR2/BRAF/DLG5/FZD4/ZNF335/CXCL12/SRRT/MAN2A1/FBXW8/ITGB1/ZEB2/UFL1/HDAC1/NEURL1/QKI/IL6ST/MACF1/MECP2/RELN/TNFRSF1B/TGFB1/PRKCA/NRP1/PLXNB1/SMURF1/CUX2/SEMA5A/HIF1A/PRKCH/LYN/MEGF8/CLSTN1/NOTCH1/TRPC5/SEMA4D/PRKCI/DICER1/EEF2K/KDM1A/TIAM1/SHANK3/SPEN/PLXND1/PLXNB2/RELA/ETV5","GO_BP"
"GOBP_EMBRYONIC_MORPHOGENESIS","GOBP_EMBRYONIC_MORPHOGENESIS",421,-0.423241634256987,-1.56221226488733,8.82066429435377e-06,0.000289939677416564,0.000214888883263431,2886,"tags=32%, list=23%, signal=26%","DLL1/CDC73/RBPMS2/SUPT20H/SPARC/RECK/MAP2K1/HLX/CTNNB1/TCF21/TRAF3IP1/DUSP5/EIF4A3/GDF7/MAPK7/SMAD1/ZFP36L1/MEF2C/LLGL2/NCOA1/MAPK1/MTHFR/CDON/TASOR/SEMA4C/EPB41L5/ITGA4/EPHA2/WDR19/HTR2B/LUZP1/RBP4/TULP3/PBX1/TRIOBP/PDGFRA/CDKN1C/SP3/FN1/ETS2/CECR2/RARB/IFT140/OPA1/LRP4/DNAJB6/ITGB3/PLPP3/TAL1/NTN1/MICAL2/BBS7/SETD2/SETDB2/IFT172/BMPR2/RARA/PALS1/NUP50/APLNR/RNF2/CC2D2A/TSC1/IFT122/C2CD3/NOTCH2/AHDC1/CYP26B1/FRS2/FOXF1/PKD2/TEAD2/SMAD3/CHST11/ACVR2A/KDM6B/IGF2/TSHZ1/LATS1/LATS2/GATA4/HOXA5/ITGB1/ZEB2/FGFR1/HDAC1/HOXB6/MAFB/PTCH1/MED1/SMAD4/MTHFD1/COBL/KDM2B/MYO7A/ECE1/TRAF6/TGFB1/WNK1/NDST1/SOS1/MBP/PROX1/LDB1/PRKACA/TP53/NF2/AFF3/HIF1A/MYH9/MEGF8/DLL4/KCNQ1/ROCK2/HIPK1/ABL1/NOTCH1/ARHGAP35/SUFU/TSC2/FZD5/TGFBR2/LRP5/SOX18/ENG/MED12/CDH23/PLXNB2/CREBBP/DLC1/STK4/FLT1/CITED2/PRKAR1A/HIPK2/SKI","GO_BP"
"GOBP_MITOCHONDRIAL_ELECTRON_TRANSPORT_NADH_TO_UBIQUINONE","GOBP_MITOCHONDRIAL_ELECTRON_TRANSPORT_NADH_TO_UBIQUINONE",40,0.739803676711788,1.99089610769221,9.33397351253479e-06,0.00030462089270551,0.000225769870600184,1864,"tags=55%, list=15%, signal=47%","NDUFB8/NDUFA8/NDUFB6/NDUFB5/NDUFA1/NDUFS5/PARK7/NDUFC1/NDUFS3/NDUFB3/NDUFB2/NDUFAF1/NDUFA9/NDUFB9/NDUFS4/NDUFAB1/NDUFA3/NDUFA2/NDUFA11/NDUFB1/NDUFA5/DNAJC15","GO_BP"
"GOBP_ACTOMYOSIN_STRUCTURE_ORGANIZATION","GOBP_ACTOMYOSIN_STRUCTURE_ORGANIZATION",166,-0.526372537098479,-1.76214803440391,9.83411167822482e-06,0.000318667065658221,0.000236180196109364,2479,"tags=43%, list=19%, signal=35%","PRKD1/EPB41L5/NRAP/LUZP1/CLASP2/TGFB3/TMOD2/TRPM7/LIMK1/SRC/FRMD3/CFLAR/PDGFRA/OBSL1/ZYX/PPM1F/PTGER4/DNM2/SORBS3/BRAF/RAPGEF3/MEF2A/PIK3R1/ALMS1/CDC42BPA/TSC1/EVL/ARHGEF10L/PAK2/SMAD3/ARHGEF15/EPB41/FHOD1/S1PR1/PPFIA1/CNN2/ITGB1/WAS/FLII/FERMT2/ZEB2/TJP1/WDR1/ARRB1/IQGAP2/MET/SMAD4/CGNL1/NRP1/PROX1/NF2/AKAP13/GPR65/MYH9/LIMCH1/ROCK2/ABL1/TMOD3/PLEC/BMP10/MYO18A/SORBS1/MYH10/CLASP1/EPB41L2/DLC1/ARHGEF18/IQGAP1/EPB41L3/PRKAR1A/CDC42BPB","GO_BP"
"GOBP_RESPONSE_TO_INSULIN","GOBP_RESPONSE_TO_INSULIN",229,-0.476696818472281,-1.65934371221695,1.05757438506917e-05,0.000340285729956411,0.000252202875964976,3033,"tags=43%, list=24%, signal=33%","MEAK7/PDK4/YWHAG/SOCS1/CUL3/SNX5/ZNF106/SIRT1/PTPRE/HADHA/PIP4K2B/FOXO4/BLVRB/PIK3CA/ZFP36L1/UCP2/ACVR1C/PIK3C2A/NCOA1/MAPK1/FER/VPS13C/NDEL1/TNFRSF11A/SYAP1/SESN3/RBP4/SLC27A1/LONP1/CD2AP/CRY2/TBC1D4/CFLAR/OSBPL8/SCAP/KLF15/OGT/SRD5A1/PIK3R3/PCK1/CUL7/DENND4C/APPL1/WDTC1/IGF1/PIK3R1/PRKCB/HDAC5/TSC1/GPR82/APC/RAB31/G6PC1/HADH/IGF2/PCK2/FBXW8/GPLD1/NCOA5/PRKDC/APPL2/GRB10/SH2B2/KANK1/PARP1/IGF1R/GSK3B/SOS1/ENPP1/SIK2/NCOA2/LYN/ZDHHC7/HMGCS2/KCNQ1/IRS1/EGR1/HDAC9/PTPN1/PPARA/ZBED3/TNS2/RAB8A/TSC2/PIP4K2A/GAB1/PTPRJ/C2CD5/PRKCI/MTCL2/PRKAA1/SORBS1/EEF2K/FABP3/ZNF592/RELA/GCNT1/SP1","GO_BP"
"GOBP_ATP_BIOSYNTHETIC_PROCESS","GOBP_ATP_BIOSYNTHETIC_PROCESS",88,0.610426486243673,1.89972980648139,1.08719443615255e-05,0.000347370026488182,0.000257453404571421,1862,"tags=42%, list=15%, signal=36%","NDUFB8/ATP5PB/ATP5MJ/ATP5MG/NDUFA8/TREM2/NDUFB6/SDHD/NDUFB5/ATP5MC2/NDUFA1/NDUFS5/ATP5PO/ATP5ME/NDUFC1/NDUFS3/NDUFB3/NDUFB2/ATP5F1E/ATP5MK/NDUFA9/ATP5IF1/ATP5F1C/NDUFB9/ATP5PF/NDUFS4/COX11/NDUFAB1/DMAC2L/NDUFA3/NDUFA2/NDUFA11/ATP5MC1/LETMD1/NDUFA12/NDUFB1/NDUFA5","GO_BP"
"GOBP_ADAPTIVE_IMMUNE_RESPONSE_BASED_ON_SOMATIC_RECOMBINATION_OF_IMMUNE_RECEPTORS_BUILT_FROM_IMMUNOGLOBULIN_SUPERFAMILY_DOMAINS","GOBP_ADAPTIVE_IMMUNE_RESPONSE_BASED_ON_SOMATIC_RECOMBINATION_OF_IMMUNE_RECEPTORS_BUILT_FROM_IMMUNOGLOBULIN_SUPERFAMILY_DOMAINS",256,-0.469299279237501,-1.65805096232538,1.11234657001846e-05,0.000352938297112107,0.000261580330098639,3026,"tags=36%, list=24%, signal=28%","TP53BP1/IL1R1/YWHAG/HLA-DRA/TYK2/C4A/IL6R/STAT3/PLA2G4A/C8A/KLHL6/CLEC7A/HLX/RC3H2/LILRB4/NLRP3/MEF2C/HAVCR2/HPRT1/C9/BRD4/PCYT1A/RIF1/C6/CD74/IL4R/FCGR2A/C4B/JAK2/NFKBIZ/C3/C1RL/IL13RA2/OPA1/STAT5A/CTSC/RSAD2/CD226/SASH3/CARD9/IL12RB1/FCMR/ADAM17/TBX21/RIPK3/MASP2/FCGR3B/CD55/RORA/CD274/C1QA/LILRB1/CD7/CSF2RB/IL17RA/LOXL3/PTPRC/HLA-E/PTPN6/FBXO38/ICAM1/WAS/UFL1/IL33/PARP3/IL6ST/SUPT6H/SECTM1/TNFRSF1B/TRAF6/TGFB1/TLR8/IL2RB/PMS2/UNC93B1/NCKAP1L/C5/CD4/TLR4/NOTCH1/PRF1/FZD5/FCER1G/PRKAA1/JAK1/EP300/C1QB/FCGR3A/EBI3/C1QC/INPP5D/CLEC4G/CR1","GO_BP"
"GOBP_NEGATIVE_REGULATION_OF_CELL_ACTIVATION","GOBP_NEGATIVE_REGULATION_OF_CELL_ACTIVATION",175,-0.51461953734802,-1.73942986157274,1.14865065547357e-05,0.000361621861676656,0.000268016156711431,2462,"tags=31%, list=19%, signal=26%","CBLB/CD74/RUNX1/GRN/IL4R/SRC/RIPOR2/PDGFRA/FN1/CD84/STAT5A/GPER1/SAMSN1/CST7/PGLYRP2/TBX21/TMEM131L/CD9/DLG5/CD274/LILRB1/LOXL3/PTPRC/HLA-E/PTPN6/LAG3/TNFRSF21/CD86/UFL1/MERTK/CEBPB/PARP3/LAPTM5/ITCH/UBASH3B/CD300A/TGFB1/ZBTB46/CBFB/PELI1/CD33/LYN/LILRB2/PDCD1LG2/NRARP/FGL2/ADGRF5/RASSF5/INPP5D/NOS3/VSIG4/CLEC4G/AXL/PRKAR1A/CR1","GO_BP"
"GOBP_RESPONSE_TO_BACTERIUM","GOBP_RESPONSE_TO_BACTERIUM",459,-0.413290005351293,-1.538659339337,1.15554370332221e-05,0.000361621861676656,0.000268016156711431,1305,"tags=16%, list=10%, signal=15%","HLA-E/PCK2/PTPN6/SBNO2/CD86/IL33/CEBPB/CDK19/TLR6/TBXA2R/NCF1/PDCD4/TNFRSF1B/TRAF6/LILRA2/PLAC8/PRKCA/SPI1/GPM6A/PELI1/MMRN2/TLR1/WASL/SLC15A2/SMAD6/AKAP8/LYN/RAB7A/HMGCS2/LILRB2/ASS1/CD4/PRPF8/APP/GBP4/PDCD1LG2/TLR4/ABL1/NOTCH1/EFNB2/PLSCR4/FCN2/HCK/DUSP10/TNFRSF1A/ADAM9/FZD5/IRAK3/IRF8/FCER1G/RASGRP4/RNF31/SLC9A9/UPF1/ST13/SEH1L/ABCA1/CPS1/CD180/BMP6/CFD/SASH1/PRLR/RELA/STAB2/NOS3/STAB1/SCIMP/IL10RA/AKAP12/AXL/CFP/MPEG1/MRC1/VCAM1","GO_BP"
"GOBP_POSITIVE_REGULATION_OF_CELL_PROJECTION_ORGANIZATION","GOBP_POSITIVE_REGULATION_OF_CELL_PROJECTION_ORGANIZATION",281,-0.4601510886053,-1.63403065014858,1.18802886767263e-05,0.000369258768462331,0.000273676252581658,2870,"tags=37%, list=22%, signal=29%","ACTR2/SCARB2/MAP2K1/KATNB1/ARSB/GPRASP3/PIK3CA/LTK/FMR1/SMAD1/MARK2/NFE2L2/PTPRD/SEPTIN7/ARHGEF7/SETX/PRKD1/TMEM106B/NDEL1/RAB11FIP3/SEPTIN9/PALM/GRN/DISC1/CUX1/TGFB3/LIMK1/SRC/RIPOR2/CFLAR/DMD/ADCY10/OBSL1/FN1/AUTS2/ROBO1/CEP120/CUL7/AP2A1/NTN1/FEZ1/BMPR2/BRAF/HTT/PIK3R1/FYN/EHD1/FZD4/ATF1/PLEKHM1/EPS8/APC/TNN/NEDD9/RAC2/CXCL12/FIG4/FBXW8/FBXO38/ZEB2/FGFR1/NEURL1/SCARF1/CDC42EP4/DVL3/MACF1/COBL/NCKIPSD/PTK2B/GSK3B/RELN/NRP1/PLXNB1/SMURF1/CUX2/DDR2/GPM6A/RAPGEF2/CORO1B/KIDINS220/WASL/SEMA5A/OCLN/LYN/MEGF8/RAB8B/ABL1/RREB1/ARHGAP35/TRPC5/ATP1B2/SCN1B/SEMA4D/PRKCI/FSCN1/EEF2K/RAPGEF1/P2RY12/KDM1A/EP300/TIAM1/CYFIP1/PLXND1/PLXNB2","GO_BP"
"GOBP_REGULATION_OF_ACTIN_FILAMENT_BASED_PROCESS","GOBP_REGULATION_OF_ACTIN_FILAMENT_BASED_PROCESS",324,-0.451733414097555,-1.63093726597272,1.24997350908043e-05,0.000385887092093818,0.000286000339879926,2337,"tags=34%, list=18%, signal=28%","CD2AP/GBA2/TGFB3/TRIOBP/TMOD2/LIMK1/ARAP2/PDGFRA/MTSS1/ADCY10/PPM1F/ITGB3/CYFIP2/PTGER4/SORBS3/PLEKHG2/BRAF/RAPGEF3/CTTN/ARHGAP18/PIK3R1/KANK2/ALMS1/SH3BP1/TSC1/EVL/CTNNA3/SNX9/ARHGEF10L/EPS8/COTL1/PAK2/SPTBN4/ADD1/NEDD9/ESAM/RAC2/SMAD3/PDE4B/ARHGEF15/NCK2/TAOK2/FHOD1/CXCL12/LATS1/S1PR1/PPFIA1/GATA4/CNN2/PLEK/WAS/FLII/FERMT2/ZEB2/TJP1/WDR1/SYNPO2/ARHGAP17/IQGAP2/CDC42EP4/MET/PDXP/KANK1/SMAD4/DVL3/PTK2B/CGNL1/TGFB1/CAMK2D/HCLS1/DAAM2/NRP1/PROX1/ARFGEF1/CORO1B/SSH3/NF2/ADD3/AKAP13/GPR65/SEMA5A/MYH9/LIMCH1/DSC2/NCKAP1L/ARAP3/ROCK2/ABL1/ARHGAP35/TMOD3/SSH1/HCK/CCL24/JUP/BMP10/CYRIA/SPTBN1/FSCN1/LRP1/PREX1/CLASP1/SHANK3/FCHSD2/SSH2/SPTBN2/CYFIP1/DLC1/KCNJ2/ARHGEF18/CSF1R","GO_BP"
"GOBP_POSITIVE_REGULATION_OF_NEUROGENESIS","GOBP_POSITIVE_REGULATION_OF_NEUROGENESIS",168,-0.53006788314393,-1.77631288278155,1.36516789937629e-05,0.000418620948473173,0.000310261047848359,1331,"tags=24%, list=10%, signal=22%","ZNF335/CXCL12/SRRT/MAN2A1/FBXW8/ITGB1/ZEB2/UFL1/HDAC1/NEURL1/QKI/IL6ST/MACF1/MECP2/RELN/TNFRSF1B/TGFB1/NRP1/PLXNB1/SMURF1/CUX2/SEMA5A/HIF1A/PRKCH/LYN/MEGF8/NOTCH1/TRPC5/SEMA4D/PRKCI/DICER1/EEF2K/KDM1A/TIAM1/SHANK3/SPEN/PLXND1/PLXNB2/RELA/ETV5","GO_BP"
"GOBP_CELLULAR_RESPONSE_TO_LIPID","GOBP_CELLULAR_RESPONSE_TO_LIPID",479,-0.408514224345798,-1.52393185592122,1.37446803706428e-05,0.000418662964089779,0.000310292187735844,2301,"tags=26%, list=18%, signal=22%","JAK2/CRY2/SRC/CFLAR/NFKBIZ/PAQR8/PTGER2/CARM1/CACTIN/CD36/GPER1/HSF1/NPC1/DAG1/SRD5A1/PCK1/PTGER4/TCF7L2/MIF/RARA/ABCB1/YES1/IGF1/GBP5/SYK/KANK2/GRAMD1A/PLCG2/TAF1/HDAC5/ADAMTS13/CD55/GIT1/FZD4/CYP26B1/RORA/CD274/LILRB1/TFAP4/TEAD2/PDE4B/LATS1/PCK2/PTPN6/SBNO2/GPLD1/CD86/RXRA/UFL1/GPBAR1/HNRNPU/HDAC1/CEBPB/KMT2D/LRP6/FECH/CDK19/PTCH1/ZNF366/TBXA2R/MED1/NCF1/PARP1/P2RY6/GNAS/PDCD4/GNG2/ADCY5/PTK2B/GSK3B/TNFRSF1B/TRAF6/LILRA2/TGFB1/PRKCA/SPI1/NFE2L1/RBFOX2/UBR5/PDK3/ZMIZ1/AKAP8/SAFB/LYN/SKP2/ZDHHC7/HMGCS2/LILRB2/ASS1/IRS1/CD4/SNAI2/PRPF8/PPARA/ROCK2/PDCD1LG2/TLR4/ABL1/EFNB2/CNOT1/PLSCR4/HCK/DAB2/CYP7B1/ADAM9/IRAK3/IRF8/PRKAA1/UPF1/ABCA1/CPS1/CALCOCO1/KDM1A/CD180/EP300/BMP6/SASH1/RELA/NCOR2/NOS3/SCIMP/AXL/CRHBP/NCOA3/MRC1","GO_BP"
"GOBP_SENSORY_ORGAN_DEVELOPMENT","GOBP_SENSORY_ORGAN_DEVELOPMENT",372,-0.424994798145904,-1.55345638997604,1.42397753568961e-05,0.000430871083481181,0.000319340239268978,1979,"tags=21%, list=15%, signal=18%","NTN1/GPD2/BBS7/IFT172/BMPR2/RARA/USH2A/CABP4/IGF1/ATF6/CC2D2A/IFT122/ATP2B4/PXDN/HEY2/FZD4/NOTCH2/RHOJ/LRP10/CYP26B1/FRS2/SMAD3/ARHGEF15/PER2/TSHZ1/KDM5B/MAN2A1/ZHX2/CRYBG3/CASP2/ZEB2/CEBPD/FGFR1/CLIC4/MERTK/HDAC1/MAFB/MED1/KDM2B/MYO7A/PTPRM/ECE1/TGFB1/NRP1/SOS1/GPM6A/PROX1/SIPA1L3/NF2/SPRED1/SH3PXD2B/HIF1A/DLL4/KCNQ1/SMOC1/HIPK1/NOTCH1/ARHGAP35/SHROOM2/MAF/NF1/FZD5/TGFBR2/PRKCI/LRP5/BMPER/MYH10/BMP6/CDH23/LPCAT1/TMEM132E/CPAMD8/KDR/ACVRL1/DCHS1/FLT1/CITED2/HIPK2/SKI","GO_BP"
"GOBP_REGULATION_OF_IMMUNE_EFFECTOR_PROCESS","GOBP_REGULATION_OF_IMMUNE_EFFECTOR_PROCESS",308,-0.447219710192413,-1.60203046987356,1.59391173688081e-05,0.000479117284592659,0.000355097926422823,2225,"tags=28%, list=17%, signal=24%","C3/CD84/FCN3/CD36/IL13RA2/OPA1/STAT5A/RSAD2/CD226/PCK1/SASH3/CARD9/IL12RB1/MIF/APPL1/RARA/PGLYRP2/TBX21/RIPK3/SYK/PLCG2/STAT5B/PANX1/GAB2/HK1/STXBP1/CD55/FOXF1/CD274/LILRB1/AP1G1/CD7/RAC2/LOXL3/PTPRC/HLA-E/PTPN6/LAG3/MASP1/FBXO38/ICAM1/WAS/CD86/UFL1/CALHM6/IL33/CAMK4/APPL2/PARP3/LAPTM5/NCF1/SUPT6H/SECTM1/CD300A/TNFRSF1B/TRAF6/TGFB1/SPI1/PMS2/VAMP3/SERPINB9/GPR65/LYN/NCKAP1L/TLR4/FCN2/DUSP10/FZD5/IRAK3/FGL2/FCER1G/PRKAA1/RASGRP4/CD244/MYO18A/EP300/DNASE1L3/INPP5D/VSIG4/SCIMP/CLEC4G/AXL/VAV1/CFP/CD5L/CR1","GO_BP"
"GOBP_CENTRAL_NERVOUS_SYSTEM_NEURON_DIFFERENTIATION","GOBP_CENTRAL_NERVOUS_SYSTEM_NEURON_DIFFERENTIATION",142,-0.535973048024386,-1.76583844496909,1.71754304011925e-05,0.000512905500019925,0.000380140072931794,2597,"tags=34%, list=20%, signal=27%","KNDC1/PLXNA4/CDON/NDEL1/EPHA2/TULP3/DISC1/GBA2/OGDH/ROBO1/TAL1/IFT172/PALS1/PLXNA1/SZT2/B4GALT5/SPG11/RORA/SPTBN4/ATP7A/ZNF335/ZHX2/ITGB1/ZEB2/ZSWIM6/LRP6/PTCH1/GIGYF2/PRKCA/HERC1/NRP1/RAPGEF2/PROX1/LDB1/NFE2L1/ZMIZ1/DLL4/NOTCH1/ARHGAP35/SUFU/CRKL/SCN1B/UBB/NOVA2/SHANK3/SIN3A/CSF1R/NRP2","GO_BP"
"GOBP_CARDIAC_SEPTUM_MORPHOGENESIS","GOBP_CARDIAC_SEPTUM_MORPHOGENESIS",59,-0.670843403750385,-1.9280011118895,1.76277774414663e-05,0.000513002007197832,0.000380211599257105,1915,"tags=37%, list=15%, signal=32%","RARB/ROBO1/BMPR2/RARA/APLNR/HEY2/NOTCH2/GATA4/SMAD4/NRP1/ZFPM1/PROX1/TP53/SMAD6/NOTCH1/TGFBR2/TGFBR3/ENG/NOS3/FGFRL1/CITED2/NRP2","GO_BP"
"GOBP_REGULATION_OF_GLIOGENESIS","GOBP_REGULATION_OF_GLIOGENESIS",64,-0.655073421278356,-1.90928151922373,1.76277774414663e-05,0.000513002007197832,0.000380211599257105,1176,"tags=31%, list=9%, signal=29%","UFL1/HDAC1/QKI/IL6ST/MECP2/TNFRSF1B/TGFB1/DAAM2/TP53/NF2/PRKCH/LYN/NOTCH1/DUSP10/NF1/PRKCI/DICER1/RELA/ETV5/SKI","GO_BP"
"GOBP_ENDOTHELIAL_CELL_DIFFERENTIATION","GOBP_ENDOTHELIAL_CELL_DIFFERENTIATION",107,-0.583207546831438,-1.84883434219241,1.74881514815339e-05,0.000513002007197832,0.000380211599257105,1596,"tags=33%, list=12%, signal=29%","HEY2/FZD4/TIE1/ADD1/KDM6B/S1PR1/ICAM1/CLIC4/TJP1/HEG1/MET/SMAD4/PECAM1/NRP1/RAPGEF2/PROX1/AMOTL2/NOTCH4/PPP1R16B/ROCK2/NOTCH1/LIPA/TNFRSF1A/MARVELD2/RAP1B/RAPGEF1/SOX18/PTPRS/ROBO4/BMP6/TJP2/KDR/PDE2A/ACVRL1/CDH5","GO_BP"
"GOBP_REGULATION_OF_CELLULAR_RESPONSE_TO_TRANSFORMING_GROWTH_FACTOR_BETA_STIMULUS","GOBP_REGULATION_OF_CELLULAR_RESPONSE_TO_TRANSFORMING_GROWTH_FACTOR_BETA_STIMULUS",125,-0.555940625349967,-1.79092965707896,1.74558455914161e-05,0.000513002007197832,0.000380211599257105,1406,"tags=24%, list=11%, signal=22%","SMAD3/CHST11/LATS1/LATS2/SAP130/PBLD/ZEB2/HDAC1/ONECUT1/RNF111/SMAD4/SMURF1/ING1/TP53/SPRED1/SMAD6/PPARA/SNX6/NRROS/MTMR4/BCL9L/TGFBR3/EP300/ENG/GLG1/CREBBP/SIN3A/CITED2/HIPK2/SKI","GO_BP"
"GOBP_RNA_METHYLATION","GOBP_RNA_METHYLATION",78,0.61984081048441,1.89332985966492,1.90036869279694e-05,0.00054901072522229,0.000406899471965559,2731,"tags=40%, list=21%, signal=31%","TRMT10C/SNRPF/SNRPD2/FBL/LARP7/LCMT2/SNRPB/TRMT12/EMG1/METTL5/METTL1/SNRPE/METTL6/FTSJ1/BCDIN3D/THUMPD2/TRMT6/MRM2/BUD23/MEPCE/TFB2M/TRMT13/METTL2B/SNRPD1/METTL14/TARBP1/METTL15/THADA/METTL8/TRMT10B/TRMT61B","GO_BP"
"GOBP_ARTERY_DEVELOPMENT","GOBP_ARTERY_DEVELOPMENT",87,-0.602291927240882,-1.84847887113097,1.92074549438326e-05,0.00054901072522229,0.000406899471965559,1605,"tags=36%, list=13%, signal=31%","APOB/HEY2/FOXF1/PKD2/HHIPL1/NPRL3/CNTRL/TAB1/NRP1/NDST1/PROX1/ZMIZ1/SMAD6/AKT3/MEGF8/DLL4/MYLK/NOTCH1/SUFU/EFNB2/HECTD1/NF1/TGFBR2/LRP1/MYH10/ADGRF5/ENG/PLXND1/PDE2A/ACVRL1/CITED2","GO_BP"
"GOBP_CYTOKINE_MEDIATED_SIGNALING_PATHWAY","GOBP_CYTOKINE_MEDIATED_SIGNALING_PATHWAY",386,-0.41801092794768,-1.53553261182751,1.92255889769241e-05,0.00054901072522229,0.000406899471965559,2469,"tags=29%, list=19%, signal=24%","PIAS3/LILRA6/MIB2/TTLL12/TNFRSF11A/CD74/ULK1/USP18/IL4R/SLC27A1/JAK2/SRC/NFKBIZ/LILRA5/CACTIN/XCR1/BBS2/IKBKB/IL13RA2/STAT5A/ROBO1/IL1RAP/CNTFR/ILK/PIAS4/IL12RB1/GPR75/SAMHD1/ADAM17/APPL1/SYK/PIK3R1/TBKBP1/STAT5B/CXCR2/EPG5/PXDN/FZD4/NR2C2/SOCS2/IL15RA/ACTN4/LILRB1/CSF2RB/IL17RA/ACKR2/UGCG/PTPRC/CXCL12/CSF1/PTPN6/LILRA1/LEPR/FBXO21/IL33/APPL2/LAPTM5/LIFR/MED1/IL6ST/SH2B2/GIGYF2/SMAD4/PTK2B/TNFRSF1B/TRAF6/LILRA2/CD44/HCLS1/SPI1/WNK1/SOS1/IL2RB/PRKACA/TP53/EPOR/HIF1A/CCL23/LYN/LILRB2/IRS1/EGR1/CD4/IL16/IL17RB/PTPN1/EDA/HIPK1/NOTCH1/CBL/CSF3R/HCK/CCL24/TNFRSF1A/PTPRJ/IRAK3/PARP14/FCER1G/JAK1/DICER1/TMC8/CCR1/LSM14A/HDAC4/CMKLR1/EBI3/PRLR/RELA/SIN3A/IL10RA/AXL/CSF1R/LILRB5","GO_BP"
"GOBP_CELL_CELL_JUNCTION_ORGANIZATION","GOBP_CELL_CELL_JUNCTION_ORGANIZATION",168,-0.525070093687288,-1.75956476790877,1.95987919465905e-05,0.00055619180375138,0.000412221730579809,1644,"tags=27%, list=13%, signal=24%","CD9/DLG5/APC/PAK2/ADD1/ESAM/SMAD3/PIP5K1C/FERMT2/GPBAR1/TJP1/WDR1/HEG1/PATJ/PECAM1/ACTB/TGFB1/PRKCA/CLDN23/ACE/PRKACA/NF2/PTPRO/PRKCH/OCLN/SNAI2/ROCK2/STRN/PTPN23/HIPK1/EFNB2/PLEC/TLN1/JUP/FZD5/PRKCI/MARVELD2/FSCN1/BMP6/TJP2/CDH2/ACVRL1/CSF1R/EPB41L3/CDH5","GO_BP"
"GOBP_MESENCHYMAL_CELL_MIGRATION","GOBP_MESENCHYMAL_CELL_MIGRATION",44,-0.707699840679734,-1.94404786245832,2.01975754715496e-05,0.00056964643413278,0.000422193634125895,824,"tags=27%, list=6%, signal=26%","ZEB2/NRP1/EFNB1/SEMA5A/HIF1A/SEMA4G/SEMA6B/SEMA4D/ENG/CDH2/SEMA6A/NRP2","GO_BP"
"GOBP_RESPONSE_TO_ORGANOPHOSPHORUS","GOBP_RESPONSE_TO_ORGANOPHOSPHORUS",90,-0.593818176069708,-1.82879976422534,2.12559367401381e-05,0.000592185213205431,0.000438898257336483,2114,"tags=38%, list=17%, signal=32%","NPR2/SRD5A1/NT5E/RAPGEF3/P2RX4/PIK3CG/PANX1/AKAP6/TAF1/TOP2B/PKD2/IGFBP5/PDXP/P2RY6/ABCC9/RAPGEF2/ENPP1/HMGCS2/ASS1/KCNQ1/APP/CRTC1/SSH1/RAP1B/GUCD1/EEF2K/RAPGEF1/P2RY12/CPS1/KDM1A/RELA/ITPR2/PDE2A/CRHBP","GO_BP"
"GOBP_DEVELOPMENTAL_GROWTH_INVOLVED_IN_MORPHOGENESIS","GOBP_DEVELOPMENTAL_GROWTH_INVOLVED_IN_MORPHOGENESIS",175,-0.507381349128094,-1.71496456280405,2.11276312869783e-05,0.000592185213205431,0.000438898257336483,2463,"tags=32%, list=19%, signal=26%","NDEL1/EPB41L5/ITGA4/ULK1/DISC1/CLASP2/CD2AP/LIMK1/ADCY10/FN1/AUTS2/SEMA5B/NPR2/CYFIP2/DNM2/NTN1/BMPR2/KIF26B/CTTN/PLXNA1/SPG11/TNN/CXCL12/CSF1/KDM5B/S1PR1/ITGB1/ZEB2/ARHGAP4/USP9X/MED1/NRN1/OLFM1/MACF1/COBL/GSK3B/TGFB1/NRP1/SMURF1/RAPH1/SLC23A2/SEMA5A/MEGF8/APP/ABL1/NOTCH1/TRPC5/SEMA4D/TGFBR2/SPAG9/PTPRS/MED12/CYFIP1/SIN3A/IQGAP1/NRP2","GO_BP"
"GOBP_TISSUE_HOMEOSTASIS","GOBP_TISSUE_HOMEOSTASIS",199,-0.492285654864887,-1.69152841643059,2.1471286643074e-05,0.000594559446498213,0.000440657921089436,2085,"tags=31%, list=16%, signal=26%","SRC/NFKBIZ/DMD/BBS2/ITGB3/NT5E/SASH3/RDH12/USH2A/F2R/VPS13B/ABCB1/LAMC1/P2RX4/LCA5/SYK/PTH1R/TPP1/EPG5/PLEKHM1/LTBP3/CLCN3/ESAM/RAC2/ERCC6/CSF1/S1PR1/PBLD/ITGB1/ZEB2/TJP1/WNK3/GIGYF2/RAB3D/PECAM1/ACTB/UBASH3B/PTK2B/TRAF6/PRKCA/APBB2/MBP/LDB1/OCLN/AKT3/RAB7A/TLR4/NOTCH1/ATP1B2/LIPA/LRRK1/GPR137B/NF1/CDH23/TJP2/INPP5D/NOS3/CD38/IL10RA/LDB2/CSF1R/CDH5","GO_BP"
"GOBP_NEGATIVE_REGULATION_OF_OSTEOBLAST_DIFFERENTIATION","GOBP_NEGATIVE_REGULATION_OF_OSTEOBLAST_DIFFERENTIATION",38,-0.735208247397612,-1.95777159033697,2.20824769174127e-05,0.000607800223106376,0.000450471326844113,1953,"tags=34%, list=15%, signal=29%","HDAC7/TOB1/SMAD3/CRIM1/IGFBP5/PTCH1/GSK3B/SMAD6/NOTCH1/SUFU/SEMA4D/LRP5/SKI","GO_BP"
"GOBP_TRNA_PROCESSING","GOBP_TRNA_PROCESSING",132,0.539286844275611,1.77005870758411,2.24100960505936e-05,0.000611644034941313,0.000453320169196578,2773,"tags=36%, list=22%, signal=28%","TRMT10C/DPH3/LSM6/ZBTB8OS/RTRAF/CDK5RAP1/PUS3/TPRKB/RPP38/RPP14/LCMT2/TRUB2/GON7/TRMT12/TSEN15/TRNT1/FAM98B/METTL1/POP4/DDX1/ELAC1/ELP5/SSB/METTL6/URM1/FTSJ1/POP5/TRMT11/ADAT1/BCDIN3D/THUMPD2/TRMT6/YRDC/OSGEP/RTCB/RPP30/TRMT13/LAGE3/METTL2B/TARBP1/THADA/TSEN54/METTL8/TRMU/TRMT10B/TRMT61B/DUS4L","GO_BP"
"GOBP_STEM_CELL_DIFFERENTIATION","GOBP_STEM_CELL_DIFFERENTIATION",194,-0.498879304014057,-1.70692862442485,2.24898660254193e-05,0.000611644034941313,0.000453320169196578,1415,"tags=23%, list=11%, signal=20%","TEAD2/GATAD2B/PTPRC/ITGB1/ZEB2/UFL1/FGFR1/PRKDC/HNRNPU/FBXO21/HDAC1/LRP6/JARID2/MED1/ITCH/SMAD4/GSK3B/NRP1/SETD1A/NR5A2/GPM6A/ACE/TP53/EFNB1/SEMA5A/HIF1A/MTA1/MSI2/SNAI2/SEMA4G/ABL1/NOTCH1/SOX5/SEMA6B/CCDC88C/SEMA4D/TGFBR2/GATAD2A/SOX18/ENG/CDH2/SEMA6A/CITED2/NRP2","GO_BP"
"GOBP_NEGATIVE_REGULATION_OF_LYMPHOCYTE_ACTIVATION","GOBP_NEGATIVE_REGULATION_OF_LYMPHOCYTE_ACTIVATION",135,-0.541970446766294,-1.76292235581605,2.29893548195651e-05,0.000621528770240196,0.000460646243877553,1460,"tags=25%, list=11%, signal=23%","PGLYRP2/TBX21/TMEM131L/DLG5/CD274/LILRB1/LOXL3/HLA-E/PTPN6/LAG3/TNFRSF21/CD86/UFL1/MERTK/CEBPB/PARP3/LAPTM5/ITCH/CD300A/TGFB1/CBFB/PELI1/LYN/LILRB2/PDCD1LG2/NRARP/FGL2/RASSF5/INPP5D/VSIG4/CLEC4G/AXL/PRKAR1A/CR1","GO_BP"
"GOBP_LYMPHOCYTE_MEDIATED_IMMUNITY","GOBP_LYMPHOCYTE_MEDIATED_IMMUNITY",233,-0.4703926625129,-1.64847760156219,2.36816460266159e-05,0.000636479062915342,0.00047172665800386,2349,"tags=28%, list=18%, signal=23%","IL4R/FCGR2A/C4B/NFKBIZ/C3/C1RL/IL13RA2/STAT5A/CTSC/RSAD2/CD226/SASH3/CARD9/IL12RB1/FCMR/TBX21/RIPK3/PIK3R1/STAT5B/MASP2/FCGR3B/CD55/LYST/CD274/C1QA/LILRB1/AP1G1/CD7/CSF2RB/PTPRC/PLEKHM2/HLA-E/PTPN6/LAG3/FBXO38/ICAM1/WAS/UFL1/CALHM6/PARP3/SUPT6H/SECTM1/TNFRSF1B/TRAF6/TGFB1/TLR8/IL2RB/PMS2/SERPINB9/UNC93B1/NCKAP1L/C5/PRF1/FZD5/FCER1G/PRKAA1/RASGRP4/RNF19B/C1QB/FCGR3A/C1QC/INPP5D/CLEC4G/VAV1/CR1","GO_BP"
"GOBP_MESENCHYMAL_CELL_DIFFERENTIATION","GOBP_MESENCHYMAL_CELL_DIFFERENTIATION",196,-0.49380380891374,-1.69118054106123,2.42417390016362e-05,0.000647722254377052,0.000480059552897899,1200,"tags=20%, list=9%, signal=18%","FERMT2/ZEB2/FGFR1/NCAM1/PTK2/LRP6/QKI/OLFM1/SMAD4/PDCD4/GSK3B/TGFB1/NRP1/EFNB1/SPRED1/SEMA5A/HIF1A/AKNA/AMER1/NOTCH4/SNAI2/ROCK2/SEMA4G/NOTCH1/DAB2/BCL9L/SEMA6B/SEMA4D/TGFBR2/TGFBR3/KDM1A/TIAM1/ENG/CDH2/RFLNB/ACVRL1/SEMA6A/CITED2/NRP2","GO_BP"
"GOBP_FC_RECEPTOR_SIGNALING_PATHWAY","GOBP_FC_RECEPTOR_SIGNALING_PATHWAY",50,-0.694080079258306,-1.94827324298423,2.53742351353227e-05,0.000674040001937729,0.000499564959793961,2333,"tags=52%, list=18%, signal=43%","FCGR2A/LIMK1/SRC/IKBKB/FCMR/APPL1/YES1/SYK/FYN/PLCG2/FCGR3B/PIGR/PTK2/APPL2/MAP3K1/CD200R1/TRAF6/SOS1/CD33/LYN/ABL1/VAV3/HCK/FCER1G/FCGR3A/VAV1","GO_BP"
"GOBP_NEGATIVE_REGULATION_OF_T_CELL_PROLIFERATION","GOBP_NEGATIVE_REGULATION_OF_T_CELL_PROLIFERATION",62,-0.668073390012314,-1.93911713719731,2.60771647094875e-05,0.000684750376768094,0.000507502957473813,1697,"tags=31%, list=13%, signal=27%","TMEM131L/DLG5/CD274/LILRB1/HLA-E/PTPN6/TNFRSF21/CD86/CEBPB/LAPTM5/ITCH/TGFB1/PELI1/LILRB2/PDCD1LG2/VSIG4/CLEC4G/PRKAR1A/CR1","GO_BP"
"GOBP_REGULATION_OF_SMAD_PROTEIN_SIGNAL_TRANSDUCTION","GOBP_REGULATION_OF_SMAD_PROTEIN_SIGNAL_TRANSDUCTION",52,-0.679807887190946,-1.92896568972903,2.60430743811594e-05,0.000684750376768094,0.000507502957473813,954,"tags=35%, list=7%, signal=32%","SMAD3/ACVR2A/PARP1/SMAD4/TGFB1/SMAD6/DAB2/CRKL/TGFBR2/BMP10/SPTBN1/BMPER/TGFBR3/LRP1/ENG/BMP6/ACVRL1/SKI","GO_BP"
"GOBP_NUCLEOTIDE_BIOSYNTHETIC_PROCESS","GOBP_NUCLEOTIDE_BIOSYNTHETIC_PROCESS",189,0.488144042711415,1.68644155872157,2.69050036022244e-05,0.000702451208334648,0.000520621934366051,1977,"tags=30%, list=15%, signal=25%","NDUFB8/ATP5PB/ATP5MJ/ATP5MG/NDUFA8/TREM2/NDUFB6/SDHD/TYMS/NDUFB5/ATP5MC2/NDUFA1/AK2/NMNAT1/NDUFS5/RRM2/ATP5PO/AK1/ATP5ME/NDUFC1/NMRK1/NDUFS3/NME1/NDUFB3/NME6/DUT/NDUFB2/ATP5F1E/ATP5MK/NDUFA9/ATP5IF1/ATP5F1C/NDUFB9/TBPL1/ATP5PF/DGUOK/FLAD1/DTYMK/NDUFS4/COX11/NDUFAB1/UPP2/DMAC2L/NDUFA3/NDUFA2/CMPK1/NDUFA11/ATP5MC1/LETMD1/NDUFA12/QPRT/NDUFB1/NDUFA5/PRPSAP2/ADK/ENO1","GO_BP"
"GOBP_VASCULOGENESIS","GOBP_VASCULOGENESIS",65,-0.648684210296671,-1.89069979883835,2.7675149040483e-05,0.000718453158897539,0.000532481785067188,2118,"tags=43%, list=17%, signal=36%","MYO1E/NPR2/RIN2/CUL7/HDAC7/HIF1AN/APLNR/HEY2/FZD4/TIE1/FOXF1/TEAD2/HEG1/QKI/TGFB1/NRP1/RAPGEF2/SPRED1/ZMIZ1/NOTCH1/PTPRJ/TGFBR2/RASIP1/TGFBR3/SOX18/ENG/KDR/CITED2","GO_BP"
"GOBP_CELL_ACTIVATION_INVOLVED_IN_IMMUNE_RESPONSE","GOBP_CELL_ACTIVATION_INVOLVED_IN_IMMUNE_RESPONSE",244,-0.471012118497026,-1.65444006892514,2.78989076449013e-05,0.000720170107511606,0.000533754302073432,2146,"tags=32%, list=17%, signal=27%","GRN/LGALS8/IL4R/PLCL2/NFKBIZ/CD84/IL13RA2/OPA1/STAT5A/PCK1/PTGER4/IL12RB1/LCP1/RARA/PLXNA1/PGLYRP2/TBX21/SYK/PIK3R1/PLCG2/ITGAL/PIK3CG/MFNG/GAB2/TSC1/STXBP1/NOTCH2/GBF1/SLC18A2/ST3GAL1/RORA/FOXF1/ATP7A/LILRB1/AP1G1/RAC2/LOXL3/PTPRC/PTPN6/SBNO2/ICAM1/CD86/IL33/PARP3/DOCK10/IL6ST/SUPT6H/PTK2B/CD300A/LILRA2/TGFB1/SPI1/ZFPM1/PMS2/VAMP3/TP53/GPR65/LYN/SUCNR1/NCKAP1L/APP/TLR4/ABL1/CBL/SNX6/PIK3CD/IRF8/FGL2/FCER1G/CD244/JAK1/LRP1/CD180/EP300/DNASE1L3/DOCK2/FCGR3A/DYSF/CR1","GO_BP"
"GOBP_SEMAPHORIN_PLEXIN_SIGNALING_PATHWAY","GOBP_SEMAPHORIN_PLEXIN_SIGNALING_PATHWAY",44,-0.701197415259317,-1.92618573290462,2.86071702352306e-05,0.000734304274184094,0.000544229844155747,1163,"tags=34%, list=9%, signal=31%","NCAM1/PLXNA2/MET/ECE1/NRP1/PLXNB1/SEMA5A/SEMA4G/SEMA6B/SEMA4D/PLXND1/PLXNB2/KDR/SEMA6A/NRP2","GO_BP"
"GOBP_REGULATION_OF_OSTEOBLAST_DIFFERENTIATION","GOBP_REGULATION_OF_OSTEOBLAST_DIFFERENTIATION",100,-0.576065595939089,-1.80273574702699,2.93509566613466e-05,0.000749187268076495,0.000555260379768022,2008,"tags=29%, list=16%, signal=25%","ILK/HDAC7/BMPR2/TOB1/ZHX3/IGF1/SMAD3/ACVR2A/FERMT2/CEBPD/PTK2/CEBPB/CRIM1/IGFBP5/PTCH1/IL6ST/RASSF2/GSK3B/DDR2/PRKACA/SMAD6/SNAI2/SMOC1/NOTCH1/SUFU/SEMA4D/LRP5/BMP6/SKI","GO_BP"
"GOBP_ADHERENS_JUNCTION_ORGANIZATION","GOBP_ADHERENS_JUNCTION_ORGANIZATION",45,-0.707050760153962,-1.95839140939408,3.04307849857903e-05,0.00077243475888931,0.000572490264908113,1643,"tags=31%, list=13%, signal=27%","DLG5/PAK2/ADD1/PIP5K1C/FERMT2/TJP1/ACTB/PTPN23/HIPK1/EFNB2/PLEC/BMP6/CDH2/CDH5","GO_BP"
"GOBP_CHAPERONE_MEDIATED_PROTEIN_FOLDING","GOBP_CHAPERONE_MEDIATED_PROTEIN_FOLDING",65,0.63766948795612,1.90648658794833,3.11510402517261e-05,0.000786348634862634,0.00058280253846934,1691,"tags=34%, list=13%, signal=30%","PFDN6/CCT4/HSPE1/PFDN5/FKBP2/PDCD5/PDCL3/PFDN4/DNAJC7/BAG1/PPIB/CCT6A/CCT5/METTL21A/CCT2/DNAJB2/VBP1/HSPA5/DNAJC24/DNAJB5/CCT3/HSP90AB1","GO_BP"
"GOBP_REGULATION_OF_LYMPHOCYTE_DIFFERENTIATION","GOBP_REGULATION_OF_LYMPHOCYTE_DIFFERENTIATION",182,-0.501135083218148,-1.70248147744056,3.14613095769425e-05,0.000789817161851925,0.00058537323834022,2145,"tags=27%, list=17%, signal=23%","OPA1/STAT5A/DROSHA/PCK1/SASH3/IL12RB1/CLPTM1/RAG1/RARA/BRAF/PGLYRP2/TBX21/SMARCB1/SYK/STAT5B/TMEM131L/CYP26B1/IL15RA/LOXL3/PTPRC/PTPN6/LAG3/CD86/PRKDC/CAMK4/SMARCA2/ACTB/TGFB1/SPI1/SOS1/CBFB/GPR65/ZMIZ1/LILRB2/NCKAP1L/ABL1/ITPKB/DUSP10/NRARP/FGL2/TGFBR2/NFAM1/SOX13/EP300/INPP5D/CLEC4G/AXL/SMARCC2/CR1","GO_BP"
"GOBP_POSITIVE_REGULATION_OF_TRANSMEMBRANE_RECEPTOR_PROTEIN_SERINE_THREONINE_KINASE_SIGNALING_PATHWAY","GOBP_POSITIVE_REGULATION_OF_TRANSMEMBRANE_RECEPTOR_PROTEIN_SERINE_THREONINE_KINASE_SIGNALING_PATHWAY",84,-0.610864252404264,-1.86797439643573,3.22106262889709e-05,0.000804209571116437,0.000596040177000974,1573,"tags=33%, list=12%, signal=29%","NOTCH2/ZC3H3/SMAD3/ACVR2A/GATA4/ZEB2/ZNF423/RNF111/PARP1/SMAD4/UBE2O/TGFB1/NUMA1/NOTCH1/DAB2/TGFBR2/BMP10/BMPER/TGFBR3/EP300/ENG/BMP6/CREBBP/KDR/ACVRL1/CITED2/HIPK2/CDH5","GO_BP"
"GOBP_CYTOCHROME_COMPLEX_ASSEMBLY","GOBP_CYTOCHROME_COMPLEX_ASSEMBLY",41,0.713908108815937,1.9262641903628,3.31404175632917e-05,0.000818478745117187,0.000606615779807166,2077,"tags=44%, list=16%, signal=37%","UQCRFS1/PET100/COA5/UQCC2/SLC25A33/COA6/COA8/COA1/SURF1/UQCC4/UQCC5/SMIM20/COA3/COX14/COA4/TACO1/PET117/STMP1","GO_BP"
"GOBP_REGULATION_OF_CYTOSKELETON_ORGANIZATION","GOBP_REGULATION_OF_CYTOSKELETON_ORGANIZATION",449,-0.401905892166294,-1.49565815881618,3.30952613714402e-05,0.000818478745117187,0.000606615779807166,2101,"tags=27%, list=16%, signal=23%","PPM1F/ITGB3/CYFIP2/CEP120/PTGER4/PKD1/CAMSAP1/SORBS3/PLEKHG2/BRAF/RAPGEF3/CTTN/ARHGAP18/PIK3R1/KANK2/ALMS1/SH3BP1/TSC1/DCTN1/EVL/GIT1/SNX9/ARHGEF10L/EPS8/COTL1/APC/PAK2/SPTBN4/ADD1/NEDD9/ESAM/RAC2/SMAD3/ARHGEF15/NCK2/TAOK2/FHOD1/CXCL12/LATS1/S1PR1/PPFIA1/PLEK/WAS/FLII/FERMT2/MAPRE2/CLIC4/TJP1/PTK2/HNRNPU/WDR1/SYNPO2/SYDE1/ARHGAP17/IQGAP2/PARP3/CDC42EP4/MET/PDXP/KANK1/SMAD4/DVL3/MECP2/PTK2B/GSK3B/CGNL1/TGFB1/HCLS1/DAAM2/NRP1/PLXNB1/BICD2/PROX1/ARFGEF1/MAP1S/CORO1B/SSH3/CKAP5/NF2/ADD3/AKAP13/GPR65/SEMA5A/DIAPH1/DYNC1H1/LIMCH1/OCLN/MAPRE1/NCKAP1L/ARAP3/ROCK2/NUMA1/ABL1/ARHGAP35/TMOD3/SSH1/HCK/CCL24/CCDC88C/ARHGEF2/TPR/PRKAA1/BMP10/CYRIA/SPTBN1/FSCN1/LRP1/DYRK1A/PREX1/CLASP1/SHANK3/FCHSD2/SSH2/SPTBN2/CYFIP1/DLC1/ARHGEF18/CSF1R/CDH5","GO_BP"
"GOBP_ENDOCARDIAL_CUSHION_DEVELOPMENT","GOBP_ENDOCARDIAL_CUSHION_DEVELOPMENT",43,-0.709619901072032,-1.94897063652025,3.38580034717631e-05,0.000831705472378954,0.000616418772884334,1915,"tags=37%, list=15%, signal=32%","BMPR2/APLNR/HEY2/APC/FOXF1/GATA4/SMAD4/TGFB1/SNAI2/NOTCH1/TGFBR2/ENG/NOS3/ACVRL1/DCHS1/CITED2","GO_BP"
"GOBP_SMAD_PROTEIN_SIGNAL_TRANSDUCTION","GOBP_SMAD_PROTEIN_SIGNAL_TRANSDUCTION",68,-0.630841414144297,-1.8446774314367,3.55819344020973e-05,0.00086937892130044,0.000644340461421598,954,"tags=26%, list=7%, signal=25%","PARP1/SMAD4/TGFB1/ZMIZ1/SMAD6/DAB2/CRKL/TGFBR2/BMP10/SPTBN1/BMPER/TGFBR3/LRP1/ENG/BMP6/ACVRL1/HIPK2/SKI","GO_BP"
"GOBP_REGULATION_OF_SYNAPSE_STRUCTURE_OR_ACTIVITY","GOBP_REGULATION_OF_SYNAPSE_STRUCTURE_OR_ACTIVITY",222,-0.47051198039618,-1.62953608002467,3.75961136398163e-05,0.000913705549044259,0.000677193155539133,2178,"tags=29%, list=17%, signal=24%","KIF1A/SENP1/LRP4/OGT/GPR158/DAG1/CYFIP2/IL1RAP/DOCK4/LRFN3/NTN1/PDLIM5/FYN/ZDHHC8/DLG5/DCTN1/TANC2/ABHD17B/CTTNBP2/SIPA1L1/NEDD9/ARHGEF15/SRGAP2/LATS1/STRN4/DOCK1/ITGB1/FARP1/FGFR1/DLGAP4/NEURL1/DOCK10/PDXP/NRN1/ABI3/UBE3B/NCKIPSD/PTK2B/RELN/PRKCA/CUX2/GPM6A/PTPRO/WASL/LILRB2/CLSTN1/APP/PTPN1/SNX27/ABL1/ELMO1/AGO2/NF1/SEMA4D/AGAP1/ITSN1/EEF2K/SHANK3/PTPRS/CYFIP1/CDH2/IL10RA/ETV5/NRP2","GO_BP"
"GOBP_MITOCHONDRIAL_TRANSPORT","GOBP_MITOCHONDRIAL_TRANSPORT",157,0.500684621418725,1.68615295145521,4.02805495544114e-05,0.000973766301132833,0.000721707200871854,3068,"tags=34%, list=24%, signal=26%","TIMM17A/TOMM7/MTX2/TIMM23/MPC2/SLC25A33/TIMM8B/SFXN4/TOMM40L/MAIP1/TIMM17B/MICU2/HSP90AA1/BAX/BLOC1S2/TMEM14C/SLC25A3/ATP5IF1/SLC25A28/MCUR1/TIMM10/TST/TIMM9/BCL2L1/PMPCB/FLVCR1/MRPL18/MTCH2/MPC1/PAM16/PSEN2/DNAJC15/TMEM102/SMDT1/NOL3/SLC25A26/THEM4/SFXN5/TIMM29/SLC39A8/SLC25A39/TRMT10B/SLC25A29/PINK1/MCU/CCDC51/TOMM20/TOMM40/BAK1/MCUB/SLC25A4/STPG1/NAIF1","GO_BP"
"GOBP_REGULATION_OF_MUSCLE_SYSTEM_PROCESS","GOBP_REGULATION_OF_MUSCLE_SYSTEM_PROCESS",159,-0.511756333984192,-1.70525808570339,4.1613944644138e-05,0.00100070585831088,0.000741673462161729,2276,"tags=33%, list=18%, signal=27%","CTDP1/DMD/ADCY10/PPP1R12B/GPER1/DAG1/DOCK4/F2R/CTTN/P2RX4/MEF2A/IGF1/SELENON/APLNR/PIK3CG/AKAP6/ATP2B4/CTNNA3/SMAD3/PDE4B/ADRA1B/ABAT/GATA4/ARRB1/IGFBP5/TBXA2R/IL6ST/PARP1/SMAD4/GUCY1A1/TNFRSF1B/PRKCA/CAMK2D/PRKACA/CLIC2/DSC2/KCNQ1/ARHGAP42/PPARA/ROCK2/NOTCH1/GRK2/TNFRSF1A/JUP/BMP10/ACACB/CALM1/EHD3/HDAC4/SLC8A1/NOS3/KCNJ2","GO_BP"
"GOBP_MAMMARY_GLAND_DEVELOPMENT","GOBP_MAMMARY_GLAND_DEVELOPMENT",102,-0.565799371332267,-1.77929838607061,4.26828291876846e-05,0.00102103584585618,0.00075674103883594,2444,"tags=37%, list=19%, signal=30%","EPHA2/TNFRSF11A/PML/GPX1/TGFB3/JAK2/SRC/STAT5A/ROBO1/NTN1/ABCB1/IGF1/STAT5B/SOCS2/FOXF1/CSF1/KDM5B/LATS1/HK2/HOXA5/CEBPB/NEURL1/IGFBP5/PTCH1/MED1/TGFB1/ATP7B/HIF1A/NOTCH4/RREB1/ARHGAP35/USF2/TGFBR2/LRP5/PRLR/NCOR2/CSF1R/ETV5","GO_BP"
"GOBP_RESPONSE_TO_ETHANOL","GOBP_RESPONSE_TO_ETHANOL",78,-0.606805787723676,-1.82869857652794,4.31951790052403e-05,0.00102791027539033,0.000761836024450976,1080,"tags=24%, list=8%, signal=22%","ABAT/FECH/ADCY7/TBXA2R/TGFB1/PRKCA/SPI1/SLC23A2/HMGCS2/CD4/PPARA/CBL/PRKAA1/TBXAS1/RELA/CYBB/ITPR2/CRHBP/VCAM1","GO_BP"
"GOBP_REGULATION_OF_HEART_CONTRACTION","GOBP_REGULATION_OF_HEART_CONTRACTION",131,-0.529115638139292,-1.71913739480348,4.45999002737034e-05,0.00105039662036366,0.000778501786112338,1846,"tags=34%, list=14%, signal=30%","HCN3/THRA/SRC/DMD/KCNJ12/GAA/ADCY10/P2RX4/MEF2A/PIK3CG/TMEM65/ATP2B4/CTNNA3/HEY2/SPTBN4/PDE4B/NUP155/ZMPSTE24/ADRA1B/GATA4/TMIGD3/KCND3/ATP2B2/GNAO1/ABCC9/ADORA3/CAMK2D/YWHAE/ACE/PRKACA/CLIC2/DSC2/KCNQ1/PTPN1/GRK2/ATP1B2/SCN1B/JUP/BMP10/EPAS1/CALM1/EHD3/SLC8A1/NOS3/KCNJ2","GO_BP"
"GOBP_CARDIAC_MUSCLE_TISSUE_DEVELOPMENT","GOBP_CARDIAC_MUSCLE_TISSUE_DEVELOPMENT",162,-0.505653178752682,-1.69071061514162,4.45753583412025e-05,0.00105039662036366,0.000778501786112338,1915,"tags=27%, list=15%, signal=23%","BMPR2/RARA/PDLIM5/MEF2A/IGF1/GREB1L/AKAP6/TSC1/HEY2/NOTCH2/FRS2/KDM6B/ZMPSTE24/S1PR1/GATA4/ITGB1/NPRL3/FGFR1/HNRNPU/CTCF/HEG1/JARID2/MED1/SMAD4/TGFB1/ZFPM1/PROX1/DIPK2A/AKAP13/DLL4/MAML1/PPARA/ABL1/NOTCH1/EFNB2/PLEC/BMP10/TGFBR3/MYH10/ENG/SLC8A1/UBE4B/PRKAR1A/SKI","GO_BP"
"GOBP_POSITIVE_REGULATION_OF_LEUKOCYTE_PROLIFERATION","GOBP_POSITIVE_REGULATION_OF_LEUKOCYTE_PROLIFERATION",121,-0.54449862018464,-1.75593804339818,4.75145917579605e-05,0.00111330343457498,0.000825125191283989,2025,"tags=34%, list=16%, signal=29%","SASH3/IL12RB1/MIF/SLC39A10/IGF1/SYK/STAT5B/CD55/TCF3/CD274/CSF2RB/RAC2/IGF2/NCK2/PTPRC/ZNF335/CSF1/HLA-E/IGFBP2/CD86/PTK2/IL6ST/TRAF6/NR5A2/PELI1/EFNB1/LYN/LILRB2/NCKAP1L/CD4/PDCD1LG2/TLR4/VAV3/TGFBR2/FCGR3A/EBI3/PRLR/CD38/CD209/CSF1R/VCAM1","GO_BP"
"GOBP_MITOCHONDRION_ORGANIZATION","GOBP_MITOCHONDRION_ORGANIZATION",384,0.412309061355581,1.51793562979447,4.82047195328799e-05,0.00112371103849861,0.000832838790210928,1936,"tags=22%, list=15%, signal=19%","UQCRFS1/PET100/PARL/TOMM7/GGCT/TRIAP1/COA5/MTX2/NDUFAF5/UQCC2/RAB32/SDHAF2/LYRM2/PGAM5/TEFM/SLC25A33/TMEM126B/TIMM8B/TMEM126A/IMMP2L/COA6/NDUFAF6/COA8/MAIP1/NDUFS5/PARK7/JTB/COA1/COX7A1/NDUFS3/NDUFB3/HIGD1A/BAX/MMP9/NDUFB2/NDUFAF1/FANCG/RAB29/NDUFAF4/SLIRP/BLOC1S2/SURF1/SPATA18/FUNDC1/ATP5IF1/SSBP1/UQCC4/TMEM135/ATAD3B/APOO/CHCHD3/IFI6/BBC3/UQCC5/HMGCL/CIBAR1/TIMM10/NDUFS4/TIMM9/SQSTM1/BCL2L1/TMEM70/SMIM20/PPP2CB/COA3/PSMD10/MTCH2/HAX1/COX14/LETMD1/SDHAF4/MFSD8/AIFM2/CEBPA/HTRA2/COA4/BCL2L2/PRDX3/TACO1/CHCHD2/TMEM102/PET117/NDUFAF2","GO_BP"
"GOBP_CELL_CELL_ADHESION_MEDIATED_BY_CADHERIN","GOBP_CELL_CELL_ADHESION_MEDIATED_BY_CADHERIN",38,-0.71990710154468,-1.91702646981295,5.2653081543065e-05,0.00120890416869479,0.000895979705496113,1152,"tags=24%, list=9%, signal=22%","TJP1/TGFB1/CTNND1/PLG/NOTCH4/NOTCH1/BMP6/CDH2/CDH5","GO_BP"
"GOBP_MITOCHONDRIAL_ELECTRON_TRANSPORT_CYTOCHROME_C_TO_OXYGEN","GOBP_MITOCHONDRIAL_ELECTRON_TRANSPORT_CYTOCHROME_C_TO_OXYGEN",15,0.86658337146807,1.90110472878884,5.23757258888234e-05,0.00120890416869479,0.000895979705496113,632,"tags=47%, list=5%, signal=44%","COX6A1/CYCS/COX6B1/COX7B/COX7C/COX6C/COX7A1","GO_BP"
"GOBP_RHO_PROTEIN_SIGNAL_TRANSDUCTION","GOBP_RHO_PROTEIN_SIGNAL_TRANSDUCTION",130,-0.532568305460399,-1.72926823742316,5.25876409671084e-05,0.00120890416869479,0.000895979705496113,1342,"tags=29%, list=11%, signal=26%","PRAG1/DOCK8/ARHGAP27/ARHGAP20/ITGB1/WAS/FERMT2/ARHGAP4/ARRB1/ARHGEF12/CDC42EP4/HEG1/MET/DOCK10/KCTD10/KANK1/PECAM1/NRP1/PLXNB1/AKAP13/ARHGAP42/ROCK2/ABL1/ARHGAP35/MYO9B/MCF2L/SEMA4D/ARHGEF2/RASIP1/NET1/CSNK1A1/ARHGAP1/RIPOR1/ABCA1/STARD8/TEK/DLC1/ARHGEF18","GO_BP"
"GOBP_LOCOMOTORY_BEHAVIOR","GOBP_LOCOMOTORY_BEHAVIOR",137,-0.522637126054085,-1.70330741447958,5.35331888449517e-05,0.00121085712788408,0.000897427141814537,1704,"tags=29%, list=13%, signal=26%","TSC1/ZDHHC8/ZNF385A/ABCA2/SPG11/GIT1/FZD4/EPS8/SLC18A2/GPR88/SPTBN4/CLCN3/ATP7A/APBA2/VPS13A/CXCL12/ZMPSTE24/FIG4/ABAT/APBA1/GNAO1/GIGYF2/MECP2/ADCY5/GNG7/PREX2/ALS2/RELN/NCOA2/MTA1/EGR1/APP/PDE1B/BTBD9/STRN/NPY1R/CDH23/KCNJ10/ETV5/HIPK2","GO_BP"
"GOBP_NEURAL_TUBE_DEVELOPMENT","GOBP_NEURAL_TUBE_DEVELOPMENT",133,-0.514946945609413,-1.67323631469286,5.34479704716828e-05,0.00121085712788408,0.000897427141814537,2192,"tags=28%, list=17%, signal=23%","CECR2/IFT140/OPA1/PKD1/IFT172/RARA/NUP50/CC2D2A/TSC1/IFT122/C2CD3/PKD2/TEAD2/ZEB2/PLXNA2/PTCH1/MTHFD1/COBL/KDM2B/TRAF6/TGFB1/PROX1/PRKACA/HIF1A/ABL1/NOTCH1/ARHGAP35/SUFU/TSC2/NF1/MED12/PLXNB2/DLC1/STK4/DCHS1/CITED2/SKI","GO_BP"
"GOBP_B_CELL_ACTIVATION","GOBP_B_CELL_ACTIVATION",214,-0.471996465345128,-1.6272263067486,5.30643213547775e-05,0.00121085712788408,0.000897427141814537,2272,"tags=29%, list=18%, signal=25%","PLCL2/NFKBIZ/C3/SP3/STAT5A/SAMSN1/PIK3R3/SASH3/RAG1/ADAM17/MIF/SLC39A10/TBX21/SYK/PIK3R1/PLCG2/PRKCB/STAT5B/MFNG/HDAC5/TOP2B/CMTM7/NOTCH2/ST3GAL1/TCF3/TXLNA/PTPRC/PTPN6/TNFRSF21/ITGB1/CD86/PRKDC/PARP3/LAPTM5/DOCK10/ONECUT1/SUPT6H/PTK2B/CD300A/TGFB1/SPI1/PMS2/PELI1/TP53/LYN/NCKAP1L/HDAC9/TLR4/ABL1/VAV3/THEMIS2/PTPRJ/PIK3CD/IRF8/NFAM1/CD180/EP300/HDAC4/PRLR/INPP5D/CD38/VCAM1/CR1","GO_BP"
"GOBP_PHOSPHOLIPASE_C_ACTIVATING_G_PROTEIN_COUPLED_RECEPTOR_SIGNALING_PATHWAY","GOBP_PHOSPHOLIPASE_C_ACTIVATING_G_PROTEIN_COUPLED_RECEPTOR_SIGNALING_PATHWAY",77,-0.598592240991865,-1.79437385586419,5.38619905751567e-05,0.00121229278294528,0.000898491178015449,3197,"tags=44%, list=25%, signal=33%","ITPR1/DGKZ/CX3CR1/ANO1/EDNRB/ORAI1/AGTR1/GNA14/PTAFR/PRKD1/HTR2B/GNA15/GPR4/F2R/PRKCB/PIK3CG/CXCR2/PTH1R/PKD2/DGKD/S1PR1/ADRA1B/PLEK/NMUR1/DGKG/P2RY6/FPR1/C3AR1/HRH1/PLCB3/PLCB2/RASGRP4/P2RY12/CMKLR1","GO_BP"
"GOBP_LEUKOCYTE_ADHESION_TO_VASCULAR_ENDOTHELIAL_CELL","GOBP_LEUKOCYTE_ADHESION_TO_VASCULAR_ENDOTHELIAL_CELL",37,-0.721951116421813,-1.92066354699233,5.67335027443769e-05,0.00127066359823068,0.000941752726154078,1516,"tags=27%, list=12%, signal=24%","NFAT5/CXCL12/ITGB1/ALOX5/SELPLG/TRAF6/ETS1/RELA/GCNT1/VCAM1","GO_BP"
"GOBP_ARTERY_MORPHOGENESIS","GOBP_ARTERY_MORPHOGENESIS",58,-0.648610166344802,-1.85561416214604,5.78681727992644e-05,0.00128349359961087,0.000951261685719129,1605,"tags=36%, list=13%, signal=32%","APOB/HEY2/FOXF1/PKD2/NPRL3/NRP1/PROX1/ZMIZ1/AKT3/MEGF8/DLL4/MYLK/NOTCH1/EFNB2/NF1/TGFBR2/LRP1/ADGRF5/ENG/ACVRL1/CITED2","GO_BP"
"GOBP_REGULATION_OF_TRANSMEMBRANE_TRANSPORT","GOBP_REGULATION_OF_TRANSMEMBRANE_TRANSPORT",267,-0.454120939484577,-1.60663198607999,5.77526674643357e-05,0.00128349359961087,0.000951261685719129,2264,"tags=30%, list=18%, signal=25%","SESTD1/OSBPL8/DMD/KCNJ12/C3/ANK3/KLF15/GPER1/ITGB3/NIPSNAP2/APPL1/BRAF/F2R/P2RX4/MEF2A/YES1/IGF1/HTT/SELENON/PIK3R1/APLNR/FYN/PRKCB/STOM/PIK3CG/AKAP6/SLC34A1/ATP2B4/PRKAG2/ACTN4/SEPTIN2/PDE4B/PER2/HK2/PTPN6/ITGB1/STIM1/APPL2/GRB10/TSPAN13/WNK3/SLC43A2/P2RY6/UBASH3B/PTK2B/ABCC9/PTPRM/TGFB1/CAMK2D/YWHAE/WNK1/ARPP19/CTNND1/PRKACA/CLIC2/ENPP1/DAPK1/DIAPH1/OCLN/LYN/ZDHHC7/KCNQ1/IRS1/CD4/APP/UBR3/ABL1/ATP1B2/C2CD5/SCN1B/PRKCI/SORBS1/UTRN/CALM1/SLC8A1/FXYD6/KCNJ2/MINK1/KCNJ10/KCNAB1/CRHBP","GO_BP"
"GOBP_CELLULAR_RESPONSE_TO_MOLECULE_OF_BACTERIAL_ORIGIN","GOBP_CELLULAR_RESPONSE_TO_MOLECULE_OF_BACTERIAL_ORIGIN",171,-0.493435920644175,-1.66003324377257,5.95351572008893e-05,0.00131408760024572,0.000973936438928354,1917,"tags=30%, list=15%, signal=26%","MIF/RARA/ABCB1/GBP5/PLCG2/HDAC5/ADAMTS13/CD55/GIT1/CD274/LILRB1/PDE4B/PTPN6/SBNO2/CD86/CEBPB/CDK19/TLR6/TBXA2R/PDCD4/TNFRSF1B/TRAF6/LILRA2/PRKCA/SPI1/TLR1/AKAP8/LYN/HMGCS2/LILRB2/ASS1/PRPF8/PDCD1LG2/TLR4/ABL1/EFNB2/PLSCR4/HCK/ADAM9/FZD5/IRAK3/IRF8/UPF1/ABCA1/CD180/BMP6/SASH1/RELA/NOS3/SCIMP/AXL/MRC1","GO_BP"
"GOBP_LENS_DEVELOPMENT_IN_CAMERA_TYPE_EYE","GOBP_LENS_DEVELOPMENT_IN_CAMERA_TYPE_EYE",54,-0.671613488829232,-1.91768013541459,6.00382660141606e-05,0.00131882133374375,0.000977444847001795,1499,"tags=31%, list=12%, signal=28%","FRS2/SMAD3/KDM5B/CRYBG3/ZEB2/MED1/TGFB1/PROX1/NF2/SPRED1/HIPK1/SHROOM2/MAF/TGFBR2/CITED2/HIPK2/SKI","GO_BP"
"GOBP_GLIAL_CELL_PROLIFERATION","GOBP_GLIAL_CELL_PROLIFERATION",45,-0.696266000349841,-1.92851974791935,6.11621130147165e-05,0.0013307128303059,0.000986258233425279,1311,"tags=36%, list=10%, signal=32%","CSF1/UFL1/LEPR/IL33/MECP2/TP53/NF2/PRKCH/LYN/NOTCH1/NF1/PRKCI/DICER1/CSF1R/ETV5/SKI","GO_BP"
"GOBP_INORGANIC_ION_HOMEOSTASIS","GOBP_INORGANIC_ION_HOMEOSTASIS",372,-0.411341391294503,-1.50354996238967,6.08737886028269e-05,0.0013307128303059,0.000986258233425279,2284,"tags=28%, list=18%, signal=23%","TRPM7/PLCL2/OSBPL2/DMD/SLC10A7/ANK3/XCR1/SLC25A23/CYP4A11/GPER1/ACO1/ITGB3/CP/CNNM4/SLC41A1/NT5E/TMTC4/LETM1/SLC39A10/F2R/CHERP/ATP13A1/HTT/SELENON/APLNR/PLCG2/PRKCB/COX10/AKAP6/SLC24A1/PACS2/PTH1R/SLC34A1/TFR2/ATP2B4/CNNM2/KLHL3/ATP7A/PKD2/ERO1A/PTPRC/CXCL12/PTPN6/MLLT6/SLC12A7/FGFR1/CLCC1/STIM1/SLC46A1/FECH/ATP2B2/FGFR4/SMAD4/P2RY6/KCNMA1/UBASH3B/SLC30A10/PTK2B/TGFB1/CAMK2D/YWHAE/WNK1/SLC12A6/TPCN2/PRKACA/CLIC2/ENPP1/ATP7B/DIAPH1/HIF1A/CCL23/LYN/KCNQ1/APP/BTBD9/ABL1/FRRS1/TRPC5/ATP1B2/TMC6/PLCB3/TMEM94/CNNM3/PLCB2/TBXAS1/EPAS1/ATP13A3/TMC8/CCR1/CALM1/ATP13A2/SLC8A1/BMP6/CDH23/NPR1/MT1X/ITPR2/KDR/KCNJ2/HMOX1/KCNJ10/MCOLN1/CDH5","GO_BP"
"GOBP_TUBE_FORMATION","GOBP_TUBE_FORMATION",117,-0.537340640304895,-1.72391749448687,6.23626520479887e-05,0.00134403281701538,0.000996130345771498,1015,"tags=26%, list=8%, signal=25%","IFT172/RARA/NUP50/CC2D2A/TSC1/IFT122/TEAD2/ZEB2/PTCH1/MTHFD1/COBL/KDM2B/TRAF6/TGFB1/PROX1/PRKACA/MMRN2/HIF1A/EDA/ABL1/NOTCH1/ARHGAP35/SUFU/TSC2/PIK3CD/MED12/PLXNB2/DLC1/STK4/CITED2/SKI","GO_BP"
"GOBP_ORGAN_GROWTH","GOBP_ORGAN_GROWTH",128,-0.532036226558683,-1.72235390271578,6.22381756965955e-05,0.00134403281701538,0.000996130345771498,1911,"tags=27%, list=15%, signal=23%","RARA/PDLIM5/IGF1/AKAP6/PSAP/HEY2/IGF2/FGFR3/ZMPSTE24/LATS1/LATS2/S1PR1/GATA4/FGFR1/LEPR/HEG1/JARID2/DDR2/PROX1/DIPK2A/PPARA/ABL1/NOTCH1/WWC3/TGFBR2/BMP10/TGFBR3/ACACB/MYH10/BASP1/PRLR/STK4/PRKAR1A/SKI","GO_BP"
"GOBP_CORTICAL_CYTOSKELETON_ORGANIZATION","GOBP_CORTICAL_CYTOSKELETON_ORGANIZATION",54,-0.670988043959387,-1.91589428205898,6.44446248654309e-05,0.00138238258690213,0.00102455328980525,1607,"tags=43%, list=13%, signal=37%","FMNL1/KCNC3/RAC2/EPB41/FHOD1/PPFIA1/PLEK/WDR1/LLGL1/IQGAP2/KANK1/PTK2B/NCKAP1L/ROCK2/PLEC/AKAP11/TLN1/FMNL3/FMNL2/EPB41L2/PPFIBP1/IQGAP1/EPB41L3","GO_BP"
"GOBP_PROTEIN_RNA_COMPLEX_ORGANIZATION","GOBP_PROTEIN_RNA_COMPLEX_ORGANIZATION",195,0.477276446375448,1.64778562443836,6.58652478584564e-05,0.00140625381993125,0.00104224546168546,2284,"tags=32%, list=18%, signal=27%","RPS27L/RPS14/EIF2S2/SF3B6/RBMX2/EIF3J/EIF3K/SNRPF/SNRPD2/MCTS1/TAF9/MRTO4/MRPS7/PHF5A/RPS19/DKC1/EIF3C/HSP90AA1/SNRPB/CD2BP2/GEMIN7/SNRPB2/SNRPA1/RPL11/TSSC4/SF3B5/LUC7L3/HTATSF1/RPSA/TARBP2/EIF3H/SNRPE/DDX1/DHX29/ZRSR2/LSM2/EIF3M/SLU7/ZNHIT3/RPL24/ISY1/LSM4/SRSF10/RRP7A/PIH1D1/NOPCHAP1/HSP90AB1/RPF2/BRIX1/RPL5/MRM2/RPS6/ERAL1/DDX46/GEMIN6/EIF2D/NOL3/GEMIN2/CLNS1A/PSIP1/PRPF6/AAR2","GO_BP"
"GOBP_DEVELOPMENTAL_MATURATION","GOBP_DEVELOPMENTAL_MATURATION",230,-0.463003333294561,-1.6140441008818,6.65319001647161e-05,0.00141388024117483,0.00104789778619286,1848,"tags=24%, list=14%, signal=21%","RFX3/RPS6KA2/IGF1/B4GALT5/PTH1R/NSUN2/STXBP1/HID1/FEM1B/SPTBN4/CLCN3/C1QA/AP1G1/RAC2/ARHGEF15/KLF2/FGFR3/PTBP3/S1PR1/ADAMTS7/HOXA5/FGFR1/DLGAP4/NEURL1/SCARF1/NRN1/MECP2/LSM14B/RELN/TGFB1/PLXNB1/CBFB/PRKACA/HIF1A/L3MBTL3/CLSTN1/BRD1/APP/SNX27/AGO2/NF1/SEMA4D/FZD5/TUT7/EPAS1/SOX18/KDM1A/ANKS1A/NTN4/KDR/RFLNB/ACVRL1/AXL/DCHS1/RERE/CDH5","GO_BP"
"GOBP_IMMUNE_RESPONSE_REGULATING_CELL_SURFACE_RECEPTOR_SIGNALING_PATHWAY","GOBP_IMMUNE_RESPONSE_REGULATING_CELL_SURFACE_RECEPTOR_SIGNALING_PATHWAY",278,-0.443448574782497,-1.57471100309725,6.69911223481636e-05,0.00141704832411463,0.0010502458118618,1938,"tags=25%, list=15%, signal=22%","FCMR/APPL1/SLC39A10/BRAF/YES1/SYK/PIK3R1/ELF1/FYN/PLCG2/PRKCB/FCGR3B/PIGR/PAK2/BLK/LILRB1/PDE4B/PTPRC/PTPN6/TNFRSF21/BAG6/GPLD1/PTK2/APPL2/LAPTM5/TLR6/MAP3K1/SH2B2/CD300A/CD200R1/TRAF6/LILRA2/WNK1/FPR1/SOS1/PELI1/UBR2/CD33/C3AR1/TLR1/PJA2/PRKCH/LYN/LILRB2/NCKAP1L/TLR4/ABL1/VAV3/FCN2/HCK/LIPA/CRKL/THEMIS2/PTPRJ/PIK3CD/FCER1G/RNF31/NFAM1/EP300/CMKLR1/FCGR3A/LCP2/INPP5D/CREBBP/RELA/CD38/SCIMP/VAV1/CR1","GO_BP"
"GOBP_NEGATIVE_REGULATION_OF_GLIAL_CELL_PROLIFERATION","GOBP_NEGATIVE_REGULATION_OF_GLIAL_CELL_PROLIFERATION",13,-0.893489869320168,-1.91648999938831,6.81502829357367e-05,0.00143051152990951,0.0010602240710783,735,"tags=46%, list=6%, signal=44%","TP53/NF2/NOTCH1/NF1/DICER1/SKI","GO_BP"
"GOBP_MACROMOLECULE_METHYLATION","GOBP_MACROMOLECULE_METHYLATION",113,0.548029983530899,1.75116646309625,6.82537784023361e-05,0.00143051152990951,0.0010602240710783,2962,"tags=41%, list=23%, signal=32%","TRMT10C/SMYD2/SNRPF/SNRPD2/ETF1/PCMT1/FBL/LARP7/LCMT2/SNRPB/TRMT12/METTL21A/LCMT1/EMG1/FAM98B/METTL5/METTL1/SNRPE/METTL6/FTSJ1/BCDIN3D/THUMPD2/TRMT6/MRM2/EEF1AKMT2/BUD23/MEPCE/METTL18/VCPKMT/TFB2M/TRMT13/METTL2B/SNRPD1/METTL14/SLC25A26/TARBP1/METTL15/THADA/METTL8/TRMT10B/ATPSCKMT/TRMT61B/ICMT/SETD6/MRM1/METTL22","GO_BP"
"GOBP_CELLULAR_RESPONSE_TO_BIOTIC_STIMULUS","GOBP_CELLULAR_RESPONSE_TO_BIOTIC_STIMULUS",196,-0.480751207793786,-1.6464779595383,6.88290706143795e-05,0.00143598184309178,0.00106427839541677,1917,"tags=31%, list=15%, signal=27%","MIF/RARA/ABCB1/GBP5/SYK/PLCG2/HDAC5/ADAMTS13/CD55/GIT1/NOTCH2/CD274/LILRB1/PDE4B/PPP1R15B/ZMPSTE24/PTPN6/SBNO2/CD86/CEBPB/SLX4/CDK19/TLR6/TBXA2R/PDCD4/GSK3B/TNFRSF1B/TRAF6/LILRA2/PRKCA/SPI1/TP53/TLR1/FBH1/AKAP8/LYN/HMGCS2/LILRB2/ASS1/PRPF8/PDCD1LG2/TLR4/ABL1/NOTCH1/EFNB2/PLSCR4/HCK/ADAM9/FZD5/IRAK3/IRF8/UPF1/ABCA1/CD180/BMP6/SASH1/RELA/NOS3/SCIMP/AXL/MRC1","GO_BP"
"GOBP_POSITIVE_REGULATION_OF_CYTOKINE_PRODUCTION","GOBP_POSITIVE_REGULATION_OF_CYTOKINE_PRODUCTION",382,-0.421274127062458,-1.54471375748255,6.95326840668362e-05,0.00144406742500625,0.00107027102700006,2169,"tags=25%, list=17%, signal=22%","CD36/OPA1/STAT5A/RSAD2/CD226/IL1RAP/PTGER4/SASH3/NLRC4/CARD9/IL12RB1/SETD2/ADAM17/MIF/APPL1/RARA/F2R/TBX21/GBP5/SYK/PIK3R1/PLCG2/PIK3CG/STAT5B/PANX1/DDX3X/HK1/ARFGEF2/CD55/POLR3B/RNF135/RORA/CD274/LILRB1/CD7/SMAD3/PDE4B/PANX2/IL17RA/PTPRC/HLA-E/GATA4/CD86/IL33/CAMK4/CEBPB/HEG1/LAPTM5/FRMD8/TLR6/IL6ST/SECTM1/TRAF6/LILRA2/TGFB1/TLR8/ZFPM1/MBP/MEFV/PELI1/C3AR1/UNC93B1/TLR1/GPR65/HIF1A/LILRB2/C5/EGR1/CD4/APP/IL16/IL17RB/ROCK2/TLR4/ABL1/ARNT/PTPRJ/PIK3CD/USP22/FZD5/ARHGEF2/IRAK3/IRF8/FCER1G/CD244/SPTBN1/NFAM1/FCGR3A/EBI3/RELA/CYBB/HMOX1/SCIMP/AKAP12/CSF1R/FLT4","GO_BP"
"GOBP_REGULATION_OF_CELL_MATRIX_ADHESION","GOBP_REGULATION_OF_CELL_MATRIX_ADHESION",108,-0.552073324272991,-1.7500093137234,7.13516353017141e-05,0.00147513855969924,0.0010932994082668,2594,"tags=42%, list=20%, signal=33%","ARHGAP6/RASA1/RCC2/EPB41L5/DISC1/CLASP2/SRC/PEAK1/CD36/RIN2/PPM1F/DAG1/ITGB3/PLPP3/PTPRA/PIK3R1/TSC1/SMAD3/CSF1/FERMT2/PTK2/ONECUT1/MACF1/ACER2/PTK2B/GSK3B/NRP1/LDB1/NF2/LIMCH1/ROCK2/ABL1/TLN1/PTPRJ/NF1/JUP/SLK/UTRN/CLASP1/PLEKHA2/TEK/DLC1/KDR/MINK1/ACVRL1","GO_BP"
"GOBP_WNT_SIGNALING_PATHWAY","GOBP_WNT_SIGNALING_PATHWAY",363,-0.41630583491824,-1.51778097063573,7.55439605309694e-05,0.00155477637687387,0.00115232300155585,1717,"tags=22%, list=13%, signal=20%","BCL9/TMEM131L/DDX3X/VANGL1/FZD4/TNKS/APC/GPC5/PKD2/SMAD3/TLE4/TLE3/USP34/LATS1/LATS2/TRABD2B/TNKS2/IGFBP2/KREMEN1/FERMT2/ZEB2/CSNK2A1/HDAC1/LRP6/GRB10/FRMD8/INVS/CHD8/KANK1/SMAD4/TLE2/DVL3/MACF1/GID8/PRICKLE2/GSK3B/TGFB1/DAAM2/WNK1/WWOX/SMURF1/CTNND1/LDB1/AMOTL2/PTPRO/SEMA5A/UBR5/AMER1/HIC1/AMOTL1/EGR1/SNAI2/APP/STRN/ZBED3/EDA/ABL1/NOTCH1/TSC2/DAB2/TNIK/LRRK1/NRARP/BCL9L/CCDC88C/JUP/FZD5/PRKAA1/LRP5/CSNK1A1/LRP1/SOX13/CALCOCO1/TIAM1/TBL1XR1/MED12/CDH2/TCF7L1/STK4/SKI","GO_BP"
"GOBP_MUSCLE_TISSUE_DEVELOPMENT","GOBP_MUSCLE_TISSUE_DEVELOPMENT",295,-0.431834235249555,-1.54358752588709,7.62076855822388e-05,0.00156140320818497,0.00115723447966987,1915,"tags=24%, list=15%, signal=21%","BMPR2/NR1D2/RARA/EEF2/PDLIM5/MEF2A/IGF1/SELENON/GREB1L/AKAP6/BCL9/TSC1/FOXN2/SPG11/HEY2/NOTCH2/KAT8/CYP26B1/FRS2/TNN/PKD2/SMAD3/KDM6B/ERO1A/IGF2/ZMPSTE24/S1PR1/GATA4/MTM1/ITGB1/NPRL3/FGFR1/HNRNPU/NEURL1/CTCF/HEG1/IGFBP5/FLNB/JARID2/PTCH1/MED1/SMAD4/ABCC9/TGFB1/ZFPM1/PROX1/USP19/DIPK2A/AKAP13/DLL4/EGR1/HDAC9/MAML1/PPARA/MYLK/ABL1/NOTCH1/EFNB2/PLEC/BCL9L/NF1/PRKAA1/BMP10/TGFBR3/MYH10/EP300/ENG/SLC8A1/UBE4B/CITED2/PRKAR1A/SKI","GO_BP"
"GOBP_ADENYLATE_CYCLASE_INHIBITING_G_PROTEIN_COUPLED_RECEPTOR_SIGNALING_PATHWAY","GOBP_ADENYLATE_CYCLASE_INHIBITING_G_PROTEIN_COUPLED_RECEPTOR_SIGNALING_PATHWAY",39,-0.709059348855264,-1.89519325801395,7.8920080876262e-05,0.00160975825680197,0.00119307283918672,2504,"tags=46%, list=20%, signal=37%","GNAI1/PALM/ADGRG6/ITGB3/PTGER4/APLNR/PSAP/GPR146/S1PR1/GNAO1/ADCY5/PRKACA/APP/NPY1R/P2RY12/PDE2A/AKAP12/MARCO","GO_BP"
"GOBP_ENDOTHELIUM_DEVELOPMENT","GOBP_ENDOTHELIUM_DEVELOPMENT",129,-0.531495051780917,-1.72144805714506,7.96951865488737e-05,0.0016183435881858,0.00119943586024667,1596,"tags=28%, list=12%, signal=25%","HEY2/FZD4/TIE1/ADD1/KDM6B/S1PR1/ICAM1/CLIC4/TJP1/HEG1/MET/SMAD4/PECAM1/NRP1/RAPGEF2/PROX1/AMOTL2/DLL4/NOTCH4/PPP1R16B/ROCK2/NOTCH1/LIPA/TNFRSF1A/MARVELD2/RAP1B/RAPGEF1/SOX18/PTPRS/ROBO4/BMP6/TJP2/KDR/PDE2A/ACVRL1/CDH5","GO_BP"
"GOBP_ALPHA_BETA_T_CELL_ACTIVATION","GOBP_ALPHA_BETA_T_CELL_ACTIVATION",158,-0.497687013373615,-1.6576563495441,8.03429925867851e-05,0.00162427935012841,0.00120383515208052,2989,"tags=38%, list=23%, signal=29%","ZAP70/TOX/ENTPD7/HLA-DRA/TYK2/VSIR/SOCS1/IL6R/STAT3/TNFSF8/HLX/RC3H2/LILRB4/NLRP3/BRD4/CBLB/RUNX1/IL4R/JAK2/NFKBIZ/OPA1/STAT5A/RSAD2/PTGER4/SASH3/IL12RB1/RARA/BRAF/TBX21/SYK/PIK3R1/CD55/RORA/ATP7A/CD274/LILRB1/LOXL3/PTPRC/WDFY4/HLA-E/BAG6/CD86/CEBPB/IL6ST/ITCH/CD300A/ZFPM1/CBFB/GPR65/CTSL/NCKAP1L/ABL1/ITPKB/TGFBR2/JAK1/ELF4/EP300/DOCK2/EBI3/CLEC4G","GO_BP"
"GOBP_REGULATION_OF_CELL_MORPHOGENESIS","GOBP_REGULATION_OF_CELL_MORPHOGENESIS",204,-0.472295723176424,-1.6228639028319,8.13316380180497e-05,0.00162984321975644,0.00120795881580825,1863,"tags=27%, list=15%, signal=24%","ARHGAP18/ZMYM3/AGO4/FYN/FGD4/FMNL1/FZD4/RHOJ/EPS8/RAC2/SYNE3/TAOK2/PRAG1/ZMPSTE24/FBXW8/LARP4/FERMT2/PTK2/PRKDC/WDR1/CDC42EP4/KANK1/DVL3/MACF1/PTK2B/RELN/CD44/PLXNB1/SMURF1/CUX2/CORO1B/NF2/SLC23A2/DIAPH1/MYH9/RREB1/ARHGAP35/HCK/CCL24/BCL9L/FGD5/SEMA4D/SPAG9/FMNL3/EEF2K/MYH10/FGD2/BRWD3/FMNL2/CYFIP1/PLXND1/PLXNB2/KDR/ARHGEF18/CSF1R/EPB41L3","GO_BP"
"GOBP_REGULATION_OF_CELLULAR_COMPONENT_SIZE","GOBP_REGULATION_OF_CELLULAR_COMPONENT_SIZE",288,-0.43825760367664,-1.55891347039643,8.11397106480692e-05,0.00162984321975644,0.00120795881580825,2039,"tags=28%, list=16%, signal=24%","RAP1GAP2/DNM2/NTN1/PLEKHG2/BORCS5/BMPR2/WDTC1/CTTN/ARHGAP18/KANK2/DNM1/SH3BP1/TSC1/EVL/SNX9/EPS8/COTL1/SPTBN4/CLCN3/ADD1/ESAM/CLCN6/NCK2/CXCL12/LATS1/PLEK/WAS/FLII/SLC12A7/AQP11/ARHGAP4/WDR1/CDC42EP4/WNK3/PDXP/OLFM1/RIN3/KANK1/MACF1/KCNMA1/PTK2B/ALS2/GSK3B/HCLS1/DAAM2/WNK1/NRP1/SLC12A6/SMURF1/ARFGEF1/SSH3/ADD3/SEMA5A/HP1BP3/AKT3/MEGF8/NCKAP1L/ABL1/ARHGAP35/TRPC5/TMOD3/VAV3/SSH1/HCK/CCL24/SEMA4D/CYRIA/SPTBN1/RPTOR/PREX1/KDM1A/SHANK3/PTPRS/ATP13A2/FCHSD2/SSH2/SPTBN2/E2F4/CYFIP1/SIN3A/VAV1","GO_BP"
"GOBP_NEGATIVE_REGULATION_OF_BMP_SIGNALING_PATHWAY","GOBP_NEGATIVE_REGULATION_OF_BMP_SIGNALING_PATHWAY",42,-0.706843876262889,-1.93388970888735,8.31322828684697e-05,0.00165865240360715,0.0012293107514956,1079,"tags=24%, list=8%, signal=22%","CTDSPL2/CRIM1/SMURF1/SMAD6/ABL1/NOTCH1/MTMR4/BMPER/HIPK2/SKI","GO_BP"
"GOBP_RNA_MODIFICATION","GOBP_RNA_MODIFICATION",157,0.492255386768284,1.65776586250473,8.421896400324e-05,0.0016730280283948,0.00123996525033603,2984,"tags=35%, list=23%, signal=27%","TRMT10C/NOP10/DPH3/SNRPF/SNRPD2/CDK5RAP1/PUS3/TPRKB/FBL/DKC1/LARP7/LCMT2/TRUB2/SNRPB/GON7/TRMT12/GAR1/EMG1/METTL5/METTL1/SNRPE/ELP5/SSB/NHP2/METTL6/URM1/FTSJ1/BCDIN3D/THUMPD2/TRMT6/YRDC/MRM2/BUD23/MEPCE/OSGEP/TFB2M/TRMT13/METTL2B/SNRPD1/METTL14/TARBP1/METTL15/THADA/METTL8/TRMU/WTAP/TRMT10B/TRMT61B/DUS4L/DNAJB11/RPUSD3/HNRNPAB/MRM1/TSR3/PUS1","GO_BP"
"GOBP_PURINERGIC_NUCLEOTIDE_RECEPTOR_SIGNALING_PATHWAY","GOBP_PURINERGIC_NUCLEOTIDE_RECEPTOR_SIGNALING_PATHWAY",19,-0.825294421738678,-1.93336851801225,8.47105143767998e-05,0.00167550796618008,0.0012418032570069,949,"tags=37%, list=7%, signal=34%","P2RY6/ADCY5/ADORA3/P2RY8/GPR34/P2RY12/P2RY13","GO_BP"
"GOBP_NEURAL_TUBE_FORMATION","GOBP_NEURAL_TUBE_FORMATION",87,-0.578065795693148,-1.77412706552008,8.77846862695063e-05,0.00172751963405096,0.0012803517210358,1927,"tags=30%, list=15%, signal=26%","IFT172/RARA/NUP50/CC2D2A/TSC1/IFT122/TEAD2/ZEB2/PTCH1/MTHFD1/COBL/KDM2B/TRAF6/TGFB1/PRKACA/HIF1A/ABL1/ARHGAP35/SUFU/TSC2/MED12/PLXNB2/DLC1/STK4/CITED2/SKI","GO_BP"
"GOBP_NEGATIVE_REGULATION_OF_LEUKOCYTE_CELL_CELL_ADHESION","GOBP_NEGATIVE_REGULATION_OF_LEUKOCYTE_CELL_CELL_ADHESION",116,-0.547576031586619,-1.75785702314153,8.80963175167159e-05,0.00172751963405096,0.0012803517210358,1697,"tags=26%, list=13%, signal=23%","TMEM131L/DLG5/CD274/LILRB1/LOXL3/CXCL12/HLA-E/PTPN6/LAG3/TNFRSF21/CD86/UFL1/CEBPB/LAPTM5/ITCH/CD300A/TGFB1/WNK1/CBFB/PELI1/LILRB2/ASS1/PPARA/PDCD1LG2/NRARP/FGL2/VSIG4/CLEC4G/PRKAR1A/CR1","GO_BP"
"GOBP_CARDIAC_MUSCLE_TISSUE_MORPHOGENESIS","GOBP_CARDIAC_MUSCLE_TISSUE_MORPHOGENESIS",36,-0.725594885907741,-1.91533885257823,8.99576855504278e-05,0.00175648147555515,0.00130181679899112,1596,"tags=39%, list=12%, signal=34%","HEY2/S1PR1/HEG1/MED1/SMAD4/TGFB1/ZFPM1/PROX1/DLL4/NOTCH1/BMP10/TGFBR3/ENG/UBE4B","GO_BP"
"GOBP_NEGATIVE_REGULATION_OF_BIOMINERAL_TISSUE_DEVELOPMENT","GOBP_NEGATIVE_REGULATION_OF_BIOMINERAL_TISSUE_DEVELOPMENT",23,-0.795707456902387,-1.93558900623521,9.1984492657768e-05,0.00178841339129082,0.00132548314839883,1864,"tags=57%, list=15%, signal=48%","BCOR/HEY2/SRGN/LTBP3/PTK2B/TGFB1/ENPP1/HIF1A/ROCK2/NOTCH1/CCR1/NOS3/RFLNB","GO_BP"
"GOBP_REGULATION_OF_RHO_PROTEIN_SIGNAL_TRANSDUCTION","GOBP_REGULATION_OF_RHO_PROTEIN_SIGNAL_TRANSDUCTION",83,-0.584664631763713,-1.78988302786229,9.34525709305458e-05,0.00180925761263417,0.00134093184961448,1342,"tags=36%, list=11%, signal=33%","PRAG1/DOCK8/ARHGAP20/ITGB1/FERMT2/ARRB1/HEG1/MET/DOCK10/KCTD10/KANK1/NRP1/PLXNB1/AKAP13/ARHGAP42/ABL1/ARHGAP35/MYO9B/MCF2L/SEMA4D/ARHGEF2/RASIP1/NET1/CSNK1A1/RIPOR1/ABCA1/STARD8/TEK/DLC1/ARHGEF18","GO_BP"
"GOBP_HORMONE_MEDIATED_SIGNALING_PATHWAY","GOBP_HORMONE_MEDIATED_SIGNALING_PATHWAY",170,-0.485331162308796,-1.63450083021163,9.51751058698669e-05,0.00182712209545976,0.00135417211668891,2437,"tags=32%, list=19%, signal=27%","VPS11/PML/NR3C2/SLC27A1/THRA/JAK2/CRY2/SRC/PAQR8/CARM1/RARB/GPER1/TCF7L2/NR1D2/APPL1/RARA/IGF1/KANK2/GREB1L/TAF1/CTBP2/CYP26B1/ACTN4/KLF2/LATS1/LATS2/RXRA/UFL1/HDAC1/KMT2D/APPL2/ZNF366/MED1/PARP1/NR5A2/RBFOX2/UBR5/ZMIZ1/SAFB/SKP2/ZDHHC7/SNAI2/PPARA/CNOT1/DAB2/CRKL/CYP7B1/CALCOCO1/KDM1A/EP300/PRLR/RELA/NCOR2/CRHBP/NCOA3","GO_BP"
"GOBP_OSSIFICATION","GOBP_OSSIFICATION",322,-0.418734628207277,-1.50854945540365,9.51380882419184e-05,0.00182712209545976,0.00135417211668891,1953,"tags=23%, list=15%, signal=20%","HDAC7/SETD2/BMPR2/TOB1/BCOR/ZHX3/IGF1/TOB2/TPM4/PTH1R/SLC34A1/SRGN/GIT1/LTBP3/TNN/SMAD3/SGMS2/ACVR2A/IGF2/FGFR3/ZMPSTE24/CSF1/S1PR1/ZBTB40/ADAMTS7/SBNO2/IGFBP2/GPLD1/KREMEN1/FERMT2/RXRA/CEBPD/UFL1/PTK2/HNRNPU/CEBPB/CRIM1/IGFBP5/ALOX5/PTCH1/IL6ST/RASSF2/SMAD4/PTK2B/GSK3B/TRAF6/TGFB1/HERC1/WWOX/PLXNB1/DDR2/CBFB/PRKACA/ENPP1/DNAJC13/HIF1A/SMAD6/SUN1/SNAI2/SMOC1/NOTCH1/SUFU/CLEC3B/SNRNP200/NF1/SEMA4D/SLC20A2/LRP5/CCR1/SLC8A1/PTPRB/BMP6/RFLNB/DCHS1/SKI","GO_BP"
"GOBP_POSTSYNAPSE_ORGANIZATION","GOBP_POSTSYNAPSE_ORGANIZATION",172,-0.496801188535513,-1.67936430943315,9.68462114668763e-05,0.00185142401754041,0.00137218349389536,2178,"tags=32%, list=17%, signal=27%","KIF1A/SENP1/LRP4/ITGB3/CYFIP2/IL1RAP/DOCK4/CTTN/PDLIM5/FYN/ZDHHC8/DLG5/GIT1/TANC2/ABHD17B/SIPA1L1/NEDD9/NEFH/ARHGEF15/LATS1/DOCK1/FARP1/FGFR1/NEURL1/DOCK10/ABI3/UBE3B/ACTB/IGF1R/NCKIPSD/PTK2B/RELN/NRP1/CUX2/ACTN1/WASL/LILRB2/APP/PTPN1/ABL1/SSH1/CRKL/ELMO1/NF1/ITSN1/EEF2K/MYH10/SHANK3/PTPRS/LRRC4/SPTBN2/CDH2/LGMN/ETV5/NRP2","GO_BP"
"GOBP_PURINE_NUCLEOTIDE_BIOSYNTHETIC_PROCESS","GOBP_PURINE_NUCLEOTIDE_BIOSYNTHETIC_PROCESS",156,0.497232277212239,1.66933795720193,9.76368563707663e-05,0.00185876165315846,0.00137762178484542,1977,"tags=31%, list=15%, signal=26%","NDUFB8/ATP5PB/ATP5MJ/ATP5MG/NDUFA8/TREM2/NDUFB6/SDHD/NDUFB5/ATP5MC2/NDUFA1/AK2/NMNAT1/NDUFS5/ATP5PO/AK1/ATP5ME/NDUFC1/NMRK1/NDUFS3/NME1/NDUFB3/NME6/NDUFB2/ATP5F1E/ATP5MK/NDUFA9/ATP5IF1/ATP5F1C/NDUFB9/ATP5PF/DGUOK/NDUFS4/COX11/NDUFAB1/DMAC2L/NDUFA3/NDUFA2/NDUFA11/ATP5MC1/LETMD1/NDUFA12/QPRT/NDUFB1/NDUFA5/PRPSAP2/ADK/ENO1","GO_BP"
"GOBP_PROTEIN_LOCALIZATION_TO_MITOCHONDRION","GOBP_PROTEIN_LOCALIZATION_TO_MITOCHONDRION",128,0.530278089208852,1.72618623697781,9.81224567254081e-05,0.00186025520654934,0.00137872873241161,1864,"tags=25%, list=15%, signal=22%","TIMM17A/PARL/TOMM7/UBL5/MTX2/TIMM23/DDIT3/TIMM8B/SAE1/TMEM126A/IMMP2L/TOMM40L/MAIP1/TIMM17B/ATG13/DNAJA1/HSP90AA1/BAX/BCAP31/ATP5IF1/ARIH2/BBC3/TIMM10/TIMM9/PMPCB/ISG15/TOMM34/MTCH2/HAX1/HTRA2/PAM16/DNAJC15","GO_BP"
"GOBP_NEGATIVE_REGULATION_OF_OSSIFICATION","GOBP_NEGATIVE_REGULATION_OF_OSSIFICATION",31,-0.754006596612617,-1.93916610733714,9.9695678893686e-05,0.0018822708961374,0.0013950456676859,2135,"tags=45%, list=17%, signal=38%","LRP4/BCOR/SRGN/LTBP3/SMAD3/KREMEN1/PTK2B/TGFB1/ENPP1/HIF1A/SMAD6/NOTCH1/CCR1/RFLNB","GO_BP"
"GOBP_NEGATIVE_REGULATION_OF_VASCULATURE_DEVELOPMENT","GOBP_NEGATIVE_REGULATION_OF_VASCULATURE_DEVELOPMENT",84,-0.592451683767109,-1.81167022304295,0.00010189337923002,0.00191584711811506,0.0014199306951829,2177,"tags=36%, list=17%, signal=30%","VASH1/CD36/ADAMTS9/FOXJ2/GPR4/FYN/ATP2B4/TIE1/HGS/KLF2/ZNF354C/PTPN6/HOXA5/QKI/ALOX5/MECP2/PTPRM/AGO1/CTNND1/SPRED1/ROCK2/ANGPT2/NF1/NPR1/HSPG2/RELA/TEK/STAB1/GTF2I/SEMA6A","GO_BP"
"GOBP_NUCLEOSIDE_PHOSPHATE_BIOSYNTHETIC_PROCESS","GOBP_NUCLEOSIDE_PHOSPHATE_BIOSYNTHETIC_PROCESS",273,0.435984545558629,1.56717863517978,0.000102704400855524,0.00192318199798725,0.00142536694371105,1977,"tags=25%, list=15%, signal=22%","NDUFB8/ATP5PB/ATP5MJ/ATP5MG/NDUFA8/TREM2/NDUFB6/SDHD/MPC2/TYMS/NDUFB5/ATP5MC2/NDUFA1/AK2/NMNAT1/NDUFS5/RRM2/ATP5PO/TK1/AK1/ATP5ME/NDUFC1/NMRK1/NDUFS3/NME1/NDUFB3/NME6/DUT/NDUFB2/ATP5F1E/ATP5MK/SLC35A1/NDUFA9/ATP5IF1/ATP5F1C/NDUFB9/ELOVL2/TBPL1/PPCS/GMPPA/ATP5PF/DGUOK/FLAD1/DTYMK/ACSL6/PPT2/NDUFS4/ACAT1/COX11/NDUFAB1/UPP2/DMAC2L/NDUFA3/NDUFA2/CMPK1/NDUFA11/ATP5MC1/CMAS/LETMD1/NDUFA12/QPRT/NDUFB1/NDUFA5/PRPSAP2/SLC35C1/GFUS/ACSL4/ADK/ENO1","GO_BP"
"GOBP_DENDRITE_DEVELOPMENT","GOBP_DENDRITE_DEVELOPMENT",180,-0.486269089932477,-1.64670735753085,0.000103851740411676,0.00193672898751407,0.00143540729926686,1643,"tags=28%, list=13%, signal=25%","PDLIM5/MEF2A/FYN/DLG5/GIT1/FZD4/TRAK2/TANC2/PAK2/ATP7A/SIPA1L1/NCK2/TAOK2/SRGAP2/FBXW8/ITGB1/FARP1/NEURL1/DGKG/SCARF1/DOCK10/ABI3/COBL/MECP2/PREX2/IQSEC1/GSK3B/RELN/NRP1/CUX2/RAPGEF2/MAP1S/KIDINS220/WASL/APP/STRN/ABL1/TRPC5/CRKL/TNIK/SEMA4D/ITSN1/CPEB3/EEF2K/PREX1/HECW2/SHANK3/PTPRS/MINK1/RERE","GO_BP"
"GOBP_PERIPHERAL_NERVOUS_SYSTEM_DEVELOPMENT","GOBP_PERIPHERAL_NERVOUS_SYSTEM_DEVELOPMENT",61,-0.636346595551882,-1.83682471710398,0.000104641916775231,0.00194353218595948,0.00144044949193804,454,"tags=15%, list=4%, signal=14%","SOS1/PLEC/NF1/DICER1/MED12/RELA/CITED2/VCAM1/SKI","GO_BP"
"GOBP_HETEROPHILIC_CELL_CELL_ADHESION_VIA_PLASMA_MEMBRANE_CELL_ADHESION_MOLECULES","GOBP_HETEROPHILIC_CELL_CELL_ADHESION_VIA_PLASMA_MEMBRANE_CELL_ADHESION_MOLECULES",28,-0.755917914001287,-1.88516642034207,0.00011045772452454,0.00204324430507134,0.00151435116043232,1256,"tags=25%, list=10%, signal=23%","FAT4/ICAM1/SCARF1/CDH2/CD209/DCHS1/VCAM1","GO_BP"
"GOBP_RESPONSE_TO_ALCOHOL","GOBP_RESPONSE_TO_ALCOHOL",193,-0.475624120341094,-1.627642612272,0.000111586860567369,0.00205580792714641,0.00152366269289145,1911,"tags=25%, list=15%, signal=22%","RARA/ABCB1/EEF2/FKBP5/FYN/GRAMD1A/H6PD/CYP8B1/ABCA2/EPS8/LARP1/KLF2/PTPRC/ABAT/GPLD1/LRP6/FECH/ADCY7/PTCH1/TBXA2R/PARP1/P2RY6/GNAS/GNG2/ADCY5/TGFB1/PRKCA/SPI1/NFE2L1/F7/SLC23A2/AKAP8/HMGCS2/CD4/PPARA/CBL/LIPA/JUP/TGFBR2/PRKAA1/XRN1/TGFBR3/TBXAS1/ABCA1/RELA/CYBB/ITPR2/CRHBP/VCAM1","GO_BP"
"GOBP_MUSCLE_SYSTEM_PROCESS","GOBP_MUSCLE_SYSTEM_PROCESS",289,-0.436149278923583,-1.55401584058322,0.000112252388562801,0.00205976370820657,0.00152659452127047,2294,"tags=29%, list=18%, signal=25%","TMOD2/CTDP1/CFLAR/DMD/KCNJ12/GAA/ADCY10/BBS2/PPP1R12B/KLF15/GPER1/DAG1/CAMTA2/DOCK4/F2R/CTTN/EEF2/PDLIM5/P2RX4/MEF2A/IGF1/SELENON/APLNR/TPM4/PIK3CG/AKAP6/ATP2B4/CTNNA3/HEY2/MYOF/PAK2/SNTB1/SMAD3/PDE4B/NUP155/ADRA1B/ABAT/GATA4/NMUR1/TPM3/KCND3/ARRB1/GNAO1/IGFBP5/TBXA2R/IL6ST/PARP1/SMAD4/GUCY1A1/KCNMA1/ABCC9/TNFRSF1B/SYNM/PRKCA/CAMK2D/APBB2/TPCN2/PRKACA/CLIC2/DSC2/KCNQ1/RCSD1/ARHGAP42/PPARA/ROCK2/MYLK/CHRNE/NOTCH1/GRK2/TMOD3/TNFRSF1A/SCN1B/JUP/BMP10/SMTN/ACACB/UTRN/CALM1/EHD3/HDAC4/SLC8A1/NOS3/CD38/KCNJ2/HMOX1","GO_BP"
"GOBP_ENDOPLASMIC_RETICULUM_TO_GOLGI_VESICLE_MEDIATED_TRANSPORT","GOBP_ENDOPLASMIC_RETICULUM_TO_GOLGI_VESICLE_MEDIATED_TRANSPORT",126,0.520770113211849,1.69396661192707,0.000112920331182422,0.00206373197268995,0.00152953560174253,3174,"tags=39%, list=25%, signal=30%","ARF4/TRAPPC3/PDCD6/SEC22A/TRAPPC13/GOLT1A/RABGGTB/YKT6/RANGRF/PEF1/CNIH4/IER3IP1/TMED9/BCAP31/RAB29/TRAPPC4/PREB/TFG/GOLT1B/ERGIC2/TRAPPC2L/TMED5/ERGIC3/YIPF4/STX18/COPB1/STX5/RAB1A/SURF4/SEC24C/STEEP1/BCAP29/YIPF5/TRAPPC2B/INSIG1/TRAPPC6A/SEC22C/TMED3/SCFD1/BET1/SEC24D/GOPC/RAB2A/GOSR2/LMAN2L/ERGIC1/TEX261/SEC23A/TRAPPC6B","GO_BP"
"GOBP_ADENYLATE_CYCLASE_ACTIVATING_G_PROTEIN_COUPLED_RECEPTOR_SIGNALING_PATHWAY","GOBP_ADENYLATE_CYCLASE_ACTIVATING_G_PROTEIN_COUPLED_RECEPTOR_SIGNALING_PATHWAY",94,-0.573583895894,-1.77800914107583,0.000115614182949625,0.00210454662110294,0.00155978539127257,2234,"tags=39%, list=17%, signal=33%","ADGRE5/ADGRL2/PTGER2/ADCY10/ADGRG6/GPER1/PTGER4/MGRN1/S1PR5/CALCRL/GPR4/RAPGEF3/AKAP6/PTH1R/ATP2B4/PDE4B/S1PR1/ADRA1B/PRKAR2B/GPBAR1/ADCY7/TBXA2R/GNAS/GNG2/ADCY5/ADCY9/PRKCA/RAPGEF2/PRKACA/GPR65/APP/ADGRE1/ADGRL4/ABCA1/ADGRF5/PDE2A/PRKAR1A","GO_BP"
"GOBP_RESPONSE_TO_MOLECULE_OF_BACTERIAL_ORIGIN","GOBP_RESPONSE_TO_MOLECULE_OF_BACTERIAL_ORIGIN",263,-0.444516278038424,-1.57411723986753,0.000117392280176493,0.00212843384177141,0.00157748941239673,1921,"tags=24%, list=15%, signal=21%","ADAM17/MIF/RARA/F2R/ABCB1/GBP5/PLCG2/HDAC5/ADAMTS13/CD55/GIT1/CD274/LILRB1/CSF2RB/PDE4B/PCK2/PTPN6/SBNO2/CD86/CEBPB/CDK19/TLR6/TBXA2R/PDCD4/TNFRSF1B/TRAF6/LILRA2/PRKCA/SPI1/PELI1/TLR1/SMAD6/AKAP8/LYN/HMGCS2/LILRB2/ASS1/PRPF8/PDCD1LG2/TLR4/ABL1/NOTCH1/EFNB2/PLSCR4/HCK/DUSP10/ADAM9/FZD5/IRAK3/IRF8/UPF1/ABCA1/CPS1/CD180/BMP6/SASH1/RELA/NOS3/SCIMP/IL10RA/AKAP12/AXL/MRC1/VCAM1","GO_BP"
"GOBP_REGULATION_OF_JNK_CASCADE","GOBP_REGULATION_OF_JNK_CASCADE",120,-0.523819439533528,-1.68278416999484,0.000118803810599457,0.00213706539617684,0.00158388669166371,968,"tags=16%, list=8%, signal=15%","RASSF2/ITCH/PDCD4/DVL3/IGF1R/PTK2B/TRAF6/PJA2/APP/TLR4/TNIK/DUSP10/HIPK3/CCDC88C/TGFBR3/PHLPP1/MINK1/FLT4/HIPK2","GO_BP"
"GOBP_POSITIVE_REGULATION_OF_PHOSPHATIDYLINOSITOL_3_KINASE_PROTEIN_KINASE_B_SIGNAL_TRANSDUCTION","GOBP_POSITIVE_REGULATION_OF_PHOSPHATIDYLINOSITOL_3_KINASE_PROTEIN_KINASE_B_SIGNAL_TRANSDUCTION",163,-0.493239820120493,-1.64744367145222,0.000118801598431507,0.00213706539617684,0.00158388669166371,1885,"tags=27%, list=15%, signal=23%","F2R/P2RX4/IGF1/FYN/PIK3CG/PRR5L/TSPYL5/IGF2/FGFR3/PTPN6/ITGB1/FERMT2/FGFR1/MERTK/PTK2/IGFBP5/PECAM1/IGF1R/PTK2B/RELN/TGFB1/PRKCA/HCLS1/PLXNB1/DDR2/ARFGEF1/SEMA5A/PIK3R5/IRS1/APP/CBL/VAV3/HIP1/GAB1/PTPRJ/SEMA4D/P2RY12/ENG/TEK/KDR/AXL/CSF1R/FLT1/VAV1","GO_BP"
"GOBP_BRANCHING_INVOLVED_IN_BLOOD_VESSEL_MORPHOGENESIS","GOBP_BRANCHING_INVOLVED_IN_BLOOD_VESSEL_MORPHOGENESIS",29,-0.757452933900634,-1.90437899839447,0.000121864234327114,0.00218352033976699,0.00161831678774128,824,"tags=38%, list=6%, signal=36%","NRP1/CTNND1/DLL4/NOTCH4/ABL1/NRARP/TGFBR2/ENG/PLXND1/KDR/STK4","GO_BP"
"GOBP_RIBOSOMAL_LARGE_SUBUNIT_BIOGENESIS","GOBP_RIBOSOMAL_LARGE_SUBUNIT_BIOGENESIS",65,0.61517564370154,1.83923511490042,0.000123610665969999,0.00220616067506611,0.00163509667938111,2390,"tags=38%, list=19%, signal=31%","RPL7L1/RPL7/RPL26/MRTO4/PAK1IP1/RPF1/NIP7/RPL11/NSA2/GTF3A/HEATR3/PES1/ZNHIT3/RSL24D1/RPL24/EBNA1BP2/RPF2/BRIX1/RPL5/MRM2/DDX18/RPL35A/RPL7A/TMA16/AIRIM","GO_BP"
"GOBP_CORTICAL_ACTIN_CYTOSKELETON_ORGANIZATION","GOBP_CORTICAL_ACTIN_CYTOSKELETON_ORGANIZATION",39,-0.698166248729921,-1.86607788149469,0.000125343374280615,0.00221974370964391,0.00164516374973781,1607,"tags=44%, list=13%, signal=38%","FMNL1/KCNC3/EPB41/FHOD1/PLEK/LLGL1/IQGAP2/NCKAP1L/ROCK2/PLEC/AKAP11/TLN1/FMNL3/FMNL2/EPB41L2/IQGAP1/EPB41L3","GO_BP"
"GOBP_MYELOID_CELL_HOMEOSTASIS","GOBP_MYELOID_CELL_HOMEOSTASIS",166,-0.49466102111325,-1.65598674819896,0.000125336658931333,0.00221974370964391,0.00164516374973781,1418,"tags=28%, list=11%, signal=25%","RAC2/PDE4B/ACVR2A/VPS13A/KLF2/PTBP3/CSF1/HOXA5/IKZF1/UFL1/MERTK/PRKDC/HNRNPU/HOXB6/FECH/MAFB/MED1/MTHFD1/HCLS1/SPI1/ZFPM1/LDB1/NFE2L1/HIF1A/L3MBTL3/LYN/KCNQ1/BRD1/NCKAP1L/TMOD3/LIPA/ITPKB/ARNT/PIK3CD/NF1/FCER1G/TGFBR3/EPAS1/ADGRF5/HCAR2/ETS1/INPP5D/HMOX1/AXL/CITED2/HIPK2","GO_BP"
"GOBP_AORTA_DEVELOPMENT","GOBP_AORTA_DEVELOPMENT",53,-0.663511611527879,-1.88515174107427,0.000126586860136573,0.00223310951337453,0.00165506981938369,1174,"tags=42%, list=9%, signal=38%","HEY2/PKD2/NPRL3/CNTRL/TAB1/NDST1/PROX1/SMAD6/MEGF8/DLL4/MYLK/NOTCH1/SUFU/EFNB2/HECTD1/TGFBR2/LRP1/MYH10/ENG/PLXND1/PDE2A/ACVRL1","GO_BP"
"GOBP_REGULATION_OF_TISSUE_REMODELING","GOBP_REGULATION_OF_TISSUE_REMODELING",52,-0.649970533635919,-1.84430172456413,0.000129525723081118,0.00227616549522164,0.00168698077389456,1805,"tags=35%, list=14%, signal=30%","SYK/CST3/PLEKHM1/LTBP3/S1PR1/LEPR/UBASH3B/TGFB1/PRKCA/DDR2/TP53/ROCK2/GPR137B/NF1/INPP5D/CD38/CSF1R/FLT4","GO_BP"
"GOBP_POSITIVE_REGULATION_OF_PHOSPHORUS_METABOLIC_PROCESS","GOBP_POSITIVE_REGULATION_OF_PHOSPHORUS_METABOLIC_PROCESS",258,-0.441603187485916,-1.56528458257985,0.000130969376452554,0.00229271678548551,0.00169924776788815,1432,"tags=21%, list=11%, signal=19%","NEDD9/ACVR2A/FGFR3/PTPRC/ERCC6/GPLD1/FGFR1/PTK2/ARRB1/GRB10/ZFP91/WNK3/TLR6/RASSF2/P2RY6/PTK2B/ALS2/TRAF6/TGFB1/NRP1/DDR2/RAPGEF2/DIPK2A/HIF1A/PIK3R5/FBH1/LIMCH1/LYN/CD4/APP/PTPN1/PPARA/ROCK2/ABL1/TNIK/ARNT/SEMA4D/ARHGEF2/PARP14/PRKAA1/CD244/RPTOR/ADGRF5/FABP3/PELI2/SASH1/LCP2/PRLR/ERN1/KDR/STK4/CSF1R/FLT1/FLT4","GO_BP"
"GOBP_REGULATION_OF_PHOSPHORUS_METABOLIC_PROCESS","GOBP_REGULATION_OF_PHOSPHORUS_METABOLIC_PROCESS",492,-0.388324022500664,-1.44859402703413,0.000134643867976273,0.00234804516329615,0.00174025441253383,1630,"tags=20%, list=13%, signal=18%","ABCA2/MTMR3/GIT1/SNX9/PRR5L/PRKAG2/APC/PAK2/HGS/CCNK/NEDD9/TFAP4/ACVR2A/PPP1R15B/FGFR3/PTPRC/RBL2/ERCC6/LATS1/LATS2/PLEK/MIDN/GPLD1/FGFR1/PTK2/PRKDC/HNRNPU/SYNPO2/ARRB1/GRB10/HEG1/ZFP91/WNK3/TLR6/RASSF2/PARP1/P2RY6/PDCD4/PTK2B/ALS2/CD300A/TRAF6/TGFB1/NRP1/DDR2/RAPGEF2/LDB1/PRKACA/MTMR1/TP53/DIPK2A/HIF1A/PDK3/PIK3R5/PRKCH/FBH1/LIMCH1/LYN/CD4/APP/PTPN1/PPARA/ROCK2/ZBED3/ABL1/TRIB2/SNX6/TNIK/ARNT/HIPK3/PTPRJ/SEMA4D/ARHGEF2/PARP14/SMG7/PRKAA1/CD244/RASIP1/RPTOR/ADGRF5/EP300/FABP3/PELI2/ENG/HDAC4/LPCAT1/SASH1/LCP2/PRLR/PLXNB2/DUSP7/ERN1/KDR/IQGAP1/LDB2/STK4/CSF1R/FLT1/FLT4","GO_BP"
"GOBP_REGULATION_OF_RESPONSE_TO_BIOTIC_STIMULUS","GOBP_REGULATION_OF_RESPONSE_TO_BIOTIC_STIMULUS",474,-0.387609326394078,-1.44345576623733,0.000136167910070849,0.00236559384453882,0.00175326062316559,1807,"tags=19%, list=14%, signal=17%","GBP5/SYK/PIK3R1/FLOT2/FYN/PLCG2/STAT5B/CD300C/DDX3X/EPG5/CD55/POLR3B/RNF135/PAK2/CD274/LILRB1/AP1G1/AARS2/ZMPSTE24/ERCC6/HLA-E/LATS1/LATS2/PTPN6/LAG3/FBXO38/UFL1/CALHM6/PRKDC/APPL2/NONO/TLR6/MED1/NCF1/GIGYF2/ITCH/TRIM3/PARP1/CD300A/TRAF6/LILRA2/TGFB1/PRKCA/SPI1/YWHAE/TAB1/TLR8/MEFV/PELI1/MMRN2/DAPK1/SERPINB9/CCDC92/UNC93B1/TLR1/PJA2/SLC15A2/LYN/APP/PTPN1/TLR4/FCN2/HCK/DUSP10/RNF144A/IRAK3/FGL2/PARP14/PRKAA1/RASGRP4/RNF31/CSNK1A1/CD180/EP300/PTPRS/LSM14A/LRCH4/BMP6/SASH1/INPP5D/CREBBP/RELA/VSIG4/SIN3A/SCIMP/VAV1/SEC14L1/CR1","GO_BP"
"GOBP_REGULATION_OF_NEUROGENESIS","GOBP_REGULATION_OF_NEUROGENESIS",260,-0.438983286866403,-1.55557681997197,0.000136704004204986,0.0023659113455022,0.00175349593910463,1371,"tags=20%, list=11%, signal=19%","PER2/ZNF335/CXCL12/SRRT/MAN2A1/FBXW8/ITGB1/ZEB2/UFL1/ARHGAP4/HDAC1/APPL2/NEURL1/QKI/IL6ST/MACF1/MECP2/RELN/TNFRSF1B/TGFB1/DAAM2/NRP1/PLXNB1/SMURF1/CUX2/RAPGEF2/PROX1/TP53/NF2/SEMA5A/HIF1A/PRKCH/LYN/MEGF8/DLL4/NOTCH1/TRPC5/DUSP10/NF1/SEMA4D/PRKCI/DICER1/EEF2K/KDM1A/TIAM1/SHANK3/PTPRS/SPEN/PLXND1/PLXNB2/RELA/ETV5/SKI","GO_BP"
"GOBP_GENERATION_OF_PRECURSOR_METABOLITES_AND_ENERGY","GOBP_GENERATION_OF_PRECURSOR_METABOLITES_AND_ENERGY",400,0.394975667021805,1.45653144756682,0.000137961581355565,0.00237866590646633,0.00176294898598154,1802,"tags=22%, list=14%, signal=20%","UQCRFS1/COX6A1/NDUFB8/CYCS/ATP5PB/SELENOS/COX6B1/ATP5MG/NDUFA8/UQCC2/NDUFB6/SDHAF2/SDHD/PPP2CA/UQCRH/COX7B/UQCRB/NDUFB5/TEFM/SLC25A33/UQCR11/HKDC1/IMMP2L/COA6/NDUFA1/NDUFS5/PARK7/ATP5PO/SHPK/NHLRC1/UQCRQ/ATP5ME/COX7C/COX6C/NDUFC1/COX7A1/NDUFS3/NDUFB3/CCNB1/BLOC1S1/NDUFB2/AACS/MDH1/NDUFAF1/CDK1/ATP5F1E/PRKAG1/DDIT4/SURF1/NDUFA9/ATP5IF1/ATP5F1C/NDUFB9/MACROH2A1/BPGM/KGD4/TMEM135/CISD1/WIPI1/ATP5PF/DGUOK/TPI1/RBKS/ZBTB20/CYB561/IL10RB/ETFB/HMGCL/ATG12/NDUFS4/ACAT1/NDUFAB1/NFATC4/NDUFA3/NDUFA2/MTCH2/NDUFA11/GABARAPL1/PRKAA2/EVA1A/ENO3/RB1CC1/SDHAF4/NDUFA12/PPP1R3E/MFSD8/AIFM2/CEBPA/NDUFB1","GO_BP"
"GOBP_ESTABLISHMENT_OR_MAINTENANCE_OF_CELL_POLARITY","GOBP_ESTABLISHMENT_OR_MAINTENANCE_OF_CELL_POLARITY",197,-0.469285954230131,-1.6103979208339,0.000139475902689988,0.00239573458417503,0.00177559944184287,2010,"tags=29%, list=16%, signal=25%","PKD1/ILK/FEZ1/DST/KIF26B/PALS1/IGF1/HTT/FLOT2/SH3BP1/WEE1/CYTH1/DLG5/DCTN1/RHOJ/GBF1/CYP26B1/FOXF1/RAC2/DOCK8/ITGB1/CYTH3/CLIC4/PTK2/WDR1/LLGL1/PATJ/KANK1/ACTB/GSK3B/FRMD4B/ARFGEF1/AMOTL2/CKAP5/SIPA1L3/MYH9/AMOTL1/MAPRE1/NCKAP1L/SNX27/ROCK2/NUMA1/ABL1/ARHGAP35/CRKL/PRKCI/RAP1B/MYO18A/FSCN1/FRMD4A/CLASP1/ATN1/DOCK2/MAP7/TEK/CDH5/CDC42BPB","GO_BP"
"GOBP_POSITIVE_REGULATION_OF_CELLULAR_COMPONENT_BIOGENESIS","GOBP_POSITIVE_REGULATION_OF_CELLULAR_COMPONENT_BIOGENESIS",408,-0.40241035226368,-1.48207447009518,0.000141149566479471,0.00241540213200263,0.0017901760511116,2479,"tags=30%, list=19%, signal=25%","PRKD1/NDEL1/EPB41L5/EPHA2/RAB11FIP3/ULK1/SEPTIN9/PALM/SPIDR/TGFB3/MPP7/LIMK1/SRC/RIPOR2/MTSS1/AUTS2/CD36/VPS4B/RALB/HSF1/PPM1F/CEP120/IL1RAP/TAL1/LCP1/SORBS3/PAN2/BRAF/RAPGEF3/CTTN/HTT/GBP5/SYK/PIK3R1/PLCG2/TSC1/DDX3X/DLG5/DCTN1/EVL/GIT1/SNX9/ARHGEF10L/PLEKHM1/EPS8/APC/HGS/MED25/RAC2/SMAD3/ARHGEF15/NCK2/FHOD1/LATS1/LATS2/TRABD2B/PLEK/FERMT2/CNOT6/SYNPO2/NEURL1/SLX4/CDC42EP4/MET/TLR6/CNOT6L/SMAD4/COBL/MECP2/PTK2B/GSK3B/TGFB1/PRKCA/NRP1/SNX30/ATG2A/SNX18/CUX2/GPM6A/CKAP5/TP53/NF2/FNIP2/WASL/GPR65/DYNC1H1/LIMCH1/OCLN/RAB7A/CLSTN1/MAPRE1/NCKAP1L/ROCK2/NUMA1/TLR4/PIEZO1/ABL1/ARHGAP35/CNOT1/HCK/PIP4K2A/CCL24/PTPRJ/SEMA4D/TPR/RASIP1/RAP1B/FSCN1/EEF2K/P2RY12/ABCA1/CLASP1/ATP13A2/UBAP2L/FCHSD2/CYFIP1/TEK/KDR/ACVRL1/LDB2/CDH5","GO_BP"
"GOBP_TRNA_METABOLIC_PROCESS","GOBP_TRNA_METABOLIC_PROCESS",194,0.467654246029224,1.61379417474445,0.000141716479440028,0.00241605445731899,0.00179065952222534,2773,"tags=32%, list=22%, signal=25%","TRMT10C/GTF3C6/DPH3/LSM6/ZBTB8OS/RTRAF/CDK5RAP1/PUS3/TPRKB/RPP38/RPP14/EXOSC9/LCMT2/EXOSC8/TRUB2/GON7/TRMT12/TSEN15/EXOSC3/TRNT1/YARS1/FAM98B/METTL1/POP4/DDX1/ELAC1/ELP5/SSB/METTL6/URM1/FARSB/FTSJ1/POP5/TRMT11/ADAT1/BCDIN3D/THUMPD2/TRMT6/YRDC/QARS1/OSGEP/RTCB/CARS1/ZCCHC7/RPP30/NARS2/TRMT13/LAGE3/METTL2B/DTD2/TARBP1/POLR2L/THADA/TSEN54/GATC/METTL8/TRMU/EPRS1/SARS2/TRMT10B/TRMT61B/DUS4L","GO_BP"
"GOBP_VENTRICULAR_SEPTUM_DEVELOPMENT","GOBP_VENTRICULAR_SEPTUM_DEVELOPMENT",62,-0.642453256727812,-1.86475339175859,0.000144510224503015,0.00245452496562927,0.00181917195157972,1915,"tags=34%, list=15%, signal=29%","BMPR2/APLNR/HEY2/FRS2/GATA4/NPRL3/HEG1/CNTRL/SMAD4/ZFPM1/PROX1/SMAD6/NOTCH1/SUFU/HECTD1/TGFBR2/TGFBR3/NOS3/PDE2A/FGFRL1/CITED2","GO_BP"
"GOBP_GLIAL_CELL_DIFFERENTIATION","GOBP_GLIAL_CELL_DIFFERENTIATION",182,-0.481275905150321,-1.63501487222794,0.000145085962449242,0.00245517689789106,0.00181965513138094,2175,"tags=26%, list=17%, signal=22%","NCSTN/ADGRG6/KLF15/DAG1/PLPP3/ILK/TAL1/CUL4B/PALS1/IGF1/B4GALT5/CD9/DLG5/ABCA2/C1QA/VPS13A/CERS6/TNFRSF21/ZEB2/WDR1/HDAC1/QKI/IL6ST/RELN/TNFRSF1B/TGFB1/DAAM2/SOS1/NFE2L1/LYN/APP/TLR4/ABL1/NOTCH1/PFKFB3/PLEC/NRROS/DUSP10/PTPRJ/NF1/DICER1/LRP1/SOX13/MED12/RELA/CDH2/KCNJ10/SKI","GO_BP"
"GOBP_RHYTHMIC_PROCESS","GOBP_RHYTHMIC_PROCESS",216,-0.451387122138708,-1.5579501502965,0.000146117612341893,0.00246351059332143,0.00182583165237471,1371,"tags=20%, list=11%, signal=18%","PER2/KDM5B/RAI1/CASP2/PPARGC1A/CSNK2A1/PRKDC/HNRNPU/PER3/HDAC1/C3orf70/NONO/USP9X/PARP1/GSK3B/NR5A2/PROX1/USP7/TP53/F7/NCOA2/MTA1/ASS1/KDM2A/EGR1/NOTCH4/PPARA/ROCK2/BTBD9/CRTC1/NOTCH1/HUWE1/PRKAA1/PHLPP1/DYRK1A/EP300/THRAP3/CREBBP/NCOR2/NOS3/SIN3A/SPSB4/SP1/AXL","GO_BP"
"GOBP_DEVELOPMENTAL_CELL_GROWTH","GOBP_DEVELOPMENTAL_CELL_GROWTH",165,-0.483506209854856,-1.61765100858934,0.000152814724954853,0.00256695028793649,0.00190249601462757,2463,"tags=33%, list=19%, signal=27%","NDEL1/ITGA4/ULK1/DISC1/CLASP2/CD2AP/LIMK1/CTDP1/ADCY10/FN1/AUTS2/SEMA5B/NPR2/CYFIP2/DNM2/NTN1/BMPR2/CTTN/PDLIM5/PLXNA1/IGF1/AKAP6/SPG11/TNN/CXCL12/GATA4/ITGB1/ZEB2/ARHGAP4/KMT2D/USP9X/NRN1/OLFM1/MACF1/COBL/GSK3B/NRP1/SMURF1/RAPH1/SLC23A2/SEMA5A/MEGF8/APP/PPARA/ABL1/TRPC5/SEMA4D/TGFBR2/SPAG9/PTPRS/CYFIP1/SIN3A/IQGAP1/NRP2","GO_BP"
"GOBP_RESPONSE_TO_ZINC_ION","GOBP_RESPONSE_TO_ZINC_ION",35,-0.716335543940784,-1.88269665360793,0.000153579305277443,0.00257034375755546,0.00190501108570478,954,"tags=26%, list=7%, signal=24%","PARP1/HAAO/SLC30A10/ASS1/HVCN1/CPS1/ATP13A2/MT1X/VCAM1","GO_BP"
"GOBP_GLAND_MORPHOGENESIS","GOBP_GLAND_MORPHOGENESIS",99,-0.560510145052461,-1.75220997824306,0.00016051168149177,0.0026765615793281,0.00198373445777574,2444,"tags=35%, list=19%, signal=29%","EPHA2/PML/TGFB3/SRC/CFLAR/STAT5A/DAG1/NTN1/PLXNA1/IGF1/NOTCH2/FEM1B/FRS2/CSF1/KDM5B/FGFR1/CEBPB/IGFBP5/PTCH1/MED1/TGFB1/NRP1/PROX1/SNAI2/ESRP2/EDA/NOTCH1/LIPA/CYP7B1/TGFBR2/LRP5/NTN4/PLXND1/CSF1R/ETV5","GO_BP"
"GOBP_PROTEIN_TRANSMEMBRANE_IMPORT_INTO_INTRACELLULAR_ORGANELLE","GOBP_PROTEIN_TRANSMEMBRANE_IMPORT_INTO_INTRACELLULAR_ORGANELLE",40,0.694654452335413,1.86939439324309,0.000163767496532171,0.00271106410020105,0.00200930601199083,640,"tags=18%, list=5%, signal=17%","TIMM17A/TOMM7/TIMM23/PEX2/TOMM40L/TIMM17B/HSP90AA1","GO_BP"
"GOBP_REGULATION_OF_MUSCLE_CELL_DIFFERENTIATION","GOBP_REGULATION_OF_MUSCLE_CELL_DIFFERENTIATION",108,-0.538987986551245,-1.70853028932673,0.000163733103157732,0.00271106410020105,0.00200930601199083,1989,"tags=32%, list=16%, signal=28%","NFATC3/BMPR2/LAMC1/IGF1/TNPO2/AKAP6/HDAC5/HEY2/NOTCH2/CYP26B1/PIAS1/FRS2/IGF2/MED28/HDAC1/ATP11A/SUPT6H/SMAD4/CDK9/PDCD4/MECP2/TGFB1/PROX1/NID1/NOTCH4/HDAC9/PTBP1/MAML1/PPARA/PIEZO1/NOTCH1/EFNB2/BMP10/ENG/HDAC4","GO_BP"
"GOBP_IMPORT_INTO_THE_MITOCHONDRION","GOBP_IMPORT_INTO_THE_MITOCHONDRION",51,0.643134457734756,1.8245451897539,0.000165386972886598,0.00272798945530276,0.00202185024425683,2000,"tags=33%, list=16%, signal=28%","TIMM17A/TOMM7/TIMM23/SLC25A33/TOMM40L/MAIP1/TIMM17B/MICU2/HSP90AA1/SLC25A28/MCUR1/TST/MRPL18/PAM16/PSEN2/DNAJC15/SMDT1","GO_BP"
"GOBP_PHOSPHATIDYLINOSITOL_3_KINASE_PROTEIN_KINASE_B_SIGNAL_TRANSDUCTION","GOBP_PHOSPHATIDYLINOSITOL_3_KINASE_PROTEIN_KINASE_B_SIGNAL_TRANSDUCTION",265,-0.441284951755986,-1.56165239081304,0.000176576914671711,0.00289521965969591,0.00214579296292906,2113,"tags=29%, list=17%, signal=25%","SESN3/GPX1/CD2AP/JAK2/SRC/OSBPL8/PDGFRA/FN1/GPER1/DAG1/PIK3R3/PIK3C2B/ILK/TCF7L2/ADAM17/F2R/RAPGEF3/P2RX4/IGF1/PIK3R1/FYN/PIK3CG/GAB2/PRR5L/TSPYL5/IGF2/FGFR3/PIP5K1C/PTPN6/MTM1/ITGB1/FERMT2/FGFR1/MERTK/PTK2/PIK3C3/IGFBP5/PECAM1/PREX2/IGF1R/PTK2B/RELN/TGFB1/PRKCA/HCLS1/MYO16/PLXNB1/DDR2/ARFGEF1/DIPK2A/SEMA5A/PIK3R5/IRS1/APP/PPP1R16B/PTPN1/PPARA/CBL/VAV3/TSC2/HIP1/GAB1/PTPRJ/PIK3CD/PEAR1/NF1/SEMA4D/MKRN2/PHLPP1/P2RY12/ENG/FCGR3A/TEK/KDR/AXL/CSF1R/FLT1/VAV1","GO_BP"
"GOBP_INTRACELLULAR_RECEPTOR_SIGNALING_PATHWAY","GOBP_INTRACELLULAR_RECEPTOR_SIGNALING_PATHWAY",352,-0.41472682312596,-1.50593467003521,0.000176792796028706,0.00289521965969591,0.00214579296292906,2301,"tags=25%, list=18%, signal=21%","JAK2/CRY2/SRC/NR2F2/PAQR8/CARM1/RARB/IKBKB/CD36/OGT/RSAD2/GPER1/TCF7L2/ASXL2/NR1D2/RARA/PTGIS/IGF1/GBP5/KANK2/FLOT2/GREB1L/PLCG2/TAF1/CTBP2/DDX3X/EPG5/NR2C2/RNF135/CYP26B1/ACTN4/RORA/AARS2/KLF2/LATS1/LATS2/RXRA/UFL1/PRKDC/HDAC1/KMT2D/ZNF366/TLR6/MED1/ITCH/TRIM3/PARP1/NR2F1/TRAF6/YWHAE/TAB1/TLR8/MEFV/NR5A2/PELI1/RBFOX2/UNC93B1/UBR5/SLC15A2/PDK3/DCBLD2/NCOA2/ZMIZ1/SAFB/SKP2/ZDHHC7/SNAI2/PPARA/TLR4/CNOT1/DAB2/CRKL/CYP7B1/ARNT/HUWE1/CSNK1A1/CALCOCO1/KDM1A/EP300/PTPRS/LSM14A/RELA/NCOR2/SCIMP/CITED2/SEC14L1/NCOA3","GO_BP"
"GOBP_LEUKOCYTE_CHEMOTAXIS","GOBP_LEUKOCYTE_CHEMOTAXIS",167,-0.487901328418306,-1.63454164808954,0.000181561066461016,0.00295726131651627,0.00219177515642783,1549,"tags=29%, list=12%, signal=26%","ADAM17/MIF/ITGA1/SYK/PIK3CG/CXCR2/GBF1/LYST/NEDD9/RAC2/PDE4B/IL17RA/PIP5K1C/CXCL12/CSF1/S1PR1/PTK2/ITGA9/ALOX5/RIN3/PTK2B/SPI1/WNK1/F7/C3AR1/PTPRO/CCL23/LYN/NCKAP1L/C5/APP/IL16/CSF3R/VAV3/PLEC/CYP7B1/CCL24/PTPRJ/PIK3CD/FCER1G/PREX1/CCR1/CMKLR1/CXCL16/CSF1R/LGMN/FLT1/VAV1/FOLR2","GO_BP"
"GOBP_REGULATION_OF_TRANS_SYNAPTIC_SIGNALING","GOBP_REGULATION_OF_TRANS_SYNAPTIC_SIGNALING",302,-0.420168101609632,-1.50730798028416,0.000181875778056702,0.00295726131651627,0.00219177515642783,2417,"tags=25%, list=19%, signal=21%","RAB11A/SYAP1/DISC1/CD2AP/JAK2/PLCL2/ABR/MME/NCSTN/BAIAP3/MCTP1/GPER1/GPR158/DAG1/TRIO/RARA/BRAF/F2R/IGF1/FYN/PRKCB/SLC24A1/STXBP1/MYOF/GIT1/SYNGR1/SIPA1L1/NEFH/APBA2/VPS13A/PRKAR2B/KCNMB4/ITGB1/SLC6A6/APBA1/DLGAP4/NEURL1/GNAO1/BSN/CNRIP1/NRN1/GUCY1A1/MECP2/STX1B/PTK2B/GSK3B/RELN/ADORA3/CAMK2D/CUX2/RAPGEF2/ACE/PRKACA/HRH1/LILRB2/CLSTN1/PLG/APP/BTBD9/ABL1/RAB8A/SSH1/HIP1/NF1/RAP1B/CPEB3/YTHDF1/CALM1/SHANK3/PTPRS/LRRC4/CYFIP1/CD38/DYSF/KCNJ10/AKAP12/LGMN","GO_BP"
"GOBP_REGULATION_OF_DEVELOPMENTAL_GROWTH","GOBP_REGULATION_OF_DEVELOPMENTAL_GROWTH",220,-0.453002638074611,-1.56977160987378,0.000187814578972839,0.00304299578484717,0.00225531728464212,2401,"tags=31%, list=19%, signal=26%","RUNX1/ULK1/RBP4/GRN/DISC1/CLASP2/LIMK1/CTDP1/ADCY10/FN1/BBS2/STAT5A/HSF1/SASH3/DNM2/NTN1/BMPR2/CTTN/IGF1/STAT5B/AKAP6/HEY2/SOCS2/SPTBN4/IGF2/FGFR3/CXCL12/ZMPSTE24/CSF1/LATS1/LATS2/MTM1/RAI1/FGFR1/ARHGAP4/JARID2/PTCH1/OLFM1/GNAS/MACF1/GSK3B/PLAC8/NRP1/SMURF1/PROX1/ATRN/SLC23A2/SEMA5A/MEGF8/APP/PPARA/NPY1R/ABL1/NOTCH1/TRPC5/DUSP10/WWC3/SEMA4D/SPAG9/BMP10/TGFBR3/ACACB/PTPRS/BASP1/FTO/SIN3A/STK4/LGMN","GO_BP"
"GOBP_REGULATION_OF_OSSIFICATION","GOBP_REGULATION_OF_OSSIFICATION",90,-0.559427166089769,-1.7228847325248,0.000193151169624509,0.00310691474041514,0.00230269083869913,2297,"tags=39%, list=18%, signal=32%","MEF2C/NBR1/MAPK1/BMP2K/PBX1/ADCY10/ADGRG6/LRP4/SETD2/BMPR2/BCOR/TOB2/SRGN/LTBP3/SMAD3/SGMS2/ACVR2A/ZMPSTE24/CSF1/S1PR1/KREMEN1/RXRA/ALOX5/PTK2B/TGFB1/DDR2/ENPP1/HIF1A/SMAD6/NOTCH1/SLC20A2/CCR1/SLC8A1/BMP6/RFLNB","GO_BP"
"GOBP_B_CELL_DIFFERENTIATION","GOBP_B_CELL_DIFFERENTIATION",115,-0.534899960862776,-1.71522220231117,0.000193799671923466,0.00310691474041514,0.00230269083869913,2272,"tags=35%, list=18%, signal=29%","PLCL2/NFKBIZ/SP3/STAT5A/PIK3R3/RAG1/ADAM17/SYK/PIK3R1/PLCG2/STAT5B/MFNG/HDAC5/TOP2B/CMTM7/NOTCH2/ST3GAL1/TCF3/PTPRC/PTPN6/ITGB1/PRKDC/LAPTM5/DOCK10/ONECUT1/PTK2B/SPI1/TP53/NCKAP1L/HDAC9/ABL1/PTPRJ/PIK3CD/IRF8/NFAM1/EP300/HDAC4/INPP5D/VCAM1/CR1","GO_BP"
"GOBP_REGULATION_OF_CELL_JUNCTION_ASSEMBLY","GOBP_REGULATION_OF_CELL_JUNCTION_ASSEMBLY",204,-0.46063505283147,-1.58279646191083,0.000193608828743914,0.00310691474041514,0.00230269083869913,2184,"tags=37%, list=17%, signal=31%","PTPRD/ARHGAP6/LRFN1/SLITRK3/LIN7C/SEMA4C/RCC2/EPB41L5/EPHA2/CLASP2/SRC/PEAK1/IKBKB/SENP1/LRP4/OGT/PPM1F/CYFIP2/IL1RAP/DOCK4/LRFN3/NTN1/PTPRA/PDLIM5/APLNR/TSC1/ZDHHC8/DLG5/SMAD3/ARHGEF15/SRGAP2/LATS1/DOCK1/FERMT2/FARP1/FGFR1/GPBAR1/TJP1/PTK2/NEURL1/DOCK10/ABI3/UBE3B/MACF1/NCKIPSD/PTK2B/PRKCA/NRP1/CUX2/RAPGEF2/ACE/LDB1/PRKACA/PRKCH/LIMCH1/CLSTN1/SNAI2/APP/PTPN1/ROCK2/ABL1/TLN1/PTPRJ/ELMO1/SEMA4D/FZD5/RAP1B/SLK/EEF2K/RAPGEF1/CLASP1/PTPRS/TEK/DLC1/KDR/ACVRL1","GO_BP"
"GOBP_VENTRICULAR_CARDIAC_MUSCLE_TISSUE_MORPHOGENESIS","GOBP_VENTRICULAR_CARDIAC_MUSCLE_TISSUE_MORPHOGENESIS",29,-0.745866924479018,-1.87524959374076,0.00019565190751991,0.00312564183726738,0.00231657043243118,1069,"tags=41%, list=8%, signal=38%","HEY2/HEG1/MED1/SMAD4/TGFB1/PROX1/DLL4/NOTCH1/BMP10/TGFBR3/ENG/UBE4B","GO_BP"
"GOBP_MYELOID_LEUKOCYTE_DIFFERENTIATION","GOBP_MYELOID_LEUKOCYTE_DIFFERENTIATION",195,-0.468761656009642,-1.60377967254936,0.000200919624275334,0.00319861241572823,0.00237065259964699,1815,"tags=26%, list=14%, signal=23%","TOB2/PIK3R1/SH3PXD2A/GAB2/ARID3C/NOTCH2/LILRB1/NEDD9/VPS13A/CSF1/SBNO2/EVI2B/IL33/CAMK4/CEBPB/QKI/MAFB/MED1/RASSF2/PARP1/GAB3/UBASH3B/TRAF6/TGFB1/PRKCA/HCLS1/SPI1/ZFPM1/ZBTB46/MYH9/L3MBTL3/LYN/CD4/APP/PDE1B/TLR4/NRROS/LRRK1/PIK3CD/GPR137B/NF1/TGFBR2/FCER1G/LBR/RPTOR/CCR1/C1QC/INPP5D/PDE2A/CSF1R/CITED2","GO_BP"
"GOBP_NEGATIVE_REGULATION_OF_TRANSFORMING_GROWTH_FACTOR_BETA_RECEPTOR_SIGNALING_PATHWAY","GOBP_NEGATIVE_REGULATION_OF_TRANSFORMING_GROWTH_FACTOR_BETA_RECEPTOR_SIGNALING_PATHWAY",83,-0.571698204279991,-1.75018781247854,0.000203387656001284,0.00322666041760371,0.00239144038507358,1399,"tags=24%, list=11%, signal=22%","CHST11/SAP130/PBLD/HDAC1/ONECUT1/SMURF1/ING1/TP53/SPRED1/SMAD6/PPARA/SNX6/NRROS/MTMR4/BCL9L/TGFBR3/ENG/GLG1/SIN3A/SKI","GO_BP"
"GOBP_SEMI_LUNAR_VALVE_DEVELOPMENT","GOBP_SEMI_LUNAR_VALVE_DEVELOPMENT",41,-0.67569367597091,-1.83624705371628,0.000206399356900845,0.00326310955598602,0.00241845467546902,2121,"tags=39%, list=17%, signal=33%","ROBO1/BMPR2/HEY2/NOTCH2/TIE1/GATA4/TNFRSF1B/TGFB1/SMAD6/DLL4/SNAI2/ROCK2/NOTCH1/TNFRSF1A/TGFBR2/NOS3","GO_BP"
"GOBP_LIPOPOLYSACCHARIDE_MEDIATED_SIGNALING_PATHWAY","GOBP_LIPOPOLYSACCHARIDE_MEDIATED_SIGNALING_PATHWAY",57,-0.64044930913496,-1.82143386497023,0.000212006602366125,0.00332872222065575,0.0024670835225604,860,"tags=40%, list=7%, signal=38%","LY86/MAPK1/PTAFR/JAK2/CACTIN/CD36/MIF/PLCG2/CD55/PTPN6/TRAF6/LILRA2/PRKCA/SPI1/LYN/TLR4/HCK/IRAK3/CD180/BMP6/SASH1/NOS3/SCIMP","GO_BP"
"GOBP_HOMEOSTASIS_OF_NUMBER_OF_CELLS","GOBP_HOMEOSTASIS_OF_NUMBER_OF_CELLS",298,-0.420290086461986,-1.50203539759742,0.000211581739435531,0.00332872222065575,0.0024670835225604,1418,"tags=20%, list=11%, signal=19%","RAC2/PDE4B/ACVR2A/VPS13A/KLF2/PTBP3/CSF1/HOXA5/IKZF1/UFL1/MERTK/PRKDC/HNRNPU/FBXO21/HOXB6/FECH/MAFB/DOCK10/MED1/SH2B2/RASSF2/GIGYF2/MTHFD1/TGFB1/HCLS1/SPI1/ZFPM1/SOS1/LDB1/NFE2L1/HIF1A/L3MBTL3/LYN/AKT3/KCNQ1/BRD1/NCKAP1L/MYCT1/ABL1/NOTCH1/TMOD3/LIPA/ITPKB/ARNT/PIK3CD/NF1/FCER1G/TGFBR3/EPAS1/SART3/ADGRF5/HCAR2/UBAP2L/ETS1/INPP5D/CDH2/NOS3/HMOX1/AXL/CITED2/HIPK2","GO_BP"
"GOBP_RESPONSE_TO_TUMOR_CELL","GOBP_RESPONSE_TO_TUMOR_CELL",40,-0.678567376844418,-1.82384706865362,0.000216298638096779,0.00338448108720611,0.00250840922407116,1573,"tags=32%, list=12%, signal=29%","NOTCH2/CD274/FBXO38/UFL1/LAPTM5/ABI3/TGFB1/SPI1/DAPK1/NOTCH1/PRF1/PRKAA1/RELA","GO_BP"
"GOBP_POSITIVE_REGULATION_OF_VASCULAR_PERMEABILITY","GOBP_POSITIVE_REGULATION_OF_VASCULAR_PERMEABILITY",14,-0.849672680787206,-1.85820019747372,0.000219986040750786,0.00343043078563257,0.00254246485753648,1152,"tags=43%, list=9%, signal=39%","TJP1/TGFB1/OCLN/BMP6/TJP2/PDE2A","GO_BP"
"GOBP_PROTEIN_IMPORT_INTO_MITOCHONDRIAL_MATRIX","GOBP_PROTEIN_IMPORT_INTO_MITOCHONDRIAL_MATRIX",22,0.783647135770451,1.87614725278771,0.000221888162898453,0.0034366339535018,0.00254706233735709,640,"tags=27%, list=5%, signal=26%","TIMM17A/TOMM7/TIMM23/TOMM40L/TIMM17B/HSP90AA1","GO_BP"
"GOBP_POSITIVE_REGULATION_OF_BLOOD_VESSEL_ENDOTHELIAL_CELL_MIGRATION","GOBP_POSITIVE_REGULATION_OF_BLOOD_VESSEL_ENDOTHELIAL_CELL_MIGRATION",51,-0.641608371630946,-1.81465493581962,0.000221606246193495,0.0034366339535018,0.00254706233735709,852,"tags=33%, list=7%, signal=31%","FGFR1/TGFB1/PRKCA/NRP1/HIF1A/AKT3/PLG/HDAC9/JCAD/ABL1/GAB1/TGFBR3/ETS1/NOS3/KDR/HMOX1/SP1","GO_BP"
"GOBP_DENDRITE_MORPHOGENESIS","GOBP_DENDRITE_MORPHOGENESIS",112,-0.536756095718973,-1.71170060372087,0.000233297829849956,0.00360114116413665,0.00266898690834747,2216,"tags=30%, list=17%, signal=25%","OBSL1/KIF1A/LRP4/CUL7/PDLIM5/MEF2A/FYN/FZD4/TRAK2/TANC2/ATP7A/SIPA1L1/TAOK2/FBXW8/ITGB1/FARP1/DOCK10/ABI3/PREX2/GSK3B/RELN/NRP1/CUX2/RAPGEF2/KIDINS220/WASL/TRPC5/TNIK/SEMA4D/EEF2K/HECW2/SHANK3/MINK1/RERE","GO_BP"
"GOBP_POSTSYNAPTIC_SPECIALIZATION_ORGANIZATION","GOBP_POSTSYNAPTIC_SPECIALIZATION_ORGANIZATION",36,-0.704020522230239,-1.85838942008675,0.000234089783228208,0.00360119939249052,0.00266903006431028,1589,"tags=53%, list=12%, signal=46%","PTPRD/LRFN1/SLITRK3/ITGB3/IL1RAP/GIT1/LATS1/FGFR1/ABI3/PTK2B/RELN/LILRB2/ABL1/CRKL/SHANK3/PTPRS/LRRC4/SPTBN2/CDH2","GO_BP"
"GOBP_NEGATIVE_REGULATION_OF_SMAD_PROTEIN_SIGNAL_TRANSDUCTION","GOBP_NEGATIVE_REGULATION_OF_SMAD_PROTEIN_SIGNAL_TRANSDUCTION",19,-0.806763203050315,-1.88995652603853,0.000236227991981561,0.00360978493432693,0.00267539324134723,655,"tags=32%, list=5%, signal=30%","SMAD6/CRKL/TGFBR3/LRP1/ENG/SKI","GO_BP"
"GOBP_CARDIAC_EPITHELIAL_TO_MESENCHYMAL_TRANSITION","GOBP_CARDIAC_EPITHELIAL_TO_MESENCHYMAL_TRANSITION",29,-0.740129745202012,-1.86082524704388,0.000235943959729026,0.00360978493432693,0.00267539324134723,970,"tags=34%, list=8%, signal=32%","OLFM1/SMAD4/PDCD4/TGFB1/SNAI2/NOTCH1/TGFBR2/TGFBR3/ENG/ACVRL1","GO_BP"
"GOBP_MORPHOGENESIS_OF_EMBRYONIC_EPITHELIUM","GOBP_MORPHOGENESIS_OF_EMBRYONIC_EPITHELIUM",114,-0.517801291731837,-1.65768481977671,0.000241874876252036,0.00368375436531852,0.00273021570843088,1927,"tags=24%, list=15%, signal=20%","IFT172/RARA/PALS1/NUP50/CC2D2A/TSC1/IFT122/TEAD2/ZEB2/PTCH1/MTHFD1/COBL/KDM2B/TRAF6/TGFB1/PRKACA/HIF1A/ABL1/ARHGAP35/SUFU/TSC2/MED12/PLXNB2/DLC1/STK4/CITED2/SKI","GO_BP"
"GOBP_MYELOID_CELL_DEVELOPMENT","GOBP_MYELOID_CELL_DEVELOPMENT",71,-0.602406782202497,-1.78577336939461,0.000248374854074277,0.00377018175503446,0.002794271395548,1655,"tags=32%, list=13%, signal=28%","ZNF385A/NOTCH2/LILRB1/RAC2/KLF2/PTBP3/PTPN6/EVI2B/CEBPB/MED1/ZFPM1/L3MBTL3/BRD1/NCKAP1L/APP/FLI1/TMOD3/PIP4K2A/NRROS/LRRK1/ADGRF5/EP300/CITED2","GO_BP"
"GOBP_PURINE_CONTAINING_COMPOUND_BIOSYNTHETIC_PROCESS","GOBP_PURINE_CONTAINING_COMPOUND_BIOSYNTHETIC_PROCESS",216,0.444185671923976,1.55557293884589,0.000255816274018036,0.00387027998671658,0.00286845923149538,1977,"tags=26%, list=15%, signal=22%","NDUFB8/ATP5PB/ATP5MJ/ATP5MG/NDUFA8/TREM2/NDUFB6/SDHD/MPC2/NDUFB5/ATP5MC2/MAPDA/NDUFA1/AK2/NMNAT1/NDUFS5/ATP5PO/AK1/ATP5ME/NDUFC1/NMRK1/NDUFS3/NME1/NDUFB3/NME6/NDUFB2/ATP5F1E/ATP5MK/NDUFA9/ATP5IF1/ATP5F1C/NDUFB9/ELOVL2/PPCS/ATP5PF/DGUOK/ACSL6/PPT2/NDUFS4/ACAT1/COX11/NDUFAB1/DMAC2L/NDUFA3/NDUFA2/NDUFA11/ATP5MC1/LETMD1/NDUFA12/QPRT/NDUFB1/NDUFA5/PRPSAP2/ACSL4/ADK/ENO1","GO_BP"
"GOBP_EMBRYONIC_ORGAN_DEVELOPMENT","GOBP_EMBRYONIC_ORGAN_DEVELOPMENT",294,-0.420801161966404,-1.50231899419378,0.000258414163260862,0.00389668089748804,0.00288802627483131,2444,"tags=28%, list=19%, signal=23%","EPHA2/WDR19/RBP4/TULP3/POLE/PBX1/TRIOBP/ERCC3/NR2F2/PDGFRA/CDKN1C/SP3/RARB/VASH1/IFT140/DNAJB6/HSF1/PKD1/TAL1/NTN1/TEAD1/MICAL2/BBS7/SETDB2/IFT172/RARA/GREB1L/APLNR/CC2D2A/UTP25/WDR48/IFT122/C2CD3/HEY2/NOTCH2/FRS2/FOXF1/PKD2/TEAD2/SMAD3/CHST11/IGF2/TSHZ1/GATA4/HOXA5/FBXW8/FGFR1/CEBPB/HOXB6/BIRC6/MAFB/PTCH1/MED1/MTHFD1/COBL/KDM2B/MYO7A/ECE1/TGFB1/NDST1/ZFPM1/PROX1/TP53/HIF1A/MEGF8/KCNQ1/PLG/HIPK1/NOTCH1/SUFU/ARNT/FZD5/TGFBR2/EPAS1/SOX18/ENG/PCDH12/MED12/CDH23/KDR/STK4/CITED2/HIPK2","GO_BP"
"GOBP_RESPONSE_TO_NUTRIENT","GOBP_RESPONSE_TO_NUTRIENT",131,-0.504444256836743,-1.63897817983901,0.000260629389579194,0.00391715684535309,0.00290320203004248,2659,"tags=37%, list=21%, signal=30%","NFE2L2/SNW1/NCOA1/MTHFR/NNT/PLD1/AQP3/GPX1/NFKBIZ/SCAP/ABCG8/HLCS/OGT/HSF1/AGL/RARA/F5/ABCB1/EEF2/KANK2/SLC34A1/CYP26B1/GATA4/IGFBP2/RXRA/MAFB/TBXA2R/MED1/BCKDHB/TGFB1/TPCN2/F7/HMGCS2/ASS1/CD4/SNAI2/PPARA/LIPA/MAF/USF2/SLC16A1/ACACB/CSNK1A1/ABCA1/RELA/CYBB/FOLR2/NCOA3/VCAM1","GO_BP"
"GOBP_NEGATIVE_REGULATION_OF_VASCULAR_PERMEABILITY","GOBP_NEGATIVE_REGULATION_OF_VASCULAR_PERMEABILITY",16,-0.841695512222606,-1.90486189338974,0.000267902366612575,0.00401326528869789,0.00297443283310666,1200,"tags=31%, list=9%, signal=28%","FERMT2/ARHGAP35/PTPRJ/PDE2A/AKAP12","GO_BP"
"GOBP_MITOCHONDRIAL_TRANSMEMBRANE_TRANSPORT","GOBP_MITOCHONDRIAL_TRANSMEMBRANE_TRANSPORT",89,0.557822547366592,1.74121288622265,0.000269759600274819,0.00402788109037794,0.00298526533912657,3001,"tags=37%, list=24%, signal=29%","TIMM17A/TOMM7/TIMM23/MPC2/SLC25A33/SFXN4/TOMM40L/MAIP1/TIMM17B/MICU2/HSP90AA1/SLC25A3/SLC25A28/MCUR1/TST/PMPCB/MRPL18/MPC1/PAM16/PSEN2/DNAJC15/SMDT1/SLC25A26/SFXN5/SLC39A8/SLC25A39/SLC25A29/MCU/CCDC51/TOMM20/TOMM40/MCUB/SLC25A4","GO_BP"
"GOBP_REGULATION_OF_NERVOUS_SYSTEM_DEVELOPMENT","GOBP_REGULATION_OF_NERVOUS_SYSTEM_DEVELOPMENT",313,-0.416428780061097,-1.49324882444699,0.000276272910543024,0.00411169683475921,0.00304738540448108,1371,"tags=18%, list=11%, signal=17%","PER2/ZNF335/CXCL12/SRRT/FIG4/MAN2A1/TNFRSF21/FBXW8/ITGB1/ZEB2/UFL1/ARHGAP4/HDAC1/APPL2/NEURL1/QKI/IL6ST/MACF1/MECP2/RELN/TNFRSF1B/TGFB1/PRKCA/DAAM2/NRP1/PLXNB1/SMURF1/CUX2/RAPGEF2/PROX1/TP53/NF2/SEMA5A/HIF1A/PRKCH/LYN/MEGF8/DLL4/CLSTN1/NOTCH1/TRPC5/DUSP10/NF1/SEMA4D/PRKCI/DICER1/EEF2K/KDM1A/TIAM1/SHANK3/PTPRS/SPEN/PLXND1/PLXNB2/RELA/ETV5/SKI","GO_BP"
"GOBP_SEGMENTATION","GOBP_SEGMENTATION",60,-0.617471172683086,-1.7743931684681,0.000287656942787503,0.00426722263505228,0.00316265340036705,1499,"tags=30%, list=12%, signal=27%","FRS2/FOXF1/SMAD3/ZEB2/PLXNA2/PRKDC/MAFB/SMAD4/COBL/NRP1/TP53/NOTCH1/NRARP/FZD5/EP300/MED12/BASP1/NRP2","GO_BP"
"GOBP_REGULATION_OF_CHEMOTAXIS","GOBP_REGULATION_OF_CHEMOTAXIS",156,-0.477854975287383,-1.5881927698469,0.000300586503343377,0.00444459460768896,0.00329411269376816,1432,"tags=25%, list=11%, signal=22%","NEDD9/RAC2/SMAD3/CXCL12/CSF1/S1PR1/FGFR1/PTK2/MET/RIN3/PTK2B/TGFB1/SPI1/WNK1/NRP1/CORO1B/F7/C3AR1/PTPRO/SEMA5A/LYN/MEGF8/SUCNR1/NCKAP1L/C5/APP/IL16/NOTCH1/ANGPT2/EFNB2/PTPRJ/NOVA2/P2RY12/YTHDF1/CCR1/CMKLR1/KDR/CSF1R/LGMN","GO_BP"
"GOBP_NEGATIVE_REGULATION_OF_SMALL_GTPASE_MEDIATED_SIGNAL_TRANSDUCTION","GOBP_NEGATIVE_REGULATION_OF_SMALL_GTPASE_MEDIATED_SIGNAL_TRANSDUCTION",56,-0.630455316249491,-1.78979694091974,0.000304898235948041,0.00449380658079548,0.0033305861631404,1225,"tags=36%, list=10%, signal=32%","SH3BP1/GIT1/ITGB1/GMIP/ARHGAP17/HEG1/MET/KCTD10/ARHGAP45/KANK1/CGNL1/WNK1/ARHGAP42/RASA3/ARHGAP35/ARHGAP25/NF1/RASIP1/RIPOR1/DLC1","GO_BP"
"GOBP_ANTERIOR_POSTERIOR_PATTERN_SPECIFICATION","GOBP_ANTERIOR_POSTERIOR_PATTERN_SPECIFICATION",122,-0.51672262455154,-1.66654930443575,0.000309688504052955,0.00454973239555612,0.0033720355983698,1596,"tags=23%, list=12%, signal=20%","HEY2/FRS2/FOXF1/SMAD3/ACVR2A/TSHZ1/GATA4/HOXA5/ZEB2/PLXNA2/PRKDC/HOXB6/SMAD4/COBL/KDM2B/LDB1/TP53/HIPK1/NOTCH1/CRKL/NRARP/FZD5/LRP5/EP300/MED12/BASP1/HIPK2/SKI","GO_BP"
"GOBP_CELL_MIGRATION_INVOLVED_IN_HEART_DEVELOPMENT","GOBP_CELL_MIGRATION_INVOLVED_IN_HEART_DEVELOPMENT",14,-0.843568558343485,-1.84485072562791,0.000320174941494781,0.00468871572977454,0.00347504314031279,582,"tags=29%, list=5%, signal=27%","SNAI2/NOTCH1/ENG/DCHS1","GO_BP"
"GOBP_CARDIAC_VENTRICLE_MORPHOGENESIS","GOBP_CARDIAC_VENTRICLE_MORPHOGENESIS",48,-0.662329443066922,-1.85788395948771,0.000321408756298229,0.00469174634992527,0.00347728928539231,1596,"tags=33%, list=12%, signal=29%","HEY2/FOXF1/GATA4/HEG1/MED1/SMAD4/TGFB1/PROX1/HIF1A/DLL4/NOTCH1/TGFBR2/BMP10/TGFBR3/ENG/UBE4B","GO_BP"
"GOBP_REGULATION_OF_VESICLE_MEDIATED_TRANSPORT","GOBP_REGULATION_OF_VESICLE_MEDIATED_TRANSPORT",436,-0.380649116340194,-1.40898538865796,0.000323264519422147,0.00470380760904392,0.00348622849138803,2546,"tags=29%, list=20%, signal=24%","CADPS2/WDR44/RUBCN/LRPAP1/BMP2K/PRKD1/PLD1/CBLB/NUMB/CYBA/VPS11/RAB11FIP3/RAB11A/CD22/DOC2B/NEU3/CLASP2/IL4R/FCGR2A/C4B/TBC1D4/SRC/C3/RUFY2/BAIAP3/CD84/MCTP1/FCN3/CD36/VPS4B/IL13RA2/ITGB3/DNAJC5/AP2A1/APPL1/BRAF/PACSIN3/VAMP4/SYK/APLNR/PLCG2/PRKCB/ANKFY1/VSNL1/GAB2/EHD1/TFR2/ABCA2/STXBP1/GIT1/SNX9/IL15RA/HGS/FOXF1/RAB31/LILRB1/AP1G1/RAC2/DGKD/PTPRC/RAB11B/CNN2/MERTK/ZFYVE16/APPL2/RPH3AL/ARRB1/GAS1/BSN/RIN3/RAB3D/SIRPB1/ACTB/CBLL1/STX1B/CD300A/TGFB1/PRKCA/SPI1/NRP1/IL2RB/TPCN2/PRKACA/USP7/NF2/WASL/DNAJC13/LYN/RAB7A/RUFY1/NCKAP1L/APP/PTPN1/BTBD9/SMCR8/PTPN23/MYLK/ABL1/NOTCH1/CBL/EFNB2/TSC2/HIP1/FCN2/HCK/DAB2/ANKRD13A/MTMR4/PTPRJ/C2CD5/FCER1G/PRKAA1/RAP1B/ITSN1/MYO18A/EEF2K/LRP1/ARHGAP1/TBC1D5/CLASP1/DOCK2/ATP13A2/DYSF/AXL/CFP","GO_BP"
"GOBP_B_CELL_RECEPTOR_SIGNALING_PATHWAY","GOBP_B_CELL_RECEPTOR_SIGNALING_PATHWAY",51,-0.63503571787002,-1.79606556087369,0.000329016064139608,0.00477229967318688,0.00353699140630616,2891,"tags=55%, list=23%, signal=43%","CD79B/KLHL6/MEF2C/MAPK1/GCSAM/CMTM3/CD22/PLCL2/NFKBIZ/FCMR/SLC39A10/SYK/PLCG2/PRKCB/BLK/PTPRC/PTPN6/SH2B2/CD300A/SOS1/PRKCH/LYN/NCKAP1L/ABL1/VAV3/PIK3CD/NFAM1/CD38","GO_BP"
"GOBP_SYNAPSE_ASSEMBLY","GOBP_SYNAPSE_ASSEMBLY",171,-0.466727778757647,-1.5701808403376,0.000333893285492317,0.00482028387911989,0.00357255491565094,2154,"tags=29%, list=17%, signal=25%","SENP1/LRP4/OGT/CYFIP2/IL1RAP/DOCK4/LRFN3/NTN1/PDLIM5/PLXNA1/ZDHHC8/DLG5/ARHGEF15/SRGAP2/LATS1/DOCK1/ELFN1/FARP1/FGFR1/PLXNA2/NEURL1/DOCK10/BSN/ABI3/UBE3B/MECP2/NCKIPSD/PTK2B/RELN/PRKCA/PLXNB1/CUX2/GPM6A/CLSTN1/APP/PTPN1/ABL1/EFNB2/CRKL/ELMO1/SEMA4D/FZD5/EEF2K/SHANK3/PTPRS/LRRC4/SPTBN2/PLXND1/PLXNB2/CDH2","GO_BP"
"GOBP_TELENCEPHALON_DEVELOPMENT","GOBP_TELENCEPHALON_DEVELOPMENT",202,-0.454031016053312,-1.56008980893083,0.000334434228426571,0.00482028387911989,0.00357255491565094,2613,"tags=28%, list=20%, signal=23%","NCOA1/PLXNA4/EGFR/CDON/NDEL1/NUMB/EZH1/DISC1/PHLPP2/OGDH/RARB/BBS2/ROBO1/SRD5A1/CEP120/RTN4RL2/FEZ1/RARA/PALS1/VPS13B/SUN2/SZT2/TSC1/ATP2B4/KDM6B/SRGAP2/CXCL12/GART/XAB2/FAT4/ZEB2/ZSWIM6/HDAC1/KDM2B/GSK3B/RELN/HERC1/YWHAE/PROX1/NF2/HIF1A/ZMIZ1/SUN1/ATP1B2/CRKL/SEMA6B/NF1/SYNE2/KIF26A/MYH10/P2RY12/KDM1A/SHANK3/PTPRS/CDH2/CSF1R/SKI","GO_BP"
"GOBP_REGULATION_OF_VASOCONSTRICTION","GOBP_REGULATION_OF_VASOCONSTRICTION",45,-0.66693511331755,-1.84727896517634,0.000343272971029031,0.00493212014035108,0.0036554423958967,2036,"tags=38%, list=16%, signal=32%","DOCK4/BMPR2/F2R/PER2/ADRA1B/KCNMB4/ITGB1/ITGA9/TBXA2R/ECE1/ACE/ADD3/HRH1/ARHGAP42/ABL1/TBXAS1/CD38","GO_BP"
"GOBP_HEART_VALVE_MORPHOGENESIS","GOBP_HEART_VALVE_MORPHOGENESIS",54,-0.63775724412289,-1.82100928378195,0.000353780742529169,0.00506124968341137,0.00375114679741839,1596,"tags=37%, list=12%, signal=33%","ROBO1/ADAMTS9/BMPR2/HEY2/NOTCH2/TIE1/GATA4/OLFM1/SMAD4/TGFB1/ZFPM1/SMAD6/DLL4/SNAI2/ROCK2/NOTCH1/TGFBR2/NOS3/FGFRL1/DCHS1","GO_BP"
"GOBP_VENTRICULAR_CARDIAC_MUSCLE_TISSUE_DEVELOPMENT","GOBP_VENTRICULAR_CARDIAC_MUSCLE_TISSUE_DEVELOPMENT",40,-0.67149566388546,-1.80483978449779,0.000354475793103883,0.00506124968341137,0.00375114679741839,1596,"tags=32%, list=12%, signal=29%","HEY2/ZMPSTE24/HEG1/MED1/SMAD4/TGFB1/PROX1/DLL4/NOTCH1/BMP10/TGFBR3/ENG/UBE4B","GO_BP"
"GOBP_ENDOCARDIUM_DEVELOPMENT","GOBP_ENDOCARDIUM_DEVELOPMENT",11,-0.885528654168604,-1.84312975316282,0.000358468152845205,0.00510230838115185,0.00378157746418438,952,"tags=55%, list=7%, signal=51%","SMAD4/PROX1/NOTCH1/SOX18/KDR/STK4","GO_BP"
"GOBP_VASCULAR_ENDOTHELIAL_GROWTH_FACTOR_RECEPTOR_SIGNALING_PATHWAY","GOBP_VASCULAR_ENDOTHELIAL_GROWTH_FACTOR_RECEPTOR_SIGNALING_PATHWAY",50,-0.643560569496971,-1.80646567342847,0.00036035046507316,0.00511317166123996,0.00378962878764418,2121,"tags=44%, list=17%, signal=37%","ROBO1/ITGB3/HIF1AN/FYN/PRKCB/FZD4/PAK2/HGS/PTK2/GRB10/PTK2B/NRP1/MMRN2/HIF1A/MMRN1/PTPN1/ARNT/KDR/AXL/FLT1/VAV1/FLT4","GO_BP"
"GOBP_MAINTENANCE_OF_CELL_NUMBER","GOBP_MAINTENANCE_OF_CELL_NUMBER",158,-0.478230754125279,-1.59285298756212,0.000366581629555693,0.00518548441312682,0.00384322340648742,2022,"tags=23%, list=16%, signal=20%","SS18/TRIM8/TAL1/BRAF/MED15/IGF1/SELENON/SMARCB1/MED24/BCL9/SRRT/MED28/SAP130/DDX6/ZHX2/HDAC1/SMC5/SMARCA2/MED14/ACTB/KDM2B/SPI1/NR5A2/ING1/PROX1/LDB1/NOTCH1/CNOT1/BCL9L/BICRAL/LRP5/MED12/CDH2/SIN3A/LDB2/NCOA3/SKI","GO_BP"
"GOBP_CD4_POSITIVE_ALPHA_BETA_T_CELL_ACTIVATION","GOBP_CD4_POSITIVE_ALPHA_BETA_T_CELL_ACTIVATION",105,-0.540200253274913,-1.70189853552986,0.00036919599452467,0.00519032768917913,0.00384681300205948,3096,"tags=40%, list=24%, signal=31%","TOX/ENTPD7/HLA-DRA/VSIR/SOCS1/IL6R/STAT3/HLX/RC3H2/NLRP3/BRD4/CBLB/RUNX1/IL4R/NFKBIZ/OPA1/STAT5A/RSAD2/PTGER4/SASH3/IL12RB1/RARA/BRAF/TBX21/PIK3R1/CD55/RORA/ATP7A/CD274/LOXL3/CD86/CEBPB/IL6ST/ITCH/ZFPM1/CBFB/GPR65/CTSL/NCKAP1L/TGFBR2/JAK1/EP300","GO_BP"
"GOBP_NEURON_PROJECTION_EXTENSION","GOBP_NEURON_PROJECTION_EXTENSION",122,-0.513238025882203,-1.65531067230955,0.000368460544336374,0.00519032768917913,0.00384681300205948,2463,"tags=33%, list=19%, signal=27%","NDEL1/ITGA4/ULK1/DISC1/CLASP2/LIMK1/ADCY10/FN1/AUTS2/SEMA5B/CYFIP2/DNM2/NTN1/BMPR2/CTTN/PLXNA1/SPG11/TNN/CXCL12/ITGB1/ARHGAP4/USP9X/NRN1/OLFM1/MACF1/GSK3B/NRP1/SMURF1/RAPH1/SLC23A2/SEMA5A/MEGF8/ABL1/TRPC5/SPAG9/PTPRS/CYFIP1/SIN3A/IQGAP1/NRP2","GO_BP"
"GOBP_L_AMINO_ACID_TRANSPORT","GOBP_L_AMINO_ACID_TRANSPORT",68,-0.587298655567382,-1.71735170067712,0.000372093046419739,0.00521500959844107,0.00386510600688505,2773,"tags=34%, list=22%, signal=27%","RAB3GAP1/SLC25A15/UCP2/LLGL2/SLC38A3/SLC25A13/SLC25A12/SLC47A1/SLC36A1/STXBP1/SLC1A5/SEPTIN2/PER2/ITGB1/SLC38A4/SLC43A2/TTYH2/SLC7A2/SLC7A7/NF1/SERINC3/KCNJ10/SLC7A8","GO_BP"
"GOBP_BONE_REMODELING","GOBP_BONE_REMODELING",67,-0.598172161408489,-1.75009878556972,0.00038206897020555,0.00533844992314727,0.00395659384243121,1805,"tags=36%, list=14%, signal=31%","SYK/PTH1R/TPP1/NOTCH2/PLEKHM1/LTBP3/RAC2/S1PR1/LEPR/RASSF2/RAB3D/UBASH3B/PTK2B/TRAF6/PRKCA/HERC1/RAB7A/LRRK1/GPR137B/NF1/LRP5/INPP5D/CD38/CSF1R","GO_BP"
"GOBP_MITOTIC_CELL_CYCLE_CHECKPOINT_SIGNALING","GOBP_MITOTIC_CELL_CYCLE_CHECKPOINT_SIGNALING",112,0.519572138534098,1.66243173742511,0.000387315821331441,0.00539526215751023,0.00399870024782813,1121,"tags=20%, list=9%, signal=18%","PRAP1/RPS27L/TRIAP1/BABAM1/TRIM39/PSMG2/DONSON/CDC20/BIRC5/DUSP1/MAD2L1/CCNB1/SYF2/CDK1/RBBP8/NDC80/CDKN1A/LCMT1/MAD2L1BP/ANAPC15/NAE1/CDK5RAP3","GO_BP"
"GOBP_OLFACTORY_LOBE_DEVELOPMENT","GOBP_OLFACTORY_LOBE_DEVELOPMENT",25,-0.758853318811821,-1.86550214935748,0.000397730207186989,0.00552349336363937,0.00409373884665028,47,"tags=16%, list=0%, signal=16%","OGDH/ROBO1/CSF1R/SKI","GO_BP"
"GOBP_MYELOID_LEUKOCYTE_ACTIVATION","GOBP_MYELOID_LEUKOCYTE_ACTIVATION",183,-0.473965148311479,-1.61165446929011,0.000401707509258859,0.0055618230600113,0.00412214691319219,1805,"tags=27%, list=14%, signal=24%","SYK/PLCG2/PIK3CG/GAB2/CXCR2/STXBP1/NOTCH2/SLC18A2/RORA/FOXF1/C1QA/RAC2/PTPRC/CSF1/PTPN6/SBNO2/IL33/CAMK4/TLR6/CD300A/TRAF6/LILRA2/TGFB1/SPI1/VAMP3/CD33/TLR1/PJA2/LYN/SUCNR1/APP/IL16/TLR4/CBL/SNX6/ADAM9/PIK3CD/GPR137B/TGFBR2/FCER1G/CD93/MYO18A/PREX1/ADGRF5/DNASE1L3/DOCK2/FCGR3A/LCP2/VSIG4/DYSF","GO_BP"
"GOBP_NEGATIVE_REGULATION_OF_MITOTIC_CELL_CYCLE_PHASE_TRANSITION","GOBP_NEGATIVE_REGULATION_OF_MITOTIC_CELL_CYCLE_PHASE_TRANSITION",146,0.482105107617612,1.61537422520956,0.000404492863073412,0.00558346794979583,0.00413818903007526,2432,"tags=29%, list=19%, signal=24%","PRAP1/RPS27L/TRIAP1/BABAM1/TRIM39/BRD7/JADE1/PSMG2/AVEN/DONSON/CDC20/BIRC5/DUSP1/MAD2L1/CCNB1/SYF2/CDK1/RBBP8/NDC80/CDKN1A/LCMT1/MAD2L1BP/ANAPC15/NAE1/CDK5RAP3/CHEK1/PLK1/CCL2/BTN2A2/CDC6/EZH2/DTL/ZNF830/RGCC/VPS4A/INHBA/TPRA1/KNL1/ZWINT/CDKN2D/CDCA8/INIP","GO_BP"
"GOBP_REGULATION_OF_CELL_KILLING","GOBP_REGULATION_OF_CELL_KILLING",70,-0.582577595638906,-1.71784627267368,0.000406102750435625,0.00558880562271196,0.0041421450480387,2133,"tags=31%, list=17%, signal=26%","STAT5A/CD226/IL12RB1/RIPK3/STAT5B/CD55/LILRB1/AP1G1/PTPRC/HLA-E/LAG3/ICAM1/TGFB1/SPI1/SERPINB9/NCKAP1L/PRF1/DNASE1L3/INPP5D/VAV1/CD5L/CR1","GO_BP"
"GOBP_NEGATIVE_REGULATION_OF_MACROPHAGE_DERIVED_FOAM_CELL_DIFFERENTIATION","GOBP_NEGATIVE_REGULATION_OF_MACROPHAGE_DERIVED_FOAM_CELL_DIFFERENTIATION",12,-0.871552407032184,-1.85034945747223,0.000412028343710294,0.00562524206481981,0.00416914992858632,544,"tags=42%, list=4%, signal=40%","ITGB3/PPARA/ABCG1/ABCA1/CETP","GO_BP"
"GOBP_T_CELL_MEDIATED_IMMUNITY","GOBP_T_CELL_MEDIATED_IMMUNITY",101,-0.536082287042387,-1.68600038331679,0.000412028343710294,0.00562524206481981,0.00416914992858632,2127,"tags=26%, list=17%, signal=22%","CTSC/RSAD2/SASH3/IL12RB1/TBX21/RIPK3/CD55/CD274/LILRB1/CD7/PTPRC/HLA-E/FBXO38/ICAM1/WAS/UFL1/SECTM1/TNFRSF1B/TRAF6/UNC93B1/NCKAP1L/PRF1/FZD5/PRKAA1/CLEC4G/CR1","GO_BP"
"GOBP_RIBOSE_PHOSPHATE_BIOSYNTHETIC_PROCESS","GOBP_RIBOSE_PHOSPHATE_BIOSYNTHETIC_PROCESS",151,0.473474777502429,1.58852966198626,0.000412443880874291,0.00562524206481981,0.00416914992858632,1977,"tags=30%, list=15%, signal=26%","NDUFB8/ATP5PB/ATP5MJ/ATP5MG/NDUFA8/TREM2/NDUFB6/SDHD/NDUFB5/ATP5MC2/NDUFA1/AK2/NDUFS5/ATP5PO/AK1/ATP5ME/NDUFC1/NDUFS3/NME1/NDUFB3/NME6/NDUFB2/ATP5F1E/ATP5MK/NDUFA9/ATP5IF1/ATP5F1C/NDUFB9/ATP5PF/NDUFS4/COX11/NDUFAB1/UPP2/DMAC2L/NDUFA3/NDUFA2/CMPK1/NDUFA11/ATP5MC1/LETMD1/NDUFA12/NDUFB1/NDUFA5/PRPSAP2/ADK/ENO1","GO_BP"
"GOBP_MUSCLE_CELL_DIFFERENTIATION","GOBP_MUSCLE_CELL_DIFFERENTIATION",299,-0.411993501961284,-1.47130423556465,0.000421549791034339,0.00573232439058302,0.00424851402806224,1915,"tags=25%, list=15%, signal=22%","BMPR2/RARA/PDLIM5/LAMC1/MEF2A/IGF1/SELENON/GREB1L/TNPO2/APLNR/AKAP6/HDAC5/BCL9/EHD1/TSC1/SYNE1/CD9/SPG11/HEY2/NOTCH2/CYP26B1/ACTN4/PIAS1/RORA/FRS2/FOXF1/KDM6B/IGF2/ZMPSTE24/MED28/GATA4/DOCK1/ITGB1/FLII/HNRNPU/WDR1/HDAC1/ATP11A/CTCF/QKI/IGFBP5/SUPT6H/SMAD4/CDK9/PDCD4/MECP2/TGFB1/PLD3/PROX1/ACTN1/AKAP13/MYH9/NID1/NOTCH4/HDAC9/PTBP1/MAML1/PPARA/PIEZO1/NOTCH1/EFNB2/TMOD3/PLEC/SPAG9/BMP10/MYH10/KDM1A/ENG/DOCK2/HDAC4/SLC8A1/CDH2/PRKAR1A/SKI","GO_BP"
"GOBP_POSITIVE_REGULATION_OF_RESPONSE_TO_BIOTIC_STIMULUS","GOBP_POSITIVE_REGULATION_OF_RESPONSE_TO_BIOTIC_STIMULUS",354,-0.397459860519694,-1.44574263156799,0.000425253119998351,0.0057655237545177,0.00427311974710197,2275,"tags=23%, list=18%, signal=19%","SRC/NFKBIZ/CACTIN/IKBKB/FCN3/CD36/STAT5A/OGT/RSAD2/CD226/NLRC4/CARD9/MIF/APPL1/GBP5/SYK/PIK3R1/FLOT2/FYN/PLCG2/STAT5B/DDX3X/EPG5/POLR3B/RNF135/PAK2/CD274/AP1G1/AARS2/HLA-E/LATS1/LATS2/LAG3/FBXO38/PRKDC/APPL2/NONO/TLR6/MED1/ITCH/TRIM3/PARP1/CD300A/TRAF6/LILRA2/PRKCA/SPI1/YWHAE/TAB1/TLR8/MEFV/PELI1/MMRN2/UNC93B1/TLR1/PJA2/SLC15A2/LYN/APP/TLR4/FCN2/HCK/RNF144A/IRAK3/PRKAA1/RASGRP4/CSNK1A1/CD180/EP300/PTPRS/LSM14A/LRCH4/BMP6/SASH1/CREBBP/RELA/SIN3A/SCIMP/VAV1/SEC14L1","GO_BP"
"GOBP_POSITIVE_REGULATION_OF_IMMUNE_EFFECTOR_PROCESS","GOBP_POSITIVE_REGULATION_OF_IMMUNE_EFFECTOR_PROCESS",200,-0.456731517861072,-1.56936500583473,0.000433480658908392,0.00585968381820249,0.00434290650796729,2712,"tags=34%, list=21%, signal=27%","ENPP3/NLRP3/ITGAM/FER/PGC/BRD4/RIF1/GALNT2/CD74/RBP4/IL4R/NFKBIZ/C3/FCN3/CD36/OPA1/STAT5A/RSAD2/CD226/PCK1/SASH3/CARD9/IL12RB1/MIF/RARA/TBX21/SYK/PLCG2/STAT5B/PANX1/GAB2/HK1/STXBP1/CD55/LILRB1/AP1G1/CD7/PTPRC/HLA-E/PTPN6/LAG3/FBXO38/CD86/IL33/CAMK4/APPL2/LAPTM5/SECTM1/CD300A/TRAF6/TGFB1/SPI1/PMS2/VAMP3/GPR65/TLR4/FCN2/FZD5/FCER1G/PRKAA1/RASGRP4/CD244/MYO18A/EP300/SCIMP/VAV1/CFP/CR1","GO_BP"
"GOBP_RNA_SPLICING","GOBP_RNA_SPLICING",413,0.379405612900983,1.40498021341364,0.000439635556702223,0.00592535356511049,0.00439157766157755,2244,"tags=26%, list=18%, signal=22%","RPS26/TAF15/UBL5/RRAGC/SNRNP35/SF3B6/LSM6/RBMX2/ZBTB8OS/SNRPF/LSM5/SNRPD2/RTRAF/HNRNPUL2/FRG1/TAF9/LSM8/SRSF3/PHF5A/SRSF8/RPS13/BUD31/BCAS2/ZCRB1/LARP7/C9orf78/PPIL1/SNRPB/HNRNPH2/CD2BP2/ZMAT2/CWF19L2/SYF2/UPF3B/GEMIN7/SREK1/SNRPB2/SNRPA1/SRSF11/PCBP4/TSEN15/LGALS3/TSSC4/SF3B5/CWC15/LUC7L3/HTATSF1/ZC3H13/DDX39A/WBP4/NSRP1/FAM98B/ENY2/PDCD7/MAGOHB/SNRPE/RBM25/PPIH/NCBP2/DDX1/HNRNPF/CWC25/ZRSR2/CIR1/THOC7/LSM2/UPF3A/LSM1/SLU7/FRA10AC1/PPIG/RBM6/ISY1/LSM4/PRPF38B/MPHOSPH10/SAP18/SRSF10/PPP1R8/RNPC3/RP9/THUMPD2/CWC27/RSRC1/LSM7/PRKRIP1/PRPF40A/DDX46/RBM3/ZPR1/HNRNPC/GEMIN6/PRDX6/ZNF830/RTCB/PRPF38A/DCPS/NOL3/GEMIN2/RBM4/ARMC7/USB1/CLNS1A/THOC2/SRSF7/PSIP1/PRPF6","GO_BP"
"GOBP_EMBRYONIC_EPITHELIAL_TUBE_FORMATION","GOBP_EMBRYONIC_EPITHELIAL_TUBE_FORMATION",96,-0.541959238498846,-1.68187035290253,0.000442444123375563,0.00594566823442044,0.0044066338851368,1927,"tags=27%, list=15%, signal=23%","IFT172/RARA/NUP50/CC2D2A/TSC1/IFT122/TEAD2/ZEB2/PTCH1/MTHFD1/COBL/KDM2B/TRAF6/TGFB1/PRKACA/HIF1A/ABL1/ARHGAP35/SUFU/TSC2/MED12/PLXNB2/DLC1/STK4/CITED2/SKI","GO_BP"
"GOBP_ENDOTHELIAL_CELL_DEVELOPMENT","GOBP_ENDOTHELIAL_CELL_DEVELOPMENT",66,-0.600393919662988,-1.75170500201686,0.000445230086314032,0.00596556089257717,0.00442137733499689,1221,"tags=32%, list=10%, signal=29%","ICAM1/CLIC4/TJP1/HEG1/MET/PECAM1/RAPGEF2/AMOTL2/NOTCH4/PPP1R16B/ROCK2/TNFRSF1A/MARVELD2/RAP1B/RAPGEF1/SOX18/PTPRS/ROBO4/TJP2/PDE2A/CDH5","GO_BP"
"GOBP_VENTRICULAR_SEPTUM_MORPHOGENESIS","GOBP_VENTRICULAR_SEPTUM_MORPHOGENESIS",37,-0.684989871961118,-1.82233263057381,0.000451681180758777,0.00602835373854015,0.00446791627256538,952,"tags=35%, list=7%, signal=33%","ROBO1/BMPR2/APLNR/HEY2/SMAD4/ZFPM1/PROX1/NOTCH1/TGFBR2/TGFBR3/NOS3/FGFRL1/CITED2","GO_BP"
"GOBP_RIBOSOME_ASSEMBLY","GOBP_RIBOSOME_ASSEMBLY",57,0.608090081230788,1.76490905640594,0.000452555336467339,0.00602835373854015,0.00446791627256538,1912,"tags=37%, list=15%, signal=31%","RPS27L/RPS14/EIF1AX/MRTO4/MRPS7/RPS19/NIP7/MTERF3/MPV17L2/RPL11/RPSA/DHX29/RPL24/SBDS/RRP7A/RPF2/BRIX1/RPL5/MRM2/RPS6/ERAL1","GO_BP"
"GOBP_STEM_CELL_DEVELOPMENT","GOBP_STEM_CELL_DEVELOPMENT",66,-0.598611563941224,-1.74650481372225,0.000458929355290823,0.00607918795263492,0.00450559206635716,824,"tags=24%, list=6%, signal=23%","PTPRC/ZEB2/NRP1/EFNB1/SEMA5A/HIF1A/MSI2/SNAI2/SEMA4G/SEMA6B/SEMA4D/ENG/CDH2/SEMA6A/CITED2/NRP2","GO_BP"
"GOBP_SKELETAL_SYSTEM_MORPHOGENESIS","GOBP_SKELETAL_SYSTEM_MORPHOGENESIS",136,-0.48963997736618,-1.59584215927247,0.000459032576856872,0.00607918795263492,0.00450559206635716,2491,"tags=26%, list=20%, signal=22%","TRIP11/WDR19/TULP3/THRA/PDGFRA/RARB/IFT140/NPR2/PKD1/BMPR2/RARA/WDR48/CHAD/CYP26B1/LTBP3/SMAD3/CHST11/FGFR3/ZMPSTE24/HOXA5/FGFR1/HOXB6/MTHFD1/TGFB1/WWOX/NDST1/MEGF8/SOX5/TGFBR2/LRP5/MED12/BMP6/GLG1/RFLNB/CITED2/SKI","GO_BP"
"GOBP_MITOCHONDRIAL_ELECTRON_TRANSPORT_UBIQUINOL_TO_CYTOCHROME_C","GOBP_MITOCHONDRIAL_ELECTRON_TRANSPORT_UBIQUINOL_TO_CYTOCHROME_C",12,0.868884531699097,1.83678817303522,0.000462565064632482,0.00610049291209513,0.00452138224377326,591,"tags=50%, list=5%, signal=48%","UQCRFS1/CYCS/UQCRH/UQCRB/UQCR11/UQCRQ","GO_BP"
"GOBP_BONE_DEVELOPMENT","GOBP_BONE_DEVELOPMENT",162,-0.47063772199463,-1.57363233516145,0.000464646866581113,0.00610049291209513,0.00452138224377326,2275,"tags=26%, list=18%, signal=22%","SRC/SLC10A7/RARB/NPR2/SRD5A1/PTGER4/IFT172/BMPR2/RARA/IGF1/CHAD/NOTCH2/CYP26B1/LTBP3/TNN/LILRB1/FGFR3/PTPRC/ZMPSTE24/ADAMTS7/LEPR/GNAS/TGFB1/PLXNB1/DDR2/TP53/AKAP13/SH3PXD2B/AMER1/MEGF8/LIPA/LRRK1/SEMA4D/TGFBR2/LRP5/BMP6/GLG1/KDR/RFLNB/DCHS1/CITED2/SKI","GO_BP"
"GOBP_CELLULAR_RESPONSE_TO_INSULIN_STIMULUS","GOBP_CELLULAR_RESPONSE_TO_INSULIN_STIMULUS",186,-0.458442578018018,-1.56515956893538,0.000464266378093897,0.00610049291209513,0.00452138224377326,3029,"tags=42%, list=24%, signal=32%","PDK4/YWHAG/SOCS1/CUL3/SNX5/ZNF106/SIRT1/PTPRE/PIP4K2B/FOXO4/BLVRB/PIK3CA/ZFP36L1/UCP2/PIK3C2A/NCOA1/MAPK1/FER/NDEL1/SYAP1/SESN3/SLC27A1/LONP1/TBC1D4/CFLAR/OSBPL8/OGT/SRD5A1/PIK3R3/PCK1/CUL7/DENND4C/APPL1/WDTC1/IGF1/PIK3R1/PRKCB/HDAC5/APC/RAB31/G6PC1/IGF2/PCK2/FBXW8/GPLD1/NCOA5/PRKDC/APPL2/GRB10/SH2B2/KANK1/PARP1/IGF1R/GSK3B/SOS1/ENPP1/SIK2/NCOA2/ZDHHC7/HMGCS2/IRS1/HDAC9/PTPN1/TNS2/RAB8A/TSC2/PIP4K2A/GAB1/PTPRJ/C2CD5/PRKCI/MTCL2/PRKAA1/SORBS1/EEF2K/ZNF592/RELA/SP1","GO_BP"
"GOBP_REGULATION_OF_ACTIN_FILAMENT_ORGANIZATION","GOBP_REGULATION_OF_ACTIN_FILAMENT_ORGANIZATION",226,-0.444761549904074,-1.54615431736457,0.000468206102006049,0.00612960939846887,0.00454296193682238,1967,"tags=35%, list=15%, signal=30%","GBA2/TGFB3/TRIOBP/TMOD2/LIMK1/MTSS1/PPM1F/CYFIP2/PTGER4/SORBS3/PLEKHG2/BRAF/RAPGEF3/CTTN/ARHGAP18/PIK3R1/KANK2/ALMS1/SH3BP1/TSC1/EVL/SNX9/ARHGEF10L/EPS8/COTL1/PAK2/SPTBN4/ADD1/ESAM/SMAD3/ARHGEF15/NCK2/FHOD1/CXCL12/LATS1/S1PR1/PPFIA1/PLEK/WAS/FLII/FERMT2/TJP1/WDR1/SYNPO2/CDC42EP4/MET/PDXP/KANK1/PTK2B/CGNL1/HCLS1/DAAM2/NRP1/ARFGEF1/CORO1B/SSH3/NF2/ADD3/GPR65/SEMA5A/LIMCH1/NCKAP1L/ROCK2/ABL1/ARHGAP35/TMOD3/SSH1/HCK/CCL24/CYRIA/SPTBN1/PREX1/CLASP1/SHANK3/FCHSD2/SSH2/SPTBN2/CYFIP1/DLC1/ARHGEF18","GO_BP"
"GOBP_REGULATION_OF_LEUKOCYTE_MEDIATED_IMMUNITY","GOBP_REGULATION_OF_LEUKOCYTE_MEDIATED_IMMUNITY",190,-0.459088805803141,-1.5658733080426,0.000471724472521108,0.00615802604271127,0.00456402294165535,2225,"tags=29%, list=17%, signal=24%","C3/CD84/IL13RA2/STAT5A/RSAD2/CD226/SASH3/IL12RB1/TBX21/RIPK3/SYK/PLCG2/STAT5B/GAB2/STXBP1/CD55/FOXF1/CD274/LILRB1/AP1G1/CD7/RAC2/PTPRC/HLA-E/PTPN6/LAG3/FBXO38/ICAM1/WAS/UFL1/CALHM6/CAMK4/PARP3/SUPT6H/SECTM1/CD300A/TNFRSF1B/TRAF6/TGFB1/SPI1/PMS2/SERPINB9/LYN/NCKAP1L/TLR4/FZD5/FCER1G/PRKAA1/RASGRP4/DNASE1L3/INPP5D/SCIMP/CLEC4G/VAV1/CR1","GO_BP"
"GOBP_MUSCLE_ADAPTATION","GOBP_MUSCLE_ADAPTATION",81,-0.574091020507858,-1.74932001802851,0.000476643683135857,0.00620451563603343,0.00459847871839272,2276,"tags=40%, list=18%, signal=33%","CTDP1/CFLAR/ADCY10/KLF15/DAG1/CAMTA2/P2RX4/MEF2A/IGF1/SELENON/APLNR/AKAP6/ATP2B4/HEY2/SMAD3/ARRB1/IGFBP5/IL6ST/PARP1/SMAD4/TNFRSF1B/PRKCA/CAMK2D/PPARA/ROCK2/NOTCH1/TNFRSF1A/BMP10/ACACB/HDAC4/NOS3/HMOX1","GO_BP"
"GOBP_PROTEIN_TARGETING_TO_MITOCHONDRION","GOBP_PROTEIN_TARGETING_TO_MITOCHONDRION",101,0.531835974111917,1.67622553303048,0.000480883885998086,0.00624192748615129,0.00462620652289427,1864,"tags=25%, list=15%, signal=21%","TIMM17A/PARL/TOMM7/UBL5/MTX2/TIMM23/TIMM8B/SAE1/IMMP2L/TOMM40L/TIMM17B/ATG13/HSP90AA1/BCAP31/ATP5IF1/ARIH2/TIMM10/TIMM9/PMPCB/TOMM34/MTCH2/HAX1/HTRA2/PAM16/DNAJC15","GO_BP"
"GOBP_RESPONSE_TO_GROWTH_HORMONE","GOBP_RESPONSE_TO_GROWTH_HORMONE",34,-0.694054787183662,-1.81626671282257,0.000485552653879835,0.00626692111744906,0.00464473056060491,2301,"tags=50%, list=18%, signal=41%","JAK2/STAT5A/SRD5A1/IGF1/PIK3R1/STAT5B/SLC34A1/SOCS2/PTK2/IGFBP5/F7/LYN/HMGCS2/ASS1/PTPN1/JAK1/CPS1","GO_BP"
"GOBP_LEUKOCYTE_MEDIATED_CYTOTOXICITY","GOBP_LEUKOCYTE_MEDIATED_CYTOTOXICITY",106,-0.528605776752533,-1.66891845290316,0.000484209455884046,0.00626692111744906,0.00464473056060491,2133,"tags=26%, list=17%, signal=22%","STAT5A/CTSC/CD226/IL12RB1/RIPK3/PIK3R1/STAT5B/FCGR3B/LYST/LILRB1/AP1G1/PTPRC/PLEKHM2/HLA-E/PTPN6/LAG3/ICAM1/NCF1/TGFB1/SPI1/SERPINB9/NCKAP1L/PRF1/RNF19B/DNASE1L3/FCGR3A/INPP5D/VAV1","GO_BP"
"GOBP_MEMBRANE_INVAGINATION","GOBP_MEMBRANE_INVAGINATION",51,-0.624836999386883,-1.7672206211055,0.000490341141590682,0.006302002543253,0.00467073117039198,1780,"tags=49%, list=14%, signal=42%","C3/CD36/FCHO2/PLCG2/SH3BP1/BIN2/SPIRE1/SNX9/HGS/CLCN3/RAB31/DOCK1/MSR1/APPL2/CD300A/SMURF1/SNX18/MYH9/NCKAP1L/ARHGAP25/ELMO1/FCER1G/ABCA1/TIMD4/MARCO","GO_BP"
"GOBP_NEGATIVE_REGULATION_OF_CYTOSKELETON_ORGANIZATION","GOBP_NEGATIVE_REGULATION_OF_CYTOSKELETON_ORGANIZATION",130,-0.497970286153899,-1.61692723768461,0.00049102930737537,0.006302002543253,0.00467073117039198,1559,"tags=25%, list=12%, signal=22%","EPS8/APC/PAK2/SPTBN4/ADD1/S1PR1/PPFIA1/WAS/FLII/TJP1/MET/KANK1/SMAD4/CGNL1/ARFGEF1/CORO1B/SSH3/ADD3/MAPRE1/TMOD3/SSH1/CCDC88C/ARHGEF2/SPTBN1/DYRK1A/CLASP1/SHANK3/SSH2/SPTBN2/DLC1/ARHGEF18/CDH5","GO_BP"
"GOBP_ACTIN_FILAMENT_BUNDLE_ORGANIZATION","GOBP_ACTIN_FILAMENT_BUNDLE_ORGANIZATION",149,-0.475747177479129,-1.57670302399462,0.000511528721782872,0.00654670792668331,0.00485209464241633,2395,"tags=39%, list=19%, signal=32%","LUZP1/CLASP2/TGFB3/MYO1B/LIMK1/SRC/MTSS1/ZYX/PPM1F/PTGER4/DNM2/LCP1/SORBS3/BRAF/RAPGEF3/PIK3R1/ALMS1/TSC1/EVL/SPIRE1/ARHGEF10L/EPS8/PAK2/ADD1/NEDD9/SMAD3/ARHGEF15/FHOD1/S1PR1/PPFIA1/PLEK/ITGB1/WAS/FERMT2/ZEB2/TJP1/SYNPO2/ESPNL/ARRB1/MET/PDXP/CGNL1/NRP1/ACTN1/CORO1B/NF2/GPR65/LIMCH1/ROCK2/ABL1/SHROOM2/FSCN1/SORBS1/CLASP1/SHANK3/DLC1/RFLNB/ARHGEF18","GO_BP"
"GOBP_NATURAL_KILLER_CELL_MEDIATED_IMMUNITY","GOBP_NATURAL_KILLER_CELL_MEDIATED_IMMUNITY",61,-0.601852992942291,-1.73725837653087,0.000513397911849384,0.00655227670178726,0.00485622194183908,2133,"tags=31%, list=17%, signal=26%","STAT5A/CD226/PIK3R1/STAT5B/LYST/LILRB1/AP1G1/PLEKHM2/HLA-E/PTPN6/LAG3/CALHM6/TGFB1/SERPINB9/RASGRP4/RNF19B/FCGR3A/INPP5D/VAV1","GO_BP"
"GOBP_LYMPHOCYTE_ACTIVATION_INVOLVED_IN_IMMUNE_RESPONSE","GOBP_LYMPHOCYTE_ACTIVATION_INVOLVED_IN_IMMUNE_RESPONSE",177,-0.464699555537902,-1.57241844455299,0.000517521589856207,0.00658650736505016,0.00488159200870083,3092,"tags=39%, list=24%, signal=30%","ADAM10/ENTPD7/TP53BP1/HLA-DRA/TYROBP/IL6R/APBB1IP/DLL1/STAT3/HLX/RC3H2/NLRP3/HAVCR2/BRD4/PCYT1A/RIF1/CD74/LGALS8/IL4R/PLCL2/NFKBIZ/OPA1/STAT5A/PCK1/PTGER4/IL12RB1/LCP1/RARA/PLXNA1/PGLYRP2/TBX21/PIK3R1/PLCG2/ITGAL/MFNG/TSC1/NOTCH2/ST3GAL1/RORA/ATP7A/LILRB1/AP1G1/LOXL3/PTPRC/ICAM1/CD86/PARP3/DOCK10/IL6ST/SUPT6H/PTK2B/TGFB1/SPI1/ZFPM1/PMS2/TP53/GPR65/NCKAP1L/TLR4/ABL1/IRF8/FGL2/FCER1G/CD244/JAK1/CD180/EP300/FCGR3A/CR1","GO_BP"
"GOBP_TRABECULA_MORPHOGENESIS","GOBP_TRABECULA_MORPHOGENESIS",38,-0.669220089270148,-1.78205302115892,0.000526328507196484,0.00661963601255285,0.0049061453162347,1686,"tags=39%, list=13%, signal=34%","CHAD/HEY2/S1PR1/SBNO2/HEG1/MED1/SOS1/DLL4/NOTCH1/SEMA4D/BMP10/TGFBR3/ENG/TEK/UBE4B","GO_BP"
"GOBP_ORGANIC_CATION_TRANSPORT","GOBP_ORGANIC_CATION_TRANSPORT",77,-0.558710925777602,-1.67482337649384,0.000527368682111892,0.00661963601255285,0.0049061453162347,1672,"tags=26%, list=13%, signal=23%","SLC47A1/ABCB1/SLCO1A2/SLC36A1/SLC1A5/SFXN2/SLC6A6/SLC38A4/SLC43A2/SLC7A2/SLC7A7/ACTB/ADORA3/NFE2L1/SLC44A2/ATP13A3/SLC16A9/SERINC3/SEC14L1/SLC7A8","GO_BP"
"GOBP_REGULATION_OF_GTPASE_ACTIVITY","GOBP_REGULATION_OF_GTPASE_ACTIVITY",127,-0.503136565588744,-1.62628665186311,0.000524574302897476,0.00661963601255285,0.0049061453162347,1876,"tags=32%, list=15%, signal=28%","RAPGEF3/USP6NL/SH3BP1/RRP1B/TSC1/TBC1D2/FGD4/SNX9/RIC1/SIPA1L1/SRGAP2/MTSS2/DOCK8/ITGB1/PTK2/SYDE1/MET/DOCK10/DVL3/ALS2/PLXNB1/SNX18/RAPGEF2/ARFGEF1/ARHGAP42/RASGRP2/VAV3/GPR137B/NF1/FGD5/SEMA4D/RASIP1/RALGAPA2/NET1/RAPGEF1/FGD2/RIPOR1/TIAM1/PLXNB2/VAV1/RABGAP1","GO_BP"
"GOBP_CELL_CELL_JUNCTION_ASSEMBLY","GOBP_CELL_CELL_JUNCTION_ASSEMBLY",117,-0.501994081645997,-1.61051726701216,0.000524574302897476,0.00661963601255285,0.0049061453162347,1644,"tags=31%, list=13%, signal=27%","MPDZ/HDAC7/DSG1/APLNR/CD9/DLG5/APC/PAK2/ESAM/PIP5K1C/GPBAR1/TJP1/WDR1/PATJ/PECAM1/ACTB/PRKCA/CLDN23/ACE/PRKACA/PTPRO/PRKCH/OCLN/SNAI2/ROCK2/STRN/HIPK1/TLN1/JUP/FZD5/MARVELD2/FSCN1/CDH2/ACVRL1/EPB41L3/CDH5","GO_BP"
"GOBP_MONOATOMIC_ION_HOMEOSTASIS","GOBP_MONOATOMIC_ION_HOMEOSTASIS",424,-0.381112760059358,-1.40926899636784,0.000522208518881835,0.00661963601255285,0.0049061453162347,2284,"tags=26%, list=18%, signal=22%","TRPM7/ATP5F1B/PLCL2/OSBPL2/DMD/SLC10A7/ANK3/XCR1/SLC25A23/CYP4A11/GPER1/ACO1/ITGB3/CP/CNNM4/SLC41A1/NT5E/DMXL1/TMTC4/LETM1/SLC39A10/DMXL2/F2R/CHERP/ATP13A1/HTT/SELENON/APLNR/PLCG2/PRKCB/COX10/AKAP6/SLC24A1/PACS2/PTH1R/TFR2/ATP2B4/CNNM2/KLHL3/CLCN3/ATP7A/PKD2/ERO1A/PTPRC/CXCL12/PTPN6/MLLT6/SLC12A7/AQP11/FGFR1/CLCC1/CLIC4/STIM1/SLC46A1/FECH/ATP2B2/WNK3/TM9SF4/SMAD4/P2RY6/KCNMA1/UBASH3B/SLC30A10/PTK2B/TGFB1/CAMK2D/YWHAE/WNK1/SLC12A6/TPCN2/PRKACA/CLIC2/ATP7B/DIAPH1/HIF1A/CCL23/LYN/RAB7A/KCNQ1/APP/HVCN1/BTBD9/ABL1/FRRS1/TRPC5/ATP1B2/TMC6/PLCB3/TMEM94/CNNM3/PLCB2/SLC9A9/TBXAS1/EPAS1/CPS1/ATP13A3/TMC8/CCR1/CALM1/ATP13A2/SLC8A1/BMP6/CDH23/NPR1/MT1X/ITPR2/KDR/KCNJ2/HMOX1/KCNJ10/MCOLN1/CDH5","GO_BP"
"GOBP_AMINO_ACID_IMPORT_ACROSS_PLASMA_MEMBRANE","GOBP_AMINO_ACID_IMPORT_ACROSS_PLASMA_MEMBRANE",35,-0.694365037729526,-1.82495304605991,0.000531134944710828,0.0066486453763939,0.00492764561538496,1610,"tags=34%, list=13%, signal=30%","SLC47A1/SLC36A1/SLC1A5/SEPTIN2/PER2/ITGB1/SLC6A6/SLC38A4/SLC43A2/SLC7A2/KCNJ10/SLC7A8","GO_BP"
"GOBP_POSITIVE_REGULATION_OF_GLIOGENESIS","GOBP_POSITIVE_REGULATION_OF_GLIOGENESIS",43,-0.653465121903852,-1.79474156891134,0.000534828221221799,0.00667658508951476,0.00494835314256695,1176,"tags=33%, list=9%, signal=30%","UFL1/HDAC1/QKI/IL6ST/MECP2/TNFRSF1B/TGFB1/PRKCH/LYN/NOTCH1/PRKCI/DICER1/RELA/ETV5","GO_BP"
"GOBP_HEART_PROCESS","GOBP_HEART_PROCESS",163,-0.470532741450181,-1.57160098494034,0.000536928649475814,0.0066845422328474,0.00495425058185486,1846,"tags=29%, list=14%, signal=26%","HCN3/GPX1/THRA/SRC/DMD/KCNJ12/GAA/ADCY10/P2RX4/MEF2A/RPS6KA2/FYN/PIK3CG/TMEM65/ATP2B4/CTNNA3/HEY2/SPTBN4/PDE4B/NUP155/ZMPSTE24/ADRA1B/GATA4/TMIGD3/KCND3/ATP2B2/GNAO1/ABCC9/ADORA3/CAMK2D/YWHAE/ACE/PRKACA/CLIC2/DSC2/KCNQ1/PTPN1/GRK2/ATP1B2/SCN1B/JUP/BMP10/EPAS1/CALM1/EHD3/SLC8A1/NOS3/KCNJ2","GO_BP"
"GOBP_REGULATION_OF_MUSCLE_ADAPTATION","GOBP_REGULATION_OF_MUSCLE_ADAPTATION",65,-0.588488006860126,-1.71524778702468,0.000557517903334239,0.00692200896829929,0.00513024912764945,2276,"tags=42%, list=18%, signal=34%","CTDP1/ADCY10/DAG1/P2RX4/MEF2A/IGF1/SELENON/APLNR/AKAP6/ATP2B4/SMAD3/ARRB1/IGFBP5/IL6ST/PARP1/SMAD4/TNFRSF1B/PRKCA/CAMK2D/PPARA/ROCK2/NOTCH1/TNFRSF1A/BMP10/ACACB/HDAC4/NOS3","GO_BP"
"GOBP_MESENCHYME_MORPHOGENESIS","GOBP_MESENCHYME_MORPHOGENESIS",46,-0.64555958435621,-1.79185967029333,0.000560262259836089,0.00693723107097856,0.00514153099384595,1790,"tags=33%, list=14%, signal=28%","APLNR/HEY2/APC/FOXF1/SMAD3/FGFR1/SMAD4/TGFB1/SNAI2/NOTCH1/TGFBR2/ENG/NOS3/ACVRL1/DCHS1","GO_BP"
"GOBP_NEGATIVE_REGULATION_OF_RESPONSE_TO_EXTERNAL_STIMULUS","GOBP_NEGATIVE_REGULATION_OF_RESPONSE_TO_EXTERNAL_STIMULUS",307,-0.404531957029507,-1.44940465649392,0.000566732867212622,0.00699838505484992,0.0051868552882589,1509,"tags=19%, list=12%, signal=17%","RORA/FOXF1/LILRB1/SMAD3/PTPRC/HLA-E/PTPN6/KREMEN1/FURIN/IL33/ALOX5/CHD8/RIN3/GIGYF2/ITCH/PARP1/FEM1A/GNAS/UBASH3B/TNFRSF1B/CD200R1/LILRA2/TGFB1/NRP1/MEFV/NR5A2/CORO1B/SERPINB9/PTPRO/SEMA5A/LYN/MMRN1/PLG/C5/SIGLEC10/PPARA/NOTCH1/ANGPT2/HCK/DUSP10/TNFRSF1A/ARNT/IRAK3/FGL2/AOAH/PARP14/ELF4/MKRN2/CLASP1/PTPRS/INPP5D/TEK/NOS3/VSIG4/IL10RA/CDH5/CR1","GO_BP"
"GOBP_HEART_GROWTH","GOBP_HEART_GROWTH",66,-0.593791246768852,-1.73244109084696,0.000573630136869716,0.00706446386888877,0.00523582962210208,1859,"tags=32%, list=15%, signal=27%","PDLIM5/IGF1/AKAP6/HEY2/S1PR1/GATA4/FGFR1/HEG1/JARID2/PROX1/DIPK2A/PPARA/ABL1/NOTCH1/BMP10/TGFBR3/ACACB/MYH10/BASP1/PRKAR1A/SKI","GO_BP"
"GOBP_FC_GAMMA_RECEPTOR_SIGNALING_PATHWAY","GOBP_FC_GAMMA_RECEPTOR_SIGNALING_PATHWAY",30,-0.727409588539582,-1.85344563325969,0.000584693568186082,0.00716210432450995,0.00530819587654756,2333,"tags=60%, list=18%, signal=49%","FCGR2A/LIMK1/SRC/APPL1/YES1/SYK/FYN/FCGR3B/PTK2/APPL2/CD33/LYN/ABL1/VAV3/HCK/FCER1G/FCGR3A/VAV1","GO_BP"
"GOBP_ENDOCARDIAL_CUSHION_MORPHOGENESIS","GOBP_ENDOCARDIAL_CUSHION_MORPHOGENESIS",35,-0.693118811375105,-1.8216776729377,0.000584693568186082,0.00716210432450995,0.00530819587654756,1790,"tags=34%, list=14%, signal=30%","APLNR/HEY2/APC/SMAD4/TGFB1/SNAI2/NOTCH1/TGFBR2/ENG/NOS3/ACVRL1/DCHS1","GO_BP"
"GOBP_CONNECTIVE_TISSUE_DEVELOPMENT","GOBP_CONNECTIVE_TISSUE_DEVELOPMENT",221,-0.436414375144262,-1.51232434247656,0.000610998800292614,0.00746431422068704,0.00553217883631111,2341,"tags=26%, list=18%, signal=21%","THRA/CD2AP/CFLAR/ZNF516/RARB/BBS2/ADGRG6/NPR2/ITGB3/PKD1/BMPR2/RARA/GPR4/VPS13B/IGF1/PTH1R/GPR82/LTBP3/ATP7A/SMAD3/CHST11/FGFR3/ZMPSTE24/CSF1/ADAMTS7/HOXA5/GPLD1/PPARGC1A/FGFR1/PARP1/TGFB1/CD44/SPI1/NR5A2/SH3PXD2B/HIF1A/NCOA2/AMER1/HMGCS2/EGR1/SNAI2/SPTLC2/NOTCH1/SOX5/LIPA/MAF/TGFBR2/PRKAA1/BMP10/LRP5/UBB/TBL1XR1/BMP6/GLG1/FTO/RFLNB/ACVRL1","GO_BP"
"GOBP_MUSCLE_ORGAN_DEVELOPMENT","GOBP_MUSCLE_ORGAN_DEVELOPMENT",230,-0.437237671137472,-1.5242241967484,0.000614048234631628,0.00748156369075175,0.00554496328648406,1914,"tags=23%, list=15%, signal=20%","NR1D2/VPS13B/EEF2/MEF2A/IGF1/SELENON/BCL9/FOXN2/SPG11/HEY2/KAT8/CYP26B1/SMAD3/ERO1A/IGF2/FOXK1/S1PR1/MTM1/ITGB1/NEURL1/HEG1/FLNB/MED1/MEF2D/SMAD4/ABCC9/TGFB1/ZFPM1/PROX1/USP19/DLL4/ASS1/EGR1/HDAC9/MYLK/NOTCH1/PLEC/BCL9L/NF1/PRKAA1/ZNF609/BMP10/SMTN/TGFBR3/UTRN/EP300/ENG/BASP1/UBE4B/FGFRL1/CITED2/SKI","GO_BP"
"GOBP_NEGATIVE_REGULATION_OF_EPITHELIAL_CELL_PROLIFERATION","GOBP_NEGATIVE_REGULATION_OF_EPITHELIAL_CELL_PROLIFERATION",107,-0.524849551565028,-1.66383285108306,0.000618737942295247,0.00751865334666751,0.00557245229665121,1186,"tags=20%, list=9%, signal=18%","AQP11/ALOX5/PTCH1/MED1/B4GALT1/PTPRM/TGFB1/MMRN2/DLL4/SNAI2/NOTCH1/EFNB2/DAB2/DUSP10/NF1/TGFBR3/PTPRK/ENG/ACVRL1/STK4/FLT1","GO_BP"
"GOBP_TUBE_CLOSURE","GOBP_TUBE_CLOSURE",76,-0.572799592537567,-1.71338527275887,0.000622435579400597,0.00754352297687355,0.00559088443091365,1927,"tags=30%, list=15%, signal=26%","IFT172/RARA/CC2D2A/TSC1/IFT122/TEAD2/ZEB2/PTCH1/MTHFD1/COBL/KDM2B/TRAF6/TGFB1/PRKACA/ABL1/ARHGAP35/SUFU/TSC2/MED12/PLXNB2/DLC1/CITED2/SKI","GO_BP"
"GOBP_OUTFLOW_TRACT_SEPTUM_MORPHOGENESIS","GOBP_OUTFLOW_TRACT_SEPTUM_MORPHOGENESIS",21,-0.780679641764212,-1.87303269257905,0.000627205613533026,0.0075757890050424,0.00561479840785647,2189,"tags=48%, list=17%, signal=40%","RARB/ROBO1/BMPR2/RARA/SMAD4/NRP1/SMAD6/TGFBR2/ENG/NRP2","GO_BP"
"GOBP_ASYMMETRIC_CELL_DIVISION","GOBP_ASYMMETRIC_CELL_DIVISION",15,-0.813498821492785,-1.81698123275944,0.000628414102191085,0.0075757890050424,0.00561479840785647,473,"tags=20%, list=4%, signal=19%","SOX5/ARHGEF2/ETV5","GO_BP"
"GOBP_NEURAL_PRECURSOR_CELL_PROLIFERATION","GOBP_NEURAL_PRECURSOR_CELL_PROLIFERATION",117,-0.499183557052368,-1.60150043085234,0.000634048158270582,0.00762359482931129,0.00565022970957469,1509,"tags=24%, list=12%, signal=21%","RORA/FRS2/LNX2/ZNF335/HEATR1/ITGB1/ZEB2/NDUFS2/FGFR1/APPL2/TRIM3/KDM2B/TGFB1/PROX1/TP53/NF2/HIF1A/AKNA/LYN/DLL4/NOTCH1/SOX5/NF1/ARHGEF2/KDM1A/PLXNB2/CDH2/RERE","GO_BP"
"GOBP_REGULATION_OF_BODY_FLUID_LEVELS","GOBP_REGULATION_OF_BODY_FLUID_LEVELS",294,-0.409472321940121,-1.46187345104429,0.000636802967413499,0.00763662141236818,0.00565988436571136,2308,"tags=27%, list=18%, signal=23%","KNG1/JAK2/SRC/COPA/PDGFRA/CD36/STAT5A/AKR1B1/CYP4A11/HPS4/ITGB3/ILK/FERMT3/F2R/F5/ABCB1/SYK/APLNR/PLCG2/PIK3CG/STAT5B/ADAMTS13/ZNF385A/CD9/ANGPTL6/STXBP1/SOCS2/TFPI2/DGKD/HK2/PTPN6/PLEK/WAS/MLLT6/F2RL2/MERTK/NEURL1/DGKG/HEG1/WNK3/TBXA2R/MED1/IL6ST/GNAS/ACTB/UBASH3B/PRKCA/WNK1/VAMP3/ACTN1/PRKACA/F8/F7/ATP7B/PTPRO/HIF1A/MYH9/LYN/MMRN1/PLG/RASA3/FLI1/TLR4/ANGPT2/VAV3/CYP4F11/AKAP11/TLN1/PTPRJ/PEAR1/USF2/FCER1G/P2RY12/NPR1/PRLR/TSPAN18/NCOR2/NOS3/AXL/VAV1","GO_BP"
"GOBP_SCHWANN_CELL_DIFFERENTIATION","GOBP_SCHWANN_CELL_DIFFERENTIATION",41,-0.650860323740714,-1.76876060018233,0.000639667970155658,0.00765089778963665,0.00567046530722169,808,"tags=17%, list=6%, signal=16%","SOS1/PLEC/NF1/DICER1/MED12/RELA/SKI","GO_BP"
"GOBP_REGULATION_OF_CHONDROCYTE_DIFFERENTIATION","GOBP_REGULATION_OF_CHONDROCYTE_DIFFERENTIATION",39,-0.661528702005135,-1.76815204262791,0.000649721690708203,0.00775085745390543,0.00574455044388701,1502,"tags=28%, list=12%, signal=25%","LTBP3/SMAD3/ADAMTS7/NR5A2/SNAI2/SOX5/MAF/BMP6/GLG1/RFLNB/ACVRL1","GO_BP"
"GOBP_POSITIVE_REGULATION_OF_EPITHELIAL_TO_MESENCHYMAL_TRANSITION","GOBP_POSITIVE_REGULATION_OF_EPITHELIAL_TO_MESENCHYMAL_TRANSITION",43,-0.64557771235547,-1.77307880327472,0.000676267512185245,0.0080256266575958,0.00594819572576879,1406,"tags=30%, list=11%, signal=27%","SMAD3/FERMT2/PTK2/OLFM1/SMAD4/TGFB1/NOTCH1/DAB2/BCL9L/TGFBR2/KDM1A/TIAM1/ENG","GO_BP"
"GOBP_CELL_MIGRATION_INVOLVED_IN_SPROUTING_ANGIOGENESIS","GOBP_CELL_MIGRATION_INVOLVED_IN_SPROUTING_ANGIOGENESIS",52,-0.618736551640861,-1.75567480399243,0.000675279629405643,0.0080256266575958,0.00594819572576879,1225,"tags=38%, list=10%, signal=35%","ITGB1/GPLD1/TBXA2R/NRP1/CTNND1/MMRN2/SPRED1/EPHB4/MMRN1/AKT3/DLL4/HDAC9/JCAD/ABL1/NOTCH1/EFNB2/TGFBR3/KDR/HMOX1/CDH5","GO_BP"
"GOBP_MUSCLE_CELL_PROLIFERATION","GOBP_MUSCLE_CELL_PROLIFERATION",163,-0.466232977614564,-1.55723957608654,0.000688975709521823,0.00815525911089433,0.00604427285937198,1184,"tags=18%, list=9%, signal=17%","S1PR1/PPARGC1A/FGFR1/PRKDC/HDAC1/SF1/IGFBP5/JARID2/MEF2D/P2RY6/PDCD4/TGFB1/PRKCA/RGS5/DDR2/DIPK2A/SKP2/TLR4/ABL1/NOTCH1/NF1/BMP10/TGFBR3/MYH10/NPR1/NOS3/ERN1/HMOX1/PRKAR1A/SKI","GO_BP"
"GOBP_NEGATIVE_REGULATION_OF_CELL_DEVELOPMENT","GOBP_NEGATIVE_REGULATION_OF_CELL_DEVELOPMENT",190,-0.45386674345582,-1.5480617475357,0.000691551427704574,0.0081645955379385,0.00605119255521723,1140,"tags=18%, list=9%, signal=17%","ARHGAP4/APPL2/QKI/MAFB/UBASH3B/GSK3B/TGFB1/DAAM2/NRP1/ZFPM1/ZBTB46/RAPGEF2/CBFB/PROX1/TP53/NF2/SEMA5A/LYN/SNAI2/TLR4/NOTCH1/TRPC5/DUSP10/NRARP/GPR137B/NF1/FGL2/DICER1/PTPRS/C1QC/INPP5D/RFLNB/CLEC4G/CR1/SKI","GO_BP"
"GOBP_CORONARY_VASCULATURE_DEVELOPMENT","GOBP_CORONARY_VASCULATURE_DEVELOPMENT",40,-0.656613278900992,-1.76483904889697,0.000703490941814871,0.00827211422316534,0.00613088006264711,1016,"tags=38%, list=8%, signal=35%","APLNR/HEY2/CNTRL/ABCC9/TAB1/NRP1/NDST1/SPRED1/SMAD6/MEGF8/NOTCH1/SUFU/TGFBR3/MYH10/PLXND1","GO_BP"
"GOBP_JNK_CASCADE","GOBP_JNK_CASCADE",153,-0.464665092013727,-1.54613060365848,0.000704279368091775,0.00827211422316534,0.00613088006264711,1811,"tags=20%, list=14%, signal=17%","ZMYND11/MTURN/DUSP19/NR2C2/SMAD3/TAOK2/ERCC6/SH2D3C/RASSF2/ITCH/PDCD4/DVL3/MAP3K6/IGF1R/PTK2B/TRAF6/PJA2/APP/TLR4/ARHGEF6/CRKL/TNIK/DUSP10/HIPK3/CCDC88C/TGFBR3/PHLPP1/MINK1/FLT4/HIPK2","GO_BP"
"GOBP_RESPONSE_TO_OXYGEN_LEVELS","GOBP_RESPONSE_TO_OXYGEN_LEVELS",261,-0.41755214762995,-1.47701410850965,0.00071047001861859,0.00832342952581625,0.00616891241537383,1406,"tags=18%, list=11%, signal=17%","SMAD3/ERO1A/GUCY1A2/CXCL12/HK2/ABAT/ZEB2/NDUFS2/NONO/TM9SF4/SMAD4/GUCY1A1/MECP2/KCNMA1/ABCC9/TGFB1/DDR2/USP19/TP53/F7/HIF1A/PDK3/HP1BP3/EGR1/PTPN1/PPARA/ROCK2/NOTCH1/ANGPT2/CBL/ARNT/NF1/PRKAA1/RPTOR/TGFBR3/EEF2K/EPAS1/EP300/ALKBH5/ENG/HSPG2/CREBBP/CYBB/ITPR2/CD38/CITED2/HIPK2/VCAM1","GO_BP"
"GOBP_REGULATION_OF_PROTEIN_CONTAINING_COMPLEX_ASSEMBLY","GOBP_REGULATION_OF_PROTEIN_CONTAINING_COMPLEX_ASSEMBLY",362,-0.384413987201227,-1.40222876037798,0.000714724330107324,0.00835185540731551,0.00618998026640264,2400,"tags=27%, list=19%, signal=22%","ULK1/SPIDR/CLASP2/THRA/GBA2/TRIOBP/TMOD2/MPP7/SRC/OSBPL2/CD36/RALB/OGT/HSF1/CYFIP2/PTGER4/CAMSAP1/TAL1/LCP1/PLEKHG2/CTTN/ARHGAP18/GBP5/SYK/KANK2/PLCG2/DDX3X/DCTN1/EVL/STXBP1/GIT1/SNX9/EPS8/COTL1/SPTBN4/ADD1/MED25/ESAM/NCK2/LATS1/LATS2/TRABD2B/PLEK/FLII/FERMT2/CDC42EP4/MET/TLR6/KANK1/TRAPPC12/MECP2/STX1B/PTK2B/GSK3B/TGFB1/HCLS1/DAAM2/MEFV/ARFGEF1/TGFBRAP1/SSH3/CKAP5/TP53/FNIP2/ADD3/OCLN/MAPRE1/NCKAP1L/GAK/VPS39/NUMA1/TLR4/PIEZO1/ABL1/TMOD3/SSH1/HCK/CCL24/RASIP1/CYRIA/RAP1B/SPTBN1/FSCN1/CSNK1A1/DYRK1A/P2RY12/ABCA1/PREX1/TMC8/EP300/CLASP1/FCHSD2/SSH2/SPTBN2/CYFIP1/HCFC1/CDH5","GO_BP"
"GOBP_POSITIVE_REGULATION_OF_PHOSPHORYLATION","GOBP_POSITIVE_REGULATION_OF_PHOSPHORYLATION",211,-0.445216778296947,-1.53489270421396,0.000720979413817327,0.00840345648400859,0.00622822442065076,1432,"tags=20%, list=11%, signal=18%","NEDD9/ACVR2A/FGFR3/PTPRC/ERCC6/FGFR1/PTK2/ARRB1/GRB10/ZFP91/WNK3/TLR6/RASSF2/PTK2B/ALS2/TRAF6/TGFB1/NRP1/DDR2/RAPGEF2/DIPK2A/PIK3R5/FBH1/LIMCH1/LYN/CD4/PTPN1/ROCK2/ABL1/TNIK/SEMA4D/ARHGEF2/PARP14/PELI2/SASH1/LCP2/PRLR/ERN1/KDR/STK4/CSF1R/FLT1/FLT4","GO_BP"
"GOBP_TOLERANCE_INDUCTION","GOBP_TOLERANCE_INDUCTION",22,-0.759430160856061,-1.83967362947208,0.000738147355403817,0.00855988646406102,0.00634416254965023,1305,"tags=41%, list=10%, signal=37%","HLA-E/ITCH/TGFB1/NR5A2/LYN/LILRB2/IRAK3/TGFBR2/PHLPP1","GO_BP"
"GOBP_NEGATIVE_REGULATION_OF_IMMUNE_SYSTEM_PROCESS","GOBP_NEGATIVE_REGULATION_OF_IMMUNE_SYSTEM_PROCESS",420,-0.374880557888609,-1.38440777030049,0.000737887460356441,0.00855988646406102,0.00634416254965023,1490,"tags=28%, list=12%, signal=25%","PIAS3/CBLB/TTLL12/CD74/CD22/RUNX1/GRN/GPX1/USP18/IL4R/TGFB3/SRC/PLCL2/RIPOR2/CACTIN/FN1/CD84/IL13RA2/STAT5A/OGT/GPER1/SAMSN1/CST7/PTGER4/SAMHD1/MIF/APPL1/RARA/PGLYRP2/TBX21/YES1/TOB2/SYK/PIK3R1/ELF1/FYN/TMEM131L/DLG5/CD55/FOXF1/CD274/LILRB1/AARS2/LOXL3/PTPRC/CXCL12/HLA-E/PTPN6/LAG3/MASP1/TNFRSF21/CNN2/CD86/FURIN/UFL1/MERTK/PRKDC/IL33/CEBPB/PARP3/LAPTM5/QKI/MAFB/TLR6/RIN3/GIGYF2/ITCH/PARP1/GNAS/UBASH3B/CD300A/CD200R1/LILRA2/TGFB1/SPI1/YWHAE/ZFPM1/MEFV/ZBTB46/CBFB/PELI1/CD33/SERPINB9/WASL/LYN/LILRB2/NCKAP1L/C5/SNAI2/SMCR8/PDCD1LG2/TLR4/HCK/DUSP10/NRARP/PTPRJ/GPR137B/NF1/IRAK3/FGL2/PARP14/FCER1G/MKRN2/CSNK1A1/ADGRF5/RASSF5/PTPRS/C1QC/INPP5D/VSIG4/HMOX1/CLEC4G/AXL/PRKAR1A/SEC14L1/CR1","GO_BP"
"GOBP_NEURON_RECOGNITION","GOBP_NEURON_RECOGNITION",34,-0.685828451872787,-1.79473927828922,0.00074391413161791,0.0086049206768664,0.00637753967065907,1797,"tags=35%, list=14%, signal=30%","ROBO1/PALLD/TNN/TNFRSF21/NRP1/SEMA5A/MEGF8/APP/ARHGAP35/PCDH12/ROBO4/PLXND1","GO_BP"
"GOBP_REGULATION_OF_PROTEIN_POLYMERIZATION","GOBP_REGULATION_OF_PROTEIN_POLYMERIZATION",169,-0.463173736800566,-1.55589779588769,0.00076182519839156,0.00878984679659353,0.00651459772255622,1635,"tags=25%, list=13%, signal=22%","DCTN1/EVL/GIT1/SNX9/EPS8/COTL1/SPTBN4/ADD1/ESAM/NCK2/LATS1/FLII/CDC42EP4/MET/KANK1/MECP2/PTK2B/HCLS1/DAAM2/ARFGEF1/SSH3/CKAP5/ADD3/OCLN/MAPRE1/NCKAP1L/NUMA1/ABL1/TMOD3/SSH1/HCK/CCL24/CYRIA/SPTBN1/DYRK1A/PREX1/CLASP1/FCHSD2/SSH2/SPTBN2/CYFIP1/CDH5","GO_BP"
"GOBP_SYMBIONT_ENTRY_INTO_HOST","GOBP_SYMBIONT_ENTRY_INTO_HOST",113,-0.508181941287063,-1.6276252437196,0.000773823211383783,0.0088834126955088,0.00658394411801542,1375,"tags=27%, list=11%, signal=24%","EPS15/NUP153/ITGB1/ICAM1/ILF3/CD86/FURIN/NCAM1/ANPEP/SELPLG/ITCH/NRP1/TPCN2/TPCN1/MYH9/CTSB/CTSL/CD4/CBL/GRK2/EFNB2/CLEC4M/SLC20A2/MYH10/CD209/CLEC4G/AXL/SIGLEC1/MRC1/CR1","GO_BP"
"GOBP_CELLULAR_RESPONSE_TO_METAL_ION","GOBP_CELLULAR_RESPONSE_TO_METAL_ION",140,-0.482720976177304,-1.57999745201318,0.000772736354788059,0.0088834126955088,0.00658394411801542,1158,"tags=24%, list=9%, signal=22%","BRAF/P2RX4/MEF2A/PLCG2/SLC34A1/TFR2/CYP1A2/ADD1/PKD2/CLIC4/ADCY7/CPNE3/PARP1/ABCC9/CAMK2D/NFE2L1/APP/HVCN1/RASGRP2/ITPKB/PRKAA1/EEF2K/ATP13A2/BMP6/MT1X/CYBB/HMOX1/KCNJ10/IQGAP1/MCOLN1/LGMN/CPNE2/CRHBP","GO_BP"
"GOBP_REGULATION_OF_NATURAL_KILLER_CELL_MEDIATED_IMMUNITY","GOBP_REGULATION_OF_NATURAL_KILLER_CELL_MEDIATED_IMMUNITY",36,-0.677045519021659,-1.78718402338776,0.000784144919686016,0.00897934370437445,0.00665504341545947,2133,"tags=36%, list=17%, signal=30%","STAT5A/CD226/STAT5B/LILRB1/AP1G1/HLA-E/LAG3/CALHM6/TGFB1/SERPINB9/RASGRP4/INPP5D/VAV1","GO_BP"
"GOBP_NEGATIVE_REGULATION_OF_CELL_KILLING","GOBP_NEGATIVE_REGULATION_OF_CELL_KILLING",27,-0.732352341296837,-1.81707883892403,0.000797107739464932,0.00910496315403819,0.00674814631015444,1451,"tags=30%, list=11%, signal=26%","LILRB1/PTPRC/HLA-E/TGFB1/SERPINB9/NCKAP1L/INPP5D/CR1","GO_BP"
"GOBP_POSITIVE_REGULATION_OF_VASOCONSTRICTION","GOBP_POSITIVE_REGULATION_OF_VASOCONSTRICTION",19,-0.775304929384508,-1.8162610855576,0.000803140207596449,0.0091509915424144,0.00678226026470082,990,"tags=37%, list=8%, signal=34%","F2R/TBXA2R/ADD3/HRH1/ABL1/TBXAS1/CD38","GO_BP"
"GOBP_POSITIVE_REGULATION_OF_SUPRAMOLECULAR_FIBER_ORGANIZATION","GOBP_POSITIVE_REGULATION_OF_SUPRAMOLECULAR_FIBER_ORGANIZATION",151,-0.469409668380128,-1.55599376337654,0.000809142943023707,0.00919645300167989,0.00681595403955817,1967,"tags=28%, list=15%, signal=24%","SORBS3/BRAF/RAPGEF3/CTTN/DCTN1/EVL/GIT1/SNX9/ARHGEF10L/SMAD3/ARHGEF15/NCK2/FHOD1/PLEK/FERMT2/WDR1/SYNPO2/CDC42EP4/MET/PDXP/MECP2/PTK2B/NRP1/PROX1/CKAP5/NF2/GPR65/SEMA5A/LIMCH1/OCLN/MAPRE1/NCKAP1L/APP/ROCK2/NUMA1/ABL1/COLGALT1/HCK/CCL24/BMP10/CLASP1/FCHSD2/CYFIP1","GO_BP"
"GOBP_REGULATION_OF_MYELOID_CELL_DIFFERENTIATION","GOBP_REGULATION_OF_MYELOID_CELL_DIFFERENTIATION",163,-0.4647890477742,-1.55241678404808,0.000812514371952972,0.00920068747830745,0.00681909242324477,2154,"tags=32%, list=17%, signal=27%","SENP1/STAT5A/HSF1/RCOR1/TAL1/RARA/TOB2/PIK3R1/MTURN/STAT5B/NOTCH2/LILRB1/NEDD9/ACVR2A/CSF1/HOXA5/EVI2B/PRKDC/CAMK4/CEBPB/GABPA/QKI/MAFB/MED1/CNOT4/RASSF2/UBASH3B/PTK2B/TRAF6/TGFB1/PRKCA/HCLS1/SPI1/ZFPM1/ZBTB46/LDB1/HIF1A/LYN/BRD1/NCKAP1L/CD4/TLR4/CSF3R/ITPKB/ARNT/GPR137B/NF1/RPTOR/CCR1/ETS1/C1QC/INPP5D","GO_BP"
"GOBP_ACTIN_POLYMERIZATION_OR_DEPOLYMERIZATION","GOBP_ACTIN_POLYMERIZATION_OR_DEPOLYMERIZATION",157,-0.46308204107151,-1.54053921423965,0.000813542950587921,0.00920068747830745,0.00681909242324477,1962,"tags=32%, list=15%, signal=27%","PLEKHG2/MICAL2/CTTN/ARHGAP18/KANK2/SH3BP1/DIAPH2/EVL/SNX9/EPS8/COTL1/SPTBN4/MICAL3/ADD1/ESAM/NCK2/CXCL12/LATS1/PLEK/WAS/FLII/WIPF1/WDR1/CDC42EP4/PDXP/KANK1/COBL/PTK2B/HCLS1/DAAM2/ARFGEF1/SSH3/ADD3/WASL/SEMA5A/DIAPH1/NCKAP1L/ABL1/ARHGAP35/TMOD3/SSH1/HCK/CCL24/CYRIA/SPTBN1/PREX1/FCHSD2/SSH2/SPTBN2/CYFIP1","GO_BP"
"GOBP_MUSCLE_HYPERTROPHY","GOBP_MUSCLE_HYPERTROPHY",75,-0.547891860970699,-1.6301708165251,0.000827282698806763,0.00933297444653852,0.00691713695142653,2451,"tags=43%, list=19%, signal=35%","CYBA/HTR2B/CTDP1/ADCY10/KLF15/CAMTA2/PDLIM5/P2RX4/MEF2A/IGF1/APLNR/AKAP6/ATP2B4/HEY2/PAK2/SMAD3/GATA4/ARRB1/IGFBP5/IL6ST/PARP1/SMAD4/TNFRSF1B/PRKCA/CAMK2D/PPARA/ROCK2/NOTCH1/TNFRSF1A/BMP10/ACACB/HDAC4","GO_BP"
"GOBP_ENDOPLASMIC_RETICULUM_TO_CYTOSOL_TRANSPORT","GOBP_ENDOPLASMIC_RETICULUM_TO_CYTOSOL_TRANSPORT",28,0.707442253372747,1.78082804356225,0.000833084834228526,0.00937528228470477,0.00694849341901263,1513,"tags=36%, list=12%, signal=32%","SELENOS/ERLEC1/DERL2/SEC61B/BCAP31/TMEM129/DERL1/DERL3/SVIP/UBE2J1","GO_BP"
"GOBP_CARDIAC_CONDUCTION","GOBP_CARDIAC_CONDUCTION",62,-0.607363371015549,-1.76290320621881,0.000837176463667888,0.00939818000613902,0.0069654640724676,1842,"tags=37%, list=14%, signal=32%","MEF2A/TMEM65/ATP2B4/CTNNA3/SPTBN4/NUP155/ZMPSTE24/KCND3/ATP2B2/ABCC9/CAMK2D/YWHAE/ACE/PRKACA/DSC2/KCNQ1/ATP1B2/SCN1B/JUP/CALM1/EHD3/SLC8A1/KCNJ2","GO_BP"
"GOBP_REGULATION_OF_BIOMINERAL_TISSUE_DEVELOPMENT","GOBP_REGULATION_OF_BIOMINERAL_TISSUE_DEVELOPMENT",74,-0.569238247236994,-1.69365957991982,0.000847262927085574,0.00948809880846565,0.0070321074211411,1596,"tags=35%, list=12%, signal=31%","BMPR2/BCOR/HEY2/SRGN/LTBP3/SMAD3/SGMS2/ACVR2A/ZMPSTE24/S1PR1/RXRA/CEBPB/ALOX5/PTK2B/TGFB1/DDR2/ENPP1/HIF1A/ROCK2/NOTCH1/SLC20A2/CCR1/SLC8A1/BMP6/NOS3/RFLNB","GO_BP"
"GOBP_POSITIVE_REGULATION_OF_HEMOPOIESIS","GOBP_POSITIVE_REGULATION_OF_HEMOPOIESIS",161,-0.471535520517621,-1.574475665298,0.000855277667927237,0.00955443438816515,0.00708127205693456,2145,"tags=27%, list=17%, signal=23%","OPA1/STAT5A/HSF1/PCK1/SASH3/IL12RB1/RAG1/RARA/SMARCB1/SYK/STAT5B/NOTCH2/IL15RA/NEDD9/PTPRC/CSF1/CD86/EVI2B/PRKDC/SMARCA2/ACTB/TRAF6/TGFB1/PRKCA/HCLS1/SPI1/ZBTB46/CBFB/GPR65/ZMIZ1/LILRB2/NCKAP1L/CD4/ITPKB/DUSP10/TGFBR2/RPTOR/SOX13/CCR1/EP300/INPP5D/AXL/SMARCC2/CR1","GO_BP"
"GOBP_POSITIVE_REGULATION_OF_P38MAPK_CASCADE","GOBP_POSITIVE_REGULATION_OF_P38MAPK_CASCADE",21,-0.773433459576757,-1.85564741005418,0.000864049157122011,0.00960545157880893,0.00711908346385327,840,"tags=33%, list=7%, signal=31%","SPI1/MAP3K3/PJA2/DSC2/RELL1/SASH1/MINK1","GO_BP"
"GOBP_POSTSYNAPTIC_SPECIALIZATION_ASSEMBLY","GOBP_POSTSYNAPTIC_SPECIALIZATION_ASSEMBLY",23,-0.744520348251221,-1.81107439485798,0.000863103304515064,0.00960545157880893,0.00711908346385327,1304,"tags=61%, list=10%, signal=55%","PTPRD/LRFN1/SLITRK3/IL1RAP/LATS1/FGFR1/ABI3/PTK2B/RELN/ABL1/CRKL/SHANK3/PTPRS/SPTBN2","GO_BP"
"GOBP_NEGATIVE_REGULATION_OF_BONE_MINERALIZATION","GOBP_NEGATIVE_REGULATION_OF_BONE_MINERALIZATION",14,-0.823325769656602,-1.8005805557308,0.000871145874292982,0.00963744673037442,0.00714279668051618,1864,"tags=57%, list=15%, signal=49%","BCOR/SRGN/LTBP3/PTK2B/ENPP1/HIF1A/CCR1/RFLNB","GO_BP"
"GOBP_REGULATION_OF_B_CELL_ACTIVATION","GOBP_REGULATION_OF_B_CELL_ACTIVATION",109,-0.504021369935961,-1.60091221370678,0.000869926255538898,0.00963744673037442,0.00714279668051618,2133,"tags=28%, list=17%, signal=23%","STAT5A/SAMSN1/SASH3/MIF/SLC39A10/TBX21/SYK/STAT5B/TCF3/PTPRC/PTPN6/TNFRSF21/PARP3/LAPTM5/SUPT6H/CD300A/TGFB1/SPI1/PMS2/PELI1/LYN/NCKAP1L/TLR4/VAV3/THEMIS2/NFAM1/PRLR/INPP5D/CD38/CR1","GO_BP"
"GOBP_EXPORT_ACROSS_PLASMA_MEMBRANE","GOBP_EXPORT_ACROSS_PLASMA_MEMBRANE",53,-0.624734729969309,-1.77497988497782,0.000882428816067468,0.00973333480988774,0.00721386416085724,2489,"tags=38%, list=19%, signal=31%","SLC40A1/SLC27A1/ABCG2/KCNK5/SLC47A1/ABCB1/KCNT2/KCND3/ABCC1/SLC30A10/YWHAE/ATP7B/SLC15A2/KCNQ1/ATP1B2/ABCG1/ABCA1/CALM1/SLC8A1/FXYD6","GO_BP"
"GOBP_ALPHA_BETA_T_CELL_PROLIFERATION","GOBP_ALPHA_BETA_T_CELL_PROLIFERATION",38,-0.656283919798196,-1.74760554975253,0.000886204263714883,0.00973333480988774,0.00721386416085724,1805,"tags=29%, list=14%, signal=25%","SYK/CD55/CD274/PTPRC/HLA-E/ITCH/TGFBR2/ELF4/DOCK2/EBI3/CLEC4G","GO_BP"
"GOBP_REGULATION_OF_SPROUTING_ANGIOGENESIS","GOBP_REGULATION_OF_SPROUTING_ANGIOGENESIS",38,-0.656098735044817,-1.74711242491285,0.000886204263714883,0.00973333480988774,0.00721386416085724,1563,"tags=32%, list=12%, signal=28%","RHOJ/TNN/KLF2/ZNF354C/TJP1/ALOX5/PPP1R16B/JCAD/JAK1/BMPER/TSPAN18/SEMA6A","GO_BP"
"GOBP_ENDOTHELIAL_CELL_APOPTOTIC_PROCESS","GOBP_ENDOTHELIAL_CELL_APOPTOTIC_PROCESS",49,-0.614759275863357,-1.72238605260543,0.000890152310088788,0.00973502448992733,0.00721511646775091,1221,"tags=31%, list=10%, signal=28%","GPER1/ITGB3/BMPR2/BRAF/ICAM1/PDCD4/TGFB1/SEMA5A/PTPN1/HIPK1/ABL1/PRKCI/TEK/KDR/CDH5","GO_BP"
"GOBP_NUCLEAR_RECEPTOR_MEDIATED_SIGNALING_PATHWAY","GOBP_NUCLEAR_RECEPTOR_MEDIATED_SIGNALING_PATHWAY",164,-0.468728799686869,-1.56871995228879,0.000890619443377024,0.00973502448992733,0.00721511646775091,2437,"tags=32%, list=19%, signal=26%","VPS11/PML/NR3C2/THRA/JAK2/CRY2/SRC/PAQR8/CARM1/RARB/GPER1/TCF7L2/ASXL2/RARA/PTGIS/IGF1/KANK2/GREB1L/TAF1/CTBP2/CYP26B1/ACTN4/KLF2/LATS1/RXRA/UFL1/HDAC1/KMT2D/ZNF366/MED1/PARP1/RBFOX2/UBR5/PDK3/NCOA2/ZMIZ1/SAFB/SKP2/ZDHHC7/SNAI2/PPARA/CNOT1/DAB2/CRKL/CYP7B1/HUWE1/CALCOCO1/KDM1A/EP300/NCOR2/CITED2/NCOA3","GO_BP"
"GOBP_RESPIRATORY_CHAIN_COMPLEX_IV_ASSEMBLY","GOBP_RESPIRATORY_CHAIN_COMPLEX_IV_ASSEMBLY",29,0.704900644133024,1.78374204984825,0.000894857390941657,0.00975800338714184,0.007232147284661,2260,"tags=52%, list=18%, signal=43%","PET100/COA5/COA6/COA8/COA1/SURF1/UQCC5/SMIM20/COA3/COX14/COA4/TACO1/PET117/STMP1/COA7","GO_BP"
"GOBP_CHEMICAL_SYNAPTIC_TRANSMISSION_POSTSYNAPTIC","GOBP_CHEMICAL_SYNAPTIC_TRANSMISSION_POSTSYNAPTIC",50,-0.624226388811967,-1.75219489397624,0.000913195028124825,0.00993425734167221,0.00736277795859039,1272,"tags=26%, list=10%, signal=24%","ABAT/MET/MECP2/STX1B/PTK2B/GSK3B/RELN/CUX2/APP/CHRNE/NOTCH1/SSH1/SHANK3","GO_BP"
"GOBP_REGULATION_OF_PHOSPHORYLATION","GOBP_REGULATION_OF_PHOSPHORYLATION",371,-0.382142990988866,-1.39612553091808,0.000918630712816045,0.00996965255785394,0.00738901113421482,1543,"tags=19%, list=12%, signal=18%","PRR5L/APC/PAK2/HGS/CCNK/NEDD9/TFAP4/ACVR2A/PPP1R15B/FGFR3/PTPRC/RBL2/ERCC6/LATS1/LATS2/MIDN/FGFR1/PTK2/PRKDC/HNRNPU/SYNPO2/ARRB1/GRB10/HEG1/ZFP91/WNK3/TLR6/RASSF2/PDCD4/PTK2B/ALS2/CD300A/TRAF6/TGFB1/NRP1/DDR2/RAPGEF2/LDB1/DIPK2A/PIK3R5/PRKCH/FBH1/LIMCH1/LYN/CD4/PTPN1/ROCK2/ZBED3/ABL1/TRIB2/SNX6/TNIK/HIPK3/PTPRJ/SEMA4D/ARHGEF2/PARP14/RASIP1/PELI2/ENG/SASH1/LCP2/PRLR/PLXNB2/DUSP7/ERN1/KDR/LDB2/STK4/CSF1R/FLT1/FLT4","GO_BP"
"GOBP_MIRNA_METABOLIC_PROCESS","GOBP_MIRNA_METABOLIC_PROCESS",86,-0.555642496932806,-1.69994851330077,0.000927992792906328,0.0100473911630071,0.00744662712591583,2074,"tags=31%, list=16%, signal=26%","DROSHA/NFATC3/TEAD1/RARA/AGO4/ZNF512B/NOTCH2/SMAD3/QKI/ZSWIM8/SMAD4/TGFB1/SPI1/AGO1/TP53/HIF1A/SMAD6/EGR1/APP/PPARA/AGO2/DICER1/TUT7/KHSRP/ETS1/RELA/NCOR2","GO_BP"
"GOBP_CHONDROCYTE_DIFFERENTIATION","GOBP_CHONDROCYTE_DIFFERENTIATION",85,-0.540225248145579,-1.64965279867067,0.000933447337216303,0.0100713332162872,0.00746437178624731,1502,"tags=22%, list=12%, signal=20%","PTH1R/LTBP3/SMAD3/CHST11/FGFR3/ADAMTS7/GPLD1/FGFR1/TGFB1/NR5A2/HIF1A/SNAI2/SOX5/MAF/TGFBR2/BMP6/GLG1/RFLNB/ACVRL1","GO_BP"
"GOBP_REGULATION_OF_INNATE_IMMUNE_RESPONSE","GOBP_REGULATION_OF_INNATE_IMMUNE_RESPONSE",400,-0.378042433647052,-1.39342221119038,0.000934612668790929,0.0100713332162872,0.00746437178624731,1807,"tags=18%, list=14%, signal=16%","GBP5/SYK/PIK3R1/FLOT2/FYN/PLCG2/STAT5B/CD300C/DDX3X/EPG5/POLR3B/RNF135/PAK2/CD274/LILRB1/AP1G1/AARS2/HLA-E/LATS1/LATS2/PTPN6/LAG3/CALHM6/PRKDC/APPL2/NONO/TLR6/MED1/NCF1/GIGYF2/ITCH/TRIM3/PARP1/CD300A/TRAF6/LILRA2/TGFB1/SPI1/YWHAE/TAB1/TLR8/MEFV/PELI1/SERPINB9/UNC93B1/TLR1/PJA2/SLC15A2/LYN/APP/PTPN1/TLR4/FCN2/HCK/DUSP10/RNF144A/IRAK3/PARP14/RASGRP4/CSNK1A1/EP300/PTPRS/LSM14A/LRCH4/INPP5D/CREBBP/RELA/VSIG4/SIN3A/SCIMP/VAV1/SEC14L1/CR1","GO_BP"
"GOBP_CELLULAR_RESPONSE_TO_CALCIUM_ION","GOBP_CELLULAR_RESPONSE_TO_CALCIUM_ION",55,-0.61463806636065,-1.74787200881702,0.000936820831441597,0.0100713750090745,0.00746440276098481,1895,"tags=33%, list=15%, signal=28%","BRAF/MEF2A/PLCG2/ADD1/PKD2/CLIC4/CPNE3/ABCC9/CAMK2D/RASGRP2/ITPKB/PRKAA1/EEF2K/IQGAP1/MCOLN1/LGMN/CPNE2/CRHBP","GO_BP"
"GOBP_POSITIVE_REGULATION_OF_INTERLEUKIN_6_PRODUCTION","GOBP_POSITIVE_REGULATION_OF_INTERLEUKIN_6_PRODUCTION",75,-0.545861171115746,-1.62412880061873,0.000946207813720571,0.0101484119739185,0.00752149873174964,2451,"tags=37%, list=19%, signal=30%","CYBA/CD74/LILRA5/CD36/IL1RAP/CARD9/F2R/SYK/PLCG2/IL17RA/IL33/LAPTM5/TLR6/TRAF6/LILRA2/TGFB1/TLR8/MBP/UNC93B1/TLR1/LILRB2/APP/IL16/TLR4/ARHGEF2/FCER1G/RELA/SCIMP","GO_BP"
"GOBP_PEPTIDYL_TYROSINE_MODIFICATION","GOBP_PEPTIDYL_TYROSINE_MODIFICATION",103,-0.52650119663446,-1.65814849957676,0.000960729589675306,0.0102560128393142,0.00760124714703753,1456,"tags=24%, list=11%, signal=22%","BLK/NEDD9/FGFR3/PTPN6/FGFR1/PTK2/FGFR4/ABI3/IGF1R/PTK2B/TGFB1/DDR2/LYN/PTPN1/ABL1/HCK/SNX6/ARHGEF2/PARP14/DYRK1A/PRLR/KDR/CSF1R/FLT1/FLT4","GO_BP"
"GOBP_REGULATION_OF_HYDROLASE_ACTIVITY","GOBP_REGULATION_OF_HYDROLASE_ACTIVITY",182,-0.453716882356914,-1.54138996466641,0.000958815785711809,0.0102560128393142,0.00760124714703753,1762,"tags=26%, list=14%, signal=23%","SH3BP1/RRP1B/TSC1/TBC1D2/PSAP/FGD4/SNX9/RIC1/SIPA1L1/FGFR3/SRGAP2/MTSS2/DOCK8/ITGB1/GPLD1/FGFR1/PTK2/SYDE1/MET/DOCK10/DVL3/ALS2/PLXNB1/MBP/SNX18/RAPGEF2/ARFGEF1/SERPINB9/ARHGAP42/RASGRP2/VAV3/GPR137B/NF1/FGD5/SEMA4D/RASIP1/RALGAPA2/NET1/RAPGEF1/FGD2/RIPOR1/TIAM1/ATP13A2/PLXNB2/TIMP2/VAV1/RABGAP1/CR1","GO_BP"
"GOBP_NADH_DEHYDROGENASE_COMPLEX_ASSEMBLY","GOBP_NADH_DEHYDROGENASE_COMPLEX_ASSEMBLY",37,0.65895441228494,1.74048081788227,0.000978303911437659,0.0103993695563667,0.00770749602304587,1396,"tags=38%, list=11%, signal=34%","NDUFAF5/LYRM2/TMEM126B/TMEM126A/NDUFAF6/NDUFS5/COA1/NDUFS3/NDUFB3/NDUFB2/NDUFAF1/NDUFAF4/NDUFS4/TMEM70","GO_BP"
"GOBP_ESTABLISHMENT_OF_ENDOTHELIAL_BARRIER","GOBP_ESTABLISHMENT_OF_ENDOTHELIAL_BARRIER",52,-0.609535440911176,-1.72956650598739,0.000979727824976427,0.0103993695563667,0.00770749602304587,1221,"tags=31%, list=10%, signal=28%","ICAM1/TJP1/PECAM1/RAPGEF2/PPP1R16B/ROCK2/TNFRSF1A/MARVELD2/RAP1B/RAPGEF1/SOX18/PTPRS/ROBO4/TJP2/PDE2A/CDH5","GO_BP"
"GOBP_REGULATION_OF_ACTIN_FILAMENT_LENGTH","GOBP_REGULATION_OF_ACTIN_FILAMENT_LENGTH",127,-0.492048110596,-1.59044547557455,0.00098098671017598,0.0103993695563667,0.00770749602304587,1868,"tags=32%, list=15%, signal=28%","CTTN/ARHGAP18/KANK2/SH3BP1/EVL/SNX9/EPS8/COTL1/SPTBN4/ADD1/ESAM/NCK2/CXCL12/LATS1/PLEK/WAS/FLII/WDR1/CDC42EP4/PDXP/KANK1/PTK2B/HCLS1/DAAM2/ARFGEF1/SSH3/ADD3/SEMA5A/NCKAP1L/ARHGAP35/TMOD3/SSH1/HCK/CCL24/CYRIA/SPTBN1/PREX1/FCHSD2/SSH2/SPTBN2/CYFIP1","GO_BP"
"GOBP_ENSHEATHMENT_OF_NEURONS","GOBP_ENSHEATHMENT_OF_NEURONS",121,-0.500451822523737,-1.61389278407977,0.00101158853102913,0.0106964459769568,0.00792767430576077,2232,"tags=26%, list=17%, signal=22%","NCSTN/RARB/ADGRG6/CTSC/CST7/DAG1/ILK/RARA/PALS1/CMTM8/IGF1/B4GALT5/TSC1/CD9/ABCA2/DEGS1/FIG4/TNFRSF21/QKI/TNFRSF1B/TGFB1/SOS1/MBP/SBF2/ATRN/GALC/PLEC/NF1/DICER1/KCNJ10/EPB41L3/SKI","GO_BP"
"GOBP_RESPONSE_TO_WOUNDING","GOBP_RESPONSE_TO_WOUNDING",460,-0.366612305265647,-1.36444734314575,0.00101369251652928,0.0106964459769568,0.00792767430576077,2386,"tags=26%, list=19%, signal=22%","GRN/CLASP2/GPX1/MORN4/CD2AP/KNG1/JAK2/SRC/NFKBIZ/PDGFRA/FN1/VASH1/CD36/VPS4B/NPR2/HPS4/DAG1/ITGB3/ILK/LCP1/RTN4RL2/FERMT3/ADAM17/DST/BRAF/GPR4/F2R/F5/P2RX4/IGF1/ELK3/SYK/PLCG2/PIK3CG/ADAMTS13/CD9/ANGPTL6/STXBP1/MYOF/GIT1/NOTCH2/FOXF1/TFPI2/SMAD3/DGKD/PPL/PTPN6/GATA4/TMIGD3/CNN2/PLEK/ITGB1/WAS/KREMEN1/FERMT2/F2RL2/MERTK/PTK2/IL33/DGKG/SCARF1/ALOX5/PTPRF/TBXA2R/B4GALT1/IL6ST/KANK1/GNAS/PECAM1/MACF1/ACTB/UBASH3B/ADORA3/TGFB1/PRKCA/CD44/NRP1/DDR2/ACTN1/ARFGEF1/CORO1B/F8/F7/HIF1A/DCBLD2/MYH9/OCLN/LYN/MMRN1/PLG/RASA3/SIGLEC10/PPARA/MYLK/TLR4/RREB1/ANGPT2/ARHGAP35/VAV3/CYP4F11/PLEC/TLN1/PTPRJ/PEAR1/NF1/FCER1G/MYH10/RIPOR1/P2RY12/CCR1/CLASP1/PTPRS/ENG/MTR/NOS3/KDR/HMOX1/ACVRL1/AXL/LYVE1/VAV1","GO_BP"
"GOBP_CELLULAR_RESPONSE_TO_CAMP","GOBP_CELLULAR_RESPONSE_TO_CAMP",40,-0.645461933259322,-1.73486656605424,0.00101767559125042,0.01071373220374,0.00794048599818722,1043,"tags=45%, list=8%, signal=41%","RAPGEF3/PIK3CG/AKAP6/PKD2/IGFBP5/RAPGEF2/ASS1/KCNQ1/APP/CRTC1/RAP1B/EEF2K/RAPGEF1/CPS1/KDM1A/ITPR2/PDE2A/CRHBP","GO_BP"
"GOBP_REGULATION_OF_LYMPHOCYTE_MEDIATED_IMMUNITY","GOBP_REGULATION_OF_LYMPHOCYTE_MEDIATED_IMMUNITY",140,-0.478979988506751,-1.56775279872653,0.00104482347250031,0.0109742493008136,0.00813356832675985,2133,"tags=27%, list=17%, signal=23%","STAT5A/RSAD2/CD226/SASH3/IL12RB1/TBX21/RIPK3/STAT5B/CD55/CD274/LILRB1/AP1G1/CD7/PTPRC/HLA-E/PTPN6/LAG3/FBXO38/WAS/UFL1/CALHM6/PARP3/SUPT6H/SECTM1/TNFRSF1B/TRAF6/TGFB1/PMS2/SERPINB9/NCKAP1L/FZD5/FCER1G/PRKAA1/RASGRP4/INPP5D/CLEC4G/VAV1/CR1","GO_BP"
"GOBP_NEGATIVE_REGULATION_OF_CELLULAR_RESPONSE_TO_GROWTH_FACTOR_STIMULUS","GOBP_NEGATIVE_REGULATION_OF_CELLULAR_RESPONSE_TO_GROWTH_FACTOR_STIMULUS",81,-0.558291382296532,-1.70117674037154,0.00104752456663068,0.0109773847360908,0.00813589215560335,809,"tags=20%, list=6%, signal=19%","ATP2B4/HGS/CTDSPL2/CRIM1/SMURF1/MMRN2/SMAD6/MMRN1/PTPN1/ABL1/NOTCH1/MTMR4/BMPER/SEMA6A/HIPK2/SKI","GO_BP"
"GOBP_MICROVILLUS_ASSEMBLY","GOBP_MICROVILLUS_ASSEMBLY",22,-0.751423998873494,-1.82027918633328,0.00105717138570691,0.0110531259983864,0.00819202781601618,782,"tags=23%, list=6%, signal=21%","RAPGEF2/TNIK/RAP1B/FSCN1/MINK1","GO_BP"
"GOBP_REGULATION_OF_GROWTH","GOBP_REGULATION_OF_GROWTH",455,-0.368657677014324,-1.36998006851173,0.00107381975398576,0.0112015581186322,0.00830203832870025,1406,"tags=17%, list=11%, signal=15%","SMAD3/NDRG3/IGF2/TAOK2/FGFR3/CXCL12/ZMPSTE24/CSF1/LATS1/LATS2/MTM1/RAI1/SERTAD2/CSNK2A1/FGFR1/ARHGAP4/SMARCA2/IGFBP5/JARID2/PTCH1/OLFM1/ITCH/SMAD4/GNAS/MACF1/KDM2B/JADE2/GSK3B/PLAC8/TGFB1/CAMK2D/NRP1/SMURF1/ING1/PROX1/ENPP1/TP53/ATRN/SLC23A2/SEMA5A/HIF1A/DCBLD2/MEGF8/CLSTN1/APP/IL17RB/PPARA/RASGRP2/NPY1R/ABL1/NOTCH1/TRPC5/DAB2/CRKL/DUSP10/WWC3/PTPRJ/SEMA4D/SPAG9/BMP10/RPTOR/TGFBR3/KIF26A/ACACB/NET1/PTPRS/NPR1/BASP1/MT1X/FTO/CD38/SIN3A/ACVRL1/CXCL16/STK4/LGMN","GO_BP"
"GOBP_REGULATION_OF_SECRETION","GOBP_REGULATION_OF_SECRETION",419,-0.376589907992661,-1.39127726570901,0.00112353730749055,0.0116934896535861,0.00866663354081546,2451,"tags=28%, list=19%, signal=23%","CYBA/TNFRSF11A/CD74/RAB11FIP3/RBP4/DOC2B/CLASP2/IL4R/CD2AP/TGFB3/JAK2/CRY2/BAIAP3/CD84/MCTP1/VPS4B/PFKL/IL13RA2/RSAD2/CYP4A11/GPER1/GPR158/TCF7L2/MIF/BRAF/F2R/RAPGEF3/RFX3/P2RX4/IGF1/SYK/PRKCB/VSNL1/GAB2/RASL10B/TFR2/STXBP1/MYOF/GIT1/RIC1/SLC2A2/HGS/FOXF1/BLK/LILRB1/AP1G1/HADH/RAC2/PER2/CXCL12/KDM5B/GOLPH3L/PCK2/ABAT/KCNMB4/MIDN/GPLD1/F2RL2/FGFR1/RPH3AL/GNAO1/ALOX5/WNK3/SMAD4/GNAS/RAB3D/ADCY5/STX1B/CD300A/ADORA3/TNFRSF1B/TGFB1/PRKCA/SPI1/WNK1/VAMP3/TPCN2/PRKACA/PTPRN2/CD33/HIF1A/LYN/RAB7A/KCNQ1/NCKAP1L/IRS1/RAB8B/SMCR8/PTPN23/TLR4/NOTCH1/GRK2/SNX6/DAB2/TNFRSF1A/ADAM9/ABCB11/NF1/ABCG1/FCER1G/RAP1B/LRP5/ITSN1/MYO18A/SLC16A1/MYH10/FRMD4A/CLASP1/ATP13A2/HCAR2/BMP6/NPR1/CD38/DYSF/PRKAR1A/CRHBP","GO_BP"
"GOBP_NEGATIVE_REGULATION_OF_GROWTH","GOBP_NEGATIVE_REGULATION_OF_GROWTH",168,-0.465052651338954,-1.55844004516077,0.00113883180589721,0.0118257330026008,0.00876464574060126,1406,"tags=20%, list=11%, signal=18%","SMAD3/NDRG3/FGFR3/RAI1/SERTAD2/ARHGAP4/SMARCA2/IGFBP5/JARID2/PTCH1/SMAD4/GNAS/PLAC8/TGFB1/NRP1/ING1/ENPP1/TP53/SEMA5A/HIF1A/DCBLD2/PPARA/DAB2/DUSP10/WWC3/PTPRJ/SPAG9/BMP10/PTPRS/NPR1/MT1X/ACVRL1/STK4/LGMN","GO_BP"
"GOBP_POSITIVE_REGULATION_OF_TUMOR_NECROSIS_FACTOR_SUPERFAMILY_CYTOKINE_PRODUCTION","GOBP_POSITIVE_REGULATION_OF_TUMOR_NECROSIS_FACTOR_SUPERFAMILY_CYTOKINE_PRODUCTION",91,-0.519448344580061,-1.60081862613677,0.00116464233093532,0.0120663283674455,0.00894296307105605,2333,"tags=32%, list=18%, signal=26%","FCGR2A/JAK2/LILRA5/CD36/SASH3/CARD9/ADAM17/MIF/SYK/PIK3R1/PLCG2/ARFGEF2/PTPRC/HLA-E/CD86/IL33/FRMD8/LILRA2/TGFB1/TLR1/APP/TLR4/PTPRJ/FZD5/ARHGEF2/FCER1G/FCGR3A/CYBB/AKAP12","GO_BP"
"GOBP_MYELOID_LEUKOCYTE_MIGRATION","GOBP_MYELOID_LEUKOCYTE_MIGRATION",167,-0.458155525956624,-1.53488880816577,0.00116978456337891,0.0120921847739327,0.00896212655487013,1917,"tags=30%, list=15%, signal=26%","MIF/ITGA1/P2RX4/SYK/PIK3R1/PIK3CG/STAT5B/CXCR2/CD9/GBF1/RAC2/PDE4B/IL17RA/PIP5K1C/CXCL12/CSF1/CNN2/PTK2/WDR1/ITGA9/B4GALT1/RIN3/PECAM1/PTK2B/CD300A/CD200R1/SPI1/C3AR1/PTPRO/CCL23/LYN/NCKAP1L/C5/APP/CSF3R/VAV3/CCL24/PTPRJ/PIK3CD/NF1/FCER1G/P2RY12/PREX1/CCR1/CMKLR1/CSF1R/LGMN/FLT1/VAV1/FOLR2","GO_BP"
"GOBP_NATURAL_KILLER_CELL_ACTIVATION","GOBP_NATURAL_KILLER_CELL_ACTIVATION",66,-0.577956142680246,-1.68624070451553,0.00118981845192336,0.0122715135594533,0.00909503614075666,2301,"tags=30%, list=18%, signal=25%","JAK2/PBX1/SP3/STAT5A/PGLYRP2/FYN/STAT5B/IL15RA/AP1G1/PTPRC/HLA-E/BAG6/MERTK/SNX27/PIK3CD/CD244/ELF4/FCGR3A/AXL/VAV1","GO_BP"
"GOBP_FAT_CELL_DIFFERENTIATION","GOBP_FAT_CELL_DIFFERENTIATION",187,-0.444850766252192,-1.51671108390589,0.0012144930792604,0.0124977902683351,0.00926274119483338,2397,"tags=28%, list=19%, signal=23%","SYAP1/GPX1/CTBP1/OSBPL8/PDGFRA/ZNF516/WDFY2/CARM1/BBS2/NPR2/GPER1/TCF7L2/BBS7/TRIO/ASXL2/CTBP2/TAF8/ZNF385A/PIAS1/RORA/JDP2/SMAD3/ERO1A/PER2/FERMT2/PPARGC1A/CEBPD/HNRNPU/CEBPB/ALOX5/MAFB/MED1/SH2B2/LRRC8C/PLAC8/TGFB1/ENPP1/SMAD6/SNAI2/RREB1/TRIB2/DUSP10/ALDH6A1/LRP5/SOX13/ADGRF5/EP300/FABP3/TBL1XR1/BSCL2/CMKLR1/FTO/STK4","GO_BP"
"GOBP_PERIPHERAL_NERVOUS_SYSTEM_AXON_ENSHEATHMENT","GOBP_PERIPHERAL_NERVOUS_SYSTEM_AXON_ENSHEATHMENT",22,-0.747850483975532,-1.81162256264204,0.00123484336779155,0.0126786502189653,0.00939678560422331,454,"tags=36%, list=4%, signal=35%","ADGRG6/DAG1/ILK/PALS1/PLEC/NF1/DICER1/SKI","GO_BP"
"GOBP_COMPLEMENT_ACTIVATION_ALTERNATIVE_PATHWAY","GOBP_COMPLEMENT_ACTIVATION_ALTERNATIVE_PATHWAY",15,-0.794076881565944,-1.77360157513917,0.00126303459986984,0.0129390248583079,0.00958976235020364,590,"tags=33%, list=5%, signal=32%","C5/CFD/VSIG4/CFP/CR1","GO_BP"
"GOBP_CELLULAR_COMPONENT_ASSEMBLY_INVOLVED_IN_MORPHOGENESIS","GOBP_CELLULAR_COMPONENT_ASSEMBLY_INVOLVED_IN_MORPHOGENESIS",80,-0.548755662464521,-1.66023422559055,0.00127736574400446,0.013056563947106,0.00967687648289731,2479,"tags=35%, list=19%, signal=28%","PRKD1/NRAP/TMOD2/CFLAR/PDGFRA/OBSL1/CCDC38/PALS1/VPS13B/MEF2A/AGFG2/ACRBP/CD9/ABCA2/FIG4/ITGB1/FLII/WDR1/SMAD4/PROX1/AKAP13/TMOD3/PLEC/BMP10/DICER1/MYH10/EPB41L3/PRKAR1A","GO_BP"
"GOBP_DEFENSE_RESPONSE_TO_TUMOR_CELL","GOBP_DEFENSE_RESPONSE_TO_TUMOR_CELL",10,-0.875332633426341,-1.78654433882852,0.00128983639226809,0.0131546037416806,0.00974953870753396,1067,"tags=60%, list=8%, signal=55%","LAPTM5/ABI3/SPI1/DAPK1/PRF1/RELA","GO_BP"
"GOBP_INTERLEUKIN_12_PRODUCTION","GOBP_INTERLEUKIN_12_PRODUCTION",49,-0.604848575183833,-1.69461900086313,0.00130844804902916,0.0133111371596298,0.0098655534995632,1805,"tags=31%, list=14%, signal=26%","SYK/PLCG2/LILRB1/LAPTM5/TRAF6/TLR8/MEFV/UNC93B1/IL16/TLR4/IRAK3/IRF8/CMKLR1/RELA/SCIMP","GO_BP"
"GOBP_RNA_SPLICING_VIA_TRANSESTERIFICATION_REACTIONS","GOBP_RNA_SPLICING_VIA_TRANSESTERIFICATION_REACTIONS",282,0.394386275077566,1.42058930622809,0.00131101153903117,0.0133111371596298,0.0098655534995632,2244,"tags=28%, list=18%, signal=23%","UBL5/SNRNP35/SF3B6/LSM6/RBMX2/SNRPF/LSM5/SNRPD2/HNRNPUL2/FRG1/LSM8/SRSF3/PHF5A/SRSF8/BUD31/BCAS2/ZCRB1/LARP7/C9orf78/PPIL1/SNRPB/CD2BP2/ZMAT2/CWF19L2/SYF2/UPF3B/GEMIN7/SNRPB2/SNRPA1/PCBP4/TSSC4/SF3B5/CWC15/LUC7L3/HTATSF1/DDX39A/WBP4/NSRP1/MAGOHB/SNRPE/RBM25/PPIH/NCBP2/DDX1/HNRNPF/CWC25/ZRSR2/LSM2/UPF3A/LSM1/SLU7/FRA10AC1/RBM6/ISY1/LSM4/MPHOSPH10/SAP18/SRSF10/RNPC3/THUMPD2/CWC27/RSRC1/LSM7/PRPF40A/DDX46/RBM3/HNRNPC/GEMIN6/PRDX6/PRPF38A/DCPS/NOL3/GEMIN2/RBM4/CLNS1A/SRSF7/PSIP1/PRPF6","GO_BP"
"GOBP_NEGATIVE_REGULATION_OF_BONE_REMODELING","GOBP_NEGATIVE_REGULATION_OF_BONE_REMODELING",11,-0.861519372571768,-1.79315709439579,0.00131894357612163,0.0133619804862521,0.00990323604710765,890,"tags=36%, list=7%, signal=34%","UBASH3B/GPR137B/INPP5D/CD38","GO_BP"
"GOBP_MODULATION_OF_EXCITATORY_POSTSYNAPTIC_POTENTIAL","GOBP_MODULATION_OF_EXCITATORY_POSTSYNAPTIC_POTENTIAL",25,-0.728806580274446,-1.79163773586263,0.00133435791138617,0.0134288134297873,0.00995276930426457,884,"tags=28%, list=7%, signal=26%","STX1B/PTK2B/RELN/CUX2/APP/SSH1/SHANK3","GO_BP"
"GOBP_AORTIC_VALVE_MORPHOGENESIS","GOBP_AORTIC_VALVE_MORPHOGENESIS",34,-0.673645910955901,-1.76285887928682,0.00133402078542064,0.0134288134297873,0.00995276930426457,1596,"tags=32%, list=12%, signal=28%","HEY2/TIE1/GATA4/TGFB1/SMAD6/DLL4/SNAI2/ROCK2/NOTCH1/TGFBR2/NOS3","GO_BP"
"GOBP_POSITIVE_REGULATION_OF_JNK_CASCADE","GOBP_POSITIVE_REGULATION_OF_JNK_CASCADE",80,-0.547687212244985,-1.65700168013517,0.00133172084041505,0.0134288134297873,0.00995276930426457,1753,"tags=20%, list=14%, signal=17%","MTURN/DUSP19/NR2C2/TAOK2/RASSF2/DVL3/PTK2B/TRAF6/PJA2/APP/TLR4/TNIK/CCDC88C/MINK1/FLT4/HIPK2","GO_BP"
"GOBP_MULTICELLULAR_ORGANISM_GROWTH","GOBP_MULTICELLULAR_ORGANISM_GROWTH",140,-0.474180945809185,-1.5520450180241,0.00134602660643213,0.0135164737687657,0.0100177387921161,2239,"tags=34%, list=18%, signal=29%","CDKN1C/RARB/BBS2/STAT5A/NPR2/HSF1/STK40/GPD2/RARA/WDTC1/VPS13B/IGF1/COX10/STAT5B/WDR48/NOTCH2/SOCS2/SPTBN4/G6PC1/APBA2/IGF2/VPS13A/KLF2/ZMPSTE24/ERCC6/CSF1/HOXA5/RAI1/CLIC4/APBA1/HEG1/PTCH1/GIGYF2/GNAS/PLAC8/SOS1/TP53/ATRN/APP/TNS2/NPY1R/PLEC/EP300/TBL1XR1/ATN1/SPTBN2/FTO/LGMN","GO_BP"
"GOBP_NEGATIVE_REGULATION_OF_B_CELL_ACTIVATION","GOBP_NEGATIVE_REGULATION_OF_B_CELL_ACTIVATION",26,-0.713527903079468,-1.76893434891731,0.0013519268376336,0.0135459511428683,0.0100395859572191,1253,"tags=27%, list=10%, signal=24%","TNFRSF21/PARP3/LAPTM5/CD300A/LYN/INPP5D/CR1","GO_BP"
"GOBP_RESPONSE_TO_ATP","GOBP_RESPONSE_TO_ATP",23,-0.73482415937258,-1.78748804231965,0.00141115734793648,0.0140917663793201,0.0104441170916757,2072,"tags=43%, list=16%, signal=36%","NT5E/P2RX4/PANX1/TAF1/TOP2B/PDXP/ABCC9/ENPP1/SSH1/P2RY12","GO_BP"
"GOBP_REGULATION_OF_SUPRAMOLECULAR_FIBER_ORGANIZATION","GOBP_REGULATION_OF_SUPRAMOLECULAR_FIBER_ORGANIZATION",331,-0.396467328980718,-1.43628228384579,0.00141256927155365,0.0140917663793201,0.0104441170916757,1895,"tags=27%, list=15%, signal=24%","BRAF/RAPGEF3/CTTN/ARHGAP18/PIK3R1/KANK2/ALMS1/SH3BP1/TSC1/DCTN1/EVL/GIT1/SNX9/ARHGEF10L/EPS8/COTL1/APC/PAK2/SPTBN4/ADD1/ESAM/SMAD3/ARHGEF15/NCK2/FHOD1/CXCL12/LATS1/S1PR1/PPFIA1/PLEK/WAS/FLII/FERMT2/TJP1/WDR1/SYNPO2/CDC42EP4/MET/PDXP/KANK1/SMAD4/MECP2/PTK2B/CGNL1/HCLS1/DAAM2/NRP1/PROX1/ARFGEF1/MAP1S/CORO1B/SSH3/CKAP5/NF2/ADD3/AKAP13/GPR65/SEMA5A/LIMCH1/OCLN/MAPRE1/NCKAP1L/APP/ROCK2/NUMA1/ABL1/COLGALT1/ARHGAP35/TMOD3/SSH1/HCK/CCL24/CCDC88C/ARHGEF2/BMP10/CYRIA/SPTBN1/DYRK1A/PREX1/CLASP1/SHANK3/FCHSD2/SSH2/HSPG2/SPTBN2/CYFIP1/DLC1/ARHGEF18/CDH5","GO_BP"
"GOBP_LENS_MORPHOGENESIS_IN_CAMERA_TYPE_EYE","GOBP_LENS_MORPHOGENESIS_IN_CAMERA_TYPE_EYE",17,-0.798807601586296,-1.83170474473472,0.00144995296628516,0.0144008827075021,0.0106732187556956,778,"tags=35%, list=6%, signal=33%","PROX1/HIPK1/SHROOM2/CITED2/HIPK2/SKI","GO_BP"
"GOBP_U2_TYPE_PRESPLICEOSOME_ASSEMBLY","GOBP_U2_TYPE_PRESPLICEOSOME_ASSEMBLY",25,0.727475514335786,1.8047184179303,0.00144806890834528,0.0144008827075021,0.0106732187556956,1119,"tags=44%, list=9%, signal=40%","SF3B6/RBMX2/SNRPF/SNRPD2/PHF5A/SNRPB/SNRPB2/SNRPA1/SF3B5/HTATSF1/SNRPE","GO_BP"
"GOBP_REGULATION_OF_MIRNA_METABOLIC_PROCESS","GOBP_REGULATION_OF_MIRNA_METABOLIC_PROCESS",70,-0.551916254789403,-1.62743519183606,0.00145301092758995,0.0144008827075021,0.0106732187556956,2074,"tags=30%, list=16%, signal=25%","DROSHA/NFATC3/TEAD1/RARA/ZNF512B/NOTCH2/SMAD3/QKI/ZSWIM8/SMAD4/TGFB1/SPI1/TP53/HIF1A/SMAD6/EGR1/APP/PPARA/ETS1/RELA/NCOR2","GO_BP"
"GOBP_CARBOHYDRATE_METABOLIC_PROCESS","GOBP_CARBOHYDRATE_METABOLIC_PROCESS",458,-0.357575219886892,-1.33281979252986,0.00146015806581403,0.0144403943781478,0.0107025028428429,2339,"tags=26%, list=18%, signal=22%","MANBA/SLC2A3/SLC25A13/GBA2/CBFA2T3/PGM1/SRC/GAA/OGDH/ADCY10/GALNT7/PFKL/EDEM1/OGT/AKR1B1/GPER1/NPC1/AGL/PCK1/IDH3A/STK40/AP2A1/GPD2/TCF7L2/DDB1/WDTC1/CTBS/RUBCNL/IGF1/SELENON/RANBP2/H6PD/MOGAT2/B4GALT5/PTH1R/HK1/GYS1/HECTD4/PGM2L1/PPP1R3G/GIT1/SLC2A2/PRKAG2/RORA/G6PC1/ST6GALNAC3/B3GAT1/CHST11/ERO1A/CHST15/IGF2/PER2/ATG2B/FOXK1/ZMPSTE24/ST8SIA6/HK2/PCK2/MAN2A1/IDUA/PLEK/MIDN/GPLD1/PPARGC1A/LEPR/GNE/GRB10/PHKB/PC/ONECUT1/B4GALT1/GNMT/IL6ST/PARP1/P2RY6/GSK3B/TGFB1/ARPP19/NDST1/ATG2A/PRKACA/NFE2L1/ENPP1/USP7/TP53/MAN1C1/SLC23A2/HIF1A/PDK3/NCOA2/PHKA1/KCNQ1/IRS1/XYLB/APP/HK3/PPARA/NPY1R/PFKFB3/LIPA/ARNT/OGDHL/MAN2B1/MTCL2/PRKAA1/CD244/LRP5/RPTOR/SORBS1/ACACB/ST8SIA4/MAN2B2/POMK/EP300/PCDH12/HDAC4/PGAM1","GO_BP"
"GOBP_T_HELPER_17_TYPE_IMMUNE_RESPONSE","GOBP_T_HELPER_17_TYPE_IMMUNE_RESPONSE",43,-0.626689478174068,-1.72120227932203,0.00146581759320091,0.014465055255583,0.0107207802599234,3085,"tags=49%, list=24%, signal=37%","ENTPD7/TYK2/IL6R/STAT3/CLEC7A/RC3H2/BRD4/JAK2/NFKBIZ/OPA1/STAT5A/CARD9/IL12RB1/TBX21/RORA/IL17RA/LOXL3/IL6ST/NOTCH1/JAK1/EP300","GO_BP"
"GOBP_HEART_TRABECULA_MORPHOGENESIS","GOBP_HEART_TRABECULA_MORPHOGENESIS",27,-0.717090337978859,-1.77921146047122,0.00147244071289517,0.0144990983129699,0.0107460112826311,1596,"tags=44%, list=12%, signal=39%","HEY2/S1PR1/HEG1/MED1/SOS1/DLL4/NOTCH1/BMP10/TGFBR3/ENG/TEK/UBE4B","GO_BP"
"GOBP_IMPORT_ACROSS_PLASMA_MEMBRANE","GOBP_IMPORT_ACROSS_PLASMA_MEMBRANE",129,-0.484417632773564,-1.56897000261932,0.00148496189102444,0.0145909481292272,0.0108140858028876,3123,"tags=37%, list=24%, signal=28%","SLC15A3/SLC2A1/SLC9A1/ATP1A1/SLC7A1/CACNA1H/SLC16A2/SLC39A6/SLC39A4/LRRC8A/ATP1B1/SLC9A7/SLC38A3/HCN3/SLC27A1/SLC2A3/KCNJ12/CD36/KCNK5/SLC47A1/SLC39A10/FYN/SLC24A1/SLC34A1/ATP2B4/SLC36A1/SLC1A5/SEPTIN2/PER2/ITGB1/SLC6A6/SLC12A7/SLC46A1/SLC38A4/SLC43A2/SLC6A1/SLC7A2/LRRC8C/ABCC9/SLC12A6/SLC15A2/KCNQ1/ATP1B2/SLC9A9/SLC8A1/KCNJ2/KCNJ10/SLC7A8","GO_BP"
"GOBP_NUCLEOSIDE_TRIPHOSPHATE_METABOLIC_PROCESS","GOBP_NUCLEOSIDE_TRIPHOSPHATE_METABOLIC_PROCESS",243,0.414458282473939,1.47043521555032,0.00149183802384944,0.0146270556458543,0.0108408469002116,1977,"tags=27%, list=15%, signal=23%","NDUFB8/ATP5PB/ATP5MJ/ATP5MG/NDUFA8/TREM2/NDUFB6/SDHD/PPP2CA/TYMS/NDUFB5/ATP5MC2/ITPA/HKDC1/NDUFA1/AK2/DCTPP1/NMNAT1/NDUFS5/ATP5PO/AK1/ATP5ME/NDUFC1/NDUFS3/NME1/NDUFB3/NME6/NUDT15/DUT/NDUFB2/ATP5F1E/PRKAG1/DDIT4/ATP5MK/NDUFA9/ATP5IF1/ATP5F1C/NDUFB9/BPGM/TBPL1/ATP5PF/DGUOK/TPI1/ZBTB20/DTYMK/NDUFS4/COX11/NDUFAB1/DMAC2L/NDUFA3/NDUFA2/MTCH2/NDUFA11/ATP5MC1/OLA1/PRKAA2/ENO3/LETMD1/NDUFA12/MFSD8/NDUFB1/NDUFA5/GPD1/ADK/ENO1","GO_BP"
"GOBP_NEGATIVE_REGULATION_OF_ENDOTHELIAL_CELL_APOPTOTIC_PROCESS","GOBP_NEGATIVE_REGULATION_OF_ENDOTHELIAL_CELL_APOPTOTIC_PROCESS",25,-0.72555878594318,-1.78365362726687,0.00149774629325083,0.0146535392159808,0.0108604752065545,1221,"tags=32%, list=10%, signal=29%","ITGB3/BRAF/ICAM1/SEMA5A/ABL1/TEK/KDR/CDH5","GO_BP"
"GOBP_POSITIVE_REGULATION_OF_EXCITATORY_POSTSYNAPTIC_POTENTIAL","GOBP_POSITIVE_REGULATION_OF_EXCITATORY_POSTSYNAPTIC_POTENTIAL",16,-0.804088729575573,-1.81975305514946,0.00150454052890625,0.0146885591379757,0.0108864302327742,884,"tags=44%, list=7%, signal=41%","STX1B/PTK2B/RELN/CUX2/APP/SSH1/SHANK3","GO_BP"
"GOBP_CLATHRIN_DEPENDENT_ENDOCYTOSIS","GOBP_CLATHRIN_DEPENDENT_ENDOCYTOSIS",44,-0.614137701505452,-1.68703314207335,0.00152800314924007,0.0148834992829625,0.0110309101826474,2572,"tags=39%, list=20%, signal=31%","FCHO1/BMP2K/ITGA4/NEU3/FCHO2/AP2A1/CANX/DNM1/DGKD/PIP5K1C/WASL/GAK/AP2A2/DAB2/ITSN1/FCHSD2/SIGLEC1","GO_BP"
"GOBP_HEMATOPOIETIC_PROGENITOR_CELL_DIFFERENTIATION","GOBP_HEMATOPOIETIC_PROGENITOR_CELL_DIFFERENTIATION",109,-0.492541867664944,-1.56445011807127,0.0015310231260653,0.0148834992829625,0.0110309101826474,1345,"tags=37%, list=11%, signal=33%","FNIP1/CDK6/ADAR/HSPA9/NFE2L2/RBM47/EML1/WDR7/PDGFRA/SP3/ARL11/TAL1/RARA/BRAF/EEF2/PTPRC/PTPN6/ZFAT/PLEK/CEBPD/UFL1/PRKDC/FBXO21/AGPAT5/MED1/ITCH/TGFB1/SPI1/SOS1/SETD1A/ACE/SIPA1L3/TP53/LYN/ABL1/NOTCH1/LIPA/KDR/SIN3A/CITED2","GO_BP"
"GOBP_RESPONSE_TO_CAMP","GOBP_RESPONSE_TO_CAMP",62,-0.593078594170645,-1.72144091181358,0.0015370986146608,0.0149108356059133,0.0110511705070148,782,"tags=27%, list=6%, signal=26%","IGFBP5/RAPGEF2/HMGCS2/ASS1/KCNQ1/APP/CRTC1/RAP1B/GUCD1/EEF2K/RAPGEF1/CPS1/KDM1A/RELA/ITPR2/PDE2A/CRHBP","GO_BP"
"GOBP_RESPONSE_TO_METAL_ION","GOBP_RESPONSE_TO_METAL_ION",252,-0.408097121249993,-1.4400427008189,0.0015766074166076,0.0152616934035596,0.0113112088742789,2232,"tags=26%, list=17%, signal=22%","NCSTN/ANK3/SLC25A23/SLC25A12/PAM/HSF1/NPC1/ACO1/SLC41A1/ATP5F1D/SEC31A/SETD2/BRAF/ABCB1/P2RX4/MEF2A/PLCG2/SLC34A1/ADAMTS13/TFR2/CYP1A2/ATF1/ATP7A/ADD1/PKD2/ABAT/KCNMB4/CLIC4/STIM1/FECH/ADCY7/CPNE3/PARP1/HAAO/KCNMA1/SLC30A10/ABCC9/CAMK2D/NFE2L1/ATP7B/HIF1A/TAT/HMGCS2/SUCNR1/ASS1/APP/HVCN1/RASGRP2/ITPKB/ADAM9/PRKAA1/EEF2K/CPS1/CALM1/ATP13A2/BMP6/MT1X/CYBB/HMOX1/KCNJ10/IQGAP1/MCOLN1/LGMN/CPNE2/CRHBP/VCAM1","GO_BP"
"GOBP_MIRNA_TRANSCRIPTION","GOBP_MIRNA_TRANSCRIPTION",60,-0.576835355648495,-1.65762024151836,0.00158290125859006,0.015290223785408,0.0113323541757744,1989,"tags=30%, list=16%, signal=25%","NFATC3/TEAD1/RARA/ZNF512B/NOTCH2/SMAD3/SMAD4/TGFB1/SPI1/TP53/HIF1A/SMAD6/EGR1/APP/PPARA/ETS1/RELA/NCOR2","GO_BP"
"GOBP_WOUND_HEALING","GOBP_WOUND_HEALING",357,-0.380961521576002,-1.38855109553106,0.00158851771629216,0.0153121043159048,0.0113485709378456,1923,"tags=23%, list=15%, signal=20%","FERMT3/ADAM17/DST/GPR4/F2R/F5/IGF1/ELK3/SYK/PLCG2/PIK3CG/ADAMTS13/CD9/ANGPTL6/STXBP1/MYOF/NOTCH2/TFPI2/SMAD3/DGKD/PPL/PTPN6/GATA4/CNN2/PLEK/ITGB1/WAS/FERMT2/F2RL2/MERTK/PTK2/DGKG/ALOX5/TBXA2R/B4GALT1/IL6ST/KANK1/GNAS/PECAM1/MACF1/ACTB/UBASH3B/TGFB1/PRKCA/CD44/DDR2/ACTN1/ARFGEF1/CORO1B/F8/F7/HIF1A/DCBLD2/MYH9/OCLN/LYN/MMRN1/PLG/RASA3/PPARA/MYLK/TLR4/RREB1/ANGPT2/ARHGAP35/VAV3/CYP4F11/PLEC/TLN1/PTPRJ/PEAR1/NF1/FCER1G/MYH10/P2RY12/CLASP1/ENG/NOS3/KDR/HMOX1/ACVRL1/AXL/VAV1","GO_BP"
"GOBP_EMBRYONIC_HEART_TUBE_DEVELOPMENT","GOBP_EMBRYONIC_HEART_TUBE_DEVELOPMENT",61,-0.578278618047723,-1.66921056296621,0.00159801085005487,0.0153711822608435,0.0113923565753496,1959,"tags=38%, list=15%, signal=32%","MICAL2/BBS7/SETDB2/IFT172/GREB1L/APLNR/IFT122/C2CD3/NOTCH2/PKD2/TEAD2/SMAD3/GATA4/MED1/ECE1/HIF1A/MEGF8/NOTCH1/SUFU/TGFBR2/SOX18/ENG/CITED2","GO_BP"
"GOBP_MONONUCLEAR_CELL_MIGRATION","GOBP_MONONUCLEAR_CELL_MIGRATION",175,-0.440236869700411,-1.48801415754323,0.00161408741796286,0.0154932046484713,0.0114827935063833,1921,"tags=29%, list=15%, signal=25%","ADAM17/MIF/TBX21/P2RX4/RIPK3/ITGAL/PIK3CG/CXCR2/CD9/EPS8/NEDD9/MED23/CXCL12/DOCK8/CSF1/S1PR1/CNN2/ICAM1/PTK2/ALOX5/B4GALT1/PECAM1/PTK2B/CD200R1/TGFB1/SPI1/WNK1/C3AR1/PTPRO/WASL/CCL23/LYN/PLG/C5/APP/ABL1/PLEC/CRKL/CYP7B1/PTPRJ/PIK3CD/STK10/P2RY12/CCR1/CMKLR1/CXCL16/CSF1R/LGMN/FLT1/FOLR2","GO_BP"
"GOBP_BONE_RESORPTION","GOBP_BONE_RESORPTION",48,-0.62570384962531,-1.75514641207203,0.00163399045079775,0.015526396880473,0.0115073939395887,1805,"tags=40%, list=14%, signal=34%","SYK/PTH1R/TPP1/PLEKHM1/LTBP3/RAC2/S1PR1/RAB3D/UBASH3B/PTK2B/TRAF6/PRKCA/RAB7A/LRRK1/GPR137B/NF1/INPP5D/CD38/CSF1R","GO_BP"
"GOBP_NEURAL_CREST_CELL_DIFFERENTIATION","GOBP_NEURAL_CREST_CELL_DIFFERENTIATION",71,-0.560754530509659,-1.66229952406962,0.00162925575108816,0.015526396880473,0.0115073939395887,1195,"tags=23%, list=9%, signal=21%","ZEB2/LRP6/SMAD4/NRP1/EFNB1/SEMA5A/HIF1A/SNAI2/SEMA4G/SEMA6B/SEMA4D/ENG/CDH2/SEMA6A/CITED2/NRP2","GO_BP"
"GOBP_POSITIVE_REGULATION_OF_LYMPHOCYTE_DIFFERENTIATION","GOBP_POSITIVE_REGULATION_OF_LYMPHOCYTE_DIFFERENTIATION",119,-0.500539433754206,-1.60557568493984,0.00163253393167385,0.015526396880473,0.0115073939395887,2145,"tags=30%, list=17%, signal=25%","CD74/RUNX1/IL4R/NFKBIZ/OPA1/STAT5A/PCK1/SASH3/IL12RB1/RAG1/RARA/SMARCB1/SYK/STAT5B/IL15RA/PTPRC/CD86/PRKDC/SMARCA2/ACTB/TGFB1/SPI1/CBFB/GPR65/ZMIZ1/LILRB2/NCKAP1L/ITPKB/DUSP10/TGFBR2/SOX13/EP300/INPP5D/AXL/SMARCC2/CR1","GO_BP"
"GOBP_REGULATION_OF_CELL_SHAPE","GOBP_REGULATION_OF_CELL_SHAPE",122,-0.484211370098911,-1.56169303161165,0.00163453641923999,0.015526396880473,0.0115073939395887,1670,"tags=29%, list=13%, signal=25%","FGD4/FMNL1/RHOJ/EPS8/RAC2/SYNE3/TAOK2/PRAG1/ZMPSTE24/FERMT2/PTK2/WDR1/CDC42EP4/PTK2B/PLXNB1/NF2/DIAPH1/MYH9/ARHGAP35/HCK/CCL24/FGD5/SEMA4D/FMNL3/MYH10/FGD2/BRWD3/FMNL2/CYFIP1/PLXND1/PLXNB2/KDR/ARHGEF18/CSF1R/EPB41L3","GO_BP"
"GOBP_REGULATION_OF_WNT_SIGNALING_PATHWAY","GOBP_REGULATION_OF_WNT_SIGNALING_PATHWAY",265,-0.414287089300995,-1.46611032376111,0.00163453641923999,0.015526396880473,0.0115073939395887,1561,"tags=22%, list=12%, signal=19%","TNKS/APC/GPC5/SMAD3/TLE4/TLE3/USP34/LATS1/LATS2/TRABD2B/TNKS2/IGFBP2/KREMEN1/ZEB2/CSNK2A1/HDAC1/GRB10/FRMD8/INVS/CHD8/KANK1/SMAD4/TLE2/MACF1/GID8/GSK3B/TGFB1/DAAM2/WNK1/WWOX/PTPRO/SEMA5A/UBR5/AMER1/HIC1/EGR1/SNAI2/APP/ZBED3/EDA/ABL1/NOTCH1/TSC2/DAB2/LRRK1/NRARP/CCDC88C/JUP/CSNK1A1/LRP1/SOX13/TIAM1/TBL1XR1/CDH2/TCF7L1/STK4/SKI","GO_BP"
"GOBP_EMBRYONIC_CAMERA_TYPE_EYE_MORPHOGENESIS","GOBP_EMBRYONIC_CAMERA_TYPE_EYE_MORPHOGENESIS",15,-0.789184532426402,-1.76267432320494,0.00165165504130956,0.0156564561903389,0.0116037874380713,911,"tags=60%, list=7%, signal=56%","SP3/IFT172/FRS2/KDM2B/PROX1/HIPK1/FZD5/CITED2/HIPK2","GO_BP"
"GOBP_REGULATED_EXOCYTOSIS","GOBP_REGULATED_EXOCYTOSIS",155,-0.45429138992685,-1.5076714044098,0.00165744100563542,0.0156787742334332,0.0116203284627419,2784,"tags=34%, list=22%, signal=27%","CPLX1/RAB3GAP1/SNAP23/ADGRE2/FMR1/RAB11FIP1/ITGAM/NAPA/CADPS2/SYNJ1/DOC2B/IL4R/OSBPL2/BAIAP3/CD84/IL13RA2/DNAJC5/BRAF/SYK/PRKCB/PIK3CG/GAB2/STXBP1/GIT1/SLC18A2/SYNGR1/FOXF1/RAB31/AP1G1/RAC2/PIP5K1C/RAB11B/PLEK/STX11/RPH3AL/RAB3D/STX1B/CD300A/SPI1/VAMP3/MYH9/LYN/NCKAP1L/NOTCH1/CBL/HCK/SNX6/PIK3CD/FCER1G/RAP1B/FCGR3A/TSPAN18/CRHBP","GO_BP"
"GOBP_REGULATION_OF_ACTIN_FILAMENT_POLYMERIZATION","GOBP_REGULATION_OF_ACTIN_FILAMENT_POLYMERIZATION",107,-0.499126636587718,-1.58228828114441,0.00166113489594796,0.0156812507016245,0.0116221638979221,1962,"tags=32%, list=15%, signal=27%","PLEKHG2/CTTN/ARHGAP18/KANK2/EVL/SNX9/EPS8/COTL1/SPTBN4/ADD1/ESAM/NCK2/LATS1/FLII/CDC42EP4/KANK1/PTK2B/HCLS1/DAAM2/ARFGEF1/SSH3/ADD3/NCKAP1L/TMOD3/SSH1/HCK/CCL24/CYRIA/SPTBN1/PREX1/FCHSD2/SSH2/SPTBN2/CYFIP1","GO_BP"
"GOBP_POSITIVE_REGULATION_OF_ENDOCYTOSIS","GOBP_POSITIVE_REGULATION_OF_ENDOCYTOSIS",131,-0.478118098311266,-1.55344246643272,0.00166775870418389,0.0157113185967344,0.0116444487278558,1805,"tags=31%, list=14%, signal=26%","FCGR2A/C4B/C3/FCN3/CD36/AP2A1/APPL1/SYK/APLNR/PLCG2/ANKFY1/TFR2/IL15RA/RAB31/DGKD/PTPRC/MERTK/APPL2/ARRB1/SIRPB1/CBLL1/IL2RB/PRKACA/WASL/NCKAP1L/APP/CBL/HIP1/FCN2/DAB2/PTPRJ/FCER1G/ITSN1/MYO18A/EEF2K/LRP1/TBC1D5/DOCK2/AXL/CFP","GO_BP"
"GOBP_REGULATION_OF_CARBOHYDRATE_METABOLIC_PROCESS","GOBP_REGULATION_OF_CARBOHYDRATE_METABOLIC_PROCESS",150,-0.461067179313303,-1.52771598169747,0.00167985375578034,0.0157926991978608,0.0117047639860198,2291,"tags=34%, list=18%, signal=28%","CBFA2T3/SRC/ADCY10/OGT/GPER1/AP2A1/TCF7L2/DDB1/RUBCNL/IGF1/RANBP2/PTH1R/PPP1R3G/GIT1/PRKAG2/RORA/IGF2/FOXK1/ZMPSTE24/PLEK/MIDN/GPLD1/PPARGC1A/LEPR/GRB10/GNMT/P2RY6/GSK3B/TGFB1/ARPP19/PRKACA/NFE2L1/ENPP1/USP7/TP53/HIF1A/PDK3/NCOA2/PHKA1/IRS1/APP/PPARA/ARNT/MTCL2/PRKAA1/CD244/RPTOR/SORBS1/ACACB/EP300/HDAC4","GO_BP"
"GOBP_OSTEOCLAST_DIFFERENTIATION","GOBP_OSTEOCLAST_DIFFERENTIATION",89,-0.516121823491364,-1.58409041113143,0.00172016438937937,0.0161384622075449,0.0119610263495806,1815,"tags=29%, list=14%, signal=25%","TOB2/PIK3R1/SH3PXD2A/GAB2/NOTCH2/LILRB1/NEDD9/CSF1/SBNO2/CAMK4/CEBPB/MAFB/RASSF2/UBASH3B/TRAF6/TGFB1/SPI1/TLR4/LRRK1/GPR137B/NF1/FCER1G/RPTOR/CCR1/INPP5D/CSF1R","GO_BP"
"GOBP_REGULATION_OF_POSTSYNAPSE_ORGANIZATION","GOBP_REGULATION_OF_POSTSYNAPSE_ORGANIZATION",111,-0.492802075427786,-1.56923214541644,0.00174064575380831,0.016297152559734,0.0120786397541012,2178,"tags=33%, list=17%, signal=28%","KIF1A/SENP1/LRP4/CYFIP2/IL1RAP/DOCK4/PDLIM5/FYN/ZDHHC8/TANC2/ABHD17B/SIPA1L1/NEDD9/ARHGEF15/LATS1/DOCK1/FGFR1/NEURL1/DOCK10/ABI3/UBE3B/NCKIPSD/PTK2B/RELN/CUX2/WASL/LILRB2/APP/PTPN1/ELMO1/NF1/ITSN1/EEF2K/SHANK3/PTPRS/CDH2/NRP2","GO_BP"
"GOBP_RESPONSE_TO_XENOBIOTIC_STIMULUS","GOBP_RESPONSE_TO_XENOBIOTIC_STIMULUS",327,-0.391037725429653,-1.41546014566922,0.00174499554114077,0.0163044675408429,0.0120840612546547,2139,"tags=24%, list=17%, signal=20%","TENT4A/HSF1/NPC1/PPM1F/SRD5A1/ITGB3/BLMH/SS18/CARD9/GLYAT/ADAM17/BRAF/ABCB1/EEF2/SLCO2B1/FYN/HDAC5/SLC34A1/CYP2E1/SLCO1A2/ABCA2/CYP1A2/UGT2A1/CYP26B1/RORA/HADH/UGT1A4/CYP2B6/PDE4B/ABAT/GATA4/IGFBP2/GPLD1/ABCC2/FECH/PTCH1/TBXA2R/DVL3/ACER2/ABCC1/ABCC9/PTPRM/TGFB1/NCEH1/AOX1/PMS2/TP53/ADD3/PFAS/LYN/HMGCS2/ASS1/KCNQ1/NCKAP1L/CYP2C19/CYP2S1/ABL1/SUFU/VAV3/LIPA/CRKL/ABCB11/PARP4/TGFBR2/PRKAA1/RPTOR/ACACB/ABCA1/CPS1/FABP3/HSPG2/RELA/CYBB/CD38/PDE2A/VAV1/CRHBP","GO_BP"
"GOBP_POSITIVE_REGULATION_OF_DEFENSE_RESPONSE","GOBP_POSITIVE_REGULATION_OF_DEFENSE_RESPONSE",423,-0.372021372630443,-1.37427791579315,0.00175615061964901,0.0163752085330129,0.0121364909632887,2275,"tags=23%, list=18%, signal=19%","SRC/NFKBIZ/LILRA5/CACTIN/C3/IKBKB/FCN3/CD36/STAT5A/CTSC/OGT/RSAD2/CD226/PTGER4/NLRC4/CARD9/APPL1/GPR4/GBP5/SYK/PIK3R1/FLOT2/FYN/PLCG2/PIK3CG/STAT5B/DDX3X/EPG5/POLR3B/RNF135/PAK2/CD274/AP1G1/AARS2/IL17RA/HLA-E/LATS1/LATS2/LAG3/PRKDC/IL33/CEBPB/APPL2/NONO/TLR6/MED1/IL6ST/ITCH/TRIM3/PARP1/FEM1A/PDCD4/ABCC1/CD300A/TRAF6/LILRA2/TGFB1/SPI1/YWHAE/TAB1/TLR8/MEFV/PELI1/MMRN2/UNC93B1/TLR1/PJA2/SLC15A2/LYN/SUCNR1/APP/IL16/IL17RB/TLR4/FCN2/HCK/CCL24/TNFRSF1A/RNF144A/IRAK3/FCER1G/RASGRP4/RNF31/CSNK1A1/EP300/PTPRS/LSM14A/LRCH4/ETS1/CREBBP/RELA/PDE2A/SIN3A/SCIMP/VAV1/SEC14L1","GO_BP"
"GOBP_AXON_EXTENSION","GOBP_AXON_EXTENSION",88,-0.531187253462462,-1.63020244573205,0.00176521131888222,0.0164261721302909,0.0121742626494675,2400,"tags=35%, list=19%, signal=29%","ULK1/DISC1/CLASP2/LIMK1/ADCY10/FN1/AUTS2/SEMA5B/DNM2/NTN1/BMPR2/CTTN/SPG11/CXCL12/ITGB1/ARHGAP4/USP9X/OLFM1/MACF1/GSK3B/NRP1/SMURF1/RAPH1/SEMA5A/MEGF8/ABL1/TRPC5/PTPRS/CYFIP1/SIN3A/NRP2","GO_BP"
"GOBP_CALCIUM_DEPENDENT_CELL_CELL_ADHESION_VIA_PLASMA_MEMBRANE_CELL_ADHESION_MOLECULES","GOBP_CALCIUM_DEPENDENT_CELL_CELL_ADHESION_VIA_PLASMA_MEMBRANE_CELL_ADHESION_MOLECULES",24,-0.734765433715212,-1.78722846286953,0.0017877613308027,0.0166021982122714,0.0123047244355847,183,"tags=29%, list=1%, signal=29%","DSG1/PCDHGC3/PCDH12/CDH23/CDH2/DCHS1/CDH5","GO_BP"
"GOBP_CHAPERONE_MEDIATED_PROTEIN_COMPLEX_ASSEMBLY","GOBP_CHAPERONE_MEDIATED_PROTEIN_COMPLEX_ASSEMBLY",20,0.76219941176835,1.79149384631451,0.0017978332939745,0.0166618667751916,0.0123489478097917,1056,"tags=40%, list=8%, signal=37%","PFDN6/PSMG3/PSMG2/HSP90AA1/NDUFAF1/PSMG1/MKKS/CCT2","GO_BP"
"GOBP_ERYTHROCYTE_HOMEOSTASIS","GOBP_ERYTHROCYTE_HOMEOSTASIS",137,-0.465304919593814,-1.51645813132677,0.00181272218253743,0.0167658454494201,0.0124260116369549,1418,"tags=26%, list=11%, signal=24%","RAC2/ACVR2A/VPS13A/KLF2/PTBP3/HOXA5/IKZF1/UFL1/PRKDC/HNRNPU/HOXB6/FECH/MAFB/MED1/HCLS1/SPI1/ZFPM1/LDB1/NFE2L1/HIF1A/L3MBTL3/LYN/KCNQ1/BRD1/NCKAP1L/TMOD3/ARNT/TGFBR3/EPAS1/ADGRF5/ETS1/INPP5D/HMOX1/AXL/CITED2/HIPK2","GO_BP"
"GOBP_FC_RECEPTOR_MEDIATED_STIMULATORY_SIGNALING_PATHWAY","GOBP_FC_RECEPTOR_MEDIATED_STIMULATORY_SIGNALING_PATHWAY",30,-0.700599304064337,-1.78513280721232,0.00182104183477996,0.0167748793207855,0.0124327070935635,2278,"tags=57%, list=18%, signal=47%","LIMK1/SRC/CD226/APPL1/YES1/SYK/FYN/PTPRC/PTK2/APPL2/LYN/ABL1/VAV3/HCK/PTPRJ/FCER1G/VAV1","GO_BP"
"GOBP_REGULATION_OF_UBIQUITIN_PROTEIN_LIGASE_ACTIVITY","GOBP_REGULATION_OF_UBIQUITIN_PROTEIN_LIGASE_ACTIVITY",14,0.797144500808,1.73050040907196,0.00182025948890973,0.0167748793207855,0.0124327070935635,1772,"tags=50%, list=14%, signal=43%","RPS7/CDC20/SKP1/MAD2L1/RPL11/PLK1/RPL5","GO_BP"
"GOBP_RESPONSE_TO_FLUID_SHEAR_STRESS","GOBP_RESPONSE_TO_FLUID_SHEAR_STRESS",38,-0.637078878159896,-1.69646482187877,0.00183540902874272,0.0168732069463289,0.0125055826442133,1447,"tags=50%, list=11%, signal=44%","SRC/MTSS1/PKD1/P2RX4/PKD2/KLF2/PTK2/GNAS/PTK2B/TGFB1/PRKACA/SMAD6/ASS1/PTPN1/ABL1/PLEC/ABCA1/NOS3/CITED2","GO_BP"
"GOBP_NEGATIVE_REGULATION_OF_GLIOGENESIS","GOBP_NEGATIVE_REGULATION_OF_GLIOGENESIS",25,-0.718647561068941,-1.76666364443623,0.00184267797539121,0.0169056120698899,0.0125295997117498,838,"tags=32%, list=7%, signal=30%","DAAM2/TP53/NF2/NOTCH1/DUSP10/NF1/DICER1/SKI","GO_BP"
"GOBP_PROTEIN_FOLDING","GOBP_PROTEIN_FOLDING",189,0.428022362599428,1.47873299106635,0.00184633408248524,0.0169056120698899,0.0125295997117498,2318,"tags=31%, list=18%, signal=26%","PFDN6/CCT4/HSPE1/PFDN5/FKBP2/ERP29/PDCD5/PDCL3/MESD/PFDN4/DNAJC7/BAG1/PPIB/CCT6A/TTC1/CCT5/DNAJA1/HSP90AA1/PPIL1/MPDU1/NUDC/DNAJC2/MKKS/CDC37L1/METTL21A/BAG2/CCT2/SDF2/PPIH/DNAJB2/VBP1/SELENOF/HSPA5/TBCC/PPIC/NUDCD2/NKTR/PDRG1/PPIG/SIL1/DNAJC24/DNAJB5/CCT3/CWC27/HSP90AB1/SDHAF4/TBCA/WDR83OS/ZPR1/FKBP10/AHSA1/PPID/HSPA14/CRYAB/DFFA/CLGN/DNAJB1/PFDN1/RIC3","GO_BP"
"GOBP_REGULATION_OF_DNA_BIOSYNTHETIC_PROCESS","GOBP_REGULATION_OF_DNA_BIOSYNTHETIC_PROCESS",79,0.523178396612654,1.60441283334578,0.00186857907143084,0.017075075554735,0.0126551976269327,1234,"tags=27%, list=10%, signal=24%","CCT4/PCNA/MEAF6/JADE1/RFC4/HNRNPD/CCT6A/PDGFA/CCT5/DUSP1/DKC1/CHTF8/HSP90AA1/DNAJC2/CCNA2/CDKN1A/FGF2/USP1/CCT2/NIBAN2/TINF2","GO_BP"
"GOBP_RESPIRATORY_SYSTEM_DEVELOPMENT","GOBP_RESPIRATORY_SYSTEM_DEVELOPMENT",172,-0.457277505185531,-1.54576023454967,0.0018761136644608,0.0171097072513402,0.0126808649197823,2387,"tags=27%, list=19%, signal=23%","RBP4/TULP3/THRA/TGFB3/PDGFRA/MME/SP3/DAG1/PKD1/STK40/BMPR2/RARA/IGF1/SELENON/DLG5/CYP1A2/LTBP3/FOXF1/ATP7A/LOXL3/KLF2/MAN2A1/HOXA5/BAG6/FGFR1/HEG1/IGFBP5/TGFB1/TAB1/PROX1/CIC/HMGCS2/ASS1/ESRP2/EDA/NOTCH1/LIPA/TGFBR2/EPAS1/EP300/BASP1/NOS3/KDR/FGFRL1/FLT4/HIPK2/SKI","GO_BP"
"GOBP_REGULATION_OF_LEUKOCYTE_ADHESION_TO_VASCULAR_ENDOTHELIAL_CELL","GOBP_REGULATION_OF_LEUKOCYTE_ADHESION_TO_VASCULAR_ENDOTHELIAL_CELL",23,-0.729453949428231,-1.77442479999449,0.00189687207044809,0.0172645587447756,0.0127956331529283,1516,"tags=30%, list=12%, signal=27%","NFAT5/CXCL12/ALOX5/TRAF6/ETS1/RELA/GCNT1","GO_BP"
"GOBP_INSULIN_RECEPTOR_SIGNALING_PATHWAY","GOBP_INSULIN_RECEPTOR_SIGNALING_PATHWAY",114,-0.481214832053239,-1.54055722703599,0.00192710110742735,0.0175048209937088,0.0129737035944204,2916,"tags=51%, list=23%, signal=40%","SREBF1/SOCS7/PID1/EIF4EBP2/PRKCD/NCL/SORL1/PAK1/PDK4/SOCS1/SNX5/ZNF106/SIRT1/PTPRE/PIP4K2B/FOXO4/BLVRB/PIK3CA/PIK3C2A/MAPK1/FER/NDEL1/SESN3/LONP1/OSBPL8/OGT/PIK3R3/CUL7/APPL1/IGF1/PIK3R1/PRKCB/APC/IGF2/FBXW8/GPLD1/NCOA5/GRB10/SH2B2/KANK1/IGF1R/GSK3B/SOS1/ENPP1/SIK2/IRS1/PTPN1/TNS2/TSC2/PIP4K2A/GAB1/PTPRJ/C2CD5/MTCL2/PRKAA1/SORBS1/ZNF592/RELA","GO_BP"
"GOBP_CARDIOCYTE_DIFFERENTIATION","GOBP_CARDIOCYTE_DIFFERENTIATION",119,-0.493470759856621,-1.58290156544119,0.00194648844251213,0.0176458446306308,0.0130782233073549,2276,"tags=32%, list=18%, signal=26%","CTDP1/PDGFRA/OBSL1/RARB/GPER1/RARA/PDLIM5/MEF2A/IGF1/GREB1L/AKAP6/TSC1/HEY2/FRS2/KDM6B/ZMPSTE24/GATA4/ITGB1/HNRNPU/CTCF/SMAD4/PDCD4/TGFB1/PROX1/AKAP13/MAML1/PPARA/NOTCH1/EFNB2/PLEC/BMP10/TGFBR3/MYH10/SOX18/ENG/SLC8A1/CITED2/VCAM1","GO_BP"
"GOBP_REGULATION_OF_LONG_TERM_SYNAPTIC_POTENTIATION","GOBP_REGULATION_OF_LONG_TERM_SYNAPTIC_POTENTIATION",31,-0.684283725416386,-1.7598517229042,0.00196913171917358,0.0178157679701071,0.0132041620439425,874,"tags=29%, list=7%, signal=27%","GSK3B/RELN/LILRB2/APP/ABL1/NF1/YTHDF1/SHANK3/LGMN","GO_BP"
"GOBP_VASCULAR_ENDOTHELIAL_GROWTH_FACTOR_PRODUCTION","GOBP_VASCULAR_ENDOTHELIAL_GROWTH_FACTOR_PRODUCTION",26,-0.703434101165483,-1.74391041805244,0.0019974285189521,0.0179297660178627,0.0132886517329519,1509,"tags=38%, list=12%, signal=34%","RORA/GATA4/IL6ST/TGFB1/C3AR1/HIF1A/C5/ARNT/RELA/FLT4","GO_BP"
"GOBP_DEOXYRIBONUCLEOTIDE_METABOLIC_PROCESS","GOBP_DEOXYRIBONUCLEOTIDE_METABOLIC_PROCESS",42,0.640780766917156,1.73832277014901,0.00199464898129593,0.0179297660178627,0.0132886517329519,2149,"tags=36%, list=17%, signal=30%","TYMS/DCTPP1/RRM2/SMUG1/NUDT15/DUT/TDG/TBPL1/DGUOK/DTYMK/NUDT18/UPP2/ADK/NT5M/NTHL1","GO_BP"
"GOBP_B_CELL_PROLIFERATION","GOBP_B_CELL_PROLIFERATION",65,-0.556626273663512,-1.62238137901095,0.00199157769967589,0.0179297660178627,0.0132886517329519,2435,"tags=35%, list=19%, signal=29%","MEF2C/PCYT1A/CD74/CD22/PLCL2/NFKBIZ/SASH3/MIF/SLC39A10/TCF3/PTPRC/TNFRSF21/CD300A/PELI1/LYN/NCKAP1L/TLR4/ABL1/VAV3/CD180/PRLR/INPP5D/CD38","GO_BP"
"GOBP_POSITIVE_REGULATION_OF_CYTOSKELETON_ORGANIZATION","GOBP_POSITIVE_REGULATION_OF_CYTOSKELETON_ORGANIZATION",157,-0.446569566113554,-1.48560701445487,0.00199464898129593,0.0179297660178627,0.0132886517329519,2311,"tags=31%, list=18%, signal=26%","TGFB3/LIMK1/MTSS1/VPS4B/PPM1F/CEP120/SORBS3/BRAF/RAPGEF3/CTTN/DCTN1/EVL/GIT1/SNX9/ARHGEF10L/SMAD3/ARHGEF15/NCK2/FHOD1/PLEK/FERMT2/WDR1/SYNPO2/CDC42EP4/MET/PDXP/MECP2/PTK2B/NRP1/PROX1/CKAP5/NF2/ADD3/GPR65/SEMA5A/DYNC1H1/LIMCH1/OCLN/MAPRE1/NCKAP1L/ROCK2/NUMA1/ABL1/HCK/CCL24/BMP10/CLASP1/FCHSD2/CYFIP1","GO_BP"
"GOBP_MICROVILLUS_ORGANIZATION","GOBP_MICROVILLUS_ORGANIZATION",29,-0.69474393434275,-1.74671679071989,0.00202511564693757,0.0181426537075642,0.0134464335112449,782,"tags=17%, list=6%, signal=16%","RAPGEF2/TNIK/RAP1B/FSCN1/MINK1","GO_BP"
"GOBP_EMBRYONIC_ORGAN_MORPHOGENESIS","GOBP_EMBRYONIC_ORGAN_MORPHOGENESIS",168,-0.453486013538566,-1.51967903286658,0.00205810221574022,0.0184020920229297,0.0136387163004146,2444,"tags=29%, list=19%, signal=23%","EPHA2/WDR19/RBP4/TULP3/TRIOBP/PDGFRA/SP3/RARB/IFT140/NTN1/MICAL2/BBS7/SETDB2/IFT172/APLNR/C2CD3/NOTCH2/FRS2/FOXF1/PKD2/TEAD2/SMAD3/CHST11/TSHZ1/GATA4/HOXA5/FGFR1/HOXB6/MAFB/MTHFD1/KDM2B/MYO7A/NDST1/PROX1/HIF1A/MEGF8/KCNQ1/HIPK1/NOTCH1/SUFU/FZD5/TGFBR2/SOX18/ENG/MED12/CDH23/CITED2/HIPK2","GO_BP"
"GOBP_SOMATIC_STEM_CELL_POPULATION_MAINTENANCE","GOBP_SOMATIC_STEM_CELL_POPULATION_MAINTENANCE",53,-0.60463517486251,-1.71787355760377,0.00206569372145006,0.018433895729112,0.0136622876272715,2001,"tags=30%, list=16%, signal=26%","TAL1/BRAF/MED15/MED24/BCL9/MED28/ZHX2/MED14/SPI1/NR5A2/LDB1/BCL9L/LRP5/MED12/LDB2/SKI","GO_BP"
"GOBP_POSTSYNAPTIC_DENSITY_ORGANIZATION","GOBP_POSTSYNAPTIC_DENSITY_ORGANIZATION",30,-0.693604390197673,-1.76730970896691,0.00207345573000398,0.0184670940163513,0.0136868925483181,2608,"tags=53%, list=20%, signal=43%","PTPRD/LRFN1/SLITRK3/ITGB3/IL1RAP/GIT1/LATS1/FGFR1/ABI3/PTK2B/RELN/LILRB2/SHANK3/PTPRS/LRRC4/CDH2","GO_BP"
"GOBP_PROTEASOME_MEDIATED_UBIQUITIN_DEPENDENT_PROTEIN_CATABOLIC_PROCESS","GOBP_PROTEASOME_MEDIATED_UBIQUITIN_DEPENDENT_PROTEIN_CATABOLIC_PROCESS",406,0.370884980111486,1.37144010096625,0.0020828582519419,0.0185147458231956,0.0137222096999736,2138,"tags=25%, list=17%, signal=22%","PSMC6/SEM1/RNF7/PSMA1/PSMD13/TRIM39/PSMA6/PSMA7/PSMC1/DDIT3/DESI1/PSMD14/ANAPC10/PSMA3/UBE2B/PSMB1/PSMA4/DCAF13/PSMA5/TAF9/PSMB6/HFE/PSMD7/PARK7/CDC20/ANAPC16/CAMLG/NHLRC1/KLHL29/SKP1/CSNK1E/PSMC5/UBE2N/PSMB10/FBXO22/PSMB3/FBXO44/TRIB3/PSMB2/CSNK2B/RBX1/TRAF4/UBE2A/UBXN2A/PSMB5/RPL11/COMMD1/PSMD1/RNF170/KLHL7/FBXO2/PSMB4/DERL1/NEMF/KBTBD6/ANAPC13/ARIH2/BAG2/ANAPC15/RNF4/EIF3H/COP1/SPSB2/DNAJB2/GIPC1/SUMO1/PSMD4/UBE3D/DDRGK1/PLK1/NAGLU/PPP2CB/IFI27/PSMD10/PSMB8/FBXO27/FBXO6/PLAA/MDM2/GABARAP/SIAH2/ANAPC7/PSMB7/HSP90AB1/GLMN/TRIM38/CEBPA/PSMC3/AXIN2/SUMO2/ERCC8/TRIM13/DTL/FBXO45/CRBN/FHIT/AURKA/USP5/RNF187/CDC26/NSFL1C/USP38","GO_BP"
"GOBP_REGULATION_OF_LIPOPOLYSACCHARIDE_MEDIATED_SIGNALING_PATHWAY","GOBP_REGULATION_OF_LIPOPOLYSACCHARIDE_MEDIATED_SIGNALING_PATHWAY",27,-0.704910134782572,-1.74899050228793,0.00210325178911279,0.0186425363571045,0.0138169216944408,2227,"tags=44%, list=17%, signal=37%","CACTIN/CD36/MIF/CD55/PTPN6/TRAF6/LILRA2/PRKCA/CD180/BMP6/SASH1/SCIMP","GO_BP"
"GOBP_NEGATIVE_REGULATION_OF_MIRNA_METABOLIC_PROCESS","GOBP_NEGATIVE_REGULATION_OF_MIRNA_METABOLIC_PROCESS",26,-0.701679071005166,-1.73955945557351,0.00210539478228626,0.0186425363571045,0.0138169216944408,1989,"tags=42%, list=16%, signal=36%","NFATC3/RARA/ZNF512B/SMAD3/QKI/TGFB1/HIF1A/APP/PPARA/RELA/NCOR2","GO_BP"
"GOBP_CELL_KILLING","GOBP_CELL_KILLING",161,-0.455609871272654,-1.52129929554594,0.00213342138444842,0.0188541630668179,0.0139737688970184,1822,"tags=20%, list=14%, signal=17%","RIPK3/GBP5/PIK3R1/STAT5B/FCGR3B/CD55/LYST/LILRB1/AP1G1/PTPRC/PLEKHM2/CXCL12/HLA-E/PTPN6/LAG3/ICAM1/NCF1/TGFB1/SPI1/SERPINB9/NCKAP1L/C5/PRF1/RNF19B/DNASE1L3/ATN1/FCGR3A/INPP5D/HMGN2/VAV1/CD5L/CR1","GO_BP"
"GOBP_LYMPH_VESSEL_DEVELOPMENT","GOBP_LYMPH_VESSEL_DEVELOPMENT",26,-0.701127091312401,-1.73819102157923,0.00214138356777193,0.0188879952145752,0.0139988436039876,2444,"tags=62%, list=19%, signal=50%","EPHA2/LGALS8/NR2F2/VASH1/NPR2/PKD1/BMPR2/SYK/TIE1/HEG1/PROX1/EFNB2/SOX18/KDR/ACVRL1/FLT4","GO_BP"
"GOBP_EXOCYTOSIS","GOBP_EXOCYTOSIS",268,-0.403721537629496,-1.42866401333073,0.00214733491739156,0.0189039946773835,0.0140107016108887,2784,"tags=33%, list=22%, signal=27%","CPLX1/RAB3GAP1/SNAP23/ADGRE2/FMR1/RAB12/RAB11FIP1/ITGAM/LLGL2/PIK3C2A/NAPA/CADPS2/LIN7C/SYNJ1/TNFAIP2/VPS11/RAB11A/DOC2B/CLASP2/IL4R/OSBPL2/BAIAP3/CD84/VPS4B/IL13RA2/RALB/DNAJC5/EXOC1/EXOC3L1/EXOC8/BRAF/SYK/PRKCB/PIK3CG/VSNL1/GAB2/ARFGEF2/STXBP1/GIT1/SLC18A2/SYNGR1/HGS/FOXF1/MICAL3/RAB31/AP1G1/TXLNA/RAC2/PIP5K1C/RAB11B/PLEK/TRAPPC11/SCAMP1/STX11/LLGL1/RPH3AL/GNAO1/RAB3D/STX1B/CD300A/PRKCA/SPI1/VAMP3/TPCN2/ARFGEF1/MYH9/LYN/EXOC6B/RAB7A/NCKAP1L/RAB8B/SMCR8/RAB8A/NOTCH1/CBL/HCK/SNX6/PIK3CD/FCER1G/RAP1B/ITSN1/EXOC3L2/MYH10/CCR1/CLASP1/ATP13A2/FCGR3A/TSPAN18/CRHBP","GO_BP"
"GOBP_REGULATION_OF_MEMBRANE_POTENTIAL","GOBP_REGULATION_OF_MEMBRANE_POTENTIAL",238,-0.413469251503094,-1.44675321150953,0.00215162101503107,0.0189053008032249,0.0140116696464675,2773,"tags=31%, list=22%, signal=24%","RAB3GAP1/ABCD1/MFN1/EIF4A3/FMR1/ATP1B1/UCP2/MEF2C/KCNK13/GNA14/GPD1L/NNT/FHL1/HCN3/CHCHD10/KCNK3/SRC/DMD/ADCY10/ANK3/CD36/NPR2/GPER1/RGS7BP/KCNK5/P2RX4/AKAP6/SLC34A1/CTNNA3/GPR88/KCNC3/PIEZO2/SMAD3/NUP155/ZMPSTE24/ABAT/KCNMB4/WDR1/KCND3/MET/PARP1/MECP2/KCNMA1/STX1B/PTK2B/GSK3B/ABCC9/RELN/CAMK2D/YWHAE/CUX2/KCNC4/DSC2/KCNQ1/APP/CRTC1/CHRNE/PIEZO1/ABL1/TRPC5/ATP1B2/SSH1/LIPA/SCN1B/JUP/UBB/CALM1/EHD3/SHANK3/SLC8A1/KDR/KCNJ2/KCNJ10","GO_BP"
"GOBP_INFLAMMATORY_RESPONSE_TO_WOUNDING","GOBP_INFLAMMATORY_RESPONSE_TO_WOUNDING",22,-0.733586906847765,-1.77706990980256,0.00216049351193363,0.0189468231401627,0.0140424439395706,2386,"tags=55%, list=19%, signal=44%","GRN/NFKBIZ/F2R/GIT1/PTPN6/IL33/ALOX5/TGFB1/HIF1A/SIGLEC10/TLR4/HMOX1","GO_BP"
"GOBP_REGULATION_OF_LEUKOCYTE_MIGRATION","GOBP_REGULATION_OF_LEUKOCYTE_MIGRATION",172,-0.4526792954902,-1.53021665408363,0.00221046045705489,0.0193478808970954,0.0143396880224755,1432,"tags=22%, list=11%, signal=20%","NEDD9/RAC2/MED23/CXCL12/DOCK8/CSF1/CNN2/ICAM1/PTK2/IL33/RIN3/PTK2B/CD300A/CD200R1/TGFB1/SPI1/WNK1/F7/C3AR1/WASL/LYN/NCKAP1L/C5/APP/ABL1/CRKL/CCL24/PTPRJ/NF1/STK10/P2RY12/CCR1/CMKLR1/GCNT1/HMOX1/LYVE1/CSF1R/LGMN","GO_BP"
"GOBP_REGULATION_OF_CD4_POSITIVE_ALPHA_BETA_T_CELL_ACTIVATION","GOBP_REGULATION_OF_CD4_POSITIVE_ALPHA_BETA_T_CELL_ACTIVATION",65,-0.55420908058901,-1.61533606113952,0.00221492603373581,0.0193498987536117,0.0143411835574683,2989,"tags=42%, list=23%, signal=32%","HLA-DRA/VSIR/SOCS1/HLX/RC3H2/NLRP3/BRD4/CBLB/RUNX1/IL4R/NFKBIZ/OPA1/STAT5A/SASH3/IL12RB1/RARA/TBX21/CD55/CD274/LOXL3/CD86/ITCH/CBFB/GPR65/NCKAP1L/TGFBR2/EP300","GO_BP"
"GOBP_EXCITATORY_SYNAPSE_ASSEMBLY","GOBP_EXCITATORY_SYNAPSE_ASSEMBLY",29,-0.693311328931153,-1.74311495153394,0.00224404143475366,0.0195668422049418,0.0145019712647701,1337,"tags=52%, list=10%, signal=46%","PTPRD/LRFN1/SLITRK3/ADGRL2/IL1RAP/SRGAP2/LATS1/FGFR1/ABI3/PTK2B/RELN/SHANK3/PTPRS/LRRC4/PLXNB2","GO_BP"
"GOBP_INTERLEUKIN_6_PRODUCTION","GOBP_INTERLEUKIN_6_PRODUCTION",114,-0.4757154940758,-1.52295169141917,0.00233086352356382,0.0202851722650726,0.0150343618151475,1390,"tags=25%, list=11%, signal=22%","IL17RA/KLF2/PTPN6/IL33/CEBPB/ARRB1/LAPTM5/TLR6/CD200R1/TRAF6/LILRA2/TGFB1/TLR8/MBP/UNC93B1/TLR1/LILRB2/NCKAP1L/APP/IL16/TLR4/ARHGEF2/IRAK3/FCER1G/ELF4/INPP5D/RELA/SCIMP","GO_BP"
"GOBP_TOLL_LIKE_RECEPTOR_SIGNALING_PATHWAY","GOBP_TOLL_LIKE_RECEPTOR_SIGNALING_PATHWAY",70,-0.541040199649879,-1.59536497334038,0.00235514765551119,0.0204187279659025,0.0151333466648947,1004,"tags=27%, list=8%, signal=25%","NFKBIZ/CACTIN/IKBKB/CD36/PLCG2/CD274/TLR6/CD300A/TRAF6/YWHAE/TLR8/UNC93B1/TLR1/APP/TLR4/IRAK3/LRCH4/RELA/SCIMP","GO_BP"
"GOBP_DICARBOXYLIC_ACID_TRANSPORT","GOBP_DICARBOXYLIC_ACID_TRANSPORT",70,-0.541034428171948,-1.59534795498622,0.00235514765551119,0.0204187279659025,0.0151333466648947,1608,"tags=23%, list=13%, signal=20%","STXBP1/SLC1A5/SEPTIN2/PER2/ABAT/ITGB1/APBA1/SLC46A1/ABCC2/TTYH2/LRRC8C/SLC25A32/NF1/SLC16A1/KCNJ10/FOLR2","GO_BP"
"GOBP_REGULATION_OF_MUSCLE_HYPERTROPHY","GOBP_REGULATION_OF_MUSCLE_HYPERTROPHY",52,-0.58677571102618,-1.66498541052957,0.00236656093551786,0.0204788199136006,0.0151778838308631,1846,"tags=40%, list=14%, signal=35%","P2RX4/MEF2A/IGF1/APLNR/AKAP6/ATP2B4/SMAD3/ARRB1/IGFBP5/IL6ST/PARP1/SMAD4/TNFRSF1B/PRKCA/CAMK2D/PPARA/ROCK2/NOTCH1/TNFRSF1A/BMP10/ACACB","GO_BP"
"GOBP_REGULATION_OF_B_CELL_PROLIFERATION","GOBP_REGULATION_OF_B_CELL_PROLIFERATION",50,-0.602386879119465,-1.6908916904334,0.00238056425466293,0.0205240936495923,0.015211438474557,2025,"tags=30%, list=16%, signal=25%","SASH3/MIF/SLC39A10/TCF3/PTPRC/TNFRSF21/CD300A/PELI1/LYN/NCKAP1L/TLR4/VAV3/PRLR/INPP5D/CD38","GO_BP"
"GOBP_T_CELL_DIFFERENTIATION_INVOLVED_IN_IMMUNE_RESPONSE","GOBP_T_CELL_DIFFERENTIATION_INVOLVED_IN_IMMUNE_RESPONSE",77,-0.519931933345473,-1.55857728205455,0.00238526892710298,0.0205240936495923,0.015211438474557,3085,"tags=39%, list=24%, signal=30%","ENTPD7/HLA-DRA/IL6R/STAT3/HLX/RC3H2/NLRP3/BRD4/IL4R/NFKBIZ/OPA1/STAT5A/PCK1/PTGER4/IL12RB1/RARA/TBX21/PIK3R1/TSC1/RORA/ATP7A/LOXL3/CD86/IL6ST/ZFPM1/GPR65/FGL2/FCER1G/JAK1/EP300","GO_BP"
"GOBP_RESPONSE_TO_ENDOPLASMIC_RETICULUM_STRESS","GOBP_RESPONSE_TO_ENDOPLASMIC_RETICULUM_STRESS",252,0.394231567112009,1.40112085474727,0.0023818031665537,0.0205240936495923,0.015211438474557,1571,"tags=20%, list=12%, signal=18%","SELENOS/PSMC6/RNF7/NRBF2/DDIT3/MANF/ERP29/PTPN2/TBL2/ERLEC1/DERL2/SEC61B/SELENOK/ATF3/JAGN1/COPS5/TMCO1/PARK7/TMEM258/NHLRC1/FBXO44/TRIB3/ATF4/SERP1/ATG10/BAX/UBXN2A/BCAP31/TMEM129/CASP4/CREB3/FBXO2/DERL1/JUN/DERL3/UFC1/CDK5RAP3/DNAJB2/BBC3/HSPA5/SVIP/SERP2/DDRGK1/BCL2L1/PPP2CB/UBE2J1/FBXO27/TXNDC12/FBXO6/RNFT1","GO_BP"
"GOBP_POSITIVE_REGULATION_OF_BMP_SIGNALING_PATHWAY","GOBP_POSITIVE_REGULATION_OF_BMP_SIGNALING_PATHWAY",27,-0.702424407191786,-1.74282302967966,0.00240105006082888,0.0205575569698293,0.0152362398248934,1573,"tags=37%, list=12%, signal=33%","NOTCH2/GATA4/ZNF423/UBE2O/NUMA1/NOTCH1/ENG/KDR/ACVRL1/CDH5","GO_BP"
"GOBP_EPITHELIAL_TO_MESENCHYMAL_TRANSITION","GOBP_EPITHELIAL_TO_MESENCHYMAL_TRANSITION",136,-0.461238851198327,-1.50327677122291,0.00240265603455655,0.0205575569698293,0.0152362398248934,1643,"tags=26%, list=13%, signal=23%","CUL7/TCF7L2/SLC39A10/IGF1/DLG5/HEY2/KAT8/SMAD3/LOXL3/FERMT2/FGFR1/NCAM1/PTK2/LRP6/QKI/OLFM1/SMAD4/PDCD4/GSK3B/TGFB1/SPRED1/HIF1A/AKNA/NOTCH4/SNAI2/ROCK2/NOTCH1/DAB2/BCL9L/TGFBR2/TGFBR3/KDM1A/TIAM1/ENG/RFLNB/ACVRL1","GO_BP"
"GOBP_CELL_CYCLE_CHECKPOINT_SIGNALING","GOBP_CELL_CYCLE_CHECKPOINT_SIGNALING",155,0.445634628225549,1.49827974480643,0.00240115576693472,0.0205575569698293,0.0152362398248934,1528,"tags=19%, list=12%, signal=17%","PRAP1/RPS27L/TRIAP1/BABAM1/TRIM39/PSMG2/DONSON/CDC20/BIRC5/DUSP1/RNASEH2B/MAD2L1/CCNB1/SYF2/CDK1/TIPRL/RBBP8/NDC80/RHNO1/CDKN1A/LCMT1/MAD2L1BP/ANAPC15/NAE1/CDK5RAP3/E2F1/STK38/CHEK1/PLK1/FBXO6","GO_BP"
"GOBP_POSITIVE_REGULATION_OF_DNA_BIOSYNTHETIC_PROCESS","GOBP_POSITIVE_REGULATION_OF_DNA_BIOSYNTHETIC_PROCESS",43,0.616655090890103,1.68495555673112,0.00244551395084423,0.0208851462456211,0.0154790327198542,1056,"tags=30%, list=8%, signal=28%","CCT4/PCNA/RFC4/HNRNPD/CCT6A/CCT5/DKC1/CHTF8/HSP90AA1/CCNA2/FGF2/USP1/CCT2","GO_BP"
"GOBP_POSITIVE_REGULATION_OF_SMAD_PROTEIN_SIGNAL_TRANSDUCTION","GOBP_POSITIVE_REGULATION_OF_SMAD_PROTEIN_SIGNAL_TRANSDUCTION",33,-0.658372481454866,-1.71380266717066,0.00245810017247468,0.0209346779806748,0.0155157431808943,1406,"tags=52%, list=11%, signal=46%","TGFB3/JAK2/GLCE/BMPR2/SMAD3/ACVR2A/PARP1/SMAD4/TGFB1/DAB2/TGFBR2/BMP10/BMPER/TGFBR3/ENG/BMP6/ACVRL1","GO_BP"
"GOBP_REGULATION_OF_MONOATOMIC_ION_TRANSPORT","GOBP_REGULATION_OF_MONOATOMIC_ION_TRANSPORT",259,-0.398766274961487,-1.41424303169075,0.00246047758275823,0.0209346779806748,0.0155157431808943,2264,"tags=27%, list=18%, signal=22%","SESTD1/DMD/LILRA5/KCNJ12/ANK3/CD84/GPER1/ITGB3/NIPSNAP2/HOMER2/PACSIN3/F2R/ABCB1/P2RX4/HTT/SELENON/APLNR/FYN/STOM/PIK3CG/AKAP6/ATP2B4/SPG11/ACTN4/SPTBN4/LILRB1/PKD2/PDE4B/EPB41/CXCL12/RAB11B/PTPN6/MLLT6/STIM1/TSPAN13/WNK3/P2RY6/UBASH3B/PTK2B/ABCC9/LILRA2/TGFB1/CAMK2D/YWHAE/WNK1/PRKACA/CLIC2/DIAPH1/LYN/LILRB2/KCNQ1/CD4/APP/IL16/MYLK/UBR3/ABL1/ATP1B2/SCN1B/P2RY12/UTRN/CCR1/CALM1/SLC8A1/FXYD6/NOS3/KCNJ2/KCNJ10/KCNAB1","GO_BP"
"GOBP_NEGATIVE_REGULATION_OF_RHO_PROTEIN_SIGNAL_TRANSDUCTION","GOBP_NEGATIVE_REGULATION_OF_RHO_PROTEIN_SIGNAL_TRANSDUCTION",22,-0.727892721522061,-1.76327609027185,0.00248188239809149,0.0210775477265428,0.0156216311380558,1225,"tags=45%, list=10%, signal=41%","ITGB1/HEG1/MET/KCTD10/KANK1/ARHGAP42/ARHGAP35/RASIP1/RIPOR1/DLC1","GO_BP"
"GOBP_COGNITION","GOBP_COGNITION",211,-0.427405410827561,-1.47348770037424,0.0024936902419713,0.0211385356504023,0.0156668323570387,1931,"tags=22%, list=15%, signal=19%","RAG1/BRAF/RAPGEF3/VPS13B/HTT/FYN/TSC1/ZNF385A/SPG11/GIT1/PIAS1/GPR88/B3GAT1/NEDD9/ATP8A1/PRKAR2B/ITGB1/CAMK4/CEBPB/SLC6A1/GNAS/MECP2/RELN/PRKCA/CUX2/PJA2/HIF1A/HRH1/CIC/LILRB2/APP/PDE1B/BTBD9/CRTC1/ABL1/NF1/MAN2B1/SHROOM4/CPEB3/YTHDF1/POMK/EP300/SHANK3/CYFIP1/KCNAB1/LGMN/CRHBP","GO_BP"
"GOBP_DNA_BIOSYNTHETIC_PROCESS","GOBP_DNA_BIOSYNTHETIC_PROCESS",144,0.460277601282304,1.53745572468507,0.00250127210432658,0.0211635411938299,0.0156853652234281,1318,"tags=21%, list=10%, signal=19%","CCT4/PCNA/NOP10/MEAF6/POLE3/TYMS/JADE1/RFC4/HNRNPD/POLE4/CCT6A/PDGFA/CCT5/DUSP1/DKC1/TK1/CHTF8/HSP90AA1/POLB/DNAJC2/CCNA2/GAR1/CDKN1A/FGF2/USP1/CCT2/SPHK1/NIBAN2/TINF2/NHP2","GO_BP"
"GOBP_PEPTIDYL_SERINE_MODIFICATION","GOBP_PEPTIDYL_SERINE_MODIFICATION",77,-0.518688676716884,-1.55485042587817,0.00253093145734231,0.0213749091101609,0.0158420206212087,2562,"tags=31%, list=20%, signal=25%","EGFR/GALNT2/PIKFYVE/PRKD1/ULK1/SMG1/IKBKB/NEK6/NSD1/PCK1/PKD1/BRAF/TNKS/ERCC6/PRKDC/RASSF2/GSK3B/PRKACA/PDK3/HIPK3/ERN1/LMTK2/STK4/HIPK2","GO_BP"
"GOBP_NEGATIVE_REGULATION_OF_DEVELOPMENTAL_GROWTH","GOBP_NEGATIVE_REGULATION_OF_DEVELOPMENTAL_GROWTH",65,-0.549622207878571,-1.60196684515852,0.00254994949485853,0.0214562048655776,0.0159022729959482,1520,"tags=26%, list=12%, signal=23%","SOCS2/FGFR3/RAI1/ARHGAP4/JARID2/PTCH1/GNAS/PLAC8/NRP1/SEMA5A/PPARA/DUSP10/WWC3/SPAG9/PTPRS/STK4/LGMN","GO_BP"
"GOBP_REGULATION_OF_ENDOCYTOSIS","GOBP_REGULATION_OF_ENDOCYTOSIS",252,-0.401723790910277,-1.41755328014496,0.00254602647597457,0.0214562048655776,0.0159022729959482,2512,"tags=30%, list=20%, signal=24%","RUBCN/LRPAP1/BMP2K/PRKD1/CBLB/NUMB/CYBA/CD22/NEU3/FCGR2A/C4B/SRC/C3/RUFY2/MCTP1/FCN3/CD36/ITGB3/AP2A1/APPL1/PACSIN3/VAMP4/SYK/APLNR/PLCG2/ANKFY1/TFR2/ABCA2/SNX9/IL15RA/RAB31/LILRB1/DGKD/PTPRC/CNN2/MERTK/ZFYVE16/APPL2/ARRB1/RIN3/SIRPB1/ACTB/CBLL1/STX1B/CD300A/TGFB1/IL2RB/PRKACA/WASL/RUFY1/NCKAP1L/APP/PTPN1/BTBD9/MYLK/ABL1/CBL/EFNB2/TSC2/HIP1/FCN2/HCK/DAB2/ANKRD13A/PTPRJ/FCER1G/ITSN1/MYO18A/EEF2K/LRP1/TBC1D5/DOCK2/DYSF/AXL/CFP","GO_BP"
"GOBP_NEUTRAL_AMINO_ACID_TRANSPORT","GOBP_NEUTRAL_AMINO_ACID_TRANSPORT",42,-0.631971350433133,-1.72904220006248,0.00258400444194197,0.0216629656793264,0.0160555138381986,1610,"tags=33%, list=13%, signal=29%","LLGL2/SLC38A3/SLC25A13/SLC25A12/SLC36A1/SLC1A5/SFXN2/SLC6A6/SLC38A4/SLC43A2/SLC7A7/NFE2L1/SERINC3/SLC7A8","GO_BP"
"GOBP_REGULATION_OF_CATALYTIC_ACTIVITY","GOBP_REGULATION_OF_CATALYTIC_ACTIVITY",495,-0.350822143907507,-1.30634813510633,0.00258123721872183,0.0216629656793264,0.0160555138381986,1835,"tags=21%, list=14%, signal=19%","USP6NL/RIPK3/IGF1/SZT2/SH3BP1/PIK3CG/RRP1B/TSC1/TBC1D2/PSAP/FGD4/SNX9/RIC1/APC/PAK2/FEM1B/HGS/SIPA1L1/CCNK/NEDD9/TFAP4/FGFR3/PTPRC/RBL2/SRGAP2/MTSS2/DOCK8/LATS1/LATS2/TMIGD3/ITGB1/MIDN/GPLD1/FGFR1/PTK2/HNRNPU/SYNPO2/STIM1/SYDE1/HEG1/OXA1L/FGFR4/ZFP91/MET/DOCK10/TLR6/RASSF2/FEM1A/GNAS/PDCD4/DVL3/PTK2B/ALS2/GSK3B/CD300A/ADORA3/TRAF6/PLXNB1/MBP/SNX18/DDR2/RAPGEF2/ARFGEF1/LDB1/TP53/DIPK2A/SERPINB9/PIK3R5/PRKCH/LYN/CD4/ARHGAP42/PTPN1/RASGRP2/ABL1/NOTCH1/TRIB2/VAV3/SNX6/HIPK3/PTPRJ/GPR137B/NF1/FGD5/SEMA4D/RASIP1/RALGAPA2/NET1/RAPGEF1/FGD2/RIPOR1/TIAM1/ATP13A2/SASH1/LCP2/PRLR/PLXNB2/DUSP7/ERN1/TIMP2/LDB2/CSF1R/FLT1/VAV1/RABGAP1/CR1","GO_BP"
"GOBP_MITOTIC_G2_DNA_DAMAGE_CHECKPOINT_SIGNALING","GOBP_MITOTIC_G2_DNA_DAMAGE_CHECKPOINT_SIGNALING",32,0.646101291450796,1.65729056618169,0.00260252577310304,0.0217782788595381,0.0161409782380422,1427,"tags=28%, list=11%, signal=25%","BABAM1/TRIM39/DONSON/SYF2/CDK1/CDKN1A/CDK5RAP3/CHEK1/PLK1","GO_BP"
"GOBP_NEGATIVE_REGULATION_OF_HEMOPOIESIS","GOBP_NEGATIVE_REGULATION_OF_HEMOPOIESIS",93,-0.518795129855723,-1.60619506680575,0.00260858963744906,0.0217891152714895,0.016149009648174,1911,"tags=28%, list=15%, signal=24%","RARA/PGLYRP2/TBX21/TOB2/PIK3R1/TMEM131L/LILRB1/LOXL3/LAG3/QKI/MAFB/UBASH3B/ZFPM1/ZBTB46/CBFB/LYN/SNAI2/TLR4/NRARP/GPR137B/NF1/FGL2/C1QC/INPP5D/CLEC4G/CR1","GO_BP"
"GOBP_POSITIVE_REGULATION_OF_VASCULAR_ENDOTHELIAL_GROWTH_FACTOR_PRODUCTION","GOBP_POSITIVE_REGULATION_OF_VASCULAR_ENDOTHELIAL_GROWTH_FACTOR_PRODUCTION",22,-0.726071622786479,-1.75886458873662,0.00262472215335502,0.0218838604355458,0.016219230056364,1509,"tags=45%, list=12%, signal=40%","RORA/GATA4/IL6ST/TGFB1/C3AR1/HIF1A/C5/ARNT/RELA/FLT4","GO_BP"
"GOBP_EMBRYONIC_PATTERN_SPECIFICATION","GOBP_EMBRYONIC_PATTERN_SPECIFICATION",45,-0.620801419457304,-1.71949771546826,0.00264505389141745,0.0219776400877812,0.0162887348751638,2920,"tags=49%, list=23%, signal=38%","DLL1/CTNNB1/SMAD1/DOP1B/DISP1/PLD6/TASOR/EPB41L5/PCSK6/C2CD3/FRS2/SMAD3/PTCH1/SMAD4/COBL/NRP1/EFNB1/SMAD6/NRARP/FZD5/BASP1/NRP2","GO_BP"
"GOBP_METHYLATION","GOBP_METHYLATION",194,0.420604068601276,1.4514321243651,0.00264559029290428,0.0219776400877812,0.0162887348751638,2870,"tags=31%, list=22%, signal=25%","TRMT10C/SMYD2/NDUFAF5/TYMS/SNRPF/SNRPD2/ETF1/PCMT1/FBL/ARMT1/LARP7/COQ3/LCMT2/SNRPB/TRMT12/DPH5/METTL23/METTL21A/LCMT1/EMG1/FAM98B/METTL5/METTL1/SNRPE/HEMK1/METTL6/FTSJ1/TRMT11/COQ5/HNMT/DNMT3L/BCDIN3D/THUMPD2/TRMT6/MRM2/EZH2/SUV39H2/EEF1AKMT2/BUD23/MEPCE/METTL18/ECE2/VCPKMT/TFB2M/TRMT13/METTL2B/SNRPD1/METTL14/SLC25A26/TARBP1/METTL15/THADA/METTL8/SETD4/TRMT10B/ATPSCKMT/TRMT61B/METTL25/ICMT/SETD9/SETD6","GO_BP"
"GOBP_CD4_POSITIVE_ALPHA_BETA_T_CELL_DIFFERENTIATION","GOBP_CD4_POSITIVE_ALPHA_BETA_T_CELL_DIFFERENTIATION",87,-0.51652368356616,-1.58524973078201,0.00265625799569825,0.0220262119461802,0.0163247339233189,3096,"tags=40%, list=24%, signal=31%","TOX/ENTPD7/HLA-DRA/SOCS1/IL6R/STAT3/HLX/RC3H2/NLRP3/BRD4/RUNX1/IL4R/NFKBIZ/OPA1/STAT5A/RSAD2/PTGER4/SASH3/IL12RB1/RARA/BRAF/TBX21/PIK3R1/RORA/ATP7A/LOXL3/CD86/IL6ST/ZFPM1/CBFB/GPR65/CTSL/NCKAP1L/JAK1/EP300","GO_BP"
"GOBP_MUSCLE_ORGAN_MORPHOGENESIS","GOBP_MUSCLE_ORGAN_MORPHOGENESIS",45,-0.620726087142384,-1.71928905978652,0.00268055744098987,0.0221874401229759,0.0164442282373463,1293,"tags=33%, list=10%, signal=30%","HEY2/S1PR1/HEG1/MED1/SMAD4/TGFB1/ZFPM1/PROX1/DLL4/MYLK/NOTCH1/BMP10/TGFBR3/ENG/UBE4B","GO_BP"
"GOBP_BIOMINERAL_TISSUE_DEVELOPMENT","GOBP_BIOMINERAL_TISSUE_DEVELOPMENT",125,-0.471934142796857,-1.52030777026049,0.00268878360380884,0.0222152844227895,0.0164648650489256,1915,"tags=29%, list=15%, signal=25%","BMPR2/BCOR/IGF1/PTH1R/HEY2/SRGN/LTBP3/SMAD3/SGMS2/ACVR2A/FGFR3/ZMPSTE24/S1PR1/ZBTB40/SBNO2/RXRA/FGFR1/STIM1/CEBPB/ALOX5/PTK2B/TGFB1/HERC1/DDR2/ENPP1/HIF1A/PPARA/ROCK2/NOTCH1/CLEC3B/SLC20A2/CCR1/SLC8A1/BMP6/NOS3/RFLNB","GO_BP"
"GOBP_ADIPOSE_TISSUE_DEVELOPMENT","GOBP_ADIPOSE_TISSUE_DEVELOPMENT",60,-0.559935367422992,-1.60905566882062,0.00270330664896445,0.022294960431622,0.0165239169479738,1311,"tags=25%, list=10%, signal=23%","CSF1/PPARGC1A/PARP1/SPI1/SH3PXD2B/NCOA2/AMER1/HMGCS2/SPTLC2/LIPA/PRKAA1/LRP5/UBB/TBL1XR1/FTO","GO_BP"
"GOBP_MUSCLE_CELL_DEVELOPMENT","GOBP_MUSCLE_CELL_DEVELOPMENT",133,-0.451101228249793,-1.46578004422735,0.0027319637964908,0.0224907073624621,0.0166689948474365,1859,"tags=30%, list=15%, signal=26%","NRAP/GPX1/TMOD2/CTDP1/CFLAR/DMD/PDGFRA/OBSL1/PDLIM5/MEF2A/IGF1/SELENON/AKAP6/SPG11/HEY2/ACTN4/ZMPSTE24/GATA4/ITGB1/FLII/HNRNPU/WDR1/CTCF/SMAD4/PROX1/ACTN1/AKAP13/HDAC9/MAML1/PPARA/NOTCH1/TMOD3/PLEC/BMP10/MYH10/KDM1A/ENG/SLC8A1/PRKAR1A/SKI","GO_BP"
"GOBP_CALCIUM_MEDIATED_SIGNALING","GOBP_CALCIUM_MEDIATED_SIGNALING",158,-0.443900466657223,-1.47850839452695,0.00278674203936459,0.0228592897268524,0.0169421697829271,2479,"tags=32%, list=19%, signal=26%","PRKD1/HTR2B/HOMER3/CD22/NCALD/DMD/PDGFRA/XCR1/MCTP1/GNA15/HOMER2/NFATC3/CHERP/P2RX4/IGF1/HTT/SYK/PLCG2/AKAP6/CXCR2/ATP2B4/NFAT5/PKD2/ACKR2/PTPRC/ZMPSTE24/PLEK/NUDT4/NMUR1/GSK3B/CAMK2D/TPCN2/NR5A2/PRKACA/CLIC2/C3AR1/TPCN1/CD4/APP/PTBP1/PTPRJ/PRKAA1/NFAM1/P2RY12/CCR1/CALM1/CMKLR1/SLC8A1/FCGR3A/ITPR2/MCOLN1","GO_BP"
"GOBP_SKELETAL_SYSTEM_DEVELOPMENT","GOBP_SKELETAL_SYSTEM_DEVELOPMENT",360,-0.372154489538747,-1.35832138535244,0.00278584122069139,0.0228592897268524,0.0169421697829271,2444,"tags=24%, list=19%, signal=20%","ASH1L/COL11A2/TRIP11/EPHA2/WDR19/RUNX1/RBP4/TULP3/THRA/PBX1/SRC/PDGFRA/CDKN1C/SP3/SLC10A7/ETS2/RARB/BBS2/ADGRG6/IFT140/NPR2/SRD5A1/PTGER4/PKD1/IFT172/BMPR2/RARA/IGF1/WDR48/PTH1R/CHAD/NOTCH2/CYP26B1/LTBP3/ATP7A/TNN/LILRB1/SMAD3/CHST11/ACVR2A/FGFR3/PTPRC/ZMPSTE24/ADAMTS7/HOXA5/RAI1/GPLD1/FGFR1/LEPR/HOXB6/RASSF2/MTHFD1/GNAS/TGFB1/CD44/WWOX/NDST1/PLXNB1/DDR2/NR5A2/TP53/AKAP13/SH3PXD2B/HIF1A/AMER1/MEGF8/SNAI2/SOX5/LIPA/LRRK1/MAF/SEMA4D/TGFBR2/BMP10/LRP5/KIAA1217/MED12/CMKLR1/BMP6/GLG1/KDR/RFLNB/ACVRL1/FGFRL1/DCHS1/CITED2/SKI","GO_BP"
"GOBP_PLASMA_MEMBRANE_ORGANIZATION","GOBP_PLASMA_MEMBRANE_ORGANIZATION",122,-0.476799242963586,-1.53778721689629,0.00280803915870487,0.0229515758785734,0.0170105676933501,2266,"tags=29%, list=18%, signal=24%","OSBPL2/MTSS1/ANK3/VPS4B/ILK/DNM2/PACSIN3/PALS1/BIN2/CD9/ASAP1/MYOF/SNX9/TIE1/TMEM41B/DEGS1/UGCG/PTPRC/MTSS2/ANO7/CAVIN2/MAFB/SNX18/WASL/MYH9/TRPC5/PLSCR4/PLEC/SPTBN1/MYH10/SERINC3/IQGAP1/EPB41L3/FOLR2/CR1","GO_BP"
"GOBP_NEGATIVE_REGULATION_OF_MITOTIC_CELL_CYCLE","GOBP_NEGATIVE_REGULATION_OF_MITOTIC_CELL_CYCLE",183,0.436117432037071,1.49704437649154,0.00280803915870487,0.0229515758785734,0.0170105676933501,2432,"tags=25%, list=19%, signal=21%","PRAP1/RPS27L/TRIAP1/BABAM1/TRIM39/BRD7/JADE1/PSMG2/AVEN/DONSON/CDC20/AURKAIP1/BIRC5/DUSP1/NME6/MAD2L1/CCNB1/SYF2/CDK1/RBBP8/NDC80/CDKN1A/LCMT1/MAD2L1BP/ANAPC15/NAE1/CDK5RAP3/CHEK1/PLK1/CCL2/BTN2A2/CDC6/EZH2/BTG3/DTL/ZNF830/RGCC/VPS4A/INHBA/TPRA1/TIPIN/KNL1/ZWINT/CDKN2D/CDCA8/INIP","GO_BP"
"GOBP_TUMOR_NECROSIS_FACTOR_SUPERFAMILY_CYTOKINE_PRODUCTION","GOBP_TUMOR_NECROSIS_FACTOR_SUPERFAMILY_CYTOKINE_PRODUCTION",144,-0.460989743808793,-1.52182604809746,0.00283920267729335,0.0231648518438452,0.0171686372422044,2333,"tags=30%, list=18%, signal=25%","FCGR2A/JAK2/LILRA5/CACTIN/CD36/HSF1/SASH3/CARD9/ADAM17/MIF/RARA/IGF1/SYK/PIK3R1/PLCG2/ARFGEF2/CD274/LILRB1/PTPRC/HLA-E/PTPN6/CD86/IL33/FRMD8/TLR6/LILRA2/TGFB1/CD33/TLR1/AKAP8/APP/TLR4/PTPRJ/FZD5/ARHGEF2/IRAK3/FCER1G/ELF4/DICER1/FCGR3A/CYBB/AKAP12/AXL","GO_BP"
"GOBP_RESPONSE_TO_MECHANICAL_STIMULUS","GOBP_RESPONSE_TO_MECHANICAL_STIMULUS",161,-0.450877106022154,-1.50549640606627,0.00285083875383964,0.0232183284604159,0.0172082714534236,1447,"tags=22%, list=11%, signal=20%","PKD2/PIEZO2/CLCN6/CXCL12/PPL/GATA4/CNN2/IGFBP2/CASP2/PTK2/PTCH1/MAP3K1/PECAM1/TGFB1/PRKCA/TLR8/DDR2/SUN1/KCNQ1/APP/TLR4/PIEZO1/ANGPT2/PLEC/TNFRSF1A/GAB1/JUP/SHANK3/SLC8A1/BMP6/RELA/CDH2/TEK/PDE2A/KCNJ2/CITED2","GO_BP"
"GOBP_AMINO_ACID_TRANSPORT","GOBP_AMINO_ACID_TRANSPORT",109,-0.47948124860932,-1.52296595527203,0.00285867264707648,0.0232407034243638,0.0172248546650029,1610,"tags=21%, list=13%, signal=19%","SLC36A1/STXBP1/SLC1A5/SEPTIN2/PER2/SFXN2/ABAT/ITGB1/SLC6A6/APBA1/SLC38A4/SLC43A2/SLC6A1/TTYH2/SLC7A2/SLC7A7/LRRC8C/NFE2L1/NF1/LRP5/SERINC3/KCNJ10/SLC7A8","GO_BP"
"GOBP_POSITIVE_REGULATION_OF_NEURON_PROJECTION_DEVELOPMENT","GOBP_POSITIVE_REGULATION_OF_NEURON_PROJECTION_DEVELOPMENT",116,-0.483681765059814,-1.55274032943385,0.00288937813633119,0.0234486122644711,0.0173789463673506,2864,"tags=40%, list=22%, signal=31%","SCARB2/KATNB1/ARSB/GPRASP3/LTK/SMAD1/MARK2/NFE2L2/PTPRD/SETX/PRKD1/TMEM106B/GRN/DISC1/CFLAR/DMD/AP2A1/FEZ1/BRAF/FYN/EHD1/ATF1/TNN/FIG4/FBXO38/FGFR1/SCARF1/COBL/NCKIPSD/PTK2B/RELN/CUX2/DDR2/RAPGEF2/KIDINS220/LYN/ABL1/ARHGAP35/ATP1B2/SCN1B/PRKCI/EEF2K/RAPGEF1/KDM1A/EP300/PLXNB2","GO_BP"
"GOBP_NEGATIVE_REGULATION_OF_CHROMOSOME_SEGREGATION","GOBP_NEGATIVE_REGULATION_OF_CHROMOSOME_SEGREGATION",39,0.613366115525178,1.63929066689148,0.00289667749877454,0.023466169311881,0.0173919587785698,1427,"tags=31%, list=11%, signal=27%","PRAP1/PSMG2/CDC20/BIRC5/DUSP1/MAD2L1/CCNB1/NDC80/LCMT1/MAD2L1BP/ANAPC15/PLK1","GO_BP"
"GOBP_NEGATIVE_REGULATION_OF_NUCLEAR_DIVISION","GOBP_NEGATIVE_REGULATION_OF_NUCLEAR_DIVISION",45,0.612393185112762,1.68149356287465,0.0029185003264386,0.0236011114893769,0.0174919712159347,1427,"tags=33%, list=11%, signal=30%","PRAP1/PSMG2/CDC20/AURKAIP1/BIRC5/DUSP1/NME6/MAD2L1/CCNB1/NDC80/LCMT1/MAD2L1BP/ANAPC15/CHEK1/PLK1","GO_BP"
"GOBP_POSITIVE_REGULATION_OF_CELL_KILLING","GOBP_POSITIVE_REGULATION_OF_CELL_KILLING",44,-0.596557450089704,-1.63874028086055,0.00296334074095433,0.0239213848859017,0.0177293419446719,2133,"tags=27%, list=17%, signal=23%","STAT5A/CD226/IL12RB1/STAT5B/AP1G1/PTPRC/HLA-E/LAG3/SPI1/PRF1/VAV1/CD5L","GO_BP"
"GOBP_RETINA_DEVELOPMENT_IN_CAMERA_TYPE_EYE","GOBP_RETINA_DEVELOPMENT_IN_CAMERA_TYPE_EYE",111,-0.480013635878424,-1.52850985257067,0.00298562114428252,0.0240587354642449,0.0178311393690836,1625,"tags=23%, list=13%, signal=21%","ATP2B4/FZD4/RHOJ/ARHGEF15/PER2/MAN2A1/ZHX2/CASP2/CLIC4/MERTK/MED1/PTPRM/TGFB1/NRP1/GPM6A/PROX1/HIF1A/DLL4/HIPK1/NOTCH1/LRP5/MYH10/LPCAT1/ACVRL1/HIPK2/SKI","GO_BP"
"GOBP_NEUTROPHIL_HOMEOSTASIS","GOBP_NEUTROPHIL_HOMEOSTASIS",18,-0.761005695131044,-1.76159163693763,0.00302927341884711,0.0243675180470289,0.0180599936775966,1398,"tags=44%, list=11%, signal=40%","PDE4B/CSF1/MERTK/MTHFD1/ITPKB/PIK3CD/HCAR2/AXL","GO_BP"
"GOBP_CYCLIC_NUCLEOTIDE_METABOLIC_PROCESS","GOBP_CYCLIC_NUCLEOTIDE_METABOLIC_PROCESS",29,-0.685169111476401,-1.72264388696054,0.00304677260867268,0.0244245738622796,0.0181022806130453,2861,"tags=55%, list=22%, signal=43%","PDE4A/PDE4D/ADCY1/EPHA2/ADCY10/NPR2/RORA/PDE4B/GUCY1A2/ADCY7/GUCY1A1/ADCY5/ADCY9/PDE7B/NPR1/PDE2A","GO_BP"
"GOBP_NEGATIVE_REGULATION_OF_CYTOKINE_PRODUCTION","GOBP_NEGATIVE_REGULATION_OF_CYTOKINE_PRODUCTION",235,-0.413914121399565,-1.45329264408617,0.00304705780291079,0.0244245738622796,0.0181022806130453,1591,"tags=21%, list=12%, signal=19%","SRGN/GIT1/KAT8/CD274/LILRB1/KLF2/PTPRC/PTPN6/LAG3/TNFRSF21/FURIN/FGFR1/MERTK/IL33/APPL2/ARRB1/LAPTM5/ADCY7/QKI/TLR6/ITCH/PDCD4/CD200R1/TGFB1/PRKCA/TLR8/ZFPM1/MEFV/PRKACA/CD33/AKAP8/NCKAP1L/HDAC9/PPARA/PDCD1LG2/TLR4/TRIB2/IRAK3/ELF4/DICER1/PTPRS/CMKLR1/INPP5D/RELA/VSIG4/HMOX1/AXL/SIGLEC1/CR1","GO_BP"
"GOBP_RESPONSE_TO_TOPOLOGICALLY_INCORRECT_PROTEIN","GOBP_RESPONSE_TO_TOPOLOGICALLY_INCORRECT_PROTEIN",149,0.440275138016939,1.47705463235143,0.00305324207313987,0.0244312837691349,0.018107253662625,2057,"tags=26%, list=16%, signal=22%","SELENOS/HSPE1/RNF7/DDIT3/MANF/PTPN2/TBL2/ERLEC1/DERL2/ATF3/COPS5/DNAJA1/ATF4/HSP90AA1/SERP1/BAX/TMEM129/CREB3/DERL1/KBTBD6/OPTN/DERL3/CDK5RAP3/DNAJB2/BBC3/HSPA5/SERP2/DDRGK1/DAXX/FBXO6/DNAJB5/HSP90AB1/FICD/PARP6/SERPINH1/UBXN4/PACRG/PPP1R15A","GO_BP"
"GOBP_REGULATION_OF_AMYLOID_PRECURSOR_PROTEIN_CATABOLIC_PROCESS","GOBP_REGULATION_OF_AMYLOID_PRECURSOR_PROTEIN_CATABOLIC_PROCESS",37,-0.641777526348652,-1.70737141628932,0.00308916256811798,0.0246754961079214,0.0182882517144563,634,"tags=30%, list=5%, signal=28%","IGF1/FLOT2/ABCA2/LYN/APP/ROCK2/GGA3/ABCG1/DYRK1A/RELA/SP1","GO_BP"
"GOBP_ACTIVIN_RECEPTOR_SIGNALING_PATHWAY","GOBP_ACTIVIN_RECEPTOR_SIGNALING_PATHWAY",41,-0.61125652348649,-1.66113437232354,0.00311861830160893,0.0248673071903162,0.0184304125586037,1532,"tags=27%, list=12%, signal=24%","ZC3H3/SMAD3/ACVR2A/SMAD4/SMURF1/SMAD6/TGFBR2/BMP10/ACVRL1/CITED2/SKI","GO_BP"
"GOBP_POSITIVE_REGULATION_OF_NATURAL_KILLER_CELL_MEDIATED_IMMUNITY","GOBP_POSITIVE_REGULATION_OF_NATURAL_KILLER_CELL_MEDIATED_IMMUNITY",19,-0.739585175401318,-1.73258252672673,0.00313682035395295,0.0249254472994975,0.0184735031188405,2133,"tags=42%, list=17%, signal=35%","STAT5A/CD226/STAT5B/AP1G1/HLA-E/LAG3/RASGRP4/VAV1","GO_BP"
"GOBP_CIRCADIAN_RHYTHM","GOBP_CIRCADIAN_RHYTHM",154,-0.446333945459934,-1.48250402788849,0.00313442020641149,0.0249254472994975,0.0184735031188405,1242,"tags=26%, list=10%, signal=24%","DDB1/NR1D2/CIPC/ABCB1/IGF1/RBM4B/RORA/PER2/RAI1/PPARGC1A/PRKDC/HNRNPU/PER3/HDAC1/C3orf70/NONO/USP9X/PARP1/GSK3B/PROX1/USP7/TP53/F7/NCOA2/MTA1/ASS1/KDM2A/EGR1/PPARA/ROCK2/BTBD9/CRTC1/HUWE1/PRKAA1/PHLPP1/DYRK1A/EP300/THRAP3/SIN3A/SPSB4","GO_BP"
"GOBP_CARDIAC_ATRIUM_MORPHOGENESIS","GOBP_CARDIAC_ATRIUM_MORPHOGENESIS",21,-0.733253468398173,-1.75924623210755,0.00317149696787619,0.0250986566935185,0.0186018773157892,1915,"tags=57%, list=15%, signal=49%","BMPR2/HEY2/NOTCH2/GATA4/HEG1/ZFPM1/SOS1/PROX1/DLL4/NOTCH1/BMP10/ENG","GO_BP"
"GOBP_ALPHA_BETA_T_CELL_DIFFERENTIATION","GOBP_ALPHA_BETA_T_CELL_DIFFERENTIATION",114,-0.470485799072851,-1.50620938861522,0.00317509817659306,0.0250986566935185,0.0186018773157892,3130,"tags=37%, list=25%, signal=28%","ZAP70/TOX/ENTPD7/HLA-DRA/SOCS1/IL6R/STAT3/TNFSF8/HLX/RC3H2/LILRB4/NLRP3/BRD4/RUNX1/IL4R/NFKBIZ/OPA1/STAT5A/RSAD2/PTGER4/SASH3/IL12RB1/RARA/BRAF/TBX21/SYK/PIK3R1/RORA/ATP7A/LOXL3/CD86/IL6ST/ZFPM1/CBFB/GPR65/CTSL/NCKAP1L/ABL1/ITPKB/TGFBR2/JAK1/EP300","GO_BP"
"GOBP_CHROMOSOME_ORGANIZATION","GOBP_CHROMOSOME_ORGANIZATION",437,0.355874963180252,1.32121276953365,0.00316472873432401,0.0250986566935185,0.0186018773157892,2619,"tags=28%, list=21%, signal=23%","CCT4/PRAP1/PCNA/NOP10/RPA3/BRD7/CHMP5/BANF1/BCCIP/UBE2B/BECN1/PTTG1/PSMG2/HNRNPD/CHMP4B/ITPA/TOP2A/H3-3A/RANGRF/BOD1/SUGT1/CCT6A/CDC20/HAT1/PELO/BIRC5/CCT5/DUSP1/DKC1/NUSAP1/CHTF8/HSP90AA1/FEN1/MAD2L1/CCNB1/NUDC/CDK1/NAA10/SMARCE1/SMC4/NSMCE4A/MACROH2A1/NDC80/GAR1/BCL7C/LCMT1/XPA/HMGB2/MAD2L1BP/ANAPC15/CCT2/RNF4/HDAC8/SLF1/CDCA5/CENPX/TINF2/TPX2/MIS12/PHF13/NHP2/CENPW/MAP9/PRC1/TOP1/NSMCE2/ZCWPW1/CCDC66/PLK1/RMI2/OFD1/GTF2B/KIF3B/CCT3/ANAPC7/CDC6/HSP90AB1/SP100/CENPE/SGO2/RACGAP1/SHLD2/RAD51D/AXIN2/NSMCE1/TDRD3/RAD51C/DCTN2/MLH1/NAA50/HNRNPC/ESPL1/ZNF830/MYBL2/HHEX/VPS4A/PIBF1/NCAPH2/ACTL6A/CHMP2B/KNL1/ZWINT/INO80E/GNL3/SMARCD3/CDCA8/CCT7/KAT5/ATRX/MTERF1/DHX36/DCLRE1C/PNKP/CENPH/TERF1/MCRS1/CHMP7/NASP/FBXW7/P3H4/HMBOX1/CHMP2A/CDC16/SPAG5","GO_BP"
"GOBP_NEGATIVE_REGULATION_OF_TISSUE_REMODELING","GOBP_NEGATIVE_REGULATION_OF_TISSUE_REMODELING",14,-0.793442853582035,-1.73522781248453,0.00320077698124196,0.0251572389691429,0.0186452955878247,890,"tags=36%, list=7%, signal=33%","CST3/UBASH3B/GPR137B/INPP5D/CD38","GO_BP"
"GOBP_EMBRYONIC_CAMERA_TYPE_EYE_DEVELOPMENT","GOBP_EMBRYONIC_CAMERA_TYPE_EYE_DEVELOPMENT",26,-0.688799457867963,-1.70762911342313,0.00322105160799925,0.0251572389691429,0.0186452955878247,2427,"tags=50%, list=19%, signal=41%","WDR19/TULP3/SP3/IFT140/IFT172/RARA/FRS2/KDM2B/PROX1/HIPK1/FZD5/CITED2/HIPK2","GO_BP"
"GOBP_EMBRYONIC_HEART_TUBE_MORPHOGENESIS","GOBP_EMBRYONIC_HEART_TUBE_MORPHOGENESIS",49,-0.583347026867906,-1.63437758868311,0.00320228820057402,0.0251572389691429,0.0186452955878247,1959,"tags=39%, list=15%, signal=33%","MICAL2/BBS7/SETDB2/IFT172/APLNR/C2CD3/NOTCH2/PKD2/TEAD2/SMAD3/GATA4/HIF1A/MEGF8/NOTCH1/SUFU/TGFBR2/SOX18/ENG/CITED2","GO_BP"
"GOBP_CELL_RECOGNITION","GOBP_CELL_RECOGNITION",105,-0.498275588399222,-1.56981506218464,0.00321821489407548,0.0251572389691429,0.0186452955878247,1644,"tags=26%, list=13%, signal=23%","CD9/GIT1/TNN/NEDD9/NCK2/DOCK8/TNFRSF21/B4GALT1/PECAM1/NRP1/SEMA5A/MEGF8/APP/ARHGAP35/FCN2/CLEC4M/PRF1/PEAR1/MYO18A/DOCK2/PCDH12/ROBO4/UBAP2L/PLXND1/CD209/CFP/FOLR2","GO_BP"
"GOBP_FOCAL_ADHESION_ASSEMBLY","GOBP_FOCAL_ADHESION_ASSEMBLY",79,-0.519797812497336,-1.56544998267715,0.00319905885303932,0.0251572389691429,0.0186452955878247,1406,"tags=42%, list=11%, signal=37%","ARHGAP6/ARHGEF7/RCC2/EPB41L5/CLASP2/TESK2/SRC/PEAK1/PPM1F/PTPRA/CTTN/TSC1/SMAD3/TAOK2/FERMT2/PTK2/MACF1/NRP1/ACTN1/LDB1/LIMCH1/ROCK2/ABL1/TLN1/PTPRJ/SLK/SORBS1/PTPRK/CLASP1/TEK/DLC1/KDR/ACVRL1","GO_BP"
"GOBP_CELL_MATURATION","GOBP_CELL_MATURATION",130,-0.462458293984434,-1.50161853553948,0.00320704081418453,0.0251572389691429,0.0186452955878247,2239,"tags=28%, list=18%, signal=23%","CDKN1C/C3/AKR1B1/NPR2/TAL1/RFX3/RPS6KA2/B4GALT5/PTH1R/FEM1B/SPTBN4/C1QA/RAC2/KLF2/PTBP3/HOXA5/FGFR1/SCARF1/MECP2/LSM14B/TGFB1/CBFB/PRKACA/HIF1A/L3MBTL3/BRD1/APP/FZD5/TUT7/EPAS1/SOX18/KDM1A/ANKS1A/NTN4/KDR/AXL","GO_BP"
"GOBP_INTRACELLULAR_MONOATOMIC_ION_HOMEOSTASIS","GOBP_INTRACELLULAR_MONOATOMIC_ION_HOMEOSTASIS",366,-0.372732062571193,-1.35905797348702,0.00321350662227765,0.0251572389691429,0.0186452955878247,2489,"tags=28%, list=19%, signal=23%","SLC40A1/PRKD1/MT2A/TMEM106B/CYBA/HTR2B/PML/GRN/DISC1/TRPM7/ATP5F1B/PLCL2/OSBPL2/DMD/SLC10A7/XCR1/SLC25A23/GPER1/ACO1/ITGB3/CP/CNNM4/SLC41A1/DMXL1/TMTC4/LETM1/SLC39A10/DMXL2/F2R/CHERP/ATP13A1/HTT/SELENON/APLNR/PLCG2/PRKCB/AKAP6/SLC24A1/PACS2/PTH1R/TFR2/ATP2B4/CLCN3/ATP7A/PKD2/ERO1A/PTPRC/CXCL12/PTPN6/AQP11/CLCC1/CLIC4/STIM1/SLC46A1/ATP2B2/TM9SF4/SMAD4/P2RY6/KCNMA1/UBASH3B/SLC30A10/PTK2B/TGFB1/CAMK2D/YWHAE/WNK1/TPCN2/PRKACA/CLIC2/ATP7B/DIAPH1/HIF1A/CCL23/LYN/RAB7A/KCNQ1/APP/HVCN1/ABL1/FRRS1/TRPC5/ATP1B2/TMC6/PLCB3/TMEM94/PLCB2/SLC9A9/TBXAS1/ATP13A3/TMC8/CCR1/CALM1/ATP13A2/SLC8A1/BMP6/CDH23/MT1X/ITPR2/KCNJ2/HMOX1/MCOLN1/CDH5","GO_BP"
"GOBP_MAMMARY_GLAND_EPITHELIUM_DEVELOPMENT","GOBP_MAMMARY_GLAND_EPITHELIUM_DEVELOPMENT",58,-0.565840570508044,-1.61881794432644,0.00326150408301213,0.0254297135755672,0.0188472402282199,2444,"tags=40%, list=19%, signal=32%","EPHA2/PML/GPX1/JAK2/SRC/STAT5A/ROBO1/NTN1/FOXF1/CSF1/KDM5B/LATS1/HOXA5/CEBPB/PTCH1/MED1/TGFB1/HIF1A/RREB1/LRP5/PRLR/CSF1R/ETV5","GO_BP"
"GOBP_MITOTIC_SISTER_CHROMATID_SEPARATION","GOBP_MITOTIC_SISTER_CHROMATID_SEPARATION",49,0.588724327060374,1.65606137496137,0.00327289380831563,0.0254750456732438,0.0188808381266949,2745,"tags=43%, list=21%, signal=34%","PRAP1/PSMG2/CDC20/BIRC5/DUSP1/MAD2L1/CCNB1/NDC80/LCMT1/MAD2L1BP/ANAPC15/NSMCE2/PLK1/ANAPC7/ESPL1/NCAPH2/KNL1/ZWINT/CDCA8/CDC16/MAD2L2","GO_BP"
"GOBP_POSITIVE_REGULATION_OF_T_CELL_PROLIFERATION","GOBP_POSITIVE_REGULATION_OF_T_CELL_PROLIFERATION",77,-0.51033605252857,-1.52981212861168,0.00329566167436178,0.0256086363778214,0.0189798489194806,2133,"tags=34%, list=17%, signal=28%","STAT5A/SASH3/IL12RB1/IGF1/SYK/STAT5B/CD55/CD274/IGF2/NCK2/PTPRC/HLA-E/IGFBP2/CD86/IL6ST/TRAF6/NR5A2/EFNB1/LILRB2/NCKAP1L/CD4/PDCD1LG2/TGFBR2/EBI3/CD209/VCAM1","GO_BP"
"GOBP_EMBRYONIC_EYE_MORPHOGENESIS","GOBP_EMBRYONIC_EYE_MORPHOGENESIS",19,-0.738408829766896,-1.72982677125816,0.00331606533314738,0.025723433798218,0.0190649310637747,2224,"tags=53%, list=17%, signal=44%","SP3/RARB/IFT172/FRS2/KDM2B/PROX1/HIPK1/FZD5/CITED2/HIPK2","GO_BP"
"GOBP_REGULATION_OF_INFLAMMATORY_RESPONSE","GOBP_REGULATION_OF_INFLAMMATORY_RESPONSE",298,-0.381991601637115,-1.36516402771678,0.00334189340125664,0.0258798490683756,0.019180858290531,2386,"tags=28%, list=19%, signal=23%","GRN/GPX1/USP18/CELF1/JAK2/SRC/NFKBIZ/LILRA5/C3/STAT5A/CTSC/GPER1/CST7/ARMH4/DROSHA/NT5E/PTGER4/NLRC4/NR1D2/GPR4/PTGIS/PGLYRP2/YES1/IGF1/GBP5/SYK/FYN/PLCG2/PIK3CG/STAT5B/GIT1/RORA/FOXF1/SMAD3/IL17RA/PTPRC/HLA-E/PTPN6/SBNO2/FURIN/UFL1/IL33/CEBPB/ALOX5/TLR6/NCF1/IL6ST/FEM1A/GNAS/PDCD4/ABCC1/TNFRSF1B/CD200R1/TGFB1/VAMP3/MEFV/NR5A2/NFE2L1/AKNA/LYN/SUCNR1/APP/IL16/IL17RB/SIGLEC10/PPARA/TLR4/HCK/SNX6/CCL24/DUSP10/TNFRSF1A/ARNT/AOAH/FCER1G/ELF4/MKRN2/DNASE1L3/ETS1/RELA/TEK/PDE2A/IL10RA/CDH5","GO_BP"
"GOBP_MEGAKARYOCYTE_DEVELOPMENT","GOBP_MEGAKARYOCYTE_DEVELOPMENT",18,-0.757802808320793,-1.75417752866605,0.00335191434082785,0.0259135306653848,0.0192058214167658,2001,"tags=44%, list=16%, signal=38%","TAL1/ZNF385A/PTPN6/MED1/ZFPM1/FLI1/PIP4K2A/EP300","GO_BP"
"GOBP_SPLICEOSOMAL_COMPLEX_ASSEMBLY","GOBP_SPLICEOSOMAL_COMPLEX_ASSEMBLY",70,0.531269025677003,1.60606920555358,0.00335844828691133,0.0259201861873275,0.0192107541589505,2530,"tags=37%, list=20%, signal=30%","SF3B6/RBMX2/SNRPF/SNRPD2/PHF5A/SNRPB/SNRPB2/SNRPA1/SF3B5/LUC7L3/HTATSF1/SNRPE/DDX1/ZRSR2/SLU7/ISY1/SRSF10/DDX46/GEMIN6/NOL3/GEMIN2/PSIP1/PRPF6/SNRPD1/SF3B2/RBM5","GO_BP"
"GOBP_POSITIVE_REGULATION_OF_D_GLUCOSE_TRANSMEMBRANE_TRANSPORT","GOBP_POSITIVE_REGULATION_OF_D_GLUCOSE_TRANSMEMBRANE_TRANSPORT",35,-0.644411680046707,-1.69366398726417,0.00337159289860179,0.0259777537162084,0.0192534203511173,2257,"tags=46%, list=18%, signal=38%","OSBPL8/C3/KLF15/APPL1/BRAF/MEF2A/IGF1/PIK3R1/PTPRM/ARPP19/OCLN/ZDHHC7/IRS1/C2CD5/PRKCI/SORBS1","GO_BP"
"GOBP_RESPONSE_TO_NICOTINE","GOBP_RESPONSE_TO_NICOTINE",21,-0.72939979801268,-1.75000037730065,0.00338410914741877,0.0259838161054061,0.0192579134927812,544,"tags=24%, list=4%, signal=23%","ABAT/PPARA/RELA/HMOX1/VCAM1","GO_BP"
"GOBP_ACTIN_FILAMENT_POLYMERIZATION","GOBP_ACTIN_FILAMENT_POLYMERIZATION",131,-0.464116511351868,-1.50795023374585,0.00338944066509566,0.0259838161054061,0.0192579134927812,2337,"tags=35%, list=18%, signal=29%","CD2AP/GBA2/JAK2/TRIOBP/TMOD2/CYFIP2/PLEKHG2/CTTN/ARHGAP18/KANK2/DIAPH2/EVL/SNX9/EPS8/COTL1/SPTBN4/ADD1/ESAM/NCK2/LATS1/WAS/FLII/CDC42EP4/KANK1/COBL/PTK2B/HCLS1/DAAM2/ARFGEF1/SSH3/ADD3/WASL/DIAPH1/NCKAP1L/ABL1/TMOD3/SSH1/HCK/CCL24/CYRIA/SPTBN1/PREX1/FCHSD2/SSH2/SPTBN2/CYFIP1","GO_BP"
"GOBP_POSITIVE_REGULATION_OF_PROTEIN_SECRETION","GOBP_POSITIVE_REGULATION_OF_PROTEIN_SECRETION",120,-0.458265217319167,-1.4721894514848,0.00337882002651337,0.0259838161054061,0.0192579134927812,2387,"tags=30%, list=19%, signal=25%","RBP4/DOC2B/CD2AP/TGFB3/JAK2/BAIAP3/GPER1/TCF7L2/IGF1/PRKCB/VSNL1/SLC2A2/BLK/GOLPH3L/PCK2/ABAT/GPLD1/F2RL2/RPH3AL/TGFB1/PRKCA/PRKACA/CD33/HIF1A/PTPN23/TLR4/ADAM9/ABCG1/MYO18A/MYH10/FRMD4A/ATP13A2/HCAR2/BMP6/CD38/PRKAR1A","GO_BP"
"GOBP_CELL_SUBSTRATE_JUNCTION_ORGANIZATION","GOBP_CELL_SUBSTRATE_JUNCTION_ORGANIZATION",96,-0.492037352426892,-1.52694700409504,0.00344334864896516,0.0263087959483643,0.0194987724057753,2594,"tags=45%, list=20%, signal=36%","ARHGAP6/ARHGEF7/RCC2/EPB41L5/CLASP2/TESK2/SRC/FN1/PEAK1/PPM1F/ITGB3/PTPRA/DST/CTTN/LAMC1/PIK3R1/TSC1/SMAD3/TAOK2/FERMT2/MAPRE2/PTK2/MACF1/IQSEC1/NRP1/ACTN1/LDB1/LIMCH1/RAB8B/ROCK2/ABL1/PLEC/TNS1/TLN1/PTPRJ/SLK/SORBS1/PTPRK/CLASP1/TEK/DLC1/KDR/ACVRL1","GO_BP"
"GOBP_CALCIUM_ION_TRANSPORT","GOBP_CALCIUM_ION_TRANSPORT",255,-0.403234313240098,-1.42441085680375,0.00344132482808666,0.0263087959483643,0.0194987724057753,2507,"tags=33%, list=20%, signal=27%","AHNAK/CRACR2B/PRKD1/CYBA/HTR2B/PML/HOMER3/TRPM7/PLCL2/SESTD1/DMD/LILRA5/XCR1/CD84/SLC25A23/GPER1/ITGB3/NIPSNAP2/HOMER2/PKD1/LETM1/CALCRL/PACSIN3/F2R/CHERP/NCS1/P2RX4/HTT/SELENON/APLNR/FYN/PLCG2/PRKCB/PIK3CG/PANX1/AKAP6/SLC24A1/ATP2B4/SPG11/LILRB1/PKD2/PDE4B/ERO1A/EPB41/PTPRC/CXCL12/ZMPSTE24/PTPN6/STIM1/ATP2B2/CYSLTR1/TSPAN13/WNK3/P2RY6/UBASH3B/PTK2B/LILRA2/TGFB1/CAMK2D/YWHAE/TPCN2/GPM6A/PRKACA/CLIC2/TPCN1/DIAPH1/LYN/LILRB2/CD4/APP/IL16/MYLK/UBR3/ABL1/TRPC5/PLCB3/PLCB2/CCR1/CALM1/SLC8A1/CDH23/ITPR2/NOS3/MCOLN1","GO_BP"
"GOBP_LUNG_MORPHOGENESIS","GOBP_LUNG_MORPHOGENESIS",45,-0.610785064468277,-1.69175438405641,0.00346163689630899,0.0264043722524804,0.0195696088136825,2847,"tags=31%, list=22%, signal=24%","MAP2K1/CTNNB1/TCF21/HHIP/MAPK1/DAG1/STK40/IGF1/DLG5/FOXF1/HOXA5/ESRP2/TGFBR2/HIPK2","GO_BP"
"GOBP_CARDIAC_MUSCLE_CELL_PROLIFERATION","GOBP_CARDIAC_MUSCLE_CELL_PROLIFERATION",38,-0.618627386374007,-1.64733070709481,0.00350722515200528,0.0266630810640801,0.0197613509309064,1167,"tags=26%, list=9%, signal=24%","FGFR1/JARID2/DIPK2A/ABL1/NOTCH1/BMP10/TGFBR3/MYH10/PRKAR1A/SKI","GO_BP"
"GOBP_REGULATION_OF_ALPHA_BETA_T_CELL_ACTIVATION","GOBP_REGULATION_OF_ALPHA_BETA_T_CELL_ACTIVATION",98,-0.493584410584003,-1.53858003546472,0.00350545170648956,0.0266630810640801,0.0197613509309064,2989,"tags=39%, list=23%, signal=30%","HLA-DRA/TYK2/VSIR/SOCS1/HLX/RC3H2/LILRB4/NLRP3/BRD4/CBLB/RUNX1/IL4R/JAK2/NFKBIZ/OPA1/STAT5A/SASH3/IL12RB1/RARA/TBX21/SYK/CD55/CD274/LILRB1/LOXL3/PTPRC/HLA-E/CD86/ITCH/CD300A/CBFB/GPR65/NCKAP1L/ITPKB/TGFBR2/EP300/EBI3/CLEC4G","GO_BP"
"GOBP_FOREBRAIN_GENERATION_OF_NEURONS","GOBP_FOREBRAIN_GENERATION_OF_NEURONS",52,-0.573904761718887,-1.62846388720538,0.00352272460624385,0.0267364264550302,0.0198157108905167,1479,"tags=25%, list=12%, signal=22%","ATP7A/ZNF335/FGFR1/ZSWIM6/NRP1/RAPGEF2/PROX1/ZMIZ1/UBB/SHANK3/SIN3A/CSF1R/NRP2","GO_BP"
"GOBP_PLATELET_ACTIVATION","GOBP_PLATELET_ACTIVATION",114,-0.468286113493447,-1.49916733319457,0.00357886364379356,0.0271174593507343,0.020098113541213,2301,"tags=34%, list=18%, signal=28%","JAK2/SRC/PDGFRA/ITGB3/ILK/FERMT3/F2R/SYK/PLCG2/PIK3CG/ADAMTS13/CD9/STXBP1/DGKD/PTPN6/PLEK/F2RL2/MERTK/DGKG/IL6ST/GNAS/ACTB/UBASH3B/PRKCA/ACTN1/MYH9/LYN/MMRN1/RASA3/TLR4/VAV3/TLN1/PTPRJ/PEAR1/FCER1G/P2RY12/NOS3/AXL/VAV1","GO_BP"
"GOBP_REGULATION_OF_SIGNALING_RECEPTOR_ACTIVITY","GOBP_REGULATION_OF_SIGNALING_RECEPTOR_ACTIVITY",20,-0.741700766186761,-1.75677176923056,0.00359586165102907,0.0272011455025693,0.020160137559011,988,"tags=30%, list=8%, signal=28%","CNRIP1/DAPK1/SNX6/MINK1/CRHBP/NCOA3","GO_BP"
"GOBP_POSITIVE_REGULATION_OF_LIPOPOLYSACCHARIDE_MEDIATED_SIGNALING_PATHWAY","GOBP_POSITIVE_REGULATION_OF_LIPOPOLYSACCHARIDE_MEDIATED_SIGNALING_PATHWAY",11,-0.834911340267357,-1.7377754240427,0.00361486830821804,0.0272997244632202,0.020233199386755,860,"tags=55%, list=7%, signal=51%","TRAF6/PRKCA/CD180/BMP6/SASH1/SCIMP","GO_BP"
"GOBP_PHAGOCYTOSIS_ENGULFMENT","GOBP_PHAGOCYTOSIS_ENGULFMENT",37,-0.633987049296101,-1.6866457951937,0.00366724539947593,0.0276495779376329,0.0204924933995381,1780,"tags=46%, list=14%, signal=40%","PLCG2/SH3BP1/BIN2/CLCN3/RAB31/DOCK1/MSR1/APPL2/CD300A/MYH9/NCKAP1L/ARHGAP25/ELMO1/FCER1G/ABCA1/TIMD4/MARCO","GO_BP"
"GOBP_AMINO_ACID_TRANSMEMBRANE_TRANSPORT","GOBP_AMINO_ACID_TRANSMEMBRANE_TRANSPORT",76,-0.533424546990634,-1.59560477145745,0.00368898157426289,0.0277676389008355,0.0205799943196111,1610,"tags=30%, list=13%, signal=27%","SLC25A15/LRRC8A/UCP2/SLC38A3/SLC25A13/SLC25A12/SLC47A1/SLC36A1/SLC1A5/SEPTIN2/PER2/SFXN2/ITGB1/SLC6A6/SLC38A4/SLC43A2/SLC6A1/TTYH2/SLC7A2/SLC7A7/LRRC8C/KCNJ10/SLC7A8","GO_BP"
"GOBP_MODIFICATION_OF_POSTSYNAPTIC_STRUCTURE","GOBP_MODIFICATION_OF_POSTSYNAPTIC_STRUCTURE",30,-0.674164733991965,-1.71777730456339,0.00380501736782967,0.0284687204949557,0.0210996011639706,1868,"tags=33%, list=15%, signal=29%","CTTN/CTTNBP2/STRN4/DLGAP4/PDXP/ABI3/AGAP1/RAP1B/ITSN1/CYFIP1","GO_BP"
"GOBP_REGULATION_OF_BONE_REMODELING","GOBP_REGULATION_OF_BONE_REMODELING",34,-0.640770971302363,-1.67682869884377,0.00379758569328313,0.0284687204949557,0.0210996011639706,2439,"tags=44%, list=19%, signal=36%","TNFRSF11A/SRC/ITGB3/SYK/PLEKHM1/LTBP3/S1PR1/LEPR/UBASH3B/PRKCA/GPR137B/NF1/INPP5D/CD38/CSF1R","GO_BP"
"GOBP_TISSUE_MIGRATION","GOBP_TISSUE_MIGRATION",81,-0.529766010543978,-1.61425671890125,0.00379758569328313,0.0284687204949557,0.0210996011639706,2514,"tags=41%, list=20%, signal=33%","LTB4R2/EPB41L5/RAB11A/CLASP2/SRC/PPM1F/MCC/BMPR2/KANK2/PLCG2/PTPRG/EVL/FOXF1/DOCK1/ZEB2/MAPRE2/PTK2/KANK1/SMAD4/MACF1/IQSEC1/DAAM2/PROX1/HIF1A/OCLN/SNAI2/PTPN23/RREB1/DUSP10/ADAM9/TGFBR2/CLASP1/SASH1","GO_BP"
"GOBP_REGULATION_OF_TUBE_SIZE","GOBP_REGULATION_OF_TUBE_SIZE",103,-0.500561331222204,-1.57645419538998,0.0038070449162657,0.0284687204949557,0.0210996011639706,1371,"tags=35%, list=11%, signal=31%","ITGA4/HTR2B/GPX1/KNG1/SRC/BBS2/GPER1/DOCK4/BMPR2/ITGA1/F2R/PER2/KLF2/ADRA1B/KCNMB4/ITGB1/ITGA9/TBXA2R/PECAM1/GUCY1A1/KCNMA1/ABCC9/ECE1/ACE/ADD3/HRH1/ARHGAP42/ROCK2/ABL1/GAB1/TBXAS1/CPS1/SLC8A1/NPR1/NOS3/CD38","GO_BP"
"GOBP_RESPONSE_TO_ESTROGEN","GOBP_RESPONSE_TO_ESTROGEN",48,-0.602897243349272,-1.69117216418959,0.0038177230601185,0.028489568041242,0.0211150523294688,1227,"tags=27%, list=10%, signal=25%","RBBP5/IGFBP2/KMT2D/ZNF366/ABCC9/F7/SERPINB9/SMAD6/PRKAA1/EP300/SP1/CITED2/CRHBP","GO_BP"
"GOBP_CELLULAR_RESPONSE_TO_ALCOHOL","GOBP_CELLULAR_RESPONSE_TO_ALCOHOL",84,-0.517435134421386,-1.5822755695905,0.00382230361332488,0.028489568041242,0.0211150523294688,1539,"tags=32%, list=12%, signal=28%","GNAI1/PRKD1/SPIDR/PTGER2/DAG1/PTGER4/GRAMD1A/LARP1/KLF2/GPLD1/LRP6/ADCY7/PTCH1/P2RY6/GNAS/GNG2/ADCY5/SPI1/NFE2L1/SLC23A2/AKAP8/JUP/PRKAA1/XRN1/ABCA1/CYBB/ITPR2","GO_BP"
"GOBP_REGULATION_OF_AMIDE_METABOLIC_PROCESS","GOBP_REGULATION_OF_AMIDE_METABOLIC_PROCESS",63,-0.547013908624785,-1.59228266774796,0.00383503722871984,0.028537923612412,0.0211508910762759,735,"tags=17%, list=6%, signal=17%","TP53/PDK3/ROCK2/GGA3/TNFRSF1A/ABCG1/PRKAA1/RPTOR/DYRK1A/RELA/SP1","GO_BP"
"GOBP_BONE_MORPHOGENESIS","GOBP_BONE_MORPHOGENESIS",65,-0.538506421564296,-1.56956800668715,0.00385319091525073,0.0286263890923262,0.0212164572945856,1546,"tags=25%, list=12%, signal=22%","RARB/NPR2/BMPR2/RARA/CYP26B1/LTBP3/FGFR3/ZMPSTE24/TGFB1/MEGF8/TGFBR2/LRP5/BMP6/GLG1/CITED2/SKI","GO_BP"
"GOBP_STRIATED_MUSCLE_CELL_DIFFERENTIATION","GOBP_STRIATED_MUSCLE_CELL_DIFFERENTIATION",209,-0.416947123397316,-1.4334286462018,0.00387420240644346,0.0287357642776626,0.0212975207476565,1911,"tags=25%, list=15%, signal=22%","RARA/PDLIM5/MEF2A/IGF1/SELENON/GREB1L/AKAP6/HDAC5/BCL9/EHD1/TSC1/CD9/SPG11/HEY2/CYP26B1/FRS2/KDM6B/IGF2/ZMPSTE24/GATA4/DOCK1/ITGB1/FLII/HNRNPU/WDR1/HDAC1/ATP11A/CTCF/IGFBP5/SMAD4/TGFB1/PLD3/PROX1/AKAP13/MYH9/HDAC9/MAML1/PPARA/PIEZO1/NOTCH1/EFNB2/TMOD3/PLEC/SPAG9/BMP10/MYH10/DOCK2/HDAC4/SLC8A1/CDH2/PRKAR1A/SKI","GO_BP"
"GOBP_PROTEIN_POLYMERIZATION","GOBP_PROTEIN_POLYMERIZATION",241,-0.402861966875492,-1.41174096153537,0.00389652079150493,0.0288544627169952,0.0213854941333641,2076,"tags=27%, list=16%, signal=23%","TUBGCP6/CLASP2/CD2AP/GBA2/JAK2/TRIOBP/TMOD2/TUBGCP2/CYFIP2/NEDD1/CAMSAP1/DNM2/PLEKHG2/CTTN/ARHGAP18/KANK2/DIAPH2/DCTN1/EVL/GIT1/SNX9/EPS8/RNF135/COTL1/SPTBN4/ADD1/ESAM/NCK2/LATS1/WAS/FLII/CDC42EP4/MET/KANK1/COBL/MECP2/PTK2B/HCLS1/DAAM2/ARFGEF1/SSH3/CKAP5/ADD3/WASL/DIAPH1/OCLN/MAPRE1/NCKAP1L/NUMA1/ABL1/TMOD3/SSH1/HCK/CCL24/PCNT/CYRIA/SPTBN1/DYRK1A/PREX1/CLASP1/TUBGCP3/FCHSD2/SSH2/SPTBN2/CYFIP1/CDH5","GO_BP"
"GOBP_POSITIVE_REGULATION_OF_CHEMOTAXIS","GOBP_POSITIVE_REGULATION_OF_CHEMOTAXIS",111,-0.474138191350672,-1.5098006447948,0.00393916156700099,0.0291230245948666,0.0215845388537595,1432,"tags=26%, list=11%, signal=23%","NEDD9/RAC2/SMAD3/CXCL12/CSF1/S1PR1/FGFR1/PTK2/MET/PTK2B/TGFB1/SPI1/WNK1/NRP1/F7/C3AR1/SEMA5A/MEGF8/SUCNR1/NCKAP1L/APP/IL16/PTPRJ/P2RY12/CCR1/CMKLR1/KDR/CSF1R/LGMN","GO_BP"
"GOBP_REGULATION_OF_T_CELL_MEDIATED_IMMUNITY","GOBP_REGULATION_OF_T_CELL_MEDIATED_IMMUNITY",76,-0.532274882118719,-1.59216583943688,0.00394700850239343,0.0291338963609621,0.0215925964666264,2122,"tags=28%, list=17%, signal=23%","RSAD2/SASH3/IL12RB1/TBX21/RIPK3/CD55/CD274/LILRB1/CD7/PTPRC/HLA-E/FBXO38/WAS/UFL1/SECTM1/TNFRSF1B/TRAF6/NCKAP1L/FZD5/PRKAA1/CLEC4G","GO_BP"
"GOBP_ENDOCARDIAL_CUSHION_FORMATION","GOBP_ENDOCARDIAL_CUSHION_FORMATION",24,-0.712633715264299,-1.73339572206178,0.003962796536403,0.0292032538303634,0.0216440007769244,2311,"tags=46%, list=18%, signal=38%","TGFB3/ROBO1/APLNR/HEY2/SMAD4/TGFB1/SNAI2/NOTCH1/TGFBR2/ENG/DCHS1","GO_BP"
"GOBP_SPINAL_CORD_DEVELOPMENT","GOBP_SPINAL_CORD_DEVELOPMENT",57,-0.575428718318022,-1.63651570775604,0.00397871138193072,0.0292733209404855,0.0216959310376661,2086,"tags=37%, list=16%, signal=31%","SRD5A1/PKD1/TAL1/IFT172/IFT122/DCTN1/PKD2/LOXL3/PTCH1/GIGYF2/RELN/DAAM2/PROX1/NFE2L1/DLL4/NOTCH1/SUFU/NF1/SOX13/PTPRS/MED12","GO_BP"
"GOBP_GLIAL_CELL_DEVELOPMENT","GOBP_GLIAL_CELL_DEVELOPMENT",98,-0.490975984084793,-1.53044916088764,0.00402078223425684,0.0295352958654654,0.0218900938358508,2232,"tags=24%, list=17%, signal=20%","NCSTN/ADGRG6/DAG1/ILK/PALS1/B4GALT5/CD9/ABCA2/C1QA/CERS6/ZEB2/TGFB1/SOS1/LYN/APP/TLR4/PLEC/NRROS/NF1/DICER1/LRP1/MED12/KCNJ10/SKI","GO_BP"
"GOBP_VESICLE_COATING","GOBP_VESICLE_COATING",35,0.637958313950544,1.66807977793841,0.00403543435478921,0.029595344409361,0.0219345988330774,1123,"tags=29%, list=9%, signal=26%","TRAPPC3/PDCD6/TRAPPC13/PEF1/ARFGAP3/TMED9/TRAPPC4/PREB/TFG/TRAPPC2L","GO_BP"
"GOBP_REGULATION_OF_EXTRACELLULAR_MATRIX_ORGANIZATION","GOBP_REGULATION_OF_EXTRACELLULAR_MATRIX_ORGANIZATION",50,-0.588724513301606,-1.65254161735936,0.00405417576737283,0.0296851427582155,0.0220011529076221,2401,"tags=46%, list=19%, signal=37%","RUNX1/CLASP2/CFLAR/ITGB3/LAMC1/CST3/RIC1/TIE1/SMAD3/FGFR4/SMAD4/TNFRSF1B/TGFB1/DDR2/NID1/ABL1/NOTCH1/COLGALT1/TNFRSF1A/FSCN1/TGFBR3/LRP1/CLASP1","GO_BP"
"GOBP_POSITIVE_REGULATION_OF_PROTEIN_POLYMERIZATION","GOBP_POSITIVE_REGULATION_OF_PROTEIN_POLYMERIZATION",77,-0.505155540372779,-1.51428273324742,0.00406218797244669,0.0296962189537743,0.0220093620334501,1635,"tags=23%, list=13%, signal=21%","DCTN1/EVL/GIT1/SNX9/NCK2/CDC42EP4/MET/MECP2/PTK2B/CKAP5/OCLN/MAPRE1/NCKAP1L/NUMA1/HCK/CCL24/CLASP1/FCHSD2","GO_BP"
"GOBP_REGULATION_OF_MODIFICATION_OF_SYNAPTIC_STRUCTURE","GOBP_REGULATION_OF_MODIFICATION_OF_SYNAPTIC_STRUCTURE",17,-0.76482926157369,-1.7537907558146,0.00418376430687437,0.0304874308103812,0.0225957689502474,1482,"tags=41%, list=12%, signal=36%","CTTNBP2/STRN4/PDXP/ABL1/AGAP1/ITSN1/CYFIP1","GO_BP"
"GOBP_REGULATION_OF_B_CELL_RECEPTOR_SIGNALING_PATHWAY","GOBP_REGULATION_OF_B_CELL_RECEPTOR_SIGNALING_PATHWAY",17,-0.764453605925422,-1.75292935911288,0.00418376430687437,0.0304874308103812,0.0225957689502474,2529,"tags=65%, list=20%, signal=52%","GCSAM/CMTM3/CD22/PLCL2/FCMR/SLC39A10/PTPN6/CD300A/PRKCH/LYN/NFAM1","GO_BP"
"GOBP_HEART_VALVE_FORMATION","GOBP_HEART_VALVE_FORMATION",13,-0.809713838764133,-1.73679470539325,0.00420026830808492,0.0305589584389172,0.0226487816746718,1596,"tags=54%, list=12%, signal=47%","HEY2/GATA4/OLFM1/SMAD4/ZFPM1/NOTCH1/DCHS1","GO_BP"
"GOBP_REGULATION_OF_CIRCADIAN_RHYTHM","GOBP_REGULATION_OF_CIRCADIAN_RHYTHM",85,-0.504379056563876,-1.54019147588461,0.00421875315438034,0.0306099189861188,0.0226865511002855,1963,"tags=31%, list=15%, signal=26%","DDB1/NR1D2/CIPC/RBM4B/RORA/PER2/PPARGC1A/PRKDC/PER3/NONO/USP9X/PARP1/GSK3B/PROX1/USP7/TP53/MTA1/KDM2A/PPARA/ROCK2/CRTC1/PRKAA1/PHLPP1/THRAP3/SIN3A/SPSB4","GO_BP"
"GOBP_ESTABLISHMENT_OF_CELL_POLARITY","GOBP_ESTABLISHMENT_OF_CELL_POLARITY",140,-0.448216987051311,-1.46706220040038,0.00422067169211094,0.0306099189861188,0.0226865511002855,1924,"tags=29%, list=15%, signal=25%","FEZ1/KIF26B/HTT/FLOT2/SH3BP1/WEE1/CYTH1/DCTN1/RHOJ/GBF1/CYP26B1/FOXF1/DOCK8/ITGB1/CYTH3/PTK2/LLGL1/PATJ/KANK1/GSK3B/FRMD4B/ARFGEF1/AMOTL2/SIPA1L3/MYH9/AMOTL1/MAPRE1/SNX27/ROCK2/NUMA1/ABL1/CRKL/PRKCI/RAP1B/MYO18A/FSCN1/FRMD4A/CLASP1/DOCK2/CDH5","GO_BP"
"GOBP_MITOTIC_G2_M_TRANSITION_CHECKPOINT","GOBP_MITOTIC_G2_M_TRANSITION_CHECKPOINT",48,0.589994102369016,1.64012390716109,0.00425562549494415,0.0308145053667192,0.0228381803607229,1968,"tags=29%, list=15%, signal=25%","BABAM1/TRIM39/DONSON/SYF2/CDK1/RBBP8/CDKN1A/NAE1/CDK5RAP3/CHEK1/PLK1/CDC6/DTL/ZNF830","GO_BP"
"GOBP_CELLULAR_RESPONSE_TO_AMYLOID_BETA","GOBP_CELLULAR_RESPONSE_TO_AMYLOID_BETA",33,-0.644230109392608,-1.67698880322109,0.00428175991316181,0.0309546851949942,0.0229420746846128,1818,"tags=45%, list=14%, signal=39%","IGF1/SYK/FYN/ICAM1/TLR6/PARP1/ABCC1/IGF1R/GSK3B/APP/TLR4/SNX6/LRP1/LGMN/VCAM1","GO_BP"
"GOBP_ENDOTHELIAL_CELL_MORPHOGENESIS","GOBP_ENDOTHELIAL_CELL_MORPHOGENESIS",12,-0.81759938459316,-1.73580448577169,0.00429875102392833,0.0310035692289376,0.022978305101771,1158,"tags=58%, list=9%, signal=53%","CLIC4/HEG1/MET/PECAM1/AMOTL2/NOTCH4/CDH5","GO_BP"
"GOBP_POSITIVE_REGULATION_OF_ALPHA_BETA_T_CELL_ACTIVATION","GOBP_POSITIVE_REGULATION_OF_ALPHA_BETA_T_CELL_ACTIVATION",65,-0.535453974692935,-1.56067113422742,0.00430209299434152,0.0310035692289376,0.022978305101771,3285,"tags=46%, list=26%, signal=34%","CARD11/GLI3/ZAP70/HLA-DRA/TYK2/SOCS1/HLX/LILRB4/NLRP3/BRD4/RUNX1/IL4R/JAK2/NFKBIZ/OPA1/SASH3/IL12RB1/RARA/SYK/CD55/PTPRC/HLA-E/CD86/CBFB/GPR65/NCKAP1L/ITPKB/TGFBR2/EP300/EBI3","GO_BP"
"GOBP_SUBSTRATE_ADHESION_DEPENDENT_CELL_SPREADING","GOBP_SUBSTRATE_ADHESION_DEPENDENT_CELL_SPREADING",91,-0.491184869716115,-1.51371718963469,0.00432832526869727,0.0311434931538233,0.0230820097627834,2999,"tags=43%, list=23%, signal=33%","CARMIL1/AP1AR/ANTXR1/SPRY4/PXN/PARVG/FER/ARHGEF7/RCC2/ITGA4/TRIOBP/SRC/FN1/PEAK1/ITGB3/ILK/FERMT3/BRAF/LAMC1/PIK3R1/FZD4/ACTN4/NEDD9/SRGAP2/DOCK1/FERMT2/MERTK/PTK2/KANK1/NRP1/VAMP3/ABL1/RREB1/DAB2/CRKL/PREX1/NTN4/TEK/AXL","GO_BP"
"GOBP_EPIDERMIS_DEVELOPMENT","GOBP_EPIDERMIS_DEVELOPMENT",207,-0.406150897267217,-1.39493819809633,0.00435031510306164,0.0312524995375607,0.0231627998784331,1647,"tags=22%, list=13%, signal=19%","NSUN2/ASAH1/HEY2/CYP26B1/ATP7A/MYSM1/UGCG/ZMPSTE24/PPL/LATS1/LATS2/WAS/FGFR1/CLIC4/HDAC1/IGFBP5/FLNB/MET/MAFB/PTCH1/MED1/SMAD4/GNAS/MYO7A/SOS1/LDB1/PRKCH/KCNQ1/KAZN/PPARA/ROCK2/NUMA1/EDA/NOTCH1/PLEC/ADAM9/NF1/SOX18/CDH23/TMEM132E/RELA/TCHH/LDB2/STK4/NCOA3","GO_BP"
"GOBP_NEGATIVE_REGULATION_OF_CELL_SUBSTRATE_ADHESION","GOBP_NEGATIVE_REGULATION_OF_CELL_SUBSTRATE_ADHESION",49,-0.574370897545959,-1.60922894830059,0.00442266807209901,0.0317224025454009,0.0235110686407379,2838,"tags=43%, list=22%, signal=33%","SPRY4/TBCD/ARHGAP6/RASA1/RCC2/CLASP2/SRC/PIK3R1/FZD4/ACTN4/KANK1/ACER2/NF2/PTPRO/PLG/PTPN1/NOTCH1/ANGPT2/NF1/DLC1/ACVRL1","GO_BP"
"GOBP_VESICLE_TARGETING_TO_FROM_OR_WITHIN_GOLGI","GOBP_VESICLE_TARGETING_TO_FROM_OR_WITHIN_GOLGI",30,0.651006476115732,1.65604222481046,0.00448799392125605,0.0321405081915657,0.023820947772118,1123,"tags=33%, list=9%, signal=30%","TRAPPC3/PDCD6/PEF1/ARFGAP3/TMED9/TRAPPC4/PREB/TFG/WIPI1/TRAPPC2L","GO_BP"
"GOBP_REGULATION_OF_BLOOD_PRESSURE","GOBP_REGULATION_OF_BLOOD_PRESSURE",121,-0.46799216743608,-1.50921456979032,0.00452817904002185,0.0323775430889825,0.0239966262610169,2309,"tags=29%, list=18%, signal=24%","NCALD/KCNK3/NR2F2/MME/LNPEP/CYP4A11/NPR2/BMPR2/F2R/P2RX4/RPS6KA2/RASL10B/SMAD3/ABAT/ANPEP/TBXA2R/GUCY1A1/MECP2/ABCC9/ECE1/WNK1/ACE/PTPRO/SUCNR1/KCNQ1/ARHGAP42/PTPN1/PPARA/NPY1R/PLCB3/LRP5/ENG/NPR1/NOS3/ACVRL1","GO_BP"
"GOBP_CELLULAR_RESPONSE_TO_ATP","GOBP_CELLULAR_RESPONSE_TO_ATP",17,-0.758679883011295,-1.73968993120109,0.00462032053446048,0.0328829919585963,0.0243712398499739,1846,"tags=41%, list=14%, signal=35%","P2RX4/TAF1/TOP2B/PDXP/ABCC9/SSH1/P2RY12","GO_BP"
"GOBP_NEGATIVE_REGULATION_OF_INTRACELLULAR_STEROID_HORMONE_RECEPTOR_SIGNALING_PATHWAY","GOBP_NEGATIVE_REGULATION_OF_INTRACELLULAR_STEROID_HORMONE_RECEPTOR_SIGNALING_PATHWAY",36,-0.62240104523524,-1.6429400578437,0.00462032053446048,0.0328829919585963,0.0243712398499739,2936,"tags=39%, list=23%, signal=30%","PER1/SIRT1/TCF21/VPS11/CRY2/TCF7L2/IGF1/KANK2/HDAC1/ZNF366/CNOT1/DAB2/CYP7B1/NCOR2","GO_BP"
"GOBP_EPITHELIAL_CELL_MORPHOGENESIS","GOBP_EPITHELIAL_CELL_MORPHOGENESIS",32,-0.633117240011231,-1.64164925060803,0.00462045980245542,0.0328829919585963,0.0243712398499739,1158,"tags=44%, list=9%, signal=40%","EPB41L5/LUZP1/MAGI1/PALLD/CLIC4/HEG1/FLNB/MET/PECAM1/AMOTL2/SIPA1L3/NOTCH4/CCDC88C/CDH5","GO_BP"
"GOBP_POSITIVE_REGULATION_OF_LEUKOCYTE_ADHESION_TO_VASCULAR_ENDOTHELIAL_CELL","GOBP_POSITIVE_REGULATION_OF_LEUKOCYTE_ADHESION_TO_VASCULAR_ENDOTHELIAL_CELL",18,-0.750674776182639,-1.73767741324939,0.00464742746667208,0.0330234775975502,0.0244753608255449,1516,"tags=33%, list=12%, signal=29%","NFAT5/ALOX5/TRAF6/ETS1/RELA/GCNT1","GO_BP"
"GOBP_DENDRITIC_CELL_ANTIGEN_PROCESSING_AND_PRESENTATION","GOBP_DENDRITIC_CELL_ANTIGEN_PROCESSING_AND_PRESENTATION",15,-0.758586223806422,-1.694331811762,0.00467401212948004,0.0331608096577551,0.0245771445252326,362,"tags=20%, list=3%, signal=19%","CD74/FGL2/MPEG1","GO_BP"
"GOBP_RESPONSE_TO_INTERLEUKIN_1","GOBP_RESPONSE_TO_INTERLEUKIN_1",93,-0.503474390495939,-1.55876189990932,0.00472237580731001,0.0334519923466658,0.0247929546668565,1509,"tags=25%, list=12%, signal=22%","CYBA/TNFRSF11A/SRC/CACTIN/IKBKB/IL1RAP/PTGIS/RORA/KLF2/ADAMTS7/CEBPB/TRAF6/PRKCA/HIF1A/EGR1/APP/IRAK3/PRKCI/UPF1/HDAC4/RELA/CD38/AKAP12","GO_BP"
"GOBP_PROTEIN_TARGETING","GOBP_PROTEIN_TARGETING",294,0.376511966157082,1.35360699949942,0.00473187756949776,0.0334674127167728,0.0248043834790195,1864,"tags=17%, list=15%, signal=15%","TIMM17A/PARL/TOMM7/UBL5/SPCS1/MTX2/SRP19/SRPRB/SRP9/TIMM23/RTP4/BECN1/SEC61B/CIB1/RTP3/TIMM8B/CHMP4B/SAE1/IMMP2L/TOMM40L/TIMM17B/ATG13/ITGB1BP1/HSP90AA1/BCAP31/RPL11/ATP5IF1/ARIH2/SSR2/NACA/HSPA5/GIPC1/LTBP2/SPCS2/TIMM10/TIMM9/SQSTM1/PMPCB/SIL1/TOMM34/HRAS/MTCH2/HAX1/TRAK1/GABARAP/SRP14/VPS37D/HTRA2/PAM16/AP4S1/DNAJC15","GO_BP"
"GOBP_POSITIVE_REGULATION_OF_MUSCLE_CELL_DIFFERENTIATION","GOBP_POSITIVE_REGULATION_OF_MUSCLE_CELL_DIFFERENTIATION",50,-0.579185057677431,-1.62576449653336,0.00485768616077644,0.0342511852910302,0.0253852767693597,1847,"tags=34%, list=14%, signal=29%","LAMC1/IGF1/AKAP6/NOTCH2/CYP26B1/PIAS1/ATP11A/TGFB1/PROX1/NID1/NOTCH4/MAML1/PIEZO1/NOTCH1/EFNB2/BMP10/ENG","GO_BP"
"GOBP_EPIDERMAL_CELL_DIFFERENTIATION","GOBP_EPIDERMAL_CELL_DIFFERENTIATION",117,-0.456636864888067,-1.46500045029444,0.00485162459040028,0.0342511852910302,0.0253852767693597,1646,"tags=24%, list=13%, signal=21%","ASAH1/HEY2/CYP26B1/UGCG/PPL/LATS1/LATS2/FGFR1/CLIC4/HDAC1/FLNB/MAFB/PTCH1/MED1/MYO7A/PRKCH/KCNQ1/KAZN/ROCK2/NUMA1/NOTCH1/PLEC/ADAM9/CDH23/TMEM132E/TCHH/STK4/NCOA3","GO_BP"
"GOBP_REGULATION_OF_HEART_RATE_BY_CARDIAC_CONDUCTION","GOBP_REGULATION_OF_HEART_RATE_BY_CARDIAC_CONDUCTION",28,-0.666610744965799,-1.66244531128627,0.00491586204294143,0.0345016492691235,0.0255709082256328,1111,"tags=36%, list=9%, signal=33%","CTNNA3/KCND3/CAMK2D/YWHAE/ACE/DSC2/KCNQ1/SCN1B/JUP/KCNJ2","GO_BP"
"GOBP_L_ALPHA_AMINO_ACID_TRANSMEMBRANE_TRANSPORT","GOBP_L_ALPHA_AMINO_ACID_TRANSMEMBRANE_TRANSPORT",54,-0.568417110083047,-1.62302011315497,0.00490172839670969,0.0345016492691235,0.0255709082256328,1513,"tags=31%, list=12%, signal=28%","SLC25A15/UCP2/SLC38A3/SLC25A13/SLC25A12/SLC47A1/SLC1A5/SEPTIN2/PER2/ITGB1/SLC38A4/SLC43A2/TTYH2/SLC7A2/SLC7A7/KCNJ10/SLC7A8","GO_BP"
"GOBP_NEGATIVE_REGULATION_OF_PROTEIN_POLYMERIZATION","GOBP_NEGATIVE_REGULATION_OF_PROTEIN_POLYMERIZATION",60,-0.544846341134979,-1.56569515848627,0.00491586204294143,0.0345016492691235,0.0255709082256328,1559,"tags=27%, list=12%, signal=24%","EPS8/SPTBN4/ADD1/FLII/KANK1/ARFGEF1/SSH3/ADD3/MAPRE1/TMOD3/SSH1/SPTBN1/DYRK1A/SSH2/SPTBN2/CDH5","GO_BP"
"GOBP_POSITIVE_REGULATION_OF_CELL_SUBSTRATE_ADHESION","GOBP_POSITIVE_REGULATION_OF_CELL_SUBSTRATE_ADHESION",108,-0.470215591905054,-1.4905296617536,0.00499976296464388,0.0350366824930336,0.0259674482680971,2301,"tags=32%, list=18%, signal=27%","DISC1/JAK2/TRIOBP/FN1/CD36/RIN2/PPM1F/DAG1/ITGB3/PLPP3/ILK/BRAF/TSC1/FOXF1/NEDD9/SMAD3/CSF1/DOCK1/FERMT2/PTK2B/GSK3B/NRP1/NID1/ABL1/RREB1/DAB2/CRKL/PTPRJ/JUP/PREX1/UTRN/PLEKHA2/TEK/KDR/STK4","GO_BP"
"GOBP_REGULATION_OF_CELL_CELL_ADHESION_MEDIATED_BY_CADHERIN","GOBP_REGULATION_OF_CELL_CELL_ADHESION_MEDIATED_BY_CADHERIN",21,-0.712969132447259,-1.71057937524234,0.00502112564855792,0.0351325009008593,0.026038464111245,1152,"tags=33%, list=9%, signal=30%","PPM1F/TJP1/TGFB1/PLG/NOTCH4/NOTCH1/BMP6","GO_BP"
"GOBP_REGULATION_OF_ALCOHOL_BIOSYNTHETIC_PROCESS","GOBP_REGULATION_OF_ALCOHOL_BIOSYNTHETIC_PROCESS",42,-0.61541094301973,-1.68373374858224,0.0051218955003812,0.0357827837022044,0.026520421414335,2607,"tags=48%, list=20%, signal=38%","MAPK1/GNAI1/SCAP/GPER1/SEC14L2/H6PD/PTH1R/ABCA2/APOB/GPR146/ERLIN2/PLEK/QKI/P2RY6/PRKACA/DAB2/ABCG1/PRKAA1/CD244/BMP6","GO_BP"
"GOBP_REGULATION_OF_BONE_MINERALIZATION","GOBP_REGULATION_OF_BONE_MINERALIZATION",59,-0.553480771654457,-1.59070140243388,0.00513762616688823,0.0358261771452152,0.0265525824782936,1915,"tags=34%, list=15%, signal=29%","BMPR2/BCOR/SRGN/LTBP3/SMAD3/SGMS2/ACVR2A/ZMPSTE24/S1PR1/RXRA/ALOX5/PTK2B/DDR2/ENPP1/HIF1A/SLC20A2/CCR1/SLC8A1/BMP6/RFLNB","GO_BP"
"GOBP_NEGATIVE_REGULATION_OF_DEFENSE_RESPONSE","GOBP_NEGATIVE_REGULATION_OF_DEFENSE_RESPONSE",205,-0.408721205180368,-1.40407906827569,0.0051437890582756,0.0358261771452152,0.0265525824782936,2113,"tags=25%, list=17%, signal=22%","GPER1/CST7/NT5E/PTGER4/SAMHD1/NR1D2/PTGIS/YES1/IGF1/SYK/FYN/GIT1/RORA/FOXF1/LILRB1/SMAD3/PTPRC/HLA-E/PTPN6/FURIN/IL33/ALOX5/GIGYF2/ITCH/PARP1/FEM1A/GNAS/TNFRSF1B/CD200R1/TGFB1/MEFV/NR5A2/SERPINB9/LYN/SIGLEC10/PPARA/HCK/DUSP10/TNFRSF1A/ARNT/IRAK3/FGL2/AOAH/PARP14/ELF4/MKRN2/INPP5D/TEK/VSIG4/IL10RA/CDH5/CR1","GO_BP"
"GOBP_REGULATION_OF_TOLERANCE_INDUCTION","GOBP_REGULATION_OF_TOLERANCE_INDUCTION",16,-0.765568028235653,-1.73257590495259,0.00515365569786462,0.0358402631408576,0.0265630223184018,961,"tags=56%, list=8%, signal=52%","LILRB4/HAVCR2/CBLB/ITCH/NR5A2/LILRB2/IRAK3/TGFBR2/PHLPP1","GO_BP"
"GOBP_IMMUNE_RESPONSE_REGULATING_CELL_SURFACE_RECEPTOR_SIGNALING_PATHWAY_INVOLVED_IN_PHAGOCYTOSIS","GOBP_IMMUNE_RESPONSE_REGULATING_CELL_SURFACE_RECEPTOR_SIGNALING_PATHWAY_INVOLVED_IN_PHAGOCYTOSIS",22,-0.706996263307036,-1.71265568419763,0.00520359422206873,0.0361325562319636,0.0267796554349626,2278,"tags=59%, list=18%, signal=49%","LIMK1/SRC/APPL1/YES1/SYK/FYN/PTK2/APPL2/LYN/ABL1/VAV3/HCK/VAV1","GO_BP"
"GOBP_TRNA_METHYLATION","GOBP_TRNA_METHYLATION",40,0.605715501430773,1.6300495281766,0.00522099535418054,0.0361983729487874,0.0268284355153722,2731,"tags=40%, list=21%, signal=32%","TRMT10C/LCMT2/TRMT12/METTL1/METTL6/FTSJ1/BCDIN3D/THUMPD2/TRMT6/TRMT13/METTL2B/TARBP1/THADA/METTL8/TRMT10B/TRMT61B","GO_BP"
"GOBP_STEM_CELL_DIVISION","GOBP_STEM_CELL_DIVISION",25,-0.686268544432322,-1.68706575162571,0.00524360390831105,0.0363000397834442,0.0269037859219085,1143,"tags=16%, list=9%, signal=15%","EVI2B/NOTCH1/ETV5/NCOA3","GO_BP"
"GOBP_REGULATION_OF_CARTILAGE_DEVELOPMENT","GOBP_REGULATION_OF_CARTILAGE_DEVELOPMENT",55,-0.567667279389413,-1.61429921488766,0.0052540078843196,0.0363170378569686,0.0269163840494564,1502,"tags=27%, list=12%, signal=24%","BMPR2/RARA/LTBP3/SMAD3/ADAMTS7/TGFB1/NR5A2/SNAI2/SOX5/MAF/BMP10/BMP6/GLG1/RFLNB/ACVRL1","GO_BP"
"GOBP_CARDIAC_NEURAL_CREST_CELL_DIFFERENTIATION_INVOLVED_IN_HEART_DEVELOPMENT","GOBP_CARDIAC_NEURAL_CREST_CELL_DIFFERENTIATION_INVOLVED_IN_HEART_DEVELOPMENT",12,-0.811149506178109,-1.72211107051662,0.00532748932259418,0.0367693334062429,0.0272516030382978,188,"tags=25%, list=1%, signal=25%","MAPK1/ENG/CITED2","GO_BP"
"GOBP_SODIUM_ION_TRANSMEMBRANE_TRANSPORT","GOBP_SODIUM_ION_TRANSMEMBRANE_TRANSPORT",95,-0.484333477716851,-1.502364991256,0.0053593904562624,0.0369337179406681,0.0273734366877767,1710,"tags=23%, list=13%, signal=20%","SLC24A1/SLC34A1/ATP2B4/ACTN4/PKD2/SLC6A6/SLC38A4/WNK3/SLC6A1/CAMK2D/WNK1/TPCN2/TPCN1/SHROOM2/ATP1B2/SCN1B/SLC20A2/SLC9A9/UTRN/SLC8A1/FXYD6/MCOLN1","GO_BP"
"GOBP_LACTATION","GOBP_LACTATION",30,-0.658924441841389,-1.67894491442017,0.00554440954199942,0.038093845409617,0.028233265526889,2133,"tags=40%, list=17%, signal=33%","STAT5A/ABCB1/STAT5B/SOCS2/HK2/NEURL1/MED1/ATP7B/HIF1A/USF2/PRLR/NCOR2","GO_BP"
"GOBP_PROTEIN_K11_LINKED_UBIQUITINATION","GOBP_PROTEIN_K11_LINKED_UBIQUITINATION",35,0.624895348786453,1.6339238345897,0.00554397000321117,0.038093845409617,0.028233265526889,1065,"tags=29%, list=8%, signal=26%","RNF7/UBE2E3/RNF115/ANAPC10/UBE2B/ANAPC16/UBE2A/ANAPC13/ANAPC15/RNF4","GO_BP"
"GOBP_RESPONSE_TO_CALCIUM_ION","GOBP_RESPONSE_TO_CALCIUM_ION",94,-0.493162764730432,-1.528717786545,0.00555896342060546,0.038136492295415,0.0282648732797341,1465,"tags=23%, list=11%, signal=21%","ADD1/PKD2/KCNMB4/CLIC4/STIM1/CPNE3/KCNMA1/ABCC9/CAMK2D/SUCNR1/APP/RASGRP2/ITPKB/ADAM9/PRKAA1/EEF2K/CALM1/IQGAP1/MCOLN1/LGMN/CPNE2/CRHBP","GO_BP"
"GOBP_RENAL_SYSTEM_DEVELOPMENT","GOBP_RENAL_SYSTEM_DEVELOPMENT",254,-0.399851640450679,-1.41112129933115,0.0055811548913464,0.038231329383151,0.0283351618171883,2337,"tags=26%, list=18%, signal=22%","CD2AP/PBX1/CFLAR/PDGFRA/MTSS1/MME/CDKN1C/RARB/LRP4/KLF15/MYO1E/AKR1B1/CYP4A11/ITGB3/PKD1/ILK/RARA/GPR4/KIF26B/KANK2/GREB1L/HS3ST3A1/CC2D2A/TSC1/SLC34A1/DLG5/NOTCH2/CYP26B1/FOXF1/KLHL3/PKD2/SMAD3/ZMPSTE24/BAG6/AQP11/FGFR1/INVS/CNTRL/PTCH1/SMAD4/PECAM1/TGFB1/NRP1/ACE/PROX1/PTPRO/AMER1/SMAD6/NID1/HMGCS2/ASS1/EGR1/TNS2/NOTCH1/ANGPT2/EFNB2/NF1/BMP10/BMPER/BMP6/BASP1/PLXND1/TEK/GCNT1/IQGAP1/DCHS1","GO_BP"
"GOBP_LEUKOCYTE_TETHERING_OR_ROLLING","GOBP_LEUKOCYTE_TETHERING_OR_ROLLING",24,-0.700501849599054,-1.70388641932417,0.00559231720112909,0.0382504450478426,0.0283493293980969,1327,"tags=21%, list=10%, signal=19%","CXCL12/ITGB1/SELPLG/GCNT1/VCAM1","GO_BP"
"GOBP_POSITIVE_REGULATION_OF_AMYLOID_PRECURSOR_PROTEIN_CATABOLIC_PROCESS","GOBP_POSITIVE_REGULATION_OF_AMYLOID_PRECURSOR_PROTEIN_CATABOLIC_PROCESS",20,-0.724642633563948,-1.71636835158058,0.00564517018868669,0.0384393183190902,0.028489312882587,634,"tags=35%, list=5%, signal=33%","ABCA2/LYN/APP/ROCK2/ABCG1/RELA/SP1","GO_BP"
"GOBP_NEGATIVE_REGULATION_OF_INFLAMMATORY_RESPONSE","GOBP_NEGATIVE_REGULATION_OF_INFLAMMATORY_RESPONSE",125,-0.460259348195565,-1.48269811387209,0.00563086516803807,0.0384393183190902,0.028489312882587,2113,"tags=30%, list=17%, signal=26%","GPER1/CST7/NT5E/PTGER4/NR1D2/PTGIS/YES1/IGF1/SYK/FYN/GIT1/RORA/FOXF1/SMAD3/PTPRC/PTPN6/FURIN/IL33/ALOX5/FEM1A/GNAS/TNFRSF1B/CD200R1/MEFV/NR5A2/LYN/SIGLEC10/PPARA/HCK/DUSP10/TNFRSF1A/ARNT/AOAH/ELF4/MKRN2/TEK/IL10RA/CDH5","GO_BP"
"GOBP_ATP_METABOLIC_PROCESS","GOBP_ATP_METABOLIC_PROCESS",201,0.403597212660463,1.39628222948159,0.00564381130669662,0.0384393183190902,0.028489312882587,1802,"tags=25%, list=14%, signal=22%","NDUFB8/ATP5PB/ATP5MJ/ATP5MG/NDUFA8/TREM2/NDUFB6/SDHD/PPP2CA/NDUFB5/ATP5MC2/HKDC1/NDUFA1/AK2/NMNAT1/NDUFS5/ATP5PO/AK1/ATP5ME/NDUFC1/NDUFS3/NDUFB3/NDUFB2/ATP5F1E/PRKAG1/DDIT4/ATP5MK/NDUFA9/ATP5IF1/ATP5F1C/NDUFB9/BPGM/ATP5PF/TPI1/ZBTB20/NDUFS4/COX11/NDUFAB1/DMAC2L/NDUFA3/NDUFA2/MTCH2/NDUFA11/ATP5MC1/OLA1/PRKAA2/ENO3/LETMD1/NDUFA12/MFSD8/NDUFB1","GO_BP"
"GOBP_POSITIVE_REGULATION_OF_GLIAL_CELL_PROLIFERATION","GOBP_POSITIVE_REGULATION_OF_GLIAL_CELL_PROLIFERATION",15,-0.751295446223694,-1.67804757668993,0.00567301992769719,0.0385714703119769,0.0285872573737498,1176,"tags=47%, list=9%, signal=42%","NTN1/UFL1/MECP2/PRKCH/LYN/PRKCI/ETV5","GO_BP"
"GOBP_EPHRIN_RECEPTOR_SIGNALING_PATHWAY","GOBP_EPHRIN_RECEPTOR_SIGNALING_PATHWAY",42,-0.61338224947143,-1.67818334387861,0.00569496584617958,0.0386631485158908,0.028655204703464,2548,"tags=45%, list=20%, signal=36%","RASA1/ARHGEF7/EPHA2/SRC/SS18/YES1/FYN/GIT1/SIPA1L1/NCK2/KALRN/PTK2/EFNB1/EPHB4/LYN/ABL1/EFNB2/ANKS1A/TIAM1","GO_BP"
"GOBP_REGULATION_OF_MITOTIC_SISTER_CHROMATID_SEGREGATION","GOBP_REGULATION_OF_MITOTIC_SISTER_CHROMATID_SEGREGATION",44,0.582284382491329,1.59534199460123,0.00571811574757576,0.0387425666378422,0.0287140654695691,1054,"tags=30%, list=8%, signal=27%","PRAP1/BECN1/PSMG2/CDC20/BIRC5/DUSP1/MAD2L1/CCNB1/CDK1/NDC80/LCMT1/MAD2L1BP/ANAPC15","GO_BP"
"GOBP_POSITIVE_REGULATION_OF_TRANSMEMBRANE_TRANSPORT","GOBP_POSITIVE_REGULATION_OF_TRANSMEMBRANE_TRANSPORT",123,-0.459949435874081,-1.48091574403741,0.00572362277972061,0.0387425666378422,0.0287140654695691,2257,"tags=29%, list=18%, signal=24%","OSBPL8/C3/KLF15/GPER1/NIPSNAP2/APPL1/BRAF/F2R/P2RX4/MEF2A/IGF1/HTT/PIK3R1/APLNR/AKAP6/SLC34A1/ACTN4/ITGB1/STIM1/WNK3/P2RY6/PTPRM/ARPP19/OCLN/ZDHHC7/KCNQ1/IRS1/CD4/ABL1/ATP1B2/C2CD5/SCN1B/PRKCI/SORBS1/FXYD6/KCNJ2","GO_BP"
"GOBP_NUCLEUS_LOCALIZATION","GOBP_NUCLEUS_LOCALIZATION",29,-0.660225270884856,-1.65993038485921,0.00575695573697752,0.0388530735040625,0.0287959676682837,2210,"tags=45%, list=17%, signal=37%","CLMN/CEP120/LMNB1/NTN1/SUN2/DCTN1/SYNE3/FHOD1/CDK9/DYNC1H1/SUN1/SYNE2/MYH10","GO_BP"
"GOBP_IN_UTERO_EMBRYONIC_DEVELOPMENT","GOBP_IN_UTERO_EMBRYONIC_DEVELOPMENT",353,-0.368463551623414,-1.3403140155046,0.00575195983617744,0.0388530735040625,0.0287959676682837,1823,"tags=23%, list=14%, signal=20%","INTS1/IGF1/SMARCB1/SH3PXD2A/MFNG/TAF8/PTH1R/NSUN2/C2CD3/PHF6/ELL/YTHDC1/APOB/HEY2/NOTCH2/TIE1/PEMT/FOXF1/TERF2/PKD2/APBA2/SMAD3/CHST11/IGF2/KLF2/ZNF335/ST8SIA6/LATS1/LATS2/XAB2/MAN2A1/FBXW8/MXI1/ITGB1/FURIN/FGFR1/APBA1/CEBPB/PTPN18/LPAR6/GABPA/CTCF/HEG1/BIRC6/CHD8/MAFB/PTCH1/MED1/SUPT6H/SMAD4/ADCY9/TRAF6/TAB1/NR5A2/TP53/KIDINS220/HIF1A/ZMIZ1/MYH9/PLG/UBR3/NOTCH1/CMIP/CNOT1/ARNT/MAF/FZD5/TGFBR2/MYH10/EPAS1/SOX18/TBL1XR1/PCDH12/NOS3/SIN3A/ACVRL1/SPIC/STK4/CITED2/HCFC1","GO_BP"
"GOBP_MODIFICATION_OF_SYNAPTIC_STRUCTURE","GOBP_MODIFICATION_OF_SYNAPTIC_STRUCTURE",36,-0.615708824293474,-1.62527473104944,0.00578447415024527,0.03892380322897,0.0288483890261825,1482,"tags=31%, list=12%, signal=27%","CTTN/CTTNBP2/STRN4/DLGAP4/PDXP/ABI3/ABL1/AGAP1/RAP1B/ITSN1/CYFIP1","GO_BP"
"GOBP_BIOLOGICAL_PROCESS_INVOLVED_IN_INTERACTION_WITH_HOST","GOBP_BIOLOGICAL_PROCESS_INVOLVED_IN_INTERACTION_WITH_HOST",144,-0.446486502910032,-1.47394773826955,0.00578202709379939,0.03892380322897,0.0288483890261825,1375,"tags=23%, list=11%, signal=21%","EPS15/NUP153/ITGB1/ICAM1/ILF3/CD86/FURIN/NCAM1/ANPEP/PC/SELPLG/ITCH/NRP1/TPCN2/TPCN1/MYH9/CTSB/CTSL/RAB7A/CD4/PPARA/CBL/GRK2/EFNB2/CLEC4M/SLC20A2/MYH10/CD209/CLEC4G/AXL/SIGLEC1/MRC1/CR1","GO_BP"
"GOBP_REGULATION_OF_STRIATED_MUSCLE_CELL_DIFFERENTIATION","GOBP_REGULATION_OF_STRIATED_MUSCLE_CELL_DIFFERENTIATION",57,-0.560884544315205,-1.59515216705282,0.00583787680155351,0.0392253810386735,0.029071903514857,1818,"tags=32%, list=14%, signal=27%","IGF1/AKAP6/HDAC5/CYP26B1/FRS2/HDAC1/ATP11A/SMAD4/TGFB1/PROX1/HDAC9/MAML1/PPARA/PIEZO1/NOTCH1/EFNB2/BMP10/HDAC4","GO_BP"
"GOBP_SIGNAL_RELEASE","GOBP_SIGNAL_RELEASE",326,-0.372051599515986,-1.34712851140571,0.00591836617897684,0.0397078048043248,0.0294294520407582,2796,"tags=31%, list=22%, signal=25%","AGTR1/CPLX1/RAB3GAP1/SNAP23/LRRC8A/FMR1/RAB11FIP1/UCP2/MEF2C/ACVR1C/NAPA/GLUD1/LTBP4/CADPS2/LIN7C/SYNJ1/GNAI1/PRKD1/TNFRSF11A/RAB11FIP3/RBP4/DOC2B/JAK2/CRY2/OSBPL2/BAIAP3/MCTP1/PFKL/GPER1/GPR158/DNAJC5/EXOC3L1/TCF7L2/ADAM17/MIF/BRAF/F2R/RAPGEF3/RFX3/P2RX4/SYK/PRKCB/VSNL1/RASL10B/TFR2/STXBP1/MYOF/GIT1/FZD4/SLC2A2/SLC18A2/BLK/LILRB1/HADH/PER2/PIP5K1C/CXCL12/RAB11B/KDM5B/PCK2/ABAT/KCNMB4/MIDN/GPLD1/F2RL2/FGFR1/STX11/RPH3AL/GNAO1/ALOX5/SMAD4/GNAS/ADCY5/STX1B/ADORA3/PRKCA/VAMP3/PRKACA/PTPRN2/HIF1A/LYN/SUCNR1/KCNQ1/IRS1/RAB8B/PTPN23/SNX6/DAB2/NF1/FCER1G/RAP1B/LRP5/ITSN1/SLC16A1/ABCA1/HCAR2/BMP6/CD38/DYSF/PRKAR1A/CRHBP","GO_BP"
"GOBP_REGULATION_OF_CELL_SUBSTRATE_JUNCTION_ORGANIZATION","GOBP_REGULATION_OF_CELL_SUBSTRATE_JUNCTION_ORGANIZATION",67,-0.530838271608649,-1.55309704197652,0.00593608335176379,0.0397682768830041,0.0294742709409232,1200,"tags=42%, list=9%, signal=38%","RCC2/EPB41L5/CLASP2/SRC/PEAK1/PPM1F/PTPRA/PIK3R1/TSC1/SMAD3/FERMT2/MAPRE2/PTK2/MACF1/IQSEC1/NRP1/LDB1/LIMCH1/ROCK2/ABL1/TLN1/PTPRJ/SLK/CLASP1/TEK/DLC1/KDR/ACVRL1","GO_BP"
"GOBP_REGULATION_OF_MODIFICATION_OF_POSTSYNAPTIC_STRUCTURE","GOBP_REGULATION_OF_MODIFICATION_OF_POSTSYNAPTIC_STRUCTURE",13,-0.804778752674504,-1.72620919853788,0.00595338609719563,0.0398257995286777,0.0295169038678868,1482,"tags=46%, list=12%, signal=41%","CTTNBP2/STRN4/PDXP/AGAP1/ITSN1/CYFIP1","GO_BP"
"GOBP_REGULATION_OF_CALCIUM_ION_TRANSPORT","GOBP_REGULATION_OF_CALCIUM_ION_TRANSPORT",148,-0.436284503853893,-1.44388438625276,0.00598202190776471,0.0399588568663406,0.0296155193556157,2507,"tags=36%, list=20%, signal=30%","AHNAK/PRKD1/CYBA/PML/HOMER3/SESTD1/DMD/LILRA5/CD84/GPER1/ITGB3/NIPSNAP2/HOMER2/PACSIN3/F2R/P2RX4/HTT/SELENON/APLNR/FYN/PIK3CG/AKAP6/SPG11/LILRB1/PKD2/PDE4B/EPB41/CXCL12/PTPN6/STIM1/TSPAN13/WNK3/P2RY6/UBASH3B/PTK2B/LILRA2/TGFB1/CAMK2D/YWHAE/PRKACA/CLIC2/DIAPH1/LYN/LILRB2/CD4/APP/IL16/MYLK/UBR3/ABL1/CCR1/CALM1/SLC8A1/NOS3","GO_BP"
"GOBP_REGULATION_OF_POSTSYNAPTIC_MEMBRANE_POTENTIAL","GOBP_REGULATION_OF_POSTSYNAPTIC_MEMBRANE_POTENTIAL",52,-0.556587799061257,-1.57932673030225,0.00599098326341008,0.0399602956649937,0.0296165857216907,1272,"tags=23%, list=10%, signal=21%","ABAT/MET/MECP2/STX1B/PTK2B/GSK3B/RELN/CUX2/APP/CHRNE/SSH1/SHANK3","GO_BP"
"GOBP_MYOFIBRIL_ASSEMBLY","GOBP_MYOFIBRIL_ASSEMBLY",44,-0.578883135781447,-1.59018902936051,0.00617252560570894,0.0410513619470864,0.0304252298404066,2479,"tags=41%, list=19%, signal=33%","PRKD1/NRAP/TMOD2/CFLAR/PDGFRA/OBSL1/MEF2A/ITGB1/FLII/WDR1/SMAD4/PROX1/AKAP13/TMOD3/PLEC/BMP10/MYH10/PRKAR1A","GO_BP"
"GOBP_CENTRAL_NERVOUS_SYSTEM_NEURON_DEVELOPMENT","GOBP_CENTRAL_NERVOUS_SYSTEM_NEURON_DEVELOPMENT",70,-0.514181875312735,-1.51616784544153,0.00617252914371817,0.0410513619470864,0.0304252298404066,2663,"tags=36%, list=21%, signal=28%","HPRT1/PLXNA4/NDEL1/DISC1/GBA2/OGDH/ROBO1/PALS1/PLXNA1/SZT2/B4GALT5/SPG11/SPTBN4/ATP7A/ZEB2/PRKCA/NRP1/RAPGEF2/ZMIZ1/ARHGAP35/CRKL/SCN1B/UBB/NOVA2/NRP2","GO_BP"
"GOBP_PROTEIN_LOCALIZATION_TO_ENDOPLASMIC_RETICULUM","GOBP_PROTEIN_LOCALIZATION_TO_ENDOPLASMIC_RETICULUM",67,0.528968100280084,1.58953330948671,0.00618472511216393,0.0410726875544724,0.0304410353210394,2567,"tags=33%, list=20%, signal=26%","SPCS1/SRP19/SRPRB/SRP9/SEC61B/CHMP4B/GABARAPL2/BCAP31/INSIG2/NACA/HSPA5/SPCS2/DDRGK1/KDELR3/RTN4/SRP14/KDELR2/PPP1R15A/BCAP29/INSIG1/SEC61A1/SRP72","GO_BP"
"GOBP_BONE_MATURATION","GOBP_BONE_MATURATION",21,-0.704453261963285,-1.69014781411413,0.00623187520830843,0.0412062033802978,0.0305399906174144,1818,"tags=33%, list=14%, signal=29%","IGF1/FGFR3/ADAMTS7/PLXNB1/SEMA4D/RFLNB/DCHS1","GO_BP"
"GOBP_ENDOTHELIAL_CELL_CHEMOTAXIS","GOBP_ENDOTHELIAL_CELL_CHEMOTAXIS",24,-0.69415241125093,-1.68844217491868,0.00625894181350989,0.0412062033802978,0.0305399906174144,1846,"tags=46%, list=14%, signal=39%","P2RX4/PLEKHG5/FGFR1/MET/NRP1/CORO1B/SEMA5A/NOTCH1/GAB1/KDR/LGMN","GO_BP"
"GOBP_AORTA_MORPHOGENESIS","GOBP_AORTA_MORPHOGENESIS",27,-0.66471344000715,-1.64925631786275,0.0062473458240332,0.0412062033802978,0.0305399906174144,1174,"tags=41%, list=9%, signal=37%","HEY2/NPRL3/PROX1/DLL4/MYLK/NOTCH1/EFNB2/TGFBR2/LRP1/ENG/ACVRL1","GO_BP"
"GOBP_SMOOTH_MUSCLE_CONTRACTION","GOBP_SMOOTH_MUSCLE_CONTRACTION",66,-0.534026049264482,-1.55807057844454,0.00622220559938921,0.0412062033802978,0.0305399906174144,2185,"tags=33%, list=17%, signal=28%","PIK3C2A/SETD3/HTR2B/BBS2/GPER1/DOCK4/F2R/CTTN/ATP2B4/ABAT/NMUR1/TBXA2R/GUCY1A1/KCNMA1/APBB2/TPCN2/ARHGAP42/ROCK2/MYLK/SMTN/SLC8A1/CD38","GO_BP"
"GOBP_RESPONSE_TO_TYPE_II_INTERFERON","GOBP_RESPONSE_TO_TYPE_II_INTERFERON",109,-0.465273448338415,-1.47783802550491,0.00625791627614365,0.0412062033802978,0.0305399906174144,1871,"tags=22%, list=15%, signal=19%","VAMP4/GBP5/ADAMTS13/STXBP1/RAB43/GPR146/WAS/CDC42EP4/FLNB/MED1/VAMP3/MEFV/TP53/DAPK1/ASS1/GBP4/TLR4/HCK/IRF8/PARP14/JAK1/CALM1/CXCL16/MRC1","GO_BP"
"GOBP_LIMBIC_SYSTEM_DEVELOPMENT","GOBP_LIMBIC_SYSTEM_DEVELOPMENT",77,-0.490699449919946,-1.47094834133551,0.00625791627614365,0.0412062033802978,0.0305399906174144,2428,"tags=40%, list=19%, signal=33%","CTNNB1/RAB3GAP1/CDK6/NCOA1/EZH1/PHLPP2/OGDH/BBS2/SRD5A1/FEZ1/RARA/VPS13B/PLXNA1/TSC1/ATP2B4/KDM6B/ZEB2/FGFR1/HDAC1/GSK3B/RELN/YWHAE/NRP1/PROX1/NF2/CRKL/SEMA6B/NF1/UBB/PTPRS/NRP2","GO_BP"
"GOBP_MYELOID_DENDRITIC_CELL_ACTIVATION","GOBP_MYELOID_DENDRITIC_CELL_ACTIVATION",20,-0.722081868209185,-1.71030299411035,0.00629237885110754,0.0413667323319573,0.0306589667005119,1573,"tags=35%, list=12%, signal=31%","NOTCH2/CAMK4/TRAF6/TGFB1/SPI1/TGFBR2/DOCK2","GO_BP"
"GOBP_UTERUS_DEVELOPMENT","GOBP_UTERUS_DEVELOPMENT",15,-0.747643679546988,-1.66989121389912,0.00638659845731594,0.0419258165969491,0.0310733321796512,2521,"tags=60%, list=20%, signal=48%","ASH1L/RBP4/SRC/CDKN1C/ANTXR2/GREB1L/KDM5B/SMAD4/CITED2","GO_BP"
"GOBP_NEGATIVE_REGULATION_OF_MUSCLE_CELL_DIFFERENTIATION","GOBP_NEGATIVE_REGULATION_OF_MUSCLE_CELL_DIFFERENTIATION",46,-0.583326042798053,-1.61911996359562,0.00641130483432684,0.0420276209297551,0.0311487844929841,3334,"tags=54%, list=26%, signal=40%","NFATC2/G6PD/PAK1/NFATC1/DLL1/RBPMS2/FOXO4/SMAD1/CTDP1/NFATC3/BMPR2/TNPO2/HDAC5/HEY2/FRS2/IGF2/MED28/HDAC1/SMAD4/PDCD4/MECP2/PTBP1/PPARA/NOTCH1/HDAC4","GO_BP"
"GOBP_POSITIVE_REGULATION_OF_CATABOLIC_PROCESS","GOBP_POSITIVE_REGULATION_OF_CATABOLIC_PROCESS",487,-0.341412624712954,-1.27608801103339,0.00649930313597446,0.042543432705254,0.0315310785529028,1963,"tags=21%, list=15%, signal=19%","DDB1/SUPV3L1/BBS7/SETD2/PABIR1/PAN2/CUL4B/PACSIN3/TOB1/IGF1/HTT/AGO4/ATF6/TAF1/PNPLA2/CSDE1/ABCA2/VPS13D/GIT1/SNX9/PRR5L/LARP1/APC/PIAS1/SPTLC1/HK2/USP13/BAG6/FBXW8/IRGQ/GPLD1/FURIN/UFL1/NPRL3/CSNK2A1/WAC/CNOT6/PTK2/HNRNPU/IL33/LAPTM5/QKI/CNOT6L/CNOT4/GIGYF2/ITCH/ZSWIM8/PTK2B/GSK3B/TNFRSF1B/SMURF1/SNX30/ATG2A/SNX18/AGO1/MEFV/ZER1/DAPK1/TPCN1/HIF1A/AMER1/L3MBTL3/RAB7A/PHKA1/SAMD4B/IRS1/APP/SPTLC2/PTPN1/RNF152/PPARA/ROCK2/SMCR8/GGA3/UBR3/TRIB2/CNOT1/TSC2/DAB2/PIP4K2A/ARNT/HUWE1/HECTD1/ADAM9/AGO2/FYCO1/UBR4/PRKAA1/RNF31/TUT7/RPTOR/UPF1/CPEB3/CSNK1A1/LRP1/YTHDF1/KHSRP/ALKBH5/ZC3H18/DEPDC5/LPCAT1/FTO/KDR/HMOX1","GO_BP"
"GOBP_CANONICAL_WNT_SIGNALING_PATHWAY","GOBP_CANONICAL_WNT_SIGNALING_PATHWAY",245,-0.390923509753006,-1.3735918136502,0.00652910329005464,0.0426773575568807,0.0316303369988793,1717,"tags=22%, list=13%, signal=20%","BCL9/TMEM131L/DDX3X/FZD4/TNKS/APC/GPC5/SMAD3/TLE4/TLE3/USP34/LATS1/LATS2/TNKS2/IGFBP2/KREMEN1/ZEB2/HDAC1/LRP6/FRMD8/INVS/CHD8/KANK1/SMAD4/TLE2/DVL3/GID8/GSK3B/TGFB1/DAAM2/WNK1/PTPRO/SEMA5A/UBR5/AMER1/EGR1/SNAI2/APP/ZBED3/EDA/NOTCH1/DAB2/LRRK1/NRARP/BCL9L/CCDC88C/JUP/FZD5/LRP5/CSNK1A1/SOX13/TBL1XR1/CDH2/TCF7L1/STK4","GO_BP"
"GOBP_POSITIVE_REGULATION_OF_REGULATORY_T_CELL_DIFFERENTIATION","GOBP_POSITIVE_REGULATION_OF_REGULATORY_T_CELL_DIFFERENTIATION",22,-0.698825963514243,-1.69286362714167,0.00656727540232503,0.0428043955966092,0.0317244912820476,852,"tags=18%, list=7%, signal=17%","TGFB1/LILRB2/DUSP10/CR1","GO_BP"
"GOBP_FC_EPSILON_RECEPTOR_SIGNALING_PATHWAY","GOBP_FC_EPSILON_RECEPTOR_SIGNALING_PATHWAY",22,-0.698825826543429,-1.69286329533815,0.00656727540232503,0.0428043955966092,0.0317244912820476,1805,"tags=45%, list=14%, signal=39%","IKBKB/SYK/PLCG2/MAP3K1/TRAF6/SOS1/LYN/VAV3/FCER1G/VAV1","GO_BP"
"GOBP_LYMPHANGIOGENESIS","GOBP_LYMPHANGIOGENESIS",15,-0.746100489074187,-1.66644443800521,0.00667203011940897,0.0434252216746148,0.0321846167253541,2444,"tags=53%, list=19%, signal=43%","EPHA2/VASH1/BMPR2/TIE1/PROX1/SOX18/ACVRL1/FLT4","GO_BP"
"GOBP_TYPE_II_INTERFERON_PRODUCTION","GOBP_TYPE_II_INTERFERON_PRODUCTION",88,-0.49627113489507,-1.52304561635972,0.00668275120836084,0.0434331298307264,0.0321904778577477,2093,"tags=26%, list=16%, signal=22%","CD226/SASH3/IL12RB1/RARA/PGLYRP2/RIPK3/CD274/LILRB1/PDE4B/IL33/LAPTM5/TLR8/ZFPM1/APP/PDCD1LG2/TLR4/ABL1/FZD5/IRF8/CD244/EBI3/AXL/CR1","GO_BP"
"GOBP_PHOSPHATIDYLINOSITOL_MEDIATED_SIGNALING","GOBP_PHOSPHATIDYLINOSITOL_MEDIATED_SIGNALING",20,-0.720262917847207,-1.70599467896328,0.00672385171256943,0.0435145587460761,0.0322508289240135,2738,"tags=65%, list=21%, signal=51%","PLCG1/PIK3CA/PIK3C2A/PLCL2/PIK3C2B/PLCG2/PIK3CG/FGFR1/PIK3C3/PI4KA/PIK3CD/PLCB3/PLCB2","GO_BP"
"GOBP_RESPONSE_TO_AMYLOID_BETA","GOBP_RESPONSE_TO_AMYLOID_BETA",37,-0.610004693969647,-1.62284364211326,0.00671715464281712,0.0435145587460761,0.0322508289240135,1818,"tags=41%, list=14%, signal=35%","IGF1/SYK/FYN/ICAM1/TLR6/PARP1/ABCC1/IGF1R/GSK3B/APP/TLR4/SNX6/LRP1/LGMN/VCAM1","GO_BP"
"GOBP_MAMMARY_GLAND_MORPHOGENESIS","GOBP_MAMMARY_GLAND_MORPHOGENESIS",37,-0.609782253319541,-1.62225186569197,0.00671715464281712,0.0435145587460761,0.0322508289240135,1311,"tags=27%, list=10%, signal=24%","CSF1/KDM5B/IGFBP5/PTCH1/MED1/TGFB1/TGFBR2/LRP5/CSF1R/ETV5","GO_BP"
"GOBP_OSTEOBLAST_DIFFERENTIATION","GOBP_OSTEOBLAST_DIFFERENTIATION",185,-0.412070363207249,-1.39998206072992,0.00677742821519943,0.0437992496679578,0.0324618276904587,2008,"tags=23%, list=16%, signal=20%","ILK/HDAC7/BMPR2/TOB1/ZHX3/IGF1/TPM4/PTH1R/TNN/SMAD3/ACVR2A/IGF2/IGFBP2/FERMT2/CEBPD/UFL1/PTK2/HNRNPU/CEBPB/CRIM1/IGFBP5/PTCH1/IL6ST/RASSF2/SMAD4/GSK3B/WWOX/DDR2/CBFB/PRKACA/DNAJC13/SMAD6/SNAI2/SMOC1/NOTCH1/SUFU/SNRNP200/NF1/SEMA4D/LRP5/PTPRB/BMP6/SKI","GO_BP"
"GOBP_ANTIGEN_PROCESSING_AND_PRESENTATION_OF_EXOGENOUS_ANTIGEN","GOBP_ANTIGEN_PROCESSING_AND_PRESENTATION_OF_EXOGENOUS_ANTIGEN",39,-0.598193441574955,-1.59886782297038,0.00680311126124412,0.0439007847893734,0.0325370804776847,2482,"tags=33%, list=19%, signal=27%","PIKFYVE/HLA-DPA1/CD74/IKBKB/LNPEP/DNM2/HLA-E/TRAF6/UNC93B1/CTSL/FCER1G/LGMN/MPEG1","GO_BP"
"GOBP_ESTABLISHMENT_OF_PROTEIN_LOCALIZATION_TO_ENDOPLASMIC_RETICULUM","GOBP_ESTABLISHMENT_OF_PROTEIN_LOCALIZATION_TO_ENDOPLASMIC_RETICULUM",37,0.60380989394556,1.59482889630511,0.00681235640526718,0.0439007847893734,0.0325370804776847,1257,"tags=22%, list=10%, signal=20%","SPCS1/SRP19/SRPRB/SRP9/SEC61B/CHMP4B/HSPA5/SPCS2","GO_BP"
"GOBP_METENCEPHALON_DEVELOPMENT","GOBP_METENCEPHALON_DEVELOPMENT",82,-0.493476310834406,-1.50532341560089,0.00686238901938332,0.0441609231402287,0.0327298820983783,1581,"tags=23%, list=12%, signal=20%","FZD4/RORA/ATP7A/GART/ABAT/MECP2/HERC1/MYO16/PROX1/LDB1/TP53/ATRN/ABL1/CRKL/MYH10/PTPRS/SPTBN2/NCOR2/RERE","GO_BP"
"GOBP_REGULATION_OF_INTRACELLULAR_STEROID_HORMONE_RECEPTOR_SIGNALING_PATHWAY","GOBP_REGULATION_OF_INTRACELLULAR_STEROID_HORMONE_RECEPTOR_SIGNALING_PATHWAY",71,-0.524478209823667,-1.5547620770578,0.00687901379083681,0.0442056455841539,0.0327630281517833,2296,"tags=32%, list=18%, signal=27%","VPS11/CRY2/SRC/CARM1/TCF7L2/IGF1/KANK2/TAF1/LATS1/UFL1/HDAC1/KMT2D/ZNF366/MED1/PARP1/SAFB/SKP2/CNOT1/DAB2/CYP7B1/KDM1A/EP300/NCOR2","GO_BP"
"GOBP_CALCIUM_ION_TRANSMEMBRANE_IMPORT_INTO_CYTOSOL","GOBP_CALCIUM_ION_TRANSMEMBRANE_IMPORT_INTO_CYTOSOL",107,-0.462140162469057,-1.46503694597443,0.00700366964644523,0.0448804580850046,0.03326316564939,2479,"tags=40%, list=19%, signal=33%","PRKD1/CYBA/HTR2B/PML/PLCL2/DMD/XCR1/GPER1/ITGB3/LETM1/F2R/CHERP/P2RX4/HTT/SELENON/APLNR/FYN/PLCG2/AKAP6/SLC24A1/ATP2B4/PKD2/ERO1A/PTPRC/PTPN6/P2RY6/UBASH3B/PTK2B/TGFB1/CAMK2D/TPCN2/PRKACA/CLIC2/DIAPH1/LYN/CD4/ABL1/PLCB3/PLCB2/CALM1/SLC8A1/ITPR2/MCOLN1","GO_BP"
"GOBP_EYE_MORPHOGENESIS","GOBP_EYE_MORPHOGENESIS",108,-0.460329116996649,-1.45919066671633,0.00699963679977098,0.0448804580850046,0.03326316564939,911,"tags=15%, list=7%, signal=14%","KDM2B/MYO7A/PTPRM/PROX1/HIF1A/HIPK1/NOTCH1/SHROOM2/NF1/FZD5/PRKCI/LRP5/KDR/CITED2/HIPK2/SKI","GO_BP"
"GOBP_VENTRICULAR_TRABECULA_MYOCARDIUM_MORPHOGENESIS","GOBP_VENTRICULAR_TRABECULA_MYOCARDIUM_MORPHOGENESIS",12,-0.803334152708316,-1.705518683259,0.007091047513031,0.0451239499819479,0.0334436297455222,1596,"tags=58%, list=12%, signal=51%","HEY2/HEG1/MED1/DLL4/NOTCH1/ENG/UBE4B","GO_BP"
"GOBP_REGULATION_OF_POSTSYNAPTIC_SPECIALIZATION_ASSEMBLY","GOBP_REGULATION_OF_POSTSYNAPTIC_SPECIALIZATION_ASSEMBLY",14,-0.771509830218198,-1.68726116689565,0.00707292186583157,0.0451239499819479,0.0334436297455222,1304,"tags=71%, list=10%, signal=64%","PTPRD/LRFN1/IL1RAP/LATS1/FGFR1/ABI3/PTK2B/ABL1/PTPRS/SPTBN2","GO_BP"
"GOBP_POSITIVE_REGULATION_OF_B_CELL_PROLIFERATION","GOBP_POSITIVE_REGULATION_OF_B_CELL_PROLIFERATION",34,-0.623314895082419,-1.63114802527126,0.00705258344748988,0.0451239499819479,0.0334436297455222,2025,"tags=32%, list=16%, signal=27%","SASH3/MIF/SLC39A10/TCF3/PTPRC/PELI1/NCKAP1L/TLR4/VAV3/PRLR/CD38","GO_BP"
"GOBP_ANTIGEN_PROCESSING_AND_PRESENTATION_OF_EXOGENOUS_PEPTIDE_ANTIGEN","GOBP_ANTIGEN_PROCESSING_AND_PRESENTATION_OF_EXOGENOUS_PEPTIDE_ANTIGEN",33,-0.626252065337494,-1.63019034077005,0.00706301965724827,0.0451239499819479,0.0334436297455222,2482,"tags=39%, list=19%, signal=32%","PIKFYVE/HLA-DPA1/CD74/IKBKB/LNPEP/DNM2/HLA-E/TRAF6/UNC93B1/CTSL/FCER1G/LGMN/MPEG1","GO_BP"
"GOBP_CELL_GROWTH","GOBP_CELL_GROWTH",380,-0.361782576322832,-1.3263015539058,0.007091047513031,0.0451239499819479,0.0334436297455222,2463,"tags=26%, list=19%, signal=21%","NDEL1/EPB41L5/ITGA4/FHL1/CYBA/PML/CCAR2/ULK1/DISC1/CLASP2/CD2AP/LIMK1/CTDP1/ADCY10/FN1/AUTS2/EPHX2/SEMA5B/NPR2/CYFIP2/DNM2/NTN1/TEAD1/SUPV3L1/PABIR1/ADAM17/BMPR2/CTTN/PDLIM5/PLXNA1/IGF1/BLTP1/AKAP6/DDX3X/SPG11/SOCS2/TNN/SMAD3/NDRG3/TAOK2/CXCL12/GATA4/ITGB1/SERTAD2/ZEB2/CSNK2A1/ARHGAP4/KMT2D/SMARCA2/IGFBP5/USP9X/NRN1/OLFM1/ITCH/SMAD4/MACF1/COBL/KDM2B/JADE2/GSK3B/TGFB1/CAMK2D/NRP1/SMURF1/ING1/ENPP1/TP53/RAPH1/SLC23A2/SEMA5A/DCBLD2/MEGF8/CLSTN1/APP/IL17RB/PPARA/RASGRP2/ABL1/TRPC5/DAB2/CRKL/PTPRJ/SEMA4D/TGFBR2/SPAG9/BMP10/RPTOR/KIF26A/NET1/PTPRS/NPR1/CYFIP1/CD38/SIN3A/ACVRL1/IQGAP1/CXCL16/NRP2","GO_BP"
"GOBP_NEGATIVE_REGULATION_OF_GENE_EXPRESSION_EPIGENETIC","GOBP_NEGATIVE_REGULATION_OF_GENE_EXPRESSION_EPIGENETIC",147,-0.434247780336319,-1.43217474054199,0.00710736279634177,0.0451648687294653,0.0334739566881362,1722,"tags=24%, list=13%, signal=21%","HDAC5/MOV10L1/HNRNPK/YTHDC1/KAT8/PCGF3/SMARCA5/SMARCA1/CIZ1/HNRNPU/TRIP12/HDAC1/KMT2D/CTCF/SMARCA2/JARID2/MECP2/ZNF445/USP7/UBR2/UBR5/MTA1/CBX5/HDAC9/RLIM/TPR/ATF7IP/LBR/TUT7/PHF8/DYRK1A/PHF2/HDAC4/EHMT1/SPEN/SIN3A","GO_BP"
"GOBP_NUCLEAR_MIGRATION","GOBP_NUCLEAR_MIGRATION",26,-0.665815057269383,-1.65064760571666,0.00719725057050439,0.0456725525786591,0.0338502267329132,2210,"tags=46%, list=17%, signal=38%","CLMN/CEP120/LMNB1/NTN1/SUN2/DCTN1/SYNE3/FHOD1/DYNC1H1/SUN1/SYNE2/MYH10","GO_BP"
"GOBP_POSITIVE_REGULATION_OF_STRIATED_MUSCLE_CELL_DIFFERENTIATION","GOBP_POSITIVE_REGULATION_OF_STRIATED_MUSCLE_CELL_DIFFERENTIATION",26,-0.664645605144242,-1.64774837216932,0.00734191771800312,0.0463331796319838,0.0343398506816168,1818,"tags=38%, list=14%, signal=33%","IGF1/AKAP6/CYP26B1/ATP11A/TGFB1/PROX1/MAML1/PIEZO1/EFNB2/BMP10","GO_BP"
"GOBP_PYRIMIDINE_DEOXYRIBONUCLEOTIDE_METABOLIC_PROCESS","GOBP_PYRIMIDINE_DEOXYRIBONUCLEOTIDE_METABOLIC_PROCESS",24,0.668974417264848,1.64575101440645,0.00734062209581325,0.0463331796319838,0.0343398506816168,2452,"tags=46%, list=19%, signal=37%","TYMS/DCTPP1/SMUG1/DUT/TDG/TBPL1/DTYMK/UPP2/NT5M/NTHL1/TYMP","GO_BP"
"GOBP_INTERLEUKIN_2_PRODUCTION","GOBP_INTERLEUKIN_2_PRODUCTION",57,-0.552511748768709,-1.57133998842239,0.00732521587749362,0.0463331796319838,0.0343398506816168,2133,"tags=46%, list=17%, signal=38%","CLEC7A/PDE4D/LILRB4/HAVCR2/HOMER3/RUNX1/STAT5A/SASH3/HOMER2/CARD9/HDAC7/TBX21/PLCG2/STAT5B/PDE4B/PTPRC/LAG3/CD86/LAPTM5/TRAF6/PRKACA/CD4/ABL1/SPTBN1/VSIG4/CR1","GO_BP"
"GOBP_RNA_5_END_PROCESSING","GOBP_RNA_5_END_PROCESSING",36,0.587501109006237,1.54872039991147,0.00732438686635865,0.0463331796319838,0.0343398506816168,1454,"tags=28%, list=11%, signal=25%","TRMT10C/SNRPF/SNRPD2/RPP38/RPP14/SNRPB/POP4/SNRPE/SSB/POP5","GO_BP"
"GOBP_RESPONSE_TO_POTASSIUM_ION","GOBP_RESPONSE_TO_POTASSIUM_ION",15,-0.74336954107561,-1.66034475951772,0.00738631277834947,0.0465490525300396,0.0344998449480222,2110,"tags=40%, list=17%, signal=33%","HSF1/SLC34A1/ADAMTS13/ABCC9/KCNJ10/CRHBP","GO_BP"
"GOBP_CELLULAR_RESPONSE_TO_POTASSIUM_ION","GOBP_CELLULAR_RESPONSE_TO_POTASSIUM_ION",11,-0.811716591280254,-1.68949812463063,0.00741447141267253,0.0465984440160746,0.0345364514634579,870,"tags=36%, list=7%, signal=34%","HSF1/ABCC9/KCNJ10/CRHBP","GO_BP"
"GOBP_MONOSACCHARIDE_METABOLIC_PROCESS","GOBP_MONOSACCHARIDE_METABOLIC_PROCESS",226,-0.403142455213162,-1.40147107540034,0.00741454777843866,0.0465984440160746,0.0345364514634579,2335,"tags=29%, list=18%, signal=24%","SLC2A3/SLC25A13/PGM1/GAA/ADCY10/PFKL/OGT/AKR1B1/PCK1/GPD2/TCF7L2/DDB1/WDTC1/IGF1/SELENON/RANBP2/H6PD/HK1/HECTD4/PGM2L1/PPP1R3G/PRKAG2/RORA/G6PC1/ERO1A/CHST15/IGF2/PER2/FOXK1/ZMPSTE24/HK2/PCK2/MAN2A1/GPLD1/PPARGC1A/LEPR/PC/ONECUT1/B4GALT1/GNMT/ARPP19/PRKACA/NFE2L1/USP7/TP53/SLC23A2/PDK3/NCOA2/PHKA1/KCNQ1/IRS1/XYLB/HK3/PPARA/NPY1R/PFKFB3/LIPA/MAN2B1/MTCL2/PRKAA1/LRP5/SORBS1/ACACB/MAN2B2/EP300/PGAM1","GO_BP"
"GOBP_PROTEIN_LOCALIZATION_TO_NUCLEOPLASM","GOBP_PROTEIN_LOCALIZATION_TO_NUCLEOPLASM",14,0.760054800974762,1.64998333761413,0.00743012047103456,0.0466321709232924,0.0345614481713681,1876,"tags=57%, list=15%, signal=49%","CCT4/CCT6A/CCT5/DKC1/LARP7/CCT2/CCT3/MEPCE","GO_BP"
"GOBP_REGULATION_OF_MYELOID_LEUKOCYTE_DIFFERENTIATION","GOBP_REGULATION_OF_MYELOID_LEUKOCYTE_DIFFERENTIATION",93,-0.491495525678176,-1.52167521102391,0.00754831701128032,0.047308999210617,0.035063079669755,2469,"tags=39%, list=19%, signal=31%","PIAS3/TNFRSF11A/CD74/RUNX1/STAT5A/HSF1/TAL1/RARA/TOB2/PIK3R1/NOTCH2/LILRB1/NEDD9/CSF1/EVI2B/CAMK4/CEBPB/QKI/MAFB/RASSF2/UBASH3B/TRAF6/TGFB1/PRKCA/HCLS1/ZFPM1/ZBTB46/LYN/CD4/TLR4/GPR137B/NF1/RPTOR/CCR1/C1QC/INPP5D","GO_BP"
"GOBP_POSITIVE_REGULATION_OF_COLD_INDUCED_THERMOGENESIS","GOBP_POSITIVE_REGULATION_OF_COLD_INDUCED_THERMOGENESIS",77,-0.483615577714882,-1.4497133265582,0.0075760797074375,0.0474179564154547,0.0351438333364477,2349,"tags=38%, list=18%, signal=31%","IL4R/THRA/JAK2/ZNF516/CD36/OGT/HSF1/SYK/ALMS1/APC/PEMT/HADH/KDM6B/PER2/PPARGC1A/LEPR/CEBPB/APPL2/GRB10/GNAS/IGF1R/PLAC8/DYNC1H1/EPAS1/KDM1A/BSCL2/CMKLR1/EHMT1/PRLR","GO_BP"
"GOBP_INTRINSIC_APOPTOTIC_SIGNALING_PATHWAY","GOBP_INTRINSIC_APOPTOTIC_SIGNALING_PATHWAY",281,0.369774382834723,1.3319278499444,0.00760614351580035,0.0475409982540244,0.0352350258338681,1596,"tags=20%, list=12%, signal=18%","CYCS/PARL/SELENOS/RPS27L/HSPE1/RPS7/TRIAP1/RPL26/IFI27L1/HINT1/DDIT3/TREM2/ERP29/PTPN2/BECN1/RPS3/PHLDA3/CD24/IFI27L2/SELENOK/TAF9/GSKIP/DAPK2/COA8/PARK7/DNAJA1/PTPMT1/TRIB3/ATF4/CASP6/POLB/BAX/BCAP31/MMP9/CASP4/CREB3/DDIT4/STYXL1/HELLS/CDKN1A/XPA/FGF2/PERP/IFI6/BBC3/E2F1/NFATC4/BCL2L1/EI24/IFI27/PDCD10/DAXX/TXNDC12/HRAS/MTCH2/MDM2","GO_BP"
"GOBP_PLASMA_MEMBRANE_PHOSPHOLIPID_SCRAMBLING","GOBP_PLASMA_MEMBRANE_PHOSPHOLIPID_SCRAMBLING",19,-0.711791767614638,-1.66747255117421,0.00774779258044961,0.048360197131249,0.0358421753398136,1412,"tags=26%, list=11%, signal=23%","TMEM41B/ANO7/TRPC5/PLSCR4/SERINC3","GO_BP"
"GOBP_PROTEIN_NEDDYLATION","GOBP_PROTEIN_NEDDYLATION",26,0.661869958710411,1.64901786232735,0.00782346190196608,0.0487658900819686,0.036142854798054,2102,"tags=50%, list=16%, signal=42%","NEDD8/RNF7/UBE2F/COPS9/COPS5/COPS4/RBX1/RPL11/NAE1/DCUN1D5/RPL5/UBA3/COPS3","GO_BP"
"GOBP_EMBRYONIC_APPENDAGE_MORPHOGENESIS","GOBP_EMBRYONIC_APPENDAGE_MORPHOGENESIS",78,-0.498330801338738,-1.50179323514158,0.00783930194163603,0.0487980525495027,0.0361666920209997,2427,"tags=29%, list=19%, signal=24%","WDR19/TULP3/PBX1/RARB/IFT140/LRP4/IFT122/C2CD3/NOTCH2/CYP26B1/CHST11/FGFR1/HDAC1/PTCH1/MED1/SMAD4/ECE1/AFF3/MEGF8/NOTCH1/LRP5/CREBBP/SKI","GO_BP"
"GOBP_RANDOM_INACTIVATION_OF_X_CHROMOSOME","GOBP_RANDOM_INACTIVATION_OF_X_CHROMOSOME",13,-0.794024696866955,-1.70314229972266,0.0078547640756432,0.0488277783151208,0.0361887232815527,1616,"tags=69%, list=13%, signal=61%","CDYL/HNRNPK/PCGF3/CIZ1/HNRNPU/JARID2/RLIM/LBR/SPEN","GO_BP"
"GOBP_REGULATION_OF_CELLULAR_RESPONSE_TO_INSULIN_STIMULUS","GOBP_REGULATION_OF_CELLULAR_RESPONSE_TO_INSULIN_STIMULUS",67,-0.522269719647254,-1.52802765000345,0.00787889281799035,0.048844859274624,0.0362013828400699,1378,"tags=28%, list=11%, signal=25%","IGF2/FBXW8/GPLD1/NCOA5/APPL2/GRB10/KANK1/ENPP1/NCOA2/IRS1/PTPN1/TNS2/TSC2/PIP4K2A/PTPRJ/PRKAA1/SORBS1/ZNF592/RELA","GO_BP"
"GOBP_ANTIGEN_RECEPTOR_MEDIATED_SIGNALING_PATHWAY","GOBP_ANTIGEN_RECEPTOR_MEDIATED_SIGNALING_PATHWAY",156,-0.417272886947496,-1.38684290501444,0.00787165571245046,0.048844859274624,0.0362013828400699,2891,"tags=36%, list=23%, signal=28%","CD79B/KLHL6/PDE4D/RC3H2/LILRB4/PIK3CA/BTNL9/MEF2C/MAPK1/FCHO1/GCSAM/BTN3A1/CBLB/CMTM3/CD22/CD2AP/PLCL2/NFKBIZ/IKBKB/CD226/FCMR/SLC39A10/BRAF/SYK/ELF1/FYN/PLCG2/PRKCB/BLK/PDE4B/PTPRC/PTPN6/TNFRSF21/LAPTM5/SH2B2/CD300A/TRAF6/WNK1/SOS1/UBR2/PRKCH/LYN/NCKAP1L/ABL1/VAV3/LIPA/CRKL/THEMIS2/PTPRJ/PIK3CD/RNF31/NFAM1/LCP2/INPP5D/RELA/CD38","GO_BP"
"GOBP_RESPONSE_TO_GRANULOCYTE_MACROPHAGE_COLONY_STIMULATING_FACTOR","GOBP_RESPONSE_TO_GRANULOCYTE_MACROPHAGE_COLONY_STIMULATING_FACTOR",10,-0.823883031850536,-1.68153626427469,0.00791079116948019,0.0489761583378794,0.0362986951821677,584,"tags=60%, list=5%, signal=57%","STAT5A/NPR2/CD4/PDE1B/PRLR/PDE2A","GO_BP"
"GOBP_SOMITOGENESIS","GOBP_SOMITOGENESIS",39,-0.591097517435856,-1.57990164248139,0.00797013747640043,0.0492768039643756,0.0365215187829644,1490,"tags=31%, list=12%, signal=27%","FOXF1/SMAD3/ZEB2/PLXNA2/PRKDC/SMAD4/COBL/TP53/NOTCH1/NRARP/EP300/MED12","GO_BP"
"GOBP_POSITIVE_REGULATION_OF_HORMONE_METABOLIC_PROCESS","GOBP_POSITIVE_REGULATION_OF_HORMONE_METABOLIC_PROCESS",13,-0.793852326638531,-1.7027725744126,0.00800157786092272,0.0493376643003454,0.0365666254401426,786,"tags=46%, list=6%, signal=43%","NR5A2/HIF1A/EGR1/DAB2/ARNT/BMP6","GO_BP"
"GOBP_COMPLEMENT_ACTIVATION","GOBP_COMPLEMENT_ACTIVATION",50,-0.566070167646026,-1.58895118046734,0.00800157786092272,0.0493376643003454,0.0365666254401426,590,"tags=18%, list=5%, signal=17%","C5/FCN2/C1QB/CFD/C1QC/VSIG4/CFP/CD5L/CR1","GO_BP"
"GOBP_HUMORAL_IMMUNE_RESPONSE","GOBP_HUMORAL_IMMUNE_RESPONSE",157,-0.419735526435301,-1.39633797196478,0.00805758935613034,0.0496160724638268,0.03677296773822,1641,"tags=17%, list=13%, signal=15%","MASP2/CD55/NOTCH2/C1QA/PTPRC/CXCL12/HLA-E/PTPN6/MASP1/TNFRSF21/ALOX5/CCL23/C5/APP/NOTCH1/FCN2/CCL24/C1QB/CFD/EBI3/C1QC/HMGN2/VSIG4/CFP/CD5L/CR1","GO_BP"
"GOBP_T_CELL_ACTIVATION_INVOLVED_IN_IMMUNE_RESPONSE","GOBP_T_CELL_ACTIVATION_INVOLVED_IN_IMMUNE_RESPONSE",102,-0.461339824224155,-1.45079907519036,0.00809740514069425,0.0497941373995048,0.0369049406213975,2989,"tags=39%, list=23%, signal=30%","HLA-DRA/TYROBP/IL6R/APBB1IP/STAT3/HLX/RC3H2/NLRP3/HAVCR2/BRD4/CD74/IL4R/NFKBIZ/OPA1/STAT5A/PCK1/PTGER4/IL12RB1/LCP1/RARA/PLXNA1/TBX21/PIK3R1/ITGAL/TSC1/RORA/ATP7A/LILRB1/LOXL3/ICAM1/CD86/IL6ST/ZFPM1/TP53/GPR65/NCKAP1L/FGL2/FCER1G/JAK1/EP300","GO_BP"
