"ID","Description","setSize","enrichmentScore","NES","pvalue","p.adjust","qvalue","rank","leading_edge","core_enrichment","collection"
"HALLMARK_MYC_TARGETS_V1","HALLMARK_MYC_TARGETS_V1",199,-0.501534390586087,-1.89030773478034,2.66155666845475e-07,1.02498259769246e-05,6.68936011125605e-06,1842,"tags=33%, list=13%, signal=29%","HSPD1/SRSF3/PSMB3/SSB/SRSF1/HDGF/SNRPA/PSMD3/PHB2/PRPS2/ABCE1/HNRNPA1/LSM2/TRIM28/NHP2/G3BP1/AP3S1/MRPL9/CCT3/SRSF2/U2AF1/CYC1/PABPC1/CLNS1A/LSM7/CDK2/EIF2S2/EIF3J/ACP1/PABPC4/EIF4H/SERBP1/MRPL23/SNRPD2/PTGES3/SNRPG/UBE2E1/DEK/KARS1/CCT4/TCP1/RPL34/NOP56/EIF3D/TFDP1/IMPDH2/CBX3/MRPS18B/HPRT1/RPLP0/RACK1/FBL/RPS10/EEF1B2/CNBP/NPM1/RPS2/RPS5/RSL1D1/RPL22/RPL6/RPS3/RPL18/RPS6/RPL14","Hallmark"
"HALLMARK_OXIDATIVE_PHOSPHORYLATION","HALLMARK_OXIDATIVE_PHOSPHORYLATION",199,-0.496871380597029,-1.87273262125847,4.09993039076984e-07,1.02498259769246e-05,6.68936011125605e-06,2880,"tags=39%, list=21%, signal=31%","ATP5MG/SLC25A3/COX7B/MRPS22/FXN/ATP5F1D/MRPS12/SUCLG1/ATP6AP1/UQCRC2/NDUFA5/MRPL34/NDUFV2/PHYH/MDH2/PHB2/CYB5A/ATP5MF/MRPS11/ATP5F1E/NDUFA8/MRPL15/VDAC2/NDUFV1/SDHD/COX6A1/NDUFC1/NDUFB5/COX8A/CYC1/FH/NDUFB6/NDUFS7/POLR2F/MTX2/NDUFB1/COX17/NDUFA3/UQCRC1/NDUFB4/SURF1/COX7A2/OXA1L/ATP5PO/ATP1B1/COX6B1/MPC1/RETSAT/NDUFS3/TOMM22/GRPEL1/ATP5PD/ETFB/NDUFB7/NDUFA6/UQCR10/NDUFC2/COX4I1/UQCRH/NDUFA1/ATP5ME/COX7C/NDUFA2/MRPL11/SLC25A4/GPX4/UQCRB/COX6C/NDUFS4/ISCU/HTRA2/ATP5MC2/NDUFB8/COX5B/OAT/SLC25A6/ALDH6A1/ACADSB","Hallmark"
"HALLMARK_CHOLESTEROL_HOMEOSTASIS","HALLMARK_CHOLESTEROL_HOMEOSTASIS",74,0.60171845482629,2.03573795986495,3.5767551967048e-06,5.96125866117467e-05,3.8905056525561e-05,2011,"tags=39%, list=15%, signal=34%","ABCA2/TP53INP1/FABP5/SQLE/NIBAN1/HMGCS1/SEMA3B/SREBF2/LGALS3/NSDHL/LPL/MVD/FASN/ACSS2/SCD/S100A11/LDLR/IDI1/CHKA/ATF5/TNFRSF12A/PLAUR/ANXA5/MAL2/HMGCR/FADS2/DHCR7/CTNNB1/MVK","Hallmark"
"HALLMARK_INTERFERON_GAMMA_RESPONSE","HALLMARK_INTERFERON_GAMMA_RESPONSE",192,0.44551564560048,1.72975538428149,1.61055366332486e-05,0.000201319207915607,0.000131387272534396,3501,"tags=39%, list=25%, signal=30%","RNF213/CXCL9/CASP1/STAT3/CDKN1A/ZBP1/CXCL10/MVP/DHX58/TRIM14/STAT2/SOCS3/SLAMF7/ARL4A/AUTS2/ADAR/WARS1/RIPK1/ZNFX1/CMTR1/HELZ2/IFIH1/IL7/FAS/CD69/SP110/MT2A/PARP14/FCGR1A/OAS3/CASP8/LGALS3BP/CASP4/RIPK2/PTPN1/IFNAR2/CCL5/SLC25A28/CMPK2/IL18BP/ICAM1/MTHFD2/ST8SIA4/PTGS2/TAPBP/PLA2G4A/DDX60/CIITA/HIF1A/IDO1/CASP7/CCL2/IFI30/SAMHD1/TRAFD1/TRIM25/CXCL11/FPR1/SAMD9L/IFITM2/PSMA2/NLRC5/IL2RB/ISG15/HLA-DRB1/OAS2/NMI/CD74/EIF2AK2/PML/GZMA/USP18/LY6E/NUP93/TRIM21","Hallmark"
"HALLMARK_G2M_CHECKPOINT","HALLMARK_G2M_CHECKPOINT",184,0.438888857159138,1.69840875805424,7.72657356733784e-05,0.000742667298818347,0.000484688131860395,3391,"tags=39%, list=25%, signal=30%","RASAL2/E2F1/MKI67/GINS2/SQLE/TOP2A/POLQ/H2AZ2/CDC6/HMGB3/FANCC/MCM2/KIF4A/SMC2/CCNA2/RACGAP1/CDC27/CHEK1/NUSAP1/HMMR/KPNA2/BIRC5/PTTG1/PLK4/MCM6/ESPL1/PRC1/CCND1/MT2A/ATF5/TNPO2/EWSR1/PAFAH1B1/ORC6/BCL3/PRP4K/MAD2L1/NCL/ODC1/KIF15/PLK1/DBF4/GSPT1/H2BC12/CDC25A/NDC80/RBL1/EZH2/HIF1A/BUB1/JPT1/TENT4A/CDC7/ODF2/SMC1A/MEIS1/CDK1/KIF11/CENPF/PURA/CHAF1A/HNRNPU/SMC4/CENPE/E2F3/MCM3/H2AZ1/HIRA/WRN/XPO1/PML/AMD1","Hallmark"
"HALLMARK_EPITHELIAL_MESENCHYMAL_TRANSITION","HALLMARK_EPITHELIAL_MESENCHYMAL_TRANSITION",169,0.439961017135428,1.68494764507247,9.23968261977649e-05,0.000742667298818347,0.000484688131860395,2296,"tags=31%, list=17%, signal=26%","COL5A3/COL1A1/SERPINE1/IL32/MMP14/COL1A2/CAPG/CDH11/LUM/TPM1/SLIT2/PDGFRB/GADD45A/THY1/COL3A1/LAMA3/GPC1/MMP2/ENO2/MXRA5/LAMA2/SGCB/COL6A2/COL5A1/ITGAV/DPYSL3/JUN/EFEMP2/FBN1/FAS/COPA/FBLN1/WNT5A/VIM/LOXL2/LRP1/TNFRSF12A/PLAUR/HTRA1/COL5A2/TNC/CDH6/PPIB/CD44/SPP1/FSTL3/EMP3/NID2/FBLN5/VCAN/CD59/CALD1/FLNA","Hallmark"
"HALLMARK_TNFA_SIGNALING_VIA_NFKB","HALLMARK_TNFA_SIGNALING_VIA_NFKB",178,0.430280856618615,1.65753987754791,0.000103973421834568,0.000742667298818347,0.000484688131860395,2181,"tags=29%, list=16%, signal=25%","ACKR3/SERPINE1/FOS/LIF/SERPINB8/TRAF1/SGK1/CDKN1A/IER5/CXCL10/BIRC3/FUT4/CD83/TSC22D1/IL1B/GADD45A/JUNB/SOCS3/F2RL1/PLK2/CXCL2/BTG2/TRIB1/LDLR/GFPT2/RELA/BHLHE40/JUN/BCL2A1/IFIH1/CCNL1/CD69/CCND1/MAFF/SLC2A3/PLEK/BCL6/PLAUR/PTPRE/BCL3/RIPK2/CCL4/TNC/DRAM1/CCL5/TNFRSF9/CD44/MXD1/IFNGR2/ICAM1/PTGS2/KLF4","Hallmark"
"HALLMARK_INTERFERON_ALPHA_RESPONSE","HALLMARK_INTERFERON_ALPHA_RESPONSE",97,0.502448037903017,1.78215293713691,0.000202449812925414,0.00114722850187252,0.000748717548590489,3551,"tags=41%, list=26%, signal=31%","CASP1/CXCL10/DHX58/TRIM14/STAT2/PARP9/ADAR/WARS1/CMTR1/HELZ2/UBA7/TRIM5/IFIH1/IL7/SP110/PROCR/PARP14/CASP8/LGALS3BP/RIPK2/GBP2/SLC25A28/CMPK2/SAMD9/DDX60/IFI30/CSF1/TRAFD1/TRIM25/CXCL11/SAMD9L/IFITM2/ISG15/NMI/CD74/EIF2AK2/USP18/LY6E/TRIM21/NUB1","Hallmark"
"HALLMARK_E2F_TARGETS","HALLMARK_E2F_TARGETS",186,0.425258527929228,1.64951687586288,0.000206501130337054,0.00114722850187252,0.000748717548590489,3242,"tags=38%, list=24%, signal=29%","CDKN1A/MKI67/PRKDC/TUBG1/TOP2A/CHEK2/BUB1B/MLH1/TRIP13/HMGB3/RFC2/MCM2/HELLS/DLGAP5/TK1/RRM2/KIF4A/MCM4/TCF19/RACGAP1/DNMT1/CHEK1/HMMR/PAN2/KPNA2/BIRC5/PTTG1/PLK4/MCM6/RFC3/ESPL1/POLD3/CBX5/DONSON/PCNA/NBN/POLD1/ORC6/ZW10/SPC24/MAD2L1/RNASEH2A/MSH2/PLK1/MTHFD2/DEPDC1/GSPT1/CDC25A/EZH2/WDR90/SHMT1/JPT1/EED/ASF1B/GINS3/SMC1A/NCAPD2/SMC6/POLD2/CDK1/RAD51AP1/PRDX4/SPAG5/MMS22L/ATAD2/SMC4/CENPE/BRCA1/MCM3/H2AZ1","Hallmark"
"HALLMARK_APICAL_JUNCTION","HALLMARK_APICAL_JUNCTION",164,0.41924946757334,1.60094253187941,0.000491979035203531,0.00245989517601766,0.00160540527276942,2232,"tags=30%, list=16%, signal=25%","CDH15/MSN/MMP9/SRC/ITGA3/TRAF1/VWF/TUBG1/CTNNA1/CDH11/SLIT2/THY1/CDH1/LAMA3/MMP2/MPZL1/MVD/CLDN11/ACTB/NFASC/SYK/ACTN4/PLCG1/PIK3R3/NRXN2/RSU1/FBN1/RHOF/VASP/PTPRC/MPZL2/INPPL1/MAPK13/CNTN1/ITGA10/ZYX/CDH6/PECAM1/CLDN7/RAC2/CAP1/AKT3/YWHAH/TRO/ICAM1/PIK3CB/MAP4K2/VCAN/TJP1","Hallmark"
"HALLMARK_PI3K_AKT_MTOR_SIGNALING","HALLMARK_PI3K_AKT_MTOR_SIGNALING",97,0.441499063924753,1.56597059628396,0.00424794989543232,0.019308863161056,0.0126015738524787,978,"tags=20%, list=7%, signal=18%","PTPN11/GRB2/CALR/E2F1/CDKN1A/RPTOR/CFL1/STAT2/HSP90B1/DAPP1/CLTC/RPS6KA1/IL2RG/RIPK1/PLCG1/CXCR4/ACTR2/PIK3R3/MAP3K7","Hallmark"
"HALLMARK_MYOGENESIS","HALLMARK_MYOGENESIS",148,0.39086864504818,1.47194328798201,0.00615893964882059,0.0256622485367525,0.0167479937818805,1886,"tags=22%, list=14%, signal=19%","DTNA/GSN/COL1A1/AEBP1/EPHB3/CDKN1A/TCAP/ENO3/LSP1/COL3A1/MRAS/KIFC3/AGRN/NCAM1/SVIL/SCD/LAMA2/SCHIP1/DENND2B/GJA5/COL6A2/ACHE/REEP1/BHLHE40/PLXNB2/FLII/SPTAN1/WWTR1/COL15A1/MB/TPM3/TEAD4/MYO1C","Hallmark"
"HALLMARK_MTORC1_SIGNALING","HALLMARK_MTORC1_SIGNALING",197,0.359511801561191,1.39640947618545,0.00741512933829259,0.0264826047796164,0.0172833841719602,2632,"tags=32%, list=19%, signal=26%","ME1/ATP2A2/CALR/CDKN1A/SQLE/TUBG1/NIBAN1/AK4/HMGCS1/SDF2L1/HSP90B1/DAPP1/GAPDH/BCAT1/MCM2/PSMD14/WARS1/RRM2/MCM4/BTG2/HSPA5/SLC6A6/CXCR4/RPN1/CTSC/SCD/ACTR2/FDXR/PIK3R3/CORO1A/SSR1/ACLY/LDLR/IDI1/PSME3/RAB1A/USO1/BHLHE40/GSK3B/SLC2A3/PSMC2/DDIT4/HMGCR/FADS2/DHCR7/PLK1/TBK1/TES/ACTR3/PSMC4/MTHFD2/TXNRD1/GSR/CANX/PFKL/CDC25A/PSMD12/BUB1/IMMT/HSPA9/LDHA/MAP2K3/GPI","Hallmark"
"HALLMARK_XENOBIOTIC_METABOLISM","HALLMARK_XENOBIOTIC_METABOLISM",191,-0.371155804718303,-1.38683025193921,0.00700011521716499,0.0264826047796164,0.0172833841719602,1640,"tags=24%, list=12%, signal=21%","CYP2J2/PGRMC1/PC/CYP27A1/SHMT2/FETUB/GSTO1/ACP1/AOX1/DCXR/CYP2E1/HGFAC/JUP/SERPINA6/PTGES3/LCAT/RETSAT/KARS1/CYP17A1/CA2/HSD11B1/TAT/ACOX2/HNF4A/KYNU/ATOH8/PDLIM5/PLG/AQP9/CYP1A1/F10/IGF1/ITIH1/BLVRB/ASL/HPRT1/ITIH4/CYP1A2/ADH1C/GCH1/NDRG2/PMM1/AHCY/HSD17B2/IGFBP1","Hallmark"
"HALLMARK_ALLOGRAFT_REJECTION","HALLMARK_ALLOGRAFT_REJECTION",172,0.351341470693483,1.35019498771595,0.0106451990101714,0.0354839967005713,0.023157976794057,3232,"tags=35%, list=23%, signal=27%","MMP9/CXCL9/LIF/CD28/CAPG/IL1B/THY1/CD79A/BCAT1/CD3E/WARS1/CCND2/IL2RG/SRGN/NCF4/TLR3/SPI1/NOS2/MAP3K7/ACHE/CD8A/CTSS/IL7/FAS/FGR/PTPRC/LCK/LY75/ABI1/CCL19/BCL3/RIPK2/CCL4/GBP2/IFNAR2/CCL5/EIF4G3/IFNGR2/ICAM1/ST8SIA4/CD96/TAPBP/CCR5/FLNA/HIF1A/FASLG/CCR2/CD3G/CCL2/TGFB2/CSF1/LTB/NLRP3/IGSF6/HLA-DRA/IFNGR1/IL2RB/BRCA1/TAP2/KLRD1","Hallmark"
"HALLMARK_P53_PATHWAY","HALLMARK_P53_PATHWAY",183,0.36103655346564,1.39560812308497,0.0125122874579921,0.0391008983062253,0.0255184809998523,1631,"tags=23%, list=12%, signal=21%","ZMAT3/TP63/PHLDA3/FOS/PDGFA/AEN/LIF/CASP1/CDKN1A/IER5/SEC61A1/S100A4/TSC22D1/SLC35D1/ACVR1B/GADD45A/PRKAB1/GM2A/TGFA/BAK1/PTPN14/PLK2/BTG2/CCND2/RAP2B/VWA5A/CDK5R1/HSPA4L/DDB2/FDXR/APAF1/RRAD/JUN/PLXNB2/FAS/JAG2/RPS27L/PROCR/H2AJ/GPX2/PCNA/TAX1BP3/PTPRE","Hallmark"
"KEGG_RIBOSOME","KEGG_RIBOSOME",85,-0.912037571458842,-3.0680908859794,2.29991929655179e-38,4.23185150565529e-36,3.24409669197831e-36,839,"tags=89%, list=6%, signal=84%","RPL27/RPLP2/RPL28/RPS18/RPS24/RPS28/RPL34/RPS21/RPL36A/RSL24D1/RPL36AL/RPL18A/RPS19/RPS7/RPLP1/RPS17/RPS20/FAU/RPL8/RPL23/RPL10/RPS3A/RPL35/RPLP0/RPL31/RPL41/RPL30/RPS15A/UBA52/RPL15/RPL27A/RPS10/RPL23A/RPS11/RPS15/RPS27/RPSA/RPL29/RPL38/RPS29/RPL26/RPL36/RPS2/RPS5/RPL17/RPS9/RPS23/RPL7/RPL13A/RPL19/RPL13/RPS16/RPL4/RPL22/RPL12/RPL6/RPL10A/RPL37A/RPS13/RPS3/RPL35A/RPL24/RPL18/RPL11/RPL7A/RPL32/RPS12/RPL37/RPS27A/RPL21/RPS8/RPS6/RPS25/RPL14/RPL3/RPL5","KEGG"
"KEGG_PARKINSONS_DISEASE","KEGG_PARKINSONS_DISEASE",114,-0.582540859734913,-2.03449048755142,1.2143123809838e-07,1.1171673905051e-05,8.56409784483314e-06,2016,"tags=38%, list=15%, signal=32%","ATP5F1E/NDUFA8/VDAC2/NDUFV1/SDHD/COX6A1/NDUFC1/NDUFB5/COX8A/CYC1/NDUFB6/NDUFS7/NDUFB1/NDUFA3/UQCRC1/NDUFB4/COX7A2/ATP5PO/NDUFB10/COX6B1/NDUFS3/ATP5PD/NDUFB7/NDUFA6/UQCR10/NDUFC2/PARK7/COX4I1/UQCRH/NDUFA1/COX7C/NDUFA2/SLC25A4/UBB/UQCRB/COX6C/NDUFS4/NDUFB9/HTRA2/ATP5MC2/NDUFB8/COX5B/SLC25A6","KEGG"
"KEGG_HUNTINGTONS_DISEASE","KEGG_HUNTINGTONS_DISEASE",158,-0.530636532981405,-1.95677813668066,6.6690854338314e-07,3.06777929956244e-05,2.35173012666686e-05,2016,"tags=34%, list=15%, signal=29%","ATP5F1E/NDUFA8/POLR2G/CLTA/VDAC2/NDUFV1/SDHD/POLR2J/COX6A1/NDUFC1/NDUFB5/COX8A/CYC1/NDUFB6/NDUFS7/POLR2F/NDUFB1/NDUFA3/UQCRC1/NDUFB4/HDAC1/COX7A2/ATP5PO/DNALI1/NDUFB10/COX6B1/TFAM/NDUFS3/ATP5PD/NDUFB7/NDUFA6/UQCR10/NDUFC2/COX4I1/POLR2D/UQCRH/NDUFA1/COX7C/NDUFA2/SLC25A4/TBPL1/UQCRB/COX6C/NDUFS4/NDUFB9/CREB3L4/ATP5MC2/SOD1/NDUFB8/POLR2C/COX5B/SLC25A6/POLR2I","KEGG"
"KEGG_FOCAL_ADHESION","KEGG_FOCAL_ADHESION",178,0.491107415497105,1.86769323794698,5.97185192523729e-07,3.06777929956244e-05,2.35173012666686e-05,1996,"tags=30%, list=14%, signal=26%","COL5A3/COL4A4/LAMA5/COL1A1/GRB2/ITGA11/PDGFA/SRC/ITGA3/VWF/COL1A2/BIRC3/PIK3R2/PDGFRB/ERBB2/COL3A1/CAPN2/LAMA3/ITGA4/COL6A6/CCND2/ACTB/ACTN4/PAK2/LAMA2/PIK3R3/COL6A2/COL5A1/ITGAV/BCL2/PARVG/LAMB2/ITGA6/LAMC3/PDGFRA/JUN/GSK3B/ITGB8/RAC3/CCND1/CDC42/VASP/SHC3/COL5A2/ITGA10/ZYX/SOS1/TNC/RAC2/ITGA1/PIK3R5/AKT3/CTNNB1/SPP1","KEGG"
"KEGG_ECM_RECEPTOR_INTERACTION","KEGG_ECM_RECEPTOR_INTERACTION",70,0.614321931609987,2.05688685263792,3.43697884876568e-06,0.000126480821634577,9.69589822599161e-05,2107,"tags=43%, list=15%, signal=36%","COL5A3/COL4A4/LAMA5/COL1A1/ITGA11/ITGA3/VWF/COL1A2/COL3A1/LAMA3/ITGA4/COL6A6/AGRN/LAMA2/HMMR/COL6A2/COL5A1/ITGAV/SV2B/LAMB2/ITGA6/LAMC3/ITGB8/COL5A2/ITGA10/TNC/ITGA1/CD44/SPP1/ITGA7","KEGG"
"KEGG_OXIDATIVE_PHOSPHORYLATION","KEGG_OXIDATIVE_PHOSPHORYLATION",113,-0.535101468222157,-1.85941909652407,8.06641769183966e-06,0.00024737014254975,0.00018963157380816,2946,"tags=46%, list=21%, signal=36%","NDUFAB1/ATP5MG/COX7B/NDUFS5/COX6A2/ATP5F1D/ATP6AP1/UQCRC2/NDUFA5/NDUFV2/PPA2/ATP5MF/ATP5F1E/NDUFA8/NDUFV1/SDHD/COX6A1/NDUFC1/NDUFB5/COX8A/CYC1/NDUFB6/NDUFS7/NDUFB1/COX17/NDUFA3/UQCRC1/NDUFB4/COX7A2/ATP5PO/NDUFB10/COX6B1/NDUFA11/NDUFS3/ATP5PD/NDUFB7/NDUFA6/UQCR10/NDUFC2/COX4I1/UQCRH/NDUFA1/ATP5ME/COX7C/NDUFA2/UQCRB/COX6C/NDUFS4/NDUFB9/ATP5MC2/NDUFB8/COX5B","KEGG"
"KEGG_VIBRIO_CHOLERAE_INFECTION","KEGG_VIBRIO_CHOLERAE_INFECTION",45,0.627014339472424,1.94525393359564,7.79984453158585e-05,0.00205024484830257,0.00157169799583835,2876,"tags=38%, list=21%, signal=30%","ATP6V1B2/KDELR3/CFTR/SEC61A1/ATP6V0D1/ACTB/PLCG1/KDELR2/TCIRG1/PDIA4/ATP6V1F/TJP1/ATP6V1A/ATP6V0A2/PRKACB/PRKACA/ATP6V0A1","KEGG"
"KEGG_PATHWAYS_IN_CANCER","KEGG_PATHWAYS_IN_CANCER",277,0.391977161623531,1.57985719619124,0.000103204143549385,0.00237369530163586,0.00181965200468653,2304,"tags=26%, list=17%, signal=22%","COL4A4/LAMA5/MMP9/GRB2/FOS/PDGFA/E2F1/ITGA3/TRAF1/STAT3/CDKN1A/CASP9/BIRC3/RUNX1/CTNNA1/MTOR/MLH1/PIK3R2/PDGFRB/NCOA4/ERBB2/HSP90B1/CDH1/TGFA/LAMA3/MMP2/FGF14/ARNT/PLCG1/SPI1/LAMA2/NOS2/PIK3R3/ITGAV/BIRC5/BCL2/LAMB2/ITGA6/LAMC3/FZD3/PDGFRA/RELA/JUN/GSK3B/FAS/RAC3/CCND1/CDC42/AXIN2/PPARD/WNT5A/SUFU/NRAS/GSTP1/CASP8/SOS1/TPM3/GLI2/RAC2/PIK3R5/AKT3/CTNNB1/MDM2/MSH2/KRAS/CSF3R/PIK3CB/PTGS2/TPR/PIAS4/CBLB/FZD1","KEGG"
"KEGG_GLIOMA","KEGG_GLIOMA",58,0.586476446657564,1.90563954908936,0.000171416933737496,0.00350452397863325,0.00268653440009642,2142,"tags=38%, list=16%, signal=32%","GRB2/PDGFA/E2F1/CALML3/CDKN1A/MTOR/PIK3R2/PDGFRB/TGFA/PLCG1/PIK3R3/PDGFRA/CCND1/CAMK2G/NRAS/SHC3/SOS1/PIK3R5/AKT3/MDM2/KRAS/PIK3CB","KEGG"
"KEGG_SMALL_CELL_LUNG_CANCER","KEGG_SMALL_CELL_LUNG_CANCER",80,0.512189441798829,1.761530828607,0.000459140128031245,0.00844817835577491,0.00647629233223019,1314,"tags=25%, list=10%, signal=23%","COL4A4/LAMA5/E2F1/ITGA3/TRAF1/CASP9/BIRC3/PIK3R2/LAMA3/LAMA2/NOS2/APAF1/PIK3R3/ITGAV/BCL2/LAMB2/ITGA6/LAMC3/RELA/CCND1","KEGG"
"KEGG_P53_SIGNALING_PATHWAY","KEGG_P53_SIGNALING_PATHWAY",58,0.551936828091837,1.7934098704306,0.00102192255717055,0.0156694792099484,0.0120120721632328,1725,"tags=31%, list=13%, signal=27%","TP53I3/ZMAT3/SERPINE1/CDKN1A/CHEK2/CASP9/GADD45A/RRM2B/BBC3/RRM2/CCND2/CHEK1/DDB2/APAF1/FAS/CCND1/CASP8/ATR","KEGG"
"KEGG_B_CELL_RECEPTOR_SIGNALING_PATHWAY","KEGG_B_CELL_RECEPTOR_SIGNALING_PATHWAY",71,0.494900729112126,1.66762719010164,0.00101975746700705,0.0156694792099484,0.0120120721632328,2193,"tags=35%, list=16%, signal=30%","GRB2/FOS/PPP3CA/PIK3R2/DAPP1/CD79A/SYK/PIK3R3/BTK/RELA/JUN/NFATC2/GSK3B/NFATC1/RAC3/NRAS/LILRB3/SOS1/CARD11/RAC2/PIK3R5/AKT3/KRAS/PIK3CB/RASGRP3","KEGG"
"KEGG_FC_GAMMA_R_MEDIATED_PHAGOCYTOSIS","KEGG_FC_GAMMA_R_MEDIATED_PHAGOCYTOSIS",90,0.480258356770664,1.69371493449225,0.00119788456218336,0.0163142901444844,0.0125063780283805,2221,"tags=27%, list=16%, signal=23%","PRKCE/GSN/PIK3R2/CFL1/FCGR2A/SYK/PLCG1/SPHK2/PIK3R3/PLPP2/DNM1L/CDC42/VASP/PTPRC/GAB2/FCGR1A/PLA2G6/WASF3/RAC2/PIK3R5/AKT3/ARPC5/PIK3CB/PLA2G4A","KEGG"
"KEGG_TOLL_LIKE_RECEPTOR_SIGNALING_PATHWAY","KEGG_TOLL_LIKE_RECEPTOR_SIGNALING_PATHWAY",83,0.475957637175264,1.64316017566314,0.00124130468490642,0.0163142901444844,0.0125063780283805,2720,"tags=37%, list=20%, signal=30%","CXCL9/FOS/CXCL10/CCL3/IL1B/PIK3R2/TAB2/CTSK/RIPK1/TIRAP/TLR3/PIK3R3/MAP3K7/RELA/JUN/MAPK13/CASP8/CCL4/IFNAR2/CCL5/PIK3R5/AKT3/SPP1/TBK1/PIK3CB/TLR5/TLR4/TAB1/IKBKE/MAP2K3/TLR7","KEGG"
"KEGG_FC_EPSILON_RI_SIGNALING_PATHWAY","KEGG_FC_EPSILON_RI_SIGNALING_PATHWAY",66,0.5021240047465,1.65826689849299,0.00161033182814601,0.0197534037585911,0.0151427694716888,2221,"tags=29%, list=16%, signal=24%","PRKCE/GRB2/PIK3R2/SYK/PLCG1/PIK3R3/BTK/RAC3/GAB2/MAPK13/NRAS/PLA2G6/SOS1/RAC2/PIK3R5/AKT3/KRAS/PIK3CB/PLA2G4A","KEGG"
"KEGG_HYPERTROPHIC_CARDIOMYOPATHY_HCM","KEGG_HYPERTROPHIC_CARDIOMYOPATHY_HCM",58,0.538317376945681,1.74915614994631,0.00185890618718807,0.0213774211526628,0.016387725597579,2124,"tags=33%, list=15%, signal=28%","ATP2A2/ITGA11/ITGA3/TPM1/PRKAB1/ITGA4/CACNA1D/ACTB/LAMA2/SGCB/ACE/ITGAV/ITGA6/ITGB8/ITGA10/TPM3/ITGA1/ITGA7/TTN","KEGG"
"KEGG_SYSTEMIC_LUPUS_ERYTHEMATOSUS","KEGG_SYSTEMIC_LUPUS_ERYTHEMATOSUS",114,0.443464901944839,1.60655629490992,0.00205810221574022,0.0222759298644824,0.0170765137405071,2522,"tags=32%, list=18%, signal=27%","H3C2/CTSG/MACROH2A2/CD28/H2BC17/H2AZ2/H3C3/FCGR2A/H4C1/H3C14/H2AC14/FCGR3B/H2AC17/H3C1/ACTN4/C4B/MACROH2A1/H2BC14/H3C10/H2BC15/H2AC12/C8G/C7/H2AJ/H2AC13/FCGR1A/H3C8/H2AC16/H3C13/H2BC13/H3C7/H2BC10/H2BC9/H2BC12/H3C11/H2AC4/H2AC19","KEGG"
"KEGG_TYPE_II_DIABETES_MELLITUS","KEGG_TYPE_II_DIABETES_MELLITUS",36,0.596241424761037,1.75731373054928,0.00287916012173276,0.0294314145777126,0.0225618395504205,934,"tags=28%, list=7%, signal=26%","PRKCE/GCK/PKLR/MTOR/PIK3R2/SOCS3/PKM/CACNA1D/SOCS4/PIK3R3","KEGG"
"KEGG_DILATED_CARDIOMYOPATHY","KEGG_DILATED_CARDIOMYOPATHY",64,0.49171698683004,1.631386478872,0.00347483978864616,0.0319685260555447,0.0245067648251887,2124,"tags=30%, list=15%, signal=25%","ATP2A2/ITGA11/ITGA3/TPM1/ITGA4/CACNA1D/ACTB/LAMA2/SGCB/ITGAV/ITGA6/ADCY7/ITGB8/ADCY4/ITGA10/TPM3/ITGA1/ITGA7/TTN","KEGG"
"KEGG_REGULATION_OF_ACTIN_CYTOSKELETON","KEGG_REGULATION_OF_ACTIN_CYTOSKELETON",171,0.3903735299847,1.47252109025625,0.00338903120568216,0.0319685260555447,0.0245067648251887,3735,"tags=37%, list=27%, signal=27%","GSN/MSN/ITGA11/PDGFA/ITGA3/MYH14/GNA12/PIK3R2/PDGFRB/CFL1/MRAS/ITGA4/FGF14/ACTB/ACTN4/PAK2/PIK3R3/ITGAX/ITGAV/ITGA6/PDGFRA/ITGB8/RAC3/CDC42/PIP4K2C/NRAS/ITGA10/SOS1/FGD3/CYFIP1/RAC2/ITGA1/PIK3R5/KRAS/ITGA7/ARPC5/PIK3CB/PPP1CB/PIKFYVE/PFN1/VCL/SLC9A1/TMSB4X/RHOA/ARPC1B/APC/PAK4/PAK6/FGF2/VAV2/RDX/FGF21/PIK3CD/PPP1R12A/MYH9/ARHGEF12/ITGB2/NCKAP1/PIK3R1/PIK3CG/ITGAM/ITGA9/ARHGEF6","KEGG"
"KEGG_GLYCOLYSIS_GLUCONEOGENESIS","KEGG_GLYCOLYSIS_GLUCONEOGENESIS",54,0.504824335330041,1.6189192239377,0.00461005233334043,0.0385568013333926,0.0295572733333788,2632,"tags=39%, list=19%, signal=32%","GCK/AKR1A1/ENO3/ALDH3B1/PKLR/ALDH3A1/ACSS1/GAPDH/PKM/ENO2/ACSS2/PGAM1/ALDH1A3/PDHA1/HK3/DLD/PFKL/FBP1/DLAT/LDHA/GPI","KEGG"
"KEGG_PROSTATE_CANCER","KEGG_PROSTATE_CANCER",81,0.457401086304015,1.57349473153597,0.00451172888177766,0.0385568013333926,0.0295572733333788,2142,"tags=35%, list=16%, signal=29%","GRB2/PDGFA/E2F1/CDKN1A/CASP9/MTOR/PIK3R2/PDGFRB/ERBB2/HSP90B1/TGFA/SRD5A2/CREB3L2/PIK3R3/BCL2/PDGFRA/RELA/GSK3B/CCND1/NRAS/GSTP1/SOS1/PIK3R5/AKT3/CTNNB1/MDM2/KRAS/PIK3CB","KEGG"
"KEGG_ALZHEIMERS_DISEASE","KEGG_ALZHEIMERS_DISEASE",141,-0.410245765106398,-1.48259041762594,0.00508125954390176,0.0406500763512141,0.0311619578436081,2016,"tags=31%, list=15%, signal=27%","ATP5F1E/NDUFA8/NDUFV1/SDHD/COX6A1/ATF6/NDUFC1/NDUFB5/COX8A/CYC1/NDUFB6/NDUFS7/APH1A/NDUFB1/ERN1/NDUFA3/UQCRC1/NDUFB4/COX7A2/ATP5PO/ITPR2/NDUFB10/COX6B1/BAD/NDUFS3/ATP5PD/CHP1/NDUFB7/NDUFA6/UQCR10/NDUFC2/BID/COX4I1/UQCRH/NDUFA1/COX7C/NDUFA2/UQCRB/COX6C/NDUFS4/NDUFB9/ATP5MC2/NDUFB8/COX5B","KEGG"
"KEGG_NON_SMALL_CELL_LUNG_CANCER","KEGG_NON_SMALL_CELL_LUNG_CANCER",50,0.51182470543331,1.62092666635763,0.00621063117546952,0.047614839011933,0.0365010779610928,2142,"tags=30%, list=16%, signal=25%","GRB2/E2F1/CASP9/PIK3R2/ERBB2/TGFA/PLCG1/PIK3R3/CCND1/NRAS/SOS1/PIK3R5/AKT3/KRAS/PIK3CB","KEGG"
"GOBP_CYTOPLASMIC_TRANSLATION","GOBP_CYTOPLASMIC_TRANSLATION",162,-0.841378446878324,-3.08091819026187,6.90071317954898e-47,3.24678555097779e-43,2.85181052030624e-43,1148,"tags=60%, list=8%, signal=56%","RPL39/EIF3K/RPL22L1/EEF2/RPL27/RPLP2/RPL28/CSDE1/FMR1/RPS18/SLBP/RPS24/RPS28/RPL34/RPS21/RPL36A/DRG2/EIF2S3/EIF3D/EIF5/RPL18A/RPS19/EIF4A2/RPS7/RPLP1/RPS17/EIF3H/RPS20/FAU/RPL8/RPL23/RPL10/EIF3F/RPS3A/RPL35/EIF3M/RPLP0/RPL31/RACK1/RPL41/RPL30/RPS15A/UBA52/RPL15/RPL27A/RPS10/CNBP/RPL23A/EIF3G/RPS11/RPS15/RPS27/RPSA/RPL29/RPL38/RPS29/EIF3L/RPL26/RPL36/RPS2/EIF4B/RPS5/RPL17/RPS9/RPS23/RPL7/RPL13A/RPL19/RPL13/RPS14/RPS16/RPL4/RPL22/RPL12/RPL6/RPL10A/RPL37A/RPS13/RPS3/RPL35A/RPL24/RPL18/RPL11/EEF1D/EIF3E/RPL7A/RPL32/RPS12/RPL37/RPS27A/RPL21/RPS8/RPS6/RPS25/RPL14/RPL3/RPL5","GO_BP"
"GOBP_RIBONUCLEOPROTEIN_COMPLEX_BIOGENESIS","GOBP_RIBONUCLEOPROTEIN_COMPLEX_BIOGENESIS",450,-0.528654168741284,-2.164336266896,8.49064039036242e-19,1.99742315183276e-15,1.75443443013489e-15,1858,"tags=23%, list=13%, signal=20%","REXO4/LSM2/NHP2/ZNHIT3/ZNF593/SLX9/BUD13/SNRPE/RBIS/NLE1/MTG1/MTREX/NOPCHAP1/PIH1D1/EMG1/DIMT1/EIF3I/KAT2B/IMP4/CLNS1A/ISG20/EIF2S2/EIF3J/GTPBP10/CINP/EIF2D/EIF6/DDX39B/EBNA1BP2/EIF4H/EIF3K/LSM6/SNRPD2/PTGES3/SNU13/RPL27/SNRPG/BUD23/RPS19BP1/RPS24/RPS28/NSA2/EIF2A/NOB1/RPS21/NOP56/EXOSC5/EIF2S3/RSL24D1/RPF2/EIF3D/EIF5/SNRPC/RPS19/WDR74/RPS7/SPOUT1/RPS17/EIF3H/IMP3/GEMIN4/FAU/EIF3F/RPS3A/RPL35/EIF3M/RPLP0/TRMT112/FBL/RPS15A/EIF3G/RPS11/NPM1/RPS15/RPS27/RPSA/RPL38/YBEY/EIF3L/RPL26/EIF4B/RPS5/RPS9/RPS23/RPL7/RPL13A/RPS14/RPS16/RPS13/RPL35A/RPL24/RPL11/EIF3E/RPL7A/RPS12/RPS27A/RPS8/RPS6/RPS25/NOP53/RPL14/RPL5","GO_BP"
"GOBP_RIBOSOME_BIOGENESIS","GOBP_RIBOSOME_BIOGENESIS",310,-0.56680176111077,-2.23609988035147,2.15241959590727e-17,3.37571139958124e-14,2.96505239773051e-14,1656,"tags=23%, list=12%, signal=21%","RBIS/NLE1/MTG1/MTREX/PIH1D1/EMG1/DIMT1/KAT2B/IMP4/ISG20/GTPBP10/CINP/EIF6/EBNA1BP2/LSM6/SNU13/RPL27/BUD23/RPS19BP1/RPS24/RPS28/NSA2/EIF2A/NOB1/RPS21/NOP56/EXOSC5/RSL24D1/RPF2/EIF5/RPS19/WDR74/RPS7/SPOUT1/RPS17/IMP3/GEMIN4/FAU/RPS3A/RPL35/RPLP0/TRMT112/FBL/RPS15A/RPS11/NPM1/RPS15/RPS27/RPSA/RPL38/YBEY/RPL26/RPS5/RPS9/RPS23/RPL7/RPS14/RPS16/RPS13/RPL35A/RPL24/RPL11/RPL7A/RPS12/RPS27A/RPS8/RPS6/RPS25/NOP53/RPL14/RPL5","GO_BP"
"GOBP_RIBOSOMAL_SMALL_SUBUNIT_BIOGENESIS","GOBP_RIBOSOMAL_SMALL_SUBUNIT_BIOGENESIS",106,-0.674226269973712,-2.34116583814983,7.67104284385422e-12,9.02306414508353e-09,7.92539847499255e-09,1090,"tags=31%, list=8%, signal=29%","LSM6/SNU13/RPS19BP1/RPS24/RPS28/NOB1/RPS21/NOP56/RPS19/RPS7/RPS17/IMP3/FAU/RPS3A/TRMT112/FBL/RPS15A/RPS11/NPM1/RPS15/RPS27/RPSA/RPS5/RPS9/RPS23/RPS14/RPS16/RPS13/RPS12/RPS27A/RPS8/RPS6/RPS25","GO_BP"
"GOBP_RRNA_PROCESSING","GOBP_RRNA_PROCESSING",217,-0.553375408995308,-2.09442330000346,1.81607812557333e-11,1.7089295161645e-08,1.50103636231598e-08,1605,"tags=22%, list=12%, signal=19%","MTREX/PIH1D1/EMG1/DIMT1/KAT2B/IMP4/ISG20/EIF6/EBNA1BP2/LSM6/SNU13/RPL27/BUD23/RPS24/RPS28/NSA2/NOB1/RPS21/NOP56/EXOSC5/RPF2/RPS19/WDR74/RPS7/SPOUT1/RPS17/IMP3/GEMIN4/RPL35/TRMT112/FBL/RPS15/RPS27/YBEY/RPL26/RPL7/RPS14/RPS16/RPL35A/RPL11/RPL7A/RPS8/RPS6/RPS25/NOP53/RPL14/RPL5","GO_BP"
"GOBP_PROTEIN_RNA_COMPLEX_ORGANIZATION","GOBP_PROTEIN_RNA_COMPLEX_ORGANIZATION",201,-0.549771722797061,-2.06795078297674,2.01850410237397e-10,1.58284363361159e-07,1.39028896595091e-07,1712,"tags=25%, list=12%, signal=22%","USP4/LSM2/ZNHIT3/BUD13/SNRPE/MTG1/NOPCHAP1/PIH1D1/EIF3I/CLNS1A/EIF2S2/EIF3J/EIF2D/EIF6/DDX39B/EIF4H/EIF3K/SNRPD2/PTGES3/SNU13/SNRPG/RPS28/EIF2S3/RPF2/EIF3D/EIF5/SNRPC/ZFAND1/RPS19/EIF3H/GEMIN4/FAU/EIF3F/EIF3M/EIF3G/RPS15/RPS27/RPSA/RPL38/EIF3L/EIF4B/RPS5/RPL13A/RPS14/RPL24/RPL11/EIF3E/RPS6/NOP53/RPL5","GO_BP"
"GOBP_RIBOSOMAL_LARGE_SUBUNIT_BIOGENESIS","GOBP_RIBOSOMAL_LARGE_SUBUNIT_BIOGENESIS",66,-0.717635274784542,-2.32896884488008,3.28138049566745e-10,1.99519381053127e-07,1.75247629065289e-07,1245,"tags=29%, list=9%, signal=26%","CINP/EIF6/EBNA1BP2/NSA2/RSL24D1/RPF2/WDR74/RPL35/TRMT112/NPM1/RPL26/RPL7/RPL35A/RPL24/RPL11/RPL7A/NOP53/RPL14/RPL5","GO_BP"
"GOBP_RRNA_METABOLIC_PROCESS","GOBP_RRNA_METABOLIC_PROCESS",258,-0.506401504944927,-1.96183114103105,3.39246556519663e-10,1.99519381053127e-07,1.75247629065289e-07,1648,"tags=20%, list=12%, signal=18%","PELO/MTREX/PIH1D1/EMG1/DIMT1/ERCC6/KAT2B/IMP4/ISG20/EIF6/EBNA1BP2/LSM6/SNU13/RPL27/BUD23/RPS24/RPS28/NSA2/NOB1/RPS21/NOP56/EXOSC5/RPF2/RPS19/WDR74/POLR1D/RPS7/SPOUT1/RPS17/IMP3/GEMIN4/TRIR/RPL35/TRMT112/FBL/RPS15/RPS27/YBEY/RPL26/RPL7/RPS14/RPS16/RPL35A/RPL11/RPL7A/RPS8/RPS6/RPS25/NOP53/RPL14/RPL5","GO_BP"
"GOBP_RIBOSOME_ASSEMBLY","GOBP_RIBOSOME_ASSEMBLY",59,-0.725883603214194,-2.33134984588965,2.17287195918476e-09,1.13592917421826e-06,9.97742141726242e-07,790,"tags=31%, list=6%, signal=29%","RPS28/EIF2A/RPF2/EIF5/RPS19/FAU/NPM1/RPS15/RPS27/RPSA/RPL38/RPS5/RPS14/RPL24/RPL11/RPS6/NOP53/RPL5","GO_BP"
"GOBP_ATP_SYNTHESIS_COUPLED_ELECTRON_TRANSPORT","GOBP_ATP_SYNTHESIS_COUPLED_ELECTRON_TRANSPORT",92,-0.647719776417093,-2.21573685973158,3.53968787087311e-09,1.6654231432458e-06,1.46282258747872e-06,2001,"tags=50%, list=15%, signal=43%","UQCRC2/NDUFC2-KCTD14/NDUFA5/NDUFV2/NDUFA8/NDUFV1/COQ9/SDHD/COX6A1/NDUFC1/NDUFB5/COX8A/CYC1/NDUFB6/NDUFS7/NDUFB1/NDUFA3/UQCRC1/NDUFB4/COX7A2/CHCHD2/NDUFB10/COX6B1/NDUFA11/NDUFS3/NDUFA12/NDUFB7/NDUFA6/UQCR10/NDUFC2/PARK7/BID/COX4I1/UQCRH/NDUFA1/COX7C/NDUFA2/UQCC3/UQCRB/COX6C/NDUFS4/NDUFB9/COA6/ISCU/NDUFB8/COX5B","GO_BP"
"GOBP_PROTON_MOTIVE_FORCE_DRIVEN_ATP_SYNTHESIS","GOBP_PROTON_MOTIVE_FORCE_DRIVEN_ATP_SYNTHESIS",74,-0.668176741940045,-2.18824327259775,1.75288421994964e-08,7.49756386805734e-06,6.58547698327493e-06,2946,"tags=53%, list=21%, signal=42%","NDUFAB1/ATP5MG/NDUFS5/ATP5F1D/ATP5MJ/NDUFA5/NDUFV2/ATP5MF/ATP5F1E/NDUFA8/NDUFV1/SDHD/NDUFC1/NDUFB5/NDUFB6/NDUFS7/NDUFB1/NDUFA3/NDUFB4/STOML2/ATP5PO/NDUFB10/NDUFA11/NDUFS3/ATP5PD/NDUFA12/NDUFB7/NDUFB11/NDUFA6/ATP5IF1/NDUFC2/NDUFA1/ATP5ME/NDUFA2/NDUFS4/NDUFB9/NDUFA13/ATP5MC2/NDUFB8","GO_BP"
"GOBP_TRANSLATIONAL_INITIATION","GOBP_TRANSLATIONAL_INITIATION",116,-0.593022515279748,-2.08346587465021,4.42883407932307e-08,1.60289725717039e-05,1.40790304416376e-05,2084,"tags=34%, list=15%, signal=30%","ABCE1/KHDRBS1/POLR2G/EIF4EBP1/MTFMT/BZW2/EIF3I/EIF1/EIF2S2/EIF3J/EIF2D/EIF6/EIF4H/EIF3K/HABP4/CSDE1/FMR1/PAIP2/SLBP/EIF2A/PAIP2B/EIF2S3/EIF3D/ATF4/EIF5/EIF4A2/RPS17/EIF3H/EIF3F/RPS3A/EIF3M/EIF3G/NPM1/EIF4EBP3/EIF3L/EIF4B/RPS5/RPL13A/RPS3/EIF3E","GO_BP"
"GOBP_REGULATION_OF_MONONUCLEAR_CELL_MIGRATION","GOBP_REGULATION_OF_MONONUCLEAR_CELL_MIGRATION",121,0.569948509340345,2.05420992884938,4.28368759705927e-08,1.60289725717039e-05,1.40790304416376e-05,2023,"tags=30%, list=15%, signal=26%","S100A14/TREM2/MSN/SERPINE1/CALR/MMP14/GAS6/SPNS2/CXCL10/CCL3/TNFSF14/STK10/SLIT2/P4HB/LGALS9/SLAMF8/LGALS3/ITGA4/DOCK8/WNK1/SPI1/PADI2/ADAM8/CORO1A/RIPOR2/SPN/CD69/TRPV4/C1QBP/WNT5A/TMEM102/MIF/CCL4/CCL5/SLC8B1/C3AR1","GO_BP"
"GOBP_POSITIVE_REGULATION_OF_LOCOMOTION","GOBP_POSITIVE_REGULATION_OF_LOCOMOTION",499,0.402473489810852,1.70333332938447,7.90060027525593e-08,2.65516602107708e-05,2.33216215644021e-05,2681,"tags=29%, list=19%, signal=24%","PRKCE/FAT1/CD151/ACKR3/DMTN/S100A14/TREM2/COL1A1/HDAC6/MMP9/SERPINE1/MAP4K4/CALR/PDGFA/SRC/MMP14/GAS6/ITGA3/TBC1D24/STAT3/PPP3CA/CXCL10/CCL3/TNFSF14/FUT4/MTOR/MEGF8/SEMA4D/IL1B/ACVR1B/SLIT2/PDGFRB/SEMA3B/THY1/CFL1/WDR62/P4HB/LGALS9/SCARB1/GPNMB/LGALS3/ITGA4/PODXL/VSIR/F2RL1/DOCK8/PLK2/MMP2/NSMF/WNK1/HSPA5/ACTN4/SPOCK2/PLCG1/TIRAP/SOX9/CXCR4/SHTN1/SPI1/RAPGEF2/PIK3R3/ITGAX/ADAM8/S100A11/MAP3K7/CORO1A/ITGAV/PLAA/RIPOR2/BCL2/SPN/ITGA6/PDGFRA/JUN/CAMK1D/CLDN1/CAPN7/ZP3/DRD1/DNM1L/CCN4/DAB2IP/CDC42/TRPV4/C1QBP/FGR/FBLN1/WNT5A/PTPRC/BCL6/MMP7/NTF3/CCL19/TMEM102/CASP8/STX3/GPLD1/GFUS/CCL4/EPHA1/PECAM1/GATA2/CCL5/RAC2/DOCK5/PLVAP/MYO1C/LGR6/AKT3/MDM2/ZNF703/C3AR1/AQP1/ICAM1/LCN2/PIK3CB/ARHGEF2/CARMIL2/PTGS2/TJP1/CARMIL1/TLR4/FLNA/NUS1/ADGRA2/TRADD/PINK1/EZH2/HIF1A/PFN1/PRKD2/PREX1/ONECUT1/LAMB1/PTPRJ/PLA2G7/FUT1/CCL24/CCR2/MAP2K3/GPI/SEMA3G/TMSB4X/PGF","GO_BP"
"GOBP_EXTERNAL_ENCAPSULATING_STRUCTURE_ORGANIZATION","GOBP_EXTERNAL_ENCAPSULATING_STRUCTURE_ORGANIZATION",256,0.458040530638199,1.8220774533682,1.13030962091921e-07,3.32381672901556e-05,2.91947077087423e-05,1685,"tags=25%, list=12%, signal=22%","COL5A3/COL4A5/HMCN1/COL4A4/GSN/NPNT/COL1A1/AEBP1/ADAMTSL2/MMP9/CTSG/MMP14/GAS6/STAT3/MMP19/SMPD3/ADAMTSL1/COL10A1/COL1A2/RUNX1/CAPG/LUM/SULF2/COL3A1/LTBP4/COL4A3/LCP1/MFAP4/ELF3/CTSK/MMP2/COL6A6/DPT/COL14A1/ADAMTS10/SLC2A10/SPOCK2/SOX9/PAPLN/FURIN/MMP25/LAMA2/TPSAB1/ADAM8/COL9A3/COL5A1/LAMB2/PDGFRA/OLFML2A/CTSS/EFEMP2/ADAMTS16/AXIN2/FBLN1/VWA1/SPINT2/LOXL2/LRP1/MMP7/COL15A1/COL5A2/CRISPLD2/BCL3","GO_BP"
"GOBP_LEUKOCYTE_MIGRATION","GOBP_LEUKOCYTE_MIGRATION",304,0.442231494071495,1.79575599579745,1.0597865368801e-07,3.32381672901556e-05,2.91947077087423e-05,2938,"tags=34%, list=21%, signal=28%","JAML/S100A14/TREM2/MSN/SERPINE1/CXCL9/CTSG/CALR/SRC/MMP14/GAS6/ITGA3/SPNS2/CXCL10/CCL3/SMPD3/TNFSF14/FUT4/IL1B/STK10/SLIT2/TREM1/THY1/P4HB/LGALS9/SLAMF8/LGALS3/ITGA4/S100A9/F2RL1/DOCK8/MMP2/WNK1/SYK/TIRAP/PPBP/CXCR4/SPI1/PADI2/ADAM8/CORO1A/NUP85/RIPOR2/SPN/ITGA6/CAMK1D/ZP3/DNM1L/RAC3/CD69/CDC42/TRPV4/C1QBP/MCOLN2/WNT5A/LCK/CCL19/SAA1/PAFAH1B1/TMEM102/MIF/SOS1/CCL4/PPIB/PECAM1/CCL5/RAC2/ITGA1/PLVAP/TRPM2/SRP54/SLC8B1/C3AR1/CSF3R/ASB2/GDF15/ICAM1/ITGA7/TBX21/CXCR2/PLEC/CCR5/PTPRO/PIKFYVE/PREX1/MYO1G/PTPRJ/PLA2G7/CCL24/CCR2/EMILIN1/ADGRE2/CHST4/PGF/CCL2/BSG/WDR1/MCU/TGFB2/CSF1/GBF1/CCL21/RHOA/CXCL11","GO_BP"
"GOBP_REGULATION_OF_LEUKOCYTE_MIGRATION","GOBP_REGULATION_OF_LEUKOCYTE_MIGRATION",183,0.510564191457821,1.95690144257923,1.2776320817261e-07,3.53603467324782e-05,3.10587216895149e-05,2083,"tags=27%, list=15%, signal=24%","S100A14/TREM2/MSN/SERPINE1/CALR/MMP14/GAS6/SPNS2/CXCL10/CCL3/SMPD3/TNFSF14/FUT4/STK10/SLIT2/THY1/P4HB/LGALS9/SLAMF8/LGALS3/ITGA4/F2RL1/DOCK8/WNK1/TIRAP/SPI1/PADI2/ADAM8/CORO1A/RIPOR2/SPN/CAMK1D/ZP3/DNM1L/RAC3/CD69/TRPV4/C1QBP/WNT5A/CCL19/TMEM102/MIF/CCL4/CCL5/RAC2/PLVAP/SLC8B1/C3AR1/GDF15/ICAM1","GO_BP"
"GOBP_CELLULAR_RESPIRATION","GOBP_CELLULAR_RESPIRATION",217,-0.487756077706727,-1.84606630013068,2.14460509752655e-07,5.60575943547913e-05,4.92381263911652e-05,2741,"tags=39%, list=20%, signal=32%","NDUFS5/COX6A2/SDHAF4/FXN/ATP5F1D/SLC25A14/SIRT3/SUCLG1/UQCRC2/NDUFC2-KCTD14/NDUFA5/NDUFV2/IL10RB/ME3/PPARGC1A/MTFR1L/MDH2/ATP5MF/ATP5F1E/NDUFA8/NDUFV1/COQ9/MTLN/SDHD/COX6A1/NDUFC1/NDUFB5/COX8A/CYC1/FH/NDUFB6/NDUFS7/SHMT2/NDUFB1/NDUFA3/BCL2L13/UQCRC1/NDUFB4/SURF1/COX7A2/STOML2/OXA1L/ATP5PO/CHCHD2/SLC25A25/SCO2/NDUFB10/COX6B1/VPS54/NDUFA11/TRAP1/NDUFS3/ATP5PD/ETFB/OPN3/NDUFA12/BLOC1S1/NDUFB7/NDUFB11/NDUFA6/UQCR10/ATP5IF1/NDUFC2/PARK7/BID/COX4I1/UQCRH/NDUFA1/ATP5ME/COX7C/NDUFA2/KGD4/UQCC3/UQCRB/COX6C/NDUFS4/NDUFB9/COA6/ISCU/NDUFA13/IFNAR1/NDUFB8/CYP1A2/COX5B/NOP53","GO_BP"
"GOBP_ELECTRON_TRANSPORT_CHAIN","GOBP_ELECTRON_TRANSPORT_CHAIN",117,-0.569780904851415,-2.00746925274469,3.56227233401088e-07,8.82131122711642e-05,7.74818902123364e-05,2464,"tags=44%, list=18%, signal=36%","UQCRC2/NDUFC2-KCTD14/NDUFA5/NDUFV2/PPARGC1A/NDUFA8/NDUFV1/COQ9/SDHD/COX6A1/NDUFC1/NDUFB5/COX8A/CYC1/NDUFB6/NDUFS7/NDUFB1/NDUFA3/UQCRC1/NDUFB4/COX7A2/CHCHD2/SCO2/NDUFB10/COX6B1/VPS54/NDUFA11/NDUFS3/ETFB/NDUFA12/NDUFB7/NDUFA6/UQCR10/NDUFC2/PARK7/BID/COX4I1/UQCRH/NDUFA1/COX7C/NDUFA2/UQCC3/UQCRB/COX6C/NDUFS4/NDUFB9/COA6/ISCU/NDUFB8/COX5B/PDIA5","GO_BP"
"GOBP_NEGATIVE_REGULATION_OF_PROTEOLYSIS_INVOLVED_IN_PROTEIN_CATABOLIC_PROCESS","GOBP_NEGATIVE_REGULATION_OF_PROTEOLYSIS_INVOLVED_IN_PROTEIN_CATABOLIC_PROCESS",66,-0.648727108728838,-2.10533857259484,4.49994922240574e-07,0.000105861305457095,9.2983161300868e-05,1135,"tags=29%, list=8%, signal=27%","WAC/PSMF1/DDRGK1/RYBP/UBXN2A/PARK7/PSME3IP1/AQP11/QRICH2/RPS7/EIF3H/RPL23/UBXN1/UFSP2/EFNA1/TTC36/RPL11/NOP53/RPL5","GO_BP"
"GOBP_AEROBIC_RESPIRATION","GOBP_AEROBIC_RESPIRATION",180,-0.507533973497047,-1.88515842481276,4.84515603578431e-07,0.000108554567373168,9.53487849448081e-05,2741,"tags=41%, list=20%, signal=33%","NDUFS5/COX6A2/SDHAF4/FXN/ATP5F1D/SLC25A14/SIRT3/SUCLG1/UQCRC2/NDUFC2-KCTD14/NDUFA5/NDUFV2/ME3/MTFR1L/MDH2/ATP5MF/ATP5F1E/NDUFA8/NDUFV1/COQ9/SDHD/COX6A1/NDUFC1/NDUFB5/COX8A/CYC1/FH/NDUFB6/NDUFS7/SHMT2/NDUFB1/NDUFA3/BCL2L13/UQCRC1/NDUFB4/SURF1/COX7A2/STOML2/OXA1L/ATP5PO/CHCHD2/NDUFB10/COX6B1/NDUFA11/NDUFS3/ATP5PD/NDUFA12/BLOC1S1/NDUFB7/NDUFB11/NDUFA6/UQCR10/ATP5IF1/NDUFC2/PARK7/BID/COX4I1/UQCRH/NDUFA1/ATP5ME/COX7C/NDUFA2/KGD4/UQCC3/UQCRB/COX6C/NDUFS4/NDUFB9/COA6/ISCU/NDUFA13/NDUFB8/COX5B/NOP53","GO_BP"
"GOBP_POSITIVE_REGULATION_OF_CELL_CYCLE","GOBP_POSITIVE_REGULATION_OF_CELL_CYCLE",270,0.436734050816422,1.75029824674125,6.37906488721444e-07,0.000136425001337927,0.000119828749986621,2200,"tags=25%, list=16%, signal=22%","PRKCE/PTK6/TP63/PTPN11/ATAD5/CCDC57/TTL/CALR/NPM2/MARK4/PRAP1/CD28/RPTOR/CHEK2/SMPD3/CDC6/NCAPG/IL1B/PDGFRB/FEN1/TGFA/RRM2B/YTHDC2/POC1A/DLGAP5/RRM2/FNTB/WNK1/TBX20/CCND2/SMC2/RACGAP1/SVIL/USP22/CHEK1/NUSAP1/EIF4G1/DTL/RRM1/MAP3K7/BECN1/BIRC5/KIF14/PLK4/MACROH2A1/ESPL1/CCND1/XRCC3/CDC42/WNT5A/FOXA1/PAFAH1B1/KLHL18/ECT2/CDC16/MAD2L1/DYNC1H1/ANKRD17/TAL1/MTBP/RAD51B/MDM2/KIF3B/C6orf89/SPAST/NUP62/TPR/DBF4","GO_BP"
"GOBP_OXIDATIVE_PHOSPHORYLATION","GOBP_OXIDATIVE_PHOSPHORYLATION",138,-0.53674766021539,-1.93814009489558,7.85412275565239e-07,0.000154942260386648,0.000136093364120584,2056,"tags=45%, list=15%, signal=39%","NDUFS5/COX6A2/FXN/ATP5F1D/SIRT3/UQCRC2/NDUFC2-KCTD14/NDUFA5/NDUFV2/ATP5MF/ATP5F1E/NDUFA8/NDUFV1/COQ9/SDHD/COX6A1/NDUFC1/NDUFB5/COX8A/CYC1/NDUFB6/NDUFS7/SHMT2/NDUFB1/NDUFA3/BCL2L13/UQCRC1/NDUFB4/COX7A2/STOML2/ATP5PO/CHCHD2/NDUFB10/COX6B1/NDUFA11/NDUFS3/ATP5PD/NDUFA12/NDUFB7/NDUFB11/NDUFA6/UQCR10/ATP5IF1/NDUFC2/PARK7/BID/COX4I1/UQCRH/NDUFA1/ATP5ME/COX7C/NDUFA2/UQCC3/UQCRB/COX6C/NDUFS4/NDUFB9/COA6/ISCU/NDUFA13/NDUFB8/COX5B","GO_BP"
"GOBP_TAXIS","GOBP_TAXIS",360,0.403557416801116,1.6589225270979,7.90353719294272e-07,0.000154942260386648,0.000136093364120584,2986,"tags=31%, list=22%, signal=25%","JAML/ACKR3/S100A14/TREM2/HDAC6/SERPINE1/CXCL9/CTSG/CALR/PDGFA/GAS6/KIF21A/CXCL10/CCL3/TNFSF14/PLP2/XCR1/S100A4/MEGF8/SEMA4D/LSP1/IL1B/SLIT2/PDGFRB/TREM1/TYMP/SEMA3B/LGALS9/GPNMB/SLAMF8/LGALS3/S100A9/F2RL1/MMP2/CXCL2/WNK1/SYK/TIRAP/PPBP/CXCR4/SPI1/PADI2/ARHGEF16/ADAM8/PLEKHG5/CORO1A/NUP85/ITGAV/RIPOR2/SPN/PDGFRA/CAMK1D/DNM1L/RAC3/TRPV4/C1QBP/WNT5A/PLAUR/NTF3/CCL19/SAA1/TMEM102/GSTP1/PLA2G6/STX3/MIF/CCL4/PPIB/CCL5/RAC2/ITGA1/ABCC1/LGR6/TRPM2/SRP54/SLC8B1/C3AR1/CSF3R/PIK3CB/CXCR2/PLEC/CCR5/UNC5C/FES/ADGRA2/PTPRO/PIKFYVE/PRKD2/PREX1/USP14/PTPRJ/PLA2G7/FPR3/CCL24/CCR2/ADGRE2/SEMA3G/TMSB4X/PGF/CCL2/BSG/MCU/TGFB2/CSF1/GBF1/FLRT2/CCL21/RHOA/CXCL11/CCL3L3/FPR1/CREB3/CYRIB","GO_BP"
"GOBP_MITOCHONDRIAL_ELECTRON_TRANSPORT_NADH_TO_UBIQUINONE","GOBP_MITOCHONDRIAL_ELECTRON_TRANSPORT_NADH_TO_UBIQUINONE",50,-0.692114900133004,-2.14517381802775,8.4063657619092e-07,0.000158207803639131,0.000138961650447392,2457,"tags=52%, list=18%, signal=43%","NDUFC2-KCTD14/NDUFA5/NDUFV2/NDUFA8/NDUFV1/COQ9/NDUFC1/NDUFB5/NDUFB6/NDUFS7/NDUFB1/NDUFA3/NDUFB4/NDUFB10/NDUFA11/NDUFS3/NDUFB7/NDUFA6/NDUFC2/PARK7/NDUFA1/NDUFA2/NDUFS4/NDUFB9/ISCU/NDUFB8","GO_BP"
"GOBP_CYTOPLASMIC_TRANSLATIONAL_INITIATION","GOBP_CYTOPLASMIC_TRANSLATIONAL_INITIATION",46,-0.699704918054996,-2.11316017151871,1.1173229808617e-06,0.000202192485575165,0.000177595547484333,1519,"tags=41%, list=11%, signal=37%","EIF3I/EIF2S2/EIF3J/EIF2D/EIF4H/EIF3K/SLBP/EIF2S3/EIF3D/EIF5/EIF4A2/EIF3H/EIF3F/EIF3M/EIF3G/EIF3L/EIF4B/RPL13A/EIF3E","GO_BP"
"GOBP_REGULATION_OF_LYMPHOCYTE_MIGRATION","GOBP_REGULATION_OF_LYMPHOCYTE_MIGRATION",60,0.640695315144622,2.04138142176834,1.69916386298048e-06,0.00029609503612308,0.000260074749554049,1969,"tags=37%, list=14%, signal=32%","MSN/SPNS2/CXCL10/CCL3/TNFSF14/STK10/P4HB/LGALS9/ITGA4/DOCK8/WNK1/PADI2/ADAM8/CORO1A/RIPOR2/SPN/CD69/WNT5A/TMEM102/CCL4/CCL5/SLC8B1","GO_BP"
"GOBP_POSITIVE_REGULATION_OF_MONONUCLEAR_CELL_MIGRATION","GOBP_POSITIVE_REGULATION_OF_MONONUCLEAR_CELL_MIGRATION",83,0.581044560895418,1.97282962764771,2.73424911846123e-06,0.000459451503655718,0.000403558723273639,3499,"tags=49%, list=25%, signal=37%","S100A14/TREM2/SERPINE1/CALR/MMP14/GAS6/CXCL10/CCL3/TNFSF14/P4HB/LGALS9/LGALS3/ITGA4/DOCK8/WNK1/SPI1/ADAM8/CORO1A/SPN/TRPV4/C1QBP/WNT5A/TMEM102/CCL4/CCL5/C3AR1/PTPRJ/PLA2G7/CCR2/CCL2/CSF1/CCL21/RHOA/CREB3/MED23/OXSR1/STK39/RTN4/JAM3/AKIRIN1/IL34","GO_BP"
"GOBP_NEUTROPHIL_CHEMOTAXIS","GOBP_NEUTROPHIL_CHEMOTAXIS",64,0.616548722288689,1.99770704235129,3.13567912867865e-06,0.000508736906911484,0.000446848503055985,3473,"tags=59%, list=25%, signal=45%","JAML/CXCL9/CXCL10/CCL3/IL1B/SLIT2/TREM1/LGALS3/S100A9/SYK/TIRAP/PPBP/RIPOR2/CAMK1D/DNM1L/C1QBP/CCL19/SAA1/PPIB/RAC2/ITGA1/SRP54/C3AR1/CSF3R/CXCR2/PIKFYVE/PREX1/BSG/MCU/TGFB2/GBF1/CCL21/S100A8/CD74/FCER1G/PIK3CD/JAM3/ITGB2","GO_BP"
"GOBP_NEUTROPHIL_MIGRATION","GOBP_NEUTROPHIL_MIGRATION",80,0.588491568215654,1.99102854275523,3.3647734107664e-06,0.000510685770892127,0.000448560285591474,3473,"tags=57%, list=25%, signal=43%","JAML/CXCL9/CXCL10/CCL3/FUT4/IL1B/SLIT2/TREM1/SLAMF8/LGALS3/S100A9/SYK/TIRAP/PPBP/ADAM8/RIPOR2/CAMK1D/DNM1L/RAC3/C1QBP/MCOLN2/CCL19/SAA1/PPIB/PECAM1/RAC2/ITGA1/SRP54/C3AR1/CSF3R/CXCR2/PIKFYVE/PREX1/BSG/WDR1/MCU/TGFB2/GBF1/CCL21/S100A8/CD74/FCER1G/PIK3CD/RTN4/JAM3/ITGB2","GO_BP"
"GOBP_ENERGY_DERIVATION_BY_OXIDATION_OF_ORGANIC_COMPOUNDS","GOBP_ENERGY_DERIVATION_BY_OXIDATION_OF_ORGANIC_COMPOUNDS",307,-0.429856097294799,-1.691868503193,3.25936931428248e-06,0.000510685770892127,0.000448560285591474,2741,"tags=34%, list=20%, signal=28%","NDUFS5/COX6A2/SDHAF4/FXN/ATP5F1D/SLC25A14/GNMT/SIRT3/UGP2/SUCLG1/UQCRC2/NDUFC2-KCTD14/NDUFA5/NDUFV2/IL10RB/ME3/PPARGC1A/MTFR1L/MDH2/ATP5MF/INSR/ATP5F1E/NDUFA8/NDUFV1/COQ9/MTLN/SDHD/COX6A1/PPP1CC/NDUFC1/NDUFB5/ADCY10/COX8A/CYC1/FH/NDUFB6/NDUFS7/SHMT2/NDUFB1/NDUFA3/BCL2L13/NR1D1/EVA1A/UQCRC1/SORBS1/NDUFB4/SURF1/COX7A2/STOML2/OXA1L/ATP5PO/CHCHD2/SLC25A25/SCO2/NDUFB10/COX6B1/VPS54/NDUFA11/TRAP1/NDUFS3/POMC/ATP5PD/ADHFE1/ETFB/OPN3/NDUFA12/BLOC1S1/NDUFB7/NDUFB11/NDUFA6/UQCR10/ATP5IF1/NDUFC2/PARK7/BID/COX4I1/UQCRH/NDUFA1/ATP5ME/COX7C/NDUFA2/KGD4/UQCC3/IRS2/PPP1R1A/WDR45/STBD1/UQCRB/GCGR/IGF1/COX6C/NDUFS4/NDUFB9/COA6/ISCU/NDUFA13/IFNAR1/LEPR/NDUFB8/CYP1A2/GRB10/COX5B/KL/PPP1R3G/NOP53","GO_BP"
"GOBP_RIBOSOMAL_LARGE_SUBUNIT_ASSEMBLY","GOBP_RIBOSOMAL_LARGE_SUBUNIT_ASSEMBLY",19,-0.843706061768371,-2.11303371611405,4.02740593978977e-06,0.000579873345571603,0.000509331115770259,616,"tags=37%, list=4%, signal=35%","MTG1/EIF6/RPF2/RPL24/RPL11/NOP53/RPL5","GO_BP"
"GOBP_POSITIVE_REGULATION_OF_LEUKOCYTE_MIGRATION","GOBP_POSITIVE_REGULATION_OF_LEUKOCYTE_MIGRATION",125,0.524603786110789,1.90106916627522,4.19037061624538e-06,0.000579873345571603,0.000509331115770259,3499,"tags=46%, list=25%, signal=34%","S100A14/TREM2/SERPINE1/CALR/MMP14/GAS6/CXCL10/CCL3/TNFSF14/FUT4/THY1/P4HB/LGALS9/LGALS3/ITGA4/F2RL1/DOCK8/WNK1/TIRAP/SPI1/ADAM8/CORO1A/RIPOR2/SPN/CAMK1D/ZP3/DNM1L/TRPV4/C1QBP/WNT5A/CCL19/TMEM102/CCL4/CCL5/RAC2/PLVAP/C3AR1/ICAM1/PTPRJ/PLA2G7/CCL24/CCR2/PGF/CCL2/MCU/CSF1/CCL21/RHOA/CREB3/MED23/OXSR1/STK39/CD74/RTN4/JAM3/AKIRIN1/IL34","GO_BP"
"GOBP_MITOCHONDRIAL_TRANSLATION","GOBP_MITOCHONDRIAL_TRANSLATION",131,-0.522249182425792,-1.87553204165096,4.13020203028334e-06,0.000579873345571603,0.000509331115770259,3029,"tags=45%, list=22%, signal=35%","RARS2/MRPL47/PTCD3/MRPS17/HARS1/MRPL41/MRPS22/MRPL22/MRPS7/MRPS12/MRPL51/MRPL12/MRPS26/MRPL34/MTIF3/MRPL48/DAP3/COA3/MRPS2/MRPL16/MRPS11/MRPL32/MRPL15/MRPL36/MRPL9/MRPL20/RMND1/MTG1/MRPL33/GATC/SHMT2/MRPL54/MRPL52/MRPL43/MRPL24/CHCHD1/MRPL57/OXA1L/MRPL46/MRPL10/MRPS35/MRPL23/MRPL40/MRPS31/MRPS18A/MRPS21/MRPL21/MRPS9/MRPL28/MRPL18/MRPL11/GADD45GIP1/MRPL39/MRPS18C/MRPL53/MRPL37/MRPS18B/MRPS24/MRPL2","GO_BP"
"GOBP_GRANULOCYTE_MIGRATION","GOBP_GRANULOCYTE_MIGRATION",107,0.548124947325471,1.93439975519283,5.3386416192045e-06,0.000717665966238776,0.000630361112691635,3499,"tags=53%, list=25%, signal=40%","JAML/S100A14/CXCL9/CXCL10/CCL3/FUT4/IL1B/SLIT2/TREM1/SLAMF8/LGALS3/S100A9/SYK/TIRAP/PPBP/ADAM8/RIPOR2/CAMK1D/DNM1L/RAC3/TRPV4/C1QBP/MCOLN2/CCL19/SAA1/CCL4/PPIB/PECAM1/CCL5/RAC2/ITGA1/SRP54/C3AR1/CSF3R/CXCR2/PIKFYVE/PREX1/PTPRJ/CCL24/ADGRE2/CCL2/BSG/WDR1/MCU/TGFB2/CSF1/GBF1/CCL21/S100A8/CD74/FCER1G/PIK3CD/RTN4/JAM3/ITGB2/AKIRIN1/IL34","GO_BP"
"GOBP_LEUKOCYTE_CHEMOTAXIS","GOBP_LEUKOCYTE_CHEMOTAXIS",178,0.46351874865889,1.77023530074611,7.79804249606893e-06,0.0010191608317779,0.000895178796478556,2978,"tags=39%, list=22%, signal=31%","JAML/S100A14/SERPINE1/CXCL9/CTSG/CALR/GAS6/CXCL10/CCL3/TNFSF14/IL1B/SLIT2/TREM1/LGALS9/SLAMF8/LGALS3/S100A9/F2RL1/MMP2/WNK1/SYK/TIRAP/PPBP/CXCR4/SPI1/PADI2/ADAM8/CORO1A/NUP85/RIPOR2/CAMK1D/DNM1L/TRPV4/C1QBP/WNT5A/CCL19/SAA1/TMEM102/MIF/CCL4/PPIB/CCL5/RAC2/ITGA1/TRPM2/SRP54/SLC8B1/C3AR1/CSF3R/CXCR2/PLEC/CCR5/PTPRO/PIKFYVE/PREX1/PTPRJ/PLA2G7/CCL24/CCR2/ADGRE2/PGF/CCL2/BSG/MCU/TGFB2/CSF1/GBF1/CCL21/CXCL11/CREB3","GO_BP"
"GOBP_FORMATION_OF_CYTOPLASMIC_TRANSLATION_INITIATION_COMPLEX","GOBP_FORMATION_OF_CYTOPLASMIC_TRANSLATION_INITIATION_COMPLEX",15,-0.865548960040823,-2.06396375946347,8.36844411873777e-06,0.00106414944807192,0.000934694498155462,1519,"tags=73%, list=11%, signal=65%","EIF3I/EIF3J/EIF3K/EIF3D/EIF5/EIF3H/EIF3F/EIF3M/EIF3G/EIF3L/EIF3E","GO_BP"
"GOBP_GRANULOCYTE_CHEMOTAXIS","GOBP_GRANULOCYTE_CHEMOTAXIS",89,0.565163130335162,1.94270812823977,8.85435377724512e-06,0.0010963088032089,0.000962941632395134,3499,"tags=55%, list=25%, signal=41%","JAML/S100A14/CXCL9/CXCL10/CCL3/IL1B/SLIT2/TREM1/LGALS3/S100A9/SYK/TIRAP/PPBP/RIPOR2/CAMK1D/DNM1L/TRPV4/C1QBP/CCL19/SAA1/CCL4/PPIB/CCL5/RAC2/ITGA1/SRP54/C3AR1/CSF3R/CXCR2/PIKFYVE/PREX1/PTPRJ/CCL24/ADGRE2/CCL2/BSG/MCU/TGFB2/CSF1/GBF1/CCL21/S100A8/CD74/FCER1G/PIK3CD/JAM3/ITGB2/AKIRIN1/IL34","GO_BP"
"GOBP_REGULATION_OF_LEUKOCYTE_DIFFERENTIATION","GOBP_REGULATION_OF_LEUKOCYTE_DIFFERENTIATION",279,0.414962481189713,1.67211958921107,9.61908649341165e-06,0.00116045646029492,0.00101928565649485,3743,"tags=42%, list=27%, signal=31%","FANCD2/TREM2/FOS/LIF/MMP14/GAS6/BTN2A2/PPP3CA/PRKDC/CD28/CCL3/RPTOR/CD83/RUNX1/MTOR/TFE3/JUNB/ERBB2/HMGB3/LGALS9/SLAMF8/LGALS3/VSIR/IL2RG/ACTB/RIPK1/SYK/TRIB1/RUNX3/TLR3/SPI1/CYP26B1/ADAM8/ZMIZ1/SASH3/BTK/FBN1/SMARCA4/IL7/CD69/EVI2B/TAOK3/CLPTM1/PTPRC/ZNF675/BCL6/LCK/VNN1/NFAM1/CCL19/CASP8/RC3H1/BRD7/RIPK2/GPR137/LILRB3/AP3D1/SOS1/TESPA1/GLI2/GATA2/CARD11/TAL1/SMARCD2/CTNNB1/ARID2/FSTL3/EEIG1/LRRC17/TBX21/RASSF2/HLX/TLR4/SMARCE1/FES/ACIN1/MITF/GPR68/IKZF3/CCR2/AMBRA1/SMARCB1/OPA1/SMARCA2/LOXL3/CSF1/LTF/RHOA/BRD2/TOX/NFKBID/JAK3/NLRP3/TMEM64/HLA-DRA/HLA-DRB1/TYROBP/RASGRP1/IL7R/CD74/NF1/CD101/PRXL2A/IL34/CD27/CD2/CRTAM/ZFPM1/PTPN6/PIK3R1/CD80/GATA3/KAT2A/ABL1/TCTA/GPR65","GO_BP"
"GOBP_CELL_SUBSTRATE_ADHESION","GOBP_CELL_SUBSTRATE_ADHESION",312,0.398801607142663,1.62784504752566,1.1507856607782e-05,0.00132059671560035,0.00115994467373947,2602,"tags=28%, list=19%, signal=23%","PRKCE/COL5A3/CASK/DMTN/NPNT/LAMA5/COL1A1/SERPINE1/ITGA11/MAP4K4/CALR/SRC/MMP14/GAS6/ITGA3/EPHB3/VWF/CDH11/THY1/CFL1/COL3A1/P4HB/ITGA4/CD3E/LPXN/AJUBA/ACTN4/SPOCK2/CORO1C/TIMM10B/WDPCP/ITGAX/CORO1A/RSU1/ITGAV/BCL2/PARVG/KIF14/ITGA6/EPHA3/RAB1A/GSK3B/EFEMP2/ITGB8/RAC3/CDC42/PPARD/C1QBP/FBLN1/BCL6/MICALL2/TNFRSF12A/ITGA10/PKP2/ZYX/GFUS/PTPN1/EPHA1/PECAM1/RAC2/ITGA1/DOCK5/CD44/EPDR1/CTNNB1/PEAK1/ITGA7/PIK3CB/NID2/FBLN5/CD96/ITGBL1/SNED1/CARMIL1/FLNA/ACVRL1/PTPRO/PREX1/ONECUT1/LAMB1/VCL/MYO1G/PTPRJ/FUT1/EMILIN1/SLC9A1","GO_BP"
"GOBP_POSITIVE_REGULATION_OF_CELL_ADHESION","GOBP_POSITIVE_REGULATION_OF_CELL_ADHESION",422,0.377969569127709,1.57381418954392,1.12665930437371e-05,0.00132059671560035,0.00115994467373947,1970,"tags=22%, list=14%, signal=19%","PRKCE/NPNT/PTPN11/MAP4K4/CTSG/PTPRU/CALR/SRC/LIF/ITGA3/BTN2A2/PPP3CA/CD28/CD24/TNFSF14/FUT4/CD83/RUNX1/MTOR/IL1B/TPM1/PIK3R2/TFE3/THY1/CFL1/ERBB2/P4HB/LGALS9/ITGA4/APBB1IP/PODXL/CD3E/VSIR/DOCK8/CD5/EMILIN2/IL2RG/ACTB/SYK/SPOCK2/EFNB3/RUNX3/SIRPB1/LAMA2/ADAM8/FOXA2/CORO1A/RSU1/ITGAV/ZMIZ1/CCDC88B/SPN/LAMB2/SASH3/RELA/GSK3B/EFEMP2/ZP3/SMARCA4/IL7/RAC3/CDC42/C1QBP/FBLN1/FBXO38/WNT5A/PTPRC/BCL6/LCK/VNN1/FOXA1/PLAUR/CCL19/SAA1/CD6/TMEM102/BRD7/STX3/RIPK2/GFUS/AP3D1/TESPA1/GLI2/EPHA1/CARD11/ZFHX3/CCL5/DOCK5/CD44/SMARCD2/CTNNB1/ARID2/TNFSF13B","GO_BP"
"GOBP_REGULATION_OF_CELLULAR_COMPONENT_SIZE","GOBP_REGULATION_OF_CELLULAR_COMPONENT_SIZE",303,0.402455726327022,1.63514058481292,1.25603499108988e-05,0.00140705824597093,0.00123588806391451,2108,"tags=22%, list=15%, signal=19%","PRKCE/CDHR2/NEB/DMTN/SPTBN5/GSN/SLC12A4/MSN/HDAC6/XK/GRB2/TTL/RPTOR/BORCS5/MTOR/MEGF8/CAPG/SEMA4D/SLC12A1/HIP1R/PIK3R2/SLIT2/LRRC8E/BCL11A/CFL1/ABCB8/CDH1/LRRC8A/F2RL1/SLC12A7/WNK1/BLOC1S2/WASHC5/SVIL/SHTN1/MAP3K7/CAPZB/CORO1A/ALS2/PEX11A/GSK3B/KCNMA1/FLII/SPTAN1/TRPV4/PLEK/CDC42EP3/VASP/WNT5A/AQP4/TNFRSF12A/PAFAH1B1/CDHR5/CRACD/TRPV2/SLC12A6/RAB21/CYFIP1/AKT3/SPP1/KIRREL1/MAP1B/AQP1/ASB2/LARS1/ARPC5","GO_BP"
"GOBP_MONONUCLEAR_CELL_MIGRATION","GOBP_MONONUCLEAR_CELL_MIGRATION",185,0.457464921237755,1.76095554375222,1.85539356611581e-05,0.00203014575083137,0.00178317628900138,2600,"tags=32%, list=19%, signal=27%","JAML/S100A14/TREM2/MSN/SERPINE1/CTSG/CALR/MMP14/GAS6/SPNS2/CXCL10/CCL3/TNFSF14/FUT4/STK10/SLIT2/P4HB/LGALS9/SLAMF8/LGALS3/ITGA4/DOCK8/MMP2/WNK1/CXCR4/SPI1/PADI2/ADAM8/CORO1A/NUP85/RIPOR2/SPN/CD69/CDC42/TRPV4/C1QBP/MCOLN2/WNT5A/CCL19/SAA1/TMEM102/MIF/CCL4/PECAM1/CCL5/TRPM2/SLC8B1/C3AR1/ASB2/ICAM1/TBX21/CXCR2/PLEC/CCR5/PTPRO/MYO1G/PTPRJ/PLA2G7/CCR2/EMILIN1","GO_BP"
"GOBP_REGULATION_OF_CHEMOTAXIS","GOBP_REGULATION_OF_CHEMOTAXIS",166,0.458698572131776,1.7383642045914,2.20924439592856e-05,0.00236238520064634,0.00207499844459702,3183,"tags=35%, list=23%, signal=27%","S100A14/TREM2/HDAC6/SERPINE1/CALR/GAS6/KIF21A/CXCL10/CCL3/TNFSF14/MEGF8/SLIT2/PDGFRB/LGALS9/SLAMF8/F2RL1/WNK1/TIRAP/CXCR4/SPI1/PADI2/RIPOR2/PDGFRA/CAMK1D/DNM1L/TRPV4/C1QBP/WNT5A/NTF3/CCL19/TMEM102/GSTP1/STX3/MIF/CCL4/CCL5/RAC2/SLC8B1/C3AR1/ADGRA2/PTPRO/PRKD2/USP14/PTPRJ/PLA2G7/CCR2/TMSB4X/PGF/CCL2/MCU/CSF1/CCL21/CREB3/CYRIB/SEMA3F/FGF2/OXSR1/STK39","GO_BP"
"GOBP_MITOCHONDRIAL_GENE_EXPRESSION","GOBP_MITOCHONDRIAL_GENE_EXPRESSION",169,-0.465702180885366,-1.70586167261091,3.38269819962552e-05,0.00353679889538624,0.00310654342262686,3029,"tags=38%, list=22%, signal=30%","MRPL47/PTCD3/MRPS17/ANGEL2/HARS1/MRPL41/MRPS22/MRPL22/MRPS7/MRPS12/MRPL51/MRPL12/MRPS26/MRPL34/MTIF3/MRPL48/DAP3/COA3/MRPS2/MRPL16/MTERF2/MRPS11/MRPL32/MRPL15/MRPL36/TRIT1/MRPL9/MRPL20/FOXO3/RMND1/MTG1/MRPL33/GATC/KAT8/KANSL1/SHMT2/MRPL54/MRPL52/MRPL43/MRPL24/CHCHD1/MRPL57/OXA1L/MRPL46/MRPL10/MRPS35/MRPL23/MRPL40/TFAM/MRPS31/MRPS18A/MRPS21/MRPL21/MRPS9/MRPL28/MRPL18/MRPL11/GADD45GIP1/MRPL39/MRPS18C/MRPL53/MRPL37/MRPS18B/MRPS24/MRPL2","GO_BP"
"GOBP_NEGATIVE_REGULATION_OF_UBIQUITIN_DEPENDENT_PROTEIN_CATABOLIC_PROCESS","GOBP_NEGATIVE_REGULATION_OF_UBIQUITIN_DEPENDENT_PROTEIN_CATABOLIC_PROCESS",50,-0.636612204643942,-1.97314612555902,4.28577166692619e-05,0.00438359906367124,0.00385032941976023,1135,"tags=26%, list=8%, signal=24%","WAC/DDRGK1/RYBP/PARK7/QRICH2/RPS7/EIF3H/RPL23/UBXN1/TTC36/RPL11/NOP53/RPL5","GO_BP"
"GOBP_ATP_BIOSYNTHETIC_PROCESS","GOBP_ATP_BIOSYNTHETIC_PROCESS",100,-0.527855045243878,-1.82024575844127,5.02732812473333e-05,0.00462202203606673,0.00405974797552391,2741,"tags=44%, list=20%, signal=36%","NDUFS5/DMAC2L/ATP5F1D/ATP5MJ/FAM3A/NDUFA5/NDUFV2/PPARA/ATP5MF/ATP5F1E/NDUFA8/NDUFV1/SDHD/NDUFC1/NDUFB5/ADCY10/NDUFB6/NDUFS7/NDUFB1/NDUFA3/NDUFB4/STOML2/ATP5PO/NUDT2/LETMD1/NDUFB10/NDUFA11/NDUFS3/ATP5PD/NDUFA12/NDUFB7/NDUFB11/NDUFA6/ATP5IF1/NDUFC2/NDUFA1/ATP5ME/NDUFA2/UQCC3/NDUFS4/NDUFB9/NDUFA13/ATP5MC2/NDUFB8","GO_BP"
"GOBP_POSITIVE_REGULATION_OF_CHEMOTAXIS","GOBP_POSITIVE_REGULATION_OF_CHEMOTAXIS",117,0.493976172482274,1.78047723629389,4.70883067267426e-05,0.00462202203606673,0.00405974797552391,3183,"tags=38%, list=23%, signal=30%","S100A14/TREM2/SERPINE1/CALR/GAS6/CXCL10/CCL3/TNFSF14/MEGF8/SLIT2/PDGFRB/LGALS9/F2RL1/WNK1/TIRAP/SPI1/RIPOR2/PDGFRA/CAMK1D/DNM1L/TRPV4/C1QBP/WNT5A/NTF3/CCL19/TMEM102/STX3/CCL4/CCL5/RAC2/C3AR1/PRKD2/PTPRJ/PLA2G7/CCR2/TMSB4X/PGF/CCL2/MCU/CSF1/CCL21/CREB3/FGF2/OXSR1/STK39","GO_BP"
"GOBP_REGULATION_OF_LEUKOCYTE_CHEMOTAXIS","GOBP_REGULATION_OF_LEUKOCYTE_CHEMOTAXIS",100,0.509737615431863,1.77871732801528,4.95558079120517e-05,0.00462202203606673,0.00405974797552391,3560,"tags=45%, list=26%, signal=34%","S100A14/SERPINE1/CALR/GAS6/CXCL10/CCL3/TNFSF14/SLIT2/LGALS9/SLAMF8/F2RL1/WNK1/TIRAP/SPI1/PADI2/RIPOR2/CAMK1D/DNM1L/TRPV4/C1QBP/WNT5A/CCL19/TMEM102/MIF/CCL4/CCL5/RAC2/SLC8B1/C3AR1/PTPRJ/PLA2G7/CCR2/PGF/CCL2/MCU/CSF1/CCL21/CREB3/OXSR1/STK39/CD74/JAM3/AKIRIN1/IL34/KLRC4-KLRK1","GO_BP"
"GOBP_ALPHA_AMINO_ACID_METABOLIC_PROCESS","GOBP_ALPHA_AMINO_ACID_METABOLIC_PROCESS",175,-0.460034249738696,-1.70029382322196,5.10829215463273e-05,0.00462202203606673,0.00405974797552391,1702,"tags=31%, list=12%, signal=27%","HAL/MTHFR/MPST/PHGDH/FH/SHMT2/AMT/THAP4/BLMH/NAGS/HMGCL/KMO/PRODH2/AGXT/CTH/GPT2/SARDH/SDS/ADHFE1/TAT/SERINC3/AASS/GLS2/PARK7/PLOD2/ACMSD/HNF4A/AGXT2/KYNU/HPD/SCLY/ASPA/HYKK/ATF4/SMS/MAT1A/AADAT/HAAO/BAAT/ADI1/PCBD1/SLC39A8/ASL/SLC25A21/ASS1/HNMT/GCAT/GOT1/GCDH/OAT/ALDH6A1/ACADSB/AMDHD1/TTC36","GO_BP"
"GOBP_REGULATION_OF_PROTEIN_LOCALIZATION_TO_MEMBRANE","GOBP_REGULATION_OF_PROTEIN_LOCALIZATION_TO_MEMBRANE",173,0.446397484971304,1.69171450712458,4.94553948110066e-05,0.00462202203606673,0.00405974797552391,2392,"tags=25%, list=17%, signal=21%","PRKCE/DMTN/GSN/TREM2/PPP1R9B/MMP14/ITGA3/STAC3/KCNB1/ZDHHC2/PRKCI/RSC1A1/PIK3R2/DOK7/ERBB2/NECAB2/LGALS3/GPC1/CLTC/WNK1/ACTB/CDK5R1/ARHGEF16/RHOQ/EPHA3/GRIPAP1/GPC4/MTCL1/LRP1/CAMK2G/STX3/EPB41L3/CPLX1/MYO1C/TMED2/PKDCC/PRKN/ANK3/ATP2C1/OGT/GPC6/AKAP5/PRKCH","GO_BP"
"GOBP_CELL_ACTIVATION_INVOLVED_IN_IMMUNE_RESPONSE","GOBP_CELL_ACTIVATION_INVOLVED_IN_IMMUNE_RESPONSE",264,0.406844307524431,1.62780791624269,4.74843541958435e-05,0.00462202203606673,0.00405974797552391,3743,"tags=39%, list=27%, signal=29%","PRKCE/TREM2/ATAD5/STAT3/CD28/CCL3/ENTPD7/MTOR/MLH1/JUNB/CRACR2A/SOCS3/LGALS9/PCYT1A/LGALS3/LCP1/APBB1IP/F2RL1/CLEC4E/SYK/SPHK2/SPI1/RIF1/DOCK11/PTGDS/CORO1A/SPN/PTGDR/SANBR/BTK/PLXNA1/AP1G1/DOCK10/SUPT6H/CD69/TAOK3/FGR/PTPRC/BCL6/GAB2/LRP1/NBN/CCL19/EOMES/SLAMF6/SH2D1B/RNF8/RC3H1/BCL3/RIPK2/GATA2/GAPT/RAC2/TMEM98/STXBP1/MSH2/SBNO2/TBK1/ICAM1/HAVCR2/LAMP1/TBX21/CD84/HLX/TLR4/FES/CD1C/HLA-F/CCR2/ADGRE2/TCIM/LAT2/NKG7/OPA1/LAT/KMT5B/LOXL3/GBF1/BRD2/NFKBID/JAK3/NLRP3/HLA-DRA/GRN/HLA-DRB1/TYROBP/RASGRP1/NMI/CD74/TP53BP1/FCER1G/PIK3CD/DLL1/ITGB2/ZFPM1/PTPN6/LIG4/PIK3R1/CD80/GATA3/PIK3CG/ITGAM/ABL1/GPR65","GO_BP"
"GOBP_MYELOID_LEUKOCYTE_MIGRATION","GOBP_MYELOID_LEUKOCYTE_MIGRATION",176,0.44604759851618,1.70244832194951,5.58456376071527e-05,0.00495761745172931,0.00435451784003339,2900,"tags=35%, list=21%, signal=28%","JAML/S100A14/TREM2/SERPINE1/CXCL9/CTSG/MMP14/CXCL10/CCL3/FUT4/IL1B/SLIT2/TREM1/SLAMF8/LGALS3/S100A9/MMP2/SYK/TIRAP/PPBP/SPI1/ADAM8/NUP85/RIPOR2/CAMK1D/DNM1L/RAC3/TRPV4/C1QBP/MCOLN2/CCL19/SAA1/PAFAH1B1/MIF/CCL4/PPIB/PECAM1/CCL5/RAC2/ITGA1/SRP54/C3AR1/CSF3R/CXCR2/PTPRO/PIKFYVE/PREX1/PTPRJ/PLA2G7/CCL24/CCR2/EMILIN1/ADGRE2/PGF/CCL2/BSG/WDR1/MCU/TGFB2/CSF1/GBF1/CCL21","GO_BP"
"GOBP_POSITIVE_REGULATION_OF_SIGNAL_TRANSDUCTION_BY_P53_CLASS_MEDIATOR","GOBP_POSITIVE_REGULATION_OF_SIGNAL_TRANSDUCTION_BY_P53_CLASS_MEDIATOR",30,-0.717380080750771,-2.01662172606851,6.70114607896036e-05,0.00547440969069265,0.00480844173514388,1021,"tags=33%, list=7%, signal=31%","SPRED2/SPRED1/UBB/RPS7/RPS20/RPL23/RPS15/RPL26/RPL11/RPL37","GO_BP"
"GOBP_NEGATIVE_REGULATION_OF_CELL_MATRIX_ADHESION","GOBP_NEGATIVE_REGULATION_OF_CELL_MATRIX_ADHESION",29,0.717763545476169,1.96209041682665,6.49610958833216e-05,0.00547440969069265,0.00480844173514388,169,"tags=21%, list=1%, signal=20%","CASK/DMTN/SERPINE1/MAP4K4/SRC/MMP14","GO_BP"
"GOBP_POSITIVE_REGULATION_OF_LYMPHOCYTE_MIGRATION","GOBP_POSITIVE_REGULATION_OF_LYMPHOCYTE_MIGRATION",39,0.644133577593993,1.92926514794197,6.74847528289424e-05,0.00547440969069265,0.00480844173514388,3183,"tags=54%, list=23%, signal=42%","CXCL10/CCL3/TNFSF14/P4HB/LGALS9/ITGA4/DOCK8/WNK1/ADAM8/CORO1A/SPN/WNT5A/TMEM102/CCL4/CCL5/CCR2/CCL21/RHOA/MED23/OXSR1/STK39","GO_BP"
"GOBP_T_CELL_MIGRATION","GOBP_T_CELL_MIGRATION",64,0.572361550658667,1.85453421471295,6.64082356791587e-05,0.00547440969069265,0.00480844173514388,3183,"tags=45%, list=23%, signal=35%","MSN/SPNS2/CXCL10/CCL3/TNFSF14/P4HB/LGALS9/ITGA4/DOCK8/WNK1/ADAM8/CORO1A/RIPOR2/SPN/CD69/WNT5A/TMEM102/CCL5/ICAM1/PLEC/MYO1G/CCR2/CCL2/CCL21/RHOA/CXCL11/MED23/OXSR1/STK39","GO_BP"
"GOBP_MITOCHONDRIAL_RESPIRATORY_CHAIN_COMPLEX_ASSEMBLY","GOBP_MITOCHONDRIAL_RESPIRATORY_CHAIN_COMPLEX_ASSEMBLY",98,-0.533211779907513,-1.83749944781279,6.45835391559224e-05,0.00547440969069265,0.00480844173514388,2972,"tags=52%, list=22%, signal=41%","FOXRED1/SDHAF2/DMAC2/NDUFAF7/SMIM20/STMP1/TIMMDC1/IMMP2L/TMEM126A/UQCC5/NDUFAF4/COA8/NDUFS5/SDHAF1/SDHAF4/FXN/ATP5F1D/CHCHD4/COA3/ATPAF2/DMAC1/COX20/PET117/COA1/TMEM242/HIGD2A/NDUFS7/COX17/FMC1/COX16/SURF1/COX7A2/OXA1L/SCO2/TFAM/COX14/NDUFS3/TMEM223/COA5/NDUFA6/NDUFC2/NDUFAF2/UQCC3/OMA1/NDUFS4/COA6/NDUFA13/NDUFAF3/CHCHD7/ECSIT/PET100","GO_BP"
"GOBP_REGULATION_OF_NUCLEAR_DIVISION","GOBP_REGULATION_OF_NUCLEAR_DIVISION",111,0.501150172579889,1.78982004748093,8.54687684383348e-05,0.00681577212715873,0.00598662595698309,3092,"tags=39%, list=22%, signal=30%","CALR/LIF/NPM2/MKI67/PRAP1/CD28/SMPD3/BUB1B/IL1B/PDGFRB/TRIP13/TGFA/DLGAP5/TOM1L2/CHEK1/NUSAP1/BIRC5/ZWINT/ESPL1/XRCC3/CDC42/WNT5A/CDC16/ZW10/SPC24/PRP4K/MAD2L1/CUL7/MTBP/PLK1/KNTC1/NUP62/TPR/NDC80/LCMT1/BUB1/CDC23/CAV2/RAD51AP1/APC/CENPF/GEN1/FZR1","GO_BP"
"GOBP_REGULATION_OF_UBIQUITIN_PROTEIN_TRANSFERASE_ACTIVITY","GOBP_REGULATION_OF_UBIQUITIN_PROTEIN_TRANSFERASE_ACTIVITY",23,-0.746748292779997,-1.94656387894865,8.97354115440407e-05,0.0069543308031264,0.00610832881773573,638,"tags=26%, list=5%, signal=25%","CDC14B/RPS7/RPL23/RPS2/RPL11/RPL5","GO_BP"
"GOBP_REGULATION_OF_RESPONSE_TO_CYTOKINE_STIMULUS","GOBP_REGULATION_OF_RESPONSE_TO_CYTOKINE_STIMULUS",169,0.442876359779319,1.68552847636442,9.16404909232385e-05,0.0069543308031264,0.00610832881773573,2470,"tags=30%, list=18%, signal=25%","TREM2/PTPN11/SH2B3/SIGIRR/GAS6/CASP1/ZBP1/NOL3/CD24/SLIT2/STAT2/PARP9/ADAR/ANXA4/F2RL1/RIPK1/SYK/CARD16/CDK5R1/CXCR4/PADI2/IFIH1/RNF185/IL7/WNT5A/PTPRC/ZNF675/PARP14/PAFAH1B1/OAS3/GSTP1/CASP8/TRIM56/CASP4/RIPK2/PTPN1/CCL5/TSLP/PALM3/TBK1/PRKN/AGPAT2/KLF4/PIAS4/TLR4/HIPK1/NLRP6/HIF1A/YTHDF3/LAPTM5","GO_BP"
"GOBP_CELL_CHEMOTAXIS","GOBP_CELL_CHEMOTAXIS",242,0.404556017737153,1.59652192066641,9.11890245481209e-05,0.0069543308031264,0.00610832881773573,2978,"tags=34%, list=22%, signal=27%","JAML/ACKR3/S100A14/SERPINE1/CXCL9/CTSG/CALR/GAS6/CXCL10/CCL3/TNFSF14/XCR1/IL1B/SLIT2/PDGFRB/TREM1/LGALS9/SLAMF8/LGALS3/S100A9/F2RL1/MMP2/CXCL2/WNK1/SYK/TIRAP/PPBP/CXCR4/SPI1/PADI2/ARHGEF16/ADAM8/PLEKHG5/CORO1A/NUP85/RIPOR2/PDGFRA/CAMK1D/DNM1L/RAC3/TRPV4/C1QBP/WNT5A/CCL19/SAA1/TMEM102/GSTP1/MIF/CCL4/PPIB/CCL5/RAC2/ITGA1/ABCC1/TRPM2/SRP54/SLC8B1/C3AR1/CSF3R/CXCR2/PLEC/CCR5/PTPRO/PIKFYVE/PRKD2/PREX1/PTPRJ/PLA2G7/CCL24/CCR2/ADGRE2/TMSB4X/PGF/CCL2/BSG/MCU/TGFB2/CSF1/GBF1/CCL21/CXCL11/CCL3L3/CREB3","GO_BP"
"GOBP_REGULATION_OF_T_CELL_MIGRATION","GOBP_REGULATION_OF_T_CELL_MIGRATION",44,0.641990435268285,1.97181146298466,0.000108508470562342,0.00810368815866378,0.00711786558776531,3183,"tags=50%, list=23%, signal=39%","SPNS2/CXCL10/TNFSF14/P4HB/LGALS9/ITGA4/DOCK8/WNK1/ADAM8/CORO1A/RIPOR2/SPN/CD69/WNT5A/TMEM102/CCL5/CCR2/CCL21/RHOA/MED23/OXSR1/STK39","GO_BP"
"GOBP_LYMPHOCYTE_MIGRATION","GOBP_LYMPHOCYTE_MIGRATION",91,0.516654669929794,1.77397674893829,0.000112485772365574,0.0082694618590629,0.0072634727353165,3716,"tags=48%, list=27%, signal=36%","MSN/GAS6/SPNS2/CXCL10/CCL3/TNFSF14/FUT4/STK10/P4HB/LGALS9/ITGA4/DOCK8/WNK1/PADI2/ADAM8/CORO1A/RIPOR2/SPN/CD69/WNT5A/SAA1/TMEM102/CCL4/CCL5/SLC8B1/ICAM1/TBX21/PLEC/MYO1G/CCR2/CCL2/CCL21/RHOA/CXCL11/MED23/OXSR1/STK39/GCSAM/PIK3CD/KLRC4-KLRK1/CRTAM/GATA3/PIK3CG/ABL1","GO_BP"
"GOBP_SKIN_DEVELOPMENT","GOBP_SKIN_DEVELOPMENT",181,0.436108944114032,1.6651092594106,0.00011449133965207,0.00828741158558447,0.00727923885787899,2466,"tags=25%, list=18%, signal=21%","COL5A3/LAMA5/COL1A1/TP63/PDGFA/ITGA3/EDAR/CDKN1A/PPP3CA/MACROH2A2/COL1A2/AKR1C3/INTU/ACVR1B/COL3A1/SLC39A7/NSDHL/SLC2A10/SOX9/CYP26B1/COL5A1/BCL2/CSTA/ITGA6/FZD3/MACROH2A1/RELA/CLDN1/WNT5A/SUFU/COL5A2/SOS1/GLI2/CTNNB1/TNFSF13B/KRT7/PPL/BCL11B/KLF4/PIAS4/PLEC/ZMPSTE24/TRADD/PRKCH/EZH2/GORAB","GO_BP"
"GOBP_OSTEOCLAST_DIFFERENTIATION","GOBP_OSTEOCLAST_DIFFERENTIATION",91,0.515541104900806,1.77015323086165,0.000117349975589873,0.00836563083561137,0.00734794265017288,3418,"tags=44%, list=25%, signal=33%","TREM2/FOS/SRC/PPP3CA/CCL3/RPTOR/MTOR/TFE3/JUNB/TLR3/SPI1/TCIRG1/FBN1/CCN4/SNX10/ZNF675/GAB2/PAFAH1B1/GPR137/LILRB3/OSTM1/BBLN/CTNNB1/SBNO2/FSTL3/EEIG1/LRRC17/RASSF2/TLR4/MITF/GPR68/FOSL2/CSF1/LTF/CD109/TMEM64/TYROBP/FCER1G/NF1/PRXL2A","GO_BP"
"GOBP_SKIN_MORPHOGENESIS","GOBP_SKIN_MORPHOGENESIS",11,0.860884885770076,1.89694149008648,0.000119865614295441,0.00841742858597091,0.00739343914727262,1090,"tags=36%, list=8%, signal=34%","COL1A1/TP63/COL1A2/ITGA6","GO_BP"
"GOBP_REGULATION_OF_PROTEIN_LOCALIZATION_TO_CELL_PERIPHERY","GOBP_REGULATION_OF_PROTEIN_LOCALIZATION_TO_CELL_PERIPHERY",136,0.465750255779383,1.70432096902325,0.000127530557069433,0.00882398927958359,0.00775054128567485,2610,"tags=28%, list=19%, signal=23%","PRKCE/ABCA2/TREM2/EPB41/PPP1R9B/MMP14/ITGA3/STAC3/ZDHHC2/PRKCI/RSC1A1/PIK3R2/LGALS3/CLTC/WNK1/ACTB/EIF4G1/ARHGEF16/RHOQ/EPHA3/GRIPAP1/GPC4/LRP1/CAMK2G/STX3/EPB41L3/CPLX1/TMED2/PLK1/PKDCC/ATP2C1/OGT/GPC6/AKAP5/PRKCH/GPSM2/ZDHHC8/IQSEC2","GO_BP"
"GOBP_REGULATION_OF_ANATOMICAL_STRUCTURE_SIZE","GOBP_REGULATION_OF_ANATOMICAL_STRUCTURE_SIZE",404,0.35386793595849,1.46573407211213,0.000129502182218094,0.00883054735269754,0.00775630156198681,2108,"tags=20%, list=15%, signal=18%","PRKCE/CDHR2/NEB/DMTN/SPTBN5/GSN/SLC12A4/MSN/HDAC6/PTPN11/XK/GRB2/TTL/MANF/SRC/RPTOR/BORCS5/MTOR/MEGF8/CAPG/SEMA4D/SLC12A1/HIP1R/PIK3R2/SLIT2/LRRC8E/BCL11A/CFL1/ABCB8/CDH1/SCARB1/LRRC8A/ITGA4/F2RL1/MMP2/SLC12A7/WNK1/BLOC1S2/WASHC5/SVIL/ACE2/SHTN1/GJA5/MAP3K7/CAPZB/CORO1A/ACE/ALS2/ATP1A2/PEX11A/GSK3B/KCNMA1/DRD1/FLII/SPTAN1/TRPV4/PPARD/PLEK/CDC42EP3/VASP/WNT5A/AQP4/TNFRSF12A/PAFAH1B1/CDHR5/CRACD/TRPV2/SLC12A6/RAB21/PECAM1/CYFIP1/ITGA1/DOCK5/AKT3/CRP/SPP1/KIRREL1/MAP1B/AQP1/ASB2/LARS1/ARPC5","GO_BP"
"GOBP_REGULATED_EXOCYTOSIS","GOBP_REGULATED_EXOCYTOSIS",168,0.440379134942625,1.67484849963902,0.000132216471828669,0.00888683571362698,0.0078057423819452,2702,"tags=33%, list=20%, signal=27%","CASK/SYT7/ABCC4/ATP2A2/PCLO/PPP3CA/KCNB1/CCL3/RAB26/LGALS9/F2RL1/VPS18/STXBP5/SYK/SPHK2/SPI1/STX2/PTGDS/CORO1A/SV2B/PTGDR/BTK/AP1G1/SNAP25/ZP3/HYAL3/FGR/PLEK/RIMS3/GAB2/SYP/TMED10/SYT12/CLTRN/GATA2/RAC2/CPLX1/SYT13/STXBP1/SNAP47/REST/SYT15/LAMP1/CD84/FES/UNC13B/EFR3A/HLA-F/RAB31/CCR2/STX11/ADGRE2/LAT2/SYT9/NKG7","GO_BP"
"GOBP_POSITIVE_REGULATION_OF_CELL_DEVELOPMENT","GOBP_POSITIVE_REGULATION_OF_CELL_DEVELOPMENT",362,0.369304252802586,1.51765537926555,0.000144999494338257,0.00960876930790841,0.00843985196103774,2080,"tags=22%, list=15%, signal=20%","TREM2/HDAC6/FOS/E2F1/LIF/MMP14/GAS6/TBC1D24/BTN2A2/PPP3CA/PRKDC/RPTOR/CD83/RUNX1/MTOR/MEGF8/SEMA4D/PRKCI/IL1B/SLIT2/BCL11A/XRCC2/WDR62/LGALS9/LGALS3/VSIR/NIN/CAPRIN1/IL2RG/ACTB/RIPK1/SYK/TRIB1/CXCR4/RUNX3/SHTN1/SPI1/ADAM8/SKIL/ZMIZ1/BCL2/SASH3/FZD3/MECP2/BTK/RELA/PLXNB2/SMARCA4/IL7/EVI2B/S1PR2/PTPRC/BCL6/LCK/VNN1/ATXN1/ZNF335/TNFRSF12A/CLCN2/CCL19/PAFAH1B1/GPRASP3/CASP8/TRPV2/BRD7/RIPK2/CUL7/TTBK1/AP3D1/TESPA1/GLI2/TRAK1/RAB21/SERPINF1/SMARCD2/CTNNB1/ARID2/SS18L1/KRAS/MAP1B/EEIG1","GO_BP"
"GOBP_RIBOSOMAL_SMALL_SUBUNIT_ASSEMBLY","GOBP_RIBOSOMAL_SMALL_SUBUNIT_ASSEMBLY",21,-0.754861242841265,-1.93212185769328,0.000148991073296908,0.00973615277586046,0.00855173909011201,790,"tags=43%, list=6%, signal=40%","RPS28/RPS19/FAU/RPS15/RPS27/RPSA/RPS5/RPS14/RPS6","GO_BP"
"GOBP_REGULATION_OF_PROTEIN_NEDDYLATION","GOBP_REGULATION_OF_PROTEIN_NEDDYLATION",19,-0.778974332093551,-1.95091525625779,0.000153131111548963,0.00983865083884848,0.00864176815108655,142,"tags=21%, list=1%, signal=21%","EPAS1/DCUN1D4/RPL11/RPL5","GO_BP"
"GOBP_REGULATION_OF_MITOTIC_NUCLEAR_DIVISION","GOBP_REGULATION_OF_MITOTIC_NUCLEAR_DIVISION",96,0.503730627313648,1.74715690379964,0.00015529456961518,0.00983865083884848,0.00864176815108655,2563,"tags=34%, list=19%, signal=28%","MKI67/PRAP1/CD28/SMPD3/BUB1B/IL1B/PDGFRB/TRIP13/TGFA/DLGAP5/TOM1L2/CHEK1/NUSAP1/BIRC5/ZWINT/ESPL1/XRCC3/CDC42/CDC16/ZW10/SPC24/PRP4K/MAD2L1/CUL7/MTBP/PLK1/KNTC1/NUP62/TPR/NDC80/LCMT1/BUB1/CDC23","GO_BP"
"GOBP_DEFENSE_RESPONSE_TO_BACTERIUM","GOBP_DEFENSE_RESPONSE_TO_BACTERIUM",195,0.419260204674097,1.61281539102494,0.000156832903913631,0.00983865083884848,0.00864176815108655,2375,"tags=29%, list=17%, signal=24%","S100A14/LGALS4/DEFB132/TREM2/RNF213/SERPINE1/CTSG/CASP1/DAO/OPTN/IL1B/TREM1/LYZ/SLAMF8/TAB2/S100A9/F2RL1/EMILIN2/CLEC4E/SYK/ZNFX1/TIRAP/PPBP/TLR3/NOS2/MAP3K7/SPN/SSC5D/RAB1A/GBP7/FGR/MMP7/FCGR1A/OAS3/GSDMD/PLA2G6/BCL3/CASP4/RIPK2/MAPKBP1/GBP2/ANKRD17/TSLP/CRP/AQP1/TBK1/HAVCR2/LCN2/H2BC10/JCHAIN/LEAP2/H2BC12/TLR4/NLRP6/MARCHF2/MR1","GO_BP"
"GOBP_NEPHRON_DEVELOPMENT","GOBP_NEPHRON_DEVELOPMENT",116,0.480215102292731,1.73170177816376,0.000159429938304972,0.00986997183848543,0.00866927891669418,1498,"tags=24%, list=11%, signal=22%","COL4A4/NPNT/LAMA5/PDGFA/LIF/COMT/ITGA3/ACAT1/HEYL/PPP3CA/SEC61A1/CD24/PLCE1/PDGFRB/SULF2/COL4A3/PODXL/SOX9/MAGED1/SALL1/NUP85/BCL2/LAMB2/PDGFRA/ADAMTS16/WWTR1/DCHS2/MTSS1","GO_BP"
"GOBP_REGULATION_OF_UBIQUITIN_PROTEIN_LIGASE_ACTIVITY","GOBP_REGULATION_OF_UBIQUITIN_PROTEIN_LIGASE_ACTIVITY",14,-0.833652945855931,-1.96393463074308,0.000162465714814883,0.00992728815849384,0.00871962264337979,638,"tags=36%, list=5%, signal=34%","CDC14B/RPS7/RPL23/RPL11/RPL5","GO_BP"
"GOBP_POSITIVE_REGULATION_OF_LEUKOCYTE_CHEMOTAXIS","GOBP_POSITIVE_REGULATION_OF_LEUKOCYTE_CHEMOTAXIS",79,0.535823220384445,1.80486330808967,0.000168304863127469,0.0101244497093189,0.00889279927485566,3183,"tags=44%, list=23%, signal=34%","S100A14/SERPINE1/CALR/GAS6/CXCL10/CCL3/TNFSF14/LGALS9/F2RL1/WNK1/TIRAP/SPI1/RIPOR2/CAMK1D/DNM1L/TRPV4/C1QBP/WNT5A/CCL19/TMEM102/CCL4/CCL5/RAC2/C3AR1/PTPRJ/PLA2G7/CCR2/PGF/CCL2/MCU/CSF1/CCL21/CREB3/OXSR1/STK39","GO_BP"
"GOBP_POSITIVE_REGULATION_OF_HEMOPOIESIS","GOBP_POSITIVE_REGULATION_OF_HEMOPOIESIS",169,0.435830788696821,1.65871397062355,0.000172147922793946,0.0101244497093189,0.00889279927485566,3302,"tags=38%, list=24%, signal=29%","TREM2/FOS/LIF/MMP14/GAS6/BTN2A2/PPP3CA/PRKDC/RPTOR/CD83/RUNX1/LGALS9/LGALS3/VSIR/IL2RG/ACTB/RIPK1/SYK/TRIB1/RUNX3/SPI1/ADAM8/ZMIZ1/SASH3/BTK/SMARCA4/IL7/EVI2B/PTPRC/BCL6/LCK/VNN1/CCL19/CASP8/BRD7/RIPK2/AP3D1/TESPA1/GLI2/SMARCD2/ARID2/EEIG1/HLX/SMARCE1/FES/ACIN1/GPR68/AMBRA1/SMARCB1/OPA1/SMARCA2/CSF1/RHOA/BRD2/TOX/NFKBID/NLRP3/TMEM64/HLA-DRA/HLA-DRB1/TYROBP/RASGRP1/IL7R/CD74","GO_BP"
"GOBP_RESPONSE_TO_XENOBIOTIC_STIMULUS","GOBP_RESPONSE_TO_XENOBIOTIC_STIMULUS",352,0.362925728558872,1.48527394281547,0.000171668187669183,0.0101244497093189,0.00889279927485566,2156,"tags=24%, list=16%, signal=20%","PRKCE/CES3/ABCA2/COL1A1/ABCC4/RBBP9/FOS/PPP1R9B/CALR/E2F1/COMT/GAS6/ITGA3/ABCC3/RHBDD3/STAT3/SULT1B1/UGT2B11/SRR/RPTOR/CHEK2/GNA12/UGT1A6/IL1B/ALDH3A1/ABCA3/CDH1/UGT2A3/BAK1/ADSS1/MMP2/SRD5A2/SLC22A7/CYP2B6/ENO2/CYP4F2/CAD/TLR3/EFTUD2/MYO6/NOS2/CYP26B1/FMO1/BECN1/BCL2/NR1I2/FZD3/RELA/JUN/ABCC6/UGT1A9/NFATC2/SLC19A1/ROGDI/SULT1A4/DRD1/CD69/CCND1/ALAD/LCK/PCNA/MMP7/SUFU/CAT/GSTP1/GPLD1/ATR/KCNJ11/SLC6A2/PRICKLE1/HSD11B2/ABCC1/CTNNB1/MDM2/ACACB/GABRB3/MAP1B/RAD54B/PARP4/PRKN/LCN2/AGPAT2/FECH","GO_BP"
"GOBP_ACTIN_FILAMENT_ORGANIZATION","GOBP_ACTIN_FILAMENT_ORGANIZATION",393,0.358356715820556,1.48489877690573,0.000181925670175258,0.0105674108416616,0.00928187369861029,3022,"tags=30%, list=22%, signal=24%","PRKCE/FAT1/NEB/DMTN/SPTBN5/MYO5A/GSN/SHROOM3/HDAC6/GRB2/PPP1R9B/SRC/MYO5B/TCAP/MYO1D/MTOR/CAPG/SYNPO/FRMD7/HIP1R/PRKCI/TPM1/PIK3R2/SLIT2/CFL1/PHACTR1/HSP90B1/TAGLN2/LCP1/F2RL1/CCDC88A/WASHC5/SVIL/PAK2/MYO6/SHTN1/CORO1C/ACTR2/MYO7A/CAPZB/CORO1A/RHOQ/BCL2/DPYSL3/FMN1/MYO1A/RHOF/RAC3/FLII/SPTAN1/CDC42/ARFIP1/TRPV4/PLEK/CDC42EP3/VASP/ABI1/MICALL2/MTSS1/INPPL1/CRACD/BIN3/ZYX/RHOBTB1/TPM3/EPHA1/TLE6/CYFIP1/WASF3/WIPF3/ARHGAP25/RAC2/CAP1/MYO1C/PDLIM3/KIRREL1/ASB2/ARPC5/ACTR3/PRKN/TTN/ARHGEF2/CARMIL2/TJP1/PLEC/CALD1/CARMIL1/FLNA/PFN1/HIP1/PREX1/MYO7B/MYO1G/CCL24/SLC9A1/SH3BP1/TMSB4X/MYO5C/KPTN/CGNL1/WDR1/CORO7/WHAMM/WIPF1/ARHGEF18/CCL21/RHOA/NEBL/ARPC1B/MLST8/SPIRE1/CYRIB/MICAL1/ABITRAM/KANK2/SPTBN1","GO_BP"
"GOBP_POSITIVE_REGULATION_OF_CELL_CYCLE_PROCESS","GOBP_POSITIVE_REGULATION_OF_CELL_CYCLE_PROCESS",211,0.415557548381982,1.61751537104706,0.000238052201255294,0.0136589708159287,0.0119973420042142,2592,"tags=29%, list=19%, signal=24%","PRKCE/TP63/ATAD5/NPM2/PRAP1/CD28/RPTOR/CHEK2/SMPD3/CDC6/NCAPG/IL1B/PDGFRB/FEN1/TGFA/RRM2B/POC1A/DLGAP5/RRM2/WNK1/TBX20/CCND2/SMC2/RACGAP1/SVIL/NUSAP1/EIF4G1/DTL/RRM1/BECN1/BIRC5/KIF14/PLK4/MACROH2A1/ESPL1/CCND1/XRCC3/CDC42/WNT5A/KLHL18/ECT2/CDC16/MAD2L1/DYNC1H1/ANKRD17/MTBP/RAD51B/MDM2/KIF3B/SPAST/NUP62/TPR/DBF4/CDC25A/NDC80/EZH2/BUB1/GPSM2/CDCA5/CDC23/CDC7","GO_BP"
"GOBP_PROTEIN_STABILIZATION","GOBP_PROTEIN_STABILIZATION",221,-0.410630768201409,-1.55727169433552,0.000241837242650931,0.0137089665864172,0.0120412557342746,1666,"tags=19%, list=12%, signal=17%","CCT3/TMEM88/CCT8/PIH1D1/BAG2/CRTAP/ATP1B2/DSG1/DCAF11/TBL1X/PEX19/ATP1B1/CBLC/PTGES3/BAG1/TAF9B/SMO/CCT4/TCP1/CREBL2/CHP1/PARK7/PFDN6/DNLZ/MORC3/HSPA1B/IGF1/DVL1/RPS7/STUB1/PLPP3/CLU/HSPA1A/RPL23/UXT/NPM1/APOA2/EFNA1/RPL11/NOP53/RPL5","GO_BP"
"GOBP_COLLAGEN_ACTIVATED_SIGNALING_PATHWAY","GOBP_COLLAGEN_ACTIVATED_SIGNALING_PATHWAY",14,0.812037351430602,1.90183126642544,0.00024601595302307,0.0137798221306374,0.0121034916236663,764,"tags=36%, list=6%, signal=34%","COL4A5/COL1A1/ITGA11/COL4A3/SYK","GO_BP"
"GOBP_MONONUCLEAR_CELL_DIFFERENTIATION","GOBP_MONONUCLEAR_CELL_DIFFERENTIATION",448,0.342424131817583,1.43431844797762,0.000251935942314098,0.0139453953951509,0.0122489227185777,1972,"tags=23%, list=14%, signal=20%","FANCD2/TREM2/MMP9/FOS/LIF/MMP14/GAS6/STAT3/BTN2A2/PRKDC/CD28/ENTPD7/CD83/UBD/RUNX1/MTOR/IL1B/PIK3R2/JUNB/CRACR2A/SOCS3/ERBB2/HMGB3/CD79A/LGALS9/SLC39A7/SLAMF8/LGALS3/LRRC8A/ITGA4/BAK1/CD3E/VSIR/F2RL1/MS4A1/IL2RG/CLEC4E/ACTB/RIPK1/FASN/SYK/TRIB1/RUNX3/SPI1/CYP26B1/DOCK11/PIK3R3/ADAM8/GAB3/ZMIZ1/BCL2/SPN/CD8A/SASH3/DHRS2/TCIRG1/AZI2/BTK/DCAF1/JUN/THEMIS/ARID3C/DOCK10/SMARCA4/IL7/ITGB8/CD69/JAG2/POLM/TAOK3/RABL3/CLPTM1/CDC42/UCP2/PTPRC/BCL6/LCK/VNN1/NFAM1/CCL19/EOMES/SLAMF6/THOC5/CASP8/RC3H1/BCL3/BRD7/RIPK2/AP3D1/SOS1/TESPA1/GLI2/GATA2/CARD11/TNFRSF9/SMARCD2/TMEM98/TRPM2/CTNNB1/ARID2/TNFSF13B/MSH2","GO_BP"
"GOBP_DNA_RECOMBINATION","GOBP_DNA_RECOMBINATION",291,0.37505426568645,1.51459852628178,0.000261871867391556,0.0141621509893939,0.0124393097565547,2240,"tags=23%, list=16%, signal=20%","FANCD2/TRRAP/ATAD5/PRKDC/GINS2/ZFYVE26/CD28/TOP2A/POLQ/MLH1/RECQL4/SETX/TRIP13/FANCM/XRCC2/FEN1/HMGB3/NABP1/PCYT1A/MCM2/PSMD14/MCM4/ACTB/H1-5/CHEK1/RIF1/ACTR2/RMI2/SLX4/KPNA2/EP400/TEP1/HELB/TONSL/SANBR/MCM6/MORF4L2/UHRF1/DCAF1/FIGNL1/SUPT6H/XRCC3/POLM/SMCHD1/C1QBP/PTPRC/BCL6/KPNA1/AP5S1/NBN/RNF8/EME2/TOP3A/HTATSF1/RAD51B/BRME1/ARID2/MSH2/PLK1/RAD54B/CGAS/MEAF6/BCL11B/H1-0/DCLRE1C/PIAS4/REC8/TBX21","GO_BP"
"GOBP_PROTEIN_LOCALIZATION_TO_EXTRACELLULAR_REGION","GOBP_PROTEIN_LOCALIZATION_TO_EXTRACELLULAR_REGION",292,0.37017203013843,1.49668458408079,0.000260156549482878,0.0141621509893939,0.0124393097565547,2398,"tags=26%, list=17%, signal=22%","PRKCE/GCK/LTBP2/OLFM2/SYT7/TREM2/SEC24A/PTPN11/COMT/RHBDD3/PCLO/CFTR/KCNB1/AFM/IL1B/LRRC8A/CDK16/F2RL1/AP1B1/NADK/RHBDF1/IDH2/NOS2/ADAM8/GJA5/FOXA2/EIPR1/ACHE/ILDR2/TCIRG1/ITPR1/AP1G1/SNAP25/FBN1/DNM1L/OSBP/ARFIP1/UCP2/PPARD/PLEK/PDIA4/MON1A/CLSTN3/TMED10/DPH3/CAMK2G/SAA1/PAFAH1B1/CLTRN/GSDMD/PLA2G6/GPLD1/GNPTAB/BMP6/KCNJ11/HMGCR/PCSK5/CCL5/CPLX1/CLOCK/TMED2/ACSL4/SLC8B1/COPG1/REST/PRKN/TTN/ANO1/CANX/TLR4/PFKL/COPG2/FKBP1B/UNC13B/ZBED6","GO_BP"
"GOBP_EXOCYTOSIS","GOBP_EXOCYTOSIS",283,0.37663828008787,1.5192733644843,0.000268892776802152,0.014376596759706,0.0126276679632207,2702,"tags=27%, list=20%, signal=22%","CASK/SYT7/ABCC4/ATP2A2/TMEM63B/PCLO/PPP3CA/CFTR/KCNB1/CCL3/SMPD3/RABEPK/RAB26/LGALS9/APOLD1/STX17/CDK16/F2RL1/TXLNA/VPS18/STXBP5/ATP9A/SYK/SPHK2/SPI1/STX2/PTGDS/CORO1A/SV2B/PTGDR/ARFGEF2/BTK/RAB2B/SACM1L/AP1G1/SNAP25/ZP3/HYAL3/FGR/PLEK/RIMS3/GAB2/SYP/TMED10/SYT12/CLTRN/STX3/RAB21/GATA2/WIPF3/CCL5/RAC2/CPLX1/SYT13/STXBP1/SEPTIN1/SNAP47/REST/PRKN/SYT15/LAMP1/CD84/FES/UNC13B/EFR3A/HLA-F/RAB7A/MYO1G/RAB31/CCR2/STX11/ADGRE2/SYTL1/LAT2/SYT9/NKG7","GO_BP"
"GOBP_GOLGI_VESICLE_TRANSPORT","GOBP_GOLGI_VESICLE_TRANSPORT",300,0.369398214299117,1.49887235454257,0.000276095261895067,0.014595822552992,0.0128202246978123,2975,"tags=31%, list=22%, signal=25%","SEC31A/KDELR3/MYO5A/SEC24A/ARF3/OPTN/COPB2/ATL3/GOSR2/RAB26/PRKCI/RSC1A1/AP1G2/P4HB/STX17/COG1/RAB34/RAB2A/STXBP5/ATP9A/RAB6A/RAB6B/CREB3L2/GOLGA5/AMN/SEC23B/ERGIC1/VPS13C/TMED3/WIPI1/TRAPPC10/TRAPPC9/YIF1B/KDELR2/ARFGEF2/RAB1A/USO1/AP1G1/SEC16A/COPA/ARF4/SEC16B/TMED10/KRT18/EPS15/ZW10/AP3S2/SAR1B/SEC24C/AP3D1/VCP/VPS41/COPZ2/VAPB/TMED2/SEC23A/SEC22B/HTT/PKDCC/SPAST/COPG1/HYOU1/ANK3/TAPBP/LAMP1/ATP2C1/AP4M1/SCFD1/TRAPPC13/COPG2/VTI1A/SORL1/BNIP1/LMAN1/LAPTM5/COG5/PREB/RAB31/TMED5/TFG/RAB7B/CORO7/WHAMM/KIF16B/CTAGE4/SORT1/MACF1/GBF1/LRRK2/TMED9/SGSM2/SPIRE1","GO_BP"
"GOBP_RESPONSE_TO_BACTERIUM","GOBP_RESPONSE_TO_BACTERIUM",499,0.340501163544919,1.44105635586788,0.000285659762884503,0.0149336576041288,0.0131169617436791,2375,"tags=23%, list=17%, signal=20%","PRKCE/HMCN1/FABP4/S100A14/LGALS4/DEFB132/TREM2/RNF213/PTPN11/MMP9/SERPINE1/CXCL9/FOS/CTSG/SIGIRR/E2F1/CASP1/DAO/OPTN/HPGD/SRR/CXCL10/CASP9/CD24/DHX58/MLH1/IL1B/TREM1/CDH1/GSTCD/LGALS9/SCARB1/LYZ/CAPN2/SLAMF8/TAB2/S100A9/LPL/F2RL1/THBD/CXCL2/MS4A1/EMILIN2/CLEC4E/SYK/ZNFX1/CARD16/TIRAP/PPBP/TRIB1/TLR3/SPI1/NOS2/C4B/FMO1/MAP3K7/PLAA/NR1I2/SPN/SSC5D/SHPK/LDOC1/RAB1A/BTK/RELA/TRIM5/CLDN1/DAB2IP/GBP7/PPARD/FGR/WNT5A/ALAD/VIM/MMP7/FCGR1A/CD6/OAS3/GSTP1/CASP8/GSDMD/PLA2G6/BCL3/CASP4/RIPK2/MAPKBP1/MIF/GBP2/ANKRD17/BMP6/CUBN/TSLP/CTR9/CMPK2/PALM3/CRP/IL18BP/SBNO2/AQP1/TBK1/HAVCR2/LCN2/H2BC10/CD96/JCHAIN/TLR5/LEAP2/H2BC12/CCR5/TLR4/HADHB/NLRP6/MARCHF2/MR1","GO_BP"
"GOBP_CELLULAR_RESPONSE_TO_BIOTIC_STIMULUS","GOBP_CELLULAR_RESPONSE_TO_BIOTIC_STIMULUS",211,0.41066096585991,1.59845592302141,0.000293087519239207,0.0151535909672579,0.0133101399714648,2346,"tags=25%, list=17%, signal=21%","PRKCE/TREM2/PTPN11/MMP9/SERPINE1/CXCL9/CTSG/SIGIRR/CASP1/CXCL10/IL1B/SCARB1/CAPN2/HSPA5/SYK/CARD16/TIRAP/PPBP/TRIB1/SPI1/NOS2/APAF1/SLX4/PLAA/NR1I2/SHPK/LDOC1/BTK/RELA/TRIM5/GSK3B/DAB2IP/PPARD/WNT5A/VIM/CD6/EIF2AK3/GSTP1/RIPK2/MIF/GBP2/BMP6/CTR9/CMPK2/SBNO2/HAVCR2/LCN2/TLR5/CCR5/TLR4/HADHB/ZMPSTE24","GO_BP"
"GOBP_NUCLEOSIDE_DIPHOSPHATE_METABOLIC_PROCESS","GOBP_NUCLEOSIDE_DIPHOSPHATE_METABOLIC_PROCESS",120,0.465054119586247,1.67549284319212,0.000311067171674356,0.0159083808992157,0.0139731088786444,2824,"tags=34%, list=20%, signal=27%","CASK/GCK/MTCH2/SRC/STAT3/ENO3/RPTOR/PKLR/ENTPD7/AK4/MTOR/GAPDH/PKM/RRM2B/RRM2/ENO2/ARNT/CAD/PGAM1/RRM1/ENTPD5/GPD1/UCP2/DDIT4/CARD11/CMPK2/HK3/ENTPD4/PFKL/FBP1/OGDH/OGT/UMPS/HIF1A/FOXK1/ENTPD1/LDHA/GPI/CMPK1/NUDT5/PRKACA","GO_BP"
"GOBP_FC_RECEPTOR_SIGNALING_PATHWAY","GOBP_FC_RECEPTOR_SIGNALING_PATHWAY",54,0.574207587642975,1.80990742892349,0.000321904349082934,0.016285590993927,0.0143044309507595,1757,"tags=30%, list=13%, signal=26%","PRKCE/SRC/FCGR2A/FCGR3B/CLEC4E/SYK/PLCG1/NOS2/MAP3K7/BTK/FGR/LCK/FCGR1A/PLA2G6/SOS1/PIGR","GO_BP"
"GOBP_AMEBOIDAL_TYPE_CELL_MIGRATION","GOBP_AMEBOIDAL_TYPE_CELL_MIGRATION",210,0.398901312235407,1.5516880969903,0.000328157012416635,0.0164253057810667,0.0144271492804894,1424,"tags=16%, list=10%, signal=15%","PRKCE/DMTN/LAMA5/HDAC6/PTPN11/MMP9/MAP4K4/CALR/SRC/ITGA3/EPPK1/GNA12/MTOR/MEGF8/SEMA4D/ACVR1B/TNS1/SEMA3B/CFL1/ITGA4/MMP2/PLCG1/SOX9/CORO1C/WDPCP/CORO1A/JUN/CAPN7/DAB2IP/CDC42/PPARD/C1QBP/WNT5A/ANLN","GO_BP"
"GOBP_REGULATION_OF_TRANSLATIONAL_INITIATION","GOBP_REGULATION_OF_TRANSLATIONAL_INITIATION",77,-0.522518436710323,-1.73582041104697,0.000336148437668051,0.0164743793058171,0.0144702529570195,2013,"tags=27%, list=15%, signal=23%","KHDRBS1/POLR2G/EIF4EBP1/BZW2/EIF1/EIF4H/EIF3K/HABP4/CSDE1/FMR1/PAIP2/PAIP2B/ATF4/EIF5/EIF4A2/EIF3H/NPM1/EIF4EBP3/EIF4B/RPL13A/EIF3E","GO_BP"
"GOBP_POSITIVE_REGULATION_OF_TUMOR_NECROSIS_FACTOR_SUPERFAMILY_CYTOKINE_PRODUCTION","GOBP_POSITIVE_REGULATION_OF_TUMOR_NECROSIS_FACTOR_SUPERFAMILY_CYTOKINE_PRODUCTION",93,0.482155502075348,1.66757540346797,0.000334889874842119,0.0164743793058171,0.0144702529570195,3666,"tags=46%, list=27%, signal=34%","PTPN11/STAT3/CCL3/LGALS9/FCGR2A/LPL/RIPK1/SYK/TIRAP/TLR3/SPHK2/ADAM8/SPN/TMEM106A/SASH3/ARFGEF2/BTK/IFIH1/WNT5A/PTPRC/CCL19/FCGR1A/OAS3/RIPK2/MIF/HAVCR2/ARHGEF2/TLR4/PTPRJ/CCR2/LRRK2/SETD4/EPHB2/IFNGR1/ORM2/TYROBP/DHX9/OAS2/FCER1G/MAPKAPK2/CD2/LY96/PIK3R1","GO_BP"
"GOBP_REGULATION_OF_LYMPHOCYTE_ACTIVATION","GOBP_REGULATION_OF_LYMPHOCYTE_ACTIVATION",439,0.33853329264645,1.41317974455331,0.000339641826283583,0.0164743793058171,0.0144702529570195,1972,"tags=21%, list=14%, signal=18%","FANCD2/PTPN11/ATAD5/CTSG/SRC/MMP14/GAS6/RHBDD3/CDKN1A/BTN2A2/PPP3CA/PRKDC/CD28/CD24/TNFSF14/MZB1/CD83/RUNX1/MTOR/MLH1/IL1B/JUNB/THY1/ERBB2/HMGB3/LGALS9/GPNMB/SLAMF8/LGALS3/CD3E/VSIR/DOCK8/CD5/IL2RG/ACTB/SYK/TIRAP/EFNB3/RUNX3/SPI1/SIRPB1/RIF1/CYP26B1/ADAM8/CORO1A/ILDR2/ZMIZ1/RIPOR2/BCL2/CCDC88B/SPN/MAPK8IP1/SASH3/BTK/HFE/NFATC2/ZP3/SMARCA4/IL7/SUPT6H/CD69/CLPTM1/FGR/FBXO38/PTPRC/BCL6/IL20RB/LCK/VNN1/NFAM1/TBC1D10C/ZNF335/CCL19/CD6/RC3H1/BRD7/RIPK2/MIF/AP3D1/SOS1/TESPA1/GLI2/CARD11/CCL5/TNFRSF9/RAC2/SMARCD2/CTNNB1/ARID2/TNFSF13B/MSH2","GO_BP"
"GOBP_PROTEIN_NEDDYLATION","GOBP_PROTEIN_NEDDYLATION",26,-0.698613331915252,-1.889925918402,0.000365547812760593,0.0175500250922305,0.0154150452513221,142,"tags=19%, list=1%, signal=19%","RNF7/EPAS1/DCUN1D4/RPL11/RPL5","GO_BP"
"GOBP_PURINE_NUCLEOTIDE_BIOSYNTHETIC_PROCESS","GOBP_PURINE_NUCLEOTIDE_BIOSYNTHETIC_PROCESS",169,-0.43256743539957,-1.58448948524327,0.000385352297883227,0.0183139652680867,0.0160860512651733,2490,"tags=36%, list=18%, signal=30%","NDUFS5/NPR2/DMAC2L/ATP5F1D/ADCY9/ATP5MJ/FAM3A/NDUFA5/NDUFV2/PPARA/PRPS2/ATP5MF/ATP5F1E/NDUFA8/NDUFV1/SDHD/NAMPT/NDUFC1/NDUFB5/ADCY10/NDUFB6/NADK2/NDUFS7/PRPSAP2/GUK1/NDUFB1/NDUFA3/NDUFB4/KMO/STOML2/ATP5PO/NUDT2/LETMD1/NDUFB10/NDUFA11/GUCY1A2/NDUFS3/ATP5PD/NDUFA12/NDUFB7/NDUFB11/NDUFA6/ATP5IF1/NDUFC2/ACMSD/KYNU/NDUFA1/ATP5ME/NDUFA2/UQCC3/APRT/HAAO/IMPDH2/NDUFS4/NDUFB9/NMNAT3/NDUFA13/ATP5MC2/NDUFB8/GMPS/HPRT1","GO_BP"
"GOBP_B_CELL_ACTIVATION","GOBP_B_CELL_ACTIVATION",229,0.400289447259571,1.56967335174786,0.000392609744708111,0.0184722884885166,0.016225114291832,2574,"tags=28%, list=19%, signal=23%","ATAD5/MMP14/CDKN1A/PRKDC/CD28/MZB1/MLH1/PIK3R2/HMGB3/CD79A/PCYT1A/SLC39A7/SLAMF8/LRRC8A/ITGA4/BAK1/TXLNA/MS4A1/IL2RG/SYK/TIRAP/SPI1/RIF1/DOCK11/PIK3R3/BCL2/SASH3/SANBR/TCIRG1/BTK/DCAF1/NFATC2/DOCK10/IL7/SUPT6H/POLM/TAOK3/RABL3/PTPRC/BCL6/NFAM1/TBC1D10C/NBN/CASP8/RNF8/RC3H1/BCL3/CHRNA4/MIF/GAPT/CARD11/TNFSF13B/MSH2/AKAP17A/DCLRE1C/TBX21/TLR4/SLC39A10/EZH2/LAPTM5/ONECUT1/PTPRJ/AKIRIN2/IKZF3/FOSL2","GO_BP"
"GOBP_NEGATIVE_REGULATION_OF_TRANSLATIONAL_INITIATION","GOBP_NEGATIVE_REGULATION_OF_TRANSLATIONAL_INITIATION",23,-0.713198882911249,-1.85910995365419,0.000398519354423471,0.0185646887382419,0.0163062739496253,886,"tags=30%, list=6%, signal=29%","FMR1/PAIP2/PAIP2B/ATF4/EIF4EBP3/RPL13A/EIF3E","GO_BP"
"GOBP_T_CELL_ACTIVATION","GOBP_T_CELL_ACTIVATION",500,0.336296835457901,1.42304299685865,0.000406210544178368,0.0187374569643061,0.0164580247311071,2115,"tags=21%, list=15%, signal=19%","JAML/FANCD2/CD151/GSN/TREM2/MSN/PTPN11/GRB2/CTSG/SRC/STAT3/BTN2A2/PPP3CA/PRKDC/CD28/ENTPD7/CD24/TNFSF14/CD83/RUNX1/MTOR/IL1B/PIK3R2/JUNB/CRACR2A/THY1/SOCS3/SLAMF7/ERBB2/LGALS9/GPNMB/LGALS3/LCP1/APBB1IP/CD3E/VSIR/F2RL1/DOCK8/CD5/IL2RG/CLEC4E/ACTB/SYK/EFNB3/RUNX3/SPI1/SIRPB1/CYP26B1/PIK3R3/ADAM8/CORO1A/ILDR2/ZMIZ1/RIPOR2/BCL2/CCDC88B/SPN/CD8A/MAPK8IP1/SASH3/TCIRG1/AZI2/HFE/THEMIS/PLXNA1/ZP3/SMARCA4/IL7/CD69/JAG2/RABL3/CLPTM1/FBXO38/PTPRC/BCL6/IL20RB/LCK/VNN1/CCL19/EOMES/CD6/SLAMF6/CASP8/RC3H1/BCL3/BRD7/RIPK2/AP3D1/SOS1/TESPA1/GLI2/CARD11/CCL5/TNFRSF9/RAC2/CD44/SMARCD2/TMEM98/WDFY4/CTNNB1/ARID2/TNFSF13B/TBK1/CGAS/ICAM1/HAVCR2/BCL11B","GO_BP"
"GOBP_LAMELLIPODIUM_ORGANIZATION","GOBP_LAMELLIPODIUM_ORGANIZATION",84,0.516561023492038,1.74909892592233,0.000442656842180517,0.0202203926452362,0.0177605596566245,2504,"tags=33%, list=18%, signal=27%","MYO9B/DMTN/SRC/PLCE1/MTOR/FRMD7/SLIT2/CFL1/AUTS2/CCDC88A/AJUBA/CORO1C/ACTR2/CAPZB/NUP85/CDC42/ABI1/BIN3/CYFIP1/WASF3/RAC2/CD44/ABLIM1/ACTR3/CARMIL2/CARMIL1/PTPRO/VCL","GO_BP"
"GOBP_AMINO_ACID_CATABOLIC_PROCESS","GOBP_AMINO_ACID_CATABOLIC_PROCESS",104,-0.48822394738433,-1.68869214645625,0.000452703544852641,0.0204804824858815,0.0179890092823023,1349,"tags=32%, list=10%, signal=29%","AMT/BLMH/HMGCL/KMO/PRODH2/AGXT/GPT2/SARDH/SDS/ADHFE1/ETFB/TAT/AASS/ABAT/GLS2/ACMSD/AGXT2/KYNU/HPD/SCLY/HYKK/MAT1A/AADAT/HAAO/SLC25A21/PPM1K/HNMT/GCAT/GOT1/OAT/ALDH6A1/ACADSB/AMDHD1","GO_BP"
"GOBP_POSITIVE_REGULATION_OF_CELL_ACTIVATION","GOBP_POSITIVE_REGULATION_OF_CELL_ACTIVATION",328,0.35878520148968,1.46553012041306,0.000457444932676525,0.0204978896023148,0.0180042988038901,1972,"tags=22%, list=14%, signal=20%","TREM2/PTPN11/ATAD5/SRC/MMP14/GAS6/CDKN1A/BTN2A2/PPP3CA/PRKDC/CD28/CCL3/CD24/TNFSF14/CD83/RUNX1/MTOR/MLH1/IL1B/THY1/LGALS9/CD3E/VSIR/DOCK8/RPS6KA1/CD5/IL2RG/ACTB/SYK/TIRAP/EFNB3/RUNX3/CTSC/SPHK2/SPI1/SIRPB1/RIF1/ADAM8/CORO1A/ZMIZ1/BCL2/CCDC88B/SPN/SASH3/BTK/NFATC2/ZP3/SMARCA4/IL7/PLEK/FBXO38/WNT5A/PTPRC/BCL6/LCK/VNN1/ZNF335/CCL19/CD6/BRD7/RIPK2/MIF/TTBK1/AP3D1/TESPA1/GLI2/CARD11/CCL5/TSLP/SMARCD2/ARID2/TNFSF13B/MSH2","GO_BP"
"GOBP_REGULATION_OF_SIGNAL_TRANSDUCTION_BY_P53_CLASS_MEDIATOR","GOBP_REGULATION_OF_SIGNAL_TRANSDUCTION_BY_P53_CLASS_MEDIATOR",107,-0.486985125617867,-1.69371196972183,0.000514034008990972,0.0228163208707785,0.0200406903604623,1166,"tags=17%, list=8%, signal=16%","ARMC10/SNAI2/SPRED2/TAF9B/RPF2/SPRED1/UBB/SIRT1/RPS7/RPS20/RPL23/NPM1/RPS15/RPL26/RPL11/RPL37/NOP53/RPL5","GO_BP"
"GOBP_REGULATION_OF_HEMOPOIESIS","GOBP_REGULATION_OF_HEMOPOIESIS",367,0.351572322564004,1.4456967299978,0.000520748606345979,0.0228983382510078,0.0201127302362451,3743,"tags=38%, list=27%, signal=28%","FANCD2/TREM2/FOS/LIF/MMP14/GAS6/STAT3/BTN2A2/PPP3CA/PRKDC/CD28/CCL3/RPTOR/CD83/RUNX1/MTOR/TSC22D1/ACVR1B/TFE3/JUNB/ERBB2/HMGB3/LGALS9/SLAMF8/LGALS3/H4C1/VSIR/IL2RG/ACTB/RIPK1/ARNT/SYK/TRIB1/RUNX3/TLR3/SPI1/CYP26B1/ADAM8/ZMIZ1/SASH3/BTK/FBN1/ABCB10/SMARCA4/IL7/CD69/EVI2B/TAOK3/CLPTM1/PTPRC/ZNF675/BCL6/LCK/VNN1/NFAM1/CCL19/CASP8/RC3H1/BRD7/RIPK2/GPR137/LILRB3/AP3D1/SOS1/TESPA1/GLI2/GATA2/CARD11/TAL1/SMARCD2/CTR9/CTNNB1/ARID2/FSTL3/CSF3R/EEIG1/MEAF6/LRRC17/TBX21/RASSF2/HLX/TLR4/SENP1/SMARCE1/FES/ACIN1/MITF/HIF1A/GPR68/IKZF3/HSPA9/CCR2/AMBRA1/TCIM/SMARCB1/RAB7B/RBM15/OPA1/JAG1/SMARCA2/LOXL3/CSF1/LTF/RHOA/MEIS1/BRD2/TOX/KLF13/NFKBID/JAK3/NLRP3/H4C13/TMEM64/HLA-DRA/ISG15/HLA-DRB1/TYROBP/RASGRP1/IL7R/CD74/SMAP1/NF1/CD101/PRXL2A/DLL1/IL34/CD27/CD2/CRTAM/ZFPM1/PTPN6/RARG/PIK3R1/CD80/GATA3/KAT2A/ABL1/TCTA/GPR65","GO_BP"
"GOBP_B_CELL_DIFFERENTIATION","GOBP_B_CELL_DIFFERENTIATION",123,0.451866151798862,1.63241959494614,0.000546380129201045,0.0238029491471381,0.0209072942226443,2574,"tags=32%, list=19%, signal=26%","MMP14/PRKDC/PIK3R2/HMGB3/CD79A/SLC39A7/SLAMF8/LRRC8A/ITGA4/BAK1/MS4A1/IL2RG/SYK/SPI1/DOCK11/PIK3R3/BCL2/TCIRG1/BTK/DCAF1/DOCK10/IL7/POLM/TAOK3/RABL3/PTPRC/BCL6/NFAM1/BCL3/CARD11/TNFSF13B/MSH2/DCLRE1C/EZH2/LAPTM5/ONECUT1/PTPRJ/IKZF3/FOSL2","GO_BP"
"GOBP_RENAL_SYSTEM_DEVELOPMENT","GOBP_RENAL_SYSTEM_DEVELOPMENT",270,0.370540951998938,1.4850162871825,0.00055784794750734,0.0240795834222205,0.0211502756341267,2037,"tags=22%, list=15%, signal=19%","COL4A4/NPNT/LAMA5/MMP9/PDGFA/LIF/COMT/ITGA3/ACAT1/HPGD/HEYL/PPP3CA/SEC61A1/CASP9/CD24/PLCE1/GLIS2/SLIT2/PDGFRB/SULF2/FREM2/COL4A3/RRM2B/BICC1/HELLS/PODXL/AP1B1/SOX9/MAGED1/RPGRIP1L/CYP26B1/SMAD1/WDPCP/APAF1/SALL1/PCSK9/SMAD5/ACE/NUP85/BCL2/LAMB2/PDGFRA/FBN1/ADAMTS16/WWTR1/DCHS2/WNT5A/MTSS1/CAT/CEP290/GLI2/PECAM1/BMP6/PCSK5/SERPINF1/PRICKLE1/CTNNB1/ODC1/PTK7/AQP1","GO_BP"
"GOBP_REGULATION_OF_LYMPHOCYTE_CHEMOTAXIS","GOBP_REGULATION_OF_LYMPHOCYTE_CHEMOTAXIS",22,0.709248512954262,1.84881958047845,0.000573686644724433,0.0242347861627403,0.021286597790686,3183,"tags=68%, list=23%, signal=53%","CXCL10/CCL3/TNFSF14/WNK1/PADI2/WNT5A/TMEM102/CCL4/CCL5/SLC8B1/CCR2/CCL2/CCL21/OXSR1/STK39","GO_BP"
"GOBP_MORPHOGENESIS_OF_A_POLARIZED_EPITHELIUM","GOBP_MORPHOGENESIS_OF_A_POLARIZED_EPITHELIUM",46,0.583306171160949,1.78925906614268,0.000576896078687974,0.0242347861627403,0.021286597790686,1630,"tags=28%, list=12%, signal=25%","FAT1/LAMA5/MSN/TP63/INTU/ACTB/RPGRIP1L/WDPCP/FZD3/CDC42/WNT5A/PAFAH1B1/ASTN2","GO_BP"
"GOBP_REGULATION_OF_PROTEIN_UBIQUITINATION","GOBP_REGULATION_OF_PROTEIN_UBIQUITINATION",182,-0.42254937112966,-1.57227507669166,0.000573280432432715,0.0242347861627403,0.021286597790686,1637,"tags=20%, list=12%, signal=18%","CUL3/RNF111/CDK5RAP3/IVNS1ABP/GPS2/AXIN1/BAG2/FBXO4/AMER1/SIAH2/FYN/PDCD6/CAV1/UBXN2A/CHP1/PARK7/CDC14B/BEX4/UBB/HSPA1B/BEX3/TCF25/RPS7/TSPYL5/STUB1/HSPA1A/RPL23/UBE3A/UBXN1/NPM1/WBP1L/RPS2/TTC36/ARRB1/RPS3/RPL11/RPL5","GO_BP"
"GOBP_VESICLE_ORGANIZATION","GOBP_VESICLE_ORGANIZATION",343,0.352177364872971,1.43766907069013,0.00060019943123281,0.0249906046367289,0.021950470116628,3287,"tags=32%, list=24%, signal=25%","ATP6V1B2/SEC31A/SYT7/SEC24A/AKTIP/FNBP1L/HPS5/ATP6V0D1/GOSR2/ZDHHC2/PRKCI/STX17/BACE2/RAB34/RAB2A/AP1B1/VPS18/VPS13B/SRGN/BLOC1S2/WASHC5/CORO1C/SEC23B/STX2/MYO7A/TRAPPC10/TRAPPC9/PI4K2B/CORO1A/BCL2/AGFG1/ALS2/ARFGEF2/RAB1A/USO1/VPS33A/AP1G1/SNAP25/SEC16A/OSBP/SNX10/SPG11/SYP/MICALL2/UBAP1/VPS39/TMED10/TMEM127/RNF26/PAFAH1B1/EPS15/CLTRN/AP1S3/AP3S2/SAR1B/STX3/SEC24C/AP3D1/VPS41/CHMP4A/CPLX1/VAPB/SYT13/TMED2/STXBP1/SEC23A/ATP6V1F/PI4K2A/AQP1/SNAP47/SAMD9/PRKN/AP3M1/RAB5C/TRAPPC13/VTI1A/ATP6V1A/AP3M2/PIKFYVE/PREB/RAB7A/FASLG/ATP6AP2/STX11/TFG/SYT9/RAB7B/PLEKHF1/DNAJC13/SERPINE2/SORT1/HPS4/ATP6V0A1/CAV2/GBF1/LRRK2/TMED9/SRPX/BLOC1S3/RAB20/HID1/S100A10/RAB32/TOM1/PDCD6IP/ANKRD27/SEC13/TGFBRAP1/PLN","GO_BP"
"GOBP_CALCIUM_ION_IMPORT","GOBP_CALCIUM_ION_IMPORT",49,0.574144743852376,1.78065135754316,0.000617036560652429,0.0250272156712903,0.0219826273785974,1945,"tags=33%, list=14%, signal=28%","CASK/GCK/PPP3CA/CCL3/PDGFRB/LGALS3/TRPV1/CACNA1D/MS4A1/SLC24A1/HOMER1/TRPV4/TRPV2/TRPM2/SELENON/CTNNB1","GO_BP"
"GOBP_NEGATIVE_REGULATION_OF_PROTEOLYSIS","GOBP_NEGATIVE_REGULATION_OF_PROTEOLYSIS",117,-0.465890258305924,-1.64143859637823,0.00061699317270611,0.0250272156712903,0.0219826273785974,1447,"tags=23%, list=10%, signal=21%","FETUB/GAS1/USP25/F2/WAC/PSMF1/DDRGK1/PRNP/RYBP/SERPINF2/UBXN2A/PARK7/PSME3IP1/AQP11/PTPN3/QRICH2/RPS7/CST3/EIF3H/RPL23/UBXN1/UFSP2/EFNA1/TTC36/RPL11/NOP53/RPL5","GO_BP"
"GOBP_RESPONSE_TO_MOLECULE_OF_BACTERIAL_ORIGIN","GOBP_RESPONSE_TO_MOLECULE_OF_BACTERIAL_ORIGIN",283,0.367396602396106,1.48199453356735,0.000609853846239669,0.0250272156712903,0.0219826273785974,1979,"tags=21%, list=14%, signal=18%","PRKCE/S100A14/TREM2/PTPN11/MMP9/SERPINE1/CXCL9/FOS/CTSG/SIGIRR/E2F1/CASP1/HPGD/SRR/CXCL10/CASP9/CD24/IL1B/GSTCD/LGALS9/SCARB1/CAPN2/TAB2/THBD/CXCL2/CARD16/TIRAP/PPBP/TRIB1/SPI1/NOS2/C4B/FMO1/PLAA/NR1I2/SSC5D/SHPK/LDOC1/BTK/RELA/TRIM5/CLDN1/DAB2IP/PPARD/WNT5A/ALAD/VIM/CD6/GSTP1/CASP8/RIPK2/MIF/GBP2/BMP6/CTR9/CMPK2/PALM3/IL18BP/SBNO2","GO_BP"
"GOBP_SPINDLE_MIDZONE_ASSEMBLY","GOBP_SPINDLE_MIDZONE_ASSEMBLY",12,0.810234090956757,1.82684610211463,0.000633042319968144,0.0253174305915989,0.0222375373348883,1407,"tags=50%, list=10%, signal=45%","MLH1/KIF4A/RACGAP1/BIRC5/PRC1/CCDC69","GO_BP"
"GOBP_ESTABLISHMENT_OR_MAINTENANCE_OF_CELL_POLARITY","GOBP_ESTABLISHMENT_OR_MAINTENANCE_OF_CELL_POLARITY",208,0.391884475222967,1.5213527056839,0.000634953625889196,0.0253174305915989,0.0222375373348883,2999,"tags=33%, list=22%, signal=26%","FAT1/GSN/MSN/MAP4/CTNNA1/PRKCI/CFL1/LRRC7/DOCK8/MARK2/ACTB/ALPK2/SHTN1/RPGRIP1L/CYP26B1/ACTR2/WWC1/WDPCP/RHOQ/SLC9A6/RIPOR2/PARVG/SPN/TCIRG1/GSK3B/RAC3/MTCL1/CDC42/ARF4/WNT5A/SPINT2/CCL19/PAFAH1B1/INPPL1/SKA2/ZW10/RHOBTB1/MAD2L1/CCL4/RAC2/SIPA1L3/CAP1/PRICKLE1/SFRP5/PTK7/PLK1/MAP1B/AQP1/HTT/ACTR3/CARMIL2/DYNLT1/NDC80/DST/GPSM2/SNX27/SLC9A1/RAP2A/SH3BP1/CD3G/WDR1/CORO7/AMOTL1/GBF1/CCL21/RHOA/CYRIB/LMNA","GO_BP"
"GOBP_REGULATION_OF_KERATINOCYTE_MIGRATION","GOBP_REGULATION_OF_KERATINOCYTE_MIGRATION",12,0.80935260640474,1.8248586066045,0.000651000670414321,0.0257391441537763,0.0226079489787406,364,"tags=33%, list=3%, signal=32%","MMP9/MAP4K4/EPPK1/MTOR","GO_BP"
"GOBP_REGULATION_OF_SYNCYTIUM_FORMATION_BY_PLASMA_MEMBRANE_FUSION","GOBP_REGULATION_OF_SYNCYTIUM_FORMATION_BY_PLASMA_MEMBRANE_FUSION",22,0.704028319532137,1.83521194417547,0.000685623237425932,0.0268601838974739,0.0235926130055333,1231,"tags=41%, list=9%, signal=37%","TREM2/CXCL9/CXCL10/TNFSF14/CAPN2/CD53/RIPOR2/TMEM182/NFATC2","GO_BP"
"GOBP_POSITIVE_REGULATION_OF_HUMORAL_IMMUNE_RESPONSE","GOBP_POSITIVE_REGULATION_OF_HUMORAL_IMMUNE_RESPONSE",10,0.834456223467279,1.79160607586333,0.000705619685483763,0.0268601838974739,0.0235926130055333,1430,"tags=40%, list=10%, signal=36%","TREM2/IL1B/ZP3/PTPRC","GO_BP"
"GOBP_REGULATION_OF_LAMELLIPODIUM_ORGANIZATION","GOBP_REGULATION_OF_LAMELLIPODIUM_ORGANIZATION",46,0.578020726752875,1.7730462609414,0.000702111547811313,0.0268601838974739,0.0235926130055333,2291,"tags=39%, list=17%, signal=33%","DMTN/SRC/PLCE1/MTOR/FRMD7/SLIT2/CFL1/AUTS2/CORO1C/ACTR2/CDC42/BIN3/CYFIP1/RAC2/CD44/ACTR3/CARMIL2/CARMIL1","GO_BP"
"GOBP_CORTICAL_CYTOSKELETON_ORGANIZATION","GOBP_CORTICAL_CYTOSKELETON_ORGANIZATION",55,0.561517054516616,1.7726573362139,0.000713607436170933,0.0268601838974739,0.0235926130055333,2383,"tags=36%, list=17%, signal=30%","EPB41/CALR/KIF21A/PPFIBP1/LCP1/RACGAP1/RHOQ/RAC3/TRPV4/PLEK/CAVIN3/ANLN/PAFAH1B1/ECT2/EPB41L1/RHOBTB1/EPB41L3/RAC2/PLEC/FMNL1","GO_BP"
"GOBP_LYMPHOCYTE_ACTIVATION_INVOLVED_IN_IMMUNE_RESPONSE","GOBP_LYMPHOCYTE_ACTIVATION_INVOLVED_IN_IMMUNE_RESPONSE",188,0.411244487931434,1.57677028691513,0.000708338102519421,0.0268601838974739,0.0235926130055333,2293,"tags=26%, list=17%, signal=22%","TREM2/ATAD5/STAT3/CD28/ENTPD7/MTOR/MLH1/JUNB/CRACR2A/SOCS3/LGALS9/PCYT1A/LGALS3/LCP1/APBB1IP/F2RL1/CLEC4E/SPI1/RIF1/DOCK11/CORO1A/SPN/SANBR/PLXNA1/AP1G1/DOCK10/SUPT6H/CD69/TAOK3/PTPRC/BCL6/NBN/CCL19/EOMES/SLAMF6/RNF8/RC3H1/BCL3/RIPK2/GAPT/TMEM98/MSH2/TBK1/ICAM1/HAVCR2/LAMP1/TBX21/HLX/TLR4","GO_BP"
"GOBP_CYTOKINE_MEDIATED_SIGNALING_PATHWAY","GOBP_CYTOKINE_MEDIATED_SIGNALING_PATHWAY",412,0.340300184076375,1.4116378445811,0.000712734360568431,0.0268601838974739,0.0235926130055333,2588,"tags=25%, list=19%, signal=21%","ACKR3/TREM2/PTPN11/CXCL9/SH2B3/CTSG/SRC/SIGIRR/GAS6/CASP1/TRAF1/STAT3/EDAR/ZBP1/CXCL10/NOL3/CCL3/CD24/PLP2/BIRC3/XCR1/IL21R/IL1B/SLIT2/STAT2/PARP9/SOCS3/P4HB/ADAR/ANXA4/F2RL1/WNK1/KRT8/SOCS4/IL2RG/RIPK1/SYK/ACTN4/CARD16/CDK5R1/CXCR4/SPI1/PADI2/MAP3K7/AZI2/RELA/IFIH1/RNF185/TXNDC17/IL7/FAS/DAB2IP/OSMR/WNT5A/PTPRC/ZNF675/IL20RB/LILRA6/SH2B2/PARP14/CCL19/PAFAH1B1/OAS3/KRT18/GSTP1/CASP8/TRIM56/CASP4/RIPK2/LILRB3/SOS1/CCL4/PTPN1/IFNAR2/CCL5/PLVAP/CD44/TSLP/CTR9/PALM3/TNFSF13B/KRAS/IL17RE/CSF3R/TBK1/IFNGR2/PRKN/AGPAT2/PIAS4/CXCR2/CCR5/HIPK1/NLRP6/EGR1/TRADD/LRP8/CIITA/HIF1A/YTHDF3/RPS6KA4/LAPTM5/PTPRJ/IKBKE/CCL24/CCR2","GO_BP"
"GOBP_NEGATIVE_REGULATION_OF_PROTEASOMAL_PROTEIN_CATABOLIC_PROCESS","GOBP_NEGATIVE_REGULATION_OF_PROTEASOMAL_PROTEIN_CATABOLIC_PROCESS",52,-0.578628257564633,-1.81354193629026,0.00072930737360811,0.0272332634351282,0.0239203070073972,1373,"tags=27%, list=10%, signal=24%","USP25/WAC/PSMF1/DDRGK1/RYBP/UBXN2A/PARK7/PSME3IP1/AQP11/EIF3H/UBXN1/TTC36/RPL11/NOP53","GO_BP"
"GOBP_REGULATION_OF_PROTEIN_DEPOLYMERIZATION","GOBP_REGULATION_OF_PROTEIN_DEPOLYMERIZATION",80,0.498944694029755,1.68806688272801,0.000761845204046189,0.0282242652365143,0.0247907523504794,2771,"tags=36%, list=20%, signal=29%","DMTN/SPTBN5/GSN/HDAC6/KIF21A/CKAP2/NAV3/CAPG/CFL1/F2RL1/SVIL/CAPZB/FLII/SPTAN1/TRPV4/PLEK/BBOF1/CRACD/MID1IP1/MAP1B/ASB2/SPAST/ARHGEF2/CARMIL2/CARMIL1/MAP1A/SH3BP1/CAMSAP2/WDR1","GO_BP"
"GOBP_POSITIVE_REGULATION_OF_T_CELL_MIGRATION","GOBP_POSITIVE_REGULATION_OF_T_CELL_MIGRATION",34,0.640614535943859,1.84524494545069,0.000803601488869942,0.0294922252945693,0.0259044636739145,3183,"tags=56%, list=23%, signal=43%","CXCL10/TNFSF14/P4HB/LGALS9/ITGA4/DOCK8/WNK1/ADAM8/CORO1A/SPN/WNT5A/TMEM102/CCL5/CCR2/CCL21/RHOA/MED23/OXSR1/STK39","GO_BP"
"GOBP_MITOTIC_SPINDLE_ELONGATION","GOBP_MITOTIC_SPINDLE_ELONGATION",10,0.828544067289492,1.77891247417196,0.00081487551292115,0.0294922252945693,0.0259044636739145,1175,"tags=40%, list=9%, signal=37%","KIF4A/RACGAP1/BIRC5/PRC1","GO_BP"
"GOBP_RIBOSE_PHOSPHATE_BIOSYNTHETIC_PROCESS","GOBP_RIBOSE_PHOSPHATE_BIOSYNTHETIC_PROCESS",164,-0.426614506463012,-1.56106704944137,0.000814245322860496,0.0294922252945693,0.0259044636739145,2741,"tags=35%, list=20%, signal=29%","NDUFS5/NPR2/DMAC2L/ATP5F1D/CDA/ADCY9/ATP5MJ/FAM3A/NDUFA5/NDUFV2/PPARA/PRPS2/ATP5MF/ATP5F1E/NDUFA8/NDUFV1/SDHD/UPP1/NDUFC1/NDUFB5/ADCY10/NDUFB6/NDUFS7/PRPSAP2/GUK1/NDUFB1/NDUFA3/UPP2/NDUFB4/STOML2/ATP5PO/NUDT2/LETMD1/NDUFB10/NDUFA11/GUCY1A2/NDUFS3/ATP5PD/NDUFA12/NDUFB7/NDUFB11/NDUFA6/ATP5IF1/NDUFC2/NDUFA1/ATP5ME/NDUFA2/UQCC3/APRT/IMPDH2/NDUFS4/NDUFB9/NDUFA13/UCKL1/ATP5MC2/NDUFB8/GMPS/HPRT1","GO_BP"
"GOBP_REGULATION_OF_PODOSOME_ASSEMBLY","GOBP_REGULATION_OF_PODOSOME_ASSEMBLY",12,0.802257775213096,1.80886179179224,0.000875480557673236,0.0312055759382771,0.027409383328749,584,"tags=42%, list=4%, signal=40%","GSN/MSN/SRC/CAPG/LCP1","GO_BP"
"GOBP_ORGANIC_ACID_CATABOLIC_PROCESS","GOBP_ORGANIC_ACID_CATABOLIC_PROCESS",226,-0.389603426030755,-1.48241636906381,0.000870389736758279,0.0312055759382771,0.027409383328749,1702,"tags=25%, list=12%, signal=22%","HAL/CYP4A11/MPST/CYP4F12/LPIN1/CRYL1/AMT/BLMH/HMGCL/ABHD3/KMO/PRODH2/DCXR/AGXT/AIG1/GPT2/SORD/PM20D2/SARDH/ABCD4/LDHD/SDS/ADHFE1/ETFB/TAT/AASS/ABAT/GLS2/ACOX2/ACMSD/AGXT2/KYNU/HPD/SCLY/HYKK/IRS2/MAT1A/AADAT/HAAO/PCK1/SLC16A1/ABCB11/SLC25A21/PPM1K/FAAH/HNMT/GCAT/GOT1/PON1/GCDH/OAT/PCCA/ALDH6A1/ACADSB/AMDHD1/PON3","GO_BP"
"GOBP_GOLGI_ORGANIZATION","GOBP_GOLGI_ORGANIZATION",143,0.433757982644582,1.60128283179329,0.00088723340169811,0.0313867154510497,0.0275684870207106,2937,"tags=34%, list=21%, signal=27%","SPTBN5/MYO5A/OPTN/STX17/COG1/RAB2A/NPLOC4/KIFC3/YWHAZ/VPS13B/RAB6B/GOLGA5/TMED3/PI4K2B/ATP8B1/RAB1A/RAB2B/USO1/RAB30/HUWE1/SEC16A/CDC42/SEC16B/TMED10/ARMH3/TJAP1/GORASP2/ZW10/CUL7/TMED2/PI4K2A/PLK1/HTT/HACE1/ARL1/VTI1A/LMAN1/COG5/PDE4DIP/ZFP69B/TMED5/CAMSAP2/GOLGA6B/CORO7/GBF1/LRRK2/TMED9/CDK1","GO_BP"
"GOBP_UNSATURATED_FATTY_ACID_BIOSYNTHETIC_PROCESS","GOBP_UNSATURATED_FATTY_ACID_BIOSYNTHETIC_PROCESS",43,0.582493946478768,1.77593692714871,0.000906046730448702,0.0318130587071727,0.0279429651511516,2221,"tags=42%, list=16%, signal=35%","EHHADH/FABP5/SCP2/AKR1C3/IL1B/TMEM135/SCD/PTGDS/PLAA/HSD17B4/PRXL2B/PTGS1/MIF/PTGES2/FADS2/ACSL4/PTGS2/PLA2G4A","GO_BP"
"GOBP_PROTEIN_DEPOLYMERIZATION","GOBP_PROTEIN_DEPOLYMERIZATION",102,0.478991584191029,1.68183483671984,0.000924753540551854,0.0322293733947887,0.0283086346994665,3022,"tags=38%, list=22%, signal=30%","DMTN/SPTBN5/GSN/HDAC6/PPP1R9B/KIF21A/CKAP2/NAV3/CAPG/CFL1/F2RL1/CLTC/SVIL/CAPZB/KIF14/FLII/SPTAN1/TRPV4/PLEK/BBOF1/CRACD/MID1IP1/DNAJC6/KIF19/MAP1B/ASB2/SPAST/NCKAP5L/ARHGEF2/CARMIL2/CARMIL1/MAP1A/SH3BP1/CAMSAP2/WDR1/STMN3/APC/MICAL1/SPTBN1","GO_BP"
"GOBP_DENDRITIC_CELL_CHEMOTAXIS","GOBP_DENDRITIC_CELL_CHEMOTAXIS",22,0.697813913173507,1.81901266289812,0.000965557666761891,0.0331354038634478,0.0291044455658362,2900,"tags=64%, list=21%, signal=50%","CALR/GAS6/LGALS9/SLAMF8/CXCR4/SPI1/C1QBP/CCL19/CCL5/TRPM2/CXCR2/CCR5/CCR2/CCL21","GO_BP"
"GOBP_CHROMOSOME_SEPARATION","GOBP_CHROMOSOME_SEPARATION",72,0.502693606277242,1.67944624820847,0.000971517899272767,0.0331354038634478,0.0291044455658362,3260,"tags=43%, list=24%, signal=33%","PRAP1/BUB1B/NCAPG/TRIP13/DLGAP5/SMC2/BIRC5/ZWINT/ESPL1/XRCC3/CHFR/CDC16/ZW10/SPC24/PRP4K/MAD2L1/TOP3A/PLK1/KNTC1/TPR/NDC80/LCMT1/BUB1/CDC23/NCAPD2/CENATAC/APC/CENPF/GEN1/SMC4/CDK5RAP2","GO_BP"
"GOBP_REGULATION_OF_INTRACELLULAR_TRANSPORT","GOBP_REGULATION_OF_INTRACELLULAR_TRANSPORT",238,0.379226761348593,1.49723345416883,0.000971877945410372,0.0331354038634478,0.0291044455658362,3395,"tags=29%, list=25%, signal=23%","ABCA2/MSN/PTPN11/SRC/GAS6/SCP2/ZIC1/BORCS5/ZDHHC2/IL1B/PIK3R2/DERL3/CDH1/LCP1/PTPN14/SH3TC2/WNK1/ATP9A/NUP58/FRAT1/IWS1/WWC1/PCSK9/EIPR1/MDFIC/GRIPAP1/GSK3B/ARFIP1/SEC16B/SUFU/ECT2/INPP5F/PRP4K/CEP290/PTPN1/DYNC1H1/RAB21/MDM2/UBE2G2/MAP1B/TMEM30B/PRKN/TPR/LAMP1/YWHAB/FLNA/NUS1/SCFD1/AKAP5/SORL1/DENND10/PCNT/EI24/USP7/DNAJC13/XPO4/NEFH/PRKACA/LRRK2/CDK1/EHD1/SPAG5/RDX/EHD2/DHX9/PLN/XPO1/NF1/NUP214/PPP1R12A","GO_BP"
"GOBP_REGULATION_OF_REGULATED_SECRETORY_PATHWAY","GOBP_REGULATION_OF_REGULATED_SECRETORY_PATHWAY",94,0.472948961528923,1.63940204861489,0.00100673283378799,0.0340768200213847,0.0299313374134921,2677,"tags=35%, list=19%, signal=28%","CASK/SYT7/ATP2A2/PPP3CA/KCNB1/LGALS9/F2RL1/VPS18/STXBP5/SYK/SPHK2/SPI1/SV2B/AP1G1/ZP3/HYAL3/FGR/RIMS3/GAB2/SYT12/GATA2/RAC2/SYT13/STXBP1/REST/SYT15/LAMP1/CD84/FES/HLA-F/CCR2/ADGRE2/SYT9","GO_BP"
"GOBP_POSITIVE_REGULATION_OF_INTERLEUKIN_10_PRODUCTION","GOBP_POSITIVE_REGULATION_OF_INTERLEUKIN_10_PRODUCTION",33,0.630668192954159,1.78942097633886,0.0010959765592958,0.0366983677602822,0.0322339709887282,1881,"tags=33%, list=14%, signal=29%","TREM2/STAT3/CD28/CD83/LGALS9/F2RL1/SYK/SASH3/IL20RB/BCL3/TSLP","GO_BP"
"GOBP_REGULATION_OF_PROTEIN_CONTAINING_COMPLEX_DISASSEMBLY","GOBP_REGULATION_OF_PROTEIN_CONTAINING_COMPLEX_DISASSEMBLY",116,0.452464327755669,1.63162982003122,0.00109978105296489,0.0366983677602822,0.0322339709887282,3337,"tags=36%, list=24%, signal=28%","DMTN/SPTBN5/GSN/HDAC6/KIF21A/CKAP2/NAV3/CAPG/SETX/CFL1/F2RL1/WNK1/SVIL/CAPZB/FLII/SPTAN1/TRPV4/PLEK/TMEM39A/BBOF1/CRACD/MID1IP1/MAP1B/ASB2/SCAF4/SPAST/ARHGEF2/CARMIL2/GSPT1/CARMIL1/ZMPSTE24/MAP1A/SH3BP1/CAMSAP2/WDR1/APC/SPTBN1/RDX/TOM1/UBQLN4/TECPR1/TMOD2","GO_BP"
"GOBP_CELLULAR_RESPONSE_TO_MOLECULE_OF_BACTERIAL_ORIGIN","GOBP_CELLULAR_RESPONSE_TO_MOLECULE_OF_BACTERIAL_ORIGIN",186,0.404791243039538,1.55517264261738,0.00115101468345257,0.0381374935608757,0.0334980255540015,2317,"tags=24%, list=17%, signal=20%","PRKCE/TREM2/PTPN11/MMP9/SERPINE1/CXCL9/CTSG/SIGIRR/CASP1/CXCL10/IL1B/SCARB1/CAPN2/CARD16/TIRAP/PPBP/TRIB1/SPI1/NOS2/PLAA/NR1I2/SHPK/LDOC1/RELA/TRIM5/DAB2IP/PPARD/WNT5A/VIM/CD6/GSTP1/RIPK2/MIF/GBP2/BMP6/CTR9/CMPK2/SBNO2/HAVCR2/LCN2/TLR5/CCR5/TLR4/HADHB","GO_BP"
"GOBP_LAMELLIPODIUM_ASSEMBLY","GOBP_LAMELLIPODIUM_ASSEMBLY",66,0.51647281492824,1.68584436214251,0.00119625057791269,0.0393591536299245,0.0345710693329792,2782,"tags=38%, list=20%, signal=30%","DMTN/PLCE1/MTOR/FRMD7/SLIT2/CFL1/AUTS2/CCDC88A/AJUBA/ACTR2/CAPZB/NUP85/CDC42/BIN3/CYFIP1/WASF3/RAC2/ABLIM1/ACTR3/CARMIL2/CARMIL1/PTPRO/VCL/ABLIM2/WHAMM","GO_BP"
"GOBP_CD4_POSITIVE_ALPHA_BETA_T_CELL_ACTIVATION","GOBP_CD4_POSITIVE_ALPHA_BETA_T_CELL_ACTIVATION",113,0.440560928433482,1.58133975079621,0.00120477811869367,0.039364451725373,0.0345757229092934,3250,"tags=35%, list=24%, signal=27%","STAT3/CD28/ENTPD7/CD83/RUNX1/MTOR/JUNB/CRACR2A/SOCS3/LGALS9/CD3E/VSIR/IL2RG/RUNX3/SPN/SASH3/TCIRG1/CD69/BCL6/CCL19/SLAMF6/RC3H1/BCL3/RIPK2/CARD11/TMEM98/TBK1/TBX21/CBLB/HLX/NKG7/OPA1/LOXL3/BRD2/TOX/NFKBID/JAK3/NLRP3/HLA-DRA/HLA-DRB1","GO_BP"
"GOBP_DOUBLE_STRAND_BREAK_REPAIR","GOBP_DOUBLE_STRAND_BREAK_REPAIR",290,0.359802288594937,1.45215179800381,0.00123920035065634,0.0402099148264697,0.0353183344949315,3419,"tags=33%, list=25%, signal=25%","FANCD2/TRRAP/PRKDC/GINS2/ZFYVE26/POLQ/CHEK2/MLH1/RECQL4/SETX/TRIP13/FANCM/PARP9/XRCC2/FEN1/NABP1/MCM2/PSMD14/MCM4/ACTB/CHEK1/RIF1/ACTR2/RMI2/SLX4/EP400/EYA3/HELB/TONSL/MCM6/MORF4L2/UHRF1/FIGNL1/SMARCA4/XRCC3/POLM/SMCHD1/C1QBP/AP5S1/NBN/RNF8/EME2/BRD7/ATR/ATP23/VCP/TOP3A/HTATSF1/SMARCD2/RAD51B/BRME1/ARID2/MSH2/PLK1/RAD54B/CGAS/MEAF6/DCLRE1C/PIAS4/REC8/PPP4R3A/SMARCE1/RUVBL1/ZMYND8/CDCA5/ERCC6L2/TENT4A/CDC7/CYREN/SMARCB1/SLX1A/MCM9/BABAM2/BRCC3/KMT5B/SMARCA2/REV3L/SAMHD1/SMC6/RBBP8/RAD51AP1/SPIRE1/MMS22L/GEN1/UBQLN4/BRCA1/MCM3/DTX3L/MARF1/TP53BP1/WRN/MRE11/PML/DPF3/TOPBP1","GO_BP"
"GOBP_POSITIVE_REGULATION_OF_CALCIUM_ION_IMPORT","GOBP_POSITIVE_REGULATION_OF_CALCIUM_ION_IMPORT",15,0.750292795611719,1.78402305618585,0.00126734718914952,0.0408415652393733,0.035873143940887,698,"tags=40%, list=5%, signal=38%","CASK/PPP3CA/CCL3/PDGFRB/LGALS3/MS4A1","GO_BP"
"GOBP_NEGATIVE_REGULATION_OF_CELL_SUBSTRATE_JUNCTION_ORGANIZATION","GOBP_NEGATIVE_REGULATION_OF_CELL_SUBSTRATE_JUNCTION_ORGANIZATION",15,0.749437389134435,1.78198909706108,0.00132127597107846,0.0417221707645917,0.0366466228361289,873,"tags=27%, list=6%, signal=25%","DMTN/SRC/MMP14/CORO1C","GO_BP"
"GOBP_REGULATION_OF_NEUTROPHIL_MIGRATION","GOBP_REGULATION_OF_NEUTROPHIL_MIGRATION",37,0.596138772551869,1.75628530728654,0.00131360247092649,0.0417221707645917,0.0366466228361289,3428,"tags=49%, list=25%, signal=37%","FUT4/SLIT2/SLAMF8/TIRAP/ADAM8/RIPOR2/CAMK1D/DNM1L/RAC3/C1QBP/CCL19/RAC2/C3AR1/MCU/CCL21/CD74/RTN4/JAM3","GO_BP"
"GOBP_REGULATION_OF_PROTEOLYSIS_INVOLVED_IN_PROTEIN_CATABOLIC_PROCESS","GOBP_REGULATION_OF_PROTEOLYSIS_INVOLVED_IN_PROTEIN_CATABOLIC_PROCESS",222,-0.394968364932015,-1.49567098903398,0.00132053256412405,0.0417221707645917,0.0366466228361289,1418,"tags=18%, list=10%, signal=16%","AXIN1/BAG2/NFE2L2/CDK2/USP25/WAC/PSMF1/DDRGK1/CAV1/RYBP/FMR1/UBXN2A/ATP5IF1/PARK7/ELOB/PSME3IP1/AQP11/UBB/QRICH2/HSPA1B/SIRT1/PTK2/DVL1/RPS7/STUB1/EIF3H/CLU/HSPA1A/RPL23/UBE3A/UBXN1/RACK1/L3MBTL3/UFSP2/EFNA1/TTC36/RPL11/NOP53/RPL5","GO_BP"
"GOBP_LEUKOCYTE_AGGREGATION","GOBP_LEUKOCYTE_AGGREGATION",10,0.812875243884137,1.74527097396477,0.0013450114675649,0.0419091321516084,0.0368108401649342,1876,"tags=70%, list=14%, signal=61%","MSN/SEMA4D/IL1B/STK10/S100A9/RAC2/CD44","GO_BP"
"GOBP_ENDOPLASMIC_RETICULUM_ORGANIZATION","GOBP_ENDOPLASMIC_RETICULUM_ORGANIZATION",94,0.466398593542498,1.61669624403629,0.00133904326518224,0.0419091321516084,0.0368108401649342,2014,"tags=26%, list=15%, signal=22%","SEC31A/DMTN/EMC8/SEC61A1/ATL3/ATL1/REEP4/WNK1/SHTN1/RAB3GAP2/SMPD4/NOMO1/REEP1/LPCAT3/SEC16A/DNM1L/EMC1/SEC16B/EIF2AK3/RTN3/TLE6/VAPB/TMED2/TMEM33","GO_BP"
"GOBP_REGULATION_OF_LAMELLIPODIUM_ASSEMBLY","GOBP_REGULATION_OF_LAMELLIPODIUM_ASSEMBLY",35,0.620659603122162,1.80735894250449,0.00135583650955738,0.0419684919570227,0.0368629787847802,2169,"tags=40%, list=16%, signal=34%","DMTN/PLCE1/MTOR/FRMD7/SLIT2/CFL1/AUTS2/ACTR2/CDC42/BIN3/CYFIP1/RAC2/ACTR3/CARMIL2","GO_BP"
"GOBP_PEPTIDYL_TYROSINE_MODIFICATION","GOBP_PEPTIDYL_TYROSINE_MODIFICATION",106,0.454977608106301,1.60052010411965,0.00140067298575309,0.0427932882984955,0.0375874377448165,1754,"tags=24%, list=13%, signal=21%","DMTN/PTK6/SRC/LIF/ARL2BP/MVP/PDGFRB/DOK7/PARP9/ERBB2/SOCS4/RAP2B/SYK/EPHA3/PDGFRA/BTK/FGR/LCK/ABI1/PARP14/UNC119/INPP5F/RIPK2/TTBK1/PTPN1","GO_BP"
"GOBP_GENERATION_OF_PRECURSOR_METABOLITES_AND_ENERGY","GOBP_GENERATION_OF_PRECURSOR_METABOLITES_AND_ENERGY",422,-0.340394999955274,-1.3882744463794,0.0013937320396373,0.0427932882984955,0.0375874377448165,2056,"tags=23%, list=15%, signal=21%","ATP5MF/INSR/ATP5F1E/NDUFA8/NDUFV1/PGM1/COQ9/MTLN/SDHD/HMGCS2/COX6A1/PPP1CC/NDUFC1/NDUFB5/ADCY10/COX8A/CYC1/FH/NDUFB6/NDUFS7/KAT2B/SHMT2/ALDOB/NDUFB1/COX17/NDUFA3/BCL2L13/NR1D1/EVA1A/UQCRC1/SORBS1/NDUFB4/HMGCL/DERA/SURF1/COX7A2/STOML2/OXA1L/EIF6/ATP5PO/CHCHD2/SLC25A25/SCO2/NDUFB10/COX6B1/VPS54/NDUFA11/TRAP1/NDUFS3/POMC/ATP5PD/ADHFE1/ETFB/P2RX7/OPN3/NDUFA12/BLOC1S1/NDUFB7/NDUFB11/NDUFA6/UQCR10/ATP5IF1/NDUFC2/PARK7/BID/SLC27A5/COX4I1/UQCRH/NDUFA1/ATP5ME/COX7C/NDUFA2/KGD4/UQCC3/IRS2/PPP1R1A/WDR45/STBD1/SLC25A4/UQCRB/GCGR/IGF1/COX6C/NDUFS4/NDUFB9/COA6/ISCU/NDUFA13/IFNAR1/LEPR/NDUFB8/CYP1A2/GRB10/COX5B/KL/NCOR1/PDIA5/PPP1R3G/NOP53","GO_BP"
"GOBP_MYELOID_LEUKOCYTE_ACTIVATION","GOBP_MYELOID_LEUKOCYTE_ACTIVATION",199,0.382359648411414,1.47547215972185,0.00141595372840097,0.0428006400470698,0.0375938951450967,3366,"tags=34%, list=24%, signal=26%","PRKCE/TREM2/PTPN11/CTSG/SRC/HSPA12A/CCL3/UBD/LGALS9/F2RL1/SYK/TLR3/CTSC/SPHK2/SPI1/PTGDS/TMEM106A/LDLR/DHRS2/PTGDR/SHPK/BTK/JUN/ITGB8/FGR/WNT5A/PTPRC/GAB2/PTPRE/MIF/TTBK1/GATA2/CCL5/RAC2/TSLP/STXBP1/SBNO2/IFNGR2/HAVCR2/CST7/PLA2G4A/CD226/CXCR2/CD84/TLR4/FES/PREX1/CCR2/ADGRE2/LAT2/CRTC3/MT1G/STARD7/LAT/CSF1/LRRK2/CD37/CD93/STK39/IFNGR1/GRN/TYROBP/CD300LF/RASGRP1/NMI/CD74/FCER1G/PIK3CD","GO_BP"
"GOBP_REGULATION_OF_TRANS_SYNAPTIC_SIGNALING","GOBP_REGULATION_OF_TRANS_SYNAPTIC_SIGNALING",329,0.339753490902382,1.38722565268706,0.00141910730017915,0.0428006400470698,0.0375938951450967,2824,"tags=26%, list=20%, signal=22%","PRKCE/CASK/SYT7/HDAC6/ATP2A2/FABP5/TBC1D24/STAT3/GRIA3/DLGAP2/PPP3CA/KCNB1/NALCN/ABR/ZDHHC2/CDH11/IL1B/GRID1/CFL1/GRM8/CDH1/PLK2/VPS18/NSMF/STXBP5/SLC24A1/SLC6A6/EFNB3/LAMA2/RAPGEF2/NRXN2/ACE/ACHE/HOMER1/SV2B/MECP2/ATP1A2/GSK3B/SNAP25/DRD1/S1PR2/WNT5A/GRIN3A/RIMS3/SYP/FBXO2/CLSTN3/NTF3/SYT12/CAMK2G/PAFAH1B1/ADORA3/STX3/ABHD6/CYFIP1/HMGCR/CPLX1/SYT13/STXBP1/YWHAH/MDM2/ZDHHC3/CHRDL1/KRAS/MAP1B/MCTP2/PRKN/LZTS1/AKAP5/LRP8/PINK1/PFN1/HIP1/MAP1A/ZMYND8/NTRK2/CCR2/ADRA1A/IQSEC2/TSPOAP1/GABBR1/SLC1A3/CCL2/OXT/NEFH/SERPINE2/PRKACA","GO_BP"
"GOBP_POSITIVE_REGULATION_OF_MITOTIC_CELL_CYCLE","GOBP_POSITIVE_REGULATION_OF_MITOTIC_CELL_CYCLE",112,0.452723362949015,1.62055455594082,0.00148907524708425,0.044063515959317,0.0387031408146493,1948,"tags=23%, list=14%, signal=20%","PTPN11/CCDC57/TTL/PRAP1/RPTOR/CDC6/RRM2B/DLGAP5/RRM2/CCND2/USP22/EIF4G1/DTL/RRM1/BIRC5/ESPL1/CCND1/FOXA1/PAFAH1B1/KLHL18/CDC16/ANKRD17/TAL1/MTBP/RAD51B/MDM2","GO_BP"
"GOBP_NEGATIVE_REGULATION_OF_ORGANELLE_ORGANIZATION","GOBP_NEGATIVE_REGULATION_OF_ORGANELLE_ORGANIZATION",319,0.346951116954918,1.41140598913562,0.00148306551432681,0.044063515959317,0.0387031408146493,3286,"tags=31%, list=24%, signal=24%","DMTN/SPTBN5/GSN/HDAC6/NBDY/PPIF/SRC/MAP4/LIF/PRAP1/NOL3/CKAP2/BUB1B/NAV3/MTOR/CAPG/EVI5L/FRMD7/HIP1R/SLIT2/TRIP13/CFL1/BAK1/TOM1L2/SVIL/PAK2/CHEK1/CAPZB/BECN1/CORO1A/SLX4/EML2/BIRC5/ZWINT/NAT10/ESPL1/HUWE1/FLII/XRCC3/SPTAN1/TMEM39A/TBC1D7/CLSTN3/FEZ2/NBN/BBOF1/CRACD/MID1IP1/IQCJ-SCHIP1/ZW10/SPC24/PRP4K/MAD2L1/MTBP/SEC22B/PLK1/MAP1B/ASB2/PRKN/KNTC1/ARHGEF2/CARMIL2/TPR/TJP1/MPHOSPH9/CARMIL1/SCFD1/PINK1/CTC1/NDC80/LCMT1/BUB1/PFN1/RAB7A/SLX1A/ADCK1/TMSB4X/CAMSAP2/OPA1/CGNL1/SMG6/ARHGEF18/CENATAC/LRRK2/APC/CENPF/CYRIB/LMNA/KANK2/SPTBN1/GEN1/RDX/HNRNPU/BRCA1/WAPL/ANKRD27/CDK5RAP2/XRN1/MPV17L","GO_BP"
"GOBP_REGULATION_OF_VESICLE_MEDIATED_TRANSPORT","GOBP_REGULATION_OF_VESICLE_MEDIATED_TRANSPORT",461,0.324536671380476,1.36329413164016,0.00148585532520978,0.044063515959317,0.0387031408146493,2721,"tags=24%, list=20%, signal=20%","CASK/ABCA2/CD151/SYT7/TREM2/MSN/SERPINE1/ATP2A2/CALR/SRC/GAS6/ABCA7/STAT3/SGIP1/BICD1/PCLO/PPP3CA/CFTR/KCNB1/NEU3/SMPD3/ZDHHC2/RAB26/HIP1R/RSC1A1/NECAB2/LGALS9/SCARB1/LGALS3/FCGR2A/F2RL1/VPS18/STXBP5/ATP9A/IL2RG/ACTB/SYK/SPHK2/SPI1/SIRPB1/C4B/PCSK9/CORO1A/EIPR1/ITGAV/SV2B/FCN1/EPHA3/BTK/RAB2B/HFE/CAMK1D/GRIPAP1/AP1G1/ZP3/HYAL3/CDC42/ARFIP1/FGR/WNT5A/PTPRC/RIMS3/STON2/GAB2/LRP1/NTF3/CCL19/SYT12/FCGR1A/UNC119/INPP5F/ARFGAP1/DNAJC6/PTPN1/RAB21/GATA2/RAC2/CPLX1/SYT13/STXBP1/MDM2/SEPTIN1/PKDCC/REST/PRKN/SYT15/PIK3CB/LAMP1/CCDC32/RAB5C/CD84/ATP2C1/CBLB/LRSAM1/FCN3/SCFD1/FES/AKAP5/SORL1/HIP1/HLA-F/RAB7A/PTPRJ/RAB31/DENND10/CCR2/ADGRE2/SYT9/EHD4/USP7/PLD2/DNAJC13","GO_BP"
"GOBP_ASPARTATE_FAMILY_AMINO_ACID_METABOLIC_PROCESS","GOBP_ASPARTATE_FAMILY_AMINO_ACID_METABOLIC_PROCESS",34,-0.626507671121672,-1.79901462153908,0.00151604246925448,0.0444916418611532,0.0390791847299933,828,"tags=38%, list=6%, signal=36%","MTHFR/PHGDH/AASS/PLOD2/ASPA/ATF4/SMS/MAT1A/AADAT/ADI1/ASS1/GCAT/GOT1","GO_BP"
"GOBP_REGULATION_OF_POST_TRANSLATIONAL_PROTEIN_MODIFICATION","GOBP_REGULATION_OF_POST_TRANSLATIONAL_PROTEIN_MODIFICATION",228,-0.386512380276794,-1.47328056135054,0.00152245575762926,0.0444916418611532,0.0390791847299933,1672,"tags=18%, list=12%, signal=16%","ITCH/EPAS1/CUL3/RNF111/CDK5RAP3/IVNS1ABP/GPS2/AXIN1/BAG2/FBXO4/CRTAP/AMER1/SIAH2/FYN/PDCD6/CAV1/UBXN2A/CHP1/PARK7/CDC14B/BEX4/UBB/HSPA1B/BEX3/TCF25/RPS7/TSPYL5/STUB1/HSPA1A/RPL23/UBE3A/UBXN1/NPM1/DCUN1D4/WBP1L/RPS2/TTC36/ARRB1/RPS3/RPL11/NOP53/RPL5","GO_BP"
"GOBP_RECOMBINATIONAL_REPAIR","GOBP_RECOMBINATIONAL_REPAIR",176,0.401494403003759,1.53240029750116,0.00161380986665173,0.0465826713042723,0.040915838143201,3352,"tags=34%, list=24%, signal=26%","TRRAP/GINS2/ZFYVE26/POLQ/RECQL4/FANCM/XRCC2/FEN1/NABP1/MCM2/PSMD14/MCM4/ACTB/CHEK1/RIF1/ACTR2/RMI2/SLX4/EP400/HELB/TONSL/MCM6/MORF4L2/UHRF1/FIGNL1/XRCC3/SMCHD1/C1QBP/AP5S1/NBN/RNF8/TOP3A/HTATSF1/RAD51B/ARID2/PLK1/RAD54B/CGAS/MEAF6/PIAS4/REC8/RUVBL1/ZMYND8/CDC7/SLX1A/MCM9/HROB/REV3L/SAMHD1/SMC6/RBBP8/RAD51AP1/MMS22L/GEN1/UBQLN4/BRCA1/MCM3/TP53BP1/WRN/MRE11","GO_BP"
"GOBP_MYELOID_LEUKOCYTE_DIFFERENTIATION","GOBP_MYELOID_LEUKOCYTE_DIFFERENTIATION",202,0.379207087161117,1.46953101829342,0.0016114106110025,0.0465826713042723,0.040915838143201,2430,"tags=28%, list=18%, signal=24%","TREM2/MMP9/FOS/SRC/LIF/PPP3CA/CCL3/RPTOR/UBD/RUNX1/MTOR/TFE3/JUNB/LGALS9/CLPB/F2RL1/RIPK1/FASN/TRIB1/TLR3/SPI1/GAB3/DHRS2/TCIRG1/JUN/ARID3C/FBN1/ITGB8/EVI2B/CCN4/TAOK3/CDC42/UCP2/SNX10/ZNF675/GAB2/CCL19/PAFAH1B1/THOC5/CASP8/GPR137/LILRB3/OSTM1/GATA2/BBLN/TAL1/CTNNB1/SRP54/SBNO2/FSTL3/EEIG1/LRRC17/RASSF2/TLR4/FES/ACIN1/MITF","GO_BP"
"GOBP_INTRA_GOLGI_VESICLE_MEDIATED_TRANSPORT","GOBP_INTRA_GOLGI_VESICLE_MEDIATED_TRANSPORT",32,0.624020456908543,1.75716233298419,0.00166087256051251,0.0476488133976303,0.0418522828791535,2483,"tags=41%, list=18%, signal=33%","COPB2/GOSR2/COG1/RAB6A/RAB6B/GOLGA5/TRAPPC10/COPA/COPZ2/COPG1/COPG2/VTI1A/COG5","GO_BP"
"GOBP_POSITIVE_REGULATION_OF_LYMPHOCYTE_CHEMOTAXIS","GOBP_POSITIVE_REGULATION_OF_LYMPHOCYTE_CHEMOTAXIS",16,0.733335354657437,1.75729239300721,0.00169877821539208,0.0476838394416201,0.0418830479663964,3183,"tags=69%, list=23%, signal=53%","CCL3/TNFSF14/WNK1/WNT5A/TMEM102/CCL4/CCL5/CCR2/CCL21/OXSR1/STK39","GO_BP"
"GOBP_CHAPERONE_MEDIATED_PROTEIN_FOLDING","GOBP_CHAPERONE_MEDIATED_PROTEIN_FOLDING",66,-0.516096277369974,-1.67490672934678,0.00167408186264929,0.0476838394416201,0.0418830479663964,2441,"tags=38%, list=18%, signal=31%","CSNK2A1/DNAJB6/HSPA1L/DNAJB1/PFDN2/CCT3/DNAJC7/CCT8/FKBP5/CRTAP/PEX19/PFDN4/PTGES3/BAG1/PFDN1/CCT4/TCP1/PFDN5/PFDN6/FKBP2/FKBP4/HSPA1B/CLU/HSPA1A/ST13","GO_BP"
"GOBP_DNA_TEMPLATED_DNA_REPLICATION","GOBP_DNA_TEMPLATED_DNA_REPLICATION",144,0.411539632355134,1.52317677091457,0.00170263231162427,0.0476838394416201,0.0418830479663964,3503,"tags=35%, list=25%, signal=26%","ATAD5/SLFN11/POLQ/CDC6/FANCM/FAM111A/NYNRIN/FEN1/RFC2/RRM2B/MCM2/TK1/POLE2/MCM4/RRM1/HELB/TONSL/MCM6/RFC3/POLD3/BCL6/DONSON/PCNA/WDR18/NBN/POLD1/ORC6/EME2/ATR/DBF4/ZMPSTE24/CDC7/MCM9/GINS3/REV3L/SAMHD1/RBBP8/POLD2/TWNK/MMS22L/GEN1/PURA/BRCA1/MCM3/WRN/MRE11/TOPBP1/CCNE2/ATRX/DBF4B","GO_BP"
"GOBP_REGULATION_OF_ESTABLISHMENT_OF_PROTEIN_LOCALIZATION","GOBP_REGULATION_OF_ESTABLISHMENT_OF_PROTEIN_LOCALIZATION",451,0.318139825714915,1.33454335939849,0.001702036374168,0.0476838394416201,0.0418830479663964,2409,"tags=23%, list=17%, signal=20%","PRKCE/DMTN/GCK/SYT7/TREM2/SEC24A/HDAC6/PTPN11/ATG13/GAS6/RHBDD3/CFTR/KCNB1/ZIC1/ZDHHC2/IL1B/RSC1A1/PIK3R2/DERL3/ERBB2/CDH1/SREBF2/LRRC8A/LCP1/CDK16/BBC3/PTPN14/SH3TC2/F2RL1/NADK/RHBDF1/IDH2/NUP58/CDK5R1/FRAT1/NOS2/ADAM8/GJA5/FOXA2/EIPR1/ACHE/MDFIC/TCIRG1/ITPR1/NPEPPS/HUWE1/GRIPAP1/GSK3B/SNAP25/DNM1L/MTCL1/OSBP/ARFIP1/UCP2/UBE2J2/PPARD/MICALL2/SEC16B/USP36/TMED10/DPH3/GSK3A/SUFU/SAA1/ECT2/PLA2G6/GPLD1/PRP4K/CEP290/PTPN1/BMP6/KCNJ11/HMGCR/CTSD/CCL5/RAC2/CPLX1/MYO1C/CLOCK/ACSL4/MDM2/SLC8B1/UBE2G2/TMEM30B/PKDCC/REST/PRKN/TTN/TPR/ANK3/ANO1/YWHAB/ATP2C1/TLR4/FLNA/PFKL/SCFD1/KIAA0586/FKBP1B/UNC13B/AKAP5/SORL1/ZBED6/PINK1","GO_BP"
"GOBP_COLLAGEN_ACTIVATED_TYROSINE_KINASE_RECEPTOR_SIGNALING_PATHWAY","GOBP_COLLAGEN_ACTIVATED_TYROSINE_KINASE_RECEPTOR_SIGNALING_PATHWAY",10,0.805221263393616,1.72883761584998,0.00180249220013696,0.0483538671336727,0.0424715660533137,764,"tags=40%, list=6%, signal=38%","COL4A5/COL1A1/COL4A3/SYK","GO_BP"
"GOBP_REGULATION_OF_OSTEOCLAST_DIFFERENTIATION","GOBP_REGULATION_OF_OSTEOCLAST_DIFFERENTIATION",52,0.550224654288414,1.71017686182633,0.00176380445769477,0.0483538671336727,0.0424715660533137,3418,"tags=50%, list=25%, signal=38%","TREM2/FOS/PPP3CA/CCL3/RPTOR/MTOR/TFE3/TLR3/FBN1/ZNF675/GPR137/LILRB3/CTNNB1/FSTL3/EEIG1/LRRC17/RASSF2/TLR4/MITF/GPR68/CSF1/LTF/TMEM64/TYROBP/NF1/PRXL2A","GO_BP"
"GOBP_SMOOTH_MUSCLE_CELL_MIGRATION","GOBP_SMOOTH_MUSCLE_CELL_MIGRATION",63,0.516421579382218,1.66961929018676,0.001816303752306,0.0483538671336727,0.0424715660533137,1948,"tags=33%, list=14%, signal=29%","FAT1/SERPINE1/PDGFA/GNA12/TPM1/SLIT2/PDGFRB/TRIB1/S100A11/MAP3K7/ACE/BCL2/PLXNA1/CCN4/PPARD/LRP1/GSTP1/PTPN1/CCL5/DOCK5/MDM2","GO_BP"
"GOBP_TISSUE_MIGRATION","GOBP_TISSUE_MIGRATION",89,0.483263219667326,1.66118300103948,0.00176459630636231,0.0483538671336727,0.0424715660533137,1424,"tags=22%, list=10%, signal=20%","PRKCE/HDAC6/PTPN11/MMP9/MAP4K4/SRC/ITGA3/EPPK1/MTOR/PLCG1/SOX9/CORO1C/WDPCP/CORO1A/JUN/CAPN7/DAB2IP/PPARD/WNT5A/ANLN","GO_BP"
"GOBP_EXOCYTIC_PROCESS","GOBP_EXOCYTIC_PROCESS",72,0.492969135657377,1.6469578188861,0.00174494041967908,0.0483538671336727,0.0424715660533137,2677,"tags=29%, list=19%, signal=24%","SYT7/CFTR/KCNB1/RABEPK/VPS18/STXBP5/SYK/STX2/BTK/SNAP25/PLEK/RIMS3/SYP/CPLX1/SYT13/STXBP1/SNAP47/UNC13B/EFR3A/STX11/SYT9","GO_BP"
"GOBP_PROTEINOGENIC_AMINO_ACID_METABOLIC_PROCESS","GOBP_PROTEINOGENIC_AMINO_ACID_METABOLIC_PROCESS",141,-0.436701847460504,-1.57717487563347,0.00180485961926964,0.0483538671336727,0.0424715660533137,1988,"tags=32%, list=14%, signal=28%","PAH/NR1H4/GLYAT/CLN3/HAL/MTHFR/PHGDH/SHMT2/AMT/THAP4/NAGS/HMGCL/KMO/PRODH2/AGXT/GPT2/SDS/ADHFE1/TAT/SERINC3/AASS/GLS2/PLOD2/ACMSD/AGXT2/KYNU/HPD/ASPA/ATF4/SMS/MAT1A/AADAT/HAAO/BAAT/ADI1/PCBD1/ASL/ASS1/HNMT/GCAT/GOT1/GCDH/OAT/AMDHD1/TTC36","GO_BP"
"GOBP_REGULATION_OF_NERVOUS_SYSTEM_DEVELOPMENT","GOBP_REGULATION_OF_NERVOUS_SYSTEM_DEVELOPMENT",340,0.344244293694012,1.4069059301909,0.0017982619740445,0.0483538671336727,0.0424715660533137,2099,"tags=22%, list=15%, signal=19%","TREM2/HDAC6/E2F1/LIF/TBC1D24/EPHB3/HEYL/ELAPOR2/PPP3CA/CTNNA1/MTOR/MEGF8/SEMA4D/PRKCI/IL1B/SLIT2/DNAJB11/BCL11A/TYMP/THY1/TG/XRCC2/WDR62/CDH1/NIN/CAPRIN1/BTG2/AGRN/IDH2/EFNB3/CXCR4/CTSC/SHTN1/PTPN13/RAPGEF2/LRRN1/ITGAX/SKIL/KIF14/LDLR/FZD3/HOXB3/MECP2/RELA/BHLHE40/PLXNB2/WNT5A/PRUNE1/ATXN1/ZNF335/TNFRSF12A/CLSTN3/CLCN2/PAFAH1B1/GPRASP3/EIF2AK3/BRINP1/TRPV2/LRRN3/CUL7/TTBK1/TRAK1/RAB21/GATA2/WASF3/SERPINF1/TMEM98/YWHAH/CTNNB1/SS18L1/SPP1/KRAS/MAP1B/REST/CST7","GO_BP"
"GOBP_REGULATION_OF_PROTEIN_TRANSPORT","GOBP_REGULATION_OF_PROTEIN_TRANSPORT",364,0.337520372586712,1.3886358953557,0.00181905089960894,0.0483538671336727,0.0424715660533137,2398,"tags=23%, list=17%, signal=20%","PRKCE/GCK/SYT7/TREM2/SEC24A/PTPN11/GAS6/RHBDD3/CFTR/KCNB1/ZIC1/ZDHHC2/IL1B/RSC1A1/PIK3R2/DERL3/CDH1/LRRC8A/LCP1/CDK16/PTPN14/SH3TC2/F2RL1/NADK/RHBDF1/IDH2/NUP58/FRAT1/NOS2/ADAM8/GJA5/FOXA2/EIPR1/ACHE/MDFIC/TCIRG1/ITPR1/GRIPAP1/GSK3B/SNAP25/DNM1L/OSBP/ARFIP1/UCP2/PPARD/SEC16B/TMED10/DPH3/SUFU/SAA1/ECT2/PLA2G6/GPLD1/PRP4K/CEP290/PTPN1/BMP6/KCNJ11/HMGCR/CCL5/CPLX1/CLOCK/ACSL4/MDM2/SLC8B1/UBE2G2/TMEM30B/PKDCC/REST/PRKN/TTN/TPR/ANO1/YWHAB/ATP2C1/TLR4/FLNA/PFKL/SCFD1/FKBP1B/UNC13B/AKAP5/SORL1/ZBED6","GO_BP"
"GOBP_REGULATION_OF_SECRETION","GOBP_REGULATION_OF_SECRETION",442,0.328454543147845,1.37452783593304,0.00178964752410994,0.0483538671336727,0.0424715660533137,2532,"tags=24%, list=18%, signal=21%","PRKCE/CASK/GCK/SYT7/TREM2/SEC24A/PTPN11/ATP2A2/LIF/RHBDD3/SGK1/PCLO/PPP3CA/CFTR/KCNB1/SMPD3/RAB26/HIP1R/IL1B/LGALS9/LRRC8A/CDK16/F2RL1/VPS18/NADK/WNK1/STXBP5/ATP9A/CYP4F2/RHBDF1/IDH2/SYK/CES1/MYO6/SPHK2/SPI1/NOS2/ADAM8/GJA5/FOXA2/EIPR1/ACHE/SV2B/TCIRG1/RAB2B/HFE/ITPR1/AP1G1/SNAP25/ZP3/DNM1L/OSBP/HYAL3/ARFIP1/UCP2/PPARD/FGR/RIMS3/GAB2/TMED10/DPH3/SYT12/SAA1/PLA2G6/ADORA3/GPLD1/CHRNA4/MIF/RAB21/GATA2/BMP6/KCNJ11/HMGCR/CCL5/RAC2/CPLX1/CLOCK/SYT13/STXBP1/ACSL4/SLC8B1/SPP1/SEPTIN1/AQP1/REST/MCTP2/PRKN/TTN/SYT15/LAMP1/ANO1/PLA2G4A/CD84/TLR4/PFKL/NLRP6/FKBP1B/FES/UNC13B/ZBED6/RIC1/PINK1/HIF1A/TIFAB/PRKG1/HLA-F/RAB7A/GPR68","GO_BP"
"GOBP_NEGATIVE_REGULATION_OF_PROTEIN_CONTAINING_COMPLEX_DISASSEMBLY","GOBP_NEGATIVE_REGULATION_OF_PROTEIN_CONTAINING_COMPLEX_DISASSEMBLY",74,0.491427850153993,1.65076737060904,0.00187354479723779,0.0492459679944348,0.0432551418638964,2291,"tags=30%, list=17%, signal=25%","DMTN/SPTBN5/GSN/HDAC6/CKAP2/NAV3/CAPG/CFL1/SVIL/CAPZB/FLII/SPTAN1/TMEM39A/BBOF1/CRACD/MID1IP1/MAP1B/ASB2/SCAF4/ARHGEF2/CARMIL2/CARMIL1","GO_BP"
"GOBP_LYMPHOCYTE_DIFFERENTIATION","GOBP_LYMPHOCYTE_DIFFERENTIATION",369,0.34113401613098,1.40542291251046,0.00186870540977641,0.0492459679944348,0.0432551418638964,2629,"tags=27%, list=19%, signal=22%","FANCD2/MMP14/GAS6/STAT3/BTN2A2/PRKDC/CD28/ENTPD7/CD83/RUNX1/MTOR/IL1B/PIK3R2/JUNB/CRACR2A/SOCS3/ERBB2/HMGB3/CD79A/LGALS9/SLC39A7/SLAMF8/LRRC8A/ITGA4/BAK1/CD3E/VSIR/MS4A1/IL2RG/CLEC4E/ACTB/SYK/RUNX3/SPI1/CYP26B1/DOCK11/PIK3R3/ADAM8/ZMIZ1/BCL2/SPN/CD8A/SASH3/TCIRG1/BTK/DCAF1/THEMIS/DOCK10/SMARCA4/IL7/CD69/JAG2/POLM/TAOK3/RABL3/CLPTM1/PTPRC/BCL6/LCK/VNN1/NFAM1/CCL19/EOMES/SLAMF6/RC3H1/BCL3/BRD7/RIPK2/AP3D1/SOS1/TESPA1/GLI2/CARD11/TNFRSF9/SMARCD2/TMEM98/CTNNB1/ARID2/TNFSF13B/MSH2/TBK1/BCL11B/DCLRE1C/TBX21/HLX/EGR1/SMARCE1/MR1/EZH2/LAPTM5/PREX1/ONECUT1/PTPRJ/IKZF3/FOSL2/CCR2/AMBRA1/SMARCB1","GO_BP"
