"","title","geo_accession","status","submission_date","last_update_date","type","channel_count","source_name_ch1","organism_ch1","characteristics_ch1","characteristics_ch1.1","characteristics_ch1.2","characteristics_ch1.3","characteristics_ch1.4","molecule_ch1","extract_protocol_ch1","extract_protocol_ch1.1","taxid_ch1","description","data_processing","data_processing.1","data_processing.2","data_processing.3","data_processing.4","platform_id","contact_name","contact_email","contact_institute","contact_address","contact_city","contact_zip/postal_code","contact_country","data_row_count","instrument_model","library_selection","library_source","library_strategy","relation","relation.1","supplementary_file_1","disease:ch1","fibrosis stage:ch1","group in paper:ch1","nas score:ch1","Stage:ch1"
"GSM3998167","Liver patient 97","GSM3998167","Public on Dec 03 2020","Aug 01 2019","Apr 28 2021","SRA","1","NAFLD_early_liver biopsy","Homo sapiens","nas score: 4","fibrosis stage: 2","group in paper: NASH_F2","disease: NAFLD","Stage: early","total RNA","Frozen tissue samples were lysed using Trizol (Sigma-Aldrich) and mRNA was extracted with the Allprep DNA/RNA Micro kit (Qiagen). Concentrations and quality were assessed using the Agilent Pico 6000 kit on the Bioanalyzer 2100.","RNA libraries were prepared for sequencing using standard Illumina protocols","9606","017-Ann-Daly_S1","Reads were cropped to 75bp using Trimmomatic","Reads were mapped to GRCh38 (ensembl release 78) using STAR (v2.4.2a)","Gene count tables were produced using HTSeq-count (v0.11.2) with -r pos -s reverse","Genome_build: GRCh38, Ensembl release 78","Supplementary_files_format_and_content: txt files with gene-level counts","GPL18573","Simon,,Cockell","simon.cockell@newcastle.ac.uk","Newcastle University","Framlington Place","Newcastle","NE2 4HH","United Kingdom","0","Illumina NextSeq 500","cDNA","transcriptomic","RNA-Seq","BioSample: https://www.ncbi.nlm.nih.gov/biosample/SAMN12426403","SRA: https://www.ncbi.nlm.nih.gov/sra?term=SRX6635477","ftp://ftp.ncbi.nlm.nih.gov/geo/samples/GSM3998nnn/GSM3998167/suppl/GSM3998167_017-Ann-Daly_S1.counts.txt.gz","NAFLD","2","NASH_F2","4","early"
"GSM3998168","Liver patient 98","GSM3998168","Public on Dec 03 2020","Aug 01 2019","Apr 28 2021","SRA","1","NAFLD_moderate_liver biopsy","Homo sapiens","nas score: 7","fibrosis stage: 3","group in paper: NASH_F3","disease: NAFLD","Stage: moderate","total RNA","Frozen tissue samples were lysed using Trizol (Sigma-Aldrich) and mRNA was extracted with the Allprep DNA/RNA Micro kit (Qiagen). Concentrations and quality were assessed using the Agilent Pico 6000 kit on the Bioanalyzer 2100.","RNA libraries were prepared for sequencing using standard Illumina protocols","9606","018-Ann-Daly_S2","Reads were cropped to 75bp using Trimmomatic","Reads were mapped to GRCh38 (ensembl release 78) using STAR (v2.4.2a)","Gene count tables were produced using HTSeq-count (v0.11.2) with -r pos -s reverse","Genome_build: GRCh38, Ensembl release 78","Supplementary_files_format_and_content: txt files with gene-level counts","GPL18573","Simon,,Cockell","simon.cockell@newcastle.ac.uk","Newcastle University","Framlington Place","Newcastle","NE2 4HH","United Kingdom","0","Illumina NextSeq 500","cDNA","transcriptomic","RNA-Seq","BioSample: https://www.ncbi.nlm.nih.gov/biosample/SAMN12426402","SRA: https://www.ncbi.nlm.nih.gov/sra?term=SRX6635478","ftp://ftp.ncbi.nlm.nih.gov/geo/samples/GSM3998nnn/GSM3998168/suppl/GSM3998168_018-Ann-Daly_S2.counts.txt.gz","NAFLD","3","NASH_F3","7","moderate"
"GSM3998169","Liver patient 101","GSM3998169","Public on Dec 03 2020","Aug 01 2019","Apr 28 2021","SRA","1","NAFLD_early_liver biopsy","Homo sapiens","nas score: 7","fibrosis stage: 2","group in paper: NASH_F2","disease: NAFLD","Stage: early","total RNA","Frozen tissue samples were lysed using Trizol (Sigma-Aldrich) and mRNA was extracted with the Allprep DNA/RNA Micro kit (Qiagen). Concentrations and quality were assessed using the Agilent Pico 6000 kit on the Bioanalyzer 2100.","RNA libraries were prepared for sequencing using standard Illumina protocols","9606","029-Ann-Daly_S4","Reads were cropped to 75bp using Trimmomatic","Reads were mapped to GRCh38 (ensembl release 78) using STAR (v2.4.2a)","Gene count tables were produced using HTSeq-count (v0.11.2) with -r pos -s reverse","Genome_build: GRCh38, Ensembl release 78","Supplementary_files_format_and_content: txt files with gene-level counts","GPL18573","Simon,,Cockell","simon.cockell@newcastle.ac.uk","Newcastle University","Framlington Place","Newcastle","NE2 4HH","United Kingdom","0","Illumina NextSeq 500","cDNA","transcriptomic","RNA-Seq","BioSample: https://www.ncbi.nlm.nih.gov/biosample/SAMN12426401","SRA: https://www.ncbi.nlm.nih.gov/sra?term=SRX6635479","ftp://ftp.ncbi.nlm.nih.gov/geo/samples/GSM3998nnn/GSM3998169/suppl/GSM3998169_029-Ann-Daly_S4.counts.txt.gz","NAFLD","2","NASH_F2","7","early"
"GSM3998170","Liver patient 102","GSM3998170","Public on Dec 03 2020","Aug 01 2019","Apr 28 2021","SRA","1","NAFLD_moderate_liver biopsy","Homo sapiens","nas score: 6","fibrosis stage: 3","group in paper: NASH_F3","disease: NAFLD","Stage: moderate","total RNA","Frozen tissue samples were lysed using Trizol (Sigma-Aldrich) and mRNA was extracted with the Allprep DNA/RNA Micro kit (Qiagen). Concentrations and quality were assessed using the Agilent Pico 6000 kit on the Bioanalyzer 2100.","RNA libraries were prepared for sequencing using standard Illumina protocols","9606","030-Ann-Daly_S5","Reads were cropped to 75bp using Trimmomatic","Reads were mapped to GRCh38 (ensembl release 78) using STAR (v2.4.2a)","Gene count tables were produced using HTSeq-count (v0.11.2) with -r pos -s reverse","Genome_build: GRCh38, Ensembl release 78","Supplementary_files_format_and_content: txt files with gene-level counts","GPL18573","Simon,,Cockell","simon.cockell@newcastle.ac.uk","Newcastle University","Framlington Place","Newcastle","NE2 4HH","United Kingdom","0","Illumina NextSeq 500","cDNA","transcriptomic","RNA-Seq","BioSample: https://www.ncbi.nlm.nih.gov/biosample/SAMN12426400","SRA: https://www.ncbi.nlm.nih.gov/sra?term=SRX6635480","ftp://ftp.ncbi.nlm.nih.gov/geo/samples/GSM3998nnn/GSM3998170/suppl/GSM3998170_030-Ann-Daly_S5.counts.txt.gz","NAFLD","3","NASH_F3","6","moderate"
"GSM3998171","Liver patient 105","GSM3998171","Public on Dec 03 2020","Aug 01 2019","Apr 28 2021","SRA","1","NAFLD_early_liver biopsy","Homo sapiens","nas score: 5","fibrosis stage: 0","group in paper: NASH_F0-F1","disease: NAFLD","Stage: early","total RNA","Frozen tissue samples were lysed using Trizol (Sigma-Aldrich) and mRNA was extracted with the Allprep DNA/RNA Micro kit (Qiagen). Concentrations and quality were assessed using the Agilent Pico 6000 kit on the Bioanalyzer 2100.","RNA libraries were prepared for sequencing using standard Illumina protocols","9606","031-Ann-Daly_S6","Reads were cropped to 75bp using Trimmomatic","Reads were mapped to GRCh38 (ensembl release 78) using STAR (v2.4.2a)","Gene count tables were produced using HTSeq-count (v0.11.2) with -r pos -s reverse","Genome_build: GRCh38, Ensembl release 78","Supplementary_files_format_and_content: txt files with gene-level counts","GPL18573","Simon,,Cockell","simon.cockell@newcastle.ac.uk","Newcastle University","Framlington Place","Newcastle","NE2 4HH","United Kingdom","0","Illumina NextSeq 500","cDNA","transcriptomic","RNA-Seq","BioSample: https://www.ncbi.nlm.nih.gov/biosample/SAMN12426399","SRA: https://www.ncbi.nlm.nih.gov/sra?term=SRX6635481","ftp://ftp.ncbi.nlm.nih.gov/geo/samples/GSM3998nnn/GSM3998171/suppl/GSM3998171_031-Ann-Daly_S6.counts.txt.gz","NAFLD","0","NASH_F0-F1","5","early"
"GSM3998172","Liver patient 106","GSM3998172","Public on Dec 03 2020","Aug 01 2019","Apr 28 2021","SRA","1","NAFLD_early_liver biopsy","Homo sapiens","nas score: 5","fibrosis stage: 1","group in paper: NASH_F0-F1","disease: NAFLD","Stage: early","total RNA","Frozen tissue samples were lysed using Trizol (Sigma-Aldrich) and mRNA was extracted with the Allprep DNA/RNA Micro kit (Qiagen). Concentrations and quality were assessed using the Agilent Pico 6000 kit on the Bioanalyzer 2100.","RNA libraries were prepared for sequencing using standard Illumina protocols","9606","032-Ann-Daly_S7","Reads were cropped to 75bp using Trimmomatic","Reads were mapped to GRCh38 (ensembl release 78) using STAR (v2.4.2a)","Gene count tables were produced using HTSeq-count (v0.11.2) with -r pos -s reverse","Genome_build: GRCh38, Ensembl release 78","Supplementary_files_format_and_content: txt files with gene-level counts","GPL18573","Simon,,Cockell","simon.cockell@newcastle.ac.uk","Newcastle University","Framlington Place","Newcastle","NE2 4HH","United Kingdom","0","Illumina NextSeq 500","cDNA","transcriptomic","RNA-Seq","BioSample: https://www.ncbi.nlm.nih.gov/biosample/SAMN12426398","SRA: https://www.ncbi.nlm.nih.gov/sra?term=SRX6635482","ftp://ftp.ncbi.nlm.nih.gov/geo/samples/GSM3998nnn/GSM3998172/suppl/GSM3998172_032-Ann-Daly_S7.counts.txt.gz","NAFLD","1","NASH_F0-F1","5","early"
"GSM3998173","Liver patient 108","GSM3998173","Public on Dec 03 2020","Aug 01 2019","Apr 28 2021","SRA","1","NAFLD_moderate_liver biopsy","Homo sapiens","nas score: 6","fibrosis stage: 3","group in paper: NASH_F3","disease: NAFLD","Stage: moderate","total RNA","Frozen tissue samples were lysed using Trizol (Sigma-Aldrich) and mRNA was extracted with the Allprep DNA/RNA Micro kit (Qiagen). Concentrations and quality were assessed using the Agilent Pico 6000 kit on the Bioanalyzer 2100.","RNA libraries were prepared for sequencing using standard Illumina protocols","9606","033-Ann-Daly_S8","Reads were cropped to 75bp using Trimmomatic","Reads were mapped to GRCh38 (ensembl release 78) using STAR (v2.4.2a)","Gene count tables were produced using HTSeq-count (v0.11.2) with -r pos -s reverse","Genome_build: GRCh38, Ensembl release 78","Supplementary_files_format_and_content: txt files with gene-level counts","GPL18573","Simon,,Cockell","simon.cockell@newcastle.ac.uk","Newcastle University","Framlington Place","Newcastle","NE2 4HH","United Kingdom","0","Illumina NextSeq 500","cDNA","transcriptomic","RNA-Seq","BioSample: https://www.ncbi.nlm.nih.gov/biosample/SAMN12426397","SRA: https://www.ncbi.nlm.nih.gov/sra?term=SRX6635483","ftp://ftp.ncbi.nlm.nih.gov/geo/samples/GSM3998nnn/GSM3998173/suppl/GSM3998173_033-Ann-Daly_S8.counts.txt.gz","NAFLD","3","NASH_F3","6","moderate"
"GSM3998174","Liver patient 110","GSM3998174","Public on Dec 03 2020","Aug 01 2019","Apr 28 2021","SRA","1","NAFLD_early_liver biopsy","Homo sapiens","nas score: 6","fibrosis stage: 2","group in paper: NASH_F2","disease: NAFLD","Stage: early","total RNA","Frozen tissue samples were lysed using Trizol (Sigma-Aldrich) and mRNA was extracted with the Allprep DNA/RNA Micro kit (Qiagen). Concentrations and quality were assessed using the Agilent Pico 6000 kit on the Bioanalyzer 2100.","RNA libraries were prepared for sequencing using standard Illumina protocols","9606","035-Ann-Daly_S10","Reads were cropped to 75bp using Trimmomatic","Reads were mapped to GRCh38 (ensembl release 78) using STAR (v2.4.2a)","Gene count tables were produced using HTSeq-count (v0.11.2) with -r pos -s reverse","Genome_build: GRCh38, Ensembl release 78","Supplementary_files_format_and_content: txt files with gene-level counts","GPL18573","Simon,,Cockell","simon.cockell@newcastle.ac.uk","Newcastle University","Framlington Place","Newcastle","NE2 4HH","United Kingdom","0","Illumina NextSeq 500","cDNA","transcriptomic","RNA-Seq","BioSample: https://www.ncbi.nlm.nih.gov/biosample/SAMN12426396","SRA: https://www.ncbi.nlm.nih.gov/sra?term=SRX6635484","ftp://ftp.ncbi.nlm.nih.gov/geo/samples/GSM3998nnn/GSM3998174/suppl/GSM3998174_035-Ann-Daly_S10.counts.txt.gz","NAFLD","2","NASH_F2","6","early"
"GSM3998175","Liver patient 112","GSM3998175","Public on Dec 03 2020","Aug 01 2019","Apr 28 2021","SRA","1","NAFLD_early_liver biopsy","Homo sapiens","nas score: 2","fibrosis stage: 0","group in paper: NAFL","disease: NAFLD","Stage: early","total RNA","Frozen tissue samples were lysed using Trizol (Sigma-Aldrich) and mRNA was extracted with the Allprep DNA/RNA Micro kit (Qiagen). Concentrations and quality were assessed using the Agilent Pico 6000 kit on the Bioanalyzer 2100.","RNA libraries were prepared for sequencing using standard Illumina protocols","9606","036-Ann-Daly_S11","Reads were cropped to 75bp using Trimmomatic","Reads were mapped to GRCh38 (ensembl release 78) using STAR (v2.4.2a)","Gene count tables were produced using HTSeq-count (v0.11.2) with -r pos -s reverse","Genome_build: GRCh38, Ensembl release 78","Supplementary_files_format_and_content: txt files with gene-level counts","GPL18573","Simon,,Cockell","simon.cockell@newcastle.ac.uk","Newcastle University","Framlington Place","Newcastle","NE2 4HH","United Kingdom","0","Illumina NextSeq 500","cDNA","transcriptomic","RNA-Seq","BioSample: https://www.ncbi.nlm.nih.gov/biosample/SAMN12426395","SRA: https://www.ncbi.nlm.nih.gov/sra?term=SRX6635485","ftp://ftp.ncbi.nlm.nih.gov/geo/samples/GSM3998nnn/GSM3998175/suppl/GSM3998175_036-Ann-Daly_S11.counts.txt.gz","NAFLD","0","NAFL","2","early"
"GSM3998176","Liver patient 114","GSM3998176","Public on Dec 03 2020","Aug 01 2019","Apr 28 2021","SRA","1","NAFLD_early_liver biopsy","Homo sapiens","nas score: 5","fibrosis stage: 2","group in paper: NASH_F2","disease: NAFLD","Stage: early","total RNA","Frozen tissue samples were lysed using Trizol (Sigma-Aldrich) and mRNA was extracted with the Allprep DNA/RNA Micro kit (Qiagen). Concentrations and quality were assessed using the Agilent Pico 6000 kit on the Bioanalyzer 2100.","RNA libraries were prepared for sequencing using standard Illumina protocols","9606","037-Ann-Daly_S12","Reads were cropped to 75bp using Trimmomatic","Reads were mapped to GRCh38 (ensembl release 78) using STAR (v2.4.2a)","Gene count tables were produced using HTSeq-count (v0.11.2) with -r pos -s reverse","Genome_build: GRCh38, Ensembl release 78","Supplementary_files_format_and_content: txt files with gene-level counts","GPL18573","Simon,,Cockell","simon.cockell@newcastle.ac.uk","Newcastle University","Framlington Place","Newcastle","NE2 4HH","United Kingdom","0","Illumina NextSeq 500","cDNA","transcriptomic","RNA-Seq","BioSample: https://www.ncbi.nlm.nih.gov/biosample/SAMN12426394","SRA: https://www.ncbi.nlm.nih.gov/sra?term=SRX6635486","ftp://ftp.ncbi.nlm.nih.gov/geo/samples/GSM3998nnn/GSM3998176/suppl/GSM3998176_037-Ann-Daly_S12.counts.txt.gz","NAFLD","2","NASH_F2","5","early"
"GSM3998177","Liver patient 115","GSM3998177","Public on Dec 03 2020","Aug 01 2019","Apr 28 2021","SRA","1","NAFLD_early_liver biopsy","Homo sapiens","nas score: 1","fibrosis stage: 1","group in paper: NAFL","disease: NAFLD","Stage: early","total RNA","Frozen tissue samples were lysed using Trizol (Sigma-Aldrich) and mRNA was extracted with the Allprep DNA/RNA Micro kit (Qiagen). Concentrations and quality were assessed using the Agilent Pico 6000 kit on the Bioanalyzer 2100.","RNA libraries were prepared for sequencing using standard Illumina protocols","9606","038-Ann-Daly_S13","Reads were cropped to 75bp using Trimmomatic","Reads were mapped to GRCh38 (ensembl release 78) using STAR (v2.4.2a)","Gene count tables were produced using HTSeq-count (v0.11.2) with -r pos -s reverse","Genome_build: GRCh38, Ensembl release 78","Supplementary_files_format_and_content: txt files with gene-level counts","GPL18573","Simon,,Cockell","simon.cockell@newcastle.ac.uk","Newcastle University","Framlington Place","Newcastle","NE2 4HH","United Kingdom","0","Illumina NextSeq 500","cDNA","transcriptomic","RNA-Seq","BioSample: https://www.ncbi.nlm.nih.gov/biosample/SAMN12426393","SRA: https://www.ncbi.nlm.nih.gov/sra?term=SRX6635487","ftp://ftp.ncbi.nlm.nih.gov/geo/samples/GSM3998nnn/GSM3998177/suppl/GSM3998177_038-Ann-Daly_S13.counts.txt.gz","NAFLD","1","NAFL","1","early"
"GSM3998178","Liver patient 116","GSM3998178","Public on Dec 03 2020","Aug 01 2019","Apr 28 2021","SRA","1","NAFLD_early_liver biopsy","Homo sapiens","nas score: 5","fibrosis stage: 2","group in paper: NASH_F2","disease: NAFLD","Stage: early","total RNA","Frozen tissue samples were lysed using Trizol (Sigma-Aldrich) and mRNA was extracted with the Allprep DNA/RNA Micro kit (Qiagen). Concentrations and quality were assessed using the Agilent Pico 6000 kit on the Bioanalyzer 2100.","RNA libraries were prepared for sequencing using standard Illumina protocols","9606","040-Ann-Daly_S14","Reads were cropped to 75bp using Trimmomatic","Reads were mapped to GRCh38 (ensembl release 78) using STAR (v2.4.2a)","Gene count tables were produced using HTSeq-count (v0.11.2) with -r pos -s reverse","Genome_build: GRCh38, Ensembl release 78","Supplementary_files_format_and_content: txt files with gene-level counts","GPL18573","Simon,,Cockell","simon.cockell@newcastle.ac.uk","Newcastle University","Framlington Place","Newcastle","NE2 4HH","United Kingdom","0","Illumina NextSeq 500","cDNA","transcriptomic","RNA-Seq","BioSample: https://www.ncbi.nlm.nih.gov/biosample/SAMN12426410","SRA: https://www.ncbi.nlm.nih.gov/sra?term=SRX6635488","ftp://ftp.ncbi.nlm.nih.gov/geo/samples/GSM3998nnn/GSM3998178/suppl/GSM3998178_040-Ann-Daly_S14.counts.txt.gz","NAFLD","2","NASH_F2","5","early"
"GSM3998179","Liver patient 117","GSM3998179","Public on Dec 03 2020","Aug 01 2019","Apr 28 2021","SRA","1","NAFLD_moderate_liver biopsy","Homo sapiens","nas score: 8","fibrosis stage: 3","group in paper: NASH_F3","disease: NAFLD","Stage: moderate","total RNA","Frozen tissue samples were lysed using Trizol (Sigma-Aldrich) and mRNA was extracted with the Allprep DNA/RNA Micro kit (Qiagen). Concentrations and quality were assessed using the Agilent Pico 6000 kit on the Bioanalyzer 2100.","RNA libraries were prepared for sequencing using standard Illumina protocols","9606","041-Ann-Daly_S15","Reads were cropped to 75bp using Trimmomatic","Reads were mapped to GRCh38 (ensembl release 78) using STAR (v2.4.2a)","Gene count tables were produced using HTSeq-count (v0.11.2) with -r pos -s reverse","Genome_build: GRCh38, Ensembl release 78","Supplementary_files_format_and_content: txt files with gene-level counts","GPL18573","Simon,,Cockell","simon.cockell@newcastle.ac.uk","Newcastle University","Framlington Place","Newcastle","NE2 4HH","United Kingdom","0","Illumina NextSeq 500","cDNA","transcriptomic","RNA-Seq","BioSample: https://www.ncbi.nlm.nih.gov/biosample/SAMN12426409","SRA: https://www.ncbi.nlm.nih.gov/sra?term=SRX6635489","ftp://ftp.ncbi.nlm.nih.gov/geo/samples/GSM3998nnn/GSM3998179/suppl/GSM3998179_041-Ann-Daly_S15.counts.txt.gz","NAFLD","3","NASH_F3","8","moderate"
"GSM3998180","Liver patient 118","GSM3998180","Public on Dec 03 2020","Aug 01 2019","Apr 28 2021","SRA","1","NAFLD_early_liver biopsy","Homo sapiens","nas score: 5","fibrosis stage: 2","group in paper: NASH_F2","disease: NAFLD","Stage: early","total RNA","Frozen tissue samples were lysed using Trizol (Sigma-Aldrich) and mRNA was extracted with the Allprep DNA/RNA Micro kit (Qiagen). Concentrations and quality were assessed using the Agilent Pico 6000 kit on the Bioanalyzer 2100.","RNA libraries were prepared for sequencing using standard Illumina protocols","9606","042-Ann-Daly_S16","Reads were cropped to 75bp using Trimmomatic","Reads were mapped to GRCh38 (ensembl release 78) using STAR (v2.4.2a)","Gene count tables were produced using HTSeq-count (v0.11.2) with -r pos -s reverse","Genome_build: GRCh38, Ensembl release 78","Supplementary_files_format_and_content: txt files with gene-level counts","GPL18573","Simon,,Cockell","simon.cockell@newcastle.ac.uk","Newcastle University","Framlington Place","Newcastle","NE2 4HH","United Kingdom","0","Illumina NextSeq 500","cDNA","transcriptomic","RNA-Seq","BioSample: https://www.ncbi.nlm.nih.gov/biosample/SAMN12426408","SRA: https://www.ncbi.nlm.nih.gov/sra?term=SRX6635490","ftp://ftp.ncbi.nlm.nih.gov/geo/samples/GSM3998nnn/GSM3998180/suppl/GSM3998180_042-Ann-Daly_S16.counts.txt.gz","NAFLD","2","NASH_F2","5","early"
"GSM3998181","Liver patient 119","GSM3998181","Public on Dec 03 2020","Aug 01 2019","Apr 28 2021","SRA","1","NAFLD_early_liver biopsy","Homo sapiens","nas score: 4","fibrosis stage: 1","group in paper: NASH_F0-F1","disease: NAFLD","Stage: early","total RNA","Frozen tissue samples were lysed using Trizol (Sigma-Aldrich) and mRNA was extracted with the Allprep DNA/RNA Micro kit (Qiagen). Concentrations and quality were assessed using the Agilent Pico 6000 kit on the Bioanalyzer 2100.","RNA libraries were prepared for sequencing using standard Illumina protocols","9606","043-Ann-Daly_S1","Reads were cropped to 75bp using Trimmomatic","Reads were mapped to GRCh38 (ensembl release 78) using STAR (v2.4.2a)","Gene count tables were produced using HTSeq-count (v0.11.2) with -r pos -s reverse","Genome_build: GRCh38, Ensembl release 78","Supplementary_files_format_and_content: txt files with gene-level counts","GPL18573","Simon,,Cockell","simon.cockell@newcastle.ac.uk","Newcastle University","Framlington Place","Newcastle","NE2 4HH","United Kingdom","0","Illumina NextSeq 500","cDNA","transcriptomic","RNA-Seq","BioSample: https://www.ncbi.nlm.nih.gov/biosample/SAMN12426407","SRA: https://www.ncbi.nlm.nih.gov/sra?term=SRX6635491","ftp://ftp.ncbi.nlm.nih.gov/geo/samples/GSM3998nnn/GSM3998181/suppl/GSM3998181_043-Ann-Daly_S1.counts.txt.gz","NAFLD","1","NASH_F0-F1","4","early"
"GSM3998182","Liver patient 120","GSM3998182","Public on Dec 03 2020","Aug 01 2019","Apr 28 2021","SRA","1","NAFLD_early_liver biopsy","Homo sapiens","nas score: 3","fibrosis stage: 2","group in paper: NASH_F2","disease: NAFLD","Stage: early","total RNA","Frozen tissue samples were lysed using Trizol (Sigma-Aldrich) and mRNA was extracted with the Allprep DNA/RNA Micro kit (Qiagen). Concentrations and quality were assessed using the Agilent Pico 6000 kit on the Bioanalyzer 2100.","RNA libraries were prepared for sequencing using standard Illumina protocols","9606","044-Ann-Daly_S2","Reads were cropped to 75bp using Trimmomatic","Reads were mapped to GRCh38 (ensembl release 78) using STAR (v2.4.2a)","Gene count tables were produced using HTSeq-count (v0.11.2) with -r pos -s reverse","Genome_build: GRCh38, Ensembl release 78","Supplementary_files_format_and_content: txt files with gene-level counts","GPL18573","Simon,,Cockell","simon.cockell@newcastle.ac.uk","Newcastle University","Framlington Place","Newcastle","NE2 4HH","United Kingdom","0","Illumina NextSeq 500","cDNA","transcriptomic","RNA-Seq","BioSample: https://www.ncbi.nlm.nih.gov/biosample/SAMN12426406","SRA: https://www.ncbi.nlm.nih.gov/sra?term=SRX6635492","ftp://ftp.ncbi.nlm.nih.gov/geo/samples/GSM3998nnn/GSM3998182/suppl/GSM3998182_044-Ann-Daly_S2.counts.txt.gz","NAFLD","2","NASH_F2","3","early"
"GSM3998183","Liver patient 6","GSM3998183","Public on Dec 03 2020","Aug 01 2019","Apr 28 2021","SRA","1","NAFLD_early_liver biopsy","Homo sapiens","nas score: 6","fibrosis stage: 1","group in paper: NASH_F0-F1","disease: NAFLD","Stage: early","total RNA","Frozen tissue samples were lysed using Trizol (Sigma-Aldrich) and mRNA was extracted with the Allprep DNA/RNA Micro kit (Qiagen). Concentrations and quality were assessed using the Agilent Pico 6000 kit on the Bioanalyzer 2100.","RNA libraries were prepared for sequencing using standard Illumina protocols","9606","046-Ann-Daly_S3","Reads were cropped to 75bp using Trimmomatic","Reads were mapped to GRCh38 (ensembl release 78) using STAR (v2.4.2a)","Gene count tables were produced using HTSeq-count (v0.11.2) with -r pos -s reverse","Genome_build: GRCh38, Ensembl release 78","Supplementary_files_format_and_content: txt files with gene-level counts","GPL18573","Simon,,Cockell","simon.cockell@newcastle.ac.uk","Newcastle University","Framlington Place","Newcastle","NE2 4HH","United Kingdom","0","Illumina NextSeq 500","cDNA","transcriptomic","RNA-Seq","BioSample: https://www.ncbi.nlm.nih.gov/biosample/SAMN12426405","SRA: https://www.ncbi.nlm.nih.gov/sra?term=SRX6635493","ftp://ftp.ncbi.nlm.nih.gov/geo/samples/GSM3998nnn/GSM3998183/suppl/GSM3998183_046-Ann-Daly_S3.counts.txt.gz","NAFLD","1","NASH_F0-F1","6","early"
"GSM3998184","Liver patient 7","GSM3998184","Public on Dec 03 2020","Aug 01 2019","Apr 28 2021","SRA","1","NAFLD_early_liver biopsy","Homo sapiens","nas score: 5","fibrosis stage: 2","group in paper: NASH_F2","disease: NAFLD","Stage: early","total RNA","Frozen tissue samples were lysed using Trizol (Sigma-Aldrich) and mRNA was extracted with the Allprep DNA/RNA Micro kit (Qiagen). Concentrations and quality were assessed using the Agilent Pico 6000 kit on the Bioanalyzer 2100.","RNA libraries were prepared for sequencing using standard Illumina protocols","9606","047-Ann-Daly_S4","Reads were cropped to 75bp using Trimmomatic","Reads were mapped to GRCh38 (ensembl release 78) using STAR (v2.4.2a)","Gene count tables were produced using HTSeq-count (v0.11.2) with -r pos -s reverse","Genome_build: GRCh38, Ensembl release 78","Supplementary_files_format_and_content: txt files with gene-level counts","GPL18573","Simon,,Cockell","simon.cockell@newcastle.ac.uk","Newcastle University","Framlington Place","Newcastle","NE2 4HH","United Kingdom","0","Illumina NextSeq 500","cDNA","transcriptomic","RNA-Seq","BioSample: https://www.ncbi.nlm.nih.gov/biosample/SAMN12426343","SRA: https://www.ncbi.nlm.nih.gov/sra?term=SRX6635494","ftp://ftp.ncbi.nlm.nih.gov/geo/samples/GSM3998nnn/GSM3998184/suppl/GSM3998184_047-Ann-Daly_S4.counts.txt.gz","NAFLD","2","NASH_F2","5","early"
"GSM3998185","Liver patient 8","GSM3998185","Public on Dec 03 2020","Aug 01 2019","Apr 28 2021","SRA","1","NAFLD_moderate_liver biopsy","Homo sapiens","nas score: 6","fibrosis stage: 3","group in paper: NASH_F3","disease: NAFLD","Stage: moderate","total RNA","Frozen tissue samples were lysed using Trizol (Sigma-Aldrich) and mRNA was extracted with the Allprep DNA/RNA Micro kit (Qiagen). Concentrations and quality were assessed using the Agilent Pico 6000 kit on the Bioanalyzer 2100.","RNA libraries were prepared for sequencing using standard Illumina protocols","9606","048-Ann-Daly_S5","Reads were cropped to 75bp using Trimmomatic","Reads were mapped to GRCh38 (ensembl release 78) using STAR (v2.4.2a)","Gene count tables were produced using HTSeq-count (v0.11.2) with -r pos -s reverse","Genome_build: GRCh38, Ensembl release 78","Supplementary_files_format_and_content: txt files with gene-level counts","GPL18573","Simon,,Cockell","simon.cockell@newcastle.ac.uk","Newcastle University","Framlington Place","Newcastle","NE2 4HH","United Kingdom","0","Illumina NextSeq 500","cDNA","transcriptomic","RNA-Seq","BioSample: https://www.ncbi.nlm.nih.gov/biosample/SAMN12426341","SRA: https://www.ncbi.nlm.nih.gov/sra?term=SRX6635495","ftp://ftp.ncbi.nlm.nih.gov/geo/samples/GSM3998nnn/GSM3998185/suppl/GSM3998185_048-Ann-Daly_S5.counts.txt.gz","NAFLD","3","NASH_F3","6","moderate"
"GSM3998186","Liver patient 9","GSM3998186","Public on Dec 03 2020","Aug 01 2019","Apr 28 2021","SRA","1","NAFLD_early_liver biopsy","Homo sapiens","nas score: 3","fibrosis stage: 2","group in paper: NASH_F2","disease: NAFLD","Stage: early","total RNA","Frozen tissue samples were lysed using Trizol (Sigma-Aldrich) and mRNA was extracted with the Allprep DNA/RNA Micro kit (Qiagen). Concentrations and quality were assessed using the Agilent Pico 6000 kit on the Bioanalyzer 2100.","RNA libraries were prepared for sequencing using standard Illumina protocols","9606","049-Ann-Daly_S6","Reads were cropped to 75bp using Trimmomatic","Reads were mapped to GRCh38 (ensembl release 78) using STAR (v2.4.2a)","Gene count tables were produced using HTSeq-count (v0.11.2) with -r pos -s reverse","Genome_build: GRCh38, Ensembl release 78","Supplementary_files_format_and_content: txt files with gene-level counts","GPL18573","Simon,,Cockell","simon.cockell@newcastle.ac.uk","Newcastle University","Framlington Place","Newcastle","NE2 4HH","United Kingdom","0","Illumina NextSeq 500","cDNA","transcriptomic","RNA-Seq","BioSample: https://www.ncbi.nlm.nih.gov/biosample/SAMN12426340","SRA: https://www.ncbi.nlm.nih.gov/sra?term=SRX6635496","ftp://ftp.ncbi.nlm.nih.gov/geo/samples/GSM3998nnn/GSM3998186/suppl/GSM3998186_049-Ann-Daly_S6.counts.txt.gz","NAFLD","2","NASH_F2","3","early"
"GSM3998187","Liver patient 12","GSM3998187","Public on Dec 03 2020","Aug 01 2019","Apr 28 2021","SRA","1","NAFLD_early_liver biopsy","Homo sapiens","nas score: 8","fibrosis stage: 2","group in paper: NASH_F2","disease: NAFLD","Stage: early","total RNA","Frozen tissue samples were lysed using Trizol (Sigma-Aldrich) and mRNA was extracted with the Allprep DNA/RNA Micro kit (Qiagen). Concentrations and quality were assessed using the Agilent Pico 6000 kit on the Bioanalyzer 2100.","RNA libraries were prepared for sequencing using standard Illumina protocols","9606","051-Ann-Daly_S7","Reads were cropped to 75bp using Trimmomatic","Reads were mapped to GRCh38 (ensembl release 78) using STAR (v2.4.2a)","Gene count tables were produced using HTSeq-count (v0.11.2) with -r pos -s reverse","Genome_build: GRCh38, Ensembl release 78","Supplementary_files_format_and_content: txt files with gene-level counts","GPL18573","Simon,,Cockell","simon.cockell@newcastle.ac.uk","Newcastle University","Framlington Place","Newcastle","NE2 4HH","United Kingdom","0","Illumina NextSeq 500","cDNA","transcriptomic","RNA-Seq","BioSample: https://www.ncbi.nlm.nih.gov/biosample/SAMN12426338","SRA: https://www.ncbi.nlm.nih.gov/sra?term=SRX6635497","ftp://ftp.ncbi.nlm.nih.gov/geo/samples/GSM3998nnn/GSM3998187/suppl/GSM3998187_051-Ann-Daly_S7.counts.txt.gz","NAFLD","2","NASH_F2","8","early"
"GSM3998188","Liver patient 14","GSM3998188","Public on Dec 03 2020","Aug 01 2019","Apr 28 2021","SRA","1","NAFLD_moderate_liver biopsy","Homo sapiens","nas score: 7","fibrosis stage: 3","group in paper: NASH_F3","disease: NAFLD","Stage: moderate","total RNA","Frozen tissue samples were lysed using Trizol (Sigma-Aldrich) and mRNA was extracted with the Allprep DNA/RNA Micro kit (Qiagen). Concentrations and quality were assessed using the Agilent Pico 6000 kit on the Bioanalyzer 2100.","RNA libraries were prepared for sequencing using standard Illumina protocols","9606","053-Ann-Daly_S9","Reads were cropped to 75bp using Trimmomatic","Reads were mapped to GRCh38 (ensembl release 78) using STAR (v2.4.2a)","Gene count tables were produced using HTSeq-count (v0.11.2) with -r pos -s reverse","Genome_build: GRCh38, Ensembl release 78","Supplementary_files_format_and_content: txt files with gene-level counts","GPL18573","Simon,,Cockell","simon.cockell@newcastle.ac.uk","Newcastle University","Framlington Place","Newcastle","NE2 4HH","United Kingdom","0","Illumina NextSeq 500","cDNA","transcriptomic","RNA-Seq","BioSample: https://www.ncbi.nlm.nih.gov/biosample/SAMN12426337","SRA: https://www.ncbi.nlm.nih.gov/sra?term=SRX6635498","ftp://ftp.ncbi.nlm.nih.gov/geo/samples/GSM3998nnn/GSM3998188/suppl/GSM3998188_053-Ann-Daly_S9.counts.txt.gz","NAFLD","3","NASH_F3","7","moderate"
"GSM3998189","Liver patient 15","GSM3998189","Public on Dec 03 2020","Aug 01 2019","Apr 28 2021","SRA","1","NAFLD_early_liver biopsy","Homo sapiens","nas score: 5","fibrosis stage: 0","group in paper: NAFL","disease: NAFLD","Stage: early","total RNA","Frozen tissue samples were lysed using Trizol (Sigma-Aldrich) and mRNA was extracted with the Allprep DNA/RNA Micro kit (Qiagen). Concentrations and quality were assessed using the Agilent Pico 6000 kit on the Bioanalyzer 2100.","RNA libraries were prepared for sequencing using standard Illumina protocols","9606","054-Ann-Daly_S10","Reads were cropped to 75bp using Trimmomatic","Reads were mapped to GRCh38 (ensembl release 78) using STAR (v2.4.2a)","Gene count tables were produced using HTSeq-count (v0.11.2) with -r pos -s reverse","Genome_build: GRCh38, Ensembl release 78","Supplementary_files_format_and_content: txt files with gene-level counts","GPL18573","Simon,,Cockell","simon.cockell@newcastle.ac.uk","Newcastle University","Framlington Place","Newcastle","NE2 4HH","United Kingdom","0","Illumina NextSeq 500","cDNA","transcriptomic","RNA-Seq","BioSample: https://www.ncbi.nlm.nih.gov/biosample/SAMN12426392","SRA: https://www.ncbi.nlm.nih.gov/sra?term=SRX6635499","ftp://ftp.ncbi.nlm.nih.gov/geo/samples/GSM3998nnn/GSM3998189/suppl/GSM3998189_054-Ann-Daly_S10.counts.txt.gz","NAFLD","0","NAFL","5","early"
"GSM3998190","Liver patient 10","GSM3998190","Public on Dec 03 2020","Aug 01 2019","Apr 28 2021","SRA","1","NAFLD_moderate_liver biopsy","Homo sapiens","nas score: 6","fibrosis stage: 3","group in paper: NASH_F3","disease: NAFLD","Stage: moderate","total RNA","Frozen tissue samples were lysed using Trizol (Sigma-Aldrich) and mRNA was extracted with the Allprep DNA/RNA Micro kit (Qiagen). Concentrations and quality were assessed using the Agilent Pico 6000 kit on the Bioanalyzer 2100.","RNA libraries were prepared for sequencing using standard Illumina protocols","9606","055-Ann-Daly_S11","Reads were cropped to 75bp using Trimmomatic","Reads were mapped to GRCh38 (ensembl release 78) using STAR (v2.4.2a)","Gene count tables were produced using HTSeq-count (v0.11.2) with -r pos -s reverse","Genome_build: GRCh38, Ensembl release 78","Supplementary_files_format_and_content: txt files with gene-level counts","GPL18573","Simon,,Cockell","simon.cockell@newcastle.ac.uk","Newcastle University","Framlington Place","Newcastle","NE2 4HH","United Kingdom","0","Illumina NextSeq 500","cDNA","transcriptomic","RNA-Seq","BioSample: https://www.ncbi.nlm.nih.gov/biosample/SAMN12426391","SRA: https://www.ncbi.nlm.nih.gov/sra?term=SRX6635500","ftp://ftp.ncbi.nlm.nih.gov/geo/samples/GSM3998nnn/GSM3998190/suppl/GSM3998190_055-Ann-Daly_S11.counts.txt.gz","NAFLD","3","NASH_F3","6","moderate"
"GSM3998191","Liver patient 78","GSM3998191","Public on Dec 03 2020","Aug 01 2019","Apr 28 2021","SRA","1","NAFLD_moderate_liver biopsy","Homo sapiens","nas score: 6","fibrosis stage: 4","group in paper: NASH_F4","disease: NAFLD","Stage: moderate","total RNA","Frozen tissue samples were lysed using Trizol (Sigma-Aldrich) and mRNA was extracted with the Allprep DNA/RNA Micro kit (Qiagen). Concentrations and quality were assessed using the Agilent Pico 6000 kit on the Bioanalyzer 2100.","RNA libraries were prepared for sequencing using standard Illumina protocols","9606","059-Ann-Daly_S12","Reads were cropped to 75bp using Trimmomatic","Reads were mapped to GRCh38 (ensembl release 78) using STAR (v2.4.2a)","Gene count tables were produced using HTSeq-count (v0.11.2) with -r pos -s reverse","Genome_build: GRCh38, Ensembl release 78","Supplementary_files_format_and_content: txt files with gene-level counts","GPL18573","Simon,,Cockell","simon.cockell@newcastle.ac.uk","Newcastle University","Framlington Place","Newcastle","NE2 4HH","United Kingdom","0","Illumina NextSeq 500","cDNA","transcriptomic","RNA-Seq","BioSample: https://www.ncbi.nlm.nih.gov/biosample/SAMN12426390","SRA: https://www.ncbi.nlm.nih.gov/sra?term=SRX6635501","ftp://ftp.ncbi.nlm.nih.gov/geo/samples/GSM3998nnn/GSM3998191/suppl/GSM3998191_059-Ann-Daly_S12.counts.txt.gz","NAFLD","4","NASH_F4","6","moderate"
"GSM3998192","Liver patient 83","GSM3998192","Public on Dec 03 2020","Aug 01 2019","Apr 28 2021","SRA","1","NAFLD_early_liver biopsy","Homo sapiens","nas score: 2","fibrosis stage: 1","group in paper: NAFL","disease: NAFLD","Stage: early","total RNA","Frozen tissue samples were lysed using Trizol (Sigma-Aldrich) and mRNA was extracted with the Allprep DNA/RNA Micro kit (Qiagen). Concentrations and quality were assessed using the Agilent Pico 6000 kit on the Bioanalyzer 2100.","RNA libraries were prepared for sequencing using standard Illumina protocols","9606","060-Ann-Daly_S13","Reads were cropped to 75bp using Trimmomatic","Reads were mapped to GRCh38 (ensembl release 78) using STAR (v2.4.2a)","Gene count tables were produced using HTSeq-count (v0.11.2) with -r pos -s reverse","Genome_build: GRCh38, Ensembl release 78","Supplementary_files_format_and_content: txt files with gene-level counts","GPL18573","Simon,,Cockell","simon.cockell@newcastle.ac.uk","Newcastle University","Framlington Place","Newcastle","NE2 4HH","United Kingdom","0","Illumina NextSeq 500","cDNA","transcriptomic","RNA-Seq","BioSample: https://www.ncbi.nlm.nih.gov/biosample/SAMN12426389","SRA: https://www.ncbi.nlm.nih.gov/sra?term=SRX6635502","ftp://ftp.ncbi.nlm.nih.gov/geo/samples/GSM3998nnn/GSM3998192/suppl/GSM3998192_060-Ann-Daly_S13.counts.txt.gz","NAFLD","1","NAFL","2","early"
"GSM3998193","Liver patient 71","GSM3998193","Public on Dec 03 2020","Aug 01 2019","Apr 28 2021","SRA","1","NAFLD_moderate_liver biopsy","Homo sapiens","nas score: 5","fibrosis stage: 3","group in paper: NASH_F3","disease: NAFLD","Stage: moderate","total RNA","Frozen tissue samples were lysed using Trizol (Sigma-Aldrich) and mRNA was extracted with the Allprep DNA/RNA Micro kit (Qiagen). Concentrations and quality were assessed using the Agilent Pico 6000 kit on the Bioanalyzer 2100.","RNA libraries were prepared for sequencing using standard Illumina protocols","9606","061-Ann-Daly_S14","Reads were cropped to 75bp using Trimmomatic","Reads were mapped to GRCh38 (ensembl release 78) using STAR (v2.4.2a)","Gene count tables were produced using HTSeq-count (v0.11.2) with -r pos -s reverse","Genome_build: GRCh38, Ensembl release 78","Supplementary_files_format_and_content: txt files with gene-level counts","GPL18573","Simon,,Cockell","simon.cockell@newcastle.ac.uk","Newcastle University","Framlington Place","Newcastle","NE2 4HH","United Kingdom","0","Illumina NextSeq 500","cDNA","transcriptomic","RNA-Seq","BioSample: https://www.ncbi.nlm.nih.gov/biosample/SAMN12426388","SRA: https://www.ncbi.nlm.nih.gov/sra?term=SRX6635503","ftp://ftp.ncbi.nlm.nih.gov/geo/samples/GSM3998nnn/GSM3998193/suppl/GSM3998193_061-Ann-Daly_S14.counts.txt.gz","NAFLD","3","NASH_F3","5","moderate"
"GSM3998194","Liver patient 84","GSM3998194","Public on Dec 03 2020","Aug 01 2019","Apr 28 2021","SRA","1","NAFLD_early_liver biopsy","Homo sapiens","nas score: 3","fibrosis stage: 1","group in paper: NAFL","disease: NAFLD","Stage: early","total RNA","Frozen tissue samples were lysed using Trizol (Sigma-Aldrich) and mRNA was extracted with the Allprep DNA/RNA Micro kit (Qiagen). Concentrations and quality were assessed using the Agilent Pico 6000 kit on the Bioanalyzer 2100.","RNA libraries were prepared for sequencing using standard Illumina protocols","9606","062-Ann-Daly_S15","Reads were cropped to 75bp using Trimmomatic","Reads were mapped to GRCh38 (ensembl release 78) using STAR (v2.4.2a)","Gene count tables were produced using HTSeq-count (v0.11.2) with -r pos -s reverse","Genome_build: GRCh38, Ensembl release 78","Supplementary_files_format_and_content: txt files with gene-level counts","GPL18573","Simon,,Cockell","simon.cockell@newcastle.ac.uk","Newcastle University","Framlington Place","Newcastle","NE2 4HH","United Kingdom","0","Illumina NextSeq 500","cDNA","transcriptomic","RNA-Seq","BioSample: https://www.ncbi.nlm.nih.gov/biosample/SAMN12426387","SRA: https://www.ncbi.nlm.nih.gov/sra?term=SRX6635504","ftp://ftp.ncbi.nlm.nih.gov/geo/samples/GSM3998nnn/GSM3998194/suppl/GSM3998194_062-Ann-Daly_S15.counts.txt.gz","NAFLD","1","NAFL","3","early"
"GSM3998195","Liver patient 2","GSM3998195","Public on Dec 03 2020","Aug 01 2019","Apr 28 2021","SRA","1","NAFLD_moderate_liver biopsy","Homo sapiens","nas score: 5","fibrosis stage: 3","group in paper: NASH_F3","disease: NAFLD","Stage: moderate","total RNA","Frozen tissue samples were lysed using Trizol (Sigma-Aldrich) and mRNA was extracted with the Allprep DNA/RNA Micro kit (Qiagen). Concentrations and quality were assessed using the Agilent Pico 6000 kit on the Bioanalyzer 2100.","RNA libraries were prepared for sequencing using standard Illumina protocols","9606","075-Ann-Daly_S16","Reads were cropped to 75bp using Trimmomatic","Reads were mapped to GRCh38 (ensembl release 78) using STAR (v2.4.2a)","Gene count tables were produced using HTSeq-count (v0.11.2) with -r pos -s reverse","Genome_build: GRCh38, Ensembl release 78","Supplementary_files_format_and_content: txt files with gene-level counts","GPL18573","Simon,,Cockell","simon.cockell@newcastle.ac.uk","Newcastle University","Framlington Place","Newcastle","NE2 4HH","United Kingdom","0","Illumina NextSeq 500","cDNA","transcriptomic","RNA-Seq","BioSample: https://www.ncbi.nlm.nih.gov/biosample/SAMN12426386","SRA: https://www.ncbi.nlm.nih.gov/sra?term=SRX6635505","ftp://ftp.ncbi.nlm.nih.gov/geo/samples/GSM3998nnn/GSM3998195/suppl/GSM3998195_075-Ann-Daly_S16.counts.txt.gz","NAFLD","3","NASH_F3","5","moderate"
"GSM3998196","Liver patient 3","GSM3998196","Public on Dec 03 2020","Aug 01 2019","Apr 28 2021","SRA","1","NAFLD_early_liver biopsy","Homo sapiens","nas score: 4","fibrosis stage: 1","group in paper: NAFL","disease: NAFLD","Stage: early","total RNA","Frozen tissue samples were lysed using Trizol (Sigma-Aldrich) and mRNA was extracted with the Allprep DNA/RNA Micro kit (Qiagen). Concentrations and quality were assessed using the Agilent Pico 6000 kit on the Bioanalyzer 2100.","RNA libraries were prepared for sequencing using standard Illumina protocols","9606","076-Ann-Daly_S3","Reads were cropped to 75bp using Trimmomatic","Reads were mapped to GRCh38 (ensembl release 78) using STAR (v2.4.2a)","Gene count tables were produced using HTSeq-count (v0.11.2) with -r pos -s reverse","Genome_build: GRCh38, Ensembl release 78","Supplementary_files_format_and_content: txt files with gene-level counts","GPL18573","Simon,,Cockell","simon.cockell@newcastle.ac.uk","Newcastle University","Framlington Place","Newcastle","NE2 4HH","United Kingdom","0","Illumina NextSeq 500","cDNA","transcriptomic","RNA-Seq","BioSample: https://www.ncbi.nlm.nih.gov/biosample/SAMN12426385","SRA: https://www.ncbi.nlm.nih.gov/sra?term=SRX6635506","ftp://ftp.ncbi.nlm.nih.gov/geo/samples/GSM3998nnn/GSM3998196/suppl/GSM3998196_076-Ann-Daly_S3.counts.txt.gz","NAFLD","1","NAFL","4","early"
"GSM3998197","Liver patient 203","GSM3998197","Public on Dec 03 2020","Aug 01 2019","Apr 28 2021","SRA","1","NAFLD_early_liver biopsy","Homo sapiens","nas score: 2","fibrosis stage: 1","group in paper: NAFL","disease: NAFLD","Stage: early","total RNA","Frozen tissue samples were lysed using Trizol (Sigma-Aldrich) and mRNA was extracted with the Allprep DNA/RNA Micro kit (Qiagen). Concentrations and quality were assessed using the Agilent Pico 6000 kit on the Bioanalyzer 2100.","RNA libraries were prepared for sequencing using standard Illumina protocols","9606","1_20_R1.fastq.gz","Reads were cropped to 75bp using Trimmomatic","Reads were mapped to GRCh38 (ensembl release 78) using STAR (v2.4.2a)","Gene count tables were produced using HTSeq-count (v0.11.2) with -r pos -s reverse","Genome_build: GRCh38, Ensembl release 78","Supplementary_files_format_and_content: txt files with gene-level counts","GPL18573","Simon,,Cockell","simon.cockell@newcastle.ac.uk","Newcastle University","Framlington Place","Newcastle","NE2 4HH","United Kingdom","0","Illumina NextSeq 500","cDNA","transcriptomic","RNA-Seq","BioSample: https://www.ncbi.nlm.nih.gov/biosample/SAMN12426384","SRA: https://www.ncbi.nlm.nih.gov/sra?term=SRX6635507","ftp://ftp.ncbi.nlm.nih.gov/geo/samples/GSM3998nnn/GSM3998197/suppl/GSM3998197_1_20.counts.txt.gz","NAFLD","1","NAFL","2","early"
"GSM3998198","Liver patient 205","GSM3998198","Public on Dec 03 2020","Aug 01 2019","Apr 28 2021","SRA","1","NAFLD_early_liver biopsy","Homo sapiens","nas score: 2","fibrosis stage: 1","group in paper: NAFL","disease: NAFLD","Stage: early","total RNA","Frozen tissue samples were lysed using Trizol (Sigma-Aldrich) and mRNA was extracted with the Allprep DNA/RNA Micro kit (Qiagen). Concentrations and quality were assessed using the Agilent Pico 6000 kit on the Bioanalyzer 2100.","RNA libraries were prepared for sequencing using standard Illumina protocols","9606","10_352_R1.fastq.gz","Reads were cropped to 75bp using Trimmomatic","Reads were mapped to GRCh38 (ensembl release 78) using STAR (v2.4.2a)","Gene count tables were produced using HTSeq-count (v0.11.2) with -r pos -s reverse","Genome_build: GRCh38, Ensembl release 78","Supplementary_files_format_and_content: txt files with gene-level counts","GPL18573","Simon,,Cockell","simon.cockell@newcastle.ac.uk","Newcastle University","Framlington Place","Newcastle","NE2 4HH","United Kingdom","0","Illumina NextSeq 500","cDNA","transcriptomic","RNA-Seq","BioSample: https://www.ncbi.nlm.nih.gov/biosample/SAMN12426383","SRA: https://www.ncbi.nlm.nih.gov/sra?term=SRX6635508","ftp://ftp.ncbi.nlm.nih.gov/geo/samples/GSM3998nnn/GSM3998198/suppl/GSM3998198_10_352.counts.txt.gz","NAFLD","1","NAFL","2","early"
"GSM3998199","Liver patient 166","GSM3998199","Public on Dec 03 2020","Aug 01 2019","Apr 28 2021","SRA","1","NAFLD_early_liver biopsy","Homo sapiens","nas score: 5","fibrosis stage: 2","group in paper: NASH_F2","disease: NAFLD","Stage: early","total RNA","Frozen tissue samples were lysed using Trizol (Sigma-Aldrich) and mRNA was extracted with the Allprep DNA/RNA Micro kit (Qiagen). Concentrations and quality were assessed using the Agilent Pico 6000 kit on the Bioanalyzer 2100.","RNA libraries were prepared for sequencing using standard Illumina protocols","9606","101-Ann-Daly_S1","Reads were cropped to 75bp using Trimmomatic","Reads were mapped to GRCh38 (ensembl release 78) using STAR (v2.4.2a)","Gene count tables were produced using HTSeq-count (v0.11.2) with -r pos -s reverse","Genome_build: GRCh38, Ensembl release 78","Supplementary_files_format_and_content: txt files with gene-level counts","GPL18573","Simon,,Cockell","simon.cockell@newcastle.ac.uk","Newcastle University","Framlington Place","Newcastle","NE2 4HH","United Kingdom","0","Illumina NextSeq 500","cDNA","transcriptomic","RNA-Seq","BioSample: https://www.ncbi.nlm.nih.gov/biosample/SAMN12426382","SRA: https://www.ncbi.nlm.nih.gov/sra?term=SRX6635509","ftp://ftp.ncbi.nlm.nih.gov/geo/samples/GSM3998nnn/GSM3998199/suppl/GSM3998199_101-Ann-Daly_S1.counts.txt.gz","NAFLD","2","NASH_F2","5","early"
"GSM3998200","Liver patient 167","GSM3998200","Public on Dec 03 2020","Aug 01 2019","Apr 28 2021","SRA","1","NAFLD_moderate_liver biopsy","Homo sapiens","nas score: 4","fibrosis stage: 3","group in paper: NASH_F3","disease: NAFLD","Stage: moderate","total RNA","Frozen tissue samples were lysed using Trizol (Sigma-Aldrich) and mRNA was extracted with the Allprep DNA/RNA Micro kit (Qiagen). Concentrations and quality were assessed using the Agilent Pico 6000 kit on the Bioanalyzer 2100.","RNA libraries were prepared for sequencing using standard Illumina protocols","9606","102-Ann-Daly_S2","Reads were cropped to 75bp using Trimmomatic","Reads were mapped to GRCh38 (ensembl release 78) using STAR (v2.4.2a)","Gene count tables were produced using HTSeq-count (v0.11.2) with -r pos -s reverse","Genome_build: GRCh38, Ensembl release 78","Supplementary_files_format_and_content: txt files with gene-level counts","GPL18573","Simon,,Cockell","simon.cockell@newcastle.ac.uk","Newcastle University","Framlington Place","Newcastle","NE2 4HH","United Kingdom","0","Illumina NextSeq 500","cDNA","transcriptomic","RNA-Seq","BioSample: https://www.ncbi.nlm.nih.gov/biosample/SAMN12426381","SRA: https://www.ncbi.nlm.nih.gov/sra?term=SRX6635510","ftp://ftp.ncbi.nlm.nih.gov/geo/samples/GSM3998nnn/GSM3998200/suppl/GSM3998200_102-Ann-Daly_S2.counts.txt.gz","NAFLD","3","NASH_F3","4","moderate"
"GSM3998201","Liver patient 168","GSM3998201","Public on Dec 03 2020","Aug 01 2019","Apr 28 2021","SRA","1","NAFLD_moderate_liver biopsy","Homo sapiens","nas score: 8","fibrosis stage: 4","group in paper: NASH_F4","disease: NAFLD","Stage: moderate","total RNA","Frozen tissue samples were lysed using Trizol (Sigma-Aldrich) and mRNA was extracted with the Allprep DNA/RNA Micro kit (Qiagen). Concentrations and quality were assessed using the Agilent Pico 6000 kit on the Bioanalyzer 2100.","RNA libraries were prepared for sequencing using standard Illumina protocols","9606","103-Ann-Daly_S3","Reads were cropped to 75bp using Trimmomatic","Reads were mapped to GRCh38 (ensembl release 78) using STAR (v2.4.2a)","Gene count tables were produced using HTSeq-count (v0.11.2) with -r pos -s reverse","Genome_build: GRCh38, Ensembl release 78","Supplementary_files_format_and_content: txt files with gene-level counts","GPL18573","Simon,,Cockell","simon.cockell@newcastle.ac.uk","Newcastle University","Framlington Place","Newcastle","NE2 4HH","United Kingdom","0","Illumina NextSeq 500","cDNA","transcriptomic","RNA-Seq","BioSample: https://www.ncbi.nlm.nih.gov/biosample/SAMN12426380","SRA: https://www.ncbi.nlm.nih.gov/sra?term=SRX6635511","ftp://ftp.ncbi.nlm.nih.gov/geo/samples/GSM3998nnn/GSM3998201/suppl/GSM3998201_103-Ann-Daly_S3.counts.txt.gz","NAFLD","4","NASH_F4","8","moderate"
"GSM3998202","Liver patient 169","GSM3998202","Public on Dec 03 2020","Aug 01 2019","Apr 28 2021","SRA","1","NAFLD_early_liver biopsy","Homo sapiens","nas score: 5","fibrosis stage: 0","group in paper: NAFL","disease: NAFLD","Stage: early","total RNA","Frozen tissue samples were lysed using Trizol (Sigma-Aldrich) and mRNA was extracted with the Allprep DNA/RNA Micro kit (Qiagen). Concentrations and quality were assessed using the Agilent Pico 6000 kit on the Bioanalyzer 2100.","RNA libraries were prepared for sequencing using standard Illumina protocols","9606","104-Ann-Daly_S4","Reads were cropped to 75bp using Trimmomatic","Reads were mapped to GRCh38 (ensembl release 78) using STAR (v2.4.2a)","Gene count tables were produced using HTSeq-count (v0.11.2) with -r pos -s reverse","Genome_build: GRCh38, Ensembl release 78","Supplementary_files_format_and_content: txt files with gene-level counts","GPL18573","Simon,,Cockell","simon.cockell@newcastle.ac.uk","Newcastle University","Framlington Place","Newcastle","NE2 4HH","United Kingdom","0","Illumina NextSeq 500","cDNA","transcriptomic","RNA-Seq","BioSample: https://www.ncbi.nlm.nih.gov/biosample/SAMN12426379","SRA: https://www.ncbi.nlm.nih.gov/sra?term=SRX6635512","ftp://ftp.ncbi.nlm.nih.gov/geo/samples/GSM3998nnn/GSM3998202/suppl/GSM3998202_104-Ann-Daly_S4.counts.txt.gz","NAFLD","0","NAFL","5","early"
"GSM3998203","Liver patient 170","GSM3998203","Public on Dec 03 2020","Aug 01 2019","Apr 28 2021","SRA","1","NAFLD_moderate_liver biopsy","Homo sapiens","nas score: 4","fibrosis stage: 3","group in paper: NASH_F3","disease: NAFLD","Stage: moderate","total RNA","Frozen tissue samples were lysed using Trizol (Sigma-Aldrich) and mRNA was extracted with the Allprep DNA/RNA Micro kit (Qiagen). Concentrations and quality were assessed using the Agilent Pico 6000 kit on the Bioanalyzer 2100.","RNA libraries were prepared for sequencing using standard Illumina protocols","9606","105-Ann-Daly_S5","Reads were cropped to 75bp using Trimmomatic","Reads were mapped to GRCh38 (ensembl release 78) using STAR (v2.4.2a)","Gene count tables were produced using HTSeq-count (v0.11.2) with -r pos -s reverse","Genome_build: GRCh38, Ensembl release 78","Supplementary_files_format_and_content: txt files with gene-level counts","GPL18573","Simon,,Cockell","simon.cockell@newcastle.ac.uk","Newcastle University","Framlington Place","Newcastle","NE2 4HH","United Kingdom","0","Illumina NextSeq 500","cDNA","transcriptomic","RNA-Seq","BioSample: https://www.ncbi.nlm.nih.gov/biosample/SAMN12426378","SRA: https://www.ncbi.nlm.nih.gov/sra?term=SRX6635513","ftp://ftp.ncbi.nlm.nih.gov/geo/samples/GSM3998nnn/GSM3998203/suppl/GSM3998203_105-Ann-Daly_S5.counts.txt.gz","NAFLD","3","NASH_F3","4","moderate"
"GSM3998204","Liver patient 171","GSM3998204","Public on Dec 03 2020","Aug 01 2019","Apr 28 2021","SRA","1","NAFLD_early_liver biopsy","Homo sapiens","nas score: 6","fibrosis stage: 1","group in paper: NASH_F0-F1","disease: NAFLD","Stage: early","total RNA","Frozen tissue samples were lysed using Trizol (Sigma-Aldrich) and mRNA was extracted with the Allprep DNA/RNA Micro kit (Qiagen). Concentrations and quality were assessed using the Agilent Pico 6000 kit on the Bioanalyzer 2100.","RNA libraries were prepared for sequencing using standard Illumina protocols","9606","106-Ann-Daly_S6","Reads were cropped to 75bp using Trimmomatic","Reads were mapped to GRCh38 (ensembl release 78) using STAR (v2.4.2a)","Gene count tables were produced using HTSeq-count (v0.11.2) with -r pos -s reverse","Genome_build: GRCh38, Ensembl release 78","Supplementary_files_format_and_content: txt files with gene-level counts","GPL18573","Simon,,Cockell","simon.cockell@newcastle.ac.uk","Newcastle University","Framlington Place","Newcastle","NE2 4HH","United Kingdom","0","Illumina NextSeq 500","cDNA","transcriptomic","RNA-Seq","BioSample: https://www.ncbi.nlm.nih.gov/biosample/SAMN12426377","SRA: https://www.ncbi.nlm.nih.gov/sra?term=SRX6635514","ftp://ftp.ncbi.nlm.nih.gov/geo/samples/GSM3998nnn/GSM3998204/suppl/GSM3998204_106-Ann-Daly_S6.counts.txt.gz","NAFLD","1","NASH_F0-F1","6","early"
"GSM3998205","Liver patient 172","GSM3998205","Public on Dec 03 2020","Aug 01 2019","Apr 28 2021","SRA","1","NAFLD_early_liver biopsy","Homo sapiens","nas score: 3","fibrosis stage: 1","group in paper: NAFL","disease: NAFLD","Stage: early","total RNA","Frozen tissue samples were lysed using Trizol (Sigma-Aldrich) and mRNA was extracted with the Allprep DNA/RNA Micro kit (Qiagen). Concentrations and quality were assessed using the Agilent Pico 6000 kit on the Bioanalyzer 2100.","RNA libraries were prepared for sequencing using standard Illumina protocols","9606","108-Ann-Daly_S8","Reads were cropped to 75bp using Trimmomatic","Reads were mapped to GRCh38 (ensembl release 78) using STAR (v2.4.2a)","Gene count tables were produced using HTSeq-count (v0.11.2) with -r pos -s reverse","Genome_build: GRCh38, Ensembl release 78","Supplementary_files_format_and_content: txt files with gene-level counts","GPL18573","Simon,,Cockell","simon.cockell@newcastle.ac.uk","Newcastle University","Framlington Place","Newcastle","NE2 4HH","United Kingdom","0","Illumina NextSeq 500","cDNA","transcriptomic","RNA-Seq","BioSample: https://www.ncbi.nlm.nih.gov/biosample/SAMN12426376","SRA: https://www.ncbi.nlm.nih.gov/sra?term=SRX6635515","ftp://ftp.ncbi.nlm.nih.gov/geo/samples/GSM3998nnn/GSM3998205/suppl/GSM3998205_108-Ann-Daly_S8.counts.txt.gz","NAFLD","1","NAFL","3","early"
"GSM3998206","Liver patient 173","GSM3998206","Public on Dec 03 2020","Aug 01 2019","Apr 28 2021","SRA","1","NAFLD_early_liver biopsy","Homo sapiens","nas score: 6","fibrosis stage: 0","group in paper: NASH_F0-F1","disease: NAFLD","Stage: early","total RNA","Frozen tissue samples were lysed using Trizol (Sigma-Aldrich) and mRNA was extracted with the Allprep DNA/RNA Micro kit (Qiagen). Concentrations and quality were assessed using the Agilent Pico 6000 kit on the Bioanalyzer 2100.","RNA libraries were prepared for sequencing using standard Illumina protocols","9606","109-Ann-Daly_S1","Reads were cropped to 75bp using Trimmomatic","Reads were mapped to GRCh38 (ensembl release 78) using STAR (v2.4.2a)","Gene count tables were produced using HTSeq-count (v0.11.2) with -r pos -s reverse","Genome_build: GRCh38, Ensembl release 78","Supplementary_files_format_and_content: txt files with gene-level counts","GPL18573","Simon,,Cockell","simon.cockell@newcastle.ac.uk","Newcastle University","Framlington Place","Newcastle","NE2 4HH","United Kingdom","0","Illumina NextSeq 500","cDNA","transcriptomic","RNA-Seq","BioSample: https://www.ncbi.nlm.nih.gov/biosample/SAMN12426375","SRA: https://www.ncbi.nlm.nih.gov/sra?term=SRX6635516","ftp://ftp.ncbi.nlm.nih.gov/geo/samples/GSM3998nnn/GSM3998206/suppl/GSM3998206_109-Ann-Daly_S1.counts.txt.gz","NAFLD","0","NASH_F0-F1","6","early"
"GSM3998207","Liver patient 174","GSM3998207","Public on Dec 03 2020","Aug 01 2019","Apr 28 2021","SRA","1","NAFLD_moderate_liver biopsy","Homo sapiens","nas score: 6","fibrosis stage: 3","group in paper: NASH_F3","disease: NAFLD","Stage: moderate","total RNA","Frozen tissue samples were lysed using Trizol (Sigma-Aldrich) and mRNA was extracted with the Allprep DNA/RNA Micro kit (Qiagen). Concentrations and quality were assessed using the Agilent Pico 6000 kit on the Bioanalyzer 2100.","RNA libraries were prepared for sequencing using standard Illumina protocols","9606","110-Ann-Daly_S2","Reads were cropped to 75bp using Trimmomatic","Reads were mapped to GRCh38 (ensembl release 78) using STAR (v2.4.2a)","Gene count tables were produced using HTSeq-count (v0.11.2) with -r pos -s reverse","Genome_build: GRCh38, Ensembl release 78","Supplementary_files_format_and_content: txt files with gene-level counts","GPL18573","Simon,,Cockell","simon.cockell@newcastle.ac.uk","Newcastle University","Framlington Place","Newcastle","NE2 4HH","United Kingdom","0","Illumina NextSeq 500","cDNA","transcriptomic","RNA-Seq","BioSample: https://www.ncbi.nlm.nih.gov/biosample/SAMN12426370","SRA: https://www.ncbi.nlm.nih.gov/sra?term=SRX6635517","ftp://ftp.ncbi.nlm.nih.gov/geo/samples/GSM3998nnn/GSM3998207/suppl/GSM3998207_110-Ann-Daly_S2.counts.txt.gz","NAFLD","3","NASH_F3","6","moderate"
"GSM3998208","Liver patient 175","GSM3998208","Public on Dec 03 2020","Aug 01 2019","Apr 28 2021","SRA","1","NAFLD_moderate_liver biopsy","Homo sapiens","nas score: 5","fibrosis stage: 4","group in paper: NASH_F4","disease: NAFLD","Stage: moderate","total RNA","Frozen tissue samples were lysed using Trizol (Sigma-Aldrich) and mRNA was extracted with the Allprep DNA/RNA Micro kit (Qiagen). Concentrations and quality were assessed using the Agilent Pico 6000 kit on the Bioanalyzer 2100.","RNA libraries were prepared for sequencing using standard Illumina protocols","9606","111-Ann-Daly_S3","Reads were cropped to 75bp using Trimmomatic","Reads were mapped to GRCh38 (ensembl release 78) using STAR (v2.4.2a)","Gene count tables were produced using HTSeq-count (v0.11.2) with -r pos -s reverse","Genome_build: GRCh38, Ensembl release 78","Supplementary_files_format_and_content: txt files with gene-level counts","GPL18573","Simon,,Cockell","simon.cockell@newcastle.ac.uk","Newcastle University","Framlington Place","Newcastle","NE2 4HH","United Kingdom","0","Illumina NextSeq 500","cDNA","transcriptomic","RNA-Seq","BioSample: https://www.ncbi.nlm.nih.gov/biosample/SAMN12426369","SRA: https://www.ncbi.nlm.nih.gov/sra?term=SRX6635518","ftp://ftp.ncbi.nlm.nih.gov/geo/samples/GSM3998nnn/GSM3998208/suppl/GSM3998208_111-Ann-Daly_S3.counts.txt.gz","NAFLD","4","NASH_F4","5","moderate"
"GSM3998209","Liver patient 176","GSM3998209","Public on Dec 03 2020","Aug 01 2019","Apr 28 2021","SRA","1","NAFLD_moderate_liver biopsy","Homo sapiens","nas score: 8","fibrosis stage: 3","group in paper: NASH_F3","disease: NAFLD","Stage: moderate","total RNA","Frozen tissue samples were lysed using Trizol (Sigma-Aldrich) and mRNA was extracted with the Allprep DNA/RNA Micro kit (Qiagen). Concentrations and quality were assessed using the Agilent Pico 6000 kit on the Bioanalyzer 2100.","RNA libraries were prepared for sequencing using standard Illumina protocols","9606","112-Ann-Daly_S4","Reads were cropped to 75bp using Trimmomatic","Reads were mapped to GRCh38 (ensembl release 78) using STAR (v2.4.2a)","Gene count tables were produced using HTSeq-count (v0.11.2) with -r pos -s reverse","Genome_build: GRCh38, Ensembl release 78","Supplementary_files_format_and_content: txt files with gene-level counts","GPL18573","Simon,,Cockell","simon.cockell@newcastle.ac.uk","Newcastle University","Framlington Place","Newcastle","NE2 4HH","United Kingdom","0","Illumina NextSeq 500","cDNA","transcriptomic","RNA-Seq","BioSample: https://www.ncbi.nlm.nih.gov/biosample/SAMN12426374","SRA: https://www.ncbi.nlm.nih.gov/sra?term=SRX6635519","ftp://ftp.ncbi.nlm.nih.gov/geo/samples/GSM3998nnn/GSM3998209/suppl/GSM3998209_112-Ann-Daly_S4.counts.txt.gz","NAFLD","3","NASH_F3","8","moderate"
"GSM3998210","Liver patient 177","GSM3998210","Public on Dec 03 2020","Aug 01 2019","Apr 28 2021","SRA","1","NAFLD_moderate_liver biopsy","Homo sapiens","nas score: 5","fibrosis stage: 3","group in paper: NASH_F3","disease: NAFLD","Stage: moderate","total RNA","Frozen tissue samples were lysed using Trizol (Sigma-Aldrich) and mRNA was extracted with the Allprep DNA/RNA Micro kit (Qiagen). Concentrations and quality were assessed using the Agilent Pico 6000 kit on the Bioanalyzer 2100.","RNA libraries were prepared for sequencing using standard Illumina protocols","9606","114-Ann-Daly_S5","Reads were cropped to 75bp using Trimmomatic","Reads were mapped to GRCh38 (ensembl release 78) using STAR (v2.4.2a)","Gene count tables were produced using HTSeq-count (v0.11.2) with -r pos -s reverse","Genome_build: GRCh38, Ensembl release 78","Supplementary_files_format_and_content: txt files with gene-level counts","GPL18573","Simon,,Cockell","simon.cockell@newcastle.ac.uk","Newcastle University","Framlington Place","Newcastle","NE2 4HH","United Kingdom","0","Illumina NextSeq 500","cDNA","transcriptomic","RNA-Seq","BioSample: https://www.ncbi.nlm.nih.gov/biosample/SAMN12426373","SRA: https://www.ncbi.nlm.nih.gov/sra?term=SRX6635520","ftp://ftp.ncbi.nlm.nih.gov/geo/samples/GSM3998nnn/GSM3998210/suppl/GSM3998210_114-Ann-Daly_S5.counts.txt.gz","NAFLD","3","NASH_F3","5","moderate"
"GSM3998211","Liver patient 123","GSM3998211","Public on Dec 03 2020","Aug 01 2019","Apr 28 2021","SRA","1","NAFLD_early_liver biopsy","Homo sapiens","nas score: 5","fibrosis stage: 2","group in paper: NASH_F2","disease: NAFLD","Stage: early","total RNA","Frozen tissue samples were lysed using Trizol (Sigma-Aldrich) and mRNA was extracted with the Allprep DNA/RNA Micro kit (Qiagen). Concentrations and quality were assessed using the Agilent Pico 6000 kit on the Bioanalyzer 2100.","RNA libraries were prepared for sequencing using standard Illumina protocols","9606","115-Ann-Daly_S6","Reads were cropped to 75bp using Trimmomatic","Reads were mapped to GRCh38 (ensembl release 78) using STAR (v2.4.2a)","Gene count tables were produced using HTSeq-count (v0.11.2) with -r pos -s reverse","Genome_build: GRCh38, Ensembl release 78","Supplementary_files_format_and_content: txt files with gene-level counts","GPL18573","Simon,,Cockell","simon.cockell@newcastle.ac.uk","Newcastle University","Framlington Place","Newcastle","NE2 4HH","United Kingdom","0","Illumina NextSeq 500","cDNA","transcriptomic","RNA-Seq","BioSample: https://www.ncbi.nlm.nih.gov/biosample/SAMN12426372","SRA: https://www.ncbi.nlm.nih.gov/sra?term=SRX6635521","ftp://ftp.ncbi.nlm.nih.gov/geo/samples/GSM3998nnn/GSM3998211/suppl/GSM3998211_115-Ann-Daly_S6.counts.txt.gz","NAFLD","2","NASH_F2","5","early"
"GSM3998212","Liver patient 124","GSM3998212","Public on Dec 03 2020","Aug 01 2019","Apr 28 2021","SRA","1","NAFLD_early_liver biopsy","Homo sapiens","nas score: 5","fibrosis stage: 1","group in paper: NASH_F0-F1","disease: NAFLD","Stage: early","total RNA","Frozen tissue samples were lysed using Trizol (Sigma-Aldrich) and mRNA was extracted with the Allprep DNA/RNA Micro kit (Qiagen). Concentrations and quality were assessed using the Agilent Pico 6000 kit on the Bioanalyzer 2100.","RNA libraries were prepared for sequencing using standard Illumina protocols","9606","116-Ann-Daly_S7","Reads were cropped to 75bp using Trimmomatic","Reads were mapped to GRCh38 (ensembl release 78) using STAR (v2.4.2a)","Gene count tables were produced using HTSeq-count (v0.11.2) with -r pos -s reverse","Genome_build: GRCh38, Ensembl release 78","Supplementary_files_format_and_content: txt files with gene-level counts","GPL18573","Simon,,Cockell","simon.cockell@newcastle.ac.uk","Newcastle University","Framlington Place","Newcastle","NE2 4HH","United Kingdom","0","Illumina NextSeq 500","cDNA","transcriptomic","RNA-Seq","BioSample: https://www.ncbi.nlm.nih.gov/biosample/SAMN12426371","SRA: https://www.ncbi.nlm.nih.gov/sra?term=SRX6635522","ftp://ftp.ncbi.nlm.nih.gov/geo/samples/GSM3998nnn/GSM3998212/suppl/GSM3998212_116-Ann-Daly_S7.counts.txt.gz","NAFLD","1","NASH_F0-F1","5","early"
"GSM3998213","Liver patient 195","GSM3998213","Public on Dec 03 2020","Aug 01 2019","Apr 28 2021","SRA","1","NAFLD_early_liver biopsy","Homo sapiens","nas score: 4","fibrosis stage: 0","group in paper: NAFL","disease: NAFLD","Stage: early","total RNA","Frozen tissue samples were lysed using Trizol (Sigma-Aldrich) and mRNA was extracted with the Allprep DNA/RNA Micro kit (Qiagen). Concentrations and quality were assessed using the Agilent Pico 6000 kit on the Bioanalyzer 2100.","RNA libraries were prepared for sequencing using standard Illumina protocols","9606","12_469_R1.fastq.gz","Reads were cropped to 75bp using Trimmomatic","Reads were mapped to GRCh38 (ensembl release 78) using STAR (v2.4.2a)","Gene count tables were produced using HTSeq-count (v0.11.2) with -r pos -s reverse","Genome_build: GRCh38, Ensembl release 78","Supplementary_files_format_and_content: txt files with gene-level counts","GPL18573","Simon,,Cockell","simon.cockell@newcastle.ac.uk","Newcastle University","Framlington Place","Newcastle","NE2 4HH","United Kingdom","0","Illumina NextSeq 500","cDNA","transcriptomic","RNA-Seq","BioSample: https://www.ncbi.nlm.nih.gov/biosample/SAMN12426404","SRA: https://www.ncbi.nlm.nih.gov/sra?term=SRX6635523","ftp://ftp.ncbi.nlm.nih.gov/geo/samples/GSM3998nnn/GSM3998213/suppl/GSM3998213_12_469.counts.txt.gz","NAFLD","0","NAFL","4","early"
"GSM3998214","Liver patient 127","GSM3998214","Public on Dec 03 2020","Aug 01 2019","Apr 28 2021","SRA","1","NAFLD_moderate_liver biopsy","Homo sapiens","nas score: 6","fibrosis stage: 4","group in paper: NASH_F4","disease: NAFLD","Stage: moderate","total RNA","Frozen tissue samples were lysed using Trizol (Sigma-Aldrich) and mRNA was extracted with the Allprep DNA/RNA Micro kit (Qiagen). Concentrations and quality were assessed using the Agilent Pico 6000 kit on the Bioanalyzer 2100.","RNA libraries were prepared for sequencing using standard Illumina protocols","9606","120-Ann-Daly_S9","Reads were cropped to 75bp using Trimmomatic","Reads were mapped to GRCh38 (ensembl release 78) using STAR (v2.4.2a)","Gene count tables were produced using HTSeq-count (v0.11.2) with -r pos -s reverse","Genome_build: GRCh38, Ensembl release 78","Supplementary_files_format_and_content: txt files with gene-level counts","GPL18573","Simon,,Cockell","simon.cockell@newcastle.ac.uk","Newcastle University","Framlington Place","Newcastle","NE2 4HH","United Kingdom","0","Illumina NextSeq 500","cDNA","transcriptomic","RNA-Seq","BioSample: https://www.ncbi.nlm.nih.gov/biosample/SAMN12426323","SRA: https://www.ncbi.nlm.nih.gov/sra?term=SRX6635524","ftp://ftp.ncbi.nlm.nih.gov/geo/samples/GSM3998nnn/GSM3998214/suppl/GSM3998214_120-Ann-Daly_S9.counts.txt.gz","NAFLD","4","NASH_F4","6","moderate"
"GSM3998215","Liver patient 178","GSM3998215","Public on Dec 03 2020","Aug 01 2019","Apr 28 2021","SRA","1","NAFLD_early_liver biopsy","Homo sapiens","nas score: 7","fibrosis stage: 2","group in paper: NASH_F2","disease: NAFLD","Stage: early","total RNA","Frozen tissue samples were lysed using Trizol (Sigma-Aldrich) and mRNA was extracted with the Allprep DNA/RNA Micro kit (Qiagen). Concentrations and quality were assessed using the Agilent Pico 6000 kit on the Bioanalyzer 2100.","RNA libraries were prepared for sequencing using standard Illumina protocols","9606","124-Ann-Daly_S10","Reads were cropped to 75bp using Trimmomatic","Reads were mapped to GRCh38 (ensembl release 78) using STAR (v2.4.2a)","Gene count tables were produced using HTSeq-count (v0.11.2) with -r pos -s reverse","Genome_build: GRCh38, Ensembl release 78","Supplementary_files_format_and_content: txt files with gene-level counts","GPL18573","Simon,,Cockell","simon.cockell@newcastle.ac.uk","Newcastle University","Framlington Place","Newcastle","NE2 4HH","United Kingdom","0","Illumina NextSeq 500","cDNA","transcriptomic","RNA-Seq","BioSample: https://www.ncbi.nlm.nih.gov/biosample/SAMN12426322","SRA: https://www.ncbi.nlm.nih.gov/sra?term=SRX6635525","ftp://ftp.ncbi.nlm.nih.gov/geo/samples/GSM3998nnn/GSM3998215/suppl/GSM3998215_124-Ann-Daly_S10.counts.txt.gz","NAFLD","2","NASH_F2","7","early"
"GSM3998216","Liver control sample 2","GSM3998216","Public on Dec 03 2020","Aug 01 2019","Apr 28 2021","SRA","1","Control_control_liver biopsy","Homo sapiens","nas score: 0","fibrosis stage: 0","group in paper: control","disease: Control","Stage: control","total RNA","Frozen tissue samples were lysed using Trizol (Sigma-Aldrich) and mRNA was extracted with the Allprep DNA/RNA Micro kit (Qiagen). Concentrations and quality were assessed using the Agilent Pico 6000 kit on the Bioanalyzer 2100.","RNA libraries were prepared for sequencing using standard Illumina protocols","9606","127-Ann-Daly_S11","Reads were cropped to 75bp using Trimmomatic","Reads were mapped to GRCh38 (ensembl release 78) using STAR (v2.4.2a)","Gene count tables were produced using HTSeq-count (v0.11.2) with -r pos -s reverse","Genome_build: GRCh38, Ensembl release 78","Supplementary_files_format_and_content: txt files with gene-level counts","GPL18573","Simon,,Cockell","simon.cockell@newcastle.ac.uk","Newcastle University","Framlington Place","Newcastle","NE2 4HH","United Kingdom","0","Illumina NextSeq 500","cDNA","transcriptomic","RNA-Seq","BioSample: https://www.ncbi.nlm.nih.gov/biosample/SAMN12426321","SRA: https://www.ncbi.nlm.nih.gov/sra?term=SRX6635526","ftp://ftp.ncbi.nlm.nih.gov/geo/samples/GSM3998nnn/GSM3998216/suppl/GSM3998216_127-Ann-Daly_S11.counts.txt.gz","Control","0","control","0","control"
"GSM3998217","Liver control sample 3","GSM3998217","Public on Dec 03 2020","Aug 01 2019","Apr 28 2021","SRA","1","Control_control_liver biopsy","Homo sapiens","nas score: 0","fibrosis stage: 0","group in paper: control","disease: Control","Stage: control","total RNA","Frozen tissue samples were lysed using Trizol (Sigma-Aldrich) and mRNA was extracted with the Allprep DNA/RNA Micro kit (Qiagen). Concentrations and quality were assessed using the Agilent Pico 6000 kit on the Bioanalyzer 2100.","RNA libraries were prepared for sequencing using standard Illumina protocols","9606","128-Ann-Daly_S12","Reads were cropped to 75bp using Trimmomatic","Reads were mapped to GRCh38 (ensembl release 78) using STAR (v2.4.2a)","Gene count tables were produced using HTSeq-count (v0.11.2) with -r pos -s reverse","Genome_build: GRCh38, Ensembl release 78","Supplementary_files_format_and_content: txt files with gene-level counts","GPL18573","Simon,,Cockell","simon.cockell@newcastle.ac.uk","Newcastle University","Framlington Place","Newcastle","NE2 4HH","United Kingdom","0","Illumina NextSeq 500","cDNA","transcriptomic","RNA-Seq","BioSample: https://www.ncbi.nlm.nih.gov/biosample/SAMN12426320","SRA: https://www.ncbi.nlm.nih.gov/sra?term=SRX6635527","ftp://ftp.ncbi.nlm.nih.gov/geo/samples/GSM3998nnn/GSM3998217/suppl/GSM3998217_128-Ann-Daly_S12.counts.txt.gz","Control","0","control","0","control"
"GSM3998218","Liver control sample 5","GSM3998218","Public on Dec 03 2020","Aug 01 2019","Apr 28 2021","SRA","1","Control_control_liver biopsy","Homo sapiens","nas score: 0","fibrosis stage: 0","group in paper: control","disease: Control","Stage: control","total RNA","Frozen tissue samples were lysed using Trizol (Sigma-Aldrich) and mRNA was extracted with the Allprep DNA/RNA Micro kit (Qiagen). Concentrations and quality were assessed using the Agilent Pico 6000 kit on the Bioanalyzer 2100.","RNA libraries were prepared for sequencing using standard Illumina protocols","9606","129-Ann-Daly_S13","Reads were cropped to 75bp using Trimmomatic","Reads were mapped to GRCh38 (ensembl release 78) using STAR (v2.4.2a)","Gene count tables were produced using HTSeq-count (v0.11.2) with -r pos -s reverse","Genome_build: GRCh38, Ensembl release 78","Supplementary_files_format_and_content: txt files with gene-level counts","GPL18573","Simon,,Cockell","simon.cockell@newcastle.ac.uk","Newcastle University","Framlington Place","Newcastle","NE2 4HH","United Kingdom","0","Illumina NextSeq 500","cDNA","transcriptomic","RNA-Seq","BioSample: https://www.ncbi.nlm.nih.gov/biosample/SAMN12426319","SRA: https://www.ncbi.nlm.nih.gov/sra?term=SRX6635528","ftp://ftp.ncbi.nlm.nih.gov/geo/samples/GSM3998nnn/GSM3998218/suppl/GSM3998218_129-Ann-Daly_S13.counts.txt.gz","Control","0","control","0","control"
"GSM3998219","Liver patient 196","GSM3998219","Public on Dec 03 2020","Aug 01 2019","Apr 28 2021","SRA","1","NAFLD_early_liver biopsy","Homo sapiens","nas score: 2","fibrosis stage: 0","group in paper: NAFL","disease: NAFLD","Stage: early","total RNA","Frozen tissue samples were lysed using Trizol (Sigma-Aldrich) and mRNA was extracted with the Allprep DNA/RNA Micro kit (Qiagen). Concentrations and quality were assessed using the Agilent Pico 6000 kit on the Bioanalyzer 2100.","RNA libraries were prepared for sequencing using standard Illumina protocols","9606","13_470_R1.fastq.gz","Reads were cropped to 75bp using Trimmomatic","Reads were mapped to GRCh38 (ensembl release 78) using STAR (v2.4.2a)","Gene count tables were produced using HTSeq-count (v0.11.2) with -r pos -s reverse","Genome_build: GRCh38, Ensembl release 78","Supplementary_files_format_and_content: txt files with gene-level counts","GPL18573","Simon,,Cockell","simon.cockell@newcastle.ac.uk","Newcastle University","Framlington Place","Newcastle","NE2 4HH","United Kingdom","0","Illumina NextSeq 500","cDNA","transcriptomic","RNA-Seq","BioSample: https://www.ncbi.nlm.nih.gov/biosample/SAMN12426318","SRA: https://www.ncbi.nlm.nih.gov/sra?term=SRX6635529","ftp://ftp.ncbi.nlm.nih.gov/geo/samples/GSM3998nnn/GSM3998219/suppl/GSM3998219_13_470.counts.txt.gz","NAFLD","0","NAFL","2","early"
"GSM3998220","Liver control sample 6","GSM3998220","Public on Dec 03 2020","Aug 01 2019","Apr 28 2021","SRA","1","Control_control_liver biopsy","Homo sapiens","nas score: 0","fibrosis stage: 0","group in paper: control","disease: Control","Stage: control","total RNA","Frozen tissue samples were lysed using Trizol (Sigma-Aldrich) and mRNA was extracted with the Allprep DNA/RNA Micro kit (Qiagen). Concentrations and quality were assessed using the Agilent Pico 6000 kit on the Bioanalyzer 2100.","RNA libraries were prepared for sequencing using standard Illumina protocols","9606","130-Ann-Daly_S14","Reads were cropped to 75bp using Trimmomatic","Reads were mapped to GRCh38 (ensembl release 78) using STAR (v2.4.2a)","Gene count tables were produced using HTSeq-count (v0.11.2) with -r pos -s reverse","Genome_build: GRCh38, Ensembl release 78","Supplementary_files_format_and_content: txt files with gene-level counts","GPL18573","Simon,,Cockell","simon.cockell@newcastle.ac.uk","Newcastle University","Framlington Place","Newcastle","NE2 4HH","United Kingdom","0","Illumina NextSeq 500","cDNA","transcriptomic","RNA-Seq","BioSample: https://www.ncbi.nlm.nih.gov/biosample/SAMN12426317","SRA: https://www.ncbi.nlm.nih.gov/sra?term=SRX6635530","ftp://ftp.ncbi.nlm.nih.gov/geo/samples/GSM3998nnn/GSM3998220/suppl/GSM3998220_130-Ann-Daly_S14.counts.txt.gz","Control","0","control","0","control"
"GSM3998221","Liver control sample 7","GSM3998221","Public on Dec 03 2020","Aug 01 2019","Apr 28 2021","SRA","1","Control_control_liver biopsy","Homo sapiens","nas score: 0","fibrosis stage: 0","group in paper: control","disease: Control","Stage: control","total RNA","Frozen tissue samples were lysed using Trizol (Sigma-Aldrich) and mRNA was extracted with the Allprep DNA/RNA Micro kit (Qiagen). Concentrations and quality were assessed using the Agilent Pico 6000 kit on the Bioanalyzer 2100.","RNA libraries were prepared for sequencing using standard Illumina protocols","9606","132-Ann-Daly_S15","Reads were cropped to 75bp using Trimmomatic","Reads were mapped to GRCh38 (ensembl release 78) using STAR (v2.4.2a)","Gene count tables were produced using HTSeq-count (v0.11.2) with -r pos -s reverse","Genome_build: GRCh38, Ensembl release 78","Supplementary_files_format_and_content: txt files with gene-level counts","GPL18573","Simon,,Cockell","simon.cockell@newcastle.ac.uk","Newcastle University","Framlington Place","Newcastle","NE2 4HH","United Kingdom","0","Illumina NextSeq 500","cDNA","transcriptomic","RNA-Seq","BioSample: https://www.ncbi.nlm.nih.gov/biosample/SAMN12426316","SRA: https://www.ncbi.nlm.nih.gov/sra?term=SRX6635531","ftp://ftp.ncbi.nlm.nih.gov/geo/samples/GSM3998nnn/GSM3998221/suppl/GSM3998221_132-Ann-Daly_S15.counts.txt.gz","Control","0","control","0","control"
"GSM3998222","Liver control sample 8","GSM3998222","Public on Dec 03 2020","Aug 01 2019","Apr 28 2021","SRA","1","Control_control_liver biopsy","Homo sapiens","nas score: 0","fibrosis stage: 0","group in paper: control","disease: Control","Stage: control","total RNA","Frozen tissue samples were lysed using Trizol (Sigma-Aldrich) and mRNA was extracted with the Allprep DNA/RNA Micro kit (Qiagen). Concentrations and quality were assessed using the Agilent Pico 6000 kit on the Bioanalyzer 2100.","RNA libraries were prepared for sequencing using standard Illumina protocols","9606","133-Ann-Daly_S16","Reads were cropped to 75bp using Trimmomatic","Reads were mapped to GRCh38 (ensembl release 78) using STAR (v2.4.2a)","Gene count tables were produced using HTSeq-count (v0.11.2) with -r pos -s reverse","Genome_build: GRCh38, Ensembl release 78","Supplementary_files_format_and_content: txt files with gene-level counts","GPL18573","Simon,,Cockell","simon.cockell@newcastle.ac.uk","Newcastle University","Framlington Place","Newcastle","NE2 4HH","United Kingdom","0","Illumina NextSeq 500","cDNA","transcriptomic","RNA-Seq","BioSample: https://www.ncbi.nlm.nih.gov/biosample/SAMN12426315","SRA: https://www.ncbi.nlm.nih.gov/sra?term=SRX6635532","ftp://ftp.ncbi.nlm.nih.gov/geo/samples/GSM3998nnn/GSM3998222/suppl/GSM3998222_133-Ann-Daly_S16.counts.txt.gz","Control","0","control","0","control"
"GSM3998223","Liver control sample 9","GSM3998223","Public on Dec 03 2020","Aug 01 2019","Apr 28 2021","SRA","1","Control_control_liver biopsy","Homo sapiens","nas score: 0","fibrosis stage: 0","group in paper: control","disease: Control","Stage: control","total RNA","Frozen tissue samples were lysed using Trizol (Sigma-Aldrich) and mRNA was extracted with the Allprep DNA/RNA Micro kit (Qiagen). Concentrations and quality were assessed using the Agilent Pico 6000 kit on the Bioanalyzer 2100.","RNA libraries were prepared for sequencing using standard Illumina protocols","9606","134-Ann-Daly_S1","Reads were cropped to 75bp using Trimmomatic","Reads were mapped to GRCh38 (ensembl release 78) using STAR (v2.4.2a)","Gene count tables were produced using HTSeq-count (v0.11.2) with -r pos -s reverse","Genome_build: GRCh38, Ensembl release 78","Supplementary_files_format_and_content: txt files with gene-level counts","GPL18573","Simon,,Cockell","simon.cockell@newcastle.ac.uk","Newcastle University","Framlington Place","Newcastle","NE2 4HH","United Kingdom","0","Illumina NextSeq 500","cDNA","transcriptomic","RNA-Seq","BioSample: https://www.ncbi.nlm.nih.gov/biosample/SAMN12426314","SRA: https://www.ncbi.nlm.nih.gov/sra?term=SRX6635533","ftp://ftp.ncbi.nlm.nih.gov/geo/samples/GSM3998nnn/GSM3998223/suppl/GSM3998223_134-Ann-Daly_S1.counts.txt.gz","Control","0","control","0","control"
"GSM3998224","Liver control sample 10","GSM3998224","Public on Dec 03 2020","Aug 01 2019","Apr 28 2021","SRA","1","Control_control_liver biopsy","Homo sapiens","nas score: 0","fibrosis stage: 1","group in paper: control","disease: Control","Stage: control","total RNA","Frozen tissue samples were lysed using Trizol (Sigma-Aldrich) and mRNA was extracted with the Allprep DNA/RNA Micro kit (Qiagen). Concentrations and quality were assessed using the Agilent Pico 6000 kit on the Bioanalyzer 2100.","RNA libraries were prepared for sequencing using standard Illumina protocols","9606","135-Ann-Daly_S2","Reads were cropped to 75bp using Trimmomatic","Reads were mapped to GRCh38 (ensembl release 78) using STAR (v2.4.2a)","Gene count tables were produced using HTSeq-count (v0.11.2) with -r pos -s reverse","Genome_build: GRCh38, Ensembl release 78","Supplementary_files_format_and_content: txt files with gene-level counts","GPL18573","Simon,,Cockell","simon.cockell@newcastle.ac.uk","Newcastle University","Framlington Place","Newcastle","NE2 4HH","United Kingdom","0","Illumina NextSeq 500","cDNA","transcriptomic","RNA-Seq","BioSample: https://www.ncbi.nlm.nih.gov/biosample/SAMN12426313","SRA: https://www.ncbi.nlm.nih.gov/sra?term=SRX6635534","ftp://ftp.ncbi.nlm.nih.gov/geo/samples/GSM3998nnn/GSM3998224/suppl/GSM3998224_135-Ann-Daly_S2.counts.txt.gz","Control","1","control","0","control"
"GSM3998225","Liver patient 21","GSM3998225","Public on Dec 03 2020","Aug 01 2019","Apr 28 2021","SRA","1","NAFLD_moderate_liver biopsy","Homo sapiens","nas score: 6","fibrosis stage: 3","group in paper: NASH_F3","disease: NAFLD","Stage: moderate","total RNA","Frozen tissue samples were lysed using Trizol (Sigma-Aldrich) and mRNA was extracted with the Allprep DNA/RNA Micro kit (Qiagen). Concentrations and quality were assessed using the Agilent Pico 6000 kit on the Bioanalyzer 2100.","RNA libraries were prepared for sequencing using standard Illumina protocols","9606","136-Ann-Daly_S1","Reads were cropped to 75bp using Trimmomatic","Reads were mapped to GRCh38 (ensembl release 78) using STAR (v2.4.2a)","Gene count tables were produced using HTSeq-count (v0.11.2) with -r pos -s reverse","Genome_build: GRCh38, Ensembl release 78","Supplementary_files_format_and_content: txt files with gene-level counts","GPL18573","Simon,,Cockell","simon.cockell@newcastle.ac.uk","Newcastle University","Framlington Place","Newcastle","NE2 4HH","United Kingdom","0","Illumina NextSeq 500","cDNA","transcriptomic","RNA-Seq","BioSample: https://www.ncbi.nlm.nih.gov/biosample/SAMN12426368","SRA: https://www.ncbi.nlm.nih.gov/sra?term=SRX6635535","ftp://ftp.ncbi.nlm.nih.gov/geo/samples/GSM3998nnn/GSM3998225/suppl/GSM3998225_136-Ann-Daly_S1.counts.txt.gz","NAFLD","3","NASH_F3","6","moderate"
"GSM3998226","Liver patient 197","GSM3998226","Public on Dec 03 2020","Aug 01 2019","Apr 28 2021","SRA","1","NAFLD_moderate_liver biopsy","Homo sapiens","nas score: 7","fibrosis stage: 4","group in paper: NASH_F4","disease: NAFLD","Stage: moderate","total RNA","Frozen tissue samples were lysed using Trizol (Sigma-Aldrich) and mRNA was extracted with the Allprep DNA/RNA Micro kit (Qiagen). Concentrations and quality were assessed using the Agilent Pico 6000 kit on the Bioanalyzer 2100.","RNA libraries were prepared for sequencing using standard Illumina protocols","9606","14_472_R1.fastq.gz","Reads were cropped to 75bp using Trimmomatic","Reads were mapped to GRCh38 (ensembl release 78) using STAR (v2.4.2a)","Gene count tables were produced using HTSeq-count (v0.11.2) with -r pos -s reverse","Genome_build: GRCh38, Ensembl release 78","Supplementary_files_format_and_content: txt files with gene-level counts","GPL18573","Simon,,Cockell","simon.cockell@newcastle.ac.uk","Newcastle University","Framlington Place","Newcastle","NE2 4HH","United Kingdom","0","Illumina NextSeq 500","cDNA","transcriptomic","RNA-Seq","BioSample: https://www.ncbi.nlm.nih.gov/biosample/SAMN12426367","SRA: https://www.ncbi.nlm.nih.gov/sra?term=SRX6635536","ftp://ftp.ncbi.nlm.nih.gov/geo/samples/GSM3998nnn/GSM3998226/suppl/GSM3998226_14_472.counts.txt.gz","NAFLD","4","NASH_F4","7","moderate"
"GSM3998227","Liver patient 23","GSM3998227","Public on Dec 03 2020","Aug 01 2019","Apr 28 2021","SRA","1","NAFLD_moderate_liver biopsy","Homo sapiens","nas score: 3","fibrosis stage: 4","group in paper: NASH_F4","disease: NAFLD","Stage: moderate","total RNA","Frozen tissue samples were lysed using Trizol (Sigma-Aldrich) and mRNA was extracted with the Allprep DNA/RNA Micro kit (Qiagen). Concentrations and quality were assessed using the Agilent Pico 6000 kit on the Bioanalyzer 2100.","RNA libraries were prepared for sequencing using standard Illumina protocols","9606","141-Ann-Daly_S2","Reads were cropped to 75bp using Trimmomatic","Reads were mapped to GRCh38 (ensembl release 78) using STAR (v2.4.2a)","Gene count tables were produced using HTSeq-count (v0.11.2) with -r pos -s reverse","Genome_build: GRCh38, Ensembl release 78","Supplementary_files_format_and_content: txt files with gene-level counts","GPL18573","Simon,,Cockell","simon.cockell@newcastle.ac.uk","Newcastle University","Framlington Place","Newcastle","NE2 4HH","United Kingdom","0","Illumina NextSeq 500","cDNA","transcriptomic","RNA-Seq","BioSample: https://www.ncbi.nlm.nih.gov/biosample/SAMN12426365","SRA: https://www.ncbi.nlm.nih.gov/sra?term=SRX6635537","ftp://ftp.ncbi.nlm.nih.gov/geo/samples/GSM3998nnn/GSM3998227/suppl/GSM3998227_141-Ann-Daly_S2.counts.txt.gz","NAFLD","4","NASH_F4","3","moderate"
"GSM3998228","Liver patient 198","GSM3998228","Public on Dec 03 2020","Aug 01 2019","Apr 28 2021","SRA","1","NAFLD_early_liver biopsy","Homo sapiens","nas score: 7","fibrosis stage: 1","group in paper: NASH_F0-F1","disease: NAFLD","Stage: early","total RNA","Frozen tissue samples were lysed using Trizol (Sigma-Aldrich) and mRNA was extracted with the Allprep DNA/RNA Micro kit (Qiagen). Concentrations and quality were assessed using the Agilent Pico 6000 kit on the Bioanalyzer 2100.","RNA libraries were prepared for sequencing using standard Illumina protocols","9606","15_473_R1.fastq.gz","Reads were cropped to 75bp using Trimmomatic","Reads were mapped to GRCh38 (ensembl release 78) using STAR (v2.4.2a)","Gene count tables were produced using HTSeq-count (v0.11.2) with -r pos -s reverse","Genome_build: GRCh38, Ensembl release 78","Supplementary_files_format_and_content: txt files with gene-level counts","GPL18573","Simon,,Cockell","simon.cockell@newcastle.ac.uk","Newcastle University","Framlington Place","Newcastle","NE2 4HH","United Kingdom","0","Illumina NextSeq 500","cDNA","transcriptomic","RNA-Seq","BioSample: https://www.ncbi.nlm.nih.gov/biosample/SAMN12426364","SRA: https://www.ncbi.nlm.nih.gov/sra?term=SRX6635538","ftp://ftp.ncbi.nlm.nih.gov/geo/samples/GSM3998nnn/GSM3998228/suppl/GSM3998228_15_473.counts.txt.gz","NAFLD","1","NASH_F0-F1","7","early"
"GSM3998229","Liver patient 46","GSM3998229","Public on Dec 03 2020","Aug 01 2019","Apr 28 2021","SRA","1","NAFLD_moderate_liver biopsy","Homo sapiens","nas score: 5","fibrosis stage: 3","group in paper: NASH_F3","disease: NAFLD","Stage: moderate","total RNA","Frozen tissue samples were lysed using Trizol (Sigma-Aldrich) and mRNA was extracted with the Allprep DNA/RNA Micro kit (Qiagen). Concentrations and quality were assessed using the Agilent Pico 6000 kit on the Bioanalyzer 2100.","RNA libraries were prepared for sequencing using standard Illumina protocols","9606","152-Ann-Daly_S3","Reads were cropped to 75bp using Trimmomatic","Reads were mapped to GRCh38 (ensembl release 78) using STAR (v2.4.2a)","Gene count tables were produced using HTSeq-count (v0.11.2) with -r pos -s reverse","Genome_build: GRCh38, Ensembl release 78","Supplementary_files_format_and_content: txt files with gene-level counts","GPL18573","Simon,,Cockell","simon.cockell@newcastle.ac.uk","Newcastle University","Framlington Place","Newcastle","NE2 4HH","United Kingdom","0","Illumina NextSeq 500","cDNA","transcriptomic","RNA-Seq","BioSample: https://www.ncbi.nlm.nih.gov/biosample/SAMN12426363","SRA: https://www.ncbi.nlm.nih.gov/sra?term=SRX6635539","ftp://ftp.ncbi.nlm.nih.gov/geo/samples/GSM3998nnn/GSM3998229/suppl/GSM3998229_152-Ann-Daly_S3.counts.txt.gz","NAFLD","3","NASH_F3","5","moderate"
"GSM3998230","Liver patient 90","GSM3998230","Public on Dec 03 2020","Aug 01 2019","Apr 28 2021","SRA","1","NAFLD_moderate_liver biopsy","Homo sapiens","nas score: 3","fibrosis stage: 4","group in paper: NASH_F4","disease: NAFLD","Stage: moderate","total RNA","Frozen tissue samples were lysed using Trizol (Sigma-Aldrich) and mRNA was extracted with the Allprep DNA/RNA Micro kit (Qiagen). Concentrations and quality were assessed using the Agilent Pico 6000 kit on the Bioanalyzer 2100.","RNA libraries were prepared for sequencing using standard Illumina protocols","9606","155-Ann-Daly_S4","Reads were cropped to 75bp using Trimmomatic","Reads were mapped to GRCh38 (ensembl release 78) using STAR (v2.4.2a)","Gene count tables were produced using HTSeq-count (v0.11.2) with -r pos -s reverse","Genome_build: GRCh38, Ensembl release 78","Supplementary_files_format_and_content: txt files with gene-level counts","GPL18573","Simon,,Cockell","simon.cockell@newcastle.ac.uk","Newcastle University","Framlington Place","Newcastle","NE2 4HH","United Kingdom","0","Illumina NextSeq 500","cDNA","transcriptomic","RNA-Seq","BioSample: https://www.ncbi.nlm.nih.gov/biosample/SAMN12426361","SRA: https://www.ncbi.nlm.nih.gov/sra?term=SRX6635540","ftp://ftp.ncbi.nlm.nih.gov/geo/samples/GSM3998nnn/GSM3998230/suppl/GSM3998230_155-Ann-Daly_S4.counts.txt.gz","NAFLD","4","NASH_F4","3","moderate"
"GSM3998231","Liver patient 79","GSM3998231","Public on Dec 03 2020","Aug 01 2019","Apr 28 2021","SRA","1","NAFLD_early_liver biopsy","Homo sapiens","nas score: 3","fibrosis stage: 1","group in paper: NASH_F0-F1","disease: NAFLD","Stage: early","total RNA","Frozen tissue samples were lysed using Trizol (Sigma-Aldrich) and mRNA was extracted with the Allprep DNA/RNA Micro kit (Qiagen). Concentrations and quality were assessed using the Agilent Pico 6000 kit on the Bioanalyzer 2100.","RNA libraries were prepared for sequencing using standard Illumina protocols","9606","169-Ann-Daly_S5","Reads were cropped to 75bp using Trimmomatic","Reads were mapped to GRCh38 (ensembl release 78) using STAR (v2.4.2a)","Gene count tables were produced using HTSeq-count (v0.11.2) with -r pos -s reverse","Genome_build: GRCh38, Ensembl release 78","Supplementary_files_format_and_content: txt files with gene-level counts","GPL18573","Simon,,Cockell","simon.cockell@newcastle.ac.uk","Newcastle University","Framlington Place","Newcastle","NE2 4HH","United Kingdom","0","Illumina NextSeq 500","cDNA","transcriptomic","RNA-Seq","BioSample: https://www.ncbi.nlm.nih.gov/biosample/SAMN12426360","SRA: https://www.ncbi.nlm.nih.gov/sra?term=SRX6635541","ftp://ftp.ncbi.nlm.nih.gov/geo/samples/GSM3998nnn/GSM3998231/suppl/GSM3998231_169-Ann-Daly_S5.counts.txt.gz","NAFLD","1","NASH_F0-F1","3","early"
"GSM3998232","Liver patient 202","GSM3998232","Public on Dec 03 2020","Aug 01 2019","Apr 28 2021","SRA","1","NAFLD_early_liver biopsy","Homo sapiens","nas score: 1","fibrosis stage: 1","group in paper: NAFL","disease: NAFLD","Stage: early","total RNA","Frozen tissue samples were lysed using Trizol (Sigma-Aldrich) and mRNA was extracted with the Allprep DNA/RNA Micro kit (Qiagen). Concentrations and quality were assessed using the Agilent Pico 6000 kit on the Bioanalyzer 2100.","RNA libraries were prepared for sequencing using standard Illumina protocols","9606","17_82_R1.fastq.gz","Reads were cropped to 75bp using Trimmomatic","Reads were mapped to GRCh38 (ensembl release 78) using STAR (v2.4.2a)","Gene count tables were produced using HTSeq-count (v0.11.2) with -r pos -s reverse","Genome_build: GRCh38, Ensembl release 78","Supplementary_files_format_and_content: txt files with gene-level counts","GPL18573","Simon,,Cockell","simon.cockell@newcastle.ac.uk","Newcastle University","Framlington Place","Newcastle","NE2 4HH","United Kingdom","0","Illumina NextSeq 500","cDNA","transcriptomic","RNA-Seq","BioSample: https://www.ncbi.nlm.nih.gov/biosample/SAMN12426359","SRA: https://www.ncbi.nlm.nih.gov/sra?term=SRX6635542","ftp://ftp.ncbi.nlm.nih.gov/geo/samples/GSM3998nnn/GSM3998232/suppl/GSM3998232_17_82.counts.txt.gz","NAFLD","1","NAFL","1","early"
"GSM3998233","Liver patient 75","GSM3998233","Public on Dec 03 2020","Aug 01 2019","Apr 28 2021","SRA","1","NAFLD_moderate_liver biopsy","Homo sapiens","nas score: 4","fibrosis stage: 3","group in paper: NASH_F3","disease: NAFLD","Stage: moderate","total RNA","Frozen tissue samples were lysed using Trizol (Sigma-Aldrich) and mRNA was extracted with the Allprep DNA/RNA Micro kit (Qiagen). Concentrations and quality were assessed using the Agilent Pico 6000 kit on the Bioanalyzer 2100.","RNA libraries were prepared for sequencing using standard Illumina protocols","9606","172-Ann-Daly_S6","Reads were cropped to 75bp using Trimmomatic","Reads were mapped to GRCh38 (ensembl release 78) using STAR (v2.4.2a)","Gene count tables were produced using HTSeq-count (v0.11.2) with -r pos -s reverse","Genome_build: GRCh38, Ensembl release 78","Supplementary_files_format_and_content: txt files with gene-level counts","GPL18573","Simon,,Cockell","simon.cockell@newcastle.ac.uk","Newcastle University","Framlington Place","Newcastle","NE2 4HH","United Kingdom","0","Illumina NextSeq 500","cDNA","transcriptomic","RNA-Seq","BioSample: https://www.ncbi.nlm.nih.gov/biosample/SAMN12426357","SRA: https://www.ncbi.nlm.nih.gov/sra?term=SRX6635543","ftp://ftp.ncbi.nlm.nih.gov/geo/samples/GSM3998nnn/GSM3998233/suppl/GSM3998233_172-Ann-Daly_S6.counts.txt.gz","NAFLD","3","NASH_F3","4","moderate"
"GSM3998234","Liver patient 77","GSM3998234","Public on Dec 03 2020","Aug 01 2019","Apr 28 2021","SRA","1","NAFLD_early_liver biopsy","Homo sapiens","nas score: 6","fibrosis stage: 1","group in paper: NASH_F0-F1","disease: NAFLD","Stage: early","total RNA","Frozen tissue samples were lysed using Trizol (Sigma-Aldrich) and mRNA was extracted with the Allprep DNA/RNA Micro kit (Qiagen). Concentrations and quality were assessed using the Agilent Pico 6000 kit on the Bioanalyzer 2100.","RNA libraries were prepared for sequencing using standard Illumina protocols","9606","176-Ann-Daly_S7","Reads were cropped to 75bp using Trimmomatic","Reads were mapped to GRCh38 (ensembl release 78) using STAR (v2.4.2a)","Gene count tables were produced using HTSeq-count (v0.11.2) with -r pos -s reverse","Genome_build: GRCh38, Ensembl release 78","Supplementary_files_format_and_content: txt files with gene-level counts","GPL18573","Simon,,Cockell","simon.cockell@newcastle.ac.uk","Newcastle University","Framlington Place","Newcastle","NE2 4HH","United Kingdom","0","Illumina NextSeq 500","cDNA","transcriptomic","RNA-Seq","BioSample: https://www.ncbi.nlm.nih.gov/biosample/SAMN12426356","SRA: https://www.ncbi.nlm.nih.gov/sra?term=SRX6635544","ftp://ftp.ncbi.nlm.nih.gov/geo/samples/GSM3998nnn/GSM3998234/suppl/GSM3998234_176-Ann-Daly_S7.counts.txt.gz","NAFLD","1","NASH_F0-F1","6","early"
"GSM3998235","Liver patient 81","GSM3998235","Public on Dec 03 2020","Aug 01 2019","Apr 28 2021","SRA","1","NAFLD_early_liver biopsy","Homo sapiens","nas score: 4","fibrosis stage: 2","group in paper: NASH_F2","disease: NAFLD","Stage: early","total RNA","Frozen tissue samples were lysed using Trizol (Sigma-Aldrich) and mRNA was extracted with the Allprep DNA/RNA Micro kit (Qiagen). Concentrations and quality were assessed using the Agilent Pico 6000 kit on the Bioanalyzer 2100.","RNA libraries were prepared for sequencing using standard Illumina protocols","9606","177-Ann-Daly_S8","Reads were cropped to 75bp using Trimmomatic","Reads were mapped to GRCh38 (ensembl release 78) using STAR (v2.4.2a)","Gene count tables were produced using HTSeq-count (v0.11.2) with -r pos -s reverse","Genome_build: GRCh38, Ensembl release 78","Supplementary_files_format_and_content: txt files with gene-level counts","GPL18573","Simon,,Cockell","simon.cockell@newcastle.ac.uk","Newcastle University","Framlington Place","Newcastle","NE2 4HH","United Kingdom","0","Illumina NextSeq 500","cDNA","transcriptomic","RNA-Seq","BioSample: https://www.ncbi.nlm.nih.gov/biosample/SAMN12426355","SRA: https://www.ncbi.nlm.nih.gov/sra?term=SRX6635545","ftp://ftp.ncbi.nlm.nih.gov/geo/samples/GSM3998nnn/GSM3998235/suppl/GSM3998235_177-Ann-Daly_S8.counts.txt.gz","NAFLD","2","NASH_F2","4","early"
"GSM3998236","Liver patient 82","GSM3998236","Public on Dec 03 2020","Aug 01 2019","Apr 28 2021","SRA","1","NAFLD_early_liver biopsy","Homo sapiens","nas score: 3","fibrosis stage: 1","group in paper: NAFL","disease: NAFLD","Stage: early","total RNA","Frozen tissue samples were lysed using Trizol (Sigma-Aldrich) and mRNA was extracted with the Allprep DNA/RNA Micro kit (Qiagen). Concentrations and quality were assessed using the Agilent Pico 6000 kit on the Bioanalyzer 2100.","RNA libraries were prepared for sequencing using standard Illumina protocols","9606","179-Ann-Daly_S10","Reads were cropped to 75bp using Trimmomatic","Reads were mapped to GRCh38 (ensembl release 78) using STAR (v2.4.2a)","Gene count tables were produced using HTSeq-count (v0.11.2) with -r pos -s reverse","Genome_build: GRCh38, Ensembl release 78","Supplementary_files_format_and_content: txt files with gene-level counts","GPL18573","Simon,,Cockell","simon.cockell@newcastle.ac.uk","Newcastle University","Framlington Place","Newcastle","NE2 4HH","United Kingdom","0","Illumina NextSeq 500","cDNA","transcriptomic","RNA-Seq","BioSample: https://www.ncbi.nlm.nih.gov/biosample/SAMN12426353","SRA: https://www.ncbi.nlm.nih.gov/sra?term=SRX6635546","ftp://ftp.ncbi.nlm.nih.gov/geo/samples/GSM3998nnn/GSM3998236/suppl/GSM3998236_179-Ann-Daly_S10.counts.txt.gz","NAFLD","1","NAFL","3","early"
"GSM3998237","Liver patient 70","GSM3998237","Public on Dec 03 2020","Aug 01 2019","Apr 28 2021","SRA","1","NAFLD_early_liver biopsy","Homo sapiens","nas score: 4","fibrosis stage: 2","group in paper: NASH_F2","disease: NAFLD","Stage: early","total RNA","Frozen tissue samples were lysed using Trizol (Sigma-Aldrich) and mRNA was extracted with the Allprep DNA/RNA Micro kit (Qiagen). Concentrations and quality were assessed using the Agilent Pico 6000 kit on the Bioanalyzer 2100.","RNA libraries were prepared for sequencing using standard Illumina protocols","9606","184-Ann-Daly_S11","Reads were cropped to 75bp using Trimmomatic","Reads were mapped to GRCh38 (ensembl release 78) using STAR (v2.4.2a)","Gene count tables were produced using HTSeq-count (v0.11.2) with -r pos -s reverse","Genome_build: GRCh38, Ensembl release 78","Supplementary_files_format_and_content: txt files with gene-level counts","GPL18573","Simon,,Cockell","simon.cockell@newcastle.ac.uk","Newcastle University","Framlington Place","Newcastle","NE2 4HH","United Kingdom","0","Illumina NextSeq 500","cDNA","transcriptomic","RNA-Seq","BioSample: https://www.ncbi.nlm.nih.gov/biosample/SAMN12426352","SRA: https://www.ncbi.nlm.nih.gov/sra?term=SRX6635547","ftp://ftp.ncbi.nlm.nih.gov/geo/samples/GSM3998nnn/GSM3998237/suppl/GSM3998237_184-Ann-Daly_S11.counts.txt.gz","NAFLD","2","NASH_F2","4","early"
"GSM3998238","Liver patient 121","GSM3998238","Public on Dec 03 2020","Aug 01 2019","Apr 28 2021","SRA","1","NAFLD_early_liver biopsy","Homo sapiens","nas score: 4","fibrosis stage: 2","group in paper: NASH_F2","disease: NAFLD","Stage: early","total RNA","Frozen tissue samples were lysed using Trizol (Sigma-Aldrich) and mRNA was extracted with the Allprep DNA/RNA Micro kit (Qiagen). Concentrations and quality were assessed using the Agilent Pico 6000 kit on the Bioanalyzer 2100.","RNA libraries were prepared for sequencing using standard Illumina protocols","9606","185-Ann-Daly_S12","Reads were cropped to 75bp using Trimmomatic","Reads were mapped to GRCh38 (ensembl release 78) using STAR (v2.4.2a)","Gene count tables were produced using HTSeq-count (v0.11.2) with -r pos -s reverse","Genome_build: GRCh38, Ensembl release 78","Supplementary_files_format_and_content: txt files with gene-level counts","GPL18573","Simon,,Cockell","simon.cockell@newcastle.ac.uk","Newcastle University","Framlington Place","Newcastle","NE2 4HH","United Kingdom","0","Illumina NextSeq 500","cDNA","transcriptomic","RNA-Seq","BioSample: https://www.ncbi.nlm.nih.gov/biosample/SAMN12426351","SRA: https://www.ncbi.nlm.nih.gov/sra?term=SRX6635548","ftp://ftp.ncbi.nlm.nih.gov/geo/samples/GSM3998nnn/GSM3998238/suppl/GSM3998238_185-Ann-Daly_S12.counts.txt.gz","NAFLD","2","NASH_F2","4","early"
"GSM3998239","Liver patient 72","GSM3998239","Public on Dec 03 2020","Aug 01 2019","Apr 28 2021","SRA","1","NAFLD_moderate_liver biopsy","Homo sapiens","nas score: 5","fibrosis stage: 3","group in paper: NASH_F3","disease: NAFLD","Stage: moderate","total RNA","Frozen tissue samples were lysed using Trizol (Sigma-Aldrich) and mRNA was extracted with the Allprep DNA/RNA Micro kit (Qiagen). Concentrations and quality were assessed using the Agilent Pico 6000 kit on the Bioanalyzer 2100.","RNA libraries were prepared for sequencing using standard Illumina protocols","9606","186-Ann-Daly_S13","Reads were cropped to 75bp using Trimmomatic","Reads were mapped to GRCh38 (ensembl release 78) using STAR (v2.4.2a)","Gene count tables were produced using HTSeq-count (v0.11.2) with -r pos -s reverse","Genome_build: GRCh38, Ensembl release 78","Supplementary_files_format_and_content: txt files with gene-level counts","GPL18573","Simon,,Cockell","simon.cockell@newcastle.ac.uk","Newcastle University","Framlington Place","Newcastle","NE2 4HH","United Kingdom","0","Illumina NextSeq 500","cDNA","transcriptomic","RNA-Seq","BioSample: https://www.ncbi.nlm.nih.gov/biosample/SAMN12426350","SRA: https://www.ncbi.nlm.nih.gov/sra?term=SRX6635549","ftp://ftp.ncbi.nlm.nih.gov/geo/samples/GSM3998nnn/GSM3998239/suppl/GSM3998239_186-Ann-Daly_S13.counts.txt.gz","NAFLD","3","NASH_F3","5","moderate"
"GSM3998240","Liver patient 73","GSM3998240","Public on Dec 03 2020","Aug 01 2019","Apr 28 2021","SRA","1","NAFLD_early_liver biopsy","Homo sapiens","nas score: 4","fibrosis stage: 2","group in paper: NASH_F2","disease: NAFLD","Stage: early","total RNA","Frozen tissue samples were lysed using Trizol (Sigma-Aldrich) and mRNA was extracted with the Allprep DNA/RNA Micro kit (Qiagen). Concentrations and quality were assessed using the Agilent Pico 6000 kit on the Bioanalyzer 2100.","RNA libraries were prepared for sequencing using standard Illumina protocols","9606","187-Ann-Daly_S14","Reads were cropped to 75bp using Trimmomatic","Reads were mapped to GRCh38 (ensembl release 78) using STAR (v2.4.2a)","Gene count tables were produced using HTSeq-count (v0.11.2) with -r pos -s reverse","Genome_build: GRCh38, Ensembl release 78","Supplementary_files_format_and_content: txt files with gene-level counts","GPL18573","Simon,,Cockell","simon.cockell@newcastle.ac.uk","Newcastle University","Framlington Place","Newcastle","NE2 4HH","United Kingdom","0","Illumina NextSeq 500","cDNA","transcriptomic","RNA-Seq","BioSample: https://www.ncbi.nlm.nih.gov/biosample/SAMN12426348","SRA: https://www.ncbi.nlm.nih.gov/sra?term=SRX6635550","ftp://ftp.ncbi.nlm.nih.gov/geo/samples/GSM3998nnn/GSM3998240/suppl/GSM3998240_187-Ann-Daly_S14.counts.txt.gz","NAFLD","2","NASH_F2","4","early"
"GSM3998241","Liver patient 74","GSM3998241","Public on Dec 03 2020","Aug 01 2019","Apr 28 2021","SRA","1","NAFLD_moderate_liver biopsy","Homo sapiens","nas score: 6","fibrosis stage: 3","group in paper: NASH_F3","disease: NAFLD","Stage: moderate","total RNA","Frozen tissue samples were lysed using Trizol (Sigma-Aldrich) and mRNA was extracted with the Allprep DNA/RNA Micro kit (Qiagen). Concentrations and quality were assessed using the Agilent Pico 6000 kit on the Bioanalyzer 2100.","RNA libraries were prepared for sequencing using standard Illumina protocols","9606","188-Ann-Daly_S15","Reads were cropped to 75bp using Trimmomatic","Reads were mapped to GRCh38 (ensembl release 78) using STAR (v2.4.2a)","Gene count tables were produced using HTSeq-count (v0.11.2) with -r pos -s reverse","Genome_build: GRCh38, Ensembl release 78","Supplementary_files_format_and_content: txt files with gene-level counts","GPL18573","Simon,,Cockell","simon.cockell@newcastle.ac.uk","Newcastle University","Framlington Place","Newcastle","NE2 4HH","United Kingdom","0","Illumina NextSeq 500","cDNA","transcriptomic","RNA-Seq","BioSample: https://www.ncbi.nlm.nih.gov/biosample/SAMN12426347","SRA: https://www.ncbi.nlm.nih.gov/sra?term=SRX6635551","ftp://ftp.ncbi.nlm.nih.gov/geo/samples/GSM3998nnn/GSM3998241/suppl/GSM3998241_188-Ann-Daly_S15.counts.txt.gz","NAFLD","3","NASH_F3","6","moderate"
"GSM3998242","Liver patient 189","GSM3998242","Public on Dec 03 2020","Aug 01 2019","Apr 28 2021","SRA","1","NAFLD_moderate_liver biopsy","Homo sapiens","nas score: 5","fibrosis stage: 4","group in paper: NASH_F4","disease: NAFLD","Stage: moderate","total RNA","Frozen tissue samples were lysed using Trizol (Sigma-Aldrich) and mRNA was extracted with the Allprep DNA/RNA Micro kit (Qiagen). Concentrations and quality were assessed using the Agilent Pico 6000 kit on the Bioanalyzer 2100.","RNA libraries were prepared for sequencing using standard Illumina protocols","9606","19_138_R1.fastq.gz","Reads were cropped to 75bp using Trimmomatic","Reads were mapped to GRCh38 (ensembl release 78) using STAR (v2.4.2a)","Gene count tables were produced using HTSeq-count (v0.11.2) with -r pos -s reverse","Genome_build: GRCh38, Ensembl release 78","Supplementary_files_format_and_content: txt files with gene-level counts","GPL18573","Simon,,Cockell","simon.cockell@newcastle.ac.uk","Newcastle University","Framlington Place","Newcastle","NE2 4HH","United Kingdom","0","Illumina NextSeq 500","cDNA","transcriptomic","RNA-Seq","BioSample: https://www.ncbi.nlm.nih.gov/biosample/SAMN12426346","SRA: https://www.ncbi.nlm.nih.gov/sra?term=SRX6635552","ftp://ftp.ncbi.nlm.nih.gov/geo/samples/GSM3998nnn/GSM3998242/suppl/GSM3998242_19_138.counts.txt.gz","NAFLD","4","NASH_F4","5","moderate"
"GSM3998243","Liver patient 85","GSM3998243","Public on Dec 03 2020","Aug 01 2019","Apr 28 2021","SRA","1","NAFLD_early_liver biopsy","Homo sapiens","nas score: 4","fibrosis stage: 2","group in paper: NASH_F2","disease: NAFLD","Stage: early","total RNA","Frozen tissue samples were lysed using Trizol (Sigma-Aldrich) and mRNA was extracted with the Allprep DNA/RNA Micro kit (Qiagen). Concentrations and quality were assessed using the Agilent Pico 6000 kit on the Bioanalyzer 2100.","RNA libraries were prepared for sequencing using standard Illumina protocols","9606","191-Ann-Daly_S1","Reads were cropped to 75bp using Trimmomatic","Reads were mapped to GRCh38 (ensembl release 78) using STAR (v2.4.2a)","Gene count tables were produced using HTSeq-count (v0.11.2) with -r pos -s reverse","Genome_build: GRCh38, Ensembl release 78","Supplementary_files_format_and_content: txt files with gene-level counts","GPL18573","Simon,,Cockell","simon.cockell@newcastle.ac.uk","Newcastle University","Framlington Place","Newcastle","NE2 4HH","United Kingdom","0","Illumina NextSeq 500","cDNA","transcriptomic","RNA-Seq","BioSample: https://www.ncbi.nlm.nih.gov/biosample/SAMN12426344","SRA: https://www.ncbi.nlm.nih.gov/sra?term=SRX6635553","ftp://ftp.ncbi.nlm.nih.gov/geo/samples/GSM3998nnn/GSM3998243/suppl/GSM3998243_191-Ann-Daly_S1.counts.txt.gz","NAFLD","2","NASH_F2","4","early"
"GSM3998244","Liver patient 80","GSM3998244","Public on Dec 03 2020","Aug 01 2019","Apr 28 2021","SRA","1","NAFLD_early_liver biopsy","Homo sapiens","nas score: 3","fibrosis stage: 0","group in paper: NAFL","disease: NAFLD","Stage: early","total RNA","Frozen tissue samples were lysed using Trizol (Sigma-Aldrich) and mRNA was extracted with the Allprep DNA/RNA Micro kit (Qiagen). Concentrations and quality were assessed using the Agilent Pico 6000 kit on the Bioanalyzer 2100.","RNA libraries were prepared for sequencing using standard Illumina protocols","9606","193-Ann-Daly_S2","Reads were cropped to 75bp using Trimmomatic","Reads were mapped to GRCh38 (ensembl release 78) using STAR (v2.4.2a)","Gene count tables were produced using HTSeq-count (v0.11.2) with -r pos -s reverse","Genome_build: GRCh38, Ensembl release 78","Supplementary_files_format_and_content: txt files with gene-level counts","GPL18573","Simon,,Cockell","simon.cockell@newcastle.ac.uk","Newcastle University","Framlington Place","Newcastle","NE2 4HH","United Kingdom","0","Illumina NextSeq 500","cDNA","transcriptomic","RNA-Seq","BioSample: https://www.ncbi.nlm.nih.gov/biosample/SAMN12426304","SRA: https://www.ncbi.nlm.nih.gov/sra?term=SRX6635554","ftp://ftp.ncbi.nlm.nih.gov/geo/samples/GSM3998nnn/GSM3998244/suppl/GSM3998244_193-Ann-Daly_S2.counts.txt.gz","NAFLD","0","NAFL","3","early"
"GSM3998245","Liver patient 86","GSM3998245","Public on Dec 03 2020","Aug 01 2019","Apr 28 2021","SRA","1","NAFLD_early_liver biopsy","Homo sapiens","nas score: 4","fibrosis stage: 2","group in paper: NASH_F2","disease: NAFLD","Stage: early","total RNA","Frozen tissue samples were lysed using Trizol (Sigma-Aldrich) and mRNA was extracted with the Allprep DNA/RNA Micro kit (Qiagen). Concentrations and quality were assessed using the Agilent Pico 6000 kit on the Bioanalyzer 2100.","RNA libraries were prepared for sequencing using standard Illumina protocols","9606","197-Ann-Daly_S3","Reads were cropped to 75bp using Trimmomatic","Reads were mapped to GRCh38 (ensembl release 78) using STAR (v2.4.2a)","Gene count tables were produced using HTSeq-count (v0.11.2) with -r pos -s reverse","Genome_build: GRCh38, Ensembl release 78","Supplementary_files_format_and_content: txt files with gene-level counts","GPL18573","Simon,,Cockell","simon.cockell@newcastle.ac.uk","Newcastle University","Framlington Place","Newcastle","NE2 4HH","United Kingdom","0","Illumina NextSeq 500","cDNA","transcriptomic","RNA-Seq","BioSample: https://www.ncbi.nlm.nih.gov/biosample/SAMN12426303","SRA: https://www.ncbi.nlm.nih.gov/sra?term=SRX6635555","ftp://ftp.ncbi.nlm.nih.gov/geo/samples/GSM3998nnn/GSM3998245/suppl/GSM3998245_197-Ann-Daly_S3.counts.txt.gz","NAFLD","2","NASH_F2","4","early"
"GSM3998246","Liver patient 89","GSM3998246","Public on Dec 03 2020","Aug 01 2019","Apr 28 2021","SRA","1","NAFLD_early_liver biopsy","Homo sapiens","nas score: 5","fibrosis stage: 2","group in paper: NASH_F2","disease: NAFLD","Stage: early","total RNA","Frozen tissue samples were lysed using Trizol (Sigma-Aldrich) and mRNA was extracted with the Allprep DNA/RNA Micro kit (Qiagen). Concentrations and quality were assessed using the Agilent Pico 6000 kit on the Bioanalyzer 2100.","RNA libraries were prepared for sequencing using standard Illumina protocols","9606","199-Ann-Daly_S4","Reads were cropped to 75bp using Trimmomatic","Reads were mapped to GRCh38 (ensembl release 78) using STAR (v2.4.2a)","Gene count tables were produced using HTSeq-count (v0.11.2) with -r pos -s reverse","Genome_build: GRCh38, Ensembl release 78","Supplementary_files_format_and_content: txt files with gene-level counts","GPL18573","Simon,,Cockell","simon.cockell@newcastle.ac.uk","Newcastle University","Framlington Place","Newcastle","NE2 4HH","United Kingdom","0","Illumina NextSeq 500","cDNA","transcriptomic","RNA-Seq","BioSample: https://www.ncbi.nlm.nih.gov/biosample/SAMN12426302","SRA: https://www.ncbi.nlm.nih.gov/sra?term=SRX6635556","ftp://ftp.ncbi.nlm.nih.gov/geo/samples/GSM3998nnn/GSM3998246/suppl/GSM3998246_199-Ann-Daly_S4.counts.txt.gz","NAFLD","2","NASH_F2","5","early"
"GSM3998247","Liver patient 204","GSM3998247","Public on Dec 03 2020","Aug 01 2019","Apr 28 2021","SRA","1","NAFLD_early_liver biopsy","Homo sapiens","nas score: 4","fibrosis stage: 0","group in paper: NAFL","disease: NAFLD","Stage: early","total RNA","Frozen tissue samples were lysed using Trizol (Sigma-Aldrich) and mRNA was extracted with the Allprep DNA/RNA Micro kit (Qiagen). Concentrations and quality were assessed using the Agilent Pico 6000 kit on the Bioanalyzer 2100.","RNA libraries were prepared for sequencing using standard Illumina protocols","9606","2_23_R1.fastq.gz","Reads were cropped to 75bp using Trimmomatic","Reads were mapped to GRCh38 (ensembl release 78) using STAR (v2.4.2a)","Gene count tables were produced using HTSeq-count (v0.11.2) with -r pos -s reverse","Genome_build: GRCh38, Ensembl release 78","Supplementary_files_format_and_content: txt files with gene-level counts","GPL18573","Simon,,Cockell","simon.cockell@newcastle.ac.uk","Newcastle University","Framlington Place","Newcastle","NE2 4HH","United Kingdom","0","Illumina NextSeq 500","cDNA","transcriptomic","RNA-Seq","BioSample: https://www.ncbi.nlm.nih.gov/biosample/SAMN12426301","SRA: https://www.ncbi.nlm.nih.gov/sra?term=SRX6635557","ftp://ftp.ncbi.nlm.nih.gov/geo/samples/GSM3998nnn/GSM3998247/suppl/GSM3998247_2_23.counts.txt.gz","NAFLD","0","NAFL","4","early"
"GSM3998248","Liver patient 51","GSM3998248","Public on Dec 03 2020","Aug 01 2019","Apr 28 2021","SRA","1","NAFLD_early_liver biopsy","Homo sapiens","nas score: 7","fibrosis stage: 2","group in paper: NASH_F2","disease: NAFLD","Stage: early","total RNA","Frozen tissue samples were lysed using Trizol (Sigma-Aldrich) and mRNA was extracted with the Allprep DNA/RNA Micro kit (Qiagen). Concentrations and quality were assessed using the Agilent Pico 6000 kit on the Bioanalyzer 2100.","RNA libraries were prepared for sequencing using standard Illumina protocols","9606","200-Ann-Daly_S5","Reads were cropped to 75bp using Trimmomatic","Reads were mapped to GRCh38 (ensembl release 78) using STAR (v2.4.2a)","Gene count tables were produced using HTSeq-count (v0.11.2) with -r pos -s reverse","Genome_build: GRCh38, Ensembl release 78","Supplementary_files_format_and_content: txt files with gene-level counts","GPL18573","Simon,,Cockell","simon.cockell@newcastle.ac.uk","Newcastle University","Framlington Place","Newcastle","NE2 4HH","United Kingdom","0","Illumina NextSeq 500","cDNA","transcriptomic","RNA-Seq","BioSample: https://www.ncbi.nlm.nih.gov/biosample/SAMN12426300","SRA: https://www.ncbi.nlm.nih.gov/sra?term=SRX6635558","ftp://ftp.ncbi.nlm.nih.gov/geo/samples/GSM3998nnn/GSM3998248/suppl/GSM3998248_200-Ann-Daly_S5.counts.txt.gz","NAFLD","2","NASH_F2","7","early"
"GSM3998249","Liver patient 87","GSM3998249","Public on Dec 03 2020","Aug 01 2019","Apr 28 2021","SRA","1","NAFLD_early_liver biopsy","Homo sapiens","nas score: 2","fibrosis stage: 0","group in paper: NAFL","disease: NAFLD","Stage: early","total RNA","Frozen tissue samples were lysed using Trizol (Sigma-Aldrich) and mRNA was extracted with the Allprep DNA/RNA Micro kit (Qiagen). Concentrations and quality were assessed using the Agilent Pico 6000 kit on the Bioanalyzer 2100.","RNA libraries were prepared for sequencing using standard Illumina protocols","9606","201-Ann-Daly_S6","Reads were cropped to 75bp using Trimmomatic","Reads were mapped to GRCh38 (ensembl release 78) using STAR (v2.4.2a)","Gene count tables were produced using HTSeq-count (v0.11.2) with -r pos -s reverse","Genome_build: GRCh38, Ensembl release 78","Supplementary_files_format_and_content: txt files with gene-level counts","GPL18573","Simon,,Cockell","simon.cockell@newcastle.ac.uk","Newcastle University","Framlington Place","Newcastle","NE2 4HH","United Kingdom","0","Illumina NextSeq 500","cDNA","transcriptomic","RNA-Seq","BioSample: https://www.ncbi.nlm.nih.gov/biosample/SAMN12426299","SRA: https://www.ncbi.nlm.nih.gov/sra?term=SRX6635559","ftp://ftp.ncbi.nlm.nih.gov/geo/samples/GSM3998nnn/GSM3998249/suppl/GSM3998249_201-Ann-Daly_S6.counts.txt.gz","NAFLD","0","NAFL","2","early"
"GSM3998250","Liver patient 88","GSM3998250","Public on Dec 03 2020","Aug 01 2019","Apr 28 2021","SRA","1","NAFLD_moderate_liver biopsy","Homo sapiens","nas score: 5","fibrosis stage: 4","group in paper: NASH_F4","disease: NAFLD","Stage: moderate","total RNA","Frozen tissue samples were lysed using Trizol (Sigma-Aldrich) and mRNA was extracted with the Allprep DNA/RNA Micro kit (Qiagen). Concentrations and quality were assessed using the Agilent Pico 6000 kit on the Bioanalyzer 2100.","RNA libraries were prepared for sequencing using standard Illumina protocols","9606","202-Ann-Daly_S7","Reads were cropped to 75bp using Trimmomatic","Reads were mapped to GRCh38 (ensembl release 78) using STAR (v2.4.2a)","Gene count tables were produced using HTSeq-count (v0.11.2) with -r pos -s reverse","Genome_build: GRCh38, Ensembl release 78","Supplementary_files_format_and_content: txt files with gene-level counts","GPL18573","Simon,,Cockell","simon.cockell@newcastle.ac.uk","Newcastle University","Framlington Place","Newcastle","NE2 4HH","United Kingdom","0","Illumina NextSeq 500","cDNA","transcriptomic","RNA-Seq","BioSample: https://www.ncbi.nlm.nih.gov/biosample/SAMN12426298","SRA: https://www.ncbi.nlm.nih.gov/sra?term=SRX6635560","ftp://ftp.ncbi.nlm.nih.gov/geo/samples/GSM3998nnn/GSM3998250/suppl/GSM3998250_202-Ann-Daly_S7.counts.txt.gz","NAFLD","4","NASH_F4","5","moderate"
"GSM3998251","Liver patient 30","GSM3998251","Public on Dec 03 2020","Aug 01 2019","Apr 28 2021","SRA","1","NAFLD_moderate_liver biopsy","Homo sapiens","nas score: 5","fibrosis stage: 3","group in paper: NASH_F3","disease: NAFLD","Stage: moderate","total RNA","Frozen tissue samples were lysed using Trizol (Sigma-Aldrich) and mRNA was extracted with the Allprep DNA/RNA Micro kit (Qiagen). Concentrations and quality were assessed using the Agilent Pico 6000 kit on the Bioanalyzer 2100.","RNA libraries were prepared for sequencing using standard Illumina protocols","9606","204-Ann-Daly_S8","Reads were cropped to 75bp using Trimmomatic","Reads were mapped to GRCh38 (ensembl release 78) using STAR (v2.4.2a)","Gene count tables were produced using HTSeq-count (v0.11.2) with -r pos -s reverse","Genome_build: GRCh38, Ensembl release 78","Supplementary_files_format_and_content: txt files with gene-level counts","GPL18573","Simon,,Cockell","simon.cockell@newcastle.ac.uk","Newcastle University","Framlington Place","Newcastle","NE2 4HH","United Kingdom","0","Illumina NextSeq 500","cDNA","transcriptomic","RNA-Seq","BioSample: https://www.ncbi.nlm.nih.gov/biosample/SAMN12426297","SRA: https://www.ncbi.nlm.nih.gov/sra?term=SRX6635561","ftp://ftp.ncbi.nlm.nih.gov/geo/samples/GSM3998nnn/GSM3998251/suppl/GSM3998251_204-Ann-Daly_S8.counts.txt.gz","NAFLD","3","NASH_F3","5","moderate"
"GSM3998252","Liver patient 44","GSM3998252","Public on Dec 03 2020","Aug 01 2019","Apr 28 2021","SRA","1","NAFLD_early_liver biopsy","Homo sapiens","nas score: 4","fibrosis stage: 2","group in paper: NASH_F2","disease: NAFLD","Stage: early","total RNA","Frozen tissue samples were lysed using Trizol (Sigma-Aldrich) and mRNA was extracted with the Allprep DNA/RNA Micro kit (Qiagen). Concentrations and quality were assessed using the Agilent Pico 6000 kit on the Bioanalyzer 2100.","RNA libraries were prepared for sequencing using standard Illumina protocols","9606","205-Ann-Daly_S9","Reads were cropped to 75bp using Trimmomatic","Reads were mapped to GRCh38 (ensembl release 78) using STAR (v2.4.2a)","Gene count tables were produced using HTSeq-count (v0.11.2) with -r pos -s reverse","Genome_build: GRCh38, Ensembl release 78","Supplementary_files_format_and_content: txt files with gene-level counts","GPL18573","Simon,,Cockell","simon.cockell@newcastle.ac.uk","Newcastle University","Framlington Place","Newcastle","NE2 4HH","United Kingdom","0","Illumina NextSeq 500","cDNA","transcriptomic","RNA-Seq","BioSample: https://www.ncbi.nlm.nih.gov/biosample/SAMN12426296","SRA: https://www.ncbi.nlm.nih.gov/sra?term=SRX6635562","ftp://ftp.ncbi.nlm.nih.gov/geo/samples/GSM3998nnn/GSM3998252/suppl/GSM3998252_205-Ann-Daly_S9.counts.txt.gz","NAFLD","2","NASH_F2","4","early"
"GSM3998253","Liver patient 57","GSM3998253","Public on Dec 03 2020","Aug 01 2019","Apr 28 2021","SRA","1","NAFLD_moderate_liver biopsy","Homo sapiens","nas score: 8","fibrosis stage: 3","group in paper: NASH_F3","disease: NAFLD","Stage: moderate","total RNA","Frozen tissue samples were lysed using Trizol (Sigma-Aldrich) and mRNA was extracted with the Allprep DNA/RNA Micro kit (Qiagen). Concentrations and quality were assessed using the Agilent Pico 6000 kit on the Bioanalyzer 2100.","RNA libraries were prepared for sequencing using standard Illumina protocols","9606","207-Ann-Daly_S10","Reads were cropped to 75bp using Trimmomatic","Reads were mapped to GRCh38 (ensembl release 78) using STAR (v2.4.2a)","Gene count tables were produced using HTSeq-count (v0.11.2) with -r pos -s reverse","Genome_build: GRCh38, Ensembl release 78","Supplementary_files_format_and_content: txt files with gene-level counts","GPL18573","Simon,,Cockell","simon.cockell@newcastle.ac.uk","Newcastle University","Framlington Place","Newcastle","NE2 4HH","United Kingdom","0","Illumina NextSeq 500","cDNA","transcriptomic","RNA-Seq","BioSample: https://www.ncbi.nlm.nih.gov/biosample/SAMN12426295","SRA: https://www.ncbi.nlm.nih.gov/sra?term=SRX6635563","ftp://ftp.ncbi.nlm.nih.gov/geo/samples/GSM3998nnn/GSM3998253/suppl/GSM3998253_207-Ann-Daly_S10.counts.txt.gz","NAFLD","3","NASH_F3","8","moderate"
"GSM3998254","Liver patient 5","GSM3998254","Public on Dec 03 2020","Aug 01 2019","Apr 28 2021","SRA","1","NAFLD_early_liver biopsy","Homo sapiens","nas score: 4","fibrosis stage: 0","group in paper: NAFL","disease: NAFLD","Stage: early","total RNA","Frozen tissue samples were lysed using Trizol (Sigma-Aldrich) and mRNA was extracted with the Allprep DNA/RNA Micro kit (Qiagen). Concentrations and quality were assessed using the Agilent Pico 6000 kit on the Bioanalyzer 2100.","RNA libraries were prepared for sequencing using standard Illumina protocols","9606","208-Ann-Daly_S11","Reads were cropped to 75bp using Trimmomatic","Reads were mapped to GRCh38 (ensembl release 78) using STAR (v2.4.2a)","Gene count tables were produced using HTSeq-count (v0.11.2) with -r pos -s reverse","Genome_build: GRCh38, Ensembl release 78","Supplementary_files_format_and_content: txt files with gene-level counts","GPL18573","Simon,,Cockell","simon.cockell@newcastle.ac.uk","Newcastle University","Framlington Place","Newcastle","NE2 4HH","United Kingdom","0","Illumina NextSeq 500","cDNA","transcriptomic","RNA-Seq","BioSample: https://www.ncbi.nlm.nih.gov/biosample/SAMN12426294","SRA: https://www.ncbi.nlm.nih.gov/sra?term=SRX6635564","ftp://ftp.ncbi.nlm.nih.gov/geo/samples/GSM3998nnn/GSM3998254/suppl/GSM3998254_208-Ann-Daly_S11.counts.txt.gz","NAFLD","0","NAFL","4","early"
"GSM3998255","Liver patient 40","GSM3998255","Public on Dec 03 2020","Aug 01 2019","Apr 28 2021","SRA","1","NAFLD_early_liver biopsy","Homo sapiens","nas score: 5","fibrosis stage: 1","group in paper: NASH_F0-F1","disease: NAFLD","Stage: early","total RNA","Frozen tissue samples were lysed using Trizol (Sigma-Aldrich) and mRNA was extracted with the Allprep DNA/RNA Micro kit (Qiagen). Concentrations and quality were assessed using the Agilent Pico 6000 kit on the Bioanalyzer 2100.","RNA libraries were prepared for sequencing using standard Illumina protocols","9606","211-Ann-Daly_S13","Reads were cropped to 75bp using Trimmomatic","Reads were mapped to GRCh38 (ensembl release 78) using STAR (v2.4.2a)","Gene count tables were produced using HTSeq-count (v0.11.2) with -r pos -s reverse","Genome_build: GRCh38, Ensembl release 78","Supplementary_files_format_and_content: txt files with gene-level counts","GPL18573","Simon,,Cockell","simon.cockell@newcastle.ac.uk","Newcastle University","Framlington Place","Newcastle","NE2 4HH","United Kingdom","0","Illumina NextSeq 500","cDNA","transcriptomic","RNA-Seq","BioSample: https://www.ncbi.nlm.nih.gov/biosample/SAMN12426293","SRA: https://www.ncbi.nlm.nih.gov/sra?term=SRX6635565","ftp://ftp.ncbi.nlm.nih.gov/geo/samples/GSM3998nnn/GSM3998255/suppl/GSM3998255_211-Ann-Daly_S13.counts.txt.gz","NAFLD","1","NASH_F0-F1","5","early"
"GSM3998256","Liver patient 58","GSM3998256","Public on Dec 03 2020","Aug 01 2019","Apr 28 2021","SRA","1","NAFLD_early_liver biopsy","Homo sapiens","nas score: 6","fibrosis stage: 2","group in paper: NASH_F2","disease: NAFLD","Stage: early","total RNA","Frozen tissue samples were lysed using Trizol (Sigma-Aldrich) and mRNA was extracted with the Allprep DNA/RNA Micro kit (Qiagen). Concentrations and quality were assessed using the Agilent Pico 6000 kit on the Bioanalyzer 2100.","RNA libraries were prepared for sequencing using standard Illumina protocols","9606","214-Ann-Daly_S15","Reads were cropped to 75bp using Trimmomatic","Reads were mapped to GRCh38 (ensembl release 78) using STAR (v2.4.2a)","Gene count tables were produced using HTSeq-count (v0.11.2) with -r pos -s reverse","Genome_build: GRCh38, Ensembl release 78","Supplementary_files_format_and_content: txt files with gene-level counts","GPL18573","Simon,,Cockell","simon.cockell@newcastle.ac.uk","Newcastle University","Framlington Place","Newcastle","NE2 4HH","United Kingdom","0","Illumina NextSeq 500","cDNA","transcriptomic","RNA-Seq","BioSample: https://www.ncbi.nlm.nih.gov/biosample/SAMN12426290","SRA: https://www.ncbi.nlm.nih.gov/sra?term=SRX6635566","ftp://ftp.ncbi.nlm.nih.gov/geo/samples/GSM3998nnn/GSM3998256/suppl/GSM3998256_214-Ann-Daly_S15.counts.txt.gz","NAFLD","2","NASH_F2","6","early"
"GSM3998257","Liver patient 59","GSM3998257","Public on Dec 03 2020","Aug 01 2019","Apr 28 2021","SRA","1","NAFLD_early_liver biopsy","Homo sapiens","nas score: 7","fibrosis stage: 2","group in paper: NASH_F2","disease: NAFLD","Stage: early","total RNA","Frozen tissue samples were lysed using Trizol (Sigma-Aldrich) and mRNA was extracted with the Allprep DNA/RNA Micro kit (Qiagen). Concentrations and quality were assessed using the Agilent Pico 6000 kit on the Bioanalyzer 2100.","RNA libraries were prepared for sequencing using standard Illumina protocols","9606","215-Ann-Daly_S16","Reads were cropped to 75bp using Trimmomatic","Reads were mapped to GRCh38 (ensembl release 78) using STAR (v2.4.2a)","Gene count tables were produced using HTSeq-count (v0.11.2) with -r pos -s reverse","Genome_build: GRCh38, Ensembl release 78","Supplementary_files_format_and_content: txt files with gene-level counts","GPL18573","Simon,,Cockell","simon.cockell@newcastle.ac.uk","Newcastle University","Framlington Place","Newcastle","NE2 4HH","United Kingdom","0","Illumina NextSeq 500","cDNA","transcriptomic","RNA-Seq","BioSample: https://www.ncbi.nlm.nih.gov/biosample/SAMN12426289","SRA: https://www.ncbi.nlm.nih.gov/sra?term=SRX6635567","ftp://ftp.ncbi.nlm.nih.gov/geo/samples/GSM3998nnn/GSM3998257/suppl/GSM3998257_215-Ann-Daly_S16.counts.txt.gz","NAFLD","2","NASH_F2","7","early"
"GSM3998258","Liver patient 32","GSM3998258","Public on Dec 03 2020","Aug 01 2019","Apr 28 2021","SRA","1","NAFLD_moderate_liver biopsy","Homo sapiens","nas score: 2","fibrosis stage: 4","group in paper: NASH_F4","disease: NAFLD","Stage: moderate","total RNA","Frozen tissue samples were lysed using Trizol (Sigma-Aldrich) and mRNA was extracted with the Allprep DNA/RNA Micro kit (Qiagen). Concentrations and quality were assessed using the Agilent Pico 6000 kit on the Bioanalyzer 2100.","RNA libraries were prepared for sequencing using standard Illumina protocols","9606","216-Ann-Daly_S1","Reads were cropped to 75bp using Trimmomatic","Reads were mapped to GRCh38 (ensembl release 78) using STAR (v2.4.2a)","Gene count tables were produced using HTSeq-count (v0.11.2) with -r pos -s reverse","Genome_build: GRCh38, Ensembl release 78","Supplementary_files_format_and_content: txt files with gene-level counts","GPL18573","Simon,,Cockell","simon.cockell@newcastle.ac.uk","Newcastle University","Framlington Place","Newcastle","NE2 4HH","United Kingdom","0","Illumina NextSeq 500","cDNA","transcriptomic","RNA-Seq","BioSample: https://www.ncbi.nlm.nih.gov/biosample/SAMN12426288","SRA: https://www.ncbi.nlm.nih.gov/sra?term=SRX6635568","ftp://ftp.ncbi.nlm.nih.gov/geo/samples/GSM3998nnn/GSM3998258/suppl/GSM3998258_216-Ann-Daly_S1.counts.txt.gz","NAFLD","4","NASH_F4","2","moderate"
"GSM3998259","Liver patient 188","GSM3998259","Public on Dec 03 2020","Aug 01 2019","Apr 28 2021","SRA","1","NAFLD_early_liver biopsy","Homo sapiens","nas score: 6","fibrosis stage: 2","group in paper: NASH_F2","disease: NAFLD","Stage: early","total RNA","Frozen tissue samples were lysed using Trizol (Sigma-Aldrich) and mRNA was extracted with the Allprep DNA/RNA Micro kit (Qiagen). Concentrations and quality were assessed using the Agilent Pico 6000 kit on the Bioanalyzer 2100.","RNA libraries were prepared for sequencing using standard Illumina protocols","9606","22_151_R1.fastq.gz","Reads were cropped to 75bp using Trimmomatic","Reads were mapped to GRCh38 (ensembl release 78) using STAR (v2.4.2a)","Gene count tables were produced using HTSeq-count (v0.11.2) with -r pos -s reverse","Genome_build: GRCh38, Ensembl release 78","Supplementary_files_format_and_content: txt files with gene-level counts","GPL18573","Simon,,Cockell","simon.cockell@newcastle.ac.uk","Newcastle University","Framlington Place","Newcastle","NE2 4HH","United Kingdom","0","Illumina NextSeq 500","cDNA","transcriptomic","RNA-Seq","BioSample: https://www.ncbi.nlm.nih.gov/biosample/SAMN12426287","SRA: https://www.ncbi.nlm.nih.gov/sra?term=SRX6635569","ftp://ftp.ncbi.nlm.nih.gov/geo/samples/GSM3998nnn/GSM3998259/suppl/GSM3998259_22_151.counts.txt.gz","NAFLD","2","NASH_F2","6","early"
"GSM3998260","Liver patient 187","GSM3998260","Public on Dec 03 2020","Aug 01 2019","Apr 28 2021","SRA","1","NAFLD_early_liver biopsy","Homo sapiens","nas score: 3","fibrosis stage: 2","group in paper: NASH_F2","disease: NAFLD","Stage: early","total RNA","Frozen tissue samples were lysed using Trizol (Sigma-Aldrich) and mRNA was extracted with the Allprep DNA/RNA Micro kit (Qiagen). Concentrations and quality were assessed using the Agilent Pico 6000 kit on the Bioanalyzer 2100.","RNA libraries were prepared for sequencing using standard Illumina protocols","9606","23_154_R1.fastq.gz","Reads were cropped to 75bp using Trimmomatic","Reads were mapped to GRCh38 (ensembl release 78) using STAR (v2.4.2a)","Gene count tables were produced using HTSeq-count (v0.11.2) with -r pos -s reverse","Genome_build: GRCh38, Ensembl release 78","Supplementary_files_format_and_content: txt files with gene-level counts","GPL18573","Simon,,Cockell","simon.cockell@newcastle.ac.uk","Newcastle University","Framlington Place","Newcastle","NE2 4HH","United Kingdom","0","Illumina NextSeq 500","cDNA","transcriptomic","RNA-Seq","BioSample: https://www.ncbi.nlm.nih.gov/biosample/SAMN12426335","SRA: https://www.ncbi.nlm.nih.gov/sra?term=SRX6635570","ftp://ftp.ncbi.nlm.nih.gov/geo/samples/GSM3998nnn/GSM3998260/suppl/GSM3998260_23_154.counts.txt.gz","NAFLD","2","NASH_F2","3","early"
"GSM3998261","Liver patient 13","GSM3998261","Public on Dec 03 2020","Aug 01 2019","Apr 28 2021","SRA","1","NAFLD_moderate_liver biopsy","Homo sapiens","nas score: 7","fibrosis stage: 3","group in paper: NASH_F3","disease: NAFLD","Stage: moderate","total RNA","Frozen tissue samples were lysed using Trizol (Sigma-Aldrich) and mRNA was extracted with the Allprep DNA/RNA Micro kit (Qiagen). Concentrations and quality were assessed using the Agilent Pico 6000 kit on the Bioanalyzer 2100.","RNA libraries were prepared for sequencing using standard Illumina protocols","9606","233-Ann-Daly_S3","Reads were cropped to 75bp using Trimmomatic","Reads were mapped to GRCh38 (ensembl release 78) using STAR (v2.4.2a)","Gene count tables were produced using HTSeq-count (v0.11.2) with -r pos -s reverse","Genome_build: GRCh38, Ensembl release 78","Supplementary_files_format_and_content: txt files with gene-level counts","GPL18573","Simon,,Cockell","simon.cockell@newcastle.ac.uk","Newcastle University","Framlington Place","Newcastle","NE2 4HH","United Kingdom","0","Illumina NextSeq 500","cDNA","transcriptomic","RNA-Seq","BioSample: https://www.ncbi.nlm.nih.gov/biosample/SAMN12426292","SRA: https://www.ncbi.nlm.nih.gov/sra?term=SRX6635571","ftp://ftp.ncbi.nlm.nih.gov/geo/samples/GSM3998nnn/GSM3998261/suppl/GSM3998261_233-Ann-Daly_S3.counts.txt.gz","NAFLD","3","NASH_F3","7","moderate"
"GSM3998262","Liver patient 24","GSM3998262","Public on Dec 03 2020","Aug 01 2019","Apr 28 2021","SRA","1","NAFLD_moderate_liver biopsy","Homo sapiens","nas score: 4","fibrosis stage: 3","group in paper: NASH_F3","disease: NAFLD","Stage: moderate","total RNA","Frozen tissue samples were lysed using Trizol (Sigma-Aldrich) and mRNA was extracted with the Allprep DNA/RNA Micro kit (Qiagen). Concentrations and quality were assessed using the Agilent Pico 6000 kit on the Bioanalyzer 2100.","RNA libraries were prepared for sequencing using standard Illumina protocols","9606","234-Ann-Daly_S4","Reads were cropped to 75bp using Trimmomatic","Reads were mapped to GRCh38 (ensembl release 78) using STAR (v2.4.2a)","Gene count tables were produced using HTSeq-count (v0.11.2) with -r pos -s reverse","Genome_build: GRCh38, Ensembl release 78","Supplementary_files_format_and_content: txt files with gene-level counts","GPL18573","Simon,,Cockell","simon.cockell@newcastle.ac.uk","Newcastle University","Framlington Place","Newcastle","NE2 4HH","United Kingdom","0","Illumina NextSeq 500","cDNA","transcriptomic","RNA-Seq","BioSample: https://www.ncbi.nlm.nih.gov/biosample/SAMN12426291","SRA: https://www.ncbi.nlm.nih.gov/sra?term=SRX6635572","ftp://ftp.ncbi.nlm.nih.gov/geo/samples/GSM3998nnn/GSM3998262/suppl/GSM3998262_234-Ann-Daly_S4.counts.txt.gz","NAFLD","3","NASH_F3","4","moderate"
"GSM3998263","Liver patient 28","GSM3998263","Public on Dec 03 2020","Aug 01 2019","Apr 28 2021","SRA","1","NAFLD_early_liver biopsy","Homo sapiens","nas score: 6","fibrosis stage: 2","group in paper: NASH_F2","disease: NAFLD","Stage: early","total RNA","Frozen tissue samples were lysed using Trizol (Sigma-Aldrich) and mRNA was extracted with the Allprep DNA/RNA Micro kit (Qiagen). Concentrations and quality were assessed using the Agilent Pico 6000 kit on the Bioanalyzer 2100.","RNA libraries were prepared for sequencing using standard Illumina protocols","9606","235-Ann-Daly_S5","Reads were cropped to 75bp using Trimmomatic","Reads were mapped to GRCh38 (ensembl release 78) using STAR (v2.4.2a)","Gene count tables were produced using HTSeq-count (v0.11.2) with -r pos -s reverse","Genome_build: GRCh38, Ensembl release 78","Supplementary_files_format_and_content: txt files with gene-level counts","GPL18573","Simon,,Cockell","simon.cockell@newcastle.ac.uk","Newcastle University","Framlington Place","Newcastle","NE2 4HH","United Kingdom","0","Illumina NextSeq 500","cDNA","transcriptomic","RNA-Seq","BioSample: https://www.ncbi.nlm.nih.gov/biosample/SAMN12426334","SRA: https://www.ncbi.nlm.nih.gov/sra?term=SRX6635573","ftp://ftp.ncbi.nlm.nih.gov/geo/samples/GSM3998nnn/GSM3998263/suppl/GSM3998263_235-Ann-Daly_S5.counts.txt.gz","NAFLD","2","NASH_F2","6","early"
"GSM3998264","Liver patient 29","GSM3998264","Public on Dec 03 2020","Aug 01 2019","Apr 28 2021","SRA","1","NAFLD_early_liver biopsy","Homo sapiens","nas score: 6","fibrosis stage: 2","group in paper: NASH_F2","disease: NAFLD","Stage: early","total RNA","Frozen tissue samples were lysed using Trizol (Sigma-Aldrich) and mRNA was extracted with the Allprep DNA/RNA Micro kit (Qiagen). Concentrations and quality were assessed using the Agilent Pico 6000 kit on the Bioanalyzer 2100.","RNA libraries were prepared for sequencing using standard Illumina protocols","9606","236-Ann-Daly_S6","Reads were cropped to 75bp using Trimmomatic","Reads were mapped to GRCh38 (ensembl release 78) using STAR (v2.4.2a)","Gene count tables were produced using HTSeq-count (v0.11.2) with -r pos -s reverse","Genome_build: GRCh38, Ensembl release 78","Supplementary_files_format_and_content: txt files with gene-level counts","GPL18573","Simon,,Cockell","simon.cockell@newcastle.ac.uk","Newcastle University","Framlington Place","Newcastle","NE2 4HH","United Kingdom","0","Illumina NextSeq 500","cDNA","transcriptomic","RNA-Seq","BioSample: https://www.ncbi.nlm.nih.gov/biosample/SAMN12426333","SRA: https://www.ncbi.nlm.nih.gov/sra?term=SRX6635574","ftp://ftp.ncbi.nlm.nih.gov/geo/samples/GSM3998nnn/GSM3998264/suppl/GSM3998264_236-Ann-Daly_S6.counts.txt.gz","NAFLD","2","NASH_F2","6","early"
"GSM3998265","Liver patient 34","GSM3998265","Public on Dec 03 2020","Aug 01 2019","Apr 28 2021","SRA","1","NAFLD_moderate_liver biopsy","Homo sapiens","nas score: 3","fibrosis stage: 3","group in paper: NASH_F3","disease: NAFLD","Stage: moderate","total RNA","Frozen tissue samples were lysed using Trizol (Sigma-Aldrich) and mRNA was extracted with the Allprep DNA/RNA Micro kit (Qiagen). Concentrations and quality were assessed using the Agilent Pico 6000 kit on the Bioanalyzer 2100.","RNA libraries were prepared for sequencing using standard Illumina protocols","9606","237-Ann-Daly_S7","Reads were cropped to 75bp using Trimmomatic","Reads were mapped to GRCh38 (ensembl release 78) using STAR (v2.4.2a)","Gene count tables were produced using HTSeq-count (v0.11.2) with -r pos -s reverse","Genome_build: GRCh38, Ensembl release 78","Supplementary_files_format_and_content: txt files with gene-level counts","GPL18573","Simon,,Cockell","simon.cockell@newcastle.ac.uk","Newcastle University","Framlington Place","Newcastle","NE2 4HH","United Kingdom","0","Illumina NextSeq 500","cDNA","transcriptomic","RNA-Seq","BioSample: https://www.ncbi.nlm.nih.gov/biosample/SAMN12426332","SRA: https://www.ncbi.nlm.nih.gov/sra?term=SRX6635575","ftp://ftp.ncbi.nlm.nih.gov/geo/samples/GSM3998nnn/GSM3998265/suppl/GSM3998265_237-Ann-Daly_S7.counts.txt.gz","NAFLD","3","NASH_F3","3","moderate"
"GSM3998266","Liver patient 36","GSM3998266","Public on Dec 03 2020","Aug 01 2019","Apr 28 2021","SRA","1","NAFLD_early_liver biopsy","Homo sapiens","nas score: 3","fibrosis stage: 0","group in paper: NASH_F0-F1","disease: NAFLD","Stage: early","total RNA","Frozen tissue samples were lysed using Trizol (Sigma-Aldrich) and mRNA was extracted with the Allprep DNA/RNA Micro kit (Qiagen). Concentrations and quality were assessed using the Agilent Pico 6000 kit on the Bioanalyzer 2100.","RNA libraries were prepared for sequencing using standard Illumina protocols","9606","238-Ann-Daly_S8","Reads were cropped to 75bp using Trimmomatic","Reads were mapped to GRCh38 (ensembl release 78) using STAR (v2.4.2a)","Gene count tables were produced using HTSeq-count (v0.11.2) with -r pos -s reverse","Genome_build: GRCh38, Ensembl release 78","Supplementary_files_format_and_content: txt files with gene-level counts","GPL18573","Simon,,Cockell","simon.cockell@newcastle.ac.uk","Newcastle University","Framlington Place","Newcastle","NE2 4HH","United Kingdom","0","Illumina NextSeq 500","cDNA","transcriptomic","RNA-Seq","BioSample: https://www.ncbi.nlm.nih.gov/biosample/SAMN12426331","SRA: https://www.ncbi.nlm.nih.gov/sra?term=SRX6635576","ftp://ftp.ncbi.nlm.nih.gov/geo/samples/GSM3998nnn/GSM3998266/suppl/GSM3998266_238-Ann-Daly_S8.counts.txt.gz","NAFLD","0","NASH_F0-F1","3","early"
"GSM3998267","Liver patient 42","GSM3998267","Public on Dec 03 2020","Aug 01 2019","Apr 28 2021","SRA","1","NAFLD_early_liver biopsy","Homo sapiens","nas score: 2","fibrosis stage: 0","group in paper: NAFL","disease: NAFLD","Stage: early","total RNA","Frozen tissue samples were lysed using Trizol (Sigma-Aldrich) and mRNA was extracted with the Allprep DNA/RNA Micro kit (Qiagen). Concentrations and quality were assessed using the Agilent Pico 6000 kit on the Bioanalyzer 2100.","RNA libraries were prepared for sequencing using standard Illumina protocols","9606","239-Ann-Daly_S9","Reads were cropped to 75bp using Trimmomatic","Reads were mapped to GRCh38 (ensembl release 78) using STAR (v2.4.2a)","Gene count tables were produced using HTSeq-count (v0.11.2) with -r pos -s reverse","Genome_build: GRCh38, Ensembl release 78","Supplementary_files_format_and_content: txt files with gene-level counts","GPL18573","Simon,,Cockell","simon.cockell@newcastle.ac.uk","Newcastle University","Framlington Place","Newcastle","NE2 4HH","United Kingdom","0","Illumina NextSeq 500","cDNA","transcriptomic","RNA-Seq","BioSample: https://www.ncbi.nlm.nih.gov/biosample/SAMN12426330","SRA: https://www.ncbi.nlm.nih.gov/sra?term=SRX6635577","ftp://ftp.ncbi.nlm.nih.gov/geo/samples/GSM3998nnn/GSM3998267/suppl/GSM3998267_239-Ann-Daly_S9.counts.txt.gz","NAFLD","0","NAFL","2","early"
"GSM3998268","Liver patient 186","GSM3998268","Public on Dec 03 2020","Aug 01 2019","Apr 28 2021","SRA","1","NAFLD_moderate_liver biopsy","Homo sapiens","nas score: 5","fibrosis stage: 3","group in paper: NASH_F3","disease: NAFLD","Stage: moderate","total RNA","Frozen tissue samples were lysed using Trizol (Sigma-Aldrich) and mRNA was extracted with the Allprep DNA/RNA Micro kit (Qiagen). Concentrations and quality were assessed using the Agilent Pico 6000 kit on the Bioanalyzer 2100.","RNA libraries were prepared for sequencing using standard Illumina protocols","9606","24_160_R1.fastq.gz","Reads were cropped to 75bp using Trimmomatic","Reads were mapped to GRCh38 (ensembl release 78) using STAR (v2.4.2a)","Gene count tables were produced using HTSeq-count (v0.11.2) with -r pos -s reverse","Genome_build: GRCh38, Ensembl release 78","Supplementary_files_format_and_content: txt files with gene-level counts","GPL18573","Simon,,Cockell","simon.cockell@newcastle.ac.uk","Newcastle University","Framlington Place","Newcastle","NE2 4HH","United Kingdom","0","Illumina NextSeq 500","cDNA","transcriptomic","RNA-Seq","BioSample: https://www.ncbi.nlm.nih.gov/biosample/SAMN12426329","SRA: https://www.ncbi.nlm.nih.gov/sra?term=SRX6635578","ftp://ftp.ncbi.nlm.nih.gov/geo/samples/GSM3998nnn/GSM3998268/suppl/GSM3998268_24_160.counts.txt.gz","NAFLD","3","NASH_F3","5","moderate"
"GSM3998269","Liver patient 113","GSM3998269","Public on Dec 03 2020","Aug 01 2019","Apr 28 2021","SRA","1","NAFLD_early_liver biopsy","Homo sapiens","nas score: 5","fibrosis stage: 2","group in paper: NASH_F2","disease: NAFLD","Stage: early","total RNA","Frozen tissue samples were lysed using Trizol (Sigma-Aldrich) and mRNA was extracted with the Allprep DNA/RNA Micro kit (Qiagen). Concentrations and quality were assessed using the Agilent Pico 6000 kit on the Bioanalyzer 2100.","RNA libraries were prepared for sequencing using standard Illumina protocols","9606","240-Ann-Daly_S1","Reads were cropped to 75bp using Trimmomatic","Reads were mapped to GRCh38 (ensembl release 78) using STAR (v2.4.2a)","Gene count tables were produced using HTSeq-count (v0.11.2) with -r pos -s reverse","Genome_build: GRCh38, Ensembl release 78","Supplementary_files_format_and_content: txt files with gene-level counts","GPL18573","Simon,,Cockell","simon.cockell@newcastle.ac.uk","Newcastle University","Framlington Place","Newcastle","NE2 4HH","United Kingdom","0","Illumina NextSeq 500","cDNA","transcriptomic","RNA-Seq","BioSample: https://www.ncbi.nlm.nih.gov/biosample/SAMN12426328","SRA: https://www.ncbi.nlm.nih.gov/sra?term=SRX6635579","ftp://ftp.ncbi.nlm.nih.gov/geo/samples/GSM3998nnn/GSM3998269/suppl/GSM3998269_240-Ann-Daly_S1.counts.txt.gz","NAFLD","2","NASH_F2","5","early"
"GSM3998270","Liver patient 31","GSM3998270","Public on Dec 03 2020","Aug 01 2019","Apr 28 2021","SRA","1","NAFLD_early_liver biopsy","Homo sapiens","nas score: 4","fibrosis stage: 0","group in paper: NAFL","disease: NAFLD","Stage: early","total RNA","Frozen tissue samples were lysed using Trizol (Sigma-Aldrich) and mRNA was extracted with the Allprep DNA/RNA Micro kit (Qiagen). Concentrations and quality were assessed using the Agilent Pico 6000 kit on the Bioanalyzer 2100.","RNA libraries were prepared for sequencing using standard Illumina protocols","9606","241-Ann-Daly_S2","Reads were cropped to 75bp using Trimmomatic","Reads were mapped to GRCh38 (ensembl release 78) using STAR (v2.4.2a)","Gene count tables were produced using HTSeq-count (v0.11.2) with -r pos -s reverse","Genome_build: GRCh38, Ensembl release 78","Supplementary_files_format_and_content: txt files with gene-level counts","GPL18573","Simon,,Cockell","simon.cockell@newcastle.ac.uk","Newcastle University","Framlington Place","Newcastle","NE2 4HH","United Kingdom","0","Illumina NextSeq 500","cDNA","transcriptomic","RNA-Seq","BioSample: https://www.ncbi.nlm.nih.gov/biosample/SAMN12426327","SRA: https://www.ncbi.nlm.nih.gov/sra?term=SRX6635580","ftp://ftp.ncbi.nlm.nih.gov/geo/samples/GSM3998nnn/GSM3998270/suppl/GSM3998270_241-Ann-Daly_S2.counts.txt.gz","NAFLD","0","NAFL","4","early"
"GSM3998271","Liver patient 33","GSM3998271","Public on Dec 03 2020","Aug 01 2019","Apr 28 2021","SRA","1","NAFLD_early_liver biopsy","Homo sapiens","nas score: 6","fibrosis stage: 1","group in paper: NASH_F0-F1","disease: NAFLD","Stage: early","total RNA","Frozen tissue samples were lysed using Trizol (Sigma-Aldrich) and mRNA was extracted with the Allprep DNA/RNA Micro kit (Qiagen). Concentrations and quality were assessed using the Agilent Pico 6000 kit on the Bioanalyzer 2100.","RNA libraries were prepared for sequencing using standard Illumina protocols","9606","242-Ann-Daly_S10","Reads were cropped to 75bp using Trimmomatic","Reads were mapped to GRCh38 (ensembl release 78) using STAR (v2.4.2a)","Gene count tables were produced using HTSeq-count (v0.11.2) with -r pos -s reverse","Genome_build: GRCh38, Ensembl release 78","Supplementary_files_format_and_content: txt files with gene-level counts","GPL18573","Simon,,Cockell","simon.cockell@newcastle.ac.uk","Newcastle University","Framlington Place","Newcastle","NE2 4HH","United Kingdom","0","Illumina NextSeq 500","cDNA","transcriptomic","RNA-Seq","BioSample: https://www.ncbi.nlm.nih.gov/biosample/SAMN12426326","SRA: https://www.ncbi.nlm.nih.gov/sra?term=SRX6635581","ftp://ftp.ncbi.nlm.nih.gov/geo/samples/GSM3998nnn/GSM3998271/suppl/GSM3998271_242-Ann-Daly_S10.counts.txt.gz","NAFLD","1","NASH_F0-F1","6","early"
"GSM3998272","Liver patient 35","GSM3998272","Public on Dec 03 2020","Aug 01 2019","Apr 28 2021","SRA","1","NAFLD_early_liver biopsy","Homo sapiens","nas score: 3","fibrosis stage: 0","group in paper: NAFL","disease: NAFLD","Stage: early","total RNA","Frozen tissue samples were lysed using Trizol (Sigma-Aldrich) and mRNA was extracted with the Allprep DNA/RNA Micro kit (Qiagen). Concentrations and quality were assessed using the Agilent Pico 6000 kit on the Bioanalyzer 2100.","RNA libraries were prepared for sequencing using standard Illumina protocols","9606","243-Ann-Daly_S11","Reads were cropped to 75bp using Trimmomatic","Reads were mapped to GRCh38 (ensembl release 78) using STAR (v2.4.2a)","Gene count tables were produced using HTSeq-count (v0.11.2) with -r pos -s reverse","Genome_build: GRCh38, Ensembl release 78","Supplementary_files_format_and_content: txt files with gene-level counts","GPL18573","Simon,,Cockell","simon.cockell@newcastle.ac.uk","Newcastle University","Framlington Place","Newcastle","NE2 4HH","United Kingdom","0","Illumina NextSeq 500","cDNA","transcriptomic","RNA-Seq","BioSample: https://www.ncbi.nlm.nih.gov/biosample/SAMN12426325","SRA: https://www.ncbi.nlm.nih.gov/sra?term=SRX6635582","ftp://ftp.ncbi.nlm.nih.gov/geo/samples/GSM3998nnn/GSM3998272/suppl/GSM3998272_243-Ann-Daly_S11.counts.txt.gz","NAFLD","0","NAFL","3","early"
"GSM3998273","Liver patient 37","GSM3998273","Public on Dec 03 2020","Aug 01 2019","Apr 28 2021","SRA","1","NAFLD_early_liver biopsy","Homo sapiens","nas score: 6","fibrosis stage: 1","group in paper: NASH_F0-F1","disease: NAFLD","Stage: early","total RNA","Frozen tissue samples were lysed using Trizol (Sigma-Aldrich) and mRNA was extracted with the Allprep DNA/RNA Micro kit (Qiagen). Concentrations and quality were assessed using the Agilent Pico 6000 kit on the Bioanalyzer 2100.","RNA libraries were prepared for sequencing using standard Illumina protocols","9606","244-Ann-Daly_S12","Reads were cropped to 75bp using Trimmomatic","Reads were mapped to GRCh38 (ensembl release 78) using STAR (v2.4.2a)","Gene count tables were produced using HTSeq-count (v0.11.2) with -r pos -s reverse","Genome_build: GRCh38, Ensembl release 78","Supplementary_files_format_and_content: txt files with gene-level counts","GPL18573","Simon,,Cockell","simon.cockell@newcastle.ac.uk","Newcastle University","Framlington Place","Newcastle","NE2 4HH","United Kingdom","0","Illumina NextSeq 500","cDNA","transcriptomic","RNA-Seq","BioSample: https://www.ncbi.nlm.nih.gov/biosample/SAMN12426324","SRA: https://www.ncbi.nlm.nih.gov/sra?term=SRX6635583","ftp://ftp.ncbi.nlm.nih.gov/geo/samples/GSM3998nnn/GSM3998273/suppl/GSM3998273_244-Ann-Daly_S12.counts.txt.gz","NAFLD","1","NASH_F0-F1","6","early"
"GSM3998274","Liver patient 38","GSM3998274","Public on Dec 03 2020","Aug 01 2019","Apr 28 2021","SRA","1","NAFLD_moderate_liver biopsy","Homo sapiens","nas score: 6","fibrosis stage: 3","group in paper: NASH_F3","disease: NAFLD","Stage: moderate","total RNA","Frozen tissue samples were lysed using Trizol (Sigma-Aldrich) and mRNA was extracted with the Allprep DNA/RNA Micro kit (Qiagen). Concentrations and quality were assessed using the Agilent Pico 6000 kit on the Bioanalyzer 2100.","RNA libraries were prepared for sequencing using standard Illumina protocols","9606","245-Ann-Daly_S13","Reads were cropped to 75bp using Trimmomatic","Reads were mapped to GRCh38 (ensembl release 78) using STAR (v2.4.2a)","Gene count tables were produced using HTSeq-count (v0.11.2) with -r pos -s reverse","Genome_build: GRCh38, Ensembl release 78","Supplementary_files_format_and_content: txt files with gene-level counts","GPL18573","Simon,,Cockell","simon.cockell@newcastle.ac.uk","Newcastle University","Framlington Place","Newcastle","NE2 4HH","United Kingdom","0","Illumina NextSeq 500","cDNA","transcriptomic","RNA-Seq","BioSample: https://www.ncbi.nlm.nih.gov/biosample/SAMN12426282","SRA: https://www.ncbi.nlm.nih.gov/sra?term=SRX6635584","ftp://ftp.ncbi.nlm.nih.gov/geo/samples/GSM3998nnn/GSM3998274/suppl/GSM3998274_245-Ann-Daly_S13.counts.txt.gz","NAFLD","3","NASH_F3","6","moderate"
"GSM3998275","Liver patient 39","GSM3998275","Public on Dec 03 2020","Aug 01 2019","Apr 28 2021","SRA","1","NAFLD_moderate_liver biopsy","Homo sapiens","nas score: 1","fibrosis stage: 4","group in paper: NASH_F4","disease: NAFLD","Stage: moderate","total RNA","Frozen tissue samples were lysed using Trizol (Sigma-Aldrich) and mRNA was extracted with the Allprep DNA/RNA Micro kit (Qiagen). Concentrations and quality were assessed using the Agilent Pico 6000 kit on the Bioanalyzer 2100.","RNA libraries were prepared for sequencing using standard Illumina protocols","9606","246-Ann-Daly_S14","Reads were cropped to 75bp using Trimmomatic","Reads were mapped to GRCh38 (ensembl release 78) using STAR (v2.4.2a)","Gene count tables were produced using HTSeq-count (v0.11.2) with -r pos -s reverse","Genome_build: GRCh38, Ensembl release 78","Supplementary_files_format_and_content: txt files with gene-level counts","GPL18573","Simon,,Cockell","simon.cockell@newcastle.ac.uk","Newcastle University","Framlington Place","Newcastle","NE2 4HH","United Kingdom","0","Illumina NextSeq 500","cDNA","transcriptomic","RNA-Seq","BioSample: https://www.ncbi.nlm.nih.gov/biosample/SAMN12426281","SRA: https://www.ncbi.nlm.nih.gov/sra?term=SRX6635585","ftp://ftp.ncbi.nlm.nih.gov/geo/samples/GSM3998nnn/GSM3998275/suppl/GSM3998275_246-Ann-Daly_S14.counts.txt.gz","NAFLD","4","NASH_F4","1","moderate"
"GSM3998276","Liver patient 43","GSM3998276","Public on Dec 03 2020","Aug 01 2019","Apr 28 2021","SRA","1","NAFLD_early_liver biopsy","Homo sapiens","nas score: 2","fibrosis stage: 0","group in paper: NAFL","disease: NAFLD","Stage: early","total RNA","Frozen tissue samples were lysed using Trizol (Sigma-Aldrich) and mRNA was extracted with the Allprep DNA/RNA Micro kit (Qiagen). Concentrations and quality were assessed using the Agilent Pico 6000 kit on the Bioanalyzer 2100.","RNA libraries were prepared for sequencing using standard Illumina protocols","9606","247-Ann-Daly_S15","Reads were cropped to 75bp using Trimmomatic","Reads were mapped to GRCh38 (ensembl release 78) using STAR (v2.4.2a)","Gene count tables were produced using HTSeq-count (v0.11.2) with -r pos -s reverse","Genome_build: GRCh38, Ensembl release 78","Supplementary_files_format_and_content: txt files with gene-level counts","GPL18573","Simon,,Cockell","simon.cockell@newcastle.ac.uk","Newcastle University","Framlington Place","Newcastle","NE2 4HH","United Kingdom","0","Illumina NextSeq 500","cDNA","transcriptomic","RNA-Seq","BioSample: https://www.ncbi.nlm.nih.gov/biosample/SAMN12426280","SRA: https://www.ncbi.nlm.nih.gov/sra?term=SRX6635586","ftp://ftp.ncbi.nlm.nih.gov/geo/samples/GSM3998nnn/GSM3998276/suppl/GSM3998276_247-Ann-Daly_S15.counts.txt.gz","NAFLD","0","NAFL","2","early"
"GSM3998277","Liver patient 184","GSM3998277","Public on Dec 03 2020","Aug 01 2019","Apr 28 2021","SRA","1","NAFLD_early_liver biopsy","Homo sapiens","nas score: 4","fibrosis stage: 2","group in paper: NASH_F2","disease: NAFLD","Stage: early","total RNA","Frozen tissue samples were lysed using Trizol (Sigma-Aldrich) and mRNA was extracted with the Allprep DNA/RNA Micro kit (Qiagen). Concentrations and quality were assessed using the Agilent Pico 6000 kit on the Bioanalyzer 2100.","RNA libraries were prepared for sequencing using standard Illumina protocols","9606","25_164_R1.fastq.gz","Reads were cropped to 75bp using Trimmomatic","Reads were mapped to GRCh38 (ensembl release 78) using STAR (v2.4.2a)","Gene count tables were produced using HTSeq-count (v0.11.2) with -r pos -s reverse","Genome_build: GRCh38, Ensembl release 78","Supplementary_files_format_and_content: txt files with gene-level counts","GPL18573","Simon,,Cockell","simon.cockell@newcastle.ac.uk","Newcastle University","Framlington Place","Newcastle","NE2 4HH","United Kingdom","0","Illumina NextSeq 500","cDNA","transcriptomic","RNA-Seq","BioSample: https://www.ncbi.nlm.nih.gov/biosample/SAMN12426279","SRA: https://www.ncbi.nlm.nih.gov/sra?term=SRX6635587","ftp://ftp.ncbi.nlm.nih.gov/geo/samples/GSM3998nnn/GSM3998277/suppl/GSM3998277_25_164.counts.txt.gz","NAFLD","2","NASH_F2","4","early"
"GSM3998278","Liver patient 11","GSM3998278","Public on Dec 03 2020","Aug 01 2019","Apr 28 2021","SRA","1","NAFLD_early_liver biopsy","Homo sapiens","nas score: 5","fibrosis stage: 2","group in paper: NASH_F2","disease: NAFLD","Stage: early","total RNA","Frozen tissue samples were lysed using Trizol (Sigma-Aldrich) and mRNA was extracted with the Allprep DNA/RNA Micro kit (Qiagen). Concentrations and quality were assessed using the Agilent Pico 6000 kit on the Bioanalyzer 2100.","RNA libraries were prepared for sequencing using standard Illumina protocols","9606","252-Ann-Daly_S16","Reads were cropped to 75bp using Trimmomatic","Reads were mapped to GRCh38 (ensembl release 78) using STAR (v2.4.2a)","Gene count tables were produced using HTSeq-count (v0.11.2) with -r pos -s reverse","Genome_build: GRCh38, Ensembl release 78","Supplementary_files_format_and_content: txt files with gene-level counts","GPL18573","Simon,,Cockell","simon.cockell@newcastle.ac.uk","Newcastle University","Framlington Place","Newcastle","NE2 4HH","United Kingdom","0","Illumina NextSeq 500","cDNA","transcriptomic","RNA-Seq","BioSample: https://www.ncbi.nlm.nih.gov/biosample/SAMN12426278","SRA: https://www.ncbi.nlm.nih.gov/sra?term=SRX6635588","ftp://ftp.ncbi.nlm.nih.gov/geo/samples/GSM3998nnn/GSM3998278/suppl/GSM3998278_252-Ann-Daly_S16.counts.txt.gz","NAFLD","2","NASH_F2","5","early"
"GSM3998279","Liver patient 76","GSM3998279","Public on Dec 03 2020","Aug 01 2019","Apr 28 2021","SRA","1","NAFLD_early_liver biopsy","Homo sapiens","nas score: 2","fibrosis stage: 1","group in paper: NAFL","disease: NAFLD","Stage: early","total RNA","Frozen tissue samples were lysed using Trizol (Sigma-Aldrich) and mRNA was extracted with the Allprep DNA/RNA Micro kit (Qiagen). Concentrations and quality were assessed using the Agilent Pico 6000 kit on the Bioanalyzer 2100.","RNA libraries were prepared for sequencing using standard Illumina protocols","9606","255-Ann-Daly_S3","Reads were cropped to 75bp using Trimmomatic","Reads were mapped to GRCh38 (ensembl release 78) using STAR (v2.4.2a)","Gene count tables were produced using HTSeq-count (v0.11.2) with -r pos -s reverse","Genome_build: GRCh38, Ensembl release 78","Supplementary_files_format_and_content: txt files with gene-level counts","GPL18573","Simon,,Cockell","simon.cockell@newcastle.ac.uk","Newcastle University","Framlington Place","Newcastle","NE2 4HH","United Kingdom","0","Illumina NextSeq 500","cDNA","transcriptomic","RNA-Seq","BioSample: https://www.ncbi.nlm.nih.gov/biosample/SAMN12426277","SRA: https://www.ncbi.nlm.nih.gov/sra?term=SRX6635589","ftp://ftp.ncbi.nlm.nih.gov/geo/samples/GSM3998nnn/GSM3998279/suppl/GSM3998279_255-Ann-Daly_S3.counts.txt.gz","NAFLD","1","NAFL","2","early"
"GSM3998280","Liver patient 183","GSM3998280","Public on Dec 03 2020","Aug 01 2019","Apr 28 2021","SRA","1","NAFLD_moderate_liver biopsy","Homo sapiens","nas score: 5","fibrosis stage: 3","group in paper: NASH_F3","disease: NAFLD","Stage: moderate","total RNA","Frozen tissue samples were lysed using Trizol (Sigma-Aldrich) and mRNA was extracted with the Allprep DNA/RNA Micro kit (Qiagen). Concentrations and quality were assessed using the Agilent Pico 6000 kit on the Bioanalyzer 2100.","RNA libraries were prepared for sequencing using standard Illumina protocols","9606","26_171_R1.fastq.gz","Reads were cropped to 75bp using Trimmomatic","Reads were mapped to GRCh38 (ensembl release 78) using STAR (v2.4.2a)","Gene count tables were produced using HTSeq-count (v0.11.2) with -r pos -s reverse","Genome_build: GRCh38, Ensembl release 78","Supplementary_files_format_and_content: txt files with gene-level counts","GPL18573","Simon,,Cockell","simon.cockell@newcastle.ac.uk","Newcastle University","Framlington Place","Newcastle","NE2 4HH","United Kingdom","0","Illumina NextSeq 500","cDNA","transcriptomic","RNA-Seq","BioSample: https://www.ncbi.nlm.nih.gov/biosample/SAMN12426276","SRA: https://www.ncbi.nlm.nih.gov/sra?term=SRX6635590","ftp://ftp.ncbi.nlm.nih.gov/geo/samples/GSM3998nnn/GSM3998280/suppl/GSM3998280_26_171.counts.txt.gz","NAFLD","3","NASH_F3","5","moderate"
"GSM3998281","Liver patient 122","GSM3998281","Public on Dec 03 2020","Aug 01 2019","Apr 28 2021","SRA","1","NAFLD_early_liver biopsy","Homo sapiens","nas score: 1","fibrosis stage: 0","group in paper: NAFL","disease: NAFLD","Stage: early","total RNA","Frozen tissue samples were lysed using Trizol (Sigma-Aldrich) and mRNA was extracted with the Allprep DNA/RNA Micro kit (Qiagen). Concentrations and quality were assessed using the Agilent Pico 6000 kit on the Bioanalyzer 2100.","RNA libraries were prepared for sequencing using standard Illumina protocols","9606","260-Ann-Daly_S4","Reads were cropped to 75bp using Trimmomatic","Reads were mapped to GRCh38 (ensembl release 78) using STAR (v2.4.2a)","Gene count tables were produced using HTSeq-count (v0.11.2) with -r pos -s reverse","Genome_build: GRCh38, Ensembl release 78","Supplementary_files_format_and_content: txt files with gene-level counts","GPL18573","Simon,,Cockell","simon.cockell@newcastle.ac.uk","Newcastle University","Framlington Place","Newcastle","NE2 4HH","United Kingdom","0","Illumina NextSeq 500","cDNA","transcriptomic","RNA-Seq","BioSample: https://www.ncbi.nlm.nih.gov/biosample/SAMN12426275","SRA: https://www.ncbi.nlm.nih.gov/sra?term=SRX6635591","ftp://ftp.ncbi.nlm.nih.gov/geo/samples/GSM3998nnn/GSM3998281/suppl/GSM3998281_260-Ann-Daly_S4.counts.txt.gz","NAFLD","0","NAFL","1","early"
"GSM3998282","Liver patient 22","GSM3998282","Public on Dec 03 2020","Aug 01 2019","Apr 28 2021","SRA","1","NAFLD_moderate_liver biopsy","Homo sapiens","nas score: 5","fibrosis stage: 3","group in paper: NASH_F3","disease: NAFLD","Stage: moderate","total RNA","Frozen tissue samples were lysed using Trizol (Sigma-Aldrich) and mRNA was extracted with the Allprep DNA/RNA Micro kit (Qiagen). Concentrations and quality were assessed using the Agilent Pico 6000 kit on the Bioanalyzer 2100.","RNA libraries were prepared for sequencing using standard Illumina protocols","9606","264-Ann-Daly_S5","Reads were cropped to 75bp using Trimmomatic","Reads were mapped to GRCh38 (ensembl release 78) using STAR (v2.4.2a)","Gene count tables were produced using HTSeq-count (v0.11.2) with -r pos -s reverse","Genome_build: GRCh38, Ensembl release 78","Supplementary_files_format_and_content: txt files with gene-level counts","GPL18573","Simon,,Cockell","simon.cockell@newcastle.ac.uk","Newcastle University","Framlington Place","Newcastle","NE2 4HH","United Kingdom","0","Illumina NextSeq 500","cDNA","transcriptomic","RNA-Seq","BioSample: https://www.ncbi.nlm.nih.gov/biosample/SAMN12426274","SRA: https://www.ncbi.nlm.nih.gov/sra?term=SRX6635592","ftp://ftp.ncbi.nlm.nih.gov/geo/samples/GSM3998nnn/GSM3998282/suppl/GSM3998282_264-Ann-Daly_S5.counts.txt.gz","NAFLD","3","NASH_F3","5","moderate"
"GSM3998283","Liver patient 25","GSM3998283","Public on Dec 03 2020","Aug 01 2019","Apr 28 2021","SRA","1","NAFLD_early_liver biopsy","Homo sapiens","nas score: 2","fibrosis stage: 1","group in paper: NAFL","disease: NAFLD","Stage: early","total RNA","Frozen tissue samples were lysed using Trizol (Sigma-Aldrich) and mRNA was extracted with the Allprep DNA/RNA Micro kit (Qiagen). Concentrations and quality were assessed using the Agilent Pico 6000 kit on the Bioanalyzer 2100.","RNA libraries were prepared for sequencing using standard Illumina protocols","9606","266-Ann-Daly_S7","Reads were cropped to 75bp using Trimmomatic","Reads were mapped to GRCh38 (ensembl release 78) using STAR (v2.4.2a)","Gene count tables were produced using HTSeq-count (v0.11.2) with -r pos -s reverse","Genome_build: GRCh38, Ensembl release 78","Supplementary_files_format_and_content: txt files with gene-level counts","GPL18573","Simon,,Cockell","simon.cockell@newcastle.ac.uk","Newcastle University","Framlington Place","Newcastle","NE2 4HH","United Kingdom","0","Illumina NextSeq 500","cDNA","transcriptomic","RNA-Seq","BioSample: https://www.ncbi.nlm.nih.gov/biosample/SAMN12426273","SRA: https://www.ncbi.nlm.nih.gov/sra?term=SRX6635593","ftp://ftp.ncbi.nlm.nih.gov/geo/samples/GSM3998nnn/GSM3998283/suppl/GSM3998283_266-Ann-Daly_S7.counts.txt.gz","NAFLD","1","NAFL","2","early"
"GSM3998284","Liver patient 92","GSM3998284","Public on Dec 03 2020","Aug 01 2019","Apr 28 2021","SRA","1","NAFLD_early_liver biopsy","Homo sapiens","nas score: 4","fibrosis stage: 2","group in paper: NASH_F2","disease: NAFLD","Stage: early","total RNA","Frozen tissue samples were lysed using Trizol (Sigma-Aldrich) and mRNA was extracted with the Allprep DNA/RNA Micro kit (Qiagen). Concentrations and quality were assessed using the Agilent Pico 6000 kit on the Bioanalyzer 2100.","RNA libraries were prepared for sequencing using standard Illumina protocols","9606","268-Ann-Daly_S8","Reads were cropped to 75bp using Trimmomatic","Reads were mapped to GRCh38 (ensembl release 78) using STAR (v2.4.2a)","Gene count tables were produced using HTSeq-count (v0.11.2) with -r pos -s reverse","Genome_build: GRCh38, Ensembl release 78","Supplementary_files_format_and_content: txt files with gene-level counts","GPL18573","Simon,,Cockell","simon.cockell@newcastle.ac.uk","Newcastle University","Framlington Place","Newcastle","NE2 4HH","United Kingdom","0","Illumina NextSeq 500","cDNA","transcriptomic","RNA-Seq","BioSample: https://www.ncbi.nlm.nih.gov/biosample/SAMN12426272","SRA: https://www.ncbi.nlm.nih.gov/sra?term=SRX6635594","ftp://ftp.ncbi.nlm.nih.gov/geo/samples/GSM3998nnn/GSM3998284/suppl/GSM3998284_268-Ann-Daly_S8.counts.txt.gz","NAFLD","2","NASH_F2","4","early"
"GSM3998285","Liver patient 182","GSM3998285","Public on Dec 03 2020","Aug 01 2019","Apr 28 2021","SRA","1","NAFLD_moderate_liver biopsy","Homo sapiens","nas score: 4","fibrosis stage: 4","group in paper: NASH_F4","disease: NAFLD","Stage: moderate","total RNA","Frozen tissue samples were lysed using Trizol (Sigma-Aldrich) and mRNA was extracted with the Allprep DNA/RNA Micro kit (Qiagen). Concentrations and quality were assessed using the Agilent Pico 6000 kit on the Bioanalyzer 2100.","RNA libraries were prepared for sequencing using standard Illumina protocols","9606","27_181_R1.fastq.gz","Reads were cropped to 75bp using Trimmomatic","Reads were mapped to GRCh38 (ensembl release 78) using STAR (v2.4.2a)","Gene count tables were produced using HTSeq-count (v0.11.2) with -r pos -s reverse","Genome_build: GRCh38, Ensembl release 78","Supplementary_files_format_and_content: txt files with gene-level counts","GPL18573","Simon,,Cockell","simon.cockell@newcastle.ac.uk","Newcastle University","Framlington Place","Newcastle","NE2 4HH","United Kingdom","0","Illumina NextSeq 500","cDNA","transcriptomic","RNA-Seq","BioSample: https://www.ncbi.nlm.nih.gov/biosample/SAMN12426271","SRA: https://www.ncbi.nlm.nih.gov/sra?term=SRX6635595","ftp://ftp.ncbi.nlm.nih.gov/geo/samples/GSM3998nnn/GSM3998285/suppl/GSM3998285_27_181.counts.txt.gz","NAFLD","4","NASH_F4","4","moderate"
"GSM3998286","Liver patient 52","GSM3998286","Public on Dec 03 2020","Aug 01 2019","Apr 28 2021","SRA","1","NAFLD_early_liver biopsy","Homo sapiens","nas score: 2","fibrosis stage: 0","group in paper: NAFL","disease: NAFLD","Stage: early","total RNA","Frozen tissue samples were lysed using Trizol (Sigma-Aldrich) and mRNA was extracted with the Allprep DNA/RNA Micro kit (Qiagen). Concentrations and quality were assessed using the Agilent Pico 6000 kit on the Bioanalyzer 2100.","RNA libraries were prepared for sequencing using standard Illumina protocols","9606","274-Ann-Daly_S10","Reads were cropped to 75bp using Trimmomatic","Reads were mapped to GRCh38 (ensembl release 78) using STAR (v2.4.2a)","Gene count tables were produced using HTSeq-count (v0.11.2) with -r pos -s reverse","Genome_build: GRCh38, Ensembl release 78","Supplementary_files_format_and_content: txt files with gene-level counts","GPL18573","Simon,,Cockell","simon.cockell@newcastle.ac.uk","Newcastle University","Framlington Place","Newcastle","NE2 4HH","United Kingdom","0","Illumina NextSeq 500","cDNA","transcriptomic","RNA-Seq","BioSample: https://www.ncbi.nlm.nih.gov/biosample/SAMN12426270","SRA: https://www.ncbi.nlm.nih.gov/sra?term=SRX6635596","ftp://ftp.ncbi.nlm.nih.gov/geo/samples/GSM3998nnn/GSM3998286/suppl/GSM3998286_274-Ann-Daly_S10.counts.txt.gz","NAFLD","0","NAFL","2","early"
"GSM3998287","Liver patient 109","GSM3998287","Public on Dec 03 2020","Aug 01 2019","Apr 28 2021","SRA","1","NAFLD_early_liver biopsy","Homo sapiens","nas score: 4","fibrosis stage: 2","group in paper: NASH_F2","disease: NAFLD","Stage: early","total RNA","Frozen tissue samples were lysed using Trizol (Sigma-Aldrich) and mRNA was extracted with the Allprep DNA/RNA Micro kit (Qiagen). Concentrations and quality were assessed using the Agilent Pico 6000 kit on the Bioanalyzer 2100.","RNA libraries were prepared for sequencing using standard Illumina protocols","9606","277-Ann-Daly_S11","Reads were cropped to 75bp using Trimmomatic","Reads were mapped to GRCh38 (ensembl release 78) using STAR (v2.4.2a)","Gene count tables were produced using HTSeq-count (v0.11.2) with -r pos -s reverse","Genome_build: GRCh38, Ensembl release 78","Supplementary_files_format_and_content: txt files with gene-level counts","GPL18573","Simon,,Cockell","simon.cockell@newcastle.ac.uk","Newcastle University","Framlington Place","Newcastle","NE2 4HH","United Kingdom","0","Illumina NextSeq 500","cDNA","transcriptomic","RNA-Seq","BioSample: https://www.ncbi.nlm.nih.gov/biosample/SAMN12426269","SRA: https://www.ncbi.nlm.nih.gov/sra?term=SRX6635597","ftp://ftp.ncbi.nlm.nih.gov/geo/samples/GSM3998nnn/GSM3998287/suppl/GSM3998287_277-Ann-Daly_S11.counts.txt.gz","NAFLD","2","NASH_F2","4","early"
"GSM3998288","Liver patient 49","GSM3998288","Public on Dec 03 2020","Aug 01 2019","Apr 28 2021","SRA","1","NAFLD_early_liver biopsy","Homo sapiens","nas score: 2","fibrosis stage: 0","group in paper: NAFL","disease: NAFLD","Stage: early","total RNA","Frozen tissue samples were lysed using Trizol (Sigma-Aldrich) and mRNA was extracted with the Allprep DNA/RNA Micro kit (Qiagen). Concentrations and quality were assessed using the Agilent Pico 6000 kit on the Bioanalyzer 2100.","RNA libraries were prepared for sequencing using standard Illumina protocols","9606","278-Ann-Daly_S12","Reads were cropped to 75bp using Trimmomatic","Reads were mapped to GRCh38 (ensembl release 78) using STAR (v2.4.2a)","Gene count tables were produced using HTSeq-count (v0.11.2) with -r pos -s reverse","Genome_build: GRCh38, Ensembl release 78","Supplementary_files_format_and_content: txt files with gene-level counts","GPL18573","Simon,,Cockell","simon.cockell@newcastle.ac.uk","Newcastle University","Framlington Place","Newcastle","NE2 4HH","United Kingdom","0","Illumina NextSeq 500","cDNA","transcriptomic","RNA-Seq","BioSample: https://www.ncbi.nlm.nih.gov/biosample/SAMN12426268","SRA: https://www.ncbi.nlm.nih.gov/sra?term=SRX6635598","ftp://ftp.ncbi.nlm.nih.gov/geo/samples/GSM3998nnn/GSM3998288/suppl/GSM3998288_278-Ann-Daly_S12.counts.txt.gz","NAFLD","0","NAFL","2","early"
"GSM3998289","Liver patient 63","GSM3998289","Public on Dec 03 2020","Aug 01 2019","Apr 28 2021","SRA","1","NAFLD_early_liver biopsy","Homo sapiens","nas score: 3","fibrosis stage: 0","group in paper: NAFL","disease: NAFLD","Stage: early","total RNA","Frozen tissue samples were lysed using Trizol (Sigma-Aldrich) and mRNA was extracted with the Allprep DNA/RNA Micro kit (Qiagen). Concentrations and quality were assessed using the Agilent Pico 6000 kit on the Bioanalyzer 2100.","RNA libraries were prepared for sequencing using standard Illumina protocols","9606","279-Ann-Daly_S13","Reads were cropped to 75bp using Trimmomatic","Reads were mapped to GRCh38 (ensembl release 78) using STAR (v2.4.2a)","Gene count tables were produced using HTSeq-count (v0.11.2) with -r pos -s reverse","Genome_build: GRCh38, Ensembl release 78","Supplementary_files_format_and_content: txt files with gene-level counts","GPL18573","Simon,,Cockell","simon.cockell@newcastle.ac.uk","Newcastle University","Framlington Place","Newcastle","NE2 4HH","United Kingdom","0","Illumina NextSeq 500","cDNA","transcriptomic","RNA-Seq","BioSample: https://www.ncbi.nlm.nih.gov/biosample/SAMN12426267","SRA: https://www.ncbi.nlm.nih.gov/sra?term=SRX6635599","ftp://ftp.ncbi.nlm.nih.gov/geo/samples/GSM3998nnn/GSM3998289/suppl/GSM3998289_279-Ann-Daly_S13.counts.txt.gz","NAFLD","0","NAFL","3","early"
"GSM3998290","Liver patient 111","GSM3998290","Public on Dec 03 2020","Aug 01 2019","Apr 28 2021","SRA","1","NAFLD_early_liver biopsy","Homo sapiens","nas score: 4","fibrosis stage: 0","group in paper: NAFL","disease: NAFLD","Stage: early","total RNA","Frozen tissue samples were lysed using Trizol (Sigma-Aldrich) and mRNA was extracted with the Allprep DNA/RNA Micro kit (Qiagen). Concentrations and quality were assessed using the Agilent Pico 6000 kit on the Bioanalyzer 2100.","RNA libraries were prepared for sequencing using standard Illumina protocols","9606","280-Ann-Daly_S14","Reads were cropped to 75bp using Trimmomatic","Reads were mapped to GRCh38 (ensembl release 78) using STAR (v2.4.2a)","Gene count tables were produced using HTSeq-count (v0.11.2) with -r pos -s reverse","Genome_build: GRCh38, Ensembl release 78","Supplementary_files_format_and_content: txt files with gene-level counts","GPL18573","Simon,,Cockell","simon.cockell@newcastle.ac.uk","Newcastle University","Framlington Place","Newcastle","NE2 4HH","United Kingdom","0","Illumina NextSeq 500","cDNA","transcriptomic","RNA-Seq","BioSample: https://www.ncbi.nlm.nih.gov/biosample/SAMN12426266","SRA: https://www.ncbi.nlm.nih.gov/sra?term=SRX6635600","ftp://ftp.ncbi.nlm.nih.gov/geo/samples/GSM3998nnn/GSM3998290/suppl/GSM3998290_280-Ann-Daly_S14.counts.txt.gz","NAFLD","0","NAFL","4","early"
"GSM3998291","Liver patient 47","GSM3998291","Public on Dec 03 2020","Aug 01 2019","Apr 28 2021","SRA","1","NAFLD_early_liver biopsy","Homo sapiens","nas score: 6","fibrosis stage: 1","group in paper: NASH_F0-F1","disease: NAFLD","Stage: early","total RNA","Frozen tissue samples were lysed using Trizol (Sigma-Aldrich) and mRNA was extracted with the Allprep DNA/RNA Micro kit (Qiagen). Concentrations and quality were assessed using the Agilent Pico 6000 kit on the Bioanalyzer 2100.","RNA libraries were prepared for sequencing using standard Illumina protocols","9606","281-Ann-Daly_S15","Reads were cropped to 75bp using Trimmomatic","Reads were mapped to GRCh38 (ensembl release 78) using STAR (v2.4.2a)","Gene count tables were produced using HTSeq-count (v0.11.2) with -r pos -s reverse","Genome_build: GRCh38, Ensembl release 78","Supplementary_files_format_and_content: txt files with gene-level counts","GPL18573","Simon,,Cockell","simon.cockell@newcastle.ac.uk","Newcastle University","Framlington Place","Newcastle","NE2 4HH","United Kingdom","0","Illumina NextSeq 500","cDNA","transcriptomic","RNA-Seq","BioSample: https://www.ncbi.nlm.nih.gov/biosample/SAMN12426265","SRA: https://www.ncbi.nlm.nih.gov/sra?term=SRX6635601","ftp://ftp.ncbi.nlm.nih.gov/geo/samples/GSM3998nnn/GSM3998291/suppl/GSM3998291_281-Ann-Daly_S15.counts.txt.gz","NAFLD","1","NASH_F0-F1","6","early"
"GSM3998292","Liver patient 48","GSM3998292","Public on Dec 03 2020","Aug 01 2019","Apr 28 2021","SRA","1","NAFLD_early_liver biopsy","Homo sapiens","nas score: 6","fibrosis stage: 1","group in paper: NASH_F0-F1","disease: NAFLD","Stage: early","total RNA","Frozen tissue samples were lysed using Trizol (Sigma-Aldrich) and mRNA was extracted with the Allprep DNA/RNA Micro kit (Qiagen). Concentrations and quality were assessed using the Agilent Pico 6000 kit on the Bioanalyzer 2100.","RNA libraries were prepared for sequencing using standard Illumina protocols","9606","282-Ann-Daly_S16","Reads were cropped to 75bp using Trimmomatic","Reads were mapped to GRCh38 (ensembl release 78) using STAR (v2.4.2a)","Gene count tables were produced using HTSeq-count (v0.11.2) with -r pos -s reverse","Genome_build: GRCh38, Ensembl release 78","Supplementary_files_format_and_content: txt files with gene-level counts","GPL18573","Simon,,Cockell","simon.cockell@newcastle.ac.uk","Newcastle University","Framlington Place","Newcastle","NE2 4HH","United Kingdom","0","Illumina NextSeq 500","cDNA","transcriptomic","RNA-Seq","BioSample: https://www.ncbi.nlm.nih.gov/biosample/SAMN12426264","SRA: https://www.ncbi.nlm.nih.gov/sra?term=SRX6635602","ftp://ftp.ncbi.nlm.nih.gov/geo/samples/GSM3998nnn/GSM3998292/suppl/GSM3998292_282-Ann-Daly_S16.counts.txt.gz","NAFLD","1","NASH_F0-F1","6","early"
"GSM3998293","Liver patient 50","GSM3998293","Public on Dec 03 2020","Aug 01 2019","Apr 28 2021","SRA","1","NAFLD_early_liver biopsy","Homo sapiens","nas score: 3","fibrosis stage: 0","group in paper: NAFL","disease: NAFLD","Stage: early","total RNA","Frozen tissue samples were lysed using Trizol (Sigma-Aldrich) and mRNA was extracted with the Allprep DNA/RNA Micro kit (Qiagen). Concentrations and quality were assessed using the Agilent Pico 6000 kit on the Bioanalyzer 2100.","RNA libraries were prepared for sequencing using standard Illumina protocols","9606","284-Ann-Daly_S2","Reads were cropped to 75bp using Trimmomatic","Reads were mapped to GRCh38 (ensembl release 78) using STAR (v2.4.2a)","Gene count tables were produced using HTSeq-count (v0.11.2) with -r pos -s reverse","Genome_build: GRCh38, Ensembl release 78","Supplementary_files_format_and_content: txt files with gene-level counts","GPL18573","Simon,,Cockell","simon.cockell@newcastle.ac.uk","Newcastle University","Framlington Place","Newcastle","NE2 4HH","United Kingdom","0","Illumina NextSeq 500","cDNA","transcriptomic","RNA-Seq","BioSample: https://www.ncbi.nlm.nih.gov/biosample/SAMN12426263","SRA: https://www.ncbi.nlm.nih.gov/sra?term=SRX6635603","ftp://ftp.ncbi.nlm.nih.gov/geo/samples/GSM3998nnn/GSM3998293/suppl/GSM3998293_284-Ann-Daly_S2.counts.txt.gz","NAFLD","0","NAFL","3","early"
"GSM3998294","Liver patient 54","GSM3998294","Public on Dec 03 2020","Aug 01 2019","Apr 28 2021","SRA","1","NAFLD_early_liver biopsy","Homo sapiens","nas score: 2","fibrosis stage: 1","group in paper: NAFL","disease: NAFLD","Stage: early","total RNA","Frozen tissue samples were lysed using Trizol (Sigma-Aldrich) and mRNA was extracted with the Allprep DNA/RNA Micro kit (Qiagen). Concentrations and quality were assessed using the Agilent Pico 6000 kit on the Bioanalyzer 2100.","RNA libraries were prepared for sequencing using standard Illumina protocols","9606","285-Ann-Daly_S3","Reads were cropped to 75bp using Trimmomatic","Reads were mapped to GRCh38 (ensembl release 78) using STAR (v2.4.2a)","Gene count tables were produced using HTSeq-count (v0.11.2) with -r pos -s reverse","Genome_build: GRCh38, Ensembl release 78","Supplementary_files_format_and_content: txt files with gene-level counts","GPL18573","Simon,,Cockell","simon.cockell@newcastle.ac.uk","Newcastle University","Framlington Place","Newcastle","NE2 4HH","United Kingdom","0","Illumina NextSeq 500","cDNA","transcriptomic","RNA-Seq","BioSample: https://www.ncbi.nlm.nih.gov/biosample/SAMN12426262","SRA: https://www.ncbi.nlm.nih.gov/sra?term=SRX6635604","ftp://ftp.ncbi.nlm.nih.gov/geo/samples/GSM3998nnn/GSM3998294/suppl/GSM3998294_285-Ann-Daly_S3.counts.txt.gz","NAFLD","1","NAFL","2","early"
"GSM3998295","Liver patient 55","GSM3998295","Public on Dec 03 2020","Aug 01 2019","Apr 28 2021","SRA","1","NAFLD_early_liver biopsy","Homo sapiens","nas score: 3","fibrosis stage: 1","group in paper: NAFL","disease: NAFLD","Stage: early","total RNA","Frozen tissue samples were lysed using Trizol (Sigma-Aldrich) and mRNA was extracted with the Allprep DNA/RNA Micro kit (Qiagen). Concentrations and quality were assessed using the Agilent Pico 6000 kit on the Bioanalyzer 2100.","RNA libraries were prepared for sequencing using standard Illumina protocols","9606","286-Ann-Daly_S4","Reads were cropped to 75bp using Trimmomatic","Reads were mapped to GRCh38 (ensembl release 78) using STAR (v2.4.2a)","Gene count tables were produced using HTSeq-count (v0.11.2) with -r pos -s reverse","Genome_build: GRCh38, Ensembl release 78","Supplementary_files_format_and_content: txt files with gene-level counts","GPL18573","Simon,,Cockell","simon.cockell@newcastle.ac.uk","Newcastle University","Framlington Place","Newcastle","NE2 4HH","United Kingdom","0","Illumina NextSeq 500","cDNA","transcriptomic","RNA-Seq","BioSample: https://www.ncbi.nlm.nih.gov/biosample/SAMN12426261","SRA: https://www.ncbi.nlm.nih.gov/sra?term=SRX6635605","ftp://ftp.ncbi.nlm.nih.gov/geo/samples/GSM3998nnn/GSM3998295/suppl/GSM3998295_286-Ann-Daly_S4.counts.txt.gz","NAFLD","1","NAFL","3","early"
"GSM3998296","Liver patient 68","GSM3998296","Public on Dec 03 2020","Aug 01 2019","Apr 28 2021","SRA","1","NAFLD_early_liver biopsy","Homo sapiens","nas score: 3","fibrosis stage: 1","group in paper: NASH_F0-F1","disease: NAFLD","Stage: early","total RNA","Frozen tissue samples were lysed using Trizol (Sigma-Aldrich) and mRNA was extracted with the Allprep DNA/RNA Micro kit (Qiagen). Concentrations and quality were assessed using the Agilent Pico 6000 kit on the Bioanalyzer 2100.","RNA libraries were prepared for sequencing using standard Illumina protocols","9606","287-Ann-Daly_S5","Reads were cropped to 75bp using Trimmomatic","Reads were mapped to GRCh38 (ensembl release 78) using STAR (v2.4.2a)","Gene count tables were produced using HTSeq-count (v0.11.2) with -r pos -s reverse","Genome_build: GRCh38, Ensembl release 78","Supplementary_files_format_and_content: txt files with gene-level counts","GPL18573","Simon,,Cockell","simon.cockell@newcastle.ac.uk","Newcastle University","Framlington Place","Newcastle","NE2 4HH","United Kingdom","0","Illumina NextSeq 500","cDNA","transcriptomic","RNA-Seq","BioSample: https://www.ncbi.nlm.nih.gov/biosample/SAMN12426312","SRA: https://www.ncbi.nlm.nih.gov/sra?term=SRX6635606","ftp://ftp.ncbi.nlm.nih.gov/geo/samples/GSM3998nnn/GSM3998296/suppl/GSM3998296_287-Ann-Daly_S5.counts.txt.gz","NAFLD","1","NASH_F0-F1","3","early"
"GSM3998297","Liver patient 56","GSM3998297","Public on Dec 03 2020","Aug 01 2019","Apr 28 2021","SRA","1","NAFLD_early_liver biopsy","Homo sapiens","nas score: 5","fibrosis stage: 2","group in paper: NASH_F2","disease: NAFLD","Stage: early","total RNA","Frozen tissue samples were lysed using Trizol (Sigma-Aldrich) and mRNA was extracted with the Allprep DNA/RNA Micro kit (Qiagen). Concentrations and quality were assessed using the Agilent Pico 6000 kit on the Bioanalyzer 2100.","RNA libraries were prepared for sequencing using standard Illumina protocols","9606","288-Ann-Daly_S6","Reads were cropped to 75bp using Trimmomatic","Reads were mapped to GRCh38 (ensembl release 78) using STAR (v2.4.2a)","Gene count tables were produced using HTSeq-count (v0.11.2) with -r pos -s reverse","Genome_build: GRCh38, Ensembl release 78","Supplementary_files_format_and_content: txt files with gene-level counts","GPL18573","Simon,,Cockell","simon.cockell@newcastle.ac.uk","Newcastle University","Framlington Place","Newcastle","NE2 4HH","United Kingdom","0","Illumina NextSeq 500","cDNA","transcriptomic","RNA-Seq","BioSample: https://www.ncbi.nlm.nih.gov/biosample/SAMN12426311","SRA: https://www.ncbi.nlm.nih.gov/sra?term=SRX6635607","ftp://ftp.ncbi.nlm.nih.gov/geo/samples/GSM3998nnn/GSM3998297/suppl/GSM3998297_288-Ann-Daly_S6.counts.txt.gz","NAFLD","2","NASH_F2","5","early"
"GSM3998298","Liver patient 60","GSM3998298","Public on Dec 03 2020","Aug 01 2019","Apr 28 2021","SRA","1","NAFLD_moderate_liver biopsy","Homo sapiens","nas score: 5","fibrosis stage: 3","group in paper: NASH_F3","disease: NAFLD","Stage: moderate","total RNA","Frozen tissue samples were lysed using Trizol (Sigma-Aldrich) and mRNA was extracted with the Allprep DNA/RNA Micro kit (Qiagen). Concentrations and quality were assessed using the Agilent Pico 6000 kit on the Bioanalyzer 2100.","RNA libraries were prepared for sequencing using standard Illumina protocols","9606","289-Ann-Daly_S7","Reads were cropped to 75bp using Trimmomatic","Reads were mapped to GRCh38 (ensembl release 78) using STAR (v2.4.2a)","Gene count tables were produced using HTSeq-count (v0.11.2) with -r pos -s reverse","Genome_build: GRCh38, Ensembl release 78","Supplementary_files_format_and_content: txt files with gene-level counts","GPL18573","Simon,,Cockell","simon.cockell@newcastle.ac.uk","Newcastle University","Framlington Place","Newcastle","NE2 4HH","United Kingdom","0","Illumina NextSeq 500","cDNA","transcriptomic","RNA-Seq","BioSample: https://www.ncbi.nlm.nih.gov/biosample/SAMN12426310","SRA: https://www.ncbi.nlm.nih.gov/sra?term=SRX6635608","ftp://ftp.ncbi.nlm.nih.gov/geo/samples/GSM3998nnn/GSM3998298/suppl/GSM3998298_289-Ann-Daly_S7.counts.txt.gz","NAFLD","3","NASH_F3","5","moderate"
"GSM3998299","Liver patient 199","GSM3998299","Public on Dec 03 2020","Aug 01 2019","Apr 28 2021","SRA","1","NAFLD_early_liver biopsy","Homo sapiens","nas score: 4","fibrosis stage: 2","group in paper: NASH_F2","disease: NAFLD","Stage: early","total RNA","Frozen tissue samples were lysed using Trizol (Sigma-Aldrich) and mRNA was extracted with the Allprep DNA/RNA Micro kit (Qiagen). Concentrations and quality were assessed using the Agilent Pico 6000 kit on the Bioanalyzer 2100.","RNA libraries were prepared for sequencing using standard Illumina protocols","9606","29_474_R1.fastq.gz","Reads were cropped to 75bp using Trimmomatic","Reads were mapped to GRCh38 (ensembl release 78) using STAR (v2.4.2a)","Gene count tables were produced using HTSeq-count (v0.11.2) with -r pos -s reverse","Genome_build: GRCh38, Ensembl release 78","Supplementary_files_format_and_content: txt files with gene-level counts","GPL18573","Simon,,Cockell","simon.cockell@newcastle.ac.uk","Newcastle University","Framlington Place","Newcastle","NE2 4HH","United Kingdom","0","Illumina NextSeq 500","cDNA","transcriptomic","RNA-Seq","BioSample: https://www.ncbi.nlm.nih.gov/biosample/SAMN12426309","SRA: https://www.ncbi.nlm.nih.gov/sra?term=SRX6635609","ftp://ftp.ncbi.nlm.nih.gov/geo/samples/GSM3998nnn/GSM3998299/suppl/GSM3998299_29_474.counts.txt.gz","NAFLD","2","NASH_F2","4","early"
"GSM3998300","Liver patient 61","GSM3998300","Public on Dec 03 2020","Aug 01 2019","Apr 28 2021","SRA","1","NAFLD_early_liver biopsy","Homo sapiens","nas score: 5","fibrosis stage: 1","group in paper: NASH_F0-F1","disease: NAFLD","Stage: early","total RNA","Frozen tissue samples were lysed using Trizol (Sigma-Aldrich) and mRNA was extracted with the Allprep DNA/RNA Micro kit (Qiagen). Concentrations and quality were assessed using the Agilent Pico 6000 kit on the Bioanalyzer 2100.","RNA libraries were prepared for sequencing using standard Illumina protocols","9606","290-Ann-Daly_S8","Reads were cropped to 75bp using Trimmomatic","Reads were mapped to GRCh38 (ensembl release 78) using STAR (v2.4.2a)","Gene count tables were produced using HTSeq-count (v0.11.2) with -r pos -s reverse","Genome_build: GRCh38, Ensembl release 78","Supplementary_files_format_and_content: txt files with gene-level counts","GPL18573","Simon,,Cockell","simon.cockell@newcastle.ac.uk","Newcastle University","Framlington Place","Newcastle","NE2 4HH","United Kingdom","0","Illumina NextSeq 500","cDNA","transcriptomic","RNA-Seq","BioSample: https://www.ncbi.nlm.nih.gov/biosample/SAMN12426308","SRA: https://www.ncbi.nlm.nih.gov/sra?term=SRX6635610","ftp://ftp.ncbi.nlm.nih.gov/geo/samples/GSM3998nnn/GSM3998300/suppl/GSM3998300_290-Ann-Daly_S8.counts.txt.gz","NAFLD","1","NASH_F0-F1","5","early"
"GSM3998301","Liver patient 69","GSM3998301","Public on Dec 03 2020","Aug 01 2019","Apr 28 2021","SRA","1","NAFLD_moderate_liver biopsy","Homo sapiens","nas score: 4","fibrosis stage: 3","group in paper: NASH_F3","disease: NAFLD","Stage: moderate","total RNA","Frozen tissue samples were lysed using Trizol (Sigma-Aldrich) and mRNA was extracted with the Allprep DNA/RNA Micro kit (Qiagen). Concentrations and quality were assessed using the Agilent Pico 6000 kit on the Bioanalyzer 2100.","RNA libraries were prepared for sequencing using standard Illumina protocols","9606","291-Ann-Daly_S9","Reads were cropped to 75bp using Trimmomatic","Reads were mapped to GRCh38 (ensembl release 78) using STAR (v2.4.2a)","Gene count tables were produced using HTSeq-count (v0.11.2) with -r pos -s reverse","Genome_build: GRCh38, Ensembl release 78","Supplementary_files_format_and_content: txt files with gene-level counts","GPL18573","Simon,,Cockell","simon.cockell@newcastle.ac.uk","Newcastle University","Framlington Place","Newcastle","NE2 4HH","United Kingdom","0","Illumina NextSeq 500","cDNA","transcriptomic","RNA-Seq","BioSample: https://www.ncbi.nlm.nih.gov/biosample/SAMN12426307","SRA: https://www.ncbi.nlm.nih.gov/sra?term=SRX6635611","ftp://ftp.ncbi.nlm.nih.gov/geo/samples/GSM3998nnn/GSM3998301/suppl/GSM3998301_291-Ann-Daly_S9.counts.txt.gz","NAFLD","3","NASH_F3","4","moderate"
"GSM3998302","Liver patient 94","GSM3998302","Public on Dec 03 2020","Aug 01 2019","Apr 28 2021","SRA","1","NAFLD_early_liver biopsy","Homo sapiens","nas score: 3","fibrosis stage: 1","group in paper: NAFL","disease: NAFLD","Stage: early","total RNA","Frozen tissue samples were lysed using Trizol (Sigma-Aldrich) and mRNA was extracted with the Allprep DNA/RNA Micro kit (Qiagen). Concentrations and quality were assessed using the Agilent Pico 6000 kit on the Bioanalyzer 2100.","RNA libraries were prepared for sequencing using standard Illumina protocols","9606","293-Ann-Daly_S10","Reads were cropped to 75bp using Trimmomatic","Reads were mapped to GRCh38 (ensembl release 78) using STAR (v2.4.2a)","Gene count tables were produced using HTSeq-count (v0.11.2) with -r pos -s reverse","Genome_build: GRCh38, Ensembl release 78","Supplementary_files_format_and_content: txt files with gene-level counts","GPL18573","Simon,,Cockell","simon.cockell@newcastle.ac.uk","Newcastle University","Framlington Place","Newcastle","NE2 4HH","United Kingdom","0","Illumina NextSeq 500","cDNA","transcriptomic","RNA-Seq","BioSample: https://www.ncbi.nlm.nih.gov/biosample/SAMN12426306","SRA: https://www.ncbi.nlm.nih.gov/sra?term=SRX6635612","ftp://ftp.ncbi.nlm.nih.gov/geo/samples/GSM3998nnn/GSM3998302/suppl/GSM3998302_293-Ann-Daly_S10.counts.txt.gz","NAFLD","1","NAFL","3","early"
"GSM3998303","Liver patient 95","GSM3998303","Public on Dec 03 2020","Aug 01 2019","Apr 28 2021","SRA","1","NAFLD_early_liver biopsy","Homo sapiens","nas score: 1","fibrosis stage: 0","group in paper: NAFL","disease: NAFLD","Stage: early","total RNA","Frozen tissue samples were lysed using Trizol (Sigma-Aldrich) and mRNA was extracted with the Allprep DNA/RNA Micro kit (Qiagen). Concentrations and quality were assessed using the Agilent Pico 6000 kit on the Bioanalyzer 2100.","RNA libraries were prepared for sequencing using standard Illumina protocols","9606","295-Ann-Daly_S11","Reads were cropped to 75bp using Trimmomatic","Reads were mapped to GRCh38 (ensembl release 78) using STAR (v2.4.2a)","Gene count tables were produced using HTSeq-count (v0.11.2) with -r pos -s reverse","Genome_build: GRCh38, Ensembl release 78","Supplementary_files_format_and_content: txt files with gene-level counts","GPL18573","Simon,,Cockell","simon.cockell@newcastle.ac.uk","Newcastle University","Framlington Place","Newcastle","NE2 4HH","United Kingdom","0","Illumina NextSeq 500","cDNA","transcriptomic","RNA-Seq","BioSample: https://www.ncbi.nlm.nih.gov/biosample/SAMN12426305","SRA: https://www.ncbi.nlm.nih.gov/sra?term=SRX6635613","ftp://ftp.ncbi.nlm.nih.gov/geo/samples/GSM3998nnn/GSM3998303/suppl/GSM3998303_295-Ann-Daly_S11.counts.txt.gz","NAFLD","0","NAFL","1","early"
"GSM3998304","Liver patient 96","GSM3998304","Public on Dec 03 2020","Aug 01 2019","Apr 28 2021","SRA","1","NAFLD_early_liver biopsy","Homo sapiens","nas score: 2","fibrosis stage: 0","group in paper: NAFL","disease: NAFLD","Stage: early","total RNA","Frozen tissue samples were lysed using Trizol (Sigma-Aldrich) and mRNA was extracted with the Allprep DNA/RNA Micro kit (Qiagen). Concentrations and quality were assessed using the Agilent Pico 6000 kit on the Bioanalyzer 2100.","RNA libraries were prepared for sequencing using standard Illumina protocols","9606","296-Ann-Daly_S12","Reads were cropped to 75bp using Trimmomatic","Reads were mapped to GRCh38 (ensembl release 78) using STAR (v2.4.2a)","Gene count tables were produced using HTSeq-count (v0.11.2) with -r pos -s reverse","Genome_build: GRCh38, Ensembl release 78","Supplementary_files_format_and_content: txt files with gene-level counts","GPL18573","Simon,,Cockell","simon.cockell@newcastle.ac.uk","Newcastle University","Framlington Place","Newcastle","NE2 4HH","United Kingdom","0","Illumina NextSeq 500","cDNA","transcriptomic","RNA-Seq","BioSample: https://www.ncbi.nlm.nih.gov/biosample/SAMN12426213","SRA: https://www.ncbi.nlm.nih.gov/sra?term=SRX6635614","ftp://ftp.ncbi.nlm.nih.gov/geo/samples/GSM3998nnn/GSM3998304/suppl/GSM3998304_296-Ann-Daly_S12.counts.txt.gz","NAFLD","0","NAFL","2","early"
"GSM3998305","Liver patient 20","GSM3998305","Public on Dec 03 2020","Aug 01 2019","Apr 28 2021","SRA","1","NAFLD_early_liver biopsy","Homo sapiens","nas score: 1","fibrosis stage: 0","group in paper: NAFL","disease: NAFLD","Stage: early","total RNA","Frozen tissue samples were lysed using Trizol (Sigma-Aldrich) and mRNA was extracted with the Allprep DNA/RNA Micro kit (Qiagen). Concentrations and quality were assessed using the Agilent Pico 6000 kit on the Bioanalyzer 2100.","RNA libraries were prepared for sequencing using standard Illumina protocols","9606","299-Ann-Daly_S13","Reads were cropped to 75bp using Trimmomatic","Reads were mapped to GRCh38 (ensembl release 78) using STAR (v2.4.2a)","Gene count tables were produced using HTSeq-count (v0.11.2) with -r pos -s reverse","Genome_build: GRCh38, Ensembl release 78","Supplementary_files_format_and_content: txt files with gene-level counts","GPL18573","Simon,,Cockell","simon.cockell@newcastle.ac.uk","Newcastle University","Framlington Place","Newcastle","NE2 4HH","United Kingdom","0","Illumina NextSeq 500","cDNA","transcriptomic","RNA-Seq","BioSample: https://www.ncbi.nlm.nih.gov/biosample/SAMN12426260","SRA: https://www.ncbi.nlm.nih.gov/sra?term=SRX6635615","ftp://ftp.ncbi.nlm.nih.gov/geo/samples/GSM3998nnn/GSM3998305/suppl/GSM3998305_299-Ann-Daly_S13.counts.txt.gz","NAFLD","0","NAFL","1","early"
"GSM3998306","Liver patient 194","GSM3998306","Public on Dec 03 2020","Aug 01 2019","Apr 28 2021","SRA","1","NAFLD_early_liver biopsy","Homo sapiens","nas score: 3","fibrosis stage: 1","group in paper: NASH_F0-F1","disease: NAFLD","Stage: early","total RNA","Frozen tissue samples were lysed using Trizol (Sigma-Aldrich) and mRNA was extracted with the Allprep DNA/RNA Micro kit (Qiagen). Concentrations and quality were assessed using the Agilent Pico 6000 kit on the Bioanalyzer 2100.","RNA libraries were prepared for sequencing using standard Illumina protocols","9606","3_45_R1.fastq.gz","Reads were cropped to 75bp using Trimmomatic","Reads were mapped to GRCh38 (ensembl release 78) using STAR (v2.4.2a)","Gene count tables were produced using HTSeq-count (v0.11.2) with -r pos -s reverse","Genome_build: GRCh38, Ensembl release 78","Supplementary_files_format_and_content: txt files with gene-level counts","GPL18573","Simon,,Cockell","simon.cockell@newcastle.ac.uk","Newcastle University","Framlington Place","Newcastle","NE2 4HH","United Kingdom","0","Illumina NextSeq 500","cDNA","transcriptomic","RNA-Seq","BioSample: https://www.ncbi.nlm.nih.gov/biosample/SAMN12426259","SRA: https://www.ncbi.nlm.nih.gov/sra?term=SRX6635616","ftp://ftp.ncbi.nlm.nih.gov/geo/samples/GSM3998nnn/GSM3998306/suppl/GSM3998306_3_45.counts.txt.gz","NAFLD","1","NASH_F0-F1","3","early"
"GSM3998307","Liver patient 1","GSM3998307","Public on Dec 03 2020","Aug 01 2019","Apr 28 2021","SRA","1","NAFLD_early_liver biopsy","Homo sapiens","nas score: 1","fibrosis stage: 0","group in paper: NAFL","disease: NAFLD","Stage: early","total RNA","Frozen tissue samples were lysed using Trizol (Sigma-Aldrich) and mRNA was extracted with the Allprep DNA/RNA Micro kit (Qiagen). Concentrations and quality were assessed using the Agilent Pico 6000 kit on the Bioanalyzer 2100.","RNA libraries were prepared for sequencing using standard Illumina protocols","9606","300-Ann-Daly_S14","Reads were cropped to 75bp using Trimmomatic","Reads were mapped to GRCh38 (ensembl release 78) using STAR (v2.4.2a)","Gene count tables were produced using HTSeq-count (v0.11.2) with -r pos -s reverse","Genome_build: GRCh38, Ensembl release 78","Supplementary_files_format_and_content: txt files with gene-level counts","GPL18573","Simon,,Cockell","simon.cockell@newcastle.ac.uk","Newcastle University","Framlington Place","Newcastle","NE2 4HH","United Kingdom","0","Illumina NextSeq 500","cDNA","transcriptomic","RNA-Seq","BioSample: https://www.ncbi.nlm.nih.gov/biosample/SAMN12426258","SRA: https://www.ncbi.nlm.nih.gov/sra?term=SRX6635617","ftp://ftp.ncbi.nlm.nih.gov/geo/samples/GSM3998nnn/GSM3998307/suppl/GSM3998307_300-Ann-Daly_S14.counts.txt.gz","NAFLD","0","NAFL","1","early"
"GSM3998308","Liver patient 16","GSM3998308","Public on Dec 03 2020","Aug 01 2019","Apr 28 2021","SRA","1","NAFLD_moderate_liver biopsy","Homo sapiens","nas score: 7","fibrosis stage: 3","group in paper: NASH_F3","disease: NAFLD","Stage: moderate","total RNA","Frozen tissue samples were lysed using Trizol (Sigma-Aldrich) and mRNA was extracted with the Allprep DNA/RNA Micro kit (Qiagen). Concentrations and quality were assessed using the Agilent Pico 6000 kit on the Bioanalyzer 2100.","RNA libraries were prepared for sequencing using standard Illumina protocols","9606","303-Ann-Daly_S15","Reads were cropped to 75bp using Trimmomatic","Reads were mapped to GRCh38 (ensembl release 78) using STAR (v2.4.2a)","Gene count tables were produced using HTSeq-count (v0.11.2) with -r pos -s reverse","Genome_build: GRCh38, Ensembl release 78","Supplementary_files_format_and_content: txt files with gene-level counts","GPL18573","Simon,,Cockell","simon.cockell@newcastle.ac.uk","Newcastle University","Framlington Place","Newcastle","NE2 4HH","United Kingdom","0","Illumina NextSeq 500","cDNA","transcriptomic","RNA-Seq","BioSample: https://www.ncbi.nlm.nih.gov/biosample/SAMN12426257","SRA: https://www.ncbi.nlm.nih.gov/sra?term=SRX6635618","ftp://ftp.ncbi.nlm.nih.gov/geo/samples/GSM3998nnn/GSM3998308/suppl/GSM3998308_303-Ann-Daly_S15.counts.txt.gz","NAFLD","3","NASH_F3","7","moderate"
"GSM3998309","Liver patient 17","GSM3998309","Public on Dec 03 2020","Aug 01 2019","Apr 28 2021","SRA","1","NAFLD_moderate_liver biopsy","Homo sapiens","nas score: 5","fibrosis stage: 3","group in paper: NASH_F3","disease: NAFLD","Stage: moderate","total RNA","Frozen tissue samples were lysed using Trizol (Sigma-Aldrich) and mRNA was extracted with the Allprep DNA/RNA Micro kit (Qiagen). Concentrations and quality were assessed using the Agilent Pico 6000 kit on the Bioanalyzer 2100.","RNA libraries were prepared for sequencing using standard Illumina protocols","9606","304-Ann-Daly_S1","Reads were cropped to 75bp using Trimmomatic","Reads were mapped to GRCh38 (ensembl release 78) using STAR (v2.4.2a)","Gene count tables were produced using HTSeq-count (v0.11.2) with -r pos -s reverse","Genome_build: GRCh38, Ensembl release 78","Supplementary_files_format_and_content: txt files with gene-level counts","GPL18573","Simon,,Cockell","simon.cockell@newcastle.ac.uk","Newcastle University","Framlington Place","Newcastle","NE2 4HH","United Kingdom","0","Illumina NextSeq 500","cDNA","transcriptomic","RNA-Seq","BioSample: https://www.ncbi.nlm.nih.gov/biosample/SAMN12426256","SRA: https://www.ncbi.nlm.nih.gov/sra?term=SRX6635619","ftp://ftp.ncbi.nlm.nih.gov/geo/samples/GSM3998nnn/GSM3998309/suppl/GSM3998309_304-Ann-Daly_S1.counts.txt.gz","NAFLD","3","NASH_F3","5","moderate"
"GSM3998310","Liver patient 18","GSM3998310","Public on Dec 03 2020","Aug 01 2019","Apr 28 2021","SRA","1","NAFLD_early_liver biopsy","Homo sapiens","nas score: 1","fibrosis stage: 1","group in paper: NAFL","disease: NAFLD","Stage: early","total RNA","Frozen tissue samples were lysed using Trizol (Sigma-Aldrich) and mRNA was extracted with the Allprep DNA/RNA Micro kit (Qiagen). Concentrations and quality were assessed using the Agilent Pico 6000 kit on the Bioanalyzer 2100.","RNA libraries were prepared for sequencing using standard Illumina protocols","9606","306-Ann-Daly_S1","Reads were cropped to 75bp using Trimmomatic","Reads were mapped to GRCh38 (ensembl release 78) using STAR (v2.4.2a)","Gene count tables were produced using HTSeq-count (v0.11.2) with -r pos -s reverse","Genome_build: GRCh38, Ensembl release 78","Supplementary_files_format_and_content: txt files with gene-level counts","GPL18573","Simon,,Cockell","simon.cockell@newcastle.ac.uk","Newcastle University","Framlington Place","Newcastle","NE2 4HH","United Kingdom","0","Illumina NextSeq 500","cDNA","transcriptomic","RNA-Seq","BioSample: https://www.ncbi.nlm.nih.gov/biosample/SAMN12426255","SRA: https://www.ncbi.nlm.nih.gov/sra?term=SRX6635620","ftp://ftp.ncbi.nlm.nih.gov/geo/samples/GSM3998nnn/GSM3998310/suppl/GSM3998310_306-Ann-Daly_S1.counts.txt.gz","NAFLD","1","NAFL","1","early"
"GSM3998311","Liver patient 200","GSM3998311","Public on Dec 03 2020","Aug 01 2019","Apr 28 2021","SRA","1","NAFLD_early_liver biopsy","Homo sapiens","nas score: 3","fibrosis stage: 1","group in paper: NASH_F0-F1","disease: NAFLD","Stage: early","total RNA","Frozen tissue samples were lysed using Trizol (Sigma-Aldrich) and mRNA was extracted with the Allprep DNA/RNA Micro kit (Qiagen). Concentrations and quality were assessed using the Agilent Pico 6000 kit on the Bioanalyzer 2100.","RNA libraries were prepared for sequencing using standard Illumina protocols","9606","31_477_R1.fastq.gz","Reads were cropped to 75bp using Trimmomatic","Reads were mapped to GRCh38 (ensembl release 78) using STAR (v2.4.2a)","Gene count tables were produced using HTSeq-count (v0.11.2) with -r pos -s reverse","Genome_build: GRCh38, Ensembl release 78","Supplementary_files_format_and_content: txt files with gene-level counts","GPL18573","Simon,,Cockell","simon.cockell@newcastle.ac.uk","Newcastle University","Framlington Place","Newcastle","NE2 4HH","United Kingdom","0","Illumina NextSeq 500","cDNA","transcriptomic","RNA-Seq","BioSample: https://www.ncbi.nlm.nih.gov/biosample/SAMN12426254","SRA: https://www.ncbi.nlm.nih.gov/sra?term=SRX6635621","ftp://ftp.ncbi.nlm.nih.gov/geo/samples/GSM3998nnn/GSM3998311/suppl/GSM3998311_31_477.counts.txt.gz","NAFLD","1","NASH_F0-F1","3","early"
"GSM3998312","Liver patient 19","GSM3998312","Public on Dec 03 2020","Aug 01 2019","Apr 28 2021","SRA","1","NAFLD_early_liver biopsy","Homo sapiens","nas score: 6","fibrosis stage: 2","group in paper: NASH_F2","disease: NAFLD","Stage: early","total RNA","Frozen tissue samples were lysed using Trizol (Sigma-Aldrich) and mRNA was extracted with the Allprep DNA/RNA Micro kit (Qiagen). Concentrations and quality were assessed using the Agilent Pico 6000 kit on the Bioanalyzer 2100.","RNA libraries were prepared for sequencing using standard Illumina protocols","9606","319-Ann-Daly_S2","Reads were cropped to 75bp using Trimmomatic","Reads were mapped to GRCh38 (ensembl release 78) using STAR (v2.4.2a)","Gene count tables were produced using HTSeq-count (v0.11.2) with -r pos -s reverse","Genome_build: GRCh38, Ensembl release 78","Supplementary_files_format_and_content: txt files with gene-level counts","GPL18573","Simon,,Cockell","simon.cockell@newcastle.ac.uk","Newcastle University","Framlington Place","Newcastle","NE2 4HH","United Kingdom","0","Illumina NextSeq 500","cDNA","transcriptomic","RNA-Seq","BioSample: https://www.ncbi.nlm.nih.gov/biosample/SAMN12426253","SRA: https://www.ncbi.nlm.nih.gov/sra?term=SRX6635622","ftp://ftp.ncbi.nlm.nih.gov/geo/samples/GSM3998nnn/GSM3998312/suppl/GSM3998312_319-Ann-Daly_S2.counts.txt.gz","NAFLD","2","NASH_F2","6","early"
"GSM3998313","Liver patient 201","GSM3998313","Public on Dec 03 2020","Aug 01 2019","Apr 28 2021","SRA","1","NAFLD_early_liver biopsy","Homo sapiens","nas score: 7","fibrosis stage: 2","group in paper: NASH_F2","disease: NAFLD","Stage: early","total RNA","Frozen tissue samples were lysed using Trizol (Sigma-Aldrich) and mRNA was extracted with the Allprep DNA/RNA Micro kit (Qiagen). Concentrations and quality were assessed using the Agilent Pico 6000 kit on the Bioanalyzer 2100.","RNA libraries were prepared for sequencing using standard Illumina protocols","9606","32_478_R1.fastq.gz","Reads were cropped to 75bp using Trimmomatic","Reads were mapped to GRCh38 (ensembl release 78) using STAR (v2.4.2a)","Gene count tables were produced using HTSeq-count (v0.11.2) with -r pos -s reverse","Genome_build: GRCh38, Ensembl release 78","Supplementary_files_format_and_content: txt files with gene-level counts","GPL18573","Simon,,Cockell","simon.cockell@newcastle.ac.uk","Newcastle University","Framlington Place","Newcastle","NE2 4HH","United Kingdom","0","Illumina NextSeq 500","cDNA","transcriptomic","RNA-Seq","BioSample: https://www.ncbi.nlm.nih.gov/biosample/SAMN12426252","SRA: https://www.ncbi.nlm.nih.gov/sra?term=SRX6635623","ftp://ftp.ncbi.nlm.nih.gov/geo/samples/GSM3998nnn/GSM3998313/suppl/GSM3998313_32_478.counts.txt.gz","NAFLD","2","NASH_F2","7","early"
"GSM3998314","Liver patient 93","GSM3998314","Public on Dec 03 2020","Aug 01 2019","Apr 28 2021","SRA","1","NAFLD_moderate_liver biopsy","Homo sapiens","nas score: 8","fibrosis stage: 3","group in paper: NASH_F3","disease: NAFLD","Stage: moderate","total RNA","Frozen tissue samples were lysed using Trizol (Sigma-Aldrich) and mRNA was extracted with the Allprep DNA/RNA Micro kit (Qiagen). Concentrations and quality were assessed using the Agilent Pico 6000 kit on the Bioanalyzer 2100.","RNA libraries were prepared for sequencing using standard Illumina protocols","9606","345-Ann-Daly_S3","Reads were cropped to 75bp using Trimmomatic","Reads were mapped to GRCh38 (ensembl release 78) using STAR (v2.4.2a)","Gene count tables were produced using HTSeq-count (v0.11.2) with -r pos -s reverse","Genome_build: GRCh38, Ensembl release 78","Supplementary_files_format_and_content: txt files with gene-level counts","GPL18573","Simon,,Cockell","simon.cockell@newcastle.ac.uk","Newcastle University","Framlington Place","Newcastle","NE2 4HH","United Kingdom","0","Illumina NextSeq 500","cDNA","transcriptomic","RNA-Seq","BioSample: https://www.ncbi.nlm.nih.gov/biosample/SAMN12426251","SRA: https://www.ncbi.nlm.nih.gov/sra?term=SRX6635624","ftp://ftp.ncbi.nlm.nih.gov/geo/samples/GSM3998nnn/GSM3998314/suppl/GSM3998314_345-Ann-Daly_S3.counts.txt.gz","NAFLD","3","NASH_F3","8","moderate"
"GSM3998315","Liver patient 100","GSM3998315","Public on Dec 03 2020","Aug 01 2019","Apr 28 2021","SRA","1","NAFLD_early_liver biopsy","Homo sapiens","nas score: 5","fibrosis stage: 1","group in paper: NASH_F0-F1","disease: NAFLD","Stage: early","total RNA","Frozen tissue samples were lysed using Trizol (Sigma-Aldrich) and mRNA was extracted with the Allprep DNA/RNA Micro kit (Qiagen). Concentrations and quality were assessed using the Agilent Pico 6000 kit on the Bioanalyzer 2100.","RNA libraries were prepared for sequencing using standard Illumina protocols","9606","350-Ann-Daly_S4","Reads were cropped to 75bp using Trimmomatic","Reads were mapped to GRCh38 (ensembl release 78) using STAR (v2.4.2a)","Gene count tables were produced using HTSeq-count (v0.11.2) with -r pos -s reverse","Genome_build: GRCh38, Ensembl release 78","Supplementary_files_format_and_content: txt files with gene-level counts","GPL18573","Simon,,Cockell","simon.cockell@newcastle.ac.uk","Newcastle University","Framlington Place","Newcastle","NE2 4HH","United Kingdom","0","Illumina NextSeq 500","cDNA","transcriptomic","RNA-Seq","BioSample: https://www.ncbi.nlm.nih.gov/biosample/SAMN12426250","SRA: https://www.ncbi.nlm.nih.gov/sra?term=SRX6635625","ftp://ftp.ncbi.nlm.nih.gov/geo/samples/GSM3998nnn/GSM3998315/suppl/GSM3998315_350-Ann-Daly_S4.counts.txt.gz","NAFLD","1","NASH_F0-F1","5","early"
"GSM3998316","Liver patient 103","GSM3998316","Public on Dec 03 2020","Aug 01 2019","Apr 28 2021","SRA","1","NAFLD_early_liver biopsy","Homo sapiens","nas score: 4","fibrosis stage: 1","group in paper: NASH_F0-F1","disease: NAFLD","Stage: early","total RNA","Frozen tissue samples were lysed using Trizol (Sigma-Aldrich) and mRNA was extracted with the Allprep DNA/RNA Micro kit (Qiagen). Concentrations and quality were assessed using the Agilent Pico 6000 kit on the Bioanalyzer 2100.","RNA libraries were prepared for sequencing using standard Illumina protocols","9606","354-Ann-Daly_S5","Reads were cropped to 75bp using Trimmomatic","Reads were mapped to GRCh38 (ensembl release 78) using STAR (v2.4.2a)","Gene count tables were produced using HTSeq-count (v0.11.2) with -r pos -s reverse","Genome_build: GRCh38, Ensembl release 78","Supplementary_files_format_and_content: txt files with gene-level counts","GPL18573","Simon,,Cockell","simon.cockell@newcastle.ac.uk","Newcastle University","Framlington Place","Newcastle","NE2 4HH","United Kingdom","0","Illumina NextSeq 500","cDNA","transcriptomic","RNA-Seq","BioSample: https://www.ncbi.nlm.nih.gov/biosample/SAMN12426249","SRA: https://www.ncbi.nlm.nih.gov/sra?term=SRX6635626","ftp://ftp.ncbi.nlm.nih.gov/geo/samples/GSM3998nnn/GSM3998316/suppl/GSM3998316_354-Ann-Daly_S5.counts.txt.gz","NAFLD","1","NASH_F0-F1","4","early"
"GSM3998317","Liver patient 104","GSM3998317","Public on Dec 03 2020","Aug 01 2019","Apr 28 2021","SRA","1","NAFLD_early_liver biopsy","Homo sapiens","nas score: 5","fibrosis stage: 1","group in paper: NASH_F0-F1","disease: NAFLD","Stage: early","total RNA","Frozen tissue samples were lysed using Trizol (Sigma-Aldrich) and mRNA was extracted with the Allprep DNA/RNA Micro kit (Qiagen). Concentrations and quality were assessed using the Agilent Pico 6000 kit on the Bioanalyzer 2100.","RNA libraries were prepared for sequencing using standard Illumina protocols","9606","355-Ann-Daly_S6","Reads were cropped to 75bp using Trimmomatic","Reads were mapped to GRCh38 (ensembl release 78) using STAR (v2.4.2a)","Gene count tables were produced using HTSeq-count (v0.11.2) with -r pos -s reverse","Genome_build: GRCh38, Ensembl release 78","Supplementary_files_format_and_content: txt files with gene-level counts","GPL18573","Simon,,Cockell","simon.cockell@newcastle.ac.uk","Newcastle University","Framlington Place","Newcastle","NE2 4HH","United Kingdom","0","Illumina NextSeq 500","cDNA","transcriptomic","RNA-Seq","BioSample: https://www.ncbi.nlm.nih.gov/biosample/SAMN12426248","SRA: https://www.ncbi.nlm.nih.gov/sra?term=SRX6635627","ftp://ftp.ncbi.nlm.nih.gov/geo/samples/GSM3998nnn/GSM3998317/suppl/GSM3998317_355-Ann-Daly_S6.counts.txt.gz","NAFLD","1","NASH_F0-F1","5","early"
"GSM3998318","Liver patient 107","GSM3998318","Public on Dec 03 2020","Aug 01 2019","Apr 28 2021","SRA","1","NAFLD_early_liver biopsy","Homo sapiens","nas score: 6","fibrosis stage: 2","group in paper: NASH_F2","disease: NAFLD","Stage: early","total RNA","Frozen tissue samples were lysed using Trizol (Sigma-Aldrich) and mRNA was extracted with the Allprep DNA/RNA Micro kit (Qiagen). Concentrations and quality were assessed using the Agilent Pico 6000 kit on the Bioanalyzer 2100.","RNA libraries were prepared for sequencing using standard Illumina protocols","9606","361-Ann-Daly_S7","Reads were cropped to 75bp using Trimmomatic","Reads were mapped to GRCh38 (ensembl release 78) using STAR (v2.4.2a)","Gene count tables were produced using HTSeq-count (v0.11.2) with -r pos -s reverse","Genome_build: GRCh38, Ensembl release 78","Supplementary_files_format_and_content: txt files with gene-level counts","GPL18573","Simon,,Cockell","simon.cockell@newcastle.ac.uk","Newcastle University","Framlington Place","Newcastle","NE2 4HH","United Kingdom","0","Illumina NextSeq 500","cDNA","transcriptomic","RNA-Seq","BioSample: https://www.ncbi.nlm.nih.gov/biosample/SAMN12426247","SRA: https://www.ncbi.nlm.nih.gov/sra?term=SRX6635628","ftp://ftp.ncbi.nlm.nih.gov/geo/samples/GSM3998nnn/GSM3998318/suppl/GSM3998318_361-Ann-Daly_S7.counts.txt.gz","NAFLD","2","NASH_F2","6","early"
"GSM3998319","Liver patient 41","GSM3998319","Public on Dec 03 2020","Aug 01 2019","Apr 28 2021","SRA","1","NAFLD_moderate_liver biopsy","Homo sapiens","nas score: 4","fibrosis stage: 3","group in paper: NASH_F3","disease: NAFLD","Stage: moderate","total RNA","Frozen tissue samples were lysed using Trizol (Sigma-Aldrich) and mRNA was extracted with the Allprep DNA/RNA Micro kit (Qiagen). Concentrations and quality were assessed using the Agilent Pico 6000 kit on the Bioanalyzer 2100.","RNA libraries were prepared for sequencing using standard Illumina protocols","9606","373-Ann-Daly_S8","Reads were cropped to 75bp using Trimmomatic","Reads were mapped to GRCh38 (ensembl release 78) using STAR (v2.4.2a)","Gene count tables were produced using HTSeq-count (v0.11.2) with -r pos -s reverse","Genome_build: GRCh38, Ensembl release 78","Supplementary_files_format_and_content: txt files with gene-level counts","GPL18573","Simon,,Cockell","simon.cockell@newcastle.ac.uk","Newcastle University","Framlington Place","Newcastle","NE2 4HH","United Kingdom","0","Illumina NextSeq 500","cDNA","transcriptomic","RNA-Seq","BioSample: https://www.ncbi.nlm.nih.gov/biosample/SAMN12426246","SRA: https://www.ncbi.nlm.nih.gov/sra?term=SRX6635629","ftp://ftp.ncbi.nlm.nih.gov/geo/samples/GSM3998nnn/GSM3998319/suppl/GSM3998319_373-Ann-Daly_S8.counts.txt.gz","NAFLD","3","NASH_F3","4","moderate"
"GSM3998320","Liver patient 53","GSM3998320","Public on Dec 03 2020","Aug 01 2019","Apr 28 2021","SRA","1","NAFLD_early_liver biopsy","Homo sapiens","nas score: 6","fibrosis stage: 1","group in paper: NASH_F0-F1","disease: NAFLD","Stage: early","total RNA","Frozen tissue samples were lysed using Trizol (Sigma-Aldrich) and mRNA was extracted with the Allprep DNA/RNA Micro kit (Qiagen). Concentrations and quality were assessed using the Agilent Pico 6000 kit on the Bioanalyzer 2100.","RNA libraries were prepared for sequencing using standard Illumina protocols","9606","384-Ann-Daly_S10","Reads were cropped to 75bp using Trimmomatic","Reads were mapped to GRCh38 (ensembl release 78) using STAR (v2.4.2a)","Gene count tables were produced using HTSeq-count (v0.11.2) with -r pos -s reverse","Genome_build: GRCh38, Ensembl release 78","Supplementary_files_format_and_content: txt files with gene-level counts","GPL18573","Simon,,Cockell","simon.cockell@newcastle.ac.uk","Newcastle University","Framlington Place","Newcastle","NE2 4HH","United Kingdom","0","Illumina NextSeq 500","cDNA","transcriptomic","RNA-Seq","BioSample: https://www.ncbi.nlm.nih.gov/biosample/SAMN12426245","SRA: https://www.ncbi.nlm.nih.gov/sra?term=SRX6635630","ftp://ftp.ncbi.nlm.nih.gov/geo/samples/GSM3998nnn/GSM3998320/suppl/GSM3998320_384-Ann-Daly_S10.counts.txt.gz","NAFLD","1","NASH_F0-F1","6","early"
"GSM3998321","Liver patient 192","GSM3998321","Public on Dec 03 2020","Aug 01 2019","Apr 28 2021","SRA","1","NAFLD_early_liver biopsy","Homo sapiens","nas score: 4","fibrosis stage: 0","group in paper: NASH_F0-F1","disease: NAFLD","Stage: early","total RNA","Frozen tissue samples were lysed using Trizol (Sigma-Aldrich) and mRNA was extracted with the Allprep DNA/RNA Micro kit (Qiagen). Concentrations and quality were assessed using the Agilent Pico 6000 kit on the Bioanalyzer 2100.","RNA libraries were prepared for sequencing using standard Illumina protocols","9606","4_67_R1.fastq.gz","Reads were cropped to 75bp using Trimmomatic","Reads were mapped to GRCh38 (ensembl release 78) using STAR (v2.4.2a)","Gene count tables were produced using HTSeq-count (v0.11.2) with -r pos -s reverse","Genome_build: GRCh38, Ensembl release 78","Supplementary_files_format_and_content: txt files with gene-level counts","GPL18573","Simon,,Cockell","simon.cockell@newcastle.ac.uk","Newcastle University","Framlington Place","Newcastle","NE2 4HH","United Kingdom","0","Illumina NextSeq 500","cDNA","transcriptomic","RNA-Seq","BioSample: https://www.ncbi.nlm.nih.gov/biosample/SAMN12426244","SRA: https://www.ncbi.nlm.nih.gov/sra?term=SRX6635631","ftp://ftp.ncbi.nlm.nih.gov/geo/samples/GSM3998nnn/GSM3998321/suppl/GSM3998321_4_67.counts.txt.gz","NAFLD","0","NASH_F0-F1","4","early"
"GSM3998322","Liver patient 62","GSM3998322","Public on Dec 03 2020","Aug 01 2019","Apr 28 2021","SRA","1","NAFLD_moderate_liver biopsy","Homo sapiens","nas score: 5","fibrosis stage: 3","group in paper: NASH_F3","disease: NAFLD","Stage: moderate","total RNA","Frozen tissue samples were lysed using Trizol (Sigma-Aldrich) and mRNA was extracted with the Allprep DNA/RNA Micro kit (Qiagen). Concentrations and quality were assessed using the Agilent Pico 6000 kit on the Bioanalyzer 2100.","RNA libraries were prepared for sequencing using standard Illumina protocols","9606","402-Ann-Daly_S11","Reads were cropped to 75bp using Trimmomatic","Reads were mapped to GRCh38 (ensembl release 78) using STAR (v2.4.2a)","Gene count tables were produced using HTSeq-count (v0.11.2) with -r pos -s reverse","Genome_build: GRCh38, Ensembl release 78","Supplementary_files_format_and_content: txt files with gene-level counts","GPL18573","Simon,,Cockell","simon.cockell@newcastle.ac.uk","Newcastle University","Framlington Place","Newcastle","NE2 4HH","United Kingdom","0","Illumina NextSeq 500","cDNA","transcriptomic","RNA-Seq","BioSample: https://www.ncbi.nlm.nih.gov/biosample/SAMN12426243","SRA: https://www.ncbi.nlm.nih.gov/sra?term=SRX6635632","ftp://ftp.ncbi.nlm.nih.gov/geo/samples/GSM3998nnn/GSM3998322/suppl/GSM3998322_402-Ann-Daly_S11.counts.txt.gz","NAFLD","3","NASH_F3","5","moderate"
"GSM3998323","Liver patient 64","GSM3998323","Public on Dec 03 2020","Aug 01 2019","Apr 28 2021","SRA","1","NAFLD_early_liver biopsy","Homo sapiens","nas score: 4","fibrosis stage: 0","group in paper: NAFL","disease: NAFLD","Stage: early","total RNA","Frozen tissue samples were lysed using Trizol (Sigma-Aldrich) and mRNA was extracted with the Allprep DNA/RNA Micro kit (Qiagen). Concentrations and quality were assessed using the Agilent Pico 6000 kit on the Bioanalyzer 2100.","RNA libraries were prepared for sequencing using standard Illumina protocols","9606","407-Ann-Daly_S13","Reads were cropped to 75bp using Trimmomatic","Reads were mapped to GRCh38 (ensembl release 78) using STAR (v2.4.2a)","Gene count tables were produced using HTSeq-count (v0.11.2) with -r pos -s reverse","Genome_build: GRCh38, Ensembl release 78","Supplementary_files_format_and_content: txt files with gene-level counts","GPL18573","Simon,,Cockell","simon.cockell@newcastle.ac.uk","Newcastle University","Framlington Place","Newcastle","NE2 4HH","United Kingdom","0","Illumina NextSeq 500","cDNA","transcriptomic","RNA-Seq","BioSample: https://www.ncbi.nlm.nih.gov/biosample/SAMN12426242","SRA: https://www.ncbi.nlm.nih.gov/sra?term=SRX6635633","ftp://ftp.ncbi.nlm.nih.gov/geo/samples/GSM3998nnn/GSM3998323/suppl/GSM3998323_407-Ann-Daly_S13.counts.txt.gz","NAFLD","0","NAFL","4","early"
"GSM3998324","Liver patient 65","GSM3998324","Public on Dec 03 2020","Aug 01 2019","Apr 28 2021","SRA","1","NAFLD_moderate_liver biopsy","Homo sapiens","nas score: 7","fibrosis stage: 3","group in paper: NASH_F3","disease: NAFLD","Stage: moderate","total RNA","Frozen tissue samples were lysed using Trizol (Sigma-Aldrich) and mRNA was extracted with the Allprep DNA/RNA Micro kit (Qiagen). Concentrations and quality were assessed using the Agilent Pico 6000 kit on the Bioanalyzer 2100.","RNA libraries were prepared for sequencing using standard Illumina protocols","9606","408-Ann-Daly_S14","Reads were cropped to 75bp using Trimmomatic","Reads were mapped to GRCh38 (ensembl release 78) using STAR (v2.4.2a)","Gene count tables were produced using HTSeq-count (v0.11.2) with -r pos -s reverse","Genome_build: GRCh38, Ensembl release 78","Supplementary_files_format_and_content: txt files with gene-level counts","GPL18573","Simon,,Cockell","simon.cockell@newcastle.ac.uk","Newcastle University","Framlington Place","Newcastle","NE2 4HH","United Kingdom","0","Illumina NextSeq 500","cDNA","transcriptomic","RNA-Seq","BioSample: https://www.ncbi.nlm.nih.gov/biosample/SAMN12426241","SRA: https://www.ncbi.nlm.nih.gov/sra?term=SRX6635634","ftp://ftp.ncbi.nlm.nih.gov/geo/samples/GSM3998nnn/GSM3998324/suppl/GSM3998324_408-Ann-Daly_S14.counts.txt.gz","NAFLD","3","NASH_F3","7","moderate"
"GSM3998325","Liver patient 66","GSM3998325","Public on Dec 03 2020","Aug 01 2019","Apr 28 2021","SRA","1","NAFLD_early_liver biopsy","Homo sapiens","nas score: 4","fibrosis stage: 0","group in paper: NAFL","disease: NAFLD","Stage: early","total RNA","Frozen tissue samples were lysed using Trizol (Sigma-Aldrich) and mRNA was extracted with the Allprep DNA/RNA Micro kit (Qiagen). Concentrations and quality were assessed using the Agilent Pico 6000 kit on the Bioanalyzer 2100.","RNA libraries were prepared for sequencing using standard Illumina protocols","9606","416-Ann-Daly_S2","Reads were cropped to 75bp using Trimmomatic","Reads were mapped to GRCh38 (ensembl release 78) using STAR (v2.4.2a)","Gene count tables were produced using HTSeq-count (v0.11.2) with -r pos -s reverse","Genome_build: GRCh38, Ensembl release 78","Supplementary_files_format_and_content: txt files with gene-level counts","GPL18573","Simon,,Cockell","simon.cockell@newcastle.ac.uk","Newcastle University","Framlington Place","Newcastle","NE2 4HH","United Kingdom","0","Illumina NextSeq 500","cDNA","transcriptomic","RNA-Seq","BioSample: https://www.ncbi.nlm.nih.gov/biosample/SAMN12426240","SRA: https://www.ncbi.nlm.nih.gov/sra?term=SRX6635635","ftp://ftp.ncbi.nlm.nih.gov/geo/samples/GSM3998nnn/GSM3998325/suppl/GSM3998325_416-Ann-Daly_S2.counts.txt.gz","NAFLD","0","NAFL","4","early"
"GSM3998326","Liver patient 67","GSM3998326","Public on Dec 03 2020","Aug 01 2019","Apr 28 2021","SRA","1","NAFLD_early_liver biopsy","Homo sapiens","nas score: 2","fibrosis stage: 0","group in paper: NAFL","disease: NAFLD","Stage: early","total RNA","Frozen tissue samples were lysed using Trizol (Sigma-Aldrich) and mRNA was extracted with the Allprep DNA/RNA Micro kit (Qiagen). Concentrations and quality were assessed using the Agilent Pico 6000 kit on the Bioanalyzer 2100.","RNA libraries were prepared for sequencing using standard Illumina protocols","9606","418-Ann-Daly_S15","Reads were cropped to 75bp using Trimmomatic","Reads were mapped to GRCh38 (ensembl release 78) using STAR (v2.4.2a)","Gene count tables were produced using HTSeq-count (v0.11.2) with -r pos -s reverse","Genome_build: GRCh38, Ensembl release 78","Supplementary_files_format_and_content: txt files with gene-level counts","GPL18573","Simon,,Cockell","simon.cockell@newcastle.ac.uk","Newcastle University","Framlington Place","Newcastle","NE2 4HH","United Kingdom","0","Illumina NextSeq 500","cDNA","transcriptomic","RNA-Seq","BioSample: https://www.ncbi.nlm.nih.gov/biosample/SAMN12426239","SRA: https://www.ncbi.nlm.nih.gov/sra?term=SRX6635636","ftp://ftp.ncbi.nlm.nih.gov/geo/samples/GSM3998nnn/GSM3998326/suppl/GSM3998326_418-Ann-Daly_S15.counts.txt.gz","NAFLD","0","NAFL","2","early"
"GSM3998327","Liver patient 179","GSM3998327","Public on Dec 03 2020","Aug 01 2019","Apr 28 2021","SRA","1","NAFLD_moderate_liver biopsy","Homo sapiens","nas score: 7","fibrosis stage: 3","group in paper: NASH_F3","disease: NAFLD","Stage: moderate","total RNA","Frozen tissue samples were lysed using Trizol (Sigma-Aldrich) and mRNA was extracted with the Allprep DNA/RNA Micro kit (Qiagen). Concentrations and quality were assessed using the Agilent Pico 6000 kit on the Bioanalyzer 2100.","RNA libraries were prepared for sequencing using standard Illumina protocols","9606","424-Ann-Daly_S16","Reads were cropped to 75bp using Trimmomatic","Reads were mapped to GRCh38 (ensembl release 78) using STAR (v2.4.2a)","Gene count tables were produced using HTSeq-count (v0.11.2) with -r pos -s reverse","Genome_build: GRCh38, Ensembl release 78","Supplementary_files_format_and_content: txt files with gene-level counts","GPL18573","Simon,,Cockell","simon.cockell@newcastle.ac.uk","Newcastle University","Framlington Place","Newcastle","NE2 4HH","United Kingdom","0","Illumina NextSeq 500","cDNA","transcriptomic","RNA-Seq","BioSample: https://www.ncbi.nlm.nih.gov/biosample/SAMN12426238","SRA: https://www.ncbi.nlm.nih.gov/sra?term=SRX6635637","ftp://ftp.ncbi.nlm.nih.gov/geo/samples/GSM3998nnn/GSM3998327/suppl/GSM3998327_424-Ann-Daly_S16.counts.txt.gz","NAFLD","3","NASH_F3","7","moderate"
"GSM3998328","Liver patient 180","GSM3998328","Public on Dec 03 2020","Aug 01 2019","Apr 28 2021","SRA","1","NAFLD_moderate_liver biopsy","Homo sapiens","nas score: 6","fibrosis stage: 3","group in paper: NASH_F3","disease: NAFLD","Stage: moderate","total RNA","Frozen tissue samples were lysed using Trizol (Sigma-Aldrich) and mRNA was extracted with the Allprep DNA/RNA Micro kit (Qiagen). Concentrations and quality were assessed using the Agilent Pico 6000 kit on the Bioanalyzer 2100.","RNA libraries were prepared for sequencing using standard Illumina protocols","9606","425-Ann-Daly_S3","Reads were cropped to 75bp using Trimmomatic","Reads were mapped to GRCh38 (ensembl release 78) using STAR (v2.4.2a)","Gene count tables were produced using HTSeq-count (v0.11.2) with -r pos -s reverse","Genome_build: GRCh38, Ensembl release 78","Supplementary_files_format_and_content: txt files with gene-level counts","GPL18573","Simon,,Cockell","simon.cockell@newcastle.ac.uk","Newcastle University","Framlington Place","Newcastle","NE2 4HH","United Kingdom","0","Illumina NextSeq 500","cDNA","transcriptomic","RNA-Seq","BioSample: https://www.ncbi.nlm.nih.gov/biosample/SAMN12426237","SRA: https://www.ncbi.nlm.nih.gov/sra?term=SRX6635638","ftp://ftp.ncbi.nlm.nih.gov/geo/samples/GSM3998nnn/GSM3998328/suppl/GSM3998328_425-Ann-Daly_S3.counts.txt.gz","NAFLD","3","NASH_F3","6","moderate"
"GSM3998329","Liver patient 45","GSM3998329","Public on Dec 03 2020","Aug 01 2019","Apr 28 2021","SRA","1","NAFLD_moderate_liver biopsy","Homo sapiens","nas score: 7","fibrosis stage: 3","group in paper: NASH_F3","disease: NAFLD","Stage: moderate","total RNA","Frozen tissue samples were lysed using Trizol (Sigma-Aldrich) and mRNA was extracted with the Allprep DNA/RNA Micro kit (Qiagen). Concentrations and quality were assessed using the Agilent Pico 6000 kit on the Bioanalyzer 2100.","RNA libraries were prepared for sequencing using standard Illumina protocols","9606","431-Ann-Daly_S4","Reads were cropped to 75bp using Trimmomatic","Reads were mapped to GRCh38 (ensembl release 78) using STAR (v2.4.2a)","Gene count tables were produced using HTSeq-count (v0.11.2) with -r pos -s reverse","Genome_build: GRCh38, Ensembl release 78","Supplementary_files_format_and_content: txt files with gene-level counts","GPL18573","Simon,,Cockell","simon.cockell@newcastle.ac.uk","Newcastle University","Framlington Place","Newcastle","NE2 4HH","United Kingdom","0","Illumina NextSeq 500","cDNA","transcriptomic","RNA-Seq","BioSample: https://www.ncbi.nlm.nih.gov/biosample/SAMN12426236","SRA: https://www.ncbi.nlm.nih.gov/sra?term=SRX6635639","ftp://ftp.ncbi.nlm.nih.gov/geo/samples/GSM3998nnn/GSM3998329/suppl/GSM3998329_431-Ann-Daly_S4.counts.txt.gz","NAFLD","3","NASH_F3","7","moderate"
"GSM3998330","Liver patient 181","GSM3998330","Public on Dec 03 2020","Aug 01 2019","Apr 28 2021","SRA","1","NAFLD_moderate_liver biopsy","Homo sapiens","nas score: 4","fibrosis stage: 3","group in paper: NASH_F3","disease: NAFLD","Stage: moderate","total RNA","Frozen tissue samples were lysed using Trizol (Sigma-Aldrich) and mRNA was extracted with the Allprep DNA/RNA Micro kit (Qiagen). Concentrations and quality were assessed using the Agilent Pico 6000 kit on the Bioanalyzer 2100.","RNA libraries were prepared for sequencing using standard Illumina protocols","9606","443-Ann-Daly_S5","Reads were cropped to 75bp using Trimmomatic","Reads were mapped to GRCh38 (ensembl release 78) using STAR (v2.4.2a)","Gene count tables were produced using HTSeq-count (v0.11.2) with -r pos -s reverse","Genome_build: GRCh38, Ensembl release 78","Supplementary_files_format_and_content: txt files with gene-level counts","GPL18573","Simon,,Cockell","simon.cockell@newcastle.ac.uk","Newcastle University","Framlington Place","Newcastle","NE2 4HH","United Kingdom","0","Illumina NextSeq 500","cDNA","transcriptomic","RNA-Seq","BioSample: https://www.ncbi.nlm.nih.gov/biosample/SAMN12426286","SRA: https://www.ncbi.nlm.nih.gov/sra?term=SRX6635640","ftp://ftp.ncbi.nlm.nih.gov/geo/samples/GSM3998nnn/GSM3998330/suppl/GSM3998330_443-Ann-Daly_S5.counts.txt.gz","NAFLD","3","NASH_F3","4","moderate"
"GSM3998331","Liver patient 191","GSM3998331","Public on Dec 03 2020","Aug 01 2019","Apr 28 2021","SRA","1","NAFLD_early_liver biopsy","Homo sapiens","nas score: 3","fibrosis stage: 1","group in paper: NASH_F0-F1","disease: NAFLD","Stage: early","total RNA","Frozen tissue samples were lysed using Trizol (Sigma-Aldrich) and mRNA was extracted with the Allprep DNA/RNA Micro kit (Qiagen). Concentrations and quality were assessed using the Agilent Pico 6000 kit on the Bioanalyzer 2100.","RNA libraries were prepared for sequencing using standard Illumina protocols","9606","5_74_R1.fastq.gz","Reads were cropped to 75bp using Trimmomatic","Reads were mapped to GRCh38 (ensembl release 78) using STAR (v2.4.2a)","Gene count tables were produced using HTSeq-count (v0.11.2) with -r pos -s reverse","Genome_build: GRCh38, Ensembl release 78","Supplementary_files_format_and_content: txt files with gene-level counts","GPL18573","Simon,,Cockell","simon.cockell@newcastle.ac.uk","Newcastle University","Framlington Place","Newcastle","NE2 4HH","United Kingdom","0","Illumina NextSeq 500","cDNA","transcriptomic","RNA-Seq","BioSample: https://www.ncbi.nlm.nih.gov/biosample/SAMN12426285","SRA: https://www.ncbi.nlm.nih.gov/sra?term=SRX6635641","ftp://ftp.ncbi.nlm.nih.gov/geo/samples/GSM3998nnn/GSM3998331/suppl/GSM3998331_5_74.counts.txt.gz","NAFLD","1","NASH_F0-F1","3","early"
"GSM3998332","Liver patient 190","GSM3998332","Public on Dec 03 2020","Aug 01 2019","Apr 28 2021","SRA","1","NAFLD_moderate_liver biopsy","Homo sapiens","nas score: 8","fibrosis stage: 4","group in paper: NASH_F4","disease: NAFLD","Stage: moderate","total RNA","Frozen tissue samples were lysed using Trizol (Sigma-Aldrich) and mRNA was extracted with the Allprep DNA/RNA Micro kit (Qiagen). Concentrations and quality were assessed using the Agilent Pico 6000 kit on the Bioanalyzer 2100.","RNA libraries were prepared for sequencing using standard Illumina protocols","9606","6_139_R1.fastq.gz","Reads were cropped to 75bp using Trimmomatic","Reads were mapped to GRCh38 (ensembl release 78) using STAR (v2.4.2a)","Gene count tables were produced using HTSeq-count (v0.11.2) with -r pos -s reverse","Genome_build: GRCh38, Ensembl release 78","Supplementary_files_format_and_content: txt files with gene-level counts","GPL18573","Simon,,Cockell","simon.cockell@newcastle.ac.uk","Newcastle University","Framlington Place","Newcastle","NE2 4HH","United Kingdom","0","Illumina NextSeq 500","cDNA","transcriptomic","RNA-Seq","BioSample: https://www.ncbi.nlm.nih.gov/biosample/SAMN12426284","SRA: https://www.ncbi.nlm.nih.gov/sra?term=SRX6635642","ftp://ftp.ncbi.nlm.nih.gov/geo/samples/GSM3998nnn/GSM3998332/suppl/GSM3998332_6_139.counts.txt.gz","NAFLD","4","NASH_F4","8","moderate"
"GSM3998333","Liver patient 185","GSM3998333","Public on Dec 03 2020","Aug 01 2019","Apr 28 2021","SRA","1","NAFLD_moderate_liver biopsy","Homo sapiens","nas score: 5","fibrosis stage: 3","group in paper: NASH_F3","disease: NAFLD","Stage: moderate","total RNA","Frozen tissue samples were lysed using Trizol (Sigma-Aldrich) and mRNA was extracted with the Allprep DNA/RNA Micro kit (Qiagen). Concentrations and quality were assessed using the Agilent Pico 6000 kit on the Bioanalyzer 2100.","RNA libraries were prepared for sequencing using standard Illumina protocols","9606","7_162_R1.fastq.gz","Reads were cropped to 75bp using Trimmomatic","Reads were mapped to GRCh38 (ensembl release 78) using STAR (v2.4.2a)","Gene count tables were produced using HTSeq-count (v0.11.2) with -r pos -s reverse","Genome_build: GRCh38, Ensembl release 78","Supplementary_files_format_and_content: txt files with gene-level counts","GPL18573","Simon,,Cockell","simon.cockell@newcastle.ac.uk","Newcastle University","Framlington Place","Newcastle","NE2 4HH","United Kingdom","0","Illumina NextSeq 500","cDNA","transcriptomic","RNA-Seq","BioSample: https://www.ncbi.nlm.nih.gov/biosample/SAMN12426283","SRA: https://www.ncbi.nlm.nih.gov/sra?term=SRX6635643","ftp://ftp.ncbi.nlm.nih.gov/geo/samples/GSM3998nnn/GSM3998333/suppl/GSM3998333_7_162.counts.txt.gz","NAFLD","3","NASH_F3","5","moderate"
"GSM3998334","Liver patient 193","GSM3998334","Public on Dec 03 2020","Aug 01 2019","Apr 28 2021","SRA","1","NAFLD_moderate_liver biopsy","Homo sapiens","nas score: 3","fibrosis stage: 3","group in paper: NASH_F3","disease: NAFLD","Stage: moderate","total RNA","Frozen tissue samples were lysed using Trizol (Sigma-Aldrich) and mRNA was extracted with the Allprep DNA/RNA Micro kit (Qiagen). Concentrations and quality were assessed using the Agilent Pico 6000 kit on the Bioanalyzer 2100.","RNA libraries were prepared for sequencing using standard Illumina protocols","9606","8_344_R1.fastq.gz","Reads were cropped to 75bp using Trimmomatic","Reads were mapped to GRCh38 (ensembl release 78) using STAR (v2.4.2a)","Gene count tables were produced using HTSeq-count (v0.11.2) with -r pos -s reverse","Genome_build: GRCh38, Ensembl release 78","Supplementary_files_format_and_content: txt files with gene-level counts","GPL18573","Simon,,Cockell","simon.cockell@newcastle.ac.uk","Newcastle University","Framlington Place","Newcastle","NE2 4HH","United Kingdom","0","Illumina NextSeq 500","cDNA","transcriptomic","RNA-Seq","BioSample: https://www.ncbi.nlm.nih.gov/biosample/SAMN12426198","SRA: https://www.ncbi.nlm.nih.gov/sra?term=SRX6635644","ftp://ftp.ncbi.nlm.nih.gov/geo/samples/GSM3998nnn/GSM3998334/suppl/GSM3998334_8_344.counts.txt.gz","NAFLD","3","NASH_F3","3","moderate"
"GSM3998335","Liver patient 26","GSM3998335","Public on Dec 03 2020","Aug 01 2019","Apr 28 2021","SRA","1","NAFLD_early_liver biopsy","Homo sapiens","nas score: 4","fibrosis stage: 2","group in paper: NASH_F2","disease: NAFLD","Stage: early","total RNA","Frozen tissue samples were lysed using Trizol (Sigma-Aldrich) and mRNA was extracted with the Allprep DNA/RNA Micro kit (Qiagen). Concentrations and quality were assessed using the Agilent Pico 6000 kit on the Bioanalyzer 2100.","RNA libraries were prepared for sequencing using standard Illumina protocols","9606","84-Ann-Daly_S9","Reads were cropped to 75bp using Trimmomatic","Reads were mapped to GRCh38 (ensembl release 78) using STAR (v2.4.2a)","Gene count tables were produced using HTSeq-count (v0.11.2) with -r pos -s reverse","Genome_build: GRCh38, Ensembl release 78","Supplementary_files_format_and_content: txt files with gene-level counts","GPL18573","Simon,,Cockell","simon.cockell@newcastle.ac.uk","Newcastle University","Framlington Place","Newcastle","NE2 4HH","United Kingdom","0","Illumina NextSeq 500","cDNA","transcriptomic","RNA-Seq","BioSample: https://www.ncbi.nlm.nih.gov/biosample/SAMN12426197","SRA: https://www.ncbi.nlm.nih.gov/sra?term=SRX6635645","ftp://ftp.ncbi.nlm.nih.gov/geo/samples/GSM3998nnn/GSM3998335/suppl/GSM3998335_84-Ann-Daly_S9.counts.txt.gz","NAFLD","2","NASH_F2","4","early"
"GSM3998336","Liver patient 27","GSM3998336","Public on Dec 03 2020","Aug 01 2019","Apr 28 2021","SRA","1","NAFLD_early_liver biopsy","Homo sapiens","nas score: 2","fibrosis stage: 0","group in paper: NAFL","disease: NAFLD","Stage: early","total RNA","Frozen tissue samples were lysed using Trizol (Sigma-Aldrich) and mRNA was extracted with the Allprep DNA/RNA Micro kit (Qiagen). Concentrations and quality were assessed using the Agilent Pico 6000 kit on the Bioanalyzer 2100.","RNA libraries were prepared for sequencing using standard Illumina protocols","9606","85-Ann-Daly_S10","Reads were cropped to 75bp using Trimmomatic","Reads were mapped to GRCh38 (ensembl release 78) using STAR (v2.4.2a)","Gene count tables were produced using HTSeq-count (v0.11.2) with -r pos -s reverse","Genome_build: GRCh38, Ensembl release 78","Supplementary_files_format_and_content: txt files with gene-level counts","GPL18573","Simon,,Cockell","simon.cockell@newcastle.ac.uk","Newcastle University","Framlington Place","Newcastle","NE2 4HH","United Kingdom","0","Illumina NextSeq 500","cDNA","transcriptomic","RNA-Seq","BioSample: https://www.ncbi.nlm.nih.gov/biosample/SAMN12426196","SRA: https://www.ncbi.nlm.nih.gov/sra?term=SRX6635646","ftp://ftp.ncbi.nlm.nih.gov/geo/samples/GSM3998nnn/GSM3998336/suppl/GSM3998336_85-Ann-Daly_S10.counts.txt.gz","NAFLD","0","NAFL","2","early"
"GSM3998337","Liver patient 206","GSM3998337","Public on Dec 03 2020","Aug 01 2019","Apr 28 2021","SRA","1","NAFLD_early_liver biopsy","Homo sapiens","nas score: 5","fibrosis stage: 2","group in paper: NASH_F2","disease: NAFLD","Stage: early","total RNA","Frozen tissue samples were lysed using Trizol (Sigma-Aldrich) and mRNA was extracted with the Allprep DNA/RNA Micro kit (Qiagen). Concentrations and quality were assessed using the Agilent Pico 6000 kit on the Bioanalyzer 2100.","RNA libraries were prepared for sequencing using standard Illumina protocols","9606","9_346_R1.fastq.gz","Reads were cropped to 75bp using Trimmomatic","Reads were mapped to GRCh38 (ensembl release 78) using STAR (v2.4.2a)","Gene count tables were produced using HTSeq-count (v0.11.2) with -r pos -s reverse","Genome_build: GRCh38, Ensembl release 78","Supplementary_files_format_and_content: txt files with gene-level counts","GPL18573","Simon,,Cockell","simon.cockell@newcastle.ac.uk","Newcastle University","Framlington Place","Newcastle","NE2 4HH","United Kingdom","0","Illumina NextSeq 500","cDNA","transcriptomic","RNA-Seq","BioSample: https://www.ncbi.nlm.nih.gov/biosample/SAMN12426195","SRA: https://www.ncbi.nlm.nih.gov/sra?term=SRX6635647","ftp://ftp.ncbi.nlm.nih.gov/geo/samples/GSM3998nnn/GSM3998337/suppl/GSM3998337_9_346.counts.txt.gz","NAFLD","2","NASH_F2","5","early"
"GSM3998338","Liver patient 4","GSM3998338","Public on Dec 03 2020","Aug 01 2019","Apr 28 2021","SRA","1","NAFLD_moderate_liver biopsy","Homo sapiens","nas score: 4","fibrosis stage: 3","group in paper: NASH_F3","disease: NAFLD","Stage: moderate","total RNA","Frozen tissue samples were lysed using Trizol (Sigma-Aldrich) and mRNA was extracted with the Allprep DNA/RNA Micro kit (Qiagen). Concentrations and quality were assessed using the Agilent Pico 6000 kit on the Bioanalyzer 2100.","RNA libraries were prepared for sequencing using standard Illumina protocols","9606","98-Ann-Daly_S13","Reads were cropped to 75bp using Trimmomatic","Reads were mapped to GRCh38 (ensembl release 78) using STAR (v2.4.2a)","Gene count tables were produced using HTSeq-count (v0.11.2) with -r pos -s reverse","Genome_build: GRCh38, Ensembl release 78","Supplementary_files_format_and_content: txt files with gene-level counts","GPL18573","Simon,,Cockell","simon.cockell@newcastle.ac.uk","Newcastle University","Framlington Place","Newcastle","NE2 4HH","United Kingdom","0","Illumina NextSeq 500","cDNA","transcriptomic","RNA-Seq","BioSample: https://www.ncbi.nlm.nih.gov/biosample/SAMN12426194","SRA: https://www.ncbi.nlm.nih.gov/sra?term=SRX6635648","ftp://ftp.ncbi.nlm.nih.gov/geo/samples/GSM3998nnn/GSM3998338/suppl/GSM3998338_98-Ann-Daly_S13.counts.txt.gz","NAFLD","3","NASH_F3","4","moderate"
"GSM3998339","Liver patient 91","GSM3998339","Public on Dec 03 2020","Aug 01 2019","Apr 28 2021","SRA","1","NAFLD_early_liver biopsy","Homo sapiens","nas score: 4","fibrosis stage: 0","group in paper: NASH_F0-F1","disease: NAFLD","Stage: early","total RNA","Frozen tissue samples were lysed using Trizol (Sigma-Aldrich) and mRNA was extracted with the Allprep DNA/RNA Micro kit (Qiagen). Concentrations and quality were assessed using the Agilent Pico 6000 kit on the Bioanalyzer 2100.","RNA libraries were prepared for sequencing using standard Illumina protocols","9606","s5_Olivier-Govaere_S5","Reads were cropped to 75bp using Trimmomatic","Reads were mapped to GRCh38 (ensembl release 78) using STAR (v2.4.2a)","Gene count tables were produced using HTSeq-count (v0.11.2) with -r pos -s reverse","Genome_build: GRCh38, Ensembl release 78","Supplementary_files_format_and_content: txt files with gene-level counts","GPL18573","Simon,,Cockell","simon.cockell@newcastle.ac.uk","Newcastle University","Framlington Place","Newcastle","NE2 4HH","United Kingdom","0","Illumina NextSeq 500","cDNA","transcriptomic","RNA-Seq","BioSample: https://www.ncbi.nlm.nih.gov/biosample/SAMN12426193","SRA: https://www.ncbi.nlm.nih.gov/sra?term=SRX6635649","ftp://ftp.ncbi.nlm.nih.gov/geo/samples/GSM3998nnn/GSM3998339/suppl/GSM3998339_s5_Olivier-Govaere_S5.counts.txt.gz","NAFLD","0","NASH_F0-F1","4","early"
"GSM3998340","Liver patient 99","GSM3998340","Public on Dec 03 2020","Aug 01 2019","Apr 28 2021","SRA","1","NAFLD_moderate_liver biopsy","Homo sapiens","nas score: 3","fibrosis stage: 3","group in paper: NASH_F3","disease: NAFLD","Stage: moderate","total RNA","Frozen tissue samples were lysed using Trizol (Sigma-Aldrich) and mRNA was extracted with the Allprep DNA/RNA Micro kit (Qiagen). Concentrations and quality were assessed using the Agilent Pico 6000 kit on the Bioanalyzer 2100.","RNA libraries were prepared for sequencing using standard Illumina protocols","9606","s2_Olivier-Govaere_S2","Reads were cropped to 75bp using Trimmomatic","Reads were mapped to GRCh38 (ensembl release 78) using STAR (v2.4.2a)","Gene count tables were produced using HTSeq-count (v0.11.2) with -r pos -s reverse","Genome_build: GRCh38, Ensembl release 78","Supplementary_files_format_and_content: txt files with gene-level counts","GPL18573","Simon,,Cockell","simon.cockell@newcastle.ac.uk","Newcastle University","Framlington Place","Newcastle","NE2 4HH","United Kingdom","0","Illumina NextSeq 500","cDNA","transcriptomic","RNA-Seq","BioSample: https://www.ncbi.nlm.nih.gov/biosample/SAMN12426192","SRA: https://www.ncbi.nlm.nih.gov/sra?term=SRX6635650","ftp://ftp.ncbi.nlm.nih.gov/geo/samples/GSM3998nnn/GSM3998340/suppl/GSM3998340_s2_Olivier-Govaere_S2.counts.txt.gz","NAFLD","3","NASH_F3","3","moderate"
"GSM3998341","Liver control sample 1","GSM3998341","Public on Dec 03 2020","Aug 01 2019","Apr 28 2021","SRA","1","Control_control_liver biopsy","Homo sapiens","nas score: 0","fibrosis stage: 2","group in paper: control","disease: Control","Stage: control","total RNA","Frozen tissue samples were lysed using Trizol (Sigma-Aldrich) and mRNA was extracted with the Allprep DNA/RNA Micro kit (Qiagen). Concentrations and quality were assessed using the Agilent Pico 6000 kit on the Bioanalyzer 2100.","RNA libraries were prepared for sequencing using standard Illumina protocols","9606","078-Ann-Daly_S14","Reads were cropped to 75bp using Trimmomatic","Reads were mapped to GRCh38 (ensembl release 78) using STAR (v2.4.2a)","Gene count tables were produced using HTSeq-count (v0.11.2) with -r pos -s reverse","Genome_build: GRCh38, Ensembl release 78","Supplementary_files_format_and_content: txt files with gene-level counts","GPL18573","Simon,,Cockell","simon.cockell@newcastle.ac.uk","Newcastle University","Framlington Place","Newcastle","NE2 4HH","United Kingdom","0","Illumina NextSeq 500","cDNA","transcriptomic","RNA-Seq","BioSample: https://www.ncbi.nlm.nih.gov/biosample/SAMN12426191","SRA: https://www.ncbi.nlm.nih.gov/sra?term=SRX6635651","ftp://ftp.ncbi.nlm.nih.gov/geo/samples/GSM3998nnn/GSM3998341/suppl/GSM3998341_078-Ann-Daly_S14.counts.txt.gz","Control","2","control","0","control"
"GSM3998342","Liver control sample 4","GSM3998342","Public on Dec 03 2020","Aug 01 2019","Apr 28 2021","SRA","1","Control_control_liver biopsy","Homo sapiens","nas score: 0","fibrosis stage: 0","group in paper: control","disease: Control","Stage: control","total RNA","Frozen tissue samples were lysed using Trizol (Sigma-Aldrich) and mRNA was extracted with the Allprep DNA/RNA Micro kit (Qiagen). Concentrations and quality were assessed using the Agilent Pico 6000 kit on the Bioanalyzer 2100.","RNA libraries were prepared for sequencing using standard Illumina protocols","9606","085-Ann-Daly_S16","Reads were cropped to 75bp using Trimmomatic","Reads were mapped to GRCh38 (ensembl release 78) using STAR (v2.4.2a)","Gene count tables were produced using HTSeq-count (v0.11.2) with -r pos -s reverse","Genome_build: GRCh38, Ensembl release 78","Supplementary_files_format_and_content: txt files with gene-level counts","GPL18573","Simon,,Cockell","simon.cockell@newcastle.ac.uk","Newcastle University","Framlington Place","Newcastle","NE2 4HH","United Kingdom","0","Illumina NextSeq 500","cDNA","transcriptomic","RNA-Seq","BioSample: https://www.ncbi.nlm.nih.gov/biosample/SAMN12426235","SRA: https://www.ncbi.nlm.nih.gov/sra?term=SRX6635652","ftp://ftp.ncbi.nlm.nih.gov/geo/samples/GSM3998nnn/GSM3998342/suppl/GSM3998342_085-Ann-Daly_S16.counts.txt.gz","Control","0","control","0","control"
"GSM3998343","Liver patient 139","GSM3998343","Public on Dec 03 2020","Aug 01 2019","Apr 28 2021","SRA","1","NAFLD_early_liver biopsy","Homo sapiens","nas score: 5","fibrosis stage: 2","group in paper: NASH_F2","disease: NAFLD","Stage: early","total RNA","Frozen tissue samples were lysed using Trizol (Sigma-Aldrich) and mRNA was extracted with the Allprep DNA/RNA Micro kit (Qiagen). Concentrations and quality were assessed using the Agilent Pico 6000 kit on the Bioanalyzer 2100.","RNA libraries were prepared for sequencing using standard Illumina protocols","9606","C100-Ann-Daly_S1","Reads were cropped to 75bp using Trimmomatic","Reads were mapped to GRCh38 (ensembl release 78) using STAR (v2.4.2a)","Gene count tables were produced using HTSeq-count (v0.11.2) with -r pos -s reverse","Genome_build: GRCh38, Ensembl release 78","Supplementary_files_format_and_content: txt files with gene-level counts","GPL18573","Simon,,Cockell","simon.cockell@newcastle.ac.uk","Newcastle University","Framlington Place","Newcastle","NE2 4HH","United Kingdom","0","Illumina NextSeq 500","cDNA","transcriptomic","RNA-Seq","BioSample: https://www.ncbi.nlm.nih.gov/biosample/SAMN12426234","SRA: https://www.ncbi.nlm.nih.gov/sra?term=SRX6635653","ftp://ftp.ncbi.nlm.nih.gov/geo/samples/GSM3998nnn/GSM3998343/suppl/GSM3998343_C100-Ann-Daly_S1.counts.txt.gz","NAFLD","2","NASH_F2","5","early"
"GSM3998344","Liver patient 140","GSM3998344","Public on Dec 03 2020","Aug 01 2019","Apr 28 2021","SRA","1","NAFLD_early_liver biopsy","Homo sapiens","nas score: 1","fibrosis stage: 1","group in paper: NAFL","disease: NAFLD","Stage: early","total RNA","Frozen tissue samples were lysed using Trizol (Sigma-Aldrich) and mRNA was extracted with the Allprep DNA/RNA Micro kit (Qiagen). Concentrations and quality were assessed using the Agilent Pico 6000 kit on the Bioanalyzer 2100.","RNA libraries were prepared for sequencing using standard Illumina protocols","9606","C101-Ann-Daly_S2","Reads were cropped to 75bp using Trimmomatic","Reads were mapped to GRCh38 (ensembl release 78) using STAR (v2.4.2a)","Gene count tables were produced using HTSeq-count (v0.11.2) with -r pos -s reverse","Genome_build: GRCh38, Ensembl release 78","Supplementary_files_format_and_content: txt files with gene-level counts","GPL18573","Simon,,Cockell","simon.cockell@newcastle.ac.uk","Newcastle University","Framlington Place","Newcastle","NE2 4HH","United Kingdom","0","Illumina NextSeq 500","cDNA","transcriptomic","RNA-Seq","BioSample: https://www.ncbi.nlm.nih.gov/biosample/SAMN12426233","SRA: https://www.ncbi.nlm.nih.gov/sra?term=SRX6635654","ftp://ftp.ncbi.nlm.nih.gov/geo/samples/GSM3998nnn/GSM3998344/suppl/GSM3998344_C101-Ann-Daly_S2.counts.txt.gz","NAFLD","1","NAFL","1","early"
"GSM3998345","Liver patient 141","GSM3998345","Public on Dec 03 2020","Aug 01 2019","Apr 28 2021","SRA","1","NAFLD_early_liver biopsy","Homo sapiens","nas score: 2","fibrosis stage: 0","group in paper: NAFL","disease: NAFLD","Stage: early","total RNA","Frozen tissue samples were lysed using Trizol (Sigma-Aldrich) and mRNA was extracted with the Allprep DNA/RNA Micro kit (Qiagen). Concentrations and quality were assessed using the Agilent Pico 6000 kit on the Bioanalyzer 2100.","RNA libraries were prepared for sequencing using standard Illumina protocols","9606","C102-Ann-Daly_S3","Reads were cropped to 75bp using Trimmomatic","Reads were mapped to GRCh38 (ensembl release 78) using STAR (v2.4.2a)","Gene count tables were produced using HTSeq-count (v0.11.2) with -r pos -s reverse","Genome_build: GRCh38, Ensembl release 78","Supplementary_files_format_and_content: txt files with gene-level counts","GPL18573","Simon,,Cockell","simon.cockell@newcastle.ac.uk","Newcastle University","Framlington Place","Newcastle","NE2 4HH","United Kingdom","0","Illumina NextSeq 500","cDNA","transcriptomic","RNA-Seq","BioSample: https://www.ncbi.nlm.nih.gov/biosample/SAMN12426232","SRA: https://www.ncbi.nlm.nih.gov/sra?term=SRX6635655","ftp://ftp.ncbi.nlm.nih.gov/geo/samples/GSM3998nnn/GSM3998345/suppl/GSM3998345_C102-Ann-Daly_S3.counts.txt.gz","NAFLD","0","NAFL","2","early"
"GSM3998346","Liver patient 142","GSM3998346","Public on Dec 03 2020","Aug 01 2019","Apr 28 2021","SRA","1","NAFLD_early_liver biopsy","Homo sapiens","nas score: 2","fibrosis stage: 0","group in paper: NAFL","disease: NAFLD","Stage: early","total RNA","Frozen tissue samples were lysed using Trizol (Sigma-Aldrich) and mRNA was extracted with the Allprep DNA/RNA Micro kit (Qiagen). Concentrations and quality were assessed using the Agilent Pico 6000 kit on the Bioanalyzer 2100.","RNA libraries were prepared for sequencing using standard Illumina protocols","9606","C103-Ann-Daly_S4","Reads were cropped to 75bp using Trimmomatic","Reads were mapped to GRCh38 (ensembl release 78) using STAR (v2.4.2a)","Gene count tables were produced using HTSeq-count (v0.11.2) with -r pos -s reverse","Genome_build: GRCh38, Ensembl release 78","Supplementary_files_format_and_content: txt files with gene-level counts","GPL18573","Simon,,Cockell","simon.cockell@newcastle.ac.uk","Newcastle University","Framlington Place","Newcastle","NE2 4HH","United Kingdom","0","Illumina NextSeq 500","cDNA","transcriptomic","RNA-Seq","BioSample: https://www.ncbi.nlm.nih.gov/biosample/SAMN12426231","SRA: https://www.ncbi.nlm.nih.gov/sra?term=SRX6635656","ftp://ftp.ncbi.nlm.nih.gov/geo/samples/GSM3998nnn/GSM3998346/suppl/GSM3998346_C103-Ann-Daly_S4.counts.txt.gz","NAFLD","0","NAFL","2","early"
"GSM3998347","Liver patient 143","GSM3998347","Public on Dec 03 2020","Aug 01 2019","Apr 28 2021","SRA","1","NAFLD_early_liver biopsy","Homo sapiens","nas score: 6","fibrosis stage: 2","group in paper: NASH_F2","disease: NAFLD","Stage: early","total RNA","Frozen tissue samples were lysed using Trizol (Sigma-Aldrich) and mRNA was extracted with the Allprep DNA/RNA Micro kit (Qiagen). Concentrations and quality were assessed using the Agilent Pico 6000 kit on the Bioanalyzer 2100.","RNA libraries were prepared for sequencing using standard Illumina protocols","9606","C107-Ann-Daly_S5","Reads were cropped to 75bp using Trimmomatic","Reads were mapped to GRCh38 (ensembl release 78) using STAR (v2.4.2a)","Gene count tables were produced using HTSeq-count (v0.11.2) with -r pos -s reverse","Genome_build: GRCh38, Ensembl release 78","Supplementary_files_format_and_content: txt files with gene-level counts","GPL18573","Simon,,Cockell","simon.cockell@newcastle.ac.uk","Newcastle University","Framlington Place","Newcastle","NE2 4HH","United Kingdom","0","Illumina NextSeq 500","cDNA","transcriptomic","RNA-Seq","BioSample: https://www.ncbi.nlm.nih.gov/biosample/SAMN12426230","SRA: https://www.ncbi.nlm.nih.gov/sra?term=SRX6635657","ftp://ftp.ncbi.nlm.nih.gov/geo/samples/GSM3998nnn/GSM3998347/suppl/GSM3998347_C107-Ann-Daly_S5.counts.txt.gz","NAFLD","2","NASH_F2","6","early"
"GSM3998348","Liver patient 144","GSM3998348","Public on Dec 03 2020","Aug 01 2019","Apr 28 2021","SRA","1","NAFLD_early_liver biopsy","Homo sapiens","nas score: 6","fibrosis stage: 2","group in paper: NASH_F2","disease: NAFLD","Stage: early","total RNA","Frozen tissue samples were lysed using Trizol (Sigma-Aldrich) and mRNA was extracted with the Allprep DNA/RNA Micro kit (Qiagen). Concentrations and quality were assessed using the Agilent Pico 6000 kit on the Bioanalyzer 2100.","RNA libraries were prepared for sequencing using standard Illumina protocols","9606","C108-Ann-Daly_S6","Reads were cropped to 75bp using Trimmomatic","Reads were mapped to GRCh38 (ensembl release 78) using STAR (v2.4.2a)","Gene count tables were produced using HTSeq-count (v0.11.2) with -r pos -s reverse","Genome_build: GRCh38, Ensembl release 78","Supplementary_files_format_and_content: txt files with gene-level counts","GPL18573","Simon,,Cockell","simon.cockell@newcastle.ac.uk","Newcastle University","Framlington Place","Newcastle","NE2 4HH","United Kingdom","0","Illumina NextSeq 500","cDNA","transcriptomic","RNA-Seq","BioSample: https://www.ncbi.nlm.nih.gov/biosample/SAMN12426229","SRA: https://www.ncbi.nlm.nih.gov/sra?term=SRX6635658","ftp://ftp.ncbi.nlm.nih.gov/geo/samples/GSM3998nnn/GSM3998348/suppl/GSM3998348_C108-Ann-Daly_S6.counts.txt.gz","NAFLD","2","NASH_F2","6","early"
"GSM3998349","Liver patient 145","GSM3998349","Public on Dec 03 2020","Aug 01 2019","Apr 28 2021","SRA","1","NAFLD_early_liver biopsy","Homo sapiens","nas score: 1","fibrosis stage: 0","group in paper: NAFL","disease: NAFLD","Stage: early","total RNA","Frozen tissue samples were lysed using Trizol (Sigma-Aldrich) and mRNA was extracted with the Allprep DNA/RNA Micro kit (Qiagen). Concentrations and quality were assessed using the Agilent Pico 6000 kit on the Bioanalyzer 2100.","RNA libraries were prepared for sequencing using standard Illumina protocols","9606","C109-Ann-Daly_S7","Reads were cropped to 75bp using Trimmomatic","Reads were mapped to GRCh38 (ensembl release 78) using STAR (v2.4.2a)","Gene count tables were produced using HTSeq-count (v0.11.2) with -r pos -s reverse","Genome_build: GRCh38, Ensembl release 78","Supplementary_files_format_and_content: txt files with gene-level counts","GPL18573","Simon,,Cockell","simon.cockell@newcastle.ac.uk","Newcastle University","Framlington Place","Newcastle","NE2 4HH","United Kingdom","0","Illumina NextSeq 500","cDNA","transcriptomic","RNA-Seq","BioSample: https://www.ncbi.nlm.nih.gov/biosample/SAMN12426228","SRA: https://www.ncbi.nlm.nih.gov/sra?term=SRX6635659","ftp://ftp.ncbi.nlm.nih.gov/geo/samples/GSM3998nnn/GSM3998349/suppl/GSM3998349_C109-Ann-Daly_S7.counts.txt.gz","NAFLD","0","NAFL","1","early"
"GSM3998350","Liver patient 146","GSM3998350","Public on Dec 03 2020","Aug 01 2019","Apr 28 2021","SRA","1","NAFLD_early_liver biopsy","Homo sapiens","nas score: 6","fibrosis stage: 2","group in paper: NASH_F2","disease: NAFLD","Stage: early","total RNA","Frozen tissue samples were lysed using Trizol (Sigma-Aldrich) and mRNA was extracted with the Allprep DNA/RNA Micro kit (Qiagen). Concentrations and quality were assessed using the Agilent Pico 6000 kit on the Bioanalyzer 2100.","RNA libraries were prepared for sequencing using standard Illumina protocols","9606","C110-Ann-Daly_S8","Reads were cropped to 75bp using Trimmomatic","Reads were mapped to GRCh38 (ensembl release 78) using STAR (v2.4.2a)","Gene count tables were produced using HTSeq-count (v0.11.2) with -r pos -s reverse","Genome_build: GRCh38, Ensembl release 78","Supplementary_files_format_and_content: txt files with gene-level counts","GPL18573","Simon,,Cockell","simon.cockell@newcastle.ac.uk","Newcastle University","Framlington Place","Newcastle","NE2 4HH","United Kingdom","0","Illumina NextSeq 500","cDNA","transcriptomic","RNA-Seq","BioSample: https://www.ncbi.nlm.nih.gov/biosample/SAMN12426227","SRA: https://www.ncbi.nlm.nih.gov/sra?term=SRX6635660","ftp://ftp.ncbi.nlm.nih.gov/geo/samples/GSM3998nnn/GSM3998350/suppl/GSM3998350_C110-Ann-Daly_S8.counts.txt.gz","NAFLD","2","NASH_F2","6","early"
"GSM3998351","Liver patient 147","GSM3998351","Public on Dec 03 2020","Aug 01 2019","Apr 28 2021","SRA","1","NAFLD_early_liver biopsy","Homo sapiens","nas score: 4","fibrosis stage: 1","group in paper: NASH_F0-F1","disease: NAFLD","Stage: early","total RNA","Frozen tissue samples were lysed using Trizol (Sigma-Aldrich) and mRNA was extracted with the Allprep DNA/RNA Micro kit (Qiagen). Concentrations and quality were assessed using the Agilent Pico 6000 kit on the Bioanalyzer 2100.","RNA libraries were prepared for sequencing using standard Illumina protocols","9606","C122-Ann-Daly_S10","Reads were cropped to 75bp using Trimmomatic","Reads were mapped to GRCh38 (ensembl release 78) using STAR (v2.4.2a)","Gene count tables were produced using HTSeq-count (v0.11.2) with -r pos -s reverse","Genome_build: GRCh38, Ensembl release 78","Supplementary_files_format_and_content: txt files with gene-level counts","GPL18573","Simon,,Cockell","simon.cockell@newcastle.ac.uk","Newcastle University","Framlington Place","Newcastle","NE2 4HH","United Kingdom","0","Illumina NextSeq 500","cDNA","transcriptomic","RNA-Seq","BioSample: https://www.ncbi.nlm.nih.gov/biosample/SAMN12426226","SRA: https://www.ncbi.nlm.nih.gov/sra?term=SRX6635661","ftp://ftp.ncbi.nlm.nih.gov/geo/samples/GSM3998nnn/GSM3998351/suppl/GSM3998351_C122-Ann-Daly_S10.counts.txt.gz","NAFLD","1","NASH_F0-F1","4","early"
"GSM3998352","Liver patient 148","GSM3998352","Public on Dec 03 2020","Aug 01 2019","Apr 28 2021","SRA","1","NAFLD_early_liver biopsy","Homo sapiens","nas score: 3","fibrosis stage: 1","group in paper: NAFL","disease: NAFLD","Stage: early","total RNA","Frozen tissue samples were lysed using Trizol (Sigma-Aldrich) and mRNA was extracted with the Allprep DNA/RNA Micro kit (Qiagen). Concentrations and quality were assessed using the Agilent Pico 6000 kit on the Bioanalyzer 2100.","RNA libraries were prepared for sequencing using standard Illumina protocols","9606","C123-Ann-Daly_S11","Reads were cropped to 75bp using Trimmomatic","Reads were mapped to GRCh38 (ensembl release 78) using STAR (v2.4.2a)","Gene count tables were produced using HTSeq-count (v0.11.2) with -r pos -s reverse","Genome_build: GRCh38, Ensembl release 78","Supplementary_files_format_and_content: txt files with gene-level counts","GPL18573","Simon,,Cockell","simon.cockell@newcastle.ac.uk","Newcastle University","Framlington Place","Newcastle","NE2 4HH","United Kingdom","0","Illumina NextSeq 500","cDNA","transcriptomic","RNA-Seq","BioSample: https://www.ncbi.nlm.nih.gov/biosample/SAMN12426225","SRA: https://www.ncbi.nlm.nih.gov/sra?term=SRX6635662","ftp://ftp.ncbi.nlm.nih.gov/geo/samples/GSM3998nnn/GSM3998352/suppl/GSM3998352_C123-Ann-Daly_S11.counts.txt.gz","NAFLD","1","NAFL","3","early"
"GSM3998353","Liver patient 149","GSM3998353","Public on Dec 03 2020","Aug 01 2019","Apr 28 2021","SRA","1","NAFLD_early_liver biopsy","Homo sapiens","nas score: 2","fibrosis stage: 0","group in paper: NAFL","disease: NAFLD","Stage: early","total RNA","Frozen tissue samples were lysed using Trizol (Sigma-Aldrich) and mRNA was extracted with the Allprep DNA/RNA Micro kit (Qiagen). Concentrations and quality were assessed using the Agilent Pico 6000 kit on the Bioanalyzer 2100.","RNA libraries were prepared for sequencing using standard Illumina protocols","9606","C124-Ann-Daly_S12","Reads were cropped to 75bp using Trimmomatic","Reads were mapped to GRCh38 (ensembl release 78) using STAR (v2.4.2a)","Gene count tables were produced using HTSeq-count (v0.11.2) with -r pos -s reverse","Genome_build: GRCh38, Ensembl release 78","Supplementary_files_format_and_content: txt files with gene-level counts","GPL18573","Simon,,Cockell","simon.cockell@newcastle.ac.uk","Newcastle University","Framlington Place","Newcastle","NE2 4HH","United Kingdom","0","Illumina NextSeq 500","cDNA","transcriptomic","RNA-Seq","BioSample: https://www.ncbi.nlm.nih.gov/biosample/SAMN12426224","SRA: https://www.ncbi.nlm.nih.gov/sra?term=SRX6635663","ftp://ftp.ncbi.nlm.nih.gov/geo/samples/GSM3998nnn/GSM3998353/suppl/GSM3998353_C124-Ann-Daly_S12.counts.txt.gz","NAFLD","0","NAFL","2","early"
"GSM3998354","Liver patient 150","GSM3998354","Public on Dec 03 2020","Aug 01 2019","Apr 28 2021","SRA","1","NAFLD_moderate_liver biopsy","Homo sapiens","nas score: 6","fibrosis stage: 3","group in paper: NASH_F3","disease: NAFLD","Stage: moderate","total RNA","Frozen tissue samples were lysed using Trizol (Sigma-Aldrich) and mRNA was extracted with the Allprep DNA/RNA Micro kit (Qiagen). Concentrations and quality were assessed using the Agilent Pico 6000 kit on the Bioanalyzer 2100.","RNA libraries were prepared for sequencing using standard Illumina protocols","9606","C125-Ann-Daly_S13","Reads were cropped to 75bp using Trimmomatic","Reads were mapped to GRCh38 (ensembl release 78) using STAR (v2.4.2a)","Gene count tables were produced using HTSeq-count (v0.11.2) with -r pos -s reverse","Genome_build: GRCh38, Ensembl release 78","Supplementary_files_format_and_content: txt files with gene-level counts","GPL18573","Simon,,Cockell","simon.cockell@newcastle.ac.uk","Newcastle University","Framlington Place","Newcastle","NE2 4HH","United Kingdom","0","Illumina NextSeq 500","cDNA","transcriptomic","RNA-Seq","BioSample: https://www.ncbi.nlm.nih.gov/biosample/SAMN12426223","SRA: https://www.ncbi.nlm.nih.gov/sra?term=SRX6635664","ftp://ftp.ncbi.nlm.nih.gov/geo/samples/GSM3998nnn/GSM3998354/suppl/GSM3998354_C125-Ann-Daly_S13.counts.txt.gz","NAFLD","3","NASH_F3","6","moderate"
"GSM3998355","Liver patient 151","GSM3998355","Public on Dec 03 2020","Aug 01 2019","Apr 28 2021","SRA","1","NAFLD_early_liver biopsy","Homo sapiens","nas score: 7","fibrosis stage: 2","group in paper: NASH_F2","disease: NAFLD","Stage: early","total RNA","Frozen tissue samples were lysed using Trizol (Sigma-Aldrich) and mRNA was extracted with the Allprep DNA/RNA Micro kit (Qiagen). Concentrations and quality were assessed using the Agilent Pico 6000 kit on the Bioanalyzer 2100.","RNA libraries were prepared for sequencing using standard Illumina protocols","9606","C126-Ann-Daly_S14","Reads were cropped to 75bp using Trimmomatic","Reads were mapped to GRCh38 (ensembl release 78) using STAR (v2.4.2a)","Gene count tables were produced using HTSeq-count (v0.11.2) with -r pos -s reverse","Genome_build: GRCh38, Ensembl release 78","Supplementary_files_format_and_content: txt files with gene-level counts","GPL18573","Simon,,Cockell","simon.cockell@newcastle.ac.uk","Newcastle University","Framlington Place","Newcastle","NE2 4HH","United Kingdom","0","Illumina NextSeq 500","cDNA","transcriptomic","RNA-Seq","BioSample: https://www.ncbi.nlm.nih.gov/biosample/SAMN12426222","SRA: https://www.ncbi.nlm.nih.gov/sra?term=SRX6635665","ftp://ftp.ncbi.nlm.nih.gov/geo/samples/GSM3998nnn/GSM3998355/suppl/GSM3998355_C126-Ann-Daly_S14.counts.txt.gz","NAFLD","2","NASH_F2","7","early"
"GSM3998356","Liver patient 152","GSM3998356","Public on Dec 03 2020","Aug 01 2019","Apr 28 2021","SRA","1","NAFLD_early_liver biopsy","Homo sapiens","nas score: 5","fibrosis stage: 2","group in paper: NASH_F2","disease: NAFLD","Stage: early","total RNA","Frozen tissue samples were lysed using Trizol (Sigma-Aldrich) and mRNA was extracted with the Allprep DNA/RNA Micro kit (Qiagen). Concentrations and quality were assessed using the Agilent Pico 6000 kit on the Bioanalyzer 2100.","RNA libraries were prepared for sequencing using standard Illumina protocols","9606","C128-Ann-Daly_S1","Reads were cropped to 75bp using Trimmomatic","Reads were mapped to GRCh38 (ensembl release 78) using STAR (v2.4.2a)","Gene count tables were produced using HTSeq-count (v0.11.2) with -r pos -s reverse","Genome_build: GRCh38, Ensembl release 78","Supplementary_files_format_and_content: txt files with gene-level counts","GPL18573","Simon,,Cockell","simon.cockell@newcastle.ac.uk","Newcastle University","Framlington Place","Newcastle","NE2 4HH","United Kingdom","0","Illumina NextSeq 500","cDNA","transcriptomic","RNA-Seq","BioSample: https://www.ncbi.nlm.nih.gov/biosample/SAMN12426221","SRA: https://www.ncbi.nlm.nih.gov/sra?term=SRX6635666","ftp://ftp.ncbi.nlm.nih.gov/geo/samples/GSM3998nnn/GSM3998356/suppl/GSM3998356_C128-Ann-Daly_S1.counts.txt.gz","NAFLD","2","NASH_F2","5","early"
"GSM3998357","Liver patient 153","GSM3998357","Public on Dec 03 2020","Aug 01 2019","Apr 28 2021","SRA","1","NAFLD_early_liver biopsy","Homo sapiens","nas score: 6","fibrosis stage: 1","group in paper: NASH_F0-F1","disease: NAFLD","Stage: early","total RNA","Frozen tissue samples were lysed using Trizol (Sigma-Aldrich) and mRNA was extracted with the Allprep DNA/RNA Micro kit (Qiagen). Concentrations and quality were assessed using the Agilent Pico 6000 kit on the Bioanalyzer 2100.","RNA libraries were prepared for sequencing using standard Illumina protocols","9606","C129-Ann-Daly_S2","Reads were cropped to 75bp using Trimmomatic","Reads were mapped to GRCh38 (ensembl release 78) using STAR (v2.4.2a)","Gene count tables were produced using HTSeq-count (v0.11.2) with -r pos -s reverse","Genome_build: GRCh38, Ensembl release 78","Supplementary_files_format_and_content: txt files with gene-level counts","GPL18573","Simon,,Cockell","simon.cockell@newcastle.ac.uk","Newcastle University","Framlington Place","Newcastle","NE2 4HH","United Kingdom","0","Illumina NextSeq 500","cDNA","transcriptomic","RNA-Seq","BioSample: https://www.ncbi.nlm.nih.gov/biosample/SAMN12426220","SRA: https://www.ncbi.nlm.nih.gov/sra?term=SRX6635667","ftp://ftp.ncbi.nlm.nih.gov/geo/samples/GSM3998nnn/GSM3998357/suppl/GSM3998357_C129-Ann-Daly_S2.counts.txt.gz","NAFLD","1","NASH_F0-F1","6","early"
"GSM3998358","Liver patient 154","GSM3998358","Public on Dec 03 2020","Aug 01 2019","Apr 28 2021","SRA","1","NAFLD_early_liver biopsy","Homo sapiens","nas score: 5","fibrosis stage: 1","group in paper: NASH_F0-F1","disease: NAFLD","Stage: early","total RNA","Frozen tissue samples were lysed using Trizol (Sigma-Aldrich) and mRNA was extracted with the Allprep DNA/RNA Micro kit (Qiagen). Concentrations and quality were assessed using the Agilent Pico 6000 kit on the Bioanalyzer 2100.","RNA libraries were prepared for sequencing using standard Illumina protocols","9606","C131-Ann-Daly_S3","Reads were cropped to 75bp using Trimmomatic","Reads were mapped to GRCh38 (ensembl release 78) using STAR (v2.4.2a)","Gene count tables were produced using HTSeq-count (v0.11.2) with -r pos -s reverse","Genome_build: GRCh38, Ensembl release 78","Supplementary_files_format_and_content: txt files with gene-level counts","GPL18573","Simon,,Cockell","simon.cockell@newcastle.ac.uk","Newcastle University","Framlington Place","Newcastle","NE2 4HH","United Kingdom","0","Illumina NextSeq 500","cDNA","transcriptomic","RNA-Seq","BioSample: https://www.ncbi.nlm.nih.gov/biosample/SAMN12426219","SRA: https://www.ncbi.nlm.nih.gov/sra?term=SRX6635668","ftp://ftp.ncbi.nlm.nih.gov/geo/samples/GSM3998nnn/GSM3998358/suppl/GSM3998358_C131-Ann-Daly_S3.counts.txt.gz","NAFLD","1","NASH_F0-F1","5","early"
"GSM3998359","Liver patient 155","GSM3998359","Public on Dec 03 2020","Aug 01 2019","Apr 28 2021","SRA","1","NAFLD_moderate_liver biopsy","Homo sapiens","nas score: 5","fibrosis stage: 4","group in paper: NASH_F4","disease: NAFLD","Stage: moderate","total RNA","Frozen tissue samples were lysed using Trizol (Sigma-Aldrich) and mRNA was extracted with the Allprep DNA/RNA Micro kit (Qiagen). Concentrations and quality were assessed using the Agilent Pico 6000 kit on the Bioanalyzer 2100.","RNA libraries were prepared for sequencing using standard Illumina protocols","9606","C133-Ann-Daly_S4","Reads were cropped to 75bp using Trimmomatic","Reads were mapped to GRCh38 (ensembl release 78) using STAR (v2.4.2a)","Gene count tables were produced using HTSeq-count (v0.11.2) with -r pos -s reverse","Genome_build: GRCh38, Ensembl release 78","Supplementary_files_format_and_content: txt files with gene-level counts","GPL18573","Simon,,Cockell","simon.cockell@newcastle.ac.uk","Newcastle University","Framlington Place","Newcastle","NE2 4HH","United Kingdom","0","Illumina NextSeq 500","cDNA","transcriptomic","RNA-Seq","BioSample: https://www.ncbi.nlm.nih.gov/biosample/SAMN12426218","SRA: https://www.ncbi.nlm.nih.gov/sra?term=SRX6635669","ftp://ftp.ncbi.nlm.nih.gov/geo/samples/GSM3998nnn/GSM3998359/suppl/GSM3998359_C133-Ann-Daly_S4.counts.txt.gz","NAFLD","4","NASH_F4","5","moderate"
"GSM3998360","Liver patient 156","GSM3998360","Public on Dec 03 2020","Aug 01 2019","Apr 28 2021","SRA","1","NAFLD_early_liver biopsy","Homo sapiens","nas score: 5","fibrosis stage: 2","group in paper: NASH_F2","disease: NAFLD","Stage: early","total RNA","Frozen tissue samples were lysed using Trizol (Sigma-Aldrich) and mRNA was extracted with the Allprep DNA/RNA Micro kit (Qiagen). Concentrations and quality were assessed using the Agilent Pico 6000 kit on the Bioanalyzer 2100.","RNA libraries were prepared for sequencing using standard Illumina protocols","9606","C134_S5","Reads were cropped to 75bp using Trimmomatic","Reads were mapped to GRCh38 (ensembl release 78) using STAR (v2.4.2a)","Gene count tables were produced using HTSeq-count (v0.11.2) with -r pos -s reverse","Genome_build: GRCh38, Ensembl release 78","Supplementary_files_format_and_content: txt files with gene-level counts","GPL18573","Simon,,Cockell","simon.cockell@newcastle.ac.uk","Newcastle University","Framlington Place","Newcastle","NE2 4HH","United Kingdom","0","Illumina NextSeq 500","cDNA","transcriptomic","RNA-Seq","BioSample: https://www.ncbi.nlm.nih.gov/biosample/SAMN12426217","SRA: https://www.ncbi.nlm.nih.gov/sra?term=SRX6635670","ftp://ftp.ncbi.nlm.nih.gov/geo/samples/GSM3998nnn/GSM3998360/suppl/GSM3998360_C134_S5.counts.txt.gz","NAFLD","2","NASH_F2","5","early"
"GSM3998361","Liver patient 157","GSM3998361","Public on Dec 03 2020","Aug 01 2019","Apr 28 2021","SRA","1","NAFLD_early_liver biopsy","Homo sapiens","nas score: 1","fibrosis stage: 0","group in paper: NAFL","disease: NAFLD","Stage: early","total RNA","Frozen tissue samples were lysed using Trizol (Sigma-Aldrich) and mRNA was extracted with the Allprep DNA/RNA Micro kit (Qiagen). Concentrations and quality were assessed using the Agilent Pico 6000 kit on the Bioanalyzer 2100.","RNA libraries were prepared for sequencing using standard Illumina protocols","9606","C135-Ann-Daly_S6","Reads were cropped to 75bp using Trimmomatic","Reads were mapped to GRCh38 (ensembl release 78) using STAR (v2.4.2a)","Gene count tables were produced using HTSeq-count (v0.11.2) with -r pos -s reverse","Genome_build: GRCh38, Ensembl release 78","Supplementary_files_format_and_content: txt files with gene-level counts","GPL18573","Simon,,Cockell","simon.cockell@newcastle.ac.uk","Newcastle University","Framlington Place","Newcastle","NE2 4HH","United Kingdom","0","Illumina NextSeq 500","cDNA","transcriptomic","RNA-Seq","BioSample: https://www.ncbi.nlm.nih.gov/biosample/SAMN12426216","SRA: https://www.ncbi.nlm.nih.gov/sra?term=SRX6635671","ftp://ftp.ncbi.nlm.nih.gov/geo/samples/GSM3998nnn/GSM3998361/suppl/GSM3998361_C135-Ann-Daly_S6.counts.txt.gz","NAFLD","0","NAFL","1","early"
"GSM3998362","Liver patient 158","GSM3998362","Public on Dec 03 2020","Aug 01 2019","Apr 28 2021","SRA","1","NAFLD_early_liver biopsy","Homo sapiens","nas score: 8","fibrosis stage: 2","group in paper: NASH_F2","disease: NAFLD","Stage: early","total RNA","Frozen tissue samples were lysed using Trizol (Sigma-Aldrich) and mRNA was extracted with the Allprep DNA/RNA Micro kit (Qiagen). Concentrations and quality were assessed using the Agilent Pico 6000 kit on the Bioanalyzer 2100.","RNA libraries were prepared for sequencing using standard Illumina protocols","9606","C136-Ann-Daly_S7","Reads were cropped to 75bp using Trimmomatic","Reads were mapped to GRCh38 (ensembl release 78) using STAR (v2.4.2a)","Gene count tables were produced using HTSeq-count (v0.11.2) with -r pos -s reverse","Genome_build: GRCh38, Ensembl release 78","Supplementary_files_format_and_content: txt files with gene-level counts","GPL18573","Simon,,Cockell","simon.cockell@newcastle.ac.uk","Newcastle University","Framlington Place","Newcastle","NE2 4HH","United Kingdom","0","Illumina NextSeq 500","cDNA","transcriptomic","RNA-Seq","BioSample: https://www.ncbi.nlm.nih.gov/biosample/SAMN12426215","SRA: https://www.ncbi.nlm.nih.gov/sra?term=SRX6635672","ftp://ftp.ncbi.nlm.nih.gov/geo/samples/GSM3998nnn/GSM3998362/suppl/GSM3998362_C136-Ann-Daly_S7.counts.txt.gz","NAFLD","2","NASH_F2","8","early"
"GSM3998363","Liver patient 159","GSM3998363","Public on Dec 03 2020","Aug 01 2019","Apr 28 2021","SRA","1","NAFLD_early_liver biopsy","Homo sapiens","nas score: 5","fibrosis stage: 1","group in paper: NASH_F0-F1","disease: NAFLD","Stage: early","total RNA","Frozen tissue samples were lysed using Trizol (Sigma-Aldrich) and mRNA was extracted with the Allprep DNA/RNA Micro kit (Qiagen). Concentrations and quality were assessed using the Agilent Pico 6000 kit on the Bioanalyzer 2100.","RNA libraries were prepared for sequencing using standard Illumina protocols","9606","C137-Ann-Daly_S8","Reads were cropped to 75bp using Trimmomatic","Reads were mapped to GRCh38 (ensembl release 78) using STAR (v2.4.2a)","Gene count tables were produced using HTSeq-count (v0.11.2) with -r pos -s reverse","Genome_build: GRCh38, Ensembl release 78","Supplementary_files_format_and_content: txt files with gene-level counts","GPL18573","Simon,,Cockell","simon.cockell@newcastle.ac.uk","Newcastle University","Framlington Place","Newcastle","NE2 4HH","United Kingdom","0","Illumina NextSeq 500","cDNA","transcriptomic","RNA-Seq","BioSample: https://www.ncbi.nlm.nih.gov/biosample/SAMN12426214","SRA: https://www.ncbi.nlm.nih.gov/sra?term=SRX6635673","ftp://ftp.ncbi.nlm.nih.gov/geo/samples/GSM3998nnn/GSM3998363/suppl/GSM3998363_C137-Ann-Daly_S8.counts.txt.gz","NAFLD","1","NASH_F0-F1","5","early"
"GSM3998364","Liver patient 160","GSM3998364","Public on Dec 03 2020","Aug 01 2019","Apr 28 2021","SRA","1","NAFLD_moderate_liver biopsy","Homo sapiens","nas score: 6","fibrosis stage: 3","group in paper: NASH_F3","disease: NAFLD","Stage: moderate","total RNA","Frozen tissue samples were lysed using Trizol (Sigma-Aldrich) and mRNA was extracted with the Allprep DNA/RNA Micro kit (Qiagen). Concentrations and quality were assessed using the Agilent Pico 6000 kit on the Bioanalyzer 2100.","RNA libraries were prepared for sequencing using standard Illumina protocols","9606","C139-Ann-Daly_S9","Reads were cropped to 75bp using Trimmomatic","Reads were mapped to GRCh38 (ensembl release 78) using STAR (v2.4.2a)","Gene count tables were produced using HTSeq-count (v0.11.2) with -r pos -s reverse","Genome_build: GRCh38, Ensembl release 78","Supplementary_files_format_and_content: txt files with gene-level counts","GPL18573","Simon,,Cockell","simon.cockell@newcastle.ac.uk","Newcastle University","Framlington Place","Newcastle","NE2 4HH","United Kingdom","0","Illumina NextSeq 500","cDNA","transcriptomic","RNA-Seq","BioSample: https://www.ncbi.nlm.nih.gov/biosample/SAMN12426181","SRA: https://www.ncbi.nlm.nih.gov/sra?term=SRX6635674","ftp://ftp.ncbi.nlm.nih.gov/geo/samples/GSM3998nnn/GSM3998364/suppl/GSM3998364_C139-Ann-Daly_S9.counts.txt.gz","NAFLD","3","NASH_F3","6","moderate"
"GSM3998365","Liver patient 161","GSM3998365","Public on Dec 03 2020","Aug 01 2019","Apr 28 2021","SRA","1","NAFLD_moderate_liver biopsy","Homo sapiens","nas score: 3","fibrosis stage: 3","group in paper: NASH_F3","disease: NAFLD","Stage: moderate","total RNA","Frozen tissue samples were lysed using Trizol (Sigma-Aldrich) and mRNA was extracted with the Allprep DNA/RNA Micro kit (Qiagen). Concentrations and quality were assessed using the Agilent Pico 6000 kit on the Bioanalyzer 2100.","RNA libraries were prepared for sequencing using standard Illumina protocols","9606","C143-Ann-Daly_S11","Reads were cropped to 75bp using Trimmomatic","Reads were mapped to GRCh38 (ensembl release 78) using STAR (v2.4.2a)","Gene count tables were produced using HTSeq-count (v0.11.2) with -r pos -s reverse","Genome_build: GRCh38, Ensembl release 78","Supplementary_files_format_and_content: txt files with gene-level counts","GPL18573","Simon,,Cockell","simon.cockell@newcastle.ac.uk","Newcastle University","Framlington Place","Newcastle","NE2 4HH","United Kingdom","0","Illumina NextSeq 500","cDNA","transcriptomic","RNA-Seq","BioSample: https://www.ncbi.nlm.nih.gov/biosample/SAMN12426180","SRA: https://www.ncbi.nlm.nih.gov/sra?term=SRX6635675","ftp://ftp.ncbi.nlm.nih.gov/geo/samples/GSM3998nnn/GSM3998365/suppl/GSM3998365_C143-Ann-Daly_S11.counts.txt.gz","NAFLD","3","NASH_F3","3","moderate"
"GSM3998366","Liver patient 162","GSM3998366","Public on Dec 03 2020","Aug 01 2019","Apr 28 2021","SRA","1","NAFLD_early_liver biopsy","Homo sapiens","nas score: 2","fibrosis stage: 0","group in paper: NAFL","disease: NAFLD","Stage: early","total RNA","Frozen tissue samples were lysed using Trizol (Sigma-Aldrich) and mRNA was extracted with the Allprep DNA/RNA Micro kit (Qiagen). Concentrations and quality were assessed using the Agilent Pico 6000 kit on the Bioanalyzer 2100.","RNA libraries were prepared for sequencing using standard Illumina protocols","9606","C145-Ann-Daly_S12","Reads were cropped to 75bp using Trimmomatic","Reads were mapped to GRCh38 (ensembl release 78) using STAR (v2.4.2a)","Gene count tables were produced using HTSeq-count (v0.11.2) with -r pos -s reverse","Genome_build: GRCh38, Ensembl release 78","Supplementary_files_format_and_content: txt files with gene-level counts","GPL18573","Simon,,Cockell","simon.cockell@newcastle.ac.uk","Newcastle University","Framlington Place","Newcastle","NE2 4HH","United Kingdom","0","Illumina NextSeq 500","cDNA","transcriptomic","RNA-Seq","BioSample: https://www.ncbi.nlm.nih.gov/biosample/SAMN12426179","SRA: https://www.ncbi.nlm.nih.gov/sra?term=SRX6635676","ftp://ftp.ncbi.nlm.nih.gov/geo/samples/GSM3998nnn/GSM3998366/suppl/GSM3998366_C145-Ann-Daly_S12.counts.txt.gz","NAFLD","0","NAFL","2","early"
"GSM3998367","Liver patient 163","GSM3998367","Public on Dec 03 2020","Aug 01 2019","Apr 28 2021","SRA","1","NAFLD_early_liver biopsy","Homo sapiens","nas score: 5","fibrosis stage: 1","group in paper: NASH_F0-F1","disease: NAFLD","Stage: early","total RNA","Frozen tissue samples were lysed using Trizol (Sigma-Aldrich) and mRNA was extracted with the Allprep DNA/RNA Micro kit (Qiagen). Concentrations and quality were assessed using the Agilent Pico 6000 kit on the Bioanalyzer 2100.","RNA libraries were prepared for sequencing using standard Illumina protocols","9606","C150-Ann-Daly_S13","Reads were cropped to 75bp using Trimmomatic","Reads were mapped to GRCh38 (ensembl release 78) using STAR (v2.4.2a)","Gene count tables were produced using HTSeq-count (v0.11.2) with -r pos -s reverse","Genome_build: GRCh38, Ensembl release 78","Supplementary_files_format_and_content: txt files with gene-level counts","GPL18573","Simon,,Cockell","simon.cockell@newcastle.ac.uk","Newcastle University","Framlington Place","Newcastle","NE2 4HH","United Kingdom","0","Illumina NextSeq 500","cDNA","transcriptomic","RNA-Seq","BioSample: https://www.ncbi.nlm.nih.gov/biosample/SAMN12426178","SRA: https://www.ncbi.nlm.nih.gov/sra?term=SRX6635677","ftp://ftp.ncbi.nlm.nih.gov/geo/samples/GSM3998nnn/GSM3998367/suppl/GSM3998367_C150-Ann-Daly_S13.counts.txt.gz","NAFLD","1","NASH_F0-F1","5","early"
"GSM3998368","Liver patient 164","GSM3998368","Public on Dec 03 2020","Aug 01 2019","Apr 28 2021","SRA","1","NAFLD_early_liver biopsy","Homo sapiens","nas score: 5","fibrosis stage: 2","group in paper: NASH_F2","disease: NAFLD","Stage: early","total RNA","Frozen tissue samples were lysed using Trizol (Sigma-Aldrich) and mRNA was extracted with the Allprep DNA/RNA Micro kit (Qiagen). Concentrations and quality were assessed using the Agilent Pico 6000 kit on the Bioanalyzer 2100.","RNA libraries were prepared for sequencing using standard Illumina protocols","9606","C171-Ann-Daly_S16","Reads were cropped to 75bp using Trimmomatic","Reads were mapped to GRCh38 (ensembl release 78) using STAR (v2.4.2a)","Gene count tables were produced using HTSeq-count (v0.11.2) with -r pos -s reverse","Genome_build: GRCh38, Ensembl release 78","Supplementary_files_format_and_content: txt files with gene-level counts","GPL18573","Simon,,Cockell","simon.cockell@newcastle.ac.uk","Newcastle University","Framlington Place","Newcastle","NE2 4HH","United Kingdom","0","Illumina NextSeq 500","cDNA","transcriptomic","RNA-Seq","BioSample: https://www.ncbi.nlm.nih.gov/biosample/SAMN12426177","SRA: https://www.ncbi.nlm.nih.gov/sra?term=SRX6635678","ftp://ftp.ncbi.nlm.nih.gov/geo/samples/GSM3998nnn/GSM3998368/suppl/GSM3998368_C171-Ann-Daly_S16.counts.txt.gz","NAFLD","2","NASH_F2","5","early"
"GSM3998369","Liver patient 165","GSM3998369","Public on Dec 03 2020","Aug 01 2019","Apr 28 2021","SRA","1","NAFLD_moderate_liver biopsy","Homo sapiens","nas score: 6","fibrosis stage: 3","group in paper: NASH_F3","disease: NAFLD","Stage: moderate","total RNA","Frozen tissue samples were lysed using Trizol (Sigma-Aldrich) and mRNA was extracted with the Allprep DNA/RNA Micro kit (Qiagen). Concentrations and quality were assessed using the Agilent Pico 6000 kit on the Bioanalyzer 2100.","RNA libraries were prepared for sequencing using standard Illumina protocols","9606","C173-Ann-Daly_S16","Reads were cropped to 75bp using Trimmomatic","Reads were mapped to GRCh38 (ensembl release 78) using STAR (v2.4.2a)","Gene count tables were produced using HTSeq-count (v0.11.2) with -r pos -s reverse","Genome_build: GRCh38, Ensembl release 78","Supplementary_files_format_and_content: txt files with gene-level counts","GPL18573","Simon,,Cockell","simon.cockell@newcastle.ac.uk","Newcastle University","Framlington Place","Newcastle","NE2 4HH","United Kingdom","0","Illumina NextSeq 500","cDNA","transcriptomic","RNA-Seq","BioSample: https://www.ncbi.nlm.nih.gov/biosample/SAMN12426176","SRA: https://www.ncbi.nlm.nih.gov/sra?term=SRX6635679","ftp://ftp.ncbi.nlm.nih.gov/geo/samples/GSM3998nnn/GSM3998369/suppl/GSM3998369_C173-Ann-Daly_S16.counts.txt.gz","NAFLD","3","NASH_F3","6","moderate"
"GSM3998370","Liver patient 131","GSM3998370","Public on Dec 03 2020","Aug 01 2019","Apr 28 2021","SRA","1","NAFLD_early_liver biopsy","Homo sapiens","nas score: 4","fibrosis stage: 2","group in paper: NASH_F2","disease: NAFLD","Stage: early","total RNA","Frozen tissue samples were lysed using Trizol (Sigma-Aldrich) and mRNA was extracted with the Allprep DNA/RNA Micro kit (Qiagen). Concentrations and quality were assessed using the Agilent Pico 6000 kit on the Bioanalyzer 2100.","RNA libraries were prepared for sequencing using standard Illumina protocols","9606","C18-Ann-Daly_S3","Reads were cropped to 75bp using Trimmomatic","Reads were mapped to GRCh38 (ensembl release 78) using STAR (v2.4.2a)","Gene count tables were produced using HTSeq-count (v0.11.2) with -r pos -s reverse","Genome_build: GRCh38, Ensembl release 78","Supplementary_files_format_and_content: txt files with gene-level counts","GPL18573","Simon,,Cockell","simon.cockell@newcastle.ac.uk","Newcastle University","Framlington Place","Newcastle","NE2 4HH","United Kingdom","0","Illumina NextSeq 500","cDNA","transcriptomic","RNA-Seq","BioSample: https://www.ncbi.nlm.nih.gov/biosample/SAMN12426175","SRA: https://www.ncbi.nlm.nih.gov/sra?term=SRX6635680","ftp://ftp.ncbi.nlm.nih.gov/geo/samples/GSM3998nnn/GSM3998370/suppl/GSM3998370_C18-Ann-Daly_S3.counts.txt.gz","NAFLD","2","NASH_F2","4","early"
"GSM3998371","Liver patient 132","GSM3998371","Public on Dec 03 2020","Aug 01 2019","Apr 28 2021","SRA","1","NAFLD_early_liver biopsy","Homo sapiens","nas score: 6","fibrosis stage: 2","group in paper: NASH_F2","disease: NAFLD","Stage: early","total RNA","Frozen tissue samples were lysed using Trizol (Sigma-Aldrich) and mRNA was extracted with the Allprep DNA/RNA Micro kit (Qiagen). Concentrations and quality were assessed using the Agilent Pico 6000 kit on the Bioanalyzer 2100.","RNA libraries were prepared for sequencing using standard Illumina protocols","9606","C29-Ann-Daly_S4","Reads were cropped to 75bp using Trimmomatic","Reads were mapped to GRCh38 (ensembl release 78) using STAR (v2.4.2a)","Gene count tables were produced using HTSeq-count (v0.11.2) with -r pos -s reverse","Genome_build: GRCh38, Ensembl release 78","Supplementary_files_format_and_content: txt files with gene-level counts","GPL18573","Simon,,Cockell","simon.cockell@newcastle.ac.uk","Newcastle University","Framlington Place","Newcastle","NE2 4HH","United Kingdom","0","Illumina NextSeq 500","cDNA","transcriptomic","RNA-Seq","BioSample: https://www.ncbi.nlm.nih.gov/biosample/SAMN12426174","SRA: https://www.ncbi.nlm.nih.gov/sra?term=SRX6635681","ftp://ftp.ncbi.nlm.nih.gov/geo/samples/GSM3998nnn/GSM3998371/suppl/GSM3998371_C29-Ann-Daly_S4.counts.txt.gz","NAFLD","2","NASH_F2","6","early"
"GSM3998372","Liver patient 133","GSM3998372","Public on Dec 03 2020","Aug 01 2019","Apr 28 2021","SRA","1","NAFLD_moderate_liver biopsy","Homo sapiens","nas score: 4","fibrosis stage: 3","group in paper: NASH_F3","disease: NAFLD","Stage: moderate","total RNA","Frozen tissue samples were lysed using Trizol (Sigma-Aldrich) and mRNA was extracted with the Allprep DNA/RNA Micro kit (Qiagen). Concentrations and quality were assessed using the Agilent Pico 6000 kit on the Bioanalyzer 2100.","RNA libraries were prepared for sequencing using standard Illumina protocols","9606","C61-Ann-Daly_S5","Reads were cropped to 75bp using Trimmomatic","Reads were mapped to GRCh38 (ensembl release 78) using STAR (v2.4.2a)","Gene count tables were produced using HTSeq-count (v0.11.2) with -r pos -s reverse","Genome_build: GRCh38, Ensembl release 78","Supplementary_files_format_and_content: txt files with gene-level counts","GPL18573","Simon,,Cockell","simon.cockell@newcastle.ac.uk","Newcastle University","Framlington Place","Newcastle","NE2 4HH","United Kingdom","0","Illumina NextSeq 500","cDNA","transcriptomic","RNA-Seq","BioSample: https://www.ncbi.nlm.nih.gov/biosample/SAMN12426173","SRA: https://www.ncbi.nlm.nih.gov/sra?term=SRX6635682","ftp://ftp.ncbi.nlm.nih.gov/geo/samples/GSM3998nnn/GSM3998372/suppl/GSM3998372_C61-Ann-Daly_S5.counts.txt.gz","NAFLD","3","NASH_F3","4","moderate"
"GSM3998373","Liver patient 125","GSM3998373","Public on Dec 03 2020","Aug 01 2019","Apr 28 2021","SRA","1","NAFLD_moderate_liver biopsy","Homo sapiens","nas score: 5","fibrosis stage: 3","group in paper: NASH_F3","disease: NAFLD","Stage: moderate","total RNA","Frozen tissue samples were lysed using Trizol (Sigma-Aldrich) and mRNA was extracted with the Allprep DNA/RNA Micro kit (Qiagen). Concentrations and quality were assessed using the Agilent Pico 6000 kit on the Bioanalyzer 2100.","RNA libraries were prepared for sequencing using standard Illumina protocols","9606","C68-Ann-Daly_S6","Reads were cropped to 75bp using Trimmomatic","Reads were mapped to GRCh38 (ensembl release 78) using STAR (v2.4.2a)","Gene count tables were produced using HTSeq-count (v0.11.2) with -r pos -s reverse","Genome_build: GRCh38, Ensembl release 78","Supplementary_files_format_and_content: txt files with gene-level counts","GPL18573","Simon,,Cockell","simon.cockell@newcastle.ac.uk","Newcastle University","Framlington Place","Newcastle","NE2 4HH","United Kingdom","0","Illumina NextSeq 500","cDNA","transcriptomic","RNA-Seq","BioSample: https://www.ncbi.nlm.nih.gov/biosample/SAMN12426172","SRA: https://www.ncbi.nlm.nih.gov/sra?term=SRX6635683","ftp://ftp.ncbi.nlm.nih.gov/geo/samples/GSM3998nnn/GSM3998373/suppl/GSM3998373_C68-Ann-Daly_S6.counts.txt.gz","NAFLD","3","NASH_F3","5","moderate"
"GSM3998374","Liver patient 126","GSM3998374","Public on Dec 03 2020","Aug 01 2019","Apr 28 2021","SRA","1","NAFLD_moderate_liver biopsy","Homo sapiens","nas score: 5","fibrosis stage: 3","group in paper: NASH_F3","disease: NAFLD","Stage: moderate","total RNA","Frozen tissue samples were lysed using Trizol (Sigma-Aldrich) and mRNA was extracted with the Allprep DNA/RNA Micro kit (Qiagen). Concentrations and quality were assessed using the Agilent Pico 6000 kit on the Bioanalyzer 2100.","RNA libraries were prepared for sequencing using standard Illumina protocols","9606","C69-Ann-Daly_S7","Reads were cropped to 75bp using Trimmomatic","Reads were mapped to GRCh38 (ensembl release 78) using STAR (v2.4.2a)","Gene count tables were produced using HTSeq-count (v0.11.2) with -r pos -s reverse","Genome_build: GRCh38, Ensembl release 78","Supplementary_files_format_and_content: txt files with gene-level counts","GPL18573","Simon,,Cockell","simon.cockell@newcastle.ac.uk","Newcastle University","Framlington Place","Newcastle","NE2 4HH","United Kingdom","0","Illumina NextSeq 500","cDNA","transcriptomic","RNA-Seq","BioSample: https://www.ncbi.nlm.nih.gov/biosample/SAMN12426171","SRA: https://www.ncbi.nlm.nih.gov/sra?term=SRX6635684","ftp://ftp.ncbi.nlm.nih.gov/geo/samples/GSM3998nnn/GSM3998374/suppl/GSM3998374_C69-Ann-Daly_S7.counts.txt.gz","NAFLD","3","NASH_F3","5","moderate"
"GSM3998375","Liver patient 128","GSM3998375","Public on Dec 03 2020","Aug 01 2019","Apr 28 2021","SRA","1","NAFLD_early_liver biopsy","Homo sapiens","nas score: 6","fibrosis stage: 1","group in paper: NASH_F0-F1","disease: NAFLD","Stage: early","total RNA","Frozen tissue samples were lysed using Trizol (Sigma-Aldrich) and mRNA was extracted with the Allprep DNA/RNA Micro kit (Qiagen). Concentrations and quality were assessed using the Agilent Pico 6000 kit on the Bioanalyzer 2100.","RNA libraries were prepared for sequencing using standard Illumina protocols","9606","C73-Ann-Daly_S8","Reads were cropped to 75bp using Trimmomatic","Reads were mapped to GRCh38 (ensembl release 78) using STAR (v2.4.2a)","Gene count tables were produced using HTSeq-count (v0.11.2) with -r pos -s reverse","Genome_build: GRCh38, Ensembl release 78","Supplementary_files_format_and_content: txt files with gene-level counts","GPL18573","Simon,,Cockell","simon.cockell@newcastle.ac.uk","Newcastle University","Framlington Place","Newcastle","NE2 4HH","United Kingdom","0","Illumina NextSeq 500","cDNA","transcriptomic","RNA-Seq","BioSample: https://www.ncbi.nlm.nih.gov/biosample/SAMN12426170","SRA: https://www.ncbi.nlm.nih.gov/sra?term=SRX6635685","ftp://ftp.ncbi.nlm.nih.gov/geo/samples/GSM3998nnn/GSM3998375/suppl/GSM3998375_C73-Ann-Daly_S8.counts.txt.gz","NAFLD","1","NASH_F0-F1","6","early"
"GSM3998376","Liver patient 129","GSM3998376","Public on Dec 03 2020","Aug 01 2019","Apr 28 2021","SRA","1","NAFLD_early_liver biopsy","Homo sapiens","nas score: 7","fibrosis stage: 2","group in paper: NASH_F2","disease: NAFLD","Stage: early","total RNA","Frozen tissue samples were lysed using Trizol (Sigma-Aldrich) and mRNA was extracted with the Allprep DNA/RNA Micro kit (Qiagen). Concentrations and quality were assessed using the Agilent Pico 6000 kit on the Bioanalyzer 2100.","RNA libraries were prepared for sequencing using standard Illumina protocols","9606","C76-Ann-Daly_S9","Reads were cropped to 75bp using Trimmomatic","Reads were mapped to GRCh38 (ensembl release 78) using STAR (v2.4.2a)","Gene count tables were produced using HTSeq-count (v0.11.2) with -r pos -s reverse","Genome_build: GRCh38, Ensembl release 78","Supplementary_files_format_and_content: txt files with gene-level counts","GPL18573","Simon,,Cockell","simon.cockell@newcastle.ac.uk","Newcastle University","Framlington Place","Newcastle","NE2 4HH","United Kingdom","0","Illumina NextSeq 500","cDNA","transcriptomic","RNA-Seq","BioSample: https://www.ncbi.nlm.nih.gov/biosample/SAMN12426169","SRA: https://www.ncbi.nlm.nih.gov/sra?term=SRX6635686","ftp://ftp.ncbi.nlm.nih.gov/geo/samples/GSM3998nnn/GSM3998376/suppl/GSM3998376_C76-Ann-Daly_S9.counts.txt.gz","NAFLD","2","NASH_F2","7","early"
"GSM3998377","Liver patient 130","GSM3998377","Public on Dec 03 2020","Aug 01 2019","Apr 28 2021","SRA","1","NAFLD_early_liver biopsy","Homo sapiens","nas score: 4","fibrosis stage: 1","group in paper: NAFL","disease: NAFLD","Stage: early","total RNA","Frozen tissue samples were lysed using Trizol (Sigma-Aldrich) and mRNA was extracted with the Allprep DNA/RNA Micro kit (Qiagen). Concentrations and quality were assessed using the Agilent Pico 6000 kit on the Bioanalyzer 2100.","RNA libraries were prepared for sequencing using standard Illumina protocols","9606","C81-Ann-Daly_S10","Reads were cropped to 75bp using Trimmomatic","Reads were mapped to GRCh38 (ensembl release 78) using STAR (v2.4.2a)","Gene count tables were produced using HTSeq-count (v0.11.2) with -r pos -s reverse","Genome_build: GRCh38, Ensembl release 78","Supplementary_files_format_and_content: txt files with gene-level counts","GPL18573","Simon,,Cockell","simon.cockell@newcastle.ac.uk","Newcastle University","Framlington Place","Newcastle","NE2 4HH","United Kingdom","0","Illumina NextSeq 500","cDNA","transcriptomic","RNA-Seq","BioSample: https://www.ncbi.nlm.nih.gov/biosample/SAMN12426168","SRA: https://www.ncbi.nlm.nih.gov/sra?term=SRX6635687","ftp://ftp.ncbi.nlm.nih.gov/geo/samples/GSM3998nnn/GSM3998377/suppl/GSM3998377_C81-Ann-Daly_S10.counts.txt.gz","NAFLD","1","NAFL","4","early"
"GSM3998378","Liver patient 134","GSM3998378","Public on Dec 03 2020","Aug 01 2019","Apr 28 2021","SRA","1","NAFLD_moderate_liver biopsy","Homo sapiens","nas score: 6","fibrosis stage: 3","group in paper: NASH_F3","disease: NAFLD","Stage: moderate","total RNA","Frozen tissue samples were lysed using Trizol (Sigma-Aldrich) and mRNA was extracted with the Allprep DNA/RNA Micro kit (Qiagen). Concentrations and quality were assessed using the Agilent Pico 6000 kit on the Bioanalyzer 2100.","RNA libraries were prepared for sequencing using standard Illumina protocols","9606","C82-Ann-Daly_S11","Reads were cropped to 75bp using Trimmomatic","Reads were mapped to GRCh38 (ensembl release 78) using STAR (v2.4.2a)","Gene count tables were produced using HTSeq-count (v0.11.2) with -r pos -s reverse","Genome_build: GRCh38, Ensembl release 78","Supplementary_files_format_and_content: txt files with gene-level counts","GPL18573","Simon,,Cockell","simon.cockell@newcastle.ac.uk","Newcastle University","Framlington Place","Newcastle","NE2 4HH","United Kingdom","0","Illumina NextSeq 500","cDNA","transcriptomic","RNA-Seq","BioSample: https://www.ncbi.nlm.nih.gov/biosample/SAMN12426167","SRA: https://www.ncbi.nlm.nih.gov/sra?term=SRX6635688","ftp://ftp.ncbi.nlm.nih.gov/geo/samples/GSM3998nnn/GSM3998378/suppl/GSM3998378_C82-Ann-Daly_S11.counts.txt.gz","NAFLD","3","NASH_F3","6","moderate"
"GSM3998379","Liver patient 135","GSM3998379","Public on Dec 03 2020","Aug 01 2019","Apr 28 2021","SRA","1","NAFLD_moderate_liver biopsy","Homo sapiens","nas score: 7","fibrosis stage: 3","group in paper: NASH_F3","disease: NAFLD","Stage: moderate","total RNA","Frozen tissue samples were lysed using Trizol (Sigma-Aldrich) and mRNA was extracted with the Allprep DNA/RNA Micro kit (Qiagen). Concentrations and quality were assessed using the Agilent Pico 6000 kit on the Bioanalyzer 2100.","RNA libraries were prepared for sequencing using standard Illumina protocols","9606","C90-Ann-Daly_S12","Reads were cropped to 75bp using Trimmomatic","Reads were mapped to GRCh38 (ensembl release 78) using STAR (v2.4.2a)","Gene count tables were produced using HTSeq-count (v0.11.2) with -r pos -s reverse","Genome_build: GRCh38, Ensembl release 78","Supplementary_files_format_and_content: txt files with gene-level counts","GPL18573","Simon,,Cockell","simon.cockell@newcastle.ac.uk","Newcastle University","Framlington Place","Newcastle","NE2 4HH","United Kingdom","0","Illumina NextSeq 500","cDNA","transcriptomic","RNA-Seq","BioSample: https://www.ncbi.nlm.nih.gov/biosample/SAMN12426212","SRA: https://www.ncbi.nlm.nih.gov/sra?term=SRX6635689","ftp://ftp.ncbi.nlm.nih.gov/geo/samples/GSM3998nnn/GSM3998379/suppl/GSM3998379_C90-Ann-Daly_S12.counts.txt.gz","NAFLD","3","NASH_F3","7","moderate"
"GSM3998380","Liver patient 136","GSM3998380","Public on Dec 03 2020","Aug 01 2019","Apr 28 2021","SRA","1","NAFLD_early_liver biopsy","Homo sapiens","nas score: 3","fibrosis stage: 1","group in paper: NASH_F0-F1","disease: NAFLD","Stage: early","total RNA","Frozen tissue samples were lysed using Trizol (Sigma-Aldrich) and mRNA was extracted with the Allprep DNA/RNA Micro kit (Qiagen). Concentrations and quality were assessed using the Agilent Pico 6000 kit on the Bioanalyzer 2100.","RNA libraries were prepared for sequencing using standard Illumina protocols","9606","C93-Ann-Daly_S13","Reads were cropped to 75bp using Trimmomatic","Reads were mapped to GRCh38 (ensembl release 78) using STAR (v2.4.2a)","Gene count tables were produced using HTSeq-count (v0.11.2) with -r pos -s reverse","Genome_build: GRCh38, Ensembl release 78","Supplementary_files_format_and_content: txt files with gene-level counts","GPL18573","Simon,,Cockell","simon.cockell@newcastle.ac.uk","Newcastle University","Framlington Place","Newcastle","NE2 4HH","United Kingdom","0","Illumina NextSeq 500","cDNA","transcriptomic","RNA-Seq","BioSample: https://www.ncbi.nlm.nih.gov/biosample/SAMN12426211","SRA: https://www.ncbi.nlm.nih.gov/sra?term=SRX6635690","ftp://ftp.ncbi.nlm.nih.gov/geo/samples/GSM3998nnn/GSM3998380/suppl/GSM3998380_C93-Ann-Daly_S13.counts.txt.gz","NAFLD","1","NASH_F0-F1","3","early"
"GSM3998381","Liver patient 137","GSM3998381","Public on Dec 03 2020","Aug 01 2019","Apr 28 2021","SRA","1","NAFLD_early_liver biopsy","Homo sapiens","nas score: 5","fibrosis stage: 2","group in paper: NASH_F2","disease: NAFLD","Stage: early","total RNA","Frozen tissue samples were lysed using Trizol (Sigma-Aldrich) and mRNA was extracted with the Allprep DNA/RNA Micro kit (Qiagen). Concentrations and quality were assessed using the Agilent Pico 6000 kit on the Bioanalyzer 2100.","RNA libraries were prepared for sequencing using standard Illumina protocols","9606","C94-Ann-Daly_S15","Reads were cropped to 75bp using Trimmomatic","Reads were mapped to GRCh38 (ensembl release 78) using STAR (v2.4.2a)","Gene count tables were produced using HTSeq-count (v0.11.2) with -r pos -s reverse","Genome_build: GRCh38, Ensembl release 78","Supplementary_files_format_and_content: txt files with gene-level counts","GPL18573","Simon,,Cockell","simon.cockell@newcastle.ac.uk","Newcastle University","Framlington Place","Newcastle","NE2 4HH","United Kingdom","0","Illumina NextSeq 500","cDNA","transcriptomic","RNA-Seq","BioSample: https://www.ncbi.nlm.nih.gov/biosample/SAMN12426210","SRA: https://www.ncbi.nlm.nih.gov/sra?term=SRX6635691","ftp://ftp.ncbi.nlm.nih.gov/geo/samples/GSM3998nnn/GSM3998381/suppl/GSM3998381_C94-Ann-Daly_S15.counts.txt.gz","NAFLD","2","NASH_F2","5","early"
"GSM3998382","Liver patient 138","GSM3998382","Public on Dec 03 2020","Aug 01 2019","Apr 28 2021","SRA","1","NAFLD_moderate_liver biopsy","Homo sapiens","nas score: 7","fibrosis stage: 3","group in paper: NASH_F3","disease: NAFLD","Stage: moderate","total RNA","Frozen tissue samples were lysed using Trizol (Sigma-Aldrich) and mRNA was extracted with the Allprep DNA/RNA Micro kit (Qiagen). Concentrations and quality were assessed using the Agilent Pico 6000 kit on the Bioanalyzer 2100.","RNA libraries were prepared for sequencing using standard Illumina protocols","9606","C99-Ann-Daly_S16","Reads were cropped to 75bp using Trimmomatic","Reads were mapped to GRCh38 (ensembl release 78) using STAR (v2.4.2a)","Gene count tables were produced using HTSeq-count (v0.11.2) with -r pos -s reverse","Genome_build: GRCh38, Ensembl release 78","Supplementary_files_format_and_content: txt files with gene-level counts","GPL18573","Simon,,Cockell","simon.cockell@newcastle.ac.uk","Newcastle University","Framlington Place","Newcastle","NE2 4HH","United Kingdom","0","Illumina NextSeq 500","cDNA","transcriptomic","RNA-Seq","BioSample: https://www.ncbi.nlm.nih.gov/biosample/SAMN12426209","SRA: https://www.ncbi.nlm.nih.gov/sra?term=SRX6635692","ftp://ftp.ncbi.nlm.nih.gov/geo/samples/GSM3998nnn/GSM3998382/suppl/GSM3998382_C99-Ann-Daly_S16.counts.txt.gz","NAFLD","3","NASH_F3","7","moderate"
