"ID","Description","GeneRatio","BgRatio","RichFactor","FoldEnrichment","zScore","pvalue","p.adjust","qvalue","geneID","Count","direction","collection"
"HALLMARK_TNFA_SIGNALING_VIA_NFKB","HALLMARK_TNFA_SIGNALING_VIA_NFKB","42/189","187/4033",0.224598930481283,4.79263220439691,11.7748766442864,7.65387537308123e-19,3.7503989328098e-17,2.81984882166151e-17,"ACKR3/ATF3/BCL2A1/BTG2/CCL2/CCL20/CCN1/CCND1/CD69/CDKN1A/CXCL1/CXCL6/DUSP1/DUSP2/EGR2/EGR3/FOS/FOSB/GADD45B/GEM/HBEGF/IER3/IER5/JUN/JUNB/KLF2/KLF4/LIF/MAFF/MSC/MYC/NR4A1/PLAU/RELB/SERPINE1/SGK1/SIK1/SOCS3/SPSB1/TNFAIP2/ZC3H12A/ZFP36",42,"Up in NAFLD","Hallmark"
"HALLMARK_EPITHELIAL_MESENCHYMAL_TRANSITION","HALLMARK_EPITHELIAL_MESENCHYMAL_TRANSITION","34/189","188/4033",0.180851063829787,3.8591129123044,8.90146592635743,2.2786398883118e-12,5.58266772636391e-11,4.19749453110068e-11,"CAPG/CCN1/CCN2/COL16A1/COL1A1/COL3A1/COL4A1/COL4A2/COL5A1/COL5A3/COL6A2/CXCL1/CXCL6/CXCL8/EFEMP2/FBLN2/FSTL3/GADD45B/GEM/GPC1/IL32/JUN/LOXL1/LUM/RGS4/SERPINE1/SLC6A8/SPP1/THBS1/THBS2/THY1/TIMP1/TNFRSF12A/VCAN",34,"Up in NAFLD","Hallmark"
"HALLMARK_ANGIOGENESIS","HALLMARK_ANGIOGENESIS","11/189","33/4033",0.333333333333333,7.11287477954145,7.81757304894139,1.40513548012809e-07,2.29505461754255e-06,1.7256049755959e-06,"COL3A1/CXCL6/JAG2/LPL/LUM/PDGFA/S100A4/SPP1/THBD/TIMP1/VCAN",11,"Up in NAFLD","Hallmark"
"HALLMARK_HYPOXIA","HALLMARK_HYPOXIA","24/189","185/4033",0.12972972972973,2.76825396825397,5.45899187869938,3.58021741565829e-06,4.3857663341814e-05,3.29756867231684e-05,"ACKR3/ADM/ATF3/CA12/CCN1/CCN2/CDKN1A/COL5A1/CXCR4/DDIT4/DTNA/DUSP1/FOS/GPC1/GPC3/IER3/JUN/MAFF/MIF/S100A4/SERPINE1/SLC6A6/STC2/ZFP36",24,"Up in NAFLD","Hallmark"
"HALLMARK_APOPTOSIS","HALLMARK_APOPTOSIS","20/189","155/4033",0.129032258064516,2.75337088240314,4.93554608156868,2.68498198720655e-05,0.000263128234746242,0.000197840778004693,"ATF3/BAX/BTG2/CCND1/CD69/CDKN1A/EGR3/EMP1/GADD45B/GNA15/GSN/HSPB1/IER3/IGFBP6/JUN/LGALS3/LUM/TIMP1/TNFRSF12A/TSPO",20,"Up in NAFLD","Hallmark"
"HALLMARK_INFLAMMATORY_RESPONSE","HALLMARK_INFLAMMATORY_RESPONSE","22/189","186/4033",0.118279569892473,2.52392330886955,4.71800030945113,4.16373258193864e-05,0.000340038160858322,0.000255667790119039,"ADM/BTG2/CCL2/CCL20/CCL24/CD69/CDKN1A/CXCL6/CXCL8/CXCL9/EBI3/GNA15/GPC3/HAS2/HBEGF/IRF7/LIF/MYC/RGS1/RGS16/SERPINE1/TIMP1",22,"Up in NAFLD","Hallmark"
"HALLMARK_MYOGENESIS","HALLMARK_MYOGENESIS","20/189","166/4033",0.120481927710843,2.57091859501498,4.58268612490367,7.31686521021204e-05,0.000512180564714843,0.000385098168958528,"ACHE/AEBP1/BDKRB2/CDKN1A/COL1A1/COL3A1/COL4A2/COL6A2/COX7A1/DTNA/GADD45B/GSN/HBEGF/LSP1/MAPK12/PDLIM7/PTP4A3/SLC6A8/SOD3/STC2",20,"Up in NAFLD","Hallmark"
"HALLMARK_P53_PATHWAY","HALLMARK_P53_PATHWAY","20/189","185/4033",0.108108108108108,2.30687830687831,4.03462296241396,0.000329257292280627,0.00201670091521884,0.00151631647760815,"ATF3/BAX/BTG2/CDKN1A/CTSD/DDIT4/FOS/HBEGF/IER3/IER5/JAG2/JUN/KLF4/LIF/PDGFA/PHLDA3/RGS16/S100A4/ST14/TAX1BP3",20,"Up in NAFLD","Hallmark"
"HALLMARK_KRAS_SIGNALING_UP","HALLMARK_KRAS_SIGNALING_UP","19/189","186/4033",0.102150537634409,2.17975194856915,3.65246074131761,0.000947425552978208,0.00515820578843691,0.00387835021686986,"ADAM8/ADAMDEC1/CCL20/CSF2RA/CXCR4/EMP1/GADD45G/GPNMB/HBEGF/HKDC1/ITGB2/ITGBL1/KLF4/LIF/MMP9/PLAU/PLVAP/RGS16/SPP1",19,"Up in NAFLD","Hallmark"
"HALLMARK_ALLOGRAFT_REJECTION","HALLMARK_ALLOGRAFT_REJECTION","18/189","179/4033",0.100558659217877,2.14578345304602,3.47674373457847,0.00154938902013669,0.00759200619866978,0.0057082753373457,"ACHE/CAPG/CCL19/CCL2/CD74/CD79A/CXCL9/IRF7/ITGB2/LIF/LTB/MMP9/NCF4/SRGN/TAP2/THY1/TIMP1/ZAP70",18,"Up in NAFLD","Hallmark"
"KEGG_ECM_RECEPTOR_INTERACTION","KEGG_ECM_RECEPTOR_INTERACTION","13/149","80/4258",0.1625,4.64379194630872,6.26456956090664,2.91126398184988e-06,0.000349351677821985,0.000303384351792777,"COL1A1/COL3A1/COL4A1/COL4A2/COL5A1/COL5A3/COL6A2/LAMA5/LAMC3/SPP1/THBS1/THBS2/VWF",13,"Up in NAFLD","KEGG"
"KEGG_CYTOKINE_CYTOKINE_RECEPTOR_INTERACTION","KEGG_CYTOKINE_CYTOKINE_RECEPTOR_INTERACTION","19/149","179/4258",0.106145251396648,3.03333208353643,5.29218313976531,1.10848703084756e-05,0.000665092218508537,0.000577580084494256,"CCL19/CCL2/CCL20/CCL21/CCL24/CCR6/CSF2RA/CXCL1/CXCL6/CXCL8/CXCL9/CXCR4/EDA2R/LIF/LTB/PDGFA/RELT/TNFRSF12A/TNFRSF14",19,"Up in NAFLD","KEGG"
"KEGG_FOCAL_ADHESION","KEGG_FOCAL_ADHESION","19/149","188/4258",0.101063829787234,2.88811937740968,5.04182837405104,2.25332324242046e-05,0.000901329296968185,0.000782733336840792,"CCND1/COL1A1/COL3A1/COL4A1/COL4A2/COL5A1/COL5A3/COL6A2/JUN/LAMA5/LAMC3/PDGFA/PIP5K1C/RAC2/SHC2/SPP1/THBS1/THBS2/VWF",19,"Up in NAFLD","KEGG"
"KEGG_BLADDER_CANCER","KEGG_BLADDER_CANCER","7/149","40/4258",0.175,5.0010067114094,4.84086394237241,0.00039387610754431,0.010838816776936,0.00941265667470755,"CCND1/CDKN1A/CXCL8/E2F1/MMP9/MYC/THBS1",7,"Up in NAFLD","KEGG"
"KEGG_PATHWAYS_IN_CANCER","KEGG_PATHWAYS_IN_CANCER","22/149","293/4258",0.0750853242320819,2.14572691664567,3.86963693031741,0.000451617365705665,0.010838816776936,0.00941265667470755,"BAX/CCND1/CDKN1A/COL4A1/COL4A2/CSF2RA/CXCL8/DVL1/E2F1/FGF21/FGF23/FOS/GLI2/GSTP1/JUN/LAMA5/LAMC3/MMP9/MYC/PDGFA/RAC2/WNT11",22,"Up in NAFLD","KEGG"
"KEGG_MAPK_SIGNALING_PATHWAY","KEGG_MAPK_SIGNALING_PATHWAY","18/149","230/4258",0.0782608695652174,2.23647505106507,3.6709750563312,0.000958731202163196,0.0191746240432639,0.016651647195466,"DUSP1/DUSP2/DUSP8/FGF21/FGF23/FOS/GADD45B/GADD45G/HSPA2/HSPB1/JUN/MAP2K7/MAPK12/MYC/NR4A1/PDGFA/RAC2/RELB",18,"Up in NAFLD","KEGG"
"KEGG_P53_SIGNALING_PATHWAY","KEGG_P53_SIGNALING_PATHWAY","8/149","63/4258",0.126984126984127,3.6288484073719,4.00264177778348,0.00140879730401398,0.0234478056852423,0.0203625680950788,"BAX/BBC3/CCND1/CDKN1A/GADD45B/GADD45G/SERPINE1/THBS1",8,"Up in NAFLD","KEGG"
"KEGG_LEISHMANIA_INFECTION","KEGG_LEISHMANIA_INFECTION","8/149","64/4258",0.125,3.57214765100671,3.94774014183255,0.00156318704568282,0.0234478056852423,0.0203625680950788,"CYBA/FCGR1A/FOS/HLA-DRB5/ITGB2/JUN/MAPK12/NCF4",8,"Up in NAFLD","KEGG"
"KEGG_CHEMOKINE_SIGNALING_PATHWAY","KEGG_CHEMOKINE_SIGNALING_PATHWAY","13/149","152/4258",0.0855263157894737,2.44410102437301,3.45212717180702,0.00229019880084379,0.0298356670947039,0.0259099214243481,"CCL19/CCL2/CCL20/CCL21/CCL24/CCR6/CXCL1/CXCL6/CXCL8/CXCL9/CXCR4/RAC2/SHC2",13,"Up in NAFLD","KEGG"
"KEGG_COMPLEMENT_AND_COAGULATION_CASCADES","KEGG_COMPLEMENT_AND_COAGULATION_CASCADES","8/149","69/4258",0.115942028985507,3.31329637194825,3.6887356293005,0.00254788659042258,0.0298356670947039,0.0259099214243481,"BDKRB2/C1QA/C1QB/C1QC/PLAU/SERPINE1/THBD/VWF",8,"Up in NAFLD","KEGG"
"KEGG_LEUKOCYTE_TRANSENDOTHELIAL_MIGRATION","KEGG_LEUKOCYTE_TRANSENDOTHELIAL_MIGRATION","10/149","102/4258",0.0980392156862745,2.80168443216213,3.50685598373623,0.00273493615034786,0.0298356670947039,0.0259099214243481,"CLDN3/CLDN5/CXCR4/CYBA/ITGB2/MAPK12/MMP9/NCF4/RAC2/THY1",10,"Up in NAFLD","KEGG"
"KEGG_RETINOL_METABOLISM","KEGG_RETINOL_METABOLISM","2/3","57/4258",0.0350877192982456,49.8011695906433,9.84813487704484,0.000523741572055552,0.00264334637532644,0.000231872489063723,"CYP2C19/UGT2B17",2,"Down in NAFLD","KEGG"
"KEGG_METABOLISM_OF_XENOBIOTICS_BY_CYTOCHROME_P450","KEGG_METABOLISM_OF_XENOBIOTICS_BY_CYTOCHROME_P450","2/3","61/4258",0.0327868852459016,46.5355191256831,9.51061048691904,0.000600151207647616,0.00264334637532644,0.000231872489063723,"CYP2C19/UGT2B17",2,"Down in NAFLD","KEGG"
"KEGG_DRUG_METABOLISM_CYTOCHROME_P450","KEGG_DRUG_METABOLISM_CYTOCHROME_P450","2/3","64/4258",0.03125,44.3541666666667,9.27831872193387,0.000660836593831611,0.00264334637532644,0.000231872489063723,"CYP2C19/UGT2B17",2,"Down in NAFLD","KEGG"
"KEGG_ASCORBATE_AND_ALDARATE_METABOLISM","KEGG_ASCORBATE_AND_ALDARATE_METABOLISM","1/3","22/4258",0.0454545454545455,64.5151515151515,7.93000339713818,0.0154238911696974,0.0336362911873449,0.00295055185853903,"UGT2B17",1,"Down in NAFLD","KEGG"
"KEGG_PENTOSE_AND_GLUCURONATE_INTERCONVERSIONS","KEGG_PENTOSE_AND_GLUCURONATE_INTERCONVERSIONS","1/3","23/4258",0.0434782608695652,61.7101449275362,7.75106092477592,0.0161211830314751,0.0336362911873449,0.00295055185853903,"UGT2B17",1,"Down in NAFLD","KEGG"
"KEGG_LINOLEIC_ACID_METABOLISM","KEGG_LINOLEIC_ACID_METABOLISM","1/3","24/4258",0.0416666666666667,59.1388888888889,7.58332365194052,0.0168181455936725,0.0336362911873449,0.00295055185853903,"CYP2C19",1,"Down in NAFLD","KEGG"
"KEGG_PORPHYRIN_AND_CHLOROPHYLL_METABOLISM","KEGG_PORPHYRIN_AND_CHLOROPHYLL_METABOLISM","1/3","37/4258",0.027027027027027,38.3603603603604,6.0599203056342,0.0258487280280589,0.0364872648298795,0.0032006372657789,"UGT2B17",1,"Down in NAFLD","KEGG"
"KEGG_STARCH_AND_SUCROSE_METABOLISM","KEGG_STARCH_AND_SUCROSE_METABOLISM","1/3","44/4258",0.0227272727272727,32.2575757575758,5.53346331768454,0.0306883636992904,0.0364872648298795,0.0032006372657789,"UGT2B17",1,"Down in NAFLD","KEGG"
"KEGG_ARACHIDONIC_ACID_METABOLISM","KEGG_ARACHIDONIC_ACID_METABOLISM","1/3","47/4258",0.0212765957446809,30.1985815602837,5.34417575997399,0.0327575767226085,0.0364872648298795,0.0032006372657789,"CYP2C19",1,"Down in NAFLD","KEGG"
"KEGG_DRUG_METABOLISM_OTHER_ENZYMES","KEGG_DRUG_METABOLISM_OTHER_ENZYMES","1/3","48/4258",0.0208333333333333,29.5694444444444,5.28498837393675,0.0334466594273896,0.0364872648298795,0.0032006372657789,"UGT2B17",1,"Down in NAFLD","KEGG"
"KEGG_STEROID_HORMONE_BIOSYNTHESIS","KEGG_STEROID_HORMONE_BIOSYNTHESIS","1/3","48/4258",0.0208333333333333,29.5694444444444,5.28498837393675,0.0334466594273896,0.0364872648298795,0.0032006372657789,"UGT2B17",1,"Down in NAFLD","KEGG"
"GOBP_CELL_CHEMOTAXIS","GOBP_CELL_CHEMOTAXIS","42/431","255/13489",0.164705882352941,5.15479732496247,12.168819520059,1.06276311895709e-18,3.12583705670153e-15,2.57764256623307e-15,"ACKR3/ADAM8/ARHGEF16/CCL19/CCL2/CCL20/CCL21/CCL24/CCR6/CD74/CH25H/CORO1A/CORO1B/CTSG/CXCL1/CXCL6/CXCL8/CXCL9/CXCR4/DEFA1/DUSP1/EGR3/GSTP1/HBEGF/HSPB1/ITGB2/LGALS3/LGALS9/MDK/MIF/NBL1/NR4A1/PIP5K1C/PLA2G7/RAC2/S100A12/S100A8/S100A9/SERPINE1/THBS1/TREM1/TRPM2",42,"Up in NAFLD","GO_BP"
"GOBP_TAXIS","GOBP_TAXIS","51/431","381/13489",0.133858267716535,4.18936003069222,11.4728654508251,1.88076838550032e-18,3.12583705670153e-15,2.57764256623307e-15,"ACKR3/ADAM8/ARHGEF16/CCL19/CCL2/CCL20/CCL21/CCL24/CCN1/CCR6/CD74/CH25H/CMTM1/CORO1A/CORO1B/CTSG/CXCL1/CXCL6/CXCL8/CXCL9/CXCR4/DEFA1/DUSP1/EGR3/GPNMB/GSTP1/HBEGF/HSPB1/ITGB2/LGALS3/LGALS9/LSP1/MDK/MIF/NBL1/NR4A1/PDGFA/PIP5K1C/PLA2G7/PLAU/RAC2/S100A12/S100A4/S100A8/S100A9/SEMA3G/SERPINE1/THBS1/TREM1/TREM2/TRPM2",51,"Up in NAFLD","GO_BP"
"GOBP_LEUKOCYTE_CHEMOTAXIS","GOBP_LEUKOCYTE_CHEMOTAXIS","32/431","189/13489",0.169312169312169,5.29896021311334,10.8129100180007,7.40248986220013e-15,8.20195876731775e-12,6.76353810567338e-12,"ADAM8/CCL19/CCL2/CCL21/CCL24/CCR6/CD74/CH25H/CORO1A/CTSG/CXCL6/CXCL8/CXCL9/CXCR4/DEFA1/DUSP1/ITGB2/LGALS3/LGALS9/MDK/MIF/NBL1/PIP5K1C/PLA2G7/RAC2/S100A12/S100A8/S100A9/SERPINE1/THBS1/TREM1/TRPM2",32,"Up in NAFLD","GO_BP"
"GOBP_LEUKOCYTE_MIGRATION","GOBP_LEUKOCYTE_MIGRATION","41/431","327/13489",0.125382262996942,3.92408664864443,9.72472328667924,4.98322648794909e-14,4.1410612114857e-11,3.4148215196367e-11,"ADAM8/CCL19/CCL2/CCL20/CCL21/CCL24/CCR6/CD69/CD74/CH25H/CORO1A/CTSG/CXCL6/CXCL8/CXCL9/CXCR4/DEFA1/DUSP1/EMILIN1/ITGB2/LGALS3/LGALS9/MDK/MIF/NBL1/PIP5K1C/PLA2G7/PLVAP/PYCARD/RAC2/S100A12/S100A8/S100A9/SERPINE1/THBS1/THY1/TNFRSF14/TREM1/TREM2/TRPM2/ZAP70",41,"Up in NAFLD","GO_BP"
"GOBP_EXTERNAL_ENCAPSULATING_STRUCTURE_ORGANIZATION","GOBP_EXTERNAL_ENCAPSULATING_STRUCTURE_ORGANIZATION","35/431","288/13489",0.121527777777778,3.8034528873421,8.7369564715737,9.56330751768819e-12,6.35768683775911e-09,5.24270584759159e-09,"ADAM8/ADAMTS1/ADAMTS15/ADAMTSL2/AEBP1/CAPG/CCN1/COL16A1/COL1A1/COL3A1/COL4A1/COL4A2/COL5A1/COL5A3/COL9A2/CTSG/EFEMP2/ELF3/EMILIN1/FSCN1/GSN/HAS2/KLK4/LOXL1/LTBP4/LUM/MMP19/MMP7/MMP9/RGCC/SPINT1/SPOCK2/TPSAB1/VWA1/ZNF469",35,"Up in NAFLD","GO_BP"
"GOBP_ANTIMICROBIAL_HUMORAL_RESPONSE","GOBP_ANTIMICROBIAL_HUMORAL_RESPONSE","19/431","85/13489",0.223529411764706,6.99579636959192,10.0742612666758,1.58492326831153e-11,8.78047490644588e-09,7.24059682576005e-09,"ADM/CCL19/CCL2/CCL20/CCL21/CCL24/CTSG/CXCL1/CXCL6/CXCL8/CXCL9/DEFA1/LGALS3/LYZ/MMP7/ROMO1/S100A12/S100A9/WFDC2",19,"Up in NAFLD","GO_BP"
"GOBP_MONONUCLEAR_CELL_MIGRATION","GOBP_MONONUCLEAR_CELL_MIGRATION","28/431","196/13489",0.142857142857143,4.47099767981438,8.89293131957315,2.64398700346856e-11,1.2555161142185e-08,1.035329647674e-08,"ADAM8/CCL19/CCL2/CCL20/CCL21/CCR6/CD69/CH25H/CORO1A/CTSG/CXCR4/DEFA1/DUSP1/EMILIN1/LGALS3/LGALS9/MDK/MIF/NBL1/PLA2G7/PYCARD/S100A12/SERPINE1/THBS1/TNFRSF14/TREM2/TRPM2/ZAP70",28,"Up in NAFLD","GO_BP"
"GOBP_HUMORAL_IMMUNE_RESPONSE","GOBP_HUMORAL_IMMUNE_RESPONSE","27/431","184/13489",0.146739130434783,4.59249218198325,8.91397445819289,3.20955869137459e-11,1.33357163626614e-08,1.09969616214993e-08,"ADM/C1QA/C1QB/C1QC/CCL19/CCL2/CCL20/CCL21/CCL24/CCR6/CTSG/CXCL1/CXCL6/CXCL8/CXCL9/DEFA1/EBI3/FCN1/LGALS3/LYZ/MMP7/ROMO1/S100A12/S100A9/TREM1/TREM2/WFDC2",27,"Up in NAFLD","GO_BP"
"GOBP_MYELOID_LEUKOCYTE_MIGRATION","GOBP_MYELOID_LEUKOCYTE_MIGRATION","27/431","185/13489",0.145945945945946,4.56766789991848,8.87673486860571,3.64882724173314e-11,1.34763352794677e-08,1.11129194590329e-08,"ADAM8/CCL19/CCL2/CCL21/CCL24/CD74/CTSG/CXCL6/CXCL8/CXCL9/DUSP1/EMILIN1/ITGB2/LGALS3/MDK/MIF/NBL1/PIP5K1C/PLA2G7/RAC2/S100A12/S100A8/S100A9/SERPINE1/THBS1/TREM1/TREM2",27,"Up in NAFLD","GO_BP"
"GOBP_ANTIMICROBIAL_HUMORAL_IMMUNE_RESPONSE_MEDIATED_BY_ANTIMICROBIAL_PEPTIDE","GOBP_ANTIMICROBIAL_HUMORAL_IMMUNE_RESPONSE_MEDIATED_BY_ANTIMICROBIAL_PEPTIDE","16/431","62/13489",0.258064516129032,8.07664096998728,10.1462975510064,6.35245847714119e-11,2.11155719780173e-08,1.74124230257638e-08,"ADM/CCL19/CCL2/CCL20/CCL21/CCL24/CXCL1/CXCL6/CXCL8/CXCL9/DEFA1/LGALS3/MMP7/ROMO1/S100A12/S100A9",16,"Up in NAFLD","GO_BP"
"GOBP_REGULATION_OF_LEUKOCYTE_MIGRATION","GOBP_REGULATION_OF_LEUKOCYTE_MIGRATION","27/431","199/13489",0.135678391959799,4.24632442957246,8.38166018299993,2.00524008645735e-10,5.83008199462774e-08,4.80762984166529e-08,"ADAM8/CCL19/CCL2/CCL20/CCL21/CCL24/CCR6/CD69/CD74/CORO1A/CXCL8/DUSP1/EMILIN1/LGALS3/LGALS9/MDK/MIF/NBL1/PLA2G7/PLVAP/PYCARD/RAC2/SERPINE1/THBS1/THY1/TNFRSF14/TREM2",27,"Up in NAFLD","GO_BP"
"GOBP_POSITIVE_REGULATION_OF_LEUKOCYTE_MIGRATION","GOBP_POSITIVE_REGULATION_OF_LEUKOCYTE_MIGRATION","22/431","133/13489",0.165413533834586,5.17694468189034,8.79468766531528,2.10472274174287e-10,5.83008199462774e-08,4.80762984166529e-08,"ADAM8/CCL19/CCL2/CCL20/CCL21/CCL24/CCR6/CD74/CORO1A/CXCL8/LGALS3/LGALS9/MDK/PLA2G7/PLVAP/PYCARD/RAC2/SERPINE1/THBS1/THY1/TNFRSF14/TREM2",22,"Up in NAFLD","GO_BP"
"GOBP_DEFENSE_RESPONSE_TO_BACTERIUM","GOBP_DEFENSE_RESPONSE_TO_BACTERIUM","28/431","222/13489",0.126126126126126,3.9473673209172,8.04448911158787,5.14901783868322e-10,1.31656425352177e-07,1.08567145359766e-07,"ADM/AQP1/CARD9/CCL20/CTSG/CXCL6/CYBA/DEFA1/EMILIN1/FCGR1A/ISG15/LCN2/LYZ/MMP7/MPO/NLRP6/PYCARD/RNASE1/RNASE10/ROMO1/S100A12/S100A8/S100A9/SERPINE1/TNFRSF14/TREM1/TREM2/WFDC2",28,"Up in NAFLD","GO_BP"
"GOBP_GRANULOCYTE_CHEMOTAXIS","GOBP_GRANULOCYTE_CHEMOTAXIS","18/431","92/13489",0.195652173913043,6.12332290931101,8.95810081536309,5.64761619486304e-10,1.3409054451232e-07,1.10574380236266e-07,"CCL19/CCL2/CCL21/CCL24/CD74/CXCL6/CXCL8/CXCL9/ITGB2/LGALS3/MDK/PIP5K1C/RAC2/S100A12/S100A8/S100A9/THBS1/TREM1",18,"Up in NAFLD","GO_BP"
"GOBP_GRANULOCYTE_MIGRATION","GOBP_GRANULOCYTE_MIGRATION","19/431","111/13489",0.171171171171171,5.35714136410192,8.37416715853498,2.01815086163186e-09,4.4722223093762e-07,3.68790515346622e-07,"ADAM8/CCL19/CCL2/CCL21/CCL24/CD74/CXCL6/CXCL8/CXCL9/ITGB2/LGALS3/MDK/PIP5K1C/RAC2/S100A12/S100A8/S100A9/THBS1/TREM1",19,"Up in NAFLD","GO_BP"
"GOBP_NEUTROPHIL_CHEMOTAXIS","GOBP_NEUTROPHIL_CHEMOTAXIS","15/431","69/13489",0.217391304347826,6.80369212145667,8.78065138056957,3.38461407406725e-09,7.03153573887471e-07,5.79837832162574e-07,"CCL19/CCL21/CD74/CXCL6/CXCL8/CXCL9/ITGB2/LGALS3/MDK/PIP5K1C/RAC2/S100A12/S100A8/S100A9/TREM1",15,"Up in NAFLD","GO_BP"
"GOBP_REGULATION_OF_MONONUCLEAR_CELL_MIGRATION","GOBP_REGULATION_OF_MONONUCLEAR_CELL_MIGRATION","20/431","128/13489",0.15625,4.89015371229698,8.03389860839958,3.95049124798018e-09,7.72437229899184e-07,6.36970848900334e-07,"ADAM8/CCL2/CCL20/CCL21/CCR6/CD69/CORO1A/DUSP1/EMILIN1/LGALS3/LGALS9/MDK/MIF/NBL1/PLA2G7/PYCARD/SERPINE1/THBS1/TNFRSF14/TREM2",20,"Up in NAFLD","GO_BP"
"GOBP_NEUTROPHIL_MIGRATION","GOBP_NEUTROPHIL_MIGRATION","16/431","86/13489",0.186046511627907,5.82269465278153,8.15102197526301,1.11087777241136e-08,2.05142095305297e-06,1.6916524674615e-06,"ADAM8/CCL19/CCL21/CD74/CXCL6/CXCL8/CXCL9/ITGB2/LGALS3/MDK/PIP5K1C/RAC2/S100A12/S100A8/S100A9/TREM1",16,"Up in NAFLD","GO_BP"
"GOBP_RESPONSE_TO_TUMOR_NECROSIS_FACTOR","GOBP_RESPONSE_TO_TUMOR_NECROSIS_FACTOR","25/431","210/13489",0.119047619047619,3.72583139984532,7.23269303609811,1.45964980553551e-08,2.49581430524126e-06,2.05811021940852e-06,"ANKRD1/CCL2/CHI3L1/COL1A1/CXCL8/CYBA/EDA2R/FABP4/FOS/GSTP1/HAS2/HYAL2/KLF2/LCN2/MAP2K7/PLVAP/PYCARD/SPPL2B/THBS1/TMC8/TNFRSF14/UBD/ULK1/ZC3H12A/ZFP36",25,"Up in NAFLD","GO_BP"
"GOBP_ERK1_AND_ERK2_CASCADE","GOBP_ERK1_AND_ERK2_CASCADE","29/431","274/13489",0.105839416058394,3.31245448540993,7.02568983252898,1.50169332445322e-08,2.49581430524126e-06,2.05811021940852e-06,"ACKR3/ATF3/CARD9/CCL19/CCL21/CCN1/CCN2/CD74/CHI3L1/DUSP1/EMILIN1/FGF21/FGF23/GPNMB/GSTP1/IQGAP3/JUN/KLF4/LGALS9/LIF/MAP2K7/MIF/MYC/NLRP6/NOX4/PDGFA/PYCARD/TBC1D10C/TREM2",29,"Up in NAFLD","GO_BP"
"GOBP_DISRUPTION_OF_ANATOMICAL_STRUCTURE_IN_ANOTHER_ORGANISM","GOBP_DISRUPTION_OF_ANATOMICAL_STRUCTURE_IN_ANOTHER_ORGANISM","15/431","79/13489",0.189873417721519,5.94246527063937,8.0041803324122,2.40233025732339e-08,3.80254560730617e-06,3.13567317798001e-06,"CCL19/CCL20/CCL21/CTSG/CXCL1/CXCL6/CXCL8/CXCL9/DEFA1/LGALS3/LYZ/NLRP6/ROMO1/S100A12/TREM1",15,"Up in NAFLD","GO_BP"
"GOBP_INTRINSIC_APOPTOTIC_SIGNALING_PATHWAY_IN_RESPONSE_TO_DNA_DAMAGE","GOBP_INTRINSIC_APOPTOTIC_SIGNALING_PATHWAY_IN_RESPONSE_TO_DNA_DAMAGE","17/431","107/13489",0.158878504672897,4.97241798035432,7.49480601438279,4.55121350515896e-08,6.8764698596129e-06,5.67050716145164e-06,"ACKR3/BAX/BBC3/BCL2A1/CD74/CDKN1A/CRIP1/DDIT4/E2F1/HIC1/IER3/MIF/MUC1/MYC/PHLDA3/PYCARD/SNAI1",17,"Up in NAFLD","GO_BP"
"GOBP_DEFENSE_RESPONSE_TO_GRAM_NEGATIVE_BACTERIUM","GOBP_DEFENSE_RESPONSE_TO_GRAM_NEGATIVE_BACTERIUM","13/431","61/13489",0.213114754098361,6.66984899775589,8.0631516037989,4.90941363968387e-08,7.09516997317791e-06,5.85085268546307e-06,"ADM/AQP1/CTSG/CXCL6/DEFA1/LYZ/MMP7/PYCARD/ROMO1/SERPINE1/TNFRSF14/TREM1/TREM2",13,"Up in NAFLD","GO_BP"
"GOBP_POSITIVE_REGULATION_OF_MONONUCLEAR_CELL_MIGRATION","GOBP_POSITIVE_REGULATION_OF_MONONUCLEAR_CELL_MIGRATION","15/431","84/13489",0.178571428571429,5.58874709976798,7.66433428426281,5.70126418813675e-08,7.8962509005694e-06,6.5114438359246e-06,"ADAM8/CCL2/CCL20/CCL21/CCR6/CORO1A/LGALS3/LGALS9/MDK/PLA2G7/PYCARD/SERPINE1/THBS1/TNFRSF14/TREM2",15,"Up in NAFLD","GO_BP"
"GOBP_POSITIVE_REGULATION_OF_PROGRAMMED_CELL_DEATH","GOBP_POSITIVE_REGULATION_OF_PROGRAMMED_CELL_DEATH","39/431","486/13489",0.0802469135802469,2.51148635100685,6.16559032828322,1.14634467733265e-07,1.52417988298149e-05,1.25687643779967e-05,"ADAM8/ANKRD1/ATF3/BAX/BBC3/BCL2A1/CCL2/CCN1/CD248/CDKN1A/CTSD/DUSP1/E2F1/EMILIN1/GADD45B/GADD45G/GSN/HYAL2/ID3/JUN/LCN2/LGALS9/LTB/MMP9/MYC/NR4A1/PHLDA3/PYCARD/RGCC/S100A8/S100A9/SIK1/THBS1/TMC8/TNFRSF12A/TSPO/UBD/WNT11/ZC3H12A",39,"Up in NAFLD","GO_BP"
"GOBP_REACTIVE_OXYGEN_SPECIES_METABOLIC_PROCESS","GOBP_REACTIVE_OXYGEN_SPECIES_METABOLIC_PROCESS","23/431","206/13489",0.111650485436893,3.4943234293695,6.55408955897717,1.82212966698005e-07,2.32952269732372e-05,1.92098204567451e-05,"CCN1/CCN2/CDKN1A/CYBA/DDIT4/GSTP1/HBA1/HBA2/HBB/IER3/ITGB2/LCN2/MPO/NCF4/NOX4/NOXA1/RAC2/ROMO1/SOD3/THBS1/TSPO/TYROBP/ZC3H12A",23,"Up in NAFLD","GO_BP"
"GOBP_RESPONSE_TO_CHEMOKINE","GOBP_RESPONSE_TO_CHEMOKINE","13/431","68/13489",0.191176470588235,5.98324689504572,7.48425376667829,1.91344585884663e-07,2.35566445733563e-05,1.94253918769459e-05,"ACKR1/ACKR3/CCL19/CCL2/CCL21/CCL24/CCR6/CXCL6/CXCL9/CXCR4/DUSP1/TREM2/ZC3H12A",13,"Up in NAFLD","GO_BP"
"GOBP_EOSINOPHIL_MIGRATION","GOBP_EOSINOPHIL_MIGRATION","6/431","11/13489",0.545454545454545,17.0710820502004,9.68730149839578,4.1449258700022e-07,4.92061913995975e-05,4.05766427273899e-05,"ADAM8/CCL19/CCL2/CCL21/CCL24/LGALS3",6,"Up in NAFLD","GO_BP"
"GOBP_MYELOID_LEUKOCYTE_ACTIVATION","GOBP_MYELOID_LEUKOCYTE_ACTIVATION","23/431","217/13489",0.105990783410138,3.31719182695906,6.25169453905645,4.66068835108565e-07,5.34211313069266e-05,4.40523864472851e-05,"C1QA/CD74/CTSG/CXCL6/CXCL8/HYAL2/ITGB2/JUN/LGALS9/MIF/MT1G/NR4A1/PTGDS/PYCARD/RAC2/RELB/S100A12/THBS1/TREM2/TSPAN32/TYROBP/UBD/ZC3H12A",23,"Up in NAFLD","GO_BP"
"GOBP_RESPONSE_TO_MOLECULE_OF_BACTERIAL_ORIGIN","GOBP_RESPONSE_TO_MOLECULE_OF_BACTERIAL_ORIGIN","28/431","305/13489",0.0918032786885246,2.87316572211023,6.01141355012452,5.33831033153902e-07,5.91484784734524e-05,4.87752986081671e-05,"ANKRD1/CARD9/CCL2/CTSG/CXCL6/CXCL8/CXCL9/DEFA1/E2F1/FOS/GSTP1/LCN2/LGALS9/LOXL1/MAP2K7/MIF/MMP9/MPO/NR4A1/PYCARD/S100A8/SERPINE1/TAP2/THBD/TREM2/TSPO/ZC3H12A/ZFP36",28,"Up in NAFLD","GO_BP"
"GOBP_POSITIVE_REGULATION_OF_FIBROBLAST_PROLIFERATION","GOBP_POSITIVE_REGULATION_OF_FIBROBLAST_PROLIFERATION","11/431","52/13489",0.211538461538462,6.62051579510976,7.37735644631992,5.78034511170352e-07,6.19802166171048e-05,5.11104199350627e-05,"AQP1/CD248/CD74/CDKN1A/E2F1/JUN/LIF/MIF/MYC/PDGFA/S100A6",11,"Up in NAFLD","GO_BP"
"GOBP_INTEGRIN_MEDIATED_SIGNALING_PATHWAY","GOBP_INTEGRIN_MEDIATED_SIGNALING_PATHWAY","16/431","115/13489",0.139130434782609,4.35436295773227,6.56299987272154,7.3613328028636e-07,7.64658444897457e-05,6.30556270350553e-05,"ADAMTS1/CCN1/CCN2/COL16A1/COL3A1/FERMT3/ISG15/ITGB2/ITGBL1/LAMA5/PLAU/SERPINE1/THY1/TIMP1/TSPAN32/TYROBP",16,"Up in NAFLD","GO_BP"
"GOBP_REGULATION_OF_CHEMOTAXIS","GOBP_REGULATION_OF_CHEMOTAXIS","20/431","175/13489",0.114285714285714,3.57679814385151,6.23331721203533,7.98419696263947e-07,8.04226384964048e-05,6.63184972590532e-05,"CCL19/CCL2/CCL21/CCR6/CD74/CORO1B/CXCL8/CXCR4/DUSP1/GSTP1/HSPB1/LGALS9/MDK/MIF/NBL1/PLA2G7/RAC2/SERPINE1/THBS1/TREM2",20,"Up in NAFLD","GO_BP"
"GOBP_T_CELL_MIGRATION","GOBP_T_CELL_MIGRATION","12/431","67/13489",0.17910447761194,5.60542992693147,6.865513800374,1.1849149564368e-06,0.000115842862211644,9.55268899864215e-05,"ADAM8/CCL2/CCL20/CCL21/CCR6/CD69/CORO1A/DEFA1/LGALS9/PYCARD/TNFRSF14/ZAP70",12,"Up in NAFLD","GO_BP"
"GOBP_EXTRACELLULAR_MATRIX_DISASSEMBLY","GOBP_EXTRACELLULAR_MATRIX_DISASSEMBLY","11/431","56/13489",0.196428571428571,6.14762180974478,7.0127477896026,1.26994618283986e-06,0.000120608603193134,9.94568378981954e-05,"ADAM8/ADAMTS15/CAPG/CTSG/FSCN1/GSN/KLK4/MMP19/MMP7/MMP9/TPSAB1",11,"Up in NAFLD","GO_BP"
"GOBP_REGULATION_OF_LEUKOCYTE_CHEMOTAXIS","GOBP_REGULATION_OF_LEUKOCYTE_CHEMOTAXIS","15/431","106/13489",0.141509433962264,4.42881845641991,6.43864924108519,1.31233421922579e-06,0.000121172192908514,9.99215879199986e-05,"CCL19/CCL2/CCL21/CCR6/CD74/CXCL8/DUSP1/LGALS9/MDK/MIF/NBL1/PLA2G7/RAC2/SERPINE1/THBS1",15,"Up in NAFLD","GO_BP"
"GOBP_CELL_KILLING","GOBP_CELL_KILLING","21/431","198/13489",0.106060606060606,3.31937706531674,5.97309202959169,1.45888765345317e-06,0.00013106331243455,0.000108078049775023,"CCL19/CCL20/CCL21/CORO1A/CTSG/CXCL1/CXCL6/CXCL8/CXCL9/DEFA1/FCGR1A/HCST/LGALS3/LGALS9/LYZ/NLRP6/ROMO1/S100A12/TAP2/TREM1/TYROBP",21,"Up in NAFLD","GO_BP"
"GOBP_LEUKOCYTE_CELL_CELL_ADHESION","GOBP_LEUKOCYTE_CELL_CELL_ADHESION","31/431","378/13489",0.082010582010582,2.56668385322678,5.61285005369352,1.52188219305963e-06,0.000133124642361322,0.000109777873427349,"ADAM8/CCL19/CCL2/CCL21/CD69/CD74/CORO1A/CTSG/EBI3/EGR3/FERMT3/GLI2/GPNMB/HAS2/HLA-DQB2/HLA-DRB5/ICOS/ITGB2/KLF4/LGALS3/LGALS9/MDK/PYCARD/RAC2/S100A8/S100A9/THY1/TNFRSF14/TSPAN32/ZAP70/ZC3H12A",31,"Up in NAFLD","GO_BP"
"GOBP_INTRINSIC_APOPTOTIC_SIGNALING_PATHWAY_BY_P53_CLASS_MEDIATOR","GOBP_INTRINSIC_APOPTOTIC_SIGNALING_PATHWAY_BY_P53_CLASS_MEDIATOR","13/431","82/13489",0.158536585365854,4.96171693735499,6.53730346008331,1.81215607770741e-06,0.000154451456469216,0.000127364491939274,"BAX/BBC3/BDKRB2/CD74/CDKN1A/DDIT4/E2F1/EDA2R/MIF/MUC1/MYC/PHLDA3/PYCARD",13,"Up in NAFLD","GO_BP"
"GOBP_MYELOID_LEUKOCYTE_DIFFERENTIATION","GOBP_MYELOID_LEUKOCYTE_DIFFERENTIATION","22/431","221/13489",0.0995475113122172,3.11553684475754,5.76087007289835,2.38491179958523e-06,0.000194480609153783,0.000160373521513855,"BBLN/C1QC/CCL19/CD74/FASN/FOS/FSTL3/GPC3/IRF7/JUN/JUNB/LGALS9/LIF/MMP9/MT1G/MYC/RELB/TCIRG1/TESC/TREM2/TYROBP/UBD",22,"Up in NAFLD","GO_BP"
"GOBP_REGULATION_OF_FIBROBLAST_PROLIFERATION","GOBP_REGULATION_OF_FIBROBLAST_PROLIFERATION","13/431","84/13489",0.154761904761905,4.84358081979892,6.41972364373912,2.39882821158397e-06,0.000194480609153783,0.000160373521513855,"AQP1/BAX/CD248/CD74/CDKN1A/E2F1/GSTP1/JUN/LIF/MIF/MYC/PDGFA/S100A6",13,"Up in NAFLD","GO_BP"
"GOBP_TUMOR_NECROSIS_FACTOR_SUPERFAMILY_CYTOKINE_PRODUCTION","GOBP_TUMOR_NECROSIS_FACTOR_SUPERFAMILY_CYTOKINE_PRODUCTION","18/431","159/13489",0.113207547169811,3.54305476513593,5.86021138622276,3.2558092905483e-06,0.000257674049566251,0.000212484395804205,"ADAM8/CARD9/CCL19/CYBA/FCGR1A/GPNMB/GSTP1/HSPB1/LGALS9/LPL/MIF/PYCARD/THBS1/TREM2/TSPO/TYROBP/ZC3H12A/ZFP36",18,"Up in NAFLD","GO_BP"
"GOBP_POSITIVE_REGULATION_OF_MAPK_CASCADE","GOBP_POSITIVE_REGULATION_OF_MAPK_CASCADE","31/431","393/13489",0.0788804071246819,2.46871882066087,5.36833591975553,3.43163993070003e-06,0.000265273747201091,0.000218751294480854,"ACKR3/ADAM8/ADRA2A/ADRB1/C1QTNF1/CARD9/CCL19/CCL21/CCN2/CD74/CHI3L1/EDA2R/FGF21/FGF23/GADD45B/GADD45G/GPNMB/IGFBP6/IQGAP3/JUN/LGALS9/LIF/MAP2K7/MIF/NOX4/PDGFA/PYCARD/S100A12/THBS1/TREM2/ZC3H12A",31,"Up in NAFLD","GO_BP"
"GOBP_REGULATION_OF_CELL_CELL_ADHESION","GOBP_REGULATION_OF_CELL_CELL_ADHESION","34/431","460/13489",0.0739130434782609,2.31325532129527,5.20650901402225,4.82719795046902e-06,0.000364672863349069,0.000300718264665582,"ADAM8/C1QTNF1/CCL19/CCL2/CCL21/CD69/CD74/CORO1A/CTSG/EBI3/EGR3/EMILIN1/EPCAM/FERMT3/FSTL3/GLI2/GPNMB/HAS2/HLA-DQB2/HLA-DRB5/ICOS/ITGB2/KLF4/LGALS3/LGALS9/MDK/PYCARD/RGCC/RNASE10/THY1/TNFRSF14/TSPAN32/ZAP70/ZC3H12A",34,"Up in NAFLD","GO_BP"
"GOBP_INTRINSIC_APOPTOTIC_SIGNALING_PATHWAY","GOBP_INTRINSIC_APOPTOTIC_SIGNALING_PATHWAY","26/431","305/13489",0.0852459016393443,2.66793959910235,5.35279638554219,5.38547599596205e-06,0.000390023548107156,0.000321623066461155,"ACKR3/BAX/BBC3/BCL2A1/BDKRB2/CD74/CDKN1A/CHAC1/CRIP1/DDIT4/E2F1/EDA2R/HIC1/HSPB1/IER3/IFI27/MIF/MMP9/MUC1/MYC/PHLDA3/PYCARD/S100A8/S100A9/SNAI1/TREM2",26,"Up in NAFLD","GO_BP"
"GOBP_FIBROBLAST_PROLIFERATION","GOBP_FIBROBLAST_PROLIFERATION","14/431","104/13489",0.134615384615385,4.21305550597894,5.97585142942607,5.39743778968988e-06,0.000390023548107156,0.000321623066461155,"AQP1/BAX/CD248/CD74/CDKN1A/COL3A1/E2F1/GSTP1/JUN/LIF/MIF/MYC/PDGFA/S100A6",14,"Up in NAFLD","GO_BP"
"GOBP_POSITIVE_REGULATION_OF_ERK1_AND_ERK2_CASCADE","GOBP_POSITIVE_REGULATION_OF_ERK1_AND_ERK2_CASCADE","18/431","166/13489",0.108433734939759,3.3936488413049,5.63751291110489,6.01589356292521e-06,0.000425464472407732,0.000350848529403298,"ACKR3/CARD9/CCL19/CCL21/CCN2/CD74/CHI3L1/FGF21/FGF23/GPNMB/JUN/LGALS9/MAP2K7/MIF/NOX4/PDGFA/PYCARD/TREM2",18,"Up in NAFLD","GO_BP"
"GOBP_RESPIRATORY_BURST","GOBP_RESPIRATORY_BURST","8/431","34/13489",0.235294117647059,7.36399617851781,6.74996621723624,8.89932422089222e-06,0.000616278202296786,0.000508198251561477,"CD52/CYBA/MPO/NCF4/NOXA1/RAC2/S100A9/TREM2",8,"Up in NAFLD","GO_BP"
"GOBP_DEFENSE_RESPONSE_TO_GRAM_POSITIVE_BACTERIUM","GOBP_DEFENSE_RESPONSE_TO_GRAM_POSITIVE_BACTERIUM","12/431","81/13489",0.148148148148148,4.63659018647418,5.96388077503184,9.32657029874523e-06,0.000632684074959778,0.000521726940020034,"ADM/CARD9/CTSG/DEFA1/LYZ/MMP7/NLRP6/PYCARD/RNASE1/RNASE10/ROMO1/TNFRSF14",12,"Up in NAFLD","GO_BP"
"GOBP_LYMPHOCYTE_MIGRATION","GOBP_LYMPHOCYTE_MIGRATION","13/431","96/13489",0.135416666666667,4.23813321732405,5.78449533836785,1.09270630375606e-05,0.000726431150737028,0.00059903309789069,"ADAM8/CCL2/CCL20/CCL21/CCR6/CD69/CH25H/CORO1A/DEFA1/LGALS9/PYCARD/TNFRSF14/ZAP70",13,"Up in NAFLD","GO_BP"
"GOBP_POSITIVE_REGULATION_OF_LEUKOCYTE_CHEMOTAXIS","GOBP_POSITIVE_REGULATION_OF_LEUKOCYTE_CHEMOTAXIS","12/431","83/13489",0.144578313253012,4.52486512173986,5.8520229912472,1.20560228214079e-05,0.000785769016830587,0.000647964570215608,"CCL19/CCL2/CCL21/CCR6/CD74/CXCL8/LGALS9/MDK/PLA2G7/RAC2/SERPINE1/THBS1",12,"Up in NAFLD","GO_BP"
"GOBP_RESPONSE_TO_ALCOHOL","GOBP_RESPONSE_TO_ALCOHOL","21/431","228/13489",0.0921052631578947,2.88261692514348,5.20853187553693,1.35556787294477e-05,0.000866520694167001,0.00071455440104214,"ABCA2/ADRA2A/BTG2/CARD9/CCL19/CCL21/CCND1/CLDN3/CLDN5/CYBA/FOS/FOSB/GSTP1/KLF2/KLF4/OSBPL7/RGS4/S100A8/SCNN1D/SGK1/TSPO",21,"Up in NAFLD","GO_BP"
"GOBP_OSSIFICATION","GOBP_OSSIFICATION","28/431","362/13489",0.0773480662983425,2.42076117470613,4.97813540038724,1.47848206577771e-05,0.000903307133188392,0.000744889408709409,"ACHE/CCN1/CCN2/CLEC11A/CLEC3B/COL1A1/EGR2/FASN/FGF23/FSTL3/GLI2/GPC3/ID3/ID4/ISG15/JUNB/LRP3/MDK/MRC2/NOTUM/PDLIM7/SNAI1/SOX11/SPP1/SRGN/TCIRG1/VCAN/WNT11",28,"Up in NAFLD","GO_BP"
"GOBP_REGULATION_OF_T_CELL_MIGRATION","GOBP_REGULATION_OF_T_CELL_MIGRATION","9/431","47/13489",0.191489361702128,5.99303944315545,6.22954119152521,1.4791010563465e-05,0.000903307133188392,0.000744889408709409,"ADAM8/CCL20/CCL21/CCR6/CD69/CORO1A/LGALS9/PYCARD/TNFRSF14",9,"Up in NAFLD","GO_BP"
"GOBP_REGULATION_OF_VASCULATURE_DEVELOPMENT","GOBP_REGULATION_OF_VASCULATURE_DEVELOPMENT","23/431","266/13489",0.0864661654135338,2.7061301746245,5.1057796132086,1.49464176670763e-05,0.000903307133188392,0.000744889408709409,"ADAMTS1/ADM/AQP1/CCL24/CHI3L1/CLDN5/COL4A2/CXCL8/CXCR4/EMILIN1/GPNMB/HSPB1/HSPB6/ITGB2/KLF2/KLF4/MDK/RGCC/SERPINE1/THBS1/THBS2/TNFRSF12A/ZC3H12A",23,"Up in NAFLD","GO_BP"
"GOBP_SUPEROXIDE_ANION_GENERATION","GOBP_SUPEROXIDE_ANION_GENERATION","8/431","37/13489",0.216216216216216,6.76691540728664,6.38153411474625,1.73969508876077e-05,0.00103263329911443,0.000851534964498694,"CYBA/GSTP1/ITGB2/NCF4/NOX4/NOXA1/RAC2/TYROBP",8,"Up in NAFLD","GO_BP"
"GOBP_RESPONSE_TO_INTERLEUKIN_1","GOBP_RESPONSE_TO_INTERLEUKIN_1","13/431","101/13489",0.128712871287129,4.028324642209,5.54982574403267,1.91161716870391e-05,0.00111477464364418,0.000919270749271467,"ANKRD1/CCL2/CHI3L1/CXCL8/CYBA/HAS2/HYAL2/KLF2/LCN2/LGALS9/MAP2K7/PYCARD/ZC3H12A",13,"Up in NAFLD","GO_BP"
"GOBP_LEUKOCYTE_MIGRATION_INVOLVED_IN_INFLAMMATORY_RESPONSE","GOBP_LEUKOCYTE_MIGRATION_INVOLVED_IN_INFLAMMATORY_RESPONSE","6/431","19/13489",0.31578947368421,9.88325802906338,7.03946025607561,1.95716098027077e-05,0.00112165570662415,0.000924945044033592,"ADAM8/CCR6/ITGB2/MDK/S100A8/S100A9",6,"Up in NAFLD","GO_BP"
"GOBP_LEUKOCYTE_PROLIFERATION","GOBP_LEUKOCYTE_PROLIFERATION","25/431","309/13489",0.0809061488673139,2.53211842707934,4.94980342822248,2.00462666324443e-05,0.00112938627603805,0.00093131986281686,"BAX/CCL19/CD74/CD79A/CDKN1A/CORO1A/CSF2RA/EBI3/GPNMB/GSTP1/IMPDH1/JUNB/LGALS3/LGALS9/MIF/MYC/PYCARD/RAC2/SOX11/TCIRG1/TNFRSF14/TREM2/TSPAN32/TYROBP/ZAP70",25,"Up in NAFLD","GO_BP"
"GOBP_LEUKOCYTE_AGGREGATION","GOBP_LEUKOCYTE_AGGREGATION","5/431","12/13489",0.416666666666667,13.0404098994586,7.58070091529469,2.14037628852745e-05,0.00117242680976077,0.000966812151693281,"HAS2/RAC2/S100A8/S100A9/ZAP70",5,"Up in NAFLD","GO_BP"
"GOBP_RESPONSE_TO_REACTIVE_OXYGEN_SPECIES","GOBP_RESPONSE_TO_REACTIVE_OXYGEN_SPECIES","18/431","182/13489",0.0989010989010989,3.09530608602534,5.17031700497196,2.15156544510851e-05,0.00117242680976077,0.000966812151693281,"AQP1/COL1A1/CRYAA/DUSP1/FOS/GSTP1/HBA1/HBA2/HBB/HYAL2/KLF2/KLF4/LCN2/MAP1LC3A/MPO/ROMO1/SOD3/TRPM2",18,"Up in NAFLD","GO_BP"
"GOBP_REGULATION_OF_BODY_FLUID_LEVELS","GOBP_REGULATION_OF_BODY_FLUID_LEVELS","26/431","331/13489",0.0785498489425982,2.45837334660489,4.88047234213389,2.29216855359968e-05,0.00122889810841376,0.00101337978159144,"ADM/ADRA2A/AQP1/C1QTNF1/CCND1/COL3A1/CTSG/CYBA/EMILIN1/FERMT3/HAS2/HBB/HGFAC/HSPB1/HYAL2/ITPR3/NLRP6/PDGFA/PLAU/PRRG3/SERPINE1/SLC4A1/THBD/THBS1/TSPAN32/VWF",26,"Up in NAFLD","GO_BP"
"GOBP_POSITIVE_REGULATION_OF_REACTIVE_OXYGEN_SPECIES_METABOLIC_PROCESS","GOBP_POSITIVE_REGULATION_OF_REACTIVE_OXYGEN_SPECIES_METABOLIC_PROCESS","10/431","62/13489",0.161290322580645,5.04790060624205,5.8037710521161,2.4265324056857e-05,0.00126028026820301,0.00103925828690881,"CDKN1A/CYBA/GSTP1/ITGB2/LCN2/ROMO1/THBS1/TSPO/TYROBP/ZC3H12A",10,"Up in NAFLD","GO_BP"
"GOBP_REGULATION_OF_LYMPHOCYTE_MIGRATION","GOBP_REGULATION_OF_LYMPHOCYTE_MIGRATION","10/431","62/13489",0.161290322580645,5.04790060624205,5.8037710521161,2.4265324056857e-05,0.00126028026820301,0.00103925828690881,"ADAM8/CCL2/CCL20/CCL21/CCR6/CD69/CORO1A/LGALS9/PYCARD/TNFRSF14",10,"Up in NAFLD","GO_BP"
"GOBP_CELL_SUBSTRATE_ADHESION","GOBP_CELL_SUBSTRATE_ADHESION","26/431","333/13489",0.0780780780780781,2.44360834152017,4.84600266669285,2.54301471569334e-05,0.00130045860230226,0.0010723903351685,"CCL21/CCN1/CCN2/COL16A1/COL1A1/COL3A1/COL5A3/CORO1A/EFEMP2/EMILIN1/FBLN2/FERMT3/HAS2/ITGB2/ITGBL1/LAMA5/MDK/MICALL2/PLAU/RAC2/SERPINE1/SPOCK2/THBS1/THY1/TNFRSF12A/VWF",26,"Up in NAFLD","GO_BP"
"GOBP_MONOCYTE_CHEMOTAXIS","GOBP_MONOCYTE_CHEMOTAXIS","8/431","39/13489",0.205128205128205,6.41989410434886,6.15794838179493,2.62121265018443e-05,0.00130344028805719,0.00107484910700517,"CCL2/CTSG/DUSP1/LGALS3/NBL1/PLA2G7/S100A12/SERPINE1",8,"Up in NAFLD","GO_BP"
"GOBP_ANTIGEN_PROCESSING_AND_PRESENTATION","GOBP_ANTIGEN_PROCESSING_AND_PRESENTATION","13/431","104/13489",0.125,3.91212296983759,5.4161573553851,2.62727133874344e-05,0.00130344028805719,0.00107484910700517,"CCL19/CCL21/CD74/CTSD/FCGR1A/HLA-DQB2/HLA-DRB5/KDM5D/PYCARD/RELB/TAP2/THBS1/TREM2",13,"Up in NAFLD","GO_BP"
"GOBP_POSITIVE_REGULATION_OF_INFLAMMATORY_RESPONSE","GOBP_POSITIVE_REGULATION_OF_INFLAMMATORY_RESPONSE","15/431","135/13489",0.111111111111111,3.47744263985563,5.25580069442861,2.67339584355921e-05,0.00130681879176335,0.0010776351047412,"ADAM8/CCL24/FABP4/FCGR1A/HYAL2/LPL/MDK/NLRP6/PLA2G7/PYCARD/S100A12/S100A8/S100A9/SERPINE1/TREM2",15,"Up in NAFLD","GO_BP"
"GOBP_RESPONSE_TO_MINERALOCORTICOID","GOBP_RESPONSE_TO_MINERALOCORTICOID","7/431","29/13489",0.241379310344828,7.55444435554844,6.41928165572131,2.74637176477166e-05,0.00132303474581174,0.00109100718161181,"CARD9/CCND1/CYBA/FOS/FOSB/SCNN1D/SGK1",7,"Up in NAFLD","GO_BP"
"GOBP_SKELETAL_MUSCLE_CELL_DIFFERENTIATION","GOBP_SKELETAL_MUSCLE_CELL_DIFFERENTIATION","10/431","64/13489",0.15625,4.89015371229698,5.66726712420649,3.22917175152683e-05,0.00151179815522185,0.00124666615878071,"ANKRD1/ATF3/BTG2/EGR2/FOS/GPC1/MAFF/MYC/NR4A1/SOX11",10,"Up in NAFLD","GO_BP"
"GOBP_SUPEROXIDE_METABOLIC_PROCESS","GOBP_SUPEROXIDE_METABOLIC_PROCESS","10/431","64/13489",0.15625,4.89015371229698,5.66726712420649,3.22917175152683e-05,0.00151179815522185,0.00124666615878071,"CYBA/GSTP1/ITGB2/MPO/NCF4/NOX4/NOXA1/RAC2/SOD3/TYROBP",10,"Up in NAFLD","GO_BP"
"GOBP_RESPONSE_TO_KETONE","GOBP_RESPONSE_TO_KETONE","18/431","189/13489",0.0952380952380952,2.98066511987626,4.98184506376353,3.574388129868e-05,0.00165017585328906,0.00136077583189712,"AQP1/BTG2/CARD9/CCL19/CCL21/CCND1/CYBA/DDIT4/DUSP1/FOS/FOSB/KLF2/KLF4/SCNN1D/SGK1/SPP1/THBS1/TSPO",18,"Up in NAFLD","GO_BP"
"GOBP_POSITIVE_REGULATION_OF_CHEMOTAXIS","GOBP_POSITIVE_REGULATION_OF_CHEMOTAXIS","14/431","123/13489",0.113821138211382,3.56225831399845,5.18619473464568,3.77228124898877e-05,0.00171767984542996,0.00141644129378036,"CCL19/CCL2/CCL21/CCR6/CD74/CXCL8/HSPB1/LGALS9/MDK/PLA2G7/RAC2/SERPINE1/THBS1/TREM2",14,"Up in NAFLD","GO_BP"
"GOBP_RESPONSE_TO_HYDROGEN_PEROXIDE","GOBP_RESPONSE_TO_HYDROGEN_PEROXIDE","12/431","94/13489",0.127659574468085,3.9953596287703,5.29438624518114,4.32983843447238e-05,0.00194491661570084,0.00160382635609759,"AQP1/COL1A1/CRYAA/DUSP1/HBA1/HBA2/HBB/KLF2/KLF4/LCN2/MAP1LC3A/TRPM2",12,"Up in NAFLD","GO_BP"
"GOBP_RESPONSE_TO_CORTICOSTEROID","GOBP_RESPONSE_TO_CORTICOSTEROID","14/431","126/13489",0.111111111111111,3.47744263985563,5.07587569564657,4.93841586975885e-05,0.00216966051566831,0.00178915573589217,"AQP1/CARD9/CCND1/CYBA/DDIT4/DUSP1/FOS/FOSB/GSTP1/MDK/PTGDS/SCNN1D/SGK1/ZFP36",14,"Up in NAFLD","GO_BP"
"GOBP_REGULATION_OF_ANTIGEN_PROCESSING_AND_PRESENTATION","GOBP_REGULATION_OF_ANTIGEN_PROCESSING_AND_PRESENTATION","6/431","22/13489",0.272727272727273,8.53554102510019,6.42635082205154,4.96071598046907e-05,0.00216966051566831,0.00178915573589217,"CCL19/CCL21/CD74/PYCARD/THBS1/TREM2",6,"Up in NAFLD","GO_BP"
"GOBP_CHEMOKINE_PRODUCTION","GOBP_CHEMOKINE_PRODUCTION","11/431","81/13489",0.135802469135802,4.25020767093466,5.33022695701153,5.04503522888168e-05,0.00217100280110665,0.00179026261767108,"ACKR1/CARD9/CD74/CXCL6/GSTP1/KLF4/LGALS9/LPL/MIF/PYCARD/TREM2",11,"Up in NAFLD","GO_BP"
"GOBP_POSITIVE_REGULATION_OF_CELL_CELL_ADHESION","GOBP_POSITIVE_REGULATION_OF_CELL_CELL_ADHESION","24/431","307/13489",0.0781758957654723,2.44666974009387,4.65824163887768,5.09441090512392e-05,0.00217100280110665,0.00179026261767108,"ADAM8/CCL19/CCL2/CCL21/CD74/CORO1A/CTSG/EBI3/EGR3/EMILIN1/FSTL3/GLI2/HAS2/HLA-DQB2/HLA-DRB5/ICOS/ITGB2/LGALS9/MDK/PYCARD/RNASE10/THY1/TNFRSF14/ZAP70",24,"Up in NAFLD","GO_BP"
"GOBP_POSITIVE_REGULATION_OF_TUMOR_NECROSIS_FACTOR_SUPERFAMILY_CYTOKINE_PRODUCTION","GOBP_POSITIVE_REGULATION_OF_TUMOR_NECROSIS_FACTOR_SUPERFAMILY_CYTOKINE_PRODUCTION","12/431","96/13489",0.125,3.91212296983759,5.20212128817235,5.3470276399337e-05,0.00223707884716848,0.00184475055989192,"ADAM8/CARD9/CCL19/CYBA/FCGR1A/HSPB1/LGALS9/LPL/MIF/PYCARD/THBS1/TYROBP",12,"Up in NAFLD","GO_BP"
"GOBP_MYELOID_CELL_DIFFERENTIATION","GOBP_MYELOID_CELL_DIFFERENTIATION","29/431","410/13489",0.0707317073170732,2.21368909512761,4.53404879785238,5.44082034387153e-05,0.00223707884716848,0.00184475055989192,"BBLN/C1QC/CCL19/CD74/FASN/FOS/FSTL3/GPC3/H4C8/IRF7/ISG15/JUN/JUNB/KLF2/LGALS9/LIF/MFAP2/MMP9/MT1G/MYC/RAC2/RELB/SLC4A1/TCIRG1/TESC/TREM2/TYROBP/UBD/ZFP36",29,"Up in NAFLD","GO_BP"
"GOBP_RENAL_ABSORPTION","GOBP_RENAL_ABSORPTION","7/431","32/13489",0.21875,6.84621519721578,6.01519543312438,5.45136542180044e-05,0.00223707884716848,0.00184475055989192,"AMN/AQP1/GSN/HAS2/HBB/HYAL2/SGK1",7,"Up in NAFLD","GO_BP"
"GOBP_POSITIVE_REGULATION_OF_CYTOKINE_PRODUCTION","GOBP_POSITIVE_REGULATION_OF_CYTOKINE_PRODUCTION","30/431","433/13489",0.069284064665127,2.16838224656125,4.48949930178265,5.92360024054058e-05,0.00240122526823864,0.00198010975948237,"ADAM8/ADRA2A/CARD9/CCL19/CD74/CHI3L1/CYBA/EBI3/FCGR1A/FCN1/HSPB1/HYAL2/IL32/IRF7/ISG15/LGALS9/LPL/LTB/LUM/MDK/MIF/PYCARD/RGCC/SECTM1/SERPINE1/THBS1/TNFRSF14/TREM2/TYROBP/WNT11",30,"Up in NAFLD","GO_BP"
"GOBP_NEGATIVE_REGULATION_OF_CELL_ACTIVATION","GOBP_NEGATIVE_REGULATION_OF_CELL_ACTIVATION","18/431","197/13489",0.0913705583756345,2.85962288150565,4.77679836619135,6.17742133013004e-05,0.00242309143586482,0.0019981411422484,"C1QTNF1/CD69/CD74/CTSG/EMILIN1/GPNMB/LGALS3/LGALS9/MDK/PDGFA/SOX11/TBC1D10C/THBD/TNFRSF14/TREM2/TSPAN32/TYROBP/ZC3H12A",18,"Up in NAFLD","GO_BP"
"GOBP_REGULATION_OF_APOPTOTIC_SIGNALING_PATHWAY","GOBP_REGULATION_OF_APOPTOTIC_SIGNALING_PATHWAY","26/431","351/13489",0.0740740740740741,2.31829509323709,4.54648378656882,6.19623261277106e-05,0.00242309143586482,0.0019981411422484,"ACKR3/ATF3/BAX/BBC3/BDKRB2/CD74/GSTP1/HSPB1/HYAL2/IER3/KLF4/LGALS3/LTB/MIF/MMP9/MUC1/MYC/PYCARD/S100A8/S100A9/SERPINE1/SNAI1/THBS1/TMC8/TNFRSF12A/TREM2",26,"Up in NAFLD","GO_BP"
"GOBP_REGULATION_OF_T_CELL_ACTIVATION","GOBP_REGULATION_OF_T_CELL_ACTIVATION","26/431","351/13489",0.0740740740740741,2.31829509323709,4.54648378656882,6.19623261277106e-05,0.00242309143586482,0.0019981411422484,"ADAM8/CCL19/CCL2/CCL21/CD69/CD74/CORO1A/CTSG/EBI3/EGR3/GLI2/GPNMB/HLA-DQB2/HLA-DRB5/ICOS/JUNB/LGALS3/LGALS9/MDK/PYCARD/RAC2/THY1/TNFRSF14/TSPAN32/ZAP70/ZC3H12A",26,"Up in NAFLD","GO_BP"
"GOBP_REGULATION_OF_GLIOGENESIS","GOBP_REGULATION_OF_GLIOGENESIS","11/431","83/13489",0.132530120481928,4.14779302826154,5.22600341768018,6.3430765257638e-05,0.0024516728339115,0.00202171007014552,"CXCR4/E2F1/EGR2/ID4/LIF/MDK/SOX11/SPINT1/TENM4/TREM2/TSPO",11,"Up in NAFLD","GO_BP"
"GOBP_SIGNAL_TRANSDUCTION_BY_P53_CLASS_MEDIATOR","GOBP_SIGNAL_TRANSDUCTION_BY_P53_CLASS_MEDIATOR","17/431","180/13489",0.0944444444444444,2.95582624387729,4.79918941363735,6.51571354524375e-05,0.00245851986557134,0.00202735630183919,"ANKRD1/BAX/BBC3/BDKRB2/CD74/CDKN1A/DDIT4/E2F1/EDA2R/HIC1/MIF/MUC1/MYC/PHLDA3/PYCARD/SGK1/SNAI1",17,"Up in NAFLD","GO_BP"
"GOBP_DENDRITIC_CELL_CHEMOTAXIS","GOBP_DENDRITIC_CELL_CHEMOTAXIS","6/431","23/13489",0.260869565217391,8.16443054574801,6.24741522131387,6.53178434424759e-05,0.00245851986557134,0.00202735630183919,"CCL19/CCL21/CCR6/CXCR4/LGALS9/TRPM2",6,"Up in NAFLD","GO_BP"
"GOBP_ANTIGEN_PROCESSING_AND_PRESENTATION_OF_PEPTIDE_OR_POLYSACCHARIDE_ANTIGEN_VIA_MHC_CLASS_II","GOBP_ANTIGEN_PROCESSING_AND_PRESENTATION_OF_PEPTIDE_OR_POLYSACCHARIDE_ANTIGEN_VIA_MHC_CLASS_II","7/431","33/13489",0.212121212121212,6.63875413063348,5.89191157712322,6.73060492680482e-05,0.00245851986557134,0.00202735630183919,"CD74/CTSD/HLA-DQB2/HLA-DRB5/PYCARD/THBS1/TREM2",7,"Up in NAFLD","GO_BP"
"GOBP_POSITIVE_REGULATION_OF_NEUTROPHIL_MIGRATION","GOBP_POSITIVE_REGULATION_OF_NEUTROPHIL_MIGRATION","7/431","33/13489",0.212121212121212,6.63875413063348,5.89191157712322,6.73060492680482e-05,0.00245851986557134,0.00202735630183919,"ADAM8/CCL19/CCL21/CD74/CXCL8/MDK/RAC2",7,"Up in NAFLD","GO_BP"
"GOBP_POSITIVE_REGULATION_OF_T_CELL_MIGRATION","GOBP_POSITIVE_REGULATION_OF_T_CELL_MIGRATION","7/431","33/13489",0.212121212121212,6.63875413063348,5.89191157712322,6.73060492680482e-05,0.00245851986557134,0.00202735630183919,"ADAM8/CCL20/CCL21/CORO1A/LGALS9/PYCARD/TNFRSF14",7,"Up in NAFLD","GO_BP"
"GOBP_RESPONSE_TO_STEROID_HORMONE","GOBP_RESPONSE_TO_STEROID_HORMONE","23/431","293/13489",0.0784982935153584,2.45675981723589,4.58009716876096,6.84274923587605e-05,0.00247231505000565,0.00203873215219923,"ABCA2/AQP1/CARD9/CCND1/COL1A1/CYBA/DDIT4/DEFA1/DUSP1/FOS/FOSB/GSTP1/JUN/JUNB/KDM5D/MDK/PTGDS/SCNN1D/SGK1/SPP1/THBS1/TSPO/ZFP36",23,"Up in NAFLD","GO_BP"
"GOBP_CELLULAR_RESPONSE_TO_MOLECULE_OF_BACTERIAL_ORIGIN","GOBP_CELLULAR_RESPONSE_TO_MOLECULE_OF_BACTERIAL_ORIGIN","18/431","199/13489",0.0904522613065327,2.8308829530483,4.72714267480634,7.04636063123772e-05,0.00250819253712946,0.00206831761564543,"ANKRD1/CCL2/CTSG/CXCL6/CXCL8/CXCL9/DEFA1/GSTP1/LCN2/MAP2K7/MIF/MMP9/PYCARD/SERPINE1/TREM2/TSPO/ZC3H12A/ZFP36",18,"Up in NAFLD","GO_BP"
"GOBP_CELL_ADHESION_MEDIATED_BY_INTEGRIN","GOBP_CELL_ADHESION_MEDIATED_BY_INTEGRIN","11/431","84/13489",0.130952380952381,4.09841453982985,5.17511300321542,7.09296325181016e-05,0.00250819253712946,0.00206831761564543,"CCL21/COL16A1/EMILIN1/FERMT3/ITGB2/ITGBL1/LIF/MUC1/PLAU/SERPINE1/TESC",11,"Up in NAFLD","GO_BP"
"GOBP_RESPONSE_TO_FIBROBLAST_GROWTH_FACTOR","GOBP_RESPONSE_TO_FIBROBLAST_GROWTH_FACTOR","12/431","99/13489",0.121212121212121,3.79357378893342,5.06829094521931,7.25823204571874e-05,0.00253393141814878,0.0020895425336815,"CCL2/CCN2/COL1A1/CXCL8/EGR3/FGF21/FGF23/GPC1/HYAL2/NR4A1/THBS1/ZFP36",12,"Up in NAFLD","GO_BP"
"GOBP_MONONUCLEAR_CELL_DIFFERENTIATION","GOBP_MONONUCLEAR_CELL_DIFFERENTIATION","32/431","481/13489",0.0665280665280665,2.08212781762666,4.3905600052917,7.31821348201814e-05,0.00253393141814878,0.0020895425336815,"ADAM8/BAX/C1QC/CCL19/CCR6/CD69/CD74/CD79A/EGR3/FASN/FOS/GLI2/ICOS/IRF7/JAG2/JUN/JUNB/LGALS3/LGALS9/LIF/MDK/MMP9/MT1G/MYC/RELB/SOCS3/TCIRG1/TREM2/TRPM2/UBD/ZAP70/ZC3H12A",32,"Up in NAFLD","GO_BP"
"GOBP_RESPONSE_TO_METAL_ION","GOBP_RESPONSE_TO_METAL_ION","23/431","295/13489",0.0779661016949153,2.44010381847497,4.5435012475404,7.59106484062872e-05,0.00256670158990245,0.0021165656280024,"AQP1/CCND1/CRIP1/D2HGDH/DUSP1/FABP4/FGF23/FOS/FOSB/GABRB3/ITPR3/JUN/JUNB/LCN2/MAP1LC3A/MT1G/NEUROD2/RYR2/S100A8/TCIRG1/THBS1/TRPM2/TSPO",23,"Up in NAFLD","GO_BP"
"GOBP_T_CELL_ACTIVATION_INVOLVED_IN_IMMUNE_RESPONSE","GOBP_T_CELL_ACTIVATION_INVOLVED_IN_IMMUNE_RESPONSE","13/431","115/13489",0.11304347826087,3.53791990315747,4.96558309618961,7.6355724322829e-05,0.00256670158990245,0.0021165656280024,"CCL19/CD69/CD74/ICOS/JUNB/LGALS3/LGALS9/MDK/RELB/SOCS3/TREM2/TYROBP/ZC3H12A",13,"Up in NAFLD","GO_BP"
"GOBP_CANONICAL_NF_KAPPAB_SIGNAL_TRANSDUCTION","GOBP_CANONICAL_NF_KAPPAB_SIGNAL_TRANSDUCTION","24/431","315/13489",0.0761904761904762,2.38453209590101,4.51724407412662,7.64450834537732e-05,0.00256670158990245,0.0021165656280024,"ADAM8/CARD19/CARD9/CCL19/CCL21/CD74/EDA2R/GSTP1/HSPB1/KLF4/LGALS9/LIME1/LTB/NLRP6/PPM1N/PYCARD/RELB/S100A12/S100A4/SECTM1/TMC8/TREM2/UBD/ZC3H12A",24,"Up in NAFLD","GO_BP"
"GOBP_GLIOGENESIS","GOBP_GLIOGENESIS","23/431","296/13489",0.0777027027027027,2.43186022449364,4.52531464345711,7.99195420479147e-05,0.00265652557767268,0.00219063671045021,"ABCA2/C1QA/CCL2/COL3A1/CXCR4/E2F1/EGR2/GPC1/GSTP1/ID4/LAMC3/LIF/MDK/METRN/MXRA8/S100A8/S100A9/SOX11/SPINT1/TENM4/TREM2/TSPO/VCAN",23,"Up in NAFLD","GO_BP"
"GOBP_POSITIVE_REGULATION_OF_VASCULATURE_DEVELOPMENT","GOBP_POSITIVE_REGULATION_OF_VASCULATURE_DEVELOPMENT","15/431","149/13489",0.100671140939597,3.15070306295645,4.79589597628652,8.4552724208114e-05,0.0027827054977007,0.00229468779403782,"ADM/AQP1/CCL24/CHI3L1/CXCL8/CXCR4/EMILIN1/HSPB1/HSPB6/ITGB2/KLF4/MDK/SERPINE1/THBS1/ZC3H12A",15,"Up in NAFLD","GO_BP"
"GOBP_REGULATION_OF_LEUKOCYTE_APOPTOTIC_PROCESS","GOBP_REGULATION_OF_LEUKOCYTE_APOPTOTIC_PROCESS","11/431","86/13489",0.127906976744186,4.0031025737873,5.07565932228181,8.82272747220097e-05,0.00287517118799961,0.00237093728974317,"ADAM8/BAX/BBC3/CCL19/CCL21/CD74/IRF7/LGALS3/LGALS9/MIF/MYC",11,"Up in NAFLD","GO_BP"
"GOBP_REGULATION_OF_LYMPHOCYTE_ACTIVATION","GOBP_REGULATION_OF_LYMPHOCYTE_ACTIVATION","31/431","466/13489",0.0665236051502146,2.08198818995648,4.31851109852644,9.4974026390887e-05,0.00306498702643989,0.00252746412592611,"ADAM8/CCL19/CCL2/CCL21/CD69/CD74/CDKN1A/CORO1A/CTSG/EBI3/EGR3/GLI2/GPNMB/HLA-DQB2/HLA-DRB5/ICOS/JUNB/LGALS3/LGALS9/MDK/MIF/PYCARD/RAC2/SOX11/TBC1D10C/THY1/TNFRSF14/TSPAN32/TYROBP/ZAP70/ZC3H12A",31,"Up in NAFLD","GO_BP"
"GOBP_WOUND_HEALING","GOBP_WOUND_HEALING","28/431","403/13489",0.0694789081885856,2.17448026115042,4.3487943308486,9.94241746922685e-05,0.00317774958343366,0.002620450920027,"ADRA2A/AQP1/C1QTNF1/CDKN1A/CLDN3/COL3A1/COL5A1/CORO1B/CTSG/EMILIN1/FERMT3/HBB/HBEGF/HGFAC/HSPB1/ITPR3/NLRP6/PDGFA/PLAU/PRRG3/SERPINE1/SLC4A1/THBD/THBS1/TIMP1/TNFRSF12A/TSPAN32/VWF",28,"Up in NAFLD","GO_BP"
"GOBP_ADAPTIVE_IMMUNE_RESPONSE","GOBP_ADAPTIVE_IMMUNE_RESPONSE","29/431","425/13489",0.0682352941176471,2.13555889177017,4.3215557806355,0.000102761334854771,0.00325313025768818,0.00268261168884034,"C1QA/C1QB/C1QC/CARD9/CCL19/CCR6/CD69/CD74/CD79A/EBI3/FCGR1A/HLA-DQB2/HLA-DRB5/IRF7/JUNB/KDM5D/LGALS9/LIME1/PYCARD/RELB/SECTM1/SOCS3/TAP2/TCIRG1/TNFRSF14/TREM1/TREM2/ZAP70/ZC3H12A",29,"Up in NAFLD","GO_BP"
"GOBP_INTRINSIC_APOPTOTIC_SIGNALING_PATHWAY_IN_RESPONSE_TO_DNA_DAMAGE_BY_P53_CLASS_MEDIATOR","GOBP_INTRINSIC_APOPTOTIC_SIGNALING_PATHWAY_IN_RESPONSE_TO_DNA_DAMAGE_BY_P53_CLASS_MEDIATOR","8/431","47/13489",0.170212765957447,5.32714617169374,5.3987427147744,0.000107115623651146,0.00332759189734963,0.00274401459899248,"BBC3/CD74/CDKN1A/DDIT4/MIF/MUC1/PHLDA3/PYCARD",8,"Up in NAFLD","GO_BP"
"GOBP_REGULATION_OF_GRANULOCYTE_CHEMOTAXIS","GOBP_REGULATION_OF_GRANULOCYTE_CHEMOTAXIS","8/431","47/13489",0.170212765957447,5.32714617169374,5.3987427147744,0.000107115623651146,0.00332759189734963,0.00274401459899248,"CCL19/CCL2/CCL21/CD74/CXCL8/MDK/RAC2/THBS1",8,"Up in NAFLD","GO_BP"
"GOBP_REGULATION_OF_RESPONSE_TO_WOUNDING","GOBP_REGULATION_OF_RESPONSE_TO_WOUNDING","15/431","153/13489",0.0980392156862745,3.06833174104909,4.67441428345081,0.000114234226297736,0.00351587563160811,0.00289927802416477,"ADRA2A/C1QTNF1/CLDN3/EMILIN1/HBEGF/KLF4/MDK/PDGFA/PLAU/RTN4R/SERPINE1/SPP1/THBD/THBS1/TNFRSF12A",15,"Up in NAFLD","GO_BP"
"GOBP_POSITIVE_REGULATION_OF_LYMPHOCYTE_MIGRATION","GOBP_POSITIVE_REGULATION_OF_LYMPHOCYTE_MIGRATION","7/431","36/13489",0.194444444444444,6.08552461974736,5.55074813915841,0.000121071343832789,0.00369212061376322,0.00304461399652904,"ADAM8/CCL20/CCL21/CORO1A/LGALS9/PYCARD/TNFRSF14",7,"Up in NAFLD","GO_BP"
"GOBP_POSITIVE_REGULATION_OF_CELL_ADHESION","GOBP_POSITIVE_REGULATION_OF_CELL_ADHESION","30/431","451/13489",0.0665188470066519,2.08183927441468,4.24540970061187,0.000123217694253978,0.00372341468818385,0.00307041986447234,"ADAM8/CCL19/CCL2/CCL21/CCN1/CD74/COL16A1/CORO1A/CTSG/EBI3/EFEMP2/EGR3/EMILIN1/FBLN2/FSTL3/GLI2/HAS2/HLA-DQB2/HLA-DRB5/ICOS/ITGB2/LGALS9/LIF/MDK/PYCARD/RNASE10/SPOCK2/THY1/TNFRSF14/ZAP70",30,"Up in NAFLD","GO_BP"
"GOBP_POSITIVE_REGULATION_OF_GRANULOCYTE_CHEMOTAXIS","GOBP_POSITIVE_REGULATION_OF_GRANULOCYTE_CHEMOTAXIS","6/431","26/13489",0.230769230769231,7.22238086739247,5.76960953953827,0.000137330546079813,0.00411249310963332,0.00339126355611032,"CCL19/CCL21/CD74/CXCL8/MDK/RAC2",6,"Up in NAFLD","GO_BP"
"GOBP_COLLAGEN_FIBRIL_ORGANIZATION","GOBP_COLLAGEN_FIBRIL_ORGANIZATION","9/431","62/13489",0.145161290322581,4.54311054561784,5.08001663563439,0.000144157369943889,0.00423377155908436,0.00349127276580394,"AEBP1/COL1A1/COL3A1/COL5A1/COL5A3/EFEMP2/EMILIN1/LOXL1/LUM",9,"Up in NAFLD","GO_BP"
"GOBP_NEGATIVE_REGULATION_OF_CHEMOTAXIS","GOBP_NEGATIVE_REGULATION_OF_CHEMOTAXIS","7/431","37/13489",0.189189189189189,5.92105098137581,5.44552026519683,0.000145262035519998,0.00423377155908436,0.00349127276580394,"CCL2/CORO1B/DUSP1/GSTP1/MIF/NBL1/THBS1",7,"Up in NAFLD","GO_BP"
"GOBP_POSITIVE_REGULATION_OF_CELL_DEVELOPMENT","GOBP_POSITIVE_REGULATION_OF_CELL_DEVELOPMENT","27/431","391/13489",0.0690537084398977,2.16117279152153,4.23308333340461,0.000146143755946003,0.00423377155908436,0.00349127276580394,"ADAM8/CCL19/CD74/CLDN5/CXCR4/E2F1/EGR2/EGR3/FOS/GLI2/ID4/LGALS3/LGALS9/LIF/MDK/METRN/S1PR2/SOX11/SPINT1/TENM4/TESC/TNFRSF12A/TREM2/TRPV2/TSPO/TYROBP/ZAP70",27,"Up in NAFLD","GO_BP"
"GOBP_POSITIVE_REGULATION_OF_LYMPHOCYTE_APOPTOTIC_PROCESS","GOBP_POSITIVE_REGULATION_OF_LYMPHOCYTE_APOPTOTIC_PROCESS","5/431","17/13489",0.294117647058824,9.20499522314726,6.14979781359823,0.000146475249486974,0.00423377155908436,0.00349127276580394,"ADAM8/BAX/BBC3/LGALS9/MYC",5,"Up in NAFLD","GO_BP"
"GOBP_NEGATIVE_REGULATION_OF_CELL_ADHESION","GOBP_NEGATIVE_REGULATION_OF_CELL_ADHESION","21/431","269/13489",0.0780669144981413,2.4432589551402,4.3438893577694,0.000151954526169875,0.00435020848230482,0.00358728953319455,"ADAMDEC1/C1QTNF1/CCL21/CD69/CD74/COL1A1/CTSG/DUSP1/EPCAM/GPNMB/KLF4/LGALS3/LGALS9/MDK/MUC1/RGCC/SERPINE1/THBS1/TNFRSF14/TSPAN32/ZC3H12A",21,"Up in NAFLD","GO_BP"
"GOBP_MUSCLE_ORGAN_DEVELOPMENT","GOBP_MUSCLE_ORGAN_DEVELOPMENT","22/431","289/13489",0.0761245674740484,2.38246935187341,4.31610050878718,0.000153121056687625,0.00435020848230482,0.00358728953319455,"ANKRD1/ATF3/BTG2/COL3A1/EFEMP2/EGR2/EGR3/FOS/GPC1/H1-5/HBEGF/HDGFL2/ID3/LAMA5/LIF/MAFF/MAPK12/MSC/MYC/NR4A1/RYR2/SOX11",22,"Up in NAFLD","GO_BP"
"GOBP_HEMOSTASIS","GOBP_HEMOSTASIS","19/431","231/13489",0.0822510822510823,2.57421078534768,4.38433719314282,0.000158853420767099,0.00445834001984729,0.0036764574740903,"ADRA2A/C1QTNF1/COL3A1/CTSG/EMILIN1/FERMT3/HBB/HGFAC/HSPB1/ITPR3/PDGFA/PLAU/PRRG3/SERPINE1/SLC4A1/THBD/THBS1/TSPAN32/VWF",19,"Up in NAFLD","GO_BP"
"GOBP_RESPONSE_TO_OXYGEN_LEVELS","GOBP_RESPONSE_TO_OXYGEN_LEVELS","23/431","310/13489",0.0741935483870968,2.32203427887134,4.27815401806597,0.000159609645716555,0.00445834001984729,0.0036764574740903,"ADAM8/ANKRD1/AQP1/BBC3/CLDN3/COL1A1/CRYAA/CXCR4/CYBA/DDIT4/E2F1/FOS/LCN2/LIF/MAP1LC3A/MYC/PLAU/RGCC/RYR2/SOD3/STC2/THBS1/TREM2",23,"Up in NAFLD","GO_BP"
"GOBP_CYTOKINE_MEDIATED_SIGNALING_PATHWAY","GOBP_CYTOKINE_MEDIATED_SIGNALING_PATHWAY","29/431","439/13489",0.0660592255125285,2.06745450797795,4.13095497557659,0.000179650702841366,0.00497632446870584,0.00410360026490278,"ACKR1/ACKR3/CCL19/CCL2/CCL21/CCL24/CCR6/CD74/CSF2RA/CTSG/CXCL6/CXCL9/CXCR4/DOK1/EBI3/EDA2R/GSTP1/IFI27/IRF7/ISG15/NLRP6/PLVAP/PYCARD/SOCS3/SPPL2B/TMC8/TNFRSF14/TREM2/ULK1",29,"Up in NAFLD","GO_BP"
"GOBP_CELLULAR_RESPONSE_TO_INTERLEUKIN_1","GOBP_CELLULAR_RESPONSE_TO_INTERLEUKIN_1","10/431","79/13489",0.126582278481013,3.96164351375958,4.79629647683574,0.00020050630065949,0.00550812349910863,0.00454213490141202,"ANKRD1/CCL2/CXCL8/HAS2/HYAL2/KLF2/LCN2/MAP2K7/PYCARD/ZC3H12A",10,"Up in NAFLD","GO_BP"
"GOBP_BIOLOGICAL_PROCESS_INVOLVED_IN_INTERACTION_WITH_SYMBIONT","GOBP_BIOLOGICAL_PROCESS_INVOLVED_IN_INTERACTION_WITH_SYMBIONT","6/431","28/13489",0.214285714285714,6.70649651972158,5.49141153786632,0.000212875754197111,0.00579999186025571,0.00478281677247003,"CTSG/CXCL6/DEFA1/NLRP6/ROMO1/TREM1",6,"Up in NAFLD","GO_BP"
"GOBP_REGULATION_OF_REACTIVE_OXYGEN_SPECIES_METABOLIC_PROCESS","GOBP_REGULATION_OF_REACTIVE_OXYGEN_SPECIES_METABOLIC_PROCESS","13/431","128/13489",0.1015625,3.17859991299304,4.4992183095304,0.000227405926206726,0.00614550649358664,0.00506773668671215,"CDKN1A/CYBA/GSTP1/IER3/ITGB2/LCN2/NOXA1/RAC2/ROMO1/THBS1/TSPO/TYROBP/ZC3H12A",13,"Up in NAFLD","GO_BP"
"GOBP_POSITIVE_REGULATION_OF_RESPONSE_TO_WOUNDING","GOBP_POSITIVE_REGULATION_OF_RESPONSE_TO_WOUNDING","9/431","66/13489",0.136363636363636,4.26777051255009,4.83473643730115,0.000235004314408738,0.00629963178302133,0.00519483221324579,"ADRA2A/CLDN3/EMILIN1/HBEGF/MDK/PLAU/SERPINE1/THBD/THBS1",9,"Up in NAFLD","GO_BP"
"GOBP_POSITIVE_REGULATION_OF_LEUKOCYTE_CELL_CELL_ADHESION","GOBP_POSITIVE_REGULATION_OF_LEUKOCYTE_CELL_CELL_ADHESION","20/431","258/13489",0.0775193798449612,2.4261227719923,4.20188840883574,0.000238343541404323,0.0063050894955393,0.00519933277800504,"ADAM8/CCL19/CCL2/CCL21/CD74/CORO1A/EBI3/EGR3/GLI2/HAS2/HLA-DQB2/HLA-DRB5/ICOS/ITGB2/LGALS9/MDK/PYCARD/THY1/TNFRSF14/ZAP70",20,"Up in NAFLD","GO_BP"
"GOBP_ODONTOGENESIS","GOBP_ODONTOGENESIS","11/431","96/13489",0.114583333333333,3.58611272235112,4.61974723797684,0.000239001587376038,0.0063050894955393,0.00519933277800504,"AQP1/BAX/COL1A1/GLI2/ID3/JAG2/KLK4/LAMA5/RELT/SERPINE1/TCIRG1",11,"Up in NAFLD","GO_BP"
"GOBP_P38MAPK_CASCADE","GOBP_P38MAPK_CASCADE","8/431","53/13489",0.150943396226415,4.72407302018124,4.93509147128799,0.000255385887614048,0.00663205226897732,0.00546895436962979,"DUSP1/GADD45B/GADD45G/LGALS9/MAP1LC3A/TREM2/ZC3H12A/ZFP36",8,"Up in NAFLD","GO_BP"
"GOBP_RESPONSE_TO_FUNGUS","GOBP_RESPONSE_TO_FUNGUS","8/431","53/13489",0.150943396226415,4.72407302018124,4.93509147128799,0.000255385887614048,0.00663205226897732,0.00546895436962979,"ADM/CARD9/CTSG/DEFA1/MPO/S100A12/S100A8/S100A9",8,"Up in NAFLD","GO_BP"
"GOBP_PLATELET_ACTIVATION","GOBP_PLATELET_ACTIVATION","13/431","130/13489",0.1,3.12969837587007,4.43278719402537,0.000265258749667628,0.00683503941004027,0.00563634258779684,"ADRA2A/C1QTNF1/COL3A1/CTSG/EMILIN1/FERMT3/HBB/HSPB1/ITPR3/PDGFA/THBD/TSPAN32/VWF",13,"Up in NAFLD","GO_BP"
"GOBP_ELASTIC_FIBER_ASSEMBLY","GOBP_ELASTIC_FIBER_ASSEMBLY","4/431","11/13489",0.363636363636364,11.3807213668003,6.2572748578419,0.000283711506071912,0.00714437156199269,0.00589142553278515,"COL3A1/EFEMP2/EMILIN1/LTBP4",4,"Up in NAFLD","GO_BP"
"GOBP_NEUTROPHIL_MEDIATED_KILLING_OF_BACTERIUM","GOBP_NEUTROPHIL_MEDIATED_KILLING_OF_BACTERIUM","4/431","11/13489",0.363636363636364,11.3807213668003,6.2572748578419,0.000283711506071912,0.00714437156199269,0.00589142553278515,"CTSG/CXCL6/NLRP6/TREM1",4,"Up in NAFLD","GO_BP"
"GOBP_REGULATION_OF_DENDRITIC_CELL_ANTIGEN_PROCESSING_AND_PRESENTATION","GOBP_REGULATION_OF_DENDRITIC_CELL_ANTIGEN_PROCESSING_AND_PRESENTATION","4/431","11/13489",0.363636363636364,11.3807213668003,6.2572748578419,0.000283711506071912,0.00714437156199269,0.00589142553278515,"CCL19/CCL21/CD74/THBS1",4,"Up in NAFLD","GO_BP"
"GOBP_NEGATIVE_REGULATION_OF_RESPONSE_TO_EXTERNAL_STIMULUS","GOBP_NEGATIVE_REGULATION_OF_RESPONSE_TO_EXTERNAL_STIMULUS","24/431","344/13489",0.0697674418604651,2.18351049479307,4.03966285568213,0.000291288311133193,0.00728001764065213,0.00600328264496109,"C1QTNF1/CCL2/CORO1B/DUSP1/DVL1/GSTP1/IER3/ISG15/KLF4/LGALS9/MDK/METRNL/MIF/NBL1/NLRP6/PDGFA/PLAU/RTN4R/SERPINE1/SOCS3/SPP1/THBD/THBS1/TREM2",24,"Up in NAFLD","GO_BP"
"GOBP_SMOOTH_MUSCLE_CELL_MIGRATION","GOBP_SMOOTH_MUSCLE_CELL_MIGRATION","9/431","68/13489",0.132352941176471,4.14224785041627,4.71928860953998,0.000295762679009656,0.00733668018677684,0.00605000798225565,"ADAMTS1/CORO1B/GSTP1/HAS2/MDK/PDGFA/PLAU/S100A11/SERPINE1",9,"Up in NAFLD","GO_BP"
"GOBP_CELLULAR_RESPONSE_TO_BIOTIC_STIMULUS","GOBP_CELLULAR_RESPONSE_TO_BIOTIC_STIMULUS","18/431","224/13489",0.0803571428571429,2.51493619489559,4.15373518670848,0.00031281143573912,0.00770211268442101,0.00635135266015337,"ANKRD1/CCL2/CTSG/CXCL6/CXCL8/CXCL9/DEFA1/GSTP1/LCN2/MAP2K7/MIF/MMP9/PYCARD/SERPINE1/TREM2/TSPO/ZC3H12A/ZFP36",18,"Up in NAFLD","GO_BP"
"GOBP_DENDRITIC_CELL_MIGRATION","GOBP_DENDRITIC_CELL_MIGRATION","6/431","30/13489",0.2,6.25939675174014,5.23919117868063,0.000317843803879856,0.00771177229267621,0.00635931821208716,"CCL19/CCL21/CCR6/CXCR4/LGALS9/TRPM2",6,"Up in NAFLD","GO_BP"
"GOBP_NEGATIVE_REGULATION_OF_MONONUCLEAR_CELL_MIGRATION","GOBP_NEGATIVE_REGULATION_OF_MONONUCLEAR_CELL_MIGRATION","6/431","30/13489",0.2,6.25939675174014,5.23919117868063,0.000317843803879856,0.00771177229267621,0.00635931821208716,"CCL2/CD69/DUSP1/EMILIN1/MIF/NBL1",6,"Up in NAFLD","GO_BP"
"GOBP_GLIAL_CELL_DIFFERENTIATION","GOBP_GLIAL_CELL_DIFFERENTIATION","18/431","225/13489",0.08,2.50375870069606,4.1324369603921,0.00033023207848228,0.00787842601364484,0.00649674499320133,"ABCA2/C1QA/CXCR4/EGR2/GPC1/GSTP1/ID4/LAMC3/LIF/MDK/METRN/MXRA8/S100A8/S100A9/SOX11/SPINT1/TENM4/TREM2",18,"Up in NAFLD","GO_BP"
"GOBP_REGULATION_OF_NEUTROPHIL_MIGRATION","GOBP_REGULATION_OF_NEUTROPHIL_MIGRATION","7/431","42/13489",0.166666666666667,5.21616395978345,4.97168398602033,0.000331708849356128,0.00787842601364484,0.00649674499320133,"ADAM8/CCL19/CCL21/CD74/CXCL8/MDK/RAC2",7,"Up in NAFLD","GO_BP"
"GOBP_REGULATION_OF_LYMPHOCYTE_APOPTOTIC_PROCESS","GOBP_REGULATION_OF_LYMPHOCYTE_APOPTOTIC_PROCESS","8/431","55/13489",0.145454545454545,4.5522885467201,4.79579918929363,0.000331822996964584,0.00787842601364484,0.00649674499320133,"ADAM8/BAX/BBC3/CD74/LGALS3/LGALS9/MIF/MYC",8,"Up in NAFLD","GO_BP"
"GOBP_OSTEOBLAST_DIFFERENTIATION","GOBP_OSTEOBLAST_DIFFERENTIATION","17/431","206/13489",0.0825242718446602,2.58276079562093,4.15886563979385,0.000334737755292204,0.00789126452901622,0.0065073319505853,"ACHE/CCN1/COL1A1/FASN/FGF23/GLI2/ID3/ID4/JUNB/LRP3/MRC2/SNAI1/SOX11/SPP1/TCIRG1/VCAN/WNT11",17,"Up in NAFLD","GO_BP"
"GOBP_CELLULAR_RESPONSE_TO_KETONE","GOBP_CELLULAR_RESPONSE_TO_KETONE","11/431","100/13489",0.11,3.44266821345708,4.45414644436677,0.000342445280790346,0.00801611347427543,0.0066102854794519,"AQP1/BTG2/CCL19/CCL21/DDIT4/FOS/KLF2/KLF4/SCNN1D/SGK1/SPP1",11,"Up in NAFLD","GO_BP"
"GOBP_MYELOID_LEUKOCYTE_MEDIATED_IMMUNITY","GOBP_MYELOID_LEUKOCYTE_MEDIATED_IMMUNITY","11/431","101/13489",0.108910891089109,3.40858238956146,4.41406194233564,0.000373498902387513,0.00868189057018247,0.00715930174322477,"CARD9/CTSG/CXCL6/FCGR1A/ITGB2/LGALS9/NLRP6/PTGDS/RAC2/TREM1/TYROBP",11,"Up in NAFLD","GO_BP"
"GOBP_REGULATION_OF_NEUTROPHIL_CHEMOTAXIS","GOBP_REGULATION_OF_NEUTROPHIL_CHEMOTAXIS","6/431","31/13489",0.193548387096774,6.05748072749046,5.12152035363326,0.000383618710460615,0.00872090207003296,0.00719147159109691,"CCL19/CCL21/CD74/CXCL8/MDK/RAC2",6,"Up in NAFLD","GO_BP"
"GOBP_HYDROGEN_PEROXIDE_METABOLIC_PROCESS","GOBP_HYDROGEN_PEROXIDE_METABOLIC_PROCESS","7/431","43/13489",0.162790697674419,5.09485782118383,4.88596760298014,0.000385467190719911,0.00872090207003296,0.00719147159109691,"CYBA/HBA1/HBA2/HBB/MPO/NOXA1/RAC2",7,"Up in NAFLD","GO_BP"
"GOBP_LABYRINTHINE_LAYER_DEVELOPMENT","GOBP_LABYRINTHINE_LAYER_DEVELOPMENT","7/431","43/13489",0.162790697674419,5.09485782118383,4.88596760298014,0.000385467190719911,0.00872090207003296,0.00719147159109691,"ADM/CCN1/JUNB/PLCD3/SOCS3/SPINT1/ST14",7,"Up in NAFLD","GO_BP"
"GOBP_REGULATION_OF_INTRINSIC_APOPTOTIC_SIGNALING_PATHWAY","GOBP_REGULATION_OF_INTRINSIC_APOPTOTIC_SIGNALING_PATHWAY","15/431","171/13489",0.087719298245614,2.7453494525176,4.172871638548,0.000388145949851547,0.00872090207003296,0.00719147159109691,"ACKR3/BAX/BBC3/BDKRB2/CD74/HSPB1/MIF/MMP9/MUC1/MYC/PYCARD/S100A8/S100A9/SNAI1/TREM2",15,"Up in NAFLD","GO_BP"
"GOBP_GLIAL_CELL_DEVELOPMENT","GOBP_GLIAL_CELL_DEVELOPMENT","12/431","118/13489",0.101694915254237,3.18274411105431,4.32649260782424,0.000388295278689795,0.00872090207003296,0.00719147159109691,"ABCA2/C1QA/GSTP1/ID4/LAMC3/MDK/MXRA8/S100A8/S100A9/SOX11/TENM4/TREM2",12,"Up in NAFLD","GO_BP"
"GOBP_GAS_TRANSPORT","GOBP_GAS_TRANSPORT","4/431","12/13489",0.333333333333333,10.4323279195669,5.93863975481727,0.000414865377665231,0.00907245075894229,0.00748136733684392,"AQP1/HBA1/HBA2/HBB",4,"Up in NAFLD","GO_BP"
"GOBP_NEGATIVE_REGULATION_OF_FIBRINOLYSIS","GOBP_NEGATIVE_REGULATION_OF_FIBRINOLYSIS","4/431","12/13489",0.333333333333333,10.4323279195669,5.93863975481727,0.000414865377665231,0.00907245075894229,0.00748136733684392,"PLAU/SERPINE1/THBD/THBS1",4,"Up in NAFLD","GO_BP"
"GOBP_RESPONSE_TO_UV_A","GOBP_RESPONSE_TO_UV_A","4/431","12/13489",0.333333333333333,10.4323279195669,5.93863975481727,0.000414865377665231,0.00907245075894229,0.00748136733684392,"CCND1/CRYAA/MMP9/TIMP1",4,"Up in NAFLD","GO_BP"
"GOBP_TRANSFORMING_GROWTH_FACTOR_BETA1_PRODUCTION","GOBP_TRANSFORMING_GROWTH_FACTOR_BETA1_PRODUCTION","4/431","12/13489",0.333333333333333,10.4323279195669,5.93863975481727,0.000414865377665231,0.00907245075894229,0.00748136733684392,"COL3A1/LUM/THBS1/TYROBP",4,"Up in NAFLD","GO_BP"
"GOBP_POSITIVE_REGULATION_OF_GLIOGENESIS","GOBP_POSITIVE_REGULATION_OF_GLIOGENESIS","8/431","57/13489",0.140350877192982,4.39255912402817,4.6630341167344,0.000425951311930067,0.00925400105134341,0.00763107819928376,"CXCR4/E2F1/EGR2/LIF/MDK/SPINT1/TENM4/TSPO",8,"Up in NAFLD","GO_BP"
"GOBP_REGULATION_OF_CELL_ADHESION_MEDIATED_BY_INTEGRIN","GOBP_REGULATION_OF_CELL_ADHESION_MEDIATED_BY_INTEGRIN","7/431","44/13489",0.159090909090909,4.97906559797511,4.80287313801331,0.000445973014240792,0.00962606687880775,0.00793789288505142,"CCL21/FERMT3/LIF/MUC1/PLAU/SERPINE1/TESC",7,"Up in NAFLD","GO_BP"
"GOBP_SEQUESTERING_OF_CALCIUM_ION","GOBP_SEQUESTERING_OF_CALCIUM_ION","12/431","120/13489",0.1,3.12969837587007,4.2572910588011,0.000453109013494497,0.00971699587648845,0.00801287518600795,"BAX/CCL19/CCL21/CORO1A/CXCL9/CYBA/ITPR3/LIME1/PLCH2/RYR2/THY1/TRPM2",12,"Up in NAFLD","GO_BP"
"GOBP_ADAPTIVE_IMMUNE_RESPONSE_BASED_ON_SOMATIC_RECOMBINATION_OF_IMMUNE_RECEPTORS_BUILT_FROM_IMMUNOGLOBULIN_SUPERFAMILY_DOMAINS","GOBP_ADAPTIVE_IMMUNE_RESPONSE_BASED_ON_SOMATIC_RECOMBINATION_OF_IMMUNE_RECEPTORS_BUILT_FROM_IMMUNOGLOBULIN_SUPERFAMILY_DOMAINS","21/431","292/13489",0.0719178082191781,2.25081047579697,3.92572079836257,0.000462486937165937,0.00985452935345881,0.00812628869352294,"C1QA/C1QB/C1QC/CARD9/CCL19/CCR6/CD69/CD74/EBI3/FCGR1A/IRF7/JUNB/KDM5D/LGALS9/RELB/SECTM1/SOCS3/TAP2/TCIRG1/TREM2/ZC3H12A",21,"Up in NAFLD","GO_BP"
"GOBP_REGULATION_OF_GLIAL_CELL_DIFFERENTIATION","GOBP_REGULATION_OF_GLIAL_CELL_DIFFERENTIATION","8/431","58/13489",0.137931034482759,4.31682534602768,4.59892690840552,0.000480550610012614,0.0101742052718594,0.00838990136421621,"CXCR4/EGR2/ID4/LIF/MDK/SPINT1/TENM4/TREM2",8,"Up in NAFLD","GO_BP"
"GOBP_RESPONSE_TO_CALCIUM_ION","GOBP_RESPONSE_TO_CALCIUM_ION","12/431","121/13489",0.0991735537190083,3.10383310003643,4.22323095230187,0.000488793528803255,0.0102832258844432,0.00847980245838558,"CCND1/D2HGDH/DUSP1/FOS/FOSB/ITPR3/JUN/JUNB/NEUROD2/RYR2/THBS1/TRPM2",12,"Up in NAFLD","GO_BP"
"GOBP_CELLULAR_DEFENSE_RESPONSE","GOBP_CELLULAR_DEFENSE_RESPONSE","7/431","45/13489",0.155555555555556,4.86841969579789,4.72225757987107,0.000513823004326867,0.0106083705986491,0.00874792483339106,"CCR6/CXCL9/DCDC2/LGALS3BP/LSP1/TCIRG1/TYROBP",7,"Up in NAFLD","GO_BP"
"GOBP_DENDRITIC_CELL_DIFFERENTIATION","GOBP_DENDRITIC_CELL_DIFFERENTIATION","7/431","45/13489",0.155555555555556,4.86841969579789,4.72225757987107,0.000513823004326867,0.0106083705986491,0.00874792483339106,"CCL19/LGALS3/LGALS9/RELB/TREM2/TRPM2/UBD",7,"Up in NAFLD","GO_BP"
"GOBP_NEGATIVE_REGULATION_OF_LEUKOCYTE_MIGRATION","GOBP_NEGATIVE_REGULATION_OF_LEUKOCYTE_MIGRATION","7/431","45/13489",0.155555555555556,4.86841969579789,4.72225757987107,0.000513823004326867,0.0106083705986491,0.00874792483339106,"CCL2/CCL21/CD69/DUSP1/EMILIN1/MIF/NBL1",7,"Up in NAFLD","GO_BP"
"GOBP_REGULATION_OF_LEUKOCYTE_DIFFERENTIATION","GOBP_REGULATION_OF_LEUKOCYTE_DIFFERENTIATION","21/431","295/13489",0.0711864406779661,2.22792087773802,3.87406794448448,0.000529026661120777,0.0108548433429967,0.00895117235580574,"ADAM8/C1QC/CCL19/CD69/CD74/EGR3/FOS/FSTL3/GLI2/IRF7/JUNB/LGALS3/LGALS9/LIF/MDK/MYC/TESC/TREM2/TYROBP/ZAP70/ZC3H12A",21,"Up in NAFLD","GO_BP"
"GOBP_MONOCYTE_DIFFERENTIATION","GOBP_MONOCYTE_DIFFERENTIATION","6/431","33/13489",0.181818181818182,5.69036068340013,4.90093906759934,0.00054673491599064,0.0110813832972737,0.00913798280641609,"CD74/FASN/IRF7/JUN/MT1G/MYC",6,"Up in NAFLD","GO_BP"
"GOBP_TRANSFORMING_GROWTH_FACTOR_BETA_PRODUCTION","GOBP_TRANSFORMING_GROWTH_FACTOR_BETA_PRODUCTION","6/431","33/13489",0.181818181818182,5.69036068340013,4.90093906759934,0.00054673491599064,0.0110813832972737,0.00913798280641609,"COL3A1/LGALS9/LUM/THBS1/TYROBP/WNT11",6,"Up in NAFLD","GO_BP"
"GOBP_PHOSPHATIDYLINOSITOL_3_KINASE_PROTEIN_KINASE_B_SIGNAL_TRANSDUCTION","GOBP_PHOSPHATIDYLINOSITOL_3_KINASE_PROTEIN_KINASE_B_SIGNAL_TRANSDUCTION","21/431","298/13489",0.0704697986577181,2.20549214406951,3.82303028130345,0.000603742548536062,0.0121626680686901,0.0100296369785512,"ADAM8/ADRA2A/C1QTNF1/CCL19/CCL21/CHI3L1/COL6A2/HBEGF/HCST/HYAL2/KLF4/LIME1/NOX4/PDGFA/PHLDA3/PIP5K1C/RGCC/SERPINA12/SFRP5/THBS1/TREM2",21,"Up in NAFLD","GO_BP"
"GOBP_LEUKOCYTE_MEDIATED_IMMUNITY","GOBP_LEUKOCYTE_MEDIATED_IMMUNITY","24/431","362/13489",0.0662983425414365,2.07493814974811,3.76642306374586,0.000608445301895554,0.0121835673704869,0.0100468710598353,"C1QA/C1QB/C1QC/CARD9/CCR6/CD74/CORO1A/CTSG/CXCL6/FCGR1A/HCST/IRF7/ITGB2/KDM5D/LGALS9/NLRP6/PTGDS/RAC2/SECTM1/TAP2/TCIRG1/TREM1/TREM2/TYROBP",24,"Up in NAFLD","GO_BP"
"GOBP_MULTI_MULTICELLULAR_ORGANISM_PROCESS","GOBP_MULTI_MULTICELLULAR_ORGANISM_PROCESS","15/431","179/13489",0.0837988826815642,2.62265227028218,3.9704253137591,0.000629313685235819,0.0125259801779872,0.0103292331317622,"ADRA2A/COL16A1/FOS/FOSB/JUNB/LGALS9/LIF/MAFF/MMP9/PSG2/SPP1/STC2/THBD/TIMP1/TPPP3",15,"Up in NAFLD","GO_BP"
"GOBP_RESPONSE_TO_MECHANICAL_STIMULUS","GOBP_RESPONSE_TO_MECHANICAL_STIMULUS","16/431","199/13489",0.0804020100502513,2.5163404027096,3.91502767298554,0.000660791216916488,0.0130742262204191,0.010781330381269,"ANKRD1/AQP1/BTG2/CHI3L1/COL1A1/CYBA/FOS/FOSB/GSN/JUN/MDK/MPO/MYC/RYR2/THBS1/WNT11",16,"Up in NAFLD","GO_BP"
"GOBP_DECIDUALIZATION","GOBP_DECIDUALIZATION","5/431","23/13489",0.217391304347826,6.80369212145667,5.06084527833499,0.000679860042499362,0.0132932634192228,0.0109619538741074,"JUNB/LIF/SPP1/STC2/TPPP3",5,"Up in NAFLD","GO_BP"
"GOBP_RESPONSE_TO_MUSCLE_STRETCH","GOBP_RESPONSE_TO_MUSCLE_STRETCH","5/431","23/13489",0.217391304347826,6.80369212145667,5.06084527833499,0.000679860042499362,0.0132932634192228,0.0109619538741074,"ANKRD1/FOS/GSN/JUN/RYR2",5,"Up in NAFLD","GO_BP"
"GOBP_NEGATIVE_REGULATION_OF_CELL_CELL_ADHESION","GOBP_NEGATIVE_REGULATION_OF_CELL_CELL_ADHESION","15/431","181/13489",0.0828729281767956,2.59367268718514,3.92153506400987,0.000706470082719985,0.0137327868711183,0.0113243957857977,"C1QTNF1/CCL21/CD69/CD74/CTSG/EPCAM/GPNMB/KLF4/LGALS3/LGALS9/MDK/RGCC/TNFRSF14/TSPAN32/ZC3H12A",15,"Up in NAFLD","GO_BP"
"GOBP_REGULATION_OF_LEUKOCYTE_PROLIFERATION","GOBP_REGULATION_OF_LEUKOCYTE_PROLIFERATION","18/431","241/13489",0.0746887966804979,2.33753405666644,3.80638130893826,0.000747909514792579,0.0144537862044798,0.0119189496727043,"CCL19/CD74/CDKN1A/CORO1A/CSF2RA/EBI3/GPNMB/GSTP1/LGALS3/LGALS9/MIF/PYCARD/RAC2/SOX11/TNFRSF14/TSPAN32/TYROBP/ZAP70",18,"Up in NAFLD","GO_BP"
"GOBP_ANTIGEN_PROCESSING_AND_PRESENTATION_OF_PEPTIDE_ANTIGEN","GOBP_ANTIGEN_PROCESSING_AND_PRESENTATION_OF_PEPTIDE_ANTIGEN","8/431","62/13489",0.129032258064516,4.03832048499364,4.35626221915267,0.000758497817840204,0.0145030293025693,0.0119595567496012,"CD74/CTSD/FCGR1A/HLA-DQB2/HLA-DRB5/PYCARD/TAP2/TREM2",8,"Up in NAFLD","GO_BP"
"GOBP_POSITIVE_REGULATION_OF_GLIAL_CELL_DIFFERENTIATION","GOBP_POSITIVE_REGULATION_OF_GLIAL_CELL_DIFFERENTIATION","6/431","35/13489",0.171428571428571,5.36519721577726,4.69771063066317,0.000759183844358322,0.0145030293025693,0.0119595567496012,"CXCR4/EGR2/LIF/MDK/SPINT1/TENM4",6,"Up in NAFLD","GO_BP"
"GOBP_BRANCHING_INVOLVED_IN_LABYRINTHINE_LAYER_MORPHOGENESIS","GOBP_BRANCHING_INVOLVED_IN_LABYRINTHINE_LAYER_MORPHOGENESIS","4/431","14/13489",0.285714285714286,8.94199535962877,5.40136270571552,0.00079735222078536,0.0147244376771696,0.0121421355726613,"ADM/SOCS3/SPINT1/ST14",4,"Up in NAFLD","GO_BP"
"GOBP_NEUTROPHIL_MEDIATED_CYTOTOXICITY","GOBP_NEUTROPHIL_MEDIATED_CYTOTOXICITY","4/431","14/13489",0.285714285714286,8.94199535962877,5.40136270571552,0.00079735222078536,0.0147244376771696,0.0121421355726613,"CTSG/CXCL6/NLRP6/TREM1",4,"Up in NAFLD","GO_BP"
"GOBP_ONE_CARBON_COMPOUND_TRANSPORT","GOBP_ONE_CARBON_COMPOUND_TRANSPORT","4/431","14/13489",0.285714285714286,8.94199535962877,5.40136270571552,0.00079735222078536,0.0147244376771696,0.0121421355726613,"AQP1/HBA1/HBA2/HBB",4,"Up in NAFLD","GO_BP"
"GOBP_REGULATION_OF_URINE_VOLUME","GOBP_REGULATION_OF_URINE_VOLUME","4/431","14/13489",0.285714285714286,8.94199535962877,5.40136270571552,0.00079735222078536,0.0147244376771696,0.0121421355726613,"ADM/HAS2/HYAL2/SLC4A1",4,"Up in NAFLD","GO_BP"
"GOBP_RESPONSE_TO_ALDOSTERONE","GOBP_RESPONSE_TO_ALDOSTERONE","4/431","14/13489",0.285714285714286,8.94199535962877,5.40136270571552,0.00079735222078536,0.0147244376771696,0.0121421355726613,"CARD9/CYBA/SCNN1D/SGK1",4,"Up in NAFLD","GO_BP"
"GOBP_T_CELL_ACTIVATION_VIA_T_CELL_RECEPTOR_CONTACT_WITH_ANTIGEN_BOUND_TO_MHC_MOLECULE_ON_ANTIGEN_PRESENTING_CELL","GOBP_T_CELL_ACTIVATION_VIA_T_CELL_RECEPTOR_CONTACT_WITH_ANTIGEN_BOUND_TO_MHC_MOLECULE_ON_ANTIGEN_PRESENTING_CELL","4/431","14/13489",0.285714285714286,8.94199535962877,5.40136270571552,0.00079735222078536,0.0147244376771696,0.0121421355726613,"LGALS3/LGALS9/TREM2/TYROBP",4,"Up in NAFLD","GO_BP"
"GOBP_MACROPHAGE_ACTIVATION","GOBP_MACROPHAGE_ACTIVATION","10/431","94/13489",0.106382978723404,3.32946635730858,4.11740030221678,0.000822891602785483,0.0151121087715964,0.0124618187476208,"C1QA/CD74/ITGB2/JUN/MIF/NR4A1/THBS1/TREM2/TYROBP/ZC3H12A",10,"Up in NAFLD","GO_BP"
"GOBP_ODONTOGENESIS_OF_DENTIN_CONTAINING_TOOTH","GOBP_ODONTOGENESIS_OF_DENTIN_CONTAINING_TOOTH","8/431","63/13489",0.126984126984127,3.97422015983501,4.29876939157089,0.000845041302779707,0.0154336114859327,0.0127269378394353,"BAX/GLI2/JAG2/KLK4/LAMA5/RELT/SERPINE1/TCIRG1",8,"Up in NAFLD","GO_BP"
"GOBP_NEGATIVE_REGULATION_OF_LEUKOCYTE_CELL_CELL_ADHESION","GOBP_NEGATIVE_REGULATION_OF_LEUKOCYTE_CELL_CELL_ADHESION","12/431","129/13489",0.0930232558139535,2.91134732639076,3.96282889558205,0.000869049041025456,0.015745456053848,0.0129840925847806,"CCL21/CD69/CD74/CTSG/GPNMB/KLF4/LGALS3/LGALS9/MDK/TNFRSF14/TSPAN32/ZC3H12A",12,"Up in NAFLD","GO_BP"
"GOBP_NEURON_PROJECTION_REGENERATION","GOBP_NEURON_PROJECTION_REGENERATION","7/431","49/13489",0.142857142857143,4.47099767981438,4.42208219385562,0.000871589625122752,0.015745456053848,0.0129840925847806,"JUN/KLF4/RTN4R/SPP1/THY1/TSPO/ULK1",7,"Up in NAFLD","GO_BP"
"GOBP_NEUTROPHIL_MEDIATED_IMMUNITY","GOBP_NEUTROPHIL_MEDIATED_IMMUNITY","6/431","36/13489",0.166666666666667,5.21616395978345,4.60185841265623,0.000886806344463431,0.0159337529134943,0.0131393668334724,"CARD9/CTSG/CXCL6/ITGB2/NLRP6/TREM1",6,"Up in NAFLD","GO_BP"
"GOBP_NEGATIVE_REGULATION_OF_VASCULATURE_DEVELOPMENT","GOBP_NEGATIVE_REGULATION_OF_VASCULATURE_DEVELOPMENT","10/431","95/13489",0.105263157894737,3.29441934302113,4.07712035869334,0.000894085580604172,0.0159781745695068,0.0131759980299562,"ADAMTS1/CLDN5/COL4A2/EMILIN1/KLF2/KLF4/RGCC/SERPINE1/THBS1/THBS2",10,"Up in NAFLD","GO_BP"
"GOBP_EMBRYONIC_PLACENTA_DEVELOPMENT","GOBP_EMBRYONIC_PLACENTA_DEVELOPMENT","9/431","79/13489",0.113924050632911,3.56547916238362,4.15471970572044,0.000907053776612015,0.0161232446709002,0.013295626424417,"ADM/CCN1/JUNB/LIF/PLCD3/SNAI1/SOCS3/SPINT1/ST14",9,"Up in NAFLD","GO_BP"
"GOBP_POSITIVE_REGULATION_OF_CELL_ACTIVATION","GOBP_POSITIVE_REGULATION_OF_CELL_ACTIVATION","23/431","352/13489",0.0653409090909091,2.04497337059692,3.6091300927656,0.000956604970422223,0.0169135900089546,0.0139473647423263,"ADAM8/CCL19/CCL2/CCL21/CD74/CDKN1A/CORO1A/EBI3/EGR3/GLI2/HLA-DQB2/HLA-DRB5/ICOS/LGALS9/MDK/MIF/PYCARD/THBS1/THY1/TNFRSF14/TREM2/TYROBP/ZAP70",23,"Up in NAFLD","GO_BP"
"GOBP_LEUKOCYTE_APOPTOTIC_PROCESS","GOBP_LEUKOCYTE_APOPTOTIC_PROCESS","11/431","113/13489",0.0973451327433628,3.04660903845759,3.9690362100726,0.000970911592930433,0.0170757149994749,0.0140810570202776,"ADAM8/BAX/BBC3/CCL19/CCL21/CD74/IRF7/LGALS3/LGALS9/MIF/MYC",11,"Up in NAFLD","GO_BP"
"GOBP_NEGATIVE_REGULATION_OF_IMMUNE_SYSTEM_PROCESS","GOBP_NEGATIVE_REGULATION_OF_IMMUNE_SYSTEM_PROCESS","29/431","488/13489",0.0594262295081967,1.85986173975885,3.51499117138875,0.00100359517240571,0.0175576334372452,0.014478458886119,"C1QC/CCL2/CCL21/CD69/CD74/COL3A1/CTSG/DUSP1/EMILIN1/FSTL3/GPNMB/ISG15/LGALS3/LGALS9/MDK/MIF/MYC/NBL1/NLRP6/SOX11/TBC1D10C/THBS1/THY1/TNFRSF14/TREM2/TSPAN32/TYROBP/ZC3H12A/ZDHHC12",29,"Up in NAFLD","GO_BP"
"GOBP_ANTIGEN_PROCESSING_AND_PRESENTATION_OF_EXOGENOUS_PEPTIDE_ANTIGEN","GOBP_ANTIGEN_PROCESSING_AND_PRESENTATION_OF_EXOGENOUS_PEPTIDE_ANTIGEN","6/431","37/13489",0.162162162162162,5.07518655546498,4.50950641564741,0.00103033104942022,0.0178789287379612,0.014743406939531,"CD74/CTSD/FCGR1A/HLA-DQB2/HLA-DRB5/TAP2",6,"Up in NAFLD","GO_BP"
"GOBP_REGULATION_OF_HEMOPOIESIS","GOBP_REGULATION_OF_HEMOPOIESIS","24/431","376/13489",0.0638297872340425,1.99767981438515,3.56457829951159,0.0010327179054418,0.0178789287379612,0.014743406939531,"ADAM8/C1QC/CCL19/CD69/CD74/EGR3/FOS/FSTL3/GLI2/H4C8/IRF7/ISG15/JUNB/LGALS3/LGALS9/LIF/MDK/MYC/TESC/TREM2/TYROBP/ZAP70/ZC3H12A/ZFP36",24,"Up in NAFLD","GO_BP"
"GOBP_NEGATIVE_REGULATION_OF_LOCOMOTION","GOBP_NEGATIVE_REGULATION_OF_LOCOMOTION","20/431","290/13489",0.0689655172413793,2.15841267301384,3.62297941237348,0.00105492484558335,0.0180696809333983,0.0149007059188578,"CCL2/CCL21/CD69/CD74/CLDN3/CLDN5/COL3A1/CORO1B/DUSP1/EMILIN1/GSTP1/HYAL2/KLF4/MIF/NBL1/RGCC/SERPINE1/THBS1/THY1/TIMP1",20,"Up in NAFLD","GO_BP"
"GOBP_DENDRITIC_CELL_ANTIGEN_PROCESSING_AND_PRESENTATION","GOBP_DENDRITIC_CELL_ANTIGEN_PROCESSING_AND_PRESENTATION","4/431","15/13489",0.266666666666667,8.34586233565352,5.17147256234154,0.00106004445908925,0.0180696809333983,0.0149007059188578,"CCL19/CCL21/CD74/THBS1",4,"Up in NAFLD","GO_BP"
"GOBP_SYNAPSE_PRUNING","GOBP_SYNAPSE_PRUNING","4/431","15/13489",0.266666666666667,8.34586233565352,5.17147256234154,0.00106004445908925,0.0180696809333983,0.0149007059188578,"C1QA/C1QB/C1QC/TREM2",4,"Up in NAFLD","GO_BP"
"GOBP_SKELETAL_SYSTEM_DEVELOPMENT","GOBP_SKELETAL_SYSTEM_DEVELOPMENT","26/431","422/13489",0.0616113744075829,1.92825018418535,3.51971424289886,0.00108356783988154,0.0183435283530348,0.0151265272757308,"BBLN/CCN1/CCN2/CHI3L1/COL1A1/COL3A1/COL9A2/CSRNP1/EFEMP1/GLI2/HAS2/HYAL2/JAG2/LAMA5/LUM/MDK/MMP9/MYC/NOTUM/PDGFA/SNAI1/SOX11/TIMP1/TYROBP/VCAN/WNT11",26,"Up in NAFLD","GO_BP"
"GOBP_MUSCLE_CELL_MIGRATION","GOBP_MUSCLE_CELL_MIGRATION","9/431","81/13489",0.111111111111111,3.47744263985563,4.06291932097091,0.00108714653596506,0.0183435283530348,0.0151265272757308,"ADAMTS1/CORO1B/GSTP1/HAS2/MDK/PDGFA/PLAU/S100A11/SERPINE1",9,"Up in NAFLD","GO_BP"
"GOBP_NEGATIVE_REGULATION_OF_LYMPHOCYTE_ACTIVATION","GOBP_NEGATIVE_REGULATION_OF_LYMPHOCYTE_ACTIVATION","13/431","151/13489",0.0860927152317881,2.69444231035172,3.80403046133456,0.00111042731549069,0.018391349736355,0.0151659619714574,"CD69/CD74/CTSG/GPNMB/LGALS3/LGALS9/MDK/SOX11/TBC1D10C/TNFRSF14/TSPAN32/TYROBP/ZC3H12A",13,"Up in NAFLD","GO_BP"
"GOBP_NEGATIVE_REGULATION_OF_CELL_DEVELOPMENT","GOBP_NEGATIVE_REGULATION_OF_CELL_DEVELOPMENT","17/431","229/13489",0.074235807860262,2.32335687291665,3.66941674063034,0.00111161211445769,0.018391349736355,0.0151659619714574,"BTG2/C1QC/CD69/CD74/FSTL3/ID4/MDK/MYC/RTN4R/SEMA3G/SOX11/SPP1/THY1/TREM2/TSPO/ULK1/ZC3H12A",17,"Up in NAFLD","GO_BP"
"GOBP_MACROPHAGE_MIGRATION","GOBP_MACROPHAGE_MIGRATION","7/431","51/13489",0.137254901960784,4.29566443746872,4.28385573521599,0.00111211230355215,0.018391349736355,0.0151659619714574,"CCL2/EMILIN1/LGALS3/MDK/MIF/THBS1/TREM2",7,"Up in NAFLD","GO_BP"
"GOBP_POSITIVE_CHEMOTAXIS","GOBP_POSITIVE_CHEMOTAXIS","7/431","51/13489",0.137254901960784,4.29566443746872,4.28385573521599,0.00111211230355215,0.018391349736355,0.0151659619714574,"CCL2/CORO1A/CXCL8/GPNMB/LGALS3/MIF/S100A4",7,"Up in NAFLD","GO_BP"
"GOBP_EPITHELIAL_CELL_APOPTOTIC_PROCESS","GOBP_EPITHELIAL_CELL_APOPTOTIC_PROCESS","8/431","66/13489",0.121212121212121,3.79357378893342,4.1331522320109,0.00115316550891927,0.0188823751312692,0.0155708736594543,"BAX/E2F1/GSN/JAG2/MDK/RYR2/WNT11/ZFP36",8,"Up in NAFLD","GO_BP"
"GOBP_NEGATIVE_REGULATION_OF_ERK1_AND_ERK2_CASCADE","GOBP_NEGATIVE_REGULATION_OF_ERK1_AND_ERK2_CASCADE","8/431","66/13489",0.121212121212121,3.79357378893342,4.1331522320109,0.00115316550891927,0.0188823751312692,0.0155708736594543,"ATF3/DUSP1/EMILIN1/GSTP1/KLF4/LIF/NLRP6/TBC1D10C",8,"Up in NAFLD","GO_BP"
"GOBP_JNK_CASCADE","GOBP_JNK_CASCADE","14/431","171/13489",0.0818713450292398,2.5623261556831,3.73529008520772,0.001184727544242,0.0193040899855902,0.0159186301610225,"CARD9/CCL19/CCL21/CCN2/CDC42EP5/EDA2R/GADD45B/GADD45G/GSTP1/JUN/MAP1LC3A/MAP2K7/PYCARD/SH2D3C",14,"Up in NAFLD","GO_BP"
"GOBP_REGULATION_OF_P38MAPK_CASCADE","GOBP_REGULATION_OF_P38MAPK_CASCADE","6/431","38/13489",0.157894736842105,4.94162901453169,4.4204281885448,0.00119103848201498,0.0193122532400868,0.0159253617826291,"DUSP1/GADD45B/GADD45G/LGALS9/TREM2/ZC3H12A",6,"Up in NAFLD","GO_BP"
"GOBP_CELLULAR_RESPONSE_TO_ABIOTIC_STIMULUS","GOBP_CELLULAR_RESPONSE_TO_ABIOTIC_STIMULUS","21/431","315/13489",0.0666666666666667,2.08646558391338,3.54475727590944,0.00122460774675552,0.0196281595589714,0.0161858659483063,"ANKRD1/AQP1/BAX/BBC3/BDKRB2/CDKN1A/COL1A1/CRIP1/CYBA/FXYD2/HYAL2/LCN2/MMP9/MYC/NEUROD2/PYCARD/RELB/SCNN1D/TIMP1/TSPO/WNT11",21,"Up in NAFLD","GO_BP"
"GOBP_EMBRYONIC_PLACENTA_MORPHOGENESIS","GOBP_EMBRYONIC_PLACENTA_MORPHOGENESIS","5/431","26/13489",0.192307692307692,6.01865072282706,4.65346877716402,0.00122823621788991,0.0196281595589714,0.0161858659483063,"ADM/CCN1/SOCS3/SPINT1/ST14",5,"Up in NAFLD","GO_BP"
"GOBP_ENDOTHELIAL_CELL_CHEMOTAXIS","GOBP_ENDOTHELIAL_CELL_CHEMOTAXIS","5/431","26/13489",0.192307692307692,6.01865072282706,4.65346877716402,0.00122823621788991,0.0196281595589714,0.0161858659483063,"CORO1B/EGR3/HSPB1/NR4A1/THBS1",5,"Up in NAFLD","GO_BP"
"GOBP_EXTRACELLULAR_MATRIX_ASSEMBLY","GOBP_EXTRACELLULAR_MATRIX_ASSEMBLY","6/431","39/13489",0.153846153846154,4.81492057826165,4.33441752722303,0.00137024843293721,0.0217928506750397,0.0179709237943515,"COL3A1/EFEMP2/EMILIN1/HAS2/LTBP4/RGCC",6,"Up in NAFLD","GO_BP"
"GOBP_REGULATION_OF_WOUND_HEALING","GOBP_REGULATION_OF_WOUND_HEALING","11/431","118/13489",0.0932203389830508,2.91751543513312,3.80077367451246,0.00138639447389285,0.0219446439581897,0.018096096290812,"ADRA2A/C1QTNF1/CLDN3/EMILIN1/HBEGF/PDGFA/PLAU/SERPINE1/THBD/THBS1/TNFRSF12A",11,"Up in NAFLD","GO_BP"
"GOBP_RESPONSE_TO_AXON_INJURY","GOBP_RESPONSE_TO_AXON_INJURY","8/431","68/13489",0.117647058823529,3.68199808925891,4.0280473202554,0.00140413547638198,0.0221160338906846,0.0182374286691186,"BAX/JUN/KLF4/RTN4R/SPP1/TREM2/TSPO/TYROBP",8,"Up in NAFLD","GO_BP"
"GOBP_NEGATIVE_REGULATION_OF_RESPONSE_TO_WOUNDING","GOBP_NEGATIVE_REGULATION_OF_RESPONSE_TO_WOUNDING","9/431","84/13489",0.107142857142857,3.35324825986079,3.93050236269172,0.00141052923731202,0.0221160338906846,0.0182374286691186,"C1QTNF1/MDK/PDGFA/PLAU/RTN4R/SERPINE1/SPP1/THBD/THBS1",9,"Up in NAFLD","GO_BP"
"GOBP_INTERLEUKIN_1_BETA_PRODUCTION","GOBP_INTERLEUKIN_1_BETA_PRODUCTION","9/431","85/13489",0.105882352941176,3.31379828033301,3.88769180232289,0.00153405997615441,0.0239399782194238,0.0197414982846854,"CCL19/GSTP1/HSPB1/LGALS9/LPL/PYCARD/TREM2/TYROBP/ZC3H12A",9,"Up in NAFLD","GO_BP"
"GOBP_REGULATION_OF_MACROPHAGE_MIGRATION","GOBP_REGULATION_OF_MACROPHAGE_MIGRATION","6/431","40/13489",0.15,4.6945475638051,4.25128619524912,0.0015693172604459,0.0243757503444961,0.0201008467594743,"CCL2/EMILIN1/MDK/MIF/THBS1/TREM2",6,"Up in NAFLD","GO_BP"
"GOBP_MAINTENANCE_OF_LOCATION","GOBP_MAINTENANCE_OF_LOCATION","15/431","196/13489",0.076530612244898,2.39517732847199,3.5745388805303,0.00158430338937117,0.0244940672849757,0.020198413835606,"BAX/CCL19/CCL21/CORO1A/CXCL9/CYBA/ITPR3/LIME1/NBL1/PLCH2/RYR2/SRGN/THY1/TRPM2/TSPO",15,"Up in NAFLD","GO_BP"
"GOBP_PLACENTA_DEVELOPMENT","GOBP_PLACENTA_DEVELOPMENT","12/431","139/13489",0.0863309352517986,2.70189787844898,3.66415929431797,0.00166386143248647,0.0256049787110418,0.0211144988800915,"ADM/CCN1/JUNB/LIF/PLCD3/SNAI1/SOCS3/SPINT1/SPP1/ST14/STC2/TPPP3",12,"Up in NAFLD","GO_BP"
"GOBP_REGULATION_OF_INFLAMMATORY_RESPONSE","GOBP_REGULATION_OF_INFLAMMATORY_RESPONSE","22/431","346/13489",0.0635838150289017,1.98998162627577,3.38915952608297,0.00173315325390057,0.026425581249797,0.0217911880342237,"ADAM8/CCL24/DAGLA/FABP4/FCGR1A/GSTP1/HYAL2/IER3/KLF4/LPL/MDK/METRNL/MMP9/NLRP6/PLA2G7/PYCARD/S100A12/S100A8/S100A9/SERPINE1/SOCS3/TREM2",22,"Up in NAFLD","GO_BP"
"GOBP_NEGATIVE_REGULATION_OF_LEUKOCYTE_CHEMOTAXIS","GOBP_NEGATIVE_REGULATION_OF_LEUKOCYTE_CHEMOTAXIS","4/431","17/13489",0.235294117647059,7.36399617851781,4.76993449965521,0.00175693545613873,0.026425581249797,0.0217911880342237,"CCL2/DUSP1/MIF/NBL1",4,"Up in NAFLD","GO_BP"
"GOBP_REGULATION_OF_FIBRINOLYSIS","GOBP_REGULATION_OF_FIBRINOLYSIS","4/431","17/13489",0.235294117647059,7.36399617851781,4.76993449965521,0.00175693545613873,0.026425581249797,0.0217911880342237,"PLAU/SERPINE1/THBD/THBS1",4,"Up in NAFLD","GO_BP"
"GOBP_REGULATION_OF_PLASMINOGEN_ACTIVATION","GOBP_REGULATION_OF_PLASMINOGEN_ACTIVATION","4/431","17/13489",0.235294117647059,7.36399617851781,4.76993449965521,0.00175693545613873,0.026425581249797,0.0217911880342237,"CLEC3B/PLAU/SERPINE1/THBS1",4,"Up in NAFLD","GO_BP"
"GOBP_RESPONSE_TO_MAGNESIUM_ION","GOBP_RESPONSE_TO_MAGNESIUM_ION","4/431","17/13489",0.235294117647059,7.36399617851781,4.76993449965521,0.00175693545613873,0.026425581249797,0.0217911880342237,"CCND1/D2HGDH/FGF23/THBS1",4,"Up in NAFLD","GO_BP"
"GOBP_CELL_ACTIVATION_INVOLVED_IN_IMMUNE_RESPONSE","GOBP_CELL_ACTIVATION_INVOLVED_IN_IMMUNE_RESPONSE","19/431","282/13489",0.0673758865248227,2.10866202629544,3.41818622148868,0.00182557262570726,0.0272832914378614,0.0224984770739727,"CCL19/CCR6/CD69/CD74/CORO1A/ICOS/ITGB2/JUNB/LGALS3/LGALS9/MDK/PTGDS/PYCARD/RAC2/RELB/SOCS3/TREM2/TYROBP/ZC3H12A",19,"Up in NAFLD","GO_BP"
"GOBP_POSITIVE_REGULATION_OF_HEMOPOIESIS","GOBP_POSITIVE_REGULATION_OF_HEMOPOIESIS","14/431","179/13489",0.0782122905027933,2.4478087855967,3.54260537337202,0.00183037725350273,0.0272832914378614,0.0224984770739727,"ADAM8/CCL19/CD74/EGR3/FOS/GLI2/LGALS3/LGALS9/LIF/MDK/TESC/TREM2/TYROBP/ZAP70",14,"Up in NAFLD","GO_BP"
"GOBP_REGULATION_OF_CALCIUM_ION_TRANSPORT","GOBP_REGULATION_OF_CALCIUM_ION_TRANSPORT","15/431","199/13489",0.0753768844221105,2.35906912754025,3.50897017207514,0.00184028883703103,0.027308571849514,0.0225193239268271,"ADRA2A/BAX/CCL2/CORO1A/CXCL9/CYBA/LGALS3/LIME1/RGS4/RYR2/SPINK1/STC2/THY1/TRPV2/TSPO",15,"Up in NAFLD","GO_BP"
"GOBP_MODULATION_OF_PROCESS_OF_ANOTHER_ORGANISM","GOBP_MODULATION_OF_PROCESS_OF_ANOTHER_ORGANISM","10/431","105/13489",0.0952380952380952,2.98066511987626,3.70157727913755,0.00192526133383297,0.0283642837244996,0.0233898900559241,"CARD9/CD74/CXCL6/FASN/FCN1/GSN/IFI27/JUN/NLRP6/ZC3H12A",10,"Up in NAFLD","GO_BP"
"GOBP_ALPHA_BETA_T_CELL_ACTIVATION","GOBP_ALPHA_BETA_T_CELL_ACTIVATION","14/431","180/13489",0.0777777777777778,2.43420984789894,3.51925164135537,0.00192849823156947,0.0283642837244996,0.0233898900559241,"CCL19/CD69/EBI3/ICOS/JUNB/LGALS3/LGALS9/MYC/RELB/SOCS3/TCIRG1/TNFRSF14/ZAP70/ZC3H12A",14,"Up in NAFLD","GO_BP"
"GOBP_CALCIUM_ION_TRANSMEMBRANE_IMPORT_INTO_CYTOSOL","GOBP_CALCIUM_ION_TRANSMEMBRANE_IMPORT_INTO_CYTOSOL","13/431","161/13489",0.0807453416149068,2.52708564511248,3.54134242521748,0.00198510986490258,0.0290683048058862,0.0239704432562315,"BAX/CCL19/CCL21/CORO1A/CXCL9/CYBA/ITPR3/LIME1/PLCH2/RYR2/THY1/TRPM2/TRPV2",13,"Up in NAFLD","GO_BP"
"GOBP_RESPONSE_TO_ZINC_ION","GOBP_RESPONSE_TO_ZINC_ION","6/431","42/13489",0.142857142857143,4.47099767981438,4.09298683468023,0.00203262277010623,0.0296209127372148,0.0244261374272301,"CRIP1/D2HGDH/GABRB3/MT1G/S100A8/TSPO",6,"Up in NAFLD","GO_BP"
"GOBP_NEGATIVE_REGULATION_OF_INTRINSIC_APOPTOTIC_SIGNALING_PATHWAY_IN_RESPONSE_TO_DNA_DAMAGE","GOBP_NEGATIVE_REGULATION_OF_INTRINSIC_APOPTOTIC_SIGNALING_PATHWAY_IN_RESPONSE_TO_DNA_DAMAGE","5/431","29/13489",0.172413793103448,5.3960316825346,4.30537876391855,0.00204958180793002,0.0296209127372148,0.0244261374272301,"ACKR3/CD74/MIF/MUC1/SNAI1",5,"Up in NAFLD","GO_BP"
"GOBP_POSITIVE_REGULATION_OF_LEUKOCYTE_APOPTOTIC_PROCESS","GOBP_POSITIVE_REGULATION_OF_LEUKOCYTE_APOPTOTIC_PROCESS","5/431","29/13489",0.172413793103448,5.3960316825346,4.30537876391855,0.00204958180793002,0.0296209127372148,0.0244261374272301,"ADAM8/BAX/BBC3/LGALS9/MYC",5,"Up in NAFLD","GO_BP"
"GOBP_REGULATION_OF_EPITHELIAL_CELL_PROLIFERATION","GOBP_REGULATION_OF_EPITHELIAL_CELL_PROLIFERATION","20/431","307/13489",0.0651465798045603,2.03889145007822,3.34520538925103,0.00208422635401097,0.0299912051979761,0.0247314897509436,"BAX/CCL2/CCL24/CCND1/CYBA/EGFL7/EGR3/GPC3/HAS2/IQGAP3/JUN/LAMA5/MDK/MYC/NR4A1/RGCC/SOX11/THBS1/WDR13/ZFP36",20,"Up in NAFLD","GO_BP"
"GOBP_REGULATION_OF_MONOATOMIC_ION_TRANSPORT","GOBP_REGULATION_OF_MONOATOMIC_ION_TRANSPORT","22/431","352/13489",0.0625,1.95606148491879,3.30204613136077,0.00214781308015497,0.030620799768332,0.0252506690090369,"ADRA2A/BAX/CCL2/CORO1A/CXCL9/CYBA/FXYD2/LCN2/LGALS3/LIME1/MMP9/RGS4/RYR2/SIK1/SPINK1/STC2/TCIRG1/TESC/THY1/TREM2/TRPV2/TSPO",22,"Up in NAFLD","GO_BP"
"GOBP_POSITIVE_REGULATION_OF_INTERLEUKIN_8_PRODUCTION","GOBP_POSITIVE_REGULATION_OF_INTERLEUKIN_8_PRODUCTION","7/431","57/13489",0.12280701754386,3.84348923352465,3.9083437669758,0.00215561586816778,0.030620799768332,0.0252506690090369,"CD74/CHI3L1/FCN1/HYAL2/LGALS9/PYCARD/SERPINE1",7,"Up in NAFLD","GO_BP"
"GOBP_REGULATION_OF_PROTEIN_MATURATION","GOBP_REGULATION_OF_PROTEIN_MATURATION","7/431","57/13489",0.12280701754386,3.84348923352465,3.9083437669758,0.00215561586816778,0.030620799768332,0.0252506690090369,"ADAM8/CHAC1/CLEC3B/GSN/PLAU/SERPINE1/THBS1",7,"Up in NAFLD","GO_BP"
"GOBP_CHEMOKINE_C_X_C_MOTIF_LIGAND_2_PRODUCTION","GOBP_CHEMOKINE_C_X_C_MOTIF_LIGAND_2_PRODUCTION","4/431","18/13489",0.222222222222222,6.95488527971126,4.59286642897825,0.00220248290684649,0.0307607276569652,0.0253660570076437,"CD74/KLF4/LPL/MIF",4,"Up in NAFLD","GO_BP"
"GOBP_IMMUNOLOGICAL_SYNAPSE_FORMATION","GOBP_IMMUNOLOGICAL_SYNAPSE_FORMATION","4/431","18/13489",0.222222222222222,6.95488527971126,4.59286642897825,0.00220248290684649,0.0307607276569652,0.0253660570076437,"CCL19/CCL21/CORO1A/LGALS3",4,"Up in NAFLD","GO_BP"
"GOBP_POSITIVE_REGULATION_OF_CELLULAR_EXTRAVASATION","GOBP_POSITIVE_REGULATION_OF_CELLULAR_EXTRAVASATION","4/431","18/13489",0.222222222222222,6.95488527971126,4.59286642897825,0.00220248290684649,0.0307607276569652,0.0253660570076437,"ADAM8/MDK/PLVAP/THY1",4,"Up in NAFLD","GO_BP"
"GOBP_POSITIVE_REGULATION_OF_TRANSFORMING_GROWTH_FACTOR_BETA_PRODUCTION","GOBP_POSITIVE_REGULATION_OF_TRANSFORMING_GROWTH_FACTOR_BETA_PRODUCTION","4/431","18/13489",0.222222222222222,6.95488527971126,4.59286642897825,0.00220248290684649,0.0307607276569652,0.0253660570076437,"LGALS9/LUM/THBS1/WNT11",4,"Up in NAFLD","GO_BP"
"GOBP_RENAL_SYSTEM_PROCESS","GOBP_RENAL_SYSTEM_PROCESS","10/431","107/13489",0.0934579439252336,2.9249517531496,3.6318282839953,0.00221659417581467,0.030828280503799,0.0254217627563154,"ADM/AMN/AQP1/CYBA/GSN/HAS2/HBB/HYAL2/SGK1/SLC4A1",10,"Up in NAFLD","GO_BP"
"GOBP_POSITIVE_REGULATION_OF_JNK_CASCADE","GOBP_POSITIVE_REGULATION_OF_JNK_CASCADE","9/431","90/13489",0.1,3.12969837587007,3.6827924355733,0.00228838341708656,0.0316941103266488,0.026135747447778,"CARD9/CCL19/CCL21/CCN2/EDA2R/GADD45B/GADD45G/MAP2K7/PYCARD",9,"Up in NAFLD","GO_BP"
"GOBP_ZYMOGEN_ACTIVATION","GOBP_ZYMOGEN_ACTIVATION","6/431","43/13489",0.13953488372093,4.36702098958614,4.01751567259933,0.00229972908027699,0.0317190849080527,0.0261563421054434,"CLEC3B/HGFAC/PLAU/SERPINE1/THBD/THBS1",6,"Up in NAFLD","GO_BP"
"GOBP_LYMPHOCYTE_ACTIVATION_INVOLVED_IN_IMMUNE_RESPONSE","GOBP_LYMPHOCYTE_ACTIVATION_INVOLVED_IN_IMMUNE_RESPONSE","15/431","204/13489",0.0735294117647059,2.30124880578682,3.40226964080298,0.00234327970381964,0.0320537519979279,0.0264323168669974,"CCL19/CCR6/CD69/CD74/CORO1A/ICOS/JUNB/LGALS3/LGALS9/MDK/RELB/SOCS3/TREM2/TYROBP/ZC3H12A",15,"Up in NAFLD","GO_BP"
"GOBP_NEGATIVE_REGULATION_OF_APOPTOTIC_SIGNALING_PATHWAY","GOBP_NEGATIVE_REGULATION_OF_APOPTOTIC_SIGNALING_PATHWAY","15/431","204/13489",0.0735294117647059,2.30124880578682,3.40226964080298,0.00234327970381964,0.0320537519979279,0.0264323168669974,"ACKR3/BAX/BDKRB2/CD74/GSTP1/HSPB1/IER3/KLF4/LGALS3/MIF/MMP9/MUC1/SERPINE1/SNAI1/THBS1",15,"Up in NAFLD","GO_BP"
"GOBP_BIOMINERAL_TISSUE_DEVELOPMENT","GOBP_BIOMINERAL_TISSUE_DEVELOPMENT","12/431","145/13489",0.0827586206896552,2.59009520761661,3.49734273528848,0.00237750928489461,0.0323652695367769,0.0266892019360844,"CCN1/CLEC3B/COL1A1/FGF23/GPC3/ISG15/KLK4/NOTUM/SPP1/SRGN/TCIRG1/WNT11",12,"Up in NAFLD","GO_BP"
"GOBP_VASCULAR_ASSOCIATED_SMOOTH_MUSCLE_CELL_PROLIFERATION","GOBP_VASCULAR_ASSOCIATED_SMOOTH_MUSCLE_CELL_PROLIFERATION","7/431","58/13489",0.120689655172414,3.77722217777422,3.85074294589639,0.00238552678595378,0.0323652695367769,0.0266892019360844,"ADAMTS1/CDKN1A/EFEMP2/GSTP1/JUN/MMP9/RGCC",7,"Up in NAFLD","GO_BP"
"GOBP_POSITIVE_REGULATION_OF_COAGULATION","GOBP_POSITIVE_REGULATION_OF_COAGULATION","5/431","30/13489",0.166666666666667,5.21616395978345,4.19996628295063,0.00239592940874006,0.0323742656693169,0.0266966203695298,"EMILIN1/PLAU/SERPINE1/THBD/THBS1",5,"Up in NAFLD","GO_BP"
"GOBP_REGULATION_OF_NEUROGENESIS","GOBP_REGULATION_OF_NEUROGENESIS","20/431","311/13489",0.0643086816720257,2.01266776583284,3.2824378411326,0.00242284147597006,0.0326053646401801,0.0268871902980015,"BTG2/CXCR4/E2F1/EGR2/ID4/LIF/MDK/METRN/RTN4R/SEMA3G/SOX11/SPINT1/SPP1/TENM4/THY1/TNFRSF12A/TREM2/TRPV2/TSPO/ULK1",20,"Up in NAFLD","GO_BP"
"GOBP_REGULATION_OF_CELL_SUBSTRATE_ADHESION","GOBP_REGULATION_OF_CELL_SUBSTRATE_ADHESION","15/431","205/13489",0.0731707317073171,2.29002320185615,3.38130307980142,0.00245644355577702,0.0329242676588823,0.0271501656164828,"CCL21/CCN1/COL16A1/COL1A1/EFEMP2/EMILIN1/FBLN2/HAS2/MDK/PLAU/RAC2/SERPINE1/SPOCK2/THBS1/THY1",15,"Up in NAFLD","GO_BP"
"GOBP_POSITIVE_REGULATION_OF_COLD_INDUCED_THERMOGENESIS","GOBP_POSITIVE_REGULATION_OF_COLD_INDUCED_THERMOGENESIS","9/431","91/13489",0.0989010989010989,3.09530608602534,3.64352929280961,0.00246966466844493,0.0329685355739396,0.0271866700343716,"ACHE/ADRB1/CXCR4/FABP4/FGF21/GADD45G/LCN2/MFAP2/TRPV2",9,"Up in NAFLD","GO_BP"
"GOBP_SMOOTH_MUSCLE_CELL_PROLIFERATION","GOBP_SMOOTH_MUSCLE_CELL_PROLIFERATION","11/431","127/13489",0.0866141732283465,2.71076237280085,3.51908614320012,0.00249715821026413,0.0332022155636719,0.0273793683348539,"ADAMTS1/CDKN1A/CYBA/EFEMP2/GSTP1/HBEGF/JUN/KLF4/MMP9/RGCC/THBS1",11,"Up in NAFLD","GO_BP"
"GOBP_RESPONSE_TO_UV","GOBP_RESPONSE_TO_UV","12/431","146/13489",0.0821917808219178,2.57235482948225,3.47035837359454,0.00251770319862855,0.0333420136742681,0.0274946493152809,"AQP1/BAX/CCND1/CDKN1A/COL6A2/CRIP1/CRYAA/HYAL2/MAP2K7/MMP9/MYC/TIMP1",12,"Up in NAFLD","GO_BP"
"GOBP_ANTIGEN_PROCESSING_AND_PRESENTATION_OF_EXOGENOUS_ANTIGEN","GOBP_ANTIGEN_PROCESSING_AND_PRESENTATION_OF_EXOGENOUS_ANTIGEN","6/431","44/13489",0.136363636363636,4.26777051255009,3.94431477176592,0.00259242740649323,0.0341953519808868,0.0281983331934351,"CD74/CTSD/FCGR1A/HLA-DQB2/HLA-DRB5/TAP2",6,"Up in NAFLD","GO_BP"
"GOBP_MUSCLE_CELL_PROLIFERATION","GOBP_MUSCLE_CELL_PROLIFERATION","14/431","186/13489",0.0752688172043011,2.35568694957962,3.38232373735796,0.00261319199438636,0.0342888145073915,0.0282754047049362,"ADAMTS1/CDKN1A/CYBA/EFEMP2/FOS/GSTP1/HBEGF/JUN/KLF4/MMP9/RGCC/SIX5/TENM4/THBS1",14,"Up in NAFLD","GO_BP"
"GOBP_REGULATION_OF_EXTRACELLULAR_MATRIX_ORGANIZATION","GOBP_REGULATION_OF_EXTRACELLULAR_MATRIX_ORGANIZATION","7/431","59/13489",0.11864406779661,3.71320146289669,3.79440884164392,0.00263387042243663,0.0342888145073915,0.0282754047049362,"AEBP1/EFEMP2/EMILIN1/FSCN1/HAS2/RGCC/ZNF469",7,"Up in NAFLD","GO_BP"
"GOBP_INTERLEUKIN_8_PRODUCTION","GOBP_INTERLEUKIN_8_PRODUCTION","8/431","75/13489",0.106666666666667,3.33834493426141,3.68921645913499,0.00264077512451631,0.0342888145073915,0.0282754047049362,"CD74/CHI3L1/FCN1/HYAL2/KLF4/LGALS9/PYCARD/SERPINE1",8,"Up in NAFLD","GO_BP"
"GOBP_ROOF_OF_MOUTH_DEVELOPMENT","GOBP_ROOF_OF_MOUTH_DEVELOPMENT","8/431","75/13489",0.106666666666667,3.33834493426141,3.68921645913499,0.00264077512451631,0.0342888145073915,0.0282754047049362,"CLDN5/CSRNP1/GABRB3/JAG2/MSC/SNAI1/SOX11/WNT11",8,"Up in NAFLD","GO_BP"
"GOBP_RENAL_SYSTEM_DEVELOPMENT","GOBP_RENAL_SYSTEM_DEVELOPMENT","19/431","292/13489",0.0650684931506849,2.03644757334011,3.25293389670503,0.00270343145568107,0.0349657827186143,0.0288336494392526,"ADAMTS1/AQP1/BAX/COL4A1/EPCAM/GLI2/GLIS2/GPC3/HAS2/HS3ST3A1/HYAL2/ID3/LAMA5/LIF/MMP9/MYC/PDGFA/SOX11/WNT11",19,"Up in NAFLD","GO_BP"
"GOBP_REGULATION_OF_B_CELL_APOPTOTIC_PROCESS","GOBP_REGULATION_OF_B_CELL_APOPTOTIC_PROCESS","4/431","19/13489",0.210526315789474,6.58883868604225,4.42882641473383,0.00272019244113781,0.0350462002881476,0.0288999637565192,"BAX/CD74/MIF/MYC",4,"Up in NAFLD","GO_BP"
"GOBP_PLACENTA_BLOOD_VESSEL_DEVELOPMENT","GOBP_PLACENTA_BLOOD_VESSEL_DEVELOPMENT","5/431","31/13489",0.161290322580645,5.04790060624205,4.09915656853923,0.00278291223533226,0.0357158311592449,0.0294521579386515,"CCN1/JUNB/PLCD3/SOCS3/SPINT1",5,"Up in NAFLD","GO_BP"
"GOBP_LYMPHOCYTE_APOPTOTIC_PROCESS","GOBP_LYMPHOCYTE_APOPTOTIC_PROCESS","8/431","76/13489",0.105263157894737,3.29441934302113,3.64410356219207,0.00287110504710229,0.0365653378412568,0.0301526821643653,"ADAM8/BAX/BBC3/CD74/LGALS3/LGALS9/MIF/MYC",8,"Up in NAFLD","GO_BP"
"GOBP_NEGATIVE_REGULATION_OF_CANONICAL_NF_KAPPAB_SIGNAL_TRANSDUCTION","GOBP_NEGATIVE_REGULATION_OF_CANONICAL_NF_KAPPAB_SIGNAL_TRANSDUCTION","8/431","76/13489",0.105263157894737,3.29441934302113,3.64410356219207,0.00287110504710229,0.0365653378412568,0.0301526821643653,"CARD19/GSTP1/KLF4/NLRP6/PYCARD/TMC8/TREM2/ZC3H12A",8,"Up in NAFLD","GO_BP"
"GOBP_REGULATION_OF_MYELOID_LEUKOCYTE_DIFFERENTIATION","GOBP_REGULATION_OF_MYELOID_LEUKOCYTE_DIFFERENTIATION","10/431","111/13489",0.0900900900900901,2.81954808636943,3.49706345398566,0.00290546742142777,0.036861731713076,0.030397095883479,"C1QC/CD74/FOS/FSTL3/IRF7/LIF/MYC/TESC/TREM2/TYROBP",10,"Up in NAFLD","GO_BP"
"GOBP_CONNECTIVE_TISSUE_DEVELOPMENT","GOBP_CONNECTIVE_TISSUE_DEVELOPMENT","17/431","251/13489",0.0677290836653386,2.11971603146578,3.25317667802525,0.00294951052085144,0.037278224225514,0.0307405459127362,"CCN1/CCN2/CHI3L1/COL1A1/COL3A1/COL5A1/CRIP1/EFEMP1/HYAL2/ID4/LPL/LUM/MDK/PDGFA/SNAI1/TIMP1/WNT11",17,"Up in NAFLD","GO_BP"
"GOBP_CELLULAR_RESPONSE_TO_ALCOHOL","GOBP_CELLULAR_RESPONSE_TO_ALCOHOL","9/431","94/13489",0.0957446808510638,2.99651972157773,3.5289073307346,0.00308270992714885,0.0388141204463742,0.0320070839325981,"BTG2/CCL19/CCL21/FOS/KLF2/KLF4/OSBPL7/SCNN1D/SGK1",9,"Up in NAFLD","GO_BP"
"GOBP_NEGATIVE_REGULATION_OF_MAPK_CASCADE","GOBP_NEGATIVE_REGULATION_OF_MAPK_CASCADE","12/431","150/13489",0.08,2.50375870069606,3.36462159495746,0.00314743083198457,0.0394794720208177,0.0325557493008453,"ATF3/DUSP1/DUSP2/DUSP8/EMILIN1/GSTP1/KLF4/LIF/MYC/NLRP6/TBC1D10C/TREM2",12,"Up in NAFLD","GO_BP"
"GOBP_NEGATIVE_REGULATION_OF_CELL_CYCLE_G1_S_PHASE_TRANSITION","GOBP_NEGATIVE_REGULATION_OF_CELL_CYCLE_G1_S_PHASE_TRANSITION","7/431","61/13489",0.114754098360656,3.59145715263778,3.6853383405339,0.00318968564025155,0.0397097942629069,0.0327456787195547,"CCL2/CCND1/CDKN1A/GPNMB/KLF4/MUC1/SUSD2",7,"Up in NAFLD","GO_BP"
"GOBP_NEGATIVE_REGULATION_OF_TUMOR_NECROSIS_FACTOR_SUPERFAMILY_CYTOKINE_PRODUCTION","GOBP_NEGATIVE_REGULATION_OF_TUMOR_NECROSIS_FACTOR_SUPERFAMILY_CYTOKINE_PRODUCTION","7/431","61/13489",0.114754098360656,3.59145715263778,3.6853383405339,0.00318968564025155,0.0397097942629069,0.0327456787195547,"GPNMB/GSTP1/LGALS9/THBS1/TREM2/TSPO/ZC3H12A",7,"Up in NAFLD","GO_BP"
"GOBP_REGULATION_OF_DENDRITIC_CELL_CHEMOTAXIS","GOBP_REGULATION_OF_DENDRITIC_CELL_CHEMOTAXIS","3/431","10/13489",0.3,9.38909512761021,4.82125790565978,0.00328743602830598,0.0407740199928697,0.0336232655840879,"CCL21/CCR6/LGALS9",3,"Up in NAFLD","GO_BP"
"GOBP_POSITIVE_REGULATION_OF_HEART_RATE","GOBP_POSITIVE_REGULATION_OF_HEART_RATE","4/431","20/13489",0.2,6.25939675174014,4.27619337922866,0.00331548393918658,0.0408172911624304,0.0336589480609819,"ADM/ADRB1/RGS4/RYR2",4,"Up in NAFLD","GO_BP"
"GOBP_POSITIVE_REGULATION_OF_RELEASE_OF_CYTOCHROME_C_FROM_MITOCHONDRIA","GOBP_POSITIVE_REGULATION_OF_RELEASE_OF_CYTOCHROME_C_FROM_MITOCHONDRIA","4/431","20/13489",0.2,6.25939675174014,4.27619337922866,0.00331548393918658,0.0408172911624304,0.0336589480609819,"BAX/BBC3/MMP9/PYCARD",4,"Up in NAFLD","GO_BP"
"GOBP_RENAL_TUBULE_DEVELOPMENT","GOBP_RENAL_TUBULE_DEVELOPMENT","8/431","78/13489",0.102564102564103,3.20994705217443,3.55608939749726,0.00337854276601988,0.0414401334105169,0.0341725591870878,"AQP1/COL4A1/GPC3/HS3ST3A1/LAMA5/LIF/MYC/WNT11",8,"Up in NAFLD","GO_BP"
"GOBP_CELLULAR_RESPONSE_TO_OXYGEN_LEVELS","GOBP_CELLULAR_RESPONSE_TO_OXYGEN_LEVELS","12/431","152/13489",0.0789473684210526,2.47081450726584,3.31302493707913,0.0035070025485517,0.0428576340859774,0.0353414653112563,"ADAM8/ANKRD1/AQP1/BBC3/E2F1/FOS/LCN2/MAP1LC3A/MYC/RGCC/STC2/TREM2",12,"Up in NAFLD","GO_BP"
"GOBP_MEMBRANE_PROTEIN_ECTODOMAIN_PROTEOLYSIS","GOBP_MEMBRANE_PROTEIN_ECTODOMAIN_PROTEOLYSIS","6/431","47/13489",0.127659574468085,3.9953596287703,3.73714576127279,0.00363911244645188,0.0443091933040514,0.0365384569522294,"ADAM8/ADRA2A/BACE2/MMP7/SPPL2B/TIMP1",6,"Up in NAFLD","GO_BP"
"GOBP_REGULATION_OF_INTRINSIC_APOPTOTIC_SIGNALING_PATHWAY_BY_P53_CLASS_MEDIATOR","GOBP_REGULATION_OF_INTRINSIC_APOPTOTIC_SIGNALING_PATHWAY_BY_P53_CLASS_MEDIATOR","5/431","33/13489",0.151515151515152,4.74196723616677,3.90996655807546,0.00368930914248063,0.0445467583145761,0.0367343589369676,"BDKRB2/CD74/MIF/MUC1/MYC",5,"Up in NAFLD","GO_BP"
"GOBP_EXTRINSIC_APOPTOTIC_SIGNALING_PATHWAY","GOBP_EXTRINSIC_APOPTOTIC_SIGNALING_PATHWAY","15/431","214/13489",0.0700934579439252,2.1937138148622,3.19789296325879,0.00369364421096513,0.0445467583145761,0.0367343589369676,"ATF3/BAX/BCL2A1/GSTP1/HYAL2/IFI27/KLF4/LCN2/LGALS3/LTB/PYCARD/SERPINE1/THBS1/TMC8/TNFRSF12A",15,"Up in NAFLD","GO_BP"
"GOBP_POSITIVE_REGULATION_OF_MONOATOMIC_ION_TRANSPORT","GOBP_POSITIVE_REGULATION_OF_MONOATOMIC_ION_TRANSPORT","12/431","153/13489",0.0784313725490196,2.45466539283927,3.28753292084594,0.00369882830770849,0.0445467583145761,0.0367343589369676,"ADRA2A/BAX/CCL2/CXCL9/FXYD2/LCN2/LGALS3/TESC/THY1/TREM2/TRPV2/TSPO",12,"Up in NAFLD","GO_BP"
"GOBP_INTERLEUKIN_6_PRODUCTION","GOBP_INTERLEUKIN_6_PRODUCTION","11/431","134/13489",0.082089552238806,2.56915538317692,3.31642733170991,0.00378578927473611,0.0454294712968333,0.0374622658993457,"CARD9/CD74/CYBA/HYAL2/KLF2/LGALS9/LPL/PYCARD/TREM2/TYROBP/ZC3H12A",11,"Up in NAFLD","GO_BP"
"GOBP_NEGATIVE_REGULATION_OF_PROTEIN_MATURATION","GOBP_NEGATIVE_REGULATION_OF_PROTEIN_MATURATION","4/431","21/13489",0.19047619047619,5.96133023975251,4.13361772618661,0.00399362430661437,0.0475799541046099,0.039235607222878,"CHAC1/PLAU/SERPINE1/THBS1",4,"Up in NAFLD","GO_BP"
"GOBP_REGULATION_OF_SUPEROXIDE_ANION_GENERATION","GOBP_REGULATION_OF_SUPEROXIDE_ANION_GENERATION","4/431","21/13489",0.19047619047619,5.96133023975251,4.13361772618661,0.00399362430661437,0.0475799541046099,0.039235607222878,"CYBA/GSTP1/ITGB2/TYROBP",4,"Up in NAFLD","GO_BP"
"GOBP_NEGATIVE_REGULATION_OF_COAGULATION","GOBP_NEGATIVE_REGULATION_OF_COAGULATION","6/431","48/13489",0.125,3.91212296983759,3.6718811835497,0.00404929554040674,0.0480709227725429,0.0396404721324029,"C1QTNF1/PDGFA/PLAU/SERPINE1/THBD/THBS1",6,"Up in NAFLD","GO_BP"
"GOBP_CELLULAR_RESPONSE_TO_METAL_ION","GOBP_CELLULAR_RESPONSE_TO_METAL_ION","12/431","155/13489",0.0774193548387097,2.42299229099618,3.23714574237029,0.00410783698314547,0.0485923492241122,0.0400704532838015,"AQP1/FABP4/FOS/FOSB/GABRB3/JUN/JUNB/MAP1LC3A/MT1G/NEUROD2/TRPM2/TSPO",12,"Up in NAFLD","GO_BP"
"GOBP_PROTEIN_PROCESSING","GOBP_PROTEIN_PROCESSING","15/431","217/13489",0.0691244239631336,2.16338597410373,3.13877066909216,0.00420483630115879,0.0493213580567071,0.0406716120019207,"ADAM8/AEBP1/BACE2/CHAC1/CLEC3B/CTSG/GSN/HGFAC/MYC/PLA2G7/PLAU/SERPINE1/SRGN/THBD/THBS1",15,"Up in NAFLD","GO_BP"
"GOBP_MACROPHAGE_CHEMOTAXIS","GOBP_MACROPHAGE_CHEMOTAXIS","5/431","34/13489",0.147058823529412,4.60249761157363,3.82098550874047,0.00421397884720361,0.0493213580567071,0.0406716120019207,"CCL2/LGALS3/MDK/MIF/THBS1",5,"Up in NAFLD","GO_BP"
"GOBP_MATERNAL_PLACENTA_DEVELOPMENT","GOBP_MATERNAL_PLACENTA_DEVELOPMENT","5/431","34/13489",0.147058823529412,4.60249761157363,3.82098550874047,0.00421397884720361,0.0493213580567071,0.0406716120019207,"JUNB/LIF/SPP1/STC2/TPPP3",5,"Up in NAFLD","GO_BP"
"GOBP_XENOBIOTIC_METABOLIC_PROCESS","GOBP_XENOBIOTIC_METABOLIC_PROCESS","3/14","124/13489",0.0241935483870968,23.3104838709677,8.04467974976445,0.000256302941299806,0.026923641407879,0.0182076963358194,"CYP2C19/UGT2A2/UGT2B17",3,"Down in NAFLD","GO_BP"
"GOBP_TRANSPOSITION","GOBP_TRANSPOSITION","2/14","38/13489",0.0526315789473684,50.7105263157895,9.89091074467322,0.000688376173767151,0.026923641407879,0.0182076963358194,"ASZ1/MAEL",2,"Down in NAFLD","GO_BP"
"GOBP_CELLULAR_RESPONSE_TO_XENOBIOTIC_STIMULUS","GOBP_CELLULAR_RESPONSE_TO_XENOBIOTIC_STIMULUS","3/14","184/13489",0.016304347826087,15.7092391304348,6.47537747229858,0.000813615524427646,0.026923641407879,0.0182076963358194,"CYP2C19/UGT2A2/UGT2B17",3,"Down in NAFLD","GO_BP"
"GOBP_MEIOTIC_CELL_CYCLE_PROCESS","GOBP_MEIOTIC_CELL_CYCLE_PROCESS","3/14","185/13489",0.0162162162162162,15.6243243243243,6.45570929402378,0.000826519232481453,0.026923641407879,0.0182076963358194,"ASZ1/MAEL/SYCE1",3,"Down in NAFLD","GO_BP"
"GOBP_HOMOLOGOUS_CHROMOSOME_PAIRING_AT_MEIOSIS","GOBP_HOMOLOGOUS_CHROMOSOME_PAIRING_AT_MEIOSIS","2/14","43/13489",0.0465116279069767,44.8139534883721,9.27520520535086,0.000881598342438366,0.026923641407879,0.0182076963358194,"MAEL/SYCE1",2,"Down in NAFLD","GO_BP"
"GOBP_MALE_MEIOTIC_NUCLEAR_DIVISION","GOBP_MALE_MEIOTIC_NUCLEAR_DIVISION","2/14","44/13489",0.0454545454545455,43.7954545454545,9.16467330193603,0.000923031809679573,0.026923641407879,0.0182076963358194,"ASZ1/MAEL",2,"Down in NAFLD","GO_BP"
"GOBP_SYNAPTIC_TRANSMISSION_GABAERGIC","GOBP_SYNAPTIC_TRANSMISSION_GABAERGIC","2/14","47/13489",0.0425531914893617,41,8.85422154254748,0.00105287983159304,0.026923641407879,0.0182076963358194,"GABRA3/SLITRK3",2,"Down in NAFLD","GO_BP"
"GOBP_CHROMOSOME_ORGANIZATION_INVOLVED_IN_MEIOTIC_CELL_CYCLE","GOBP_CHROMOSOME_ORGANIZATION_INVOLVED_IN_MEIOTIC_CELL_CYCLE","2/14","55/13489",0.0363636363636364,35.0363636363636,8.15258315483498,0.00143952762954165,0.0296734041236465,0.0200672830004078,"MAEL/SYCE1",2,"Down in NAFLD","GO_BP"
"GOBP_HOMOLOGOUS_CHROMOSOME_SEGREGATION","GOBP_HOMOLOGOUS_CHROMOSOME_SEGREGATION","2/14","56/13489",0.0357142857142857,34.4107142857143,8.07544895265199,0.00149195886655206,0.0296734041236465,0.0200672830004078,"MAEL/SYCE1",2,"Down in NAFLD","GO_BP"
"GOBP_MEIOTIC_CELL_CYCLE","GOBP_MEIOTIC_CELL_CYCLE","3/14","249/13489",0.0120481927710843,11.6084337349398,5.44603412700192,0.00194575729670076,0.0348290556109436,0.0235539041179566,"ASZ1/MAEL/SYCE1",3,"Down in NAFLD","GO_BP"
"GOBP_MEIOTIC_CHROMOSOME_SEGREGATION","GOBP_MEIOTIC_CHROMOSOME_SEGREGATION","2/14","82/13489",0.024390243902439,23.5,6.58714235598164,0.00316820904128916,0.0474597592486802,0.0320956913472404,"MAEL/SYCE1",2,"Down in NAFLD","GO_BP"
"GOBP_STEROID_METABOLIC_PROCESS","GOBP_STEROID_METABOLIC_PROCESS","3/14","296/13489",0.0101351351351351,9.7652027027027,4.91484072042911,0.00318165983790035,0.0474597592486802,0.0320956913472404,"CYP2C19/UGT2A2/UGT2B17",3,"Down in NAFLD","GO_BP"
