"metabolite","n_neighbours","mean_log2FC","reporter_z","pvalue","padj"
"AKG",52,-0.015,4.023,2.871e-05,0.06331
"TAG-VLDL pool",5,0.714,3.465,0.0002647,0.1167
"TAG-chylomicron pool",5,0.714,3.465,0.0002647,0.1167
"VLDL",5,0.714,3.465,0.0002647,0.1167
"chylomicron",5,0.714,3.465,0.0002647,0.1167
"thymidine",13,0.2,3.404,0.0003322,0.1221
"linoleoyl-CoA",41,0.175,3.282,0.0005158,0.1625
"but-2-enoyl-[ACP]",3,0.503,3.206,0.0006722,0.1853
"chondroitin sulfate B - dermatan sulfate (IdoA2S-GalNAc4S), degradation product 2",7,0.25,3.087,0.001012,0.1931
"VLDL remnant",6,0.635,3.079,0.00104,0.1931
"chylomicron remnant",6,0.635,3.079,0.00104,0.1931
"D-lactaldehyde",19,-0.082,3.054,0.001128,0.1931
"propane-1,2-diol",10,0.223,3.044,0.001167,0.1931
"PEP",9,0.266,3.029,0.001226,0.1931
"L-glutamate 5-semialdehyde",3,0.015,2.863,0.002099,0.2679
"xanthosine-5-phosphate",10,-0.112,2.861,0.002111,0.2679
"1-acylglycerol-VLDL pool",4,0.771,2.82,0.002404,0.2679
"fatty acid-VLDL pool",4,0.771,2.82,0.002404,0.2679
"Trans-Delta-2-Heptadecanoyl Coenzyme A",5,0.103,2.771,0.002794,0.2679
"acetylcholine",6,-0.107,2.769,0.00281,0.2679
"lactaldehyde",14,0.113,2.764,0.002851,0.2679
"3-methylcrotonyl-CoA",6,-0.296,2.735,0.003116,0.2679
"(Z,Z,Z)-7,10,13-Hexadecatrienoic Acid",4,0.181,2.731,0.003159,0.2679
"5,8,11,14,17-Eicosapentenoic Acid",4,0.181,2.731,0.003159,0.2679
"7Z,10Z-Hexadecadienoic Acid",4,0.181,2.731,0.003159,0.2679
"Trans-Delta-2-Heptadecanoic Acid",4,0.181,2.731,0.003159,0.2679
"glyceraldehyde",17,0.156,2.702,0.003444,0.2803
"glycogenin G4G4",3,0.11,2.68,0.003686,0.2803
"glycogenin G7",3,0.11,2.68,0.003686,0.2803
"chloride",15,0.323,2.599,0.004671,0.3057
"alpha-tocopherol",7,0.223,2.594,0.004744,0.3057
"cerivastatin-M24",3,-0.501,2.558,0.005261,0.3057
"20-OH-LTB4",10,-0.07,2.554,0.005321,0.3057
"butyryl-[ACP]",4,0.399,2.545,0.005465,0.3057
"(R)-methylmalonyl-CoA",3,-0.358,2.53,0.005711,0.3057
"cytidine",12,0.071,2.514,0.005965,0.3057
"isocaproic-aldehyde",3,1.339,2.505,0.006128,0.3057
"5-hydroxytryptophol",8,-0.208,2.443,0.007286,0.3057
"5-hydroxyindoleacetaldehyde",15,-0.219,2.426,0.007626,0.3057
"dihomo-gamma-linolenoyl-CoA",34,0.144,2.377,0.008716,0.3057
"sn-glycerol-3-phosphate",12,-0.109,2.375,0.008784,0.3057
"noradrenaline",11,0.062,2.37,0.008904,0.3057
"(alpha-D-Glucosyl)-(alpha-D-mannosyl)8-beta-D-mannosyl-diacetylchitobiosyl-L-asparagine (protein)",5,-0.047,2.363,0.009057,0.3057
"lactoneotetraosylceramide",3,0.007,2.363,0.009057,0.3057
"D-glyceraldehyde 3-phosphate",8,0.274,2.359,0.009169,0.3057
"em2emgacpail_prot heparan sulfate",6,0.17,2.354,0.009281,0.3057
"gpi_prot heparan sulfate",6,0.17,2.354,0.009281,0.3057
"N-acetylgalactosamine",9,0.393,2.339,0.009662,0.3057
"2-hydroxy-R-ibuprofen",4,-0.617,2.32,0.01016,0.3057
"3-hydroxy R-ibuprofen",4,-0.617,2.32,0.01016,0.3057
"sulfate",27,0.251,2.317,0.01025,0.3057
"glycophosphatidylinositol-(GPI)-anchored-protein-precursor",5,0.292,2.266,0.01174,0.3057
"gpi_sig",5,0.292,2.266,0.01174,0.3057
"m3gacpail_prot heparan sulfate",5,0.292,2.266,0.01174,0.3057
"mem2emgacpail_prot heparan sulfate",5,0.292,2.266,0.01174,0.3057
"chondroitin sulfate A (GalNAc4S-GlcA), degradation product 5",6,0.368,2.252,0.01215,0.3057
"arachidonyl-CoA",50,0.149,2.241,0.01251,0.3057
"trans,trans,cis-geranyl-geranyl-pp",3,0.248,2.239,0.01259,0.3057
"5-pp-inspP5",7,0.131,2.225,0.01303,0.3057
"2-methylbutyryl-CoA",5,-0.092,2.221,0.01318,0.3057
"4Fe4S iron-sulfur cluster",11,-0.051,2.205,0.01374,0.3057
"trans-4-hydroxy-L-proline",9,0.054,2.204,0.01375,0.3057
"acetate",49,0.068,2.197,0.01401,0.3057
"6-phospho-D-gluconate",4,0.094,2.188,0.01435,0.3057
"D-lactate",16,0,2.186,0.0144,0.3057
"2-methyl-3-oxopropanoate",11,-0.187,2.184,0.01448,0.3057
"2Fe2S iron-sulfur cluster",12,-0.064,2.143,0.01607,0.3057
"cerivastatin",5,-0.227,2.118,0.01708,0.3057
"1-acylglycerol-3P-10,13,16,19-doco",3,-0.103,2.106,0.01761,0.3057
"1-acylglycerol-3P-10,13,16-docosa",3,-0.103,2.106,0.01761,0.3057
"1-acylglycerol-3P-10-heptade",3,-0.103,2.106,0.01761,0.3057
"1-acylglycerol-3P-11,14,17-eico",3,-0.103,2.106,0.01761,0.3057
"1-acylglycerol-3P-11,14-eicosa",3,-0.103,2.106,0.01761,0.3057
"1-acylglycerol-3P-11-docose",3,-0.103,2.106,0.01761,0.3057
"1-acylglycerol-3P-11-eico",3,-0.103,2.106,0.01761,0.3057
"1-acylglycerol-3P-12,15,18,21-tetra",3,-0.103,2.106,0.01761,0.3057
"1-acylglycerol-3P-13,16,19-doco",3,-0.103,2.106,0.01761,0.3057
"1-acylglycerol-3P-13,16-docosa",3,-0.103,2.106,0.01761,0.3057
"1-acylglycerol-3P-13-docose",3,-0.103,2.106,0.01761,0.3057
"1-acylglycerol-3P-13-eicose",3,-0.103,2.106,0.01761,0.3057
"1-acylglycerol-3P-13-octade",3,-0.103,2.106,0.01761,0.3057
"1-acylglycerol-3P-15-tetra",3,-0.103,2.106,0.01761,0.3057
"1-acylglycerol-3P-4,7,10,13,16,19-doco",3,-0.103,2.106,0.01761,0.3057
"1-acylglycerol-3P-4,7,10,13,16-docosa",3,-0.103,2.106,0.01761,0.3057
"1-acylglycerol-3P-5,8,11,14,17-eico",3,-0.103,2.106,0.01761,0.3057
"1-acylglycerol-3P-5,8,11-eico",3,-0.103,2.106,0.01761,0.3057
"1-acylglycerol-3P-5-tetrade",3,-0.103,2.106,0.01761,0.3057
"1-acylglycerol-3P-6,9,12,15,18,21-tetra",3,-0.103,2.106,0.01761,0.3057
"1-acylglycerol-3P-6,9,12,15,18-tetraco",3,-0.103,2.106,0.01761,0.3057
"1-acylglycerol-3P-6,9,12,15-octa",3,-0.103,2.106,0.01761,0.3057
"1-acylglycerol-3P-6,9-octa",3,-0.103,2.106,0.01761,0.3057
"1-acylglycerol-3P-7,10,13,16,19-docosa",3,-0.103,2.106,0.01761,0.3057
"1-acylglycerol-3P-7,10,13,16-docosa",3,-0.103,2.106,0.01761,0.3057
"1-acylglycerol-3P-7-hexade",3,-0.103,2.106,0.01761,0.3057
"1-acylglycerol-3P-7-octade",3,-0.103,2.106,0.01761,0.3057
"1-acylglycerol-3P-7-tetrade",3,-0.103,2.106,0.01761,0.3057
"1-acylglycerol-3P-8,11,14,17-eico",3,-0.103,2.106,0.01761,0.3057
"1-acylglycerol-3P-8,11-eico",3,-0.103,2.106,0.01761,0.3057
"1-acylglycerol-3P-9,12,15,18,21-tetra",3,-0.103,2.106,0.01761,0.3057
"1-acylglycerol-3P-9,12,15,18-tetraco",3,-0.103,2.106,0.01761,0.3057
"1-acylglycerol-3P-9-eicose",3,-0.103,2.106,0.01761,0.3057
"1-acylglycerol-3P-9-heptade",3,-0.103,2.106,0.01761,0.3057
"1-acylglycerol-3P-9-octade",3,-0.103,2.106,0.01761,0.3057
"1-acylglycerol-3P-9-tetrade",3,-0.103,2.106,0.01761,0.3057
"1-acylglycerol-3P-arach",3,-0.103,2.106,0.01761,0.3057
"1-acylglycerol-3P-cis-vac",3,-0.103,2.106,0.01761,0.3057
"1-acylglycerol-3P-dihomo-gamma",3,-0.103,2.106,0.01761,0.3057
"1-acylglycerol-3P-docosa",3,-0.103,2.106,0.01761,0.3057
"1-acylglycerol-3P-eico",3,-0.103,2.106,0.01761,0.3057
"1-acylglycerol-3P-gamma-lin",3,-0.103,2.106,0.01761,0.3057
"1-acylglycerol-3P-heneico",3,-0.103,2.106,0.01761,0.3057
"1-acylglycerol-3P-heptade",3,-0.103,2.106,0.01761,0.3057
"1-acylglycerol-3P-hexacosa",3,-0.103,2.106,0.01761,0.3057
"1-acylglycerol-3P-hexecose",3,-0.103,2.106,0.01761,0.3057
"1-acylglycerol-3P-laur",3,-0.103,2.106,0.01761,0.3057
"1-acylglycerol-3P-lin",3,-0.103,2.106,0.01761,0.3057
"1-acylglycerol-3P-linolen",3,-0.103,2.106,0.01761,0.3057
"1-acylglycerol-3P-myrist",3,-0.103,2.106,0.01761,0.3057
"1-acylglycerol-3P-nanode",3,-0.103,2.106,0.01761,0.3057
"1-acylglycerol-3P-ol",3,-0.103,2.106,0.01761,0.3057
"1-acylglycerol-3P-palm",3,-0.103,2.106,0.01761,0.3057
"1-acylglycerol-3P-palmn",3,-0.103,2.106,0.01761,0.3057
"1-acylglycerol-3P-pentade",3,-0.103,2.106,0.01761,0.3057
"1-acylglycerol-3P-stea",3,-0.103,2.106,0.01761,0.3057
"1-acylglycerol-3P-tetraco",3,-0.103,2.106,0.01761,0.3057
"1-acylglycerol-3P-trico",3,-0.103,2.106,0.01761,0.3057
"1-acylglycerol-3P-tridec",3,-0.103,2.106,0.01761,0.3057
"3,4-dihydroxyphenylethyleneglycol",7,-0.189,2.089,0.01836,0.3163
"oleoyl-CoA",45,0.138,2.085,0.01853,0.3167
"hypoxanthine",4,-0.057,2.048,0.02026,0.3409
"chondroitin sulfate E (GalNAc4,6diS-GlcA), degradation product 6",9,0.323,2.046,0.02038,0.3409
"deamido-NAD",6,-0.116,2.045,0.02041,0.3409
"20-hydroxy-LTE4",6,-0.3,2.027,0.02131,0.3472
"(alpha-D-mannosyl)4-beta-D-mannosyl-diacetylchitobiosyl-L-asparagine (protein)",5,-0.046,2.026,0.02139,0.3472
"(R)-mevalonate",3,0.218,2.025,0.02146,0.3472
"glycerol",21,0.17,2.024,0.02148,0.3472
"methacrylyl-CoA",3,-0.002,2.022,0.02157,0.3472
"2-phospho-D-glycerate",5,0.373,2.019,0.02174,0.3474
"dTMP",15,0.214,2.002,0.02266,0.3595
"IMP",22,0.103,1.991,0.02326,0.3663
"nicotinate ribonucleotide",15,-0.065,1.969,0.0245,0.3804
"rosuvastatin",6,-0.465,1.969,0.02446,0.3804
"cerivastatin-M1",4,-0.24,1.959,0.02507,0.3828
"cerivastatin-M23",4,-0.24,1.959,0.02507,0.3828
"20-oxo-LTB4",11,-0.2,1.948,0.0257,0.3828
"20-oxo-LTE4",11,-0.2,1.948,0.0257,0.3828
"3-methylglutaconyl-CoA",3,-0.238,1.928,0.0269,0.3828
"6'-exomethylene-lovastatin-acid form",5,-0.218,1.926,0.02704,0.3828
"lovastatin lactone form",5,-0.218,1.926,0.02704,0.3828
"lovastatin-hydroxyacid form",5,-0.218,1.926,0.02704,0.3828
"sulfite",12,0.189,1.917,0.02759,0.3828
"3alpha,7alpha-dihydroxy-5beta-cholestan-26-al",13,-0.203,1.916,0.02769,0.3828
"ibuprofen-R",5,-0.512,1.913,0.02785,0.3828
"chondroitin sulfate A (GalNAc4S-GlcA), degradation product 4",7,0.281,1.911,0.02798,0.3828
"chondroitin sulfate A (GalNAc4S-GlcA), free chain",7,0.281,1.911,0.02798,0.3828
"chondroitin sulfate B - dermatan sulfate (IdoA2S-GalNAc4S), free chain",7,0.281,1.911,0.02798,0.3828
"chondroitin sulfate E (GalNAc4,6diS-GlcA), free chain",7,0.281,1.911,0.02798,0.3828
"5-L-gamma-glutamyl",3,0.488,1.904,0.02847,0.3828
"L-3-cyanoalanine",3,0.488,1.904,0.02847,0.3828
"gamma-L-glutamyl-L-alanine",3,0.488,1.904,0.02847,0.3828
"gamma-glutamyl-3-aminopropiononitrile",3,0.488,1.904,0.02847,0.3828
"gamma-glutamyl-beta-cyanoalanine",3,0.488,1.904,0.02847,0.3828
"leukotriene C5",3,0.488,1.904,0.02847,0.3828
"leukotriene D5",3,0.488,1.904,0.02847,0.3828
"2-hydroxyestrone",3,-0.136,1.895,0.02907,0.3838
"4-hydroxy-17beta-estradiol",3,-0.136,1.895,0.02907,0.3838
"4-hydroxyestrone",3,-0.136,1.895,0.02907,0.3838
"sedoheptulose-7-phosphate",5,0.379,1.882,0.02993,0.3919
"3''-hydroxy-lovastatin lactone form",4,-0.389,1.873,0.03057,0.3919
"6'-beta-hydroxy-lovastatin lactone form",4,-0.389,1.873,0.03057,0.3919
"6'-beta-hydroxy-lovastatin-acid form",4,-0.389,1.873,0.03057,0.3919
"6'-exomethylene-lovastatin lactone form",4,-0.389,1.873,0.03057,0.3919
"N-acetyl-D-glucosaminyldiphosphodolichol",3,-0.075,1.849,0.03225,0.4065
"ferricytochrome B5",7,0.267,1.849,0.03226,0.4065
"ferrocytochrome B5",7,0.267,1.849,0.03226,0.4065
"dTDP",13,0.336,1.839,0.03293,0.4104
"(7Z)-octadecenoyl-CoA",32,0.082,1.834,0.03329,0.4104
"alanine",58,0.103,1.833,0.03336,0.4104
"L-dopa",5,0.143,1.832,0.03346,0.4104
"palmitoleoyl-CoA",38,0.082,1.832,0.0335,0.4104
"3-Oxo-Cis-9-Octadecenoyl Coenzyme A",4,0.379,1.828,0.03378,0.4115
"heptadecanoyl-CoA",34,0.071,1.817,0.03458,0.419
"gamma-linolenoyl-CoA",38,0.126,1.803,0.03567,0.4298
"myo-inositol-hexakisphosphate",8,0.109,1.799,0.03602,0.4317
"7-beta-OH-gliclazide",3,-0.609,1.792,0.03659,0.4361
"G10597",3,0.116,1.783,0.03733,0.4402
"methylmalonate",7,-0.196,1.783,0.03732,0.4402
"prostaglandin H2",11,0.072,1.762,0.03905,0.458
"PRPP",10,-0.024,1.752,0.03985,0.4649
"phenylpyruvate",10,-0.114,1.744,0.04061,0.47
"deoxyadenosine",11,0.121,1.743,0.04071,0.47
"myristoyl-CoA",40,0.089,1.736,0.04127,0.474
"Cholic acid-24glucuronide, CA-24G",4,-0.356,1.732,0.04161,0.4754
"sphingosylphosphorylcholine",5,0.437,1.726,0.04221,0.4765
"proline",40,0.091,1.723,0.04246,0.4765
"pravastatin",6,-0.086,1.701,0.04448,0.4765
"chondroitin sulfate E (GalNAc4,6diS-GlcA), precursor 2",5,0.113,1.696,0.04494,0.4765
"decanoic acid",18,0.19,1.693,0.04526,0.4765
"1-pyrroline-5-carboxylate",5,0.37,1.674,0.04711,0.4765
"10,11-dihydro-20-dihydroxy-LTB4",4,0.275,1.663,0.04819,0.4765
"10,11-dihydro-20-trihydroxy-LTB4",4,0.275,1.663,0.04819,0.4765
"12,20-diHETE",4,0.275,1.663,0.04819,0.4765
"12-oxo-20-dihydroxy-LTB4",4,0.275,1.663,0.04819,0.4765
"12-oxo-20-hydroxy-LTB4",4,0.275,1.663,0.04819,0.4765
"12-oxo-20-trihydroxy-LTB4",4,0.275,1.663,0.04819,0.4765
"13-carboxy-alpha-tocopherol",4,0.275,1.663,0.04819,0.4765
"13-carboxy-gamma-tocopherol",4,0.275,1.663,0.04819,0.4765
"13-carboxy-gamma-tocotrienol",4,0.275,1.663,0.04819,0.4765
"13-hydroxy-alpha-tocopherol",4,0.275,1.663,0.04819,0.4765
"13-hydroxy-alpha-tocotrienol",4,0.275,1.663,0.04819,0.4765
"13-hydroxy-gamma-tocopherol",4,0.275,1.663,0.04819,0.4765
"13-hydroxy-gamma-tocotrienol",4,0.275,1.663,0.04819,0.4765
"1D-myo-inositol-bisdiphosphate-tetrakisphosphate",5,0.288,1.663,0.04818,0.4765
"20-OH-10,11-dihydro-LTB4",4,0.275,1.663,0.04819,0.4765
"20-OH-hepoxilin A3",4,0.275,1.663,0.04819,0.4765
"20-dihydroxy-LTB4",4,0.275,1.663,0.04819,0.4765
"20-hydroxy-5S-HETE",4,0.275,1.663,0.04819,0.4765
"20-hydroxy-LTB5",4,0.275,1.663,0.04819,0.4765
"20-trihydroxy-LTB4",4,0.275,1.663,0.04819,0.4765
"5,12,20-TriHETE",4,0.275,1.663,0.04819,0.4765
"alpha-tocotrienol",4,0.275,1.663,0.04819,0.4765
"gamma-tocopherol",4,0.275,1.663,0.04819,0.4765
"gamma-tocotrienol",4,0.275,1.663,0.04819,0.4765
"dimethylallyl-PP",4,0.101,1.658,0.04863,0.4784
"GM2A-GM2",4,0.232,1.65,0.04947,0.4784
"heparan sulfate, precursor 10",3,-0.174,1.625,0.05207,0.4784
"Mannosyl-3-(Phosphoethanolaminyl-Mannosyl)-Glucosaminyl-Acylphosphatidylinositol-Protein (M4A)",4,0.254,1.622,0.05235,0.4784
"glutamate",81,0.072,1.618,0.05284,0.4784
"cis-vaccenoyl-CoA",38,0.075,1.616,0.05303,0.4784
"L-1-pyrroline-3-hydroxy-5-carboxylate",4,0.379,1.615,0.0532,0.4784
"lc3Cer",6,0.361,1.615,0.05312,0.4784
"sphingosine",24,0.159,1.615,0.05311,0.4784
"mem2emgacpail heparan sulfate",9,0.237,1.613,0.05342,0.4784
"tridecylic acid",21,0.23,1.613,0.05335,0.4784
"prostaglandin H1",3,0.227,1.608,0.05395,0.4784
"(R)-S-lactoylglutathione",9,-0.209,1.605,0.05427,0.4784
"(alpha-D-mannosyl)5-beta-D-mannosyl-diacetylchitobiosyl-L-asparagine (protein) (B1)",4,-0.135,1.602,0.05462,0.4784
"(alpha-D-mannosyl)5-beta-D-mannosyl-diacetylchitobiosyl-L-asparagine (protein) (B2)",4,-0.135,1.602,0.05462,0.4784
"(alpha-D-mannosyl)5-beta-D-mannosyl-diacetylchitobiosyl-L-asparagine (protein) (C)",4,-0.135,1.602,0.05462,0.4784
"(alpha-D-mannosyl)6-beta-D-mannosyl-diacetylchitobiosyl-L-asparagine (protein) (A)",4,-0.135,1.602,0.05462,0.4784
"(alpha-D-mannosyl)6-beta-D-mannosyl-diacetylchitobiosyl-L-asparagine (protein) (B1)",4,-0.135,1.602,0.05462,0.4784
"(alpha-D-mannosyl)6-beta-D-mannosyl-diacetylchitobiosyl-L-asparagine (protein) (B2)",4,-0.135,1.602,0.05462,0.4784
"(alpha-D-mannosyl)6-beta-D-mannosyl-diacetylchitobiosyl-L-asparagine (protein) (C)",4,-0.135,1.602,0.05462,0.4784
"(alpha-D-mannosyl)7-beta-D-mannosyl-diacetylchitobiosyl-L-asparagine, isoform A (protein)",4,-0.135,1.602,0.05462,0.4784
"(alpha-D-mannosyl)7-beta-D-mannosyl-diacetylchitobiosyl-L-asparagine, isoform B (protein)",4,-0.135,1.602,0.05462,0.4784
"(alpha-D-mannosyl)7-beta-D-mannosyl-diacetylchitobiosyl-L-asparagine, isoform C (protein)",4,-0.135,1.602,0.05462,0.4784
"(alpha-D-mannosyl)8-beta-D-mannosyl-diacetylchitobiosyl-L-asparagine (protein)",4,-0.135,1.602,0.05462,0.4784
"glucosyl-(alpha-D-mannosyl)6-beta-D-mannosyl-diacetylchitobiosyl-L-asparagine (protein)",4,-0.135,1.602,0.05462,0.4784
"glucosyl-(alpha-D-mannosyl)7-beta-D-mannosyl-diacetylchitobiosyl-L-asparagine, isoform B (protein)",4,-0.135,1.602,0.05462,0.4784
"glucosyl-(alpha-D-mannosyl)7-beta-D-mannosyl-diacetylchitobiosyl-L-asparagine, isoform C (protein)",4,-0.135,1.602,0.05462,0.4784
"myristic acid",26,0.157,1.602,0.05459,0.4784
"procollagen-L-lysine",3,0.075,1.601,0.05468,0.4784
"palmitate",37,0.14,1.596,0.05525,0.4815
"dephospho-CoA",4,-0.087,1.585,0.05654,0.4908
"(6Z,9Z)-octadecadienoyl-CoA",40,0.115,1.575,0.05764,0.4984
"chondroitin sulfate A (GalNAc4S-GlcA), degradation product 2",7,0.318,1.529,0.06316,0.5419
"chondroitin sulfate E (GalNAc4,6diS-GlcA), degradation product 3",7,0.318,1.529,0.06316,0.5419
"em2emgacpail heparan sulfate",10,0.202,1.523,0.06383,0.5447
"(13Z)-eicosenoyl-CoA",28,0.078,1.522,0.06398,0.5447
"stearoyl-CoA",47,0.111,1.511,0.06539,0.5536
"cholesterol-ester pool",10,0.444,1.51,0.06553,0.5536
"dUMP",8,0.258,1.507,0.06595,0.555
"thiosulfate",3,0.473,1.501,0.06663,0.5586
"paragloboside",10,0.095,1.498,0.06707,0.5602
"2-hydroxy-S-ibuprofen",6,-0.338,1.487,0.06847,0.5676
"3-hydroxy S-ibuprofen",6,-0.338,1.487,0.06847,0.5676
"dihydrofolate",5,0.213,1.478,0.06968,0.5717
"globotriaosylceramide",7,0.221,1.477,0.06988,0.5717
"adrenaline",6,0.047,1.476,0.06996,0.5717
"N-acetyl-S-[2-carboxy-1-(1H-imidazol-4-yl)ethyl]-L-cysteine",15,0.047,1.474,0.07026,0.5717
"m3gacpail heparan sulfate",10,0.17,1.474,0.07025,0.5717
"Galactosyl Glucosyl Ceramide",11,0.236,1.464,0.07164,0.5806
"acrylyl-CoA",8,0.053,1.461,0.07203,0.5806
"ethanol",9,-0.185,1.46,0.07215,0.5806
"dATP",40,0.227,1.451,0.07337,0.5883
"adenosine",20,0.139,1.447,0.07396,0.5889
"5-deoxyadenosine",7,-0.037,1.444,0.07432,0.5889
"selenomethionine",18,0.105,1.444,0.07431,0.5889
"cholate",13,-0.193,1.441,0.07473,0.5889
"3,4-dihydroxymandelaldehyde",10,-0.205,1.44,0.07486,0.5889
"dTTP",32,0.204,1.439,0.07505,0.5889
"G10596",6,0.205,1.437,0.07535,0.5892
"isobutyryl-CoA",7,-0.119,1.429,0.07646,0.5957
"isopentenyl-pPP",7,0.389,1.427,0.0768,0.5963
"1D-myo-inositol-1,3,4,5,6-pentakisphosphate",8,0.162,1.424,0.0772,0.5973
"4-acetamidobutanoate",6,0.01,1.416,0.07838,0.5988
"D-glucarate",6,0.01,1.416,0.07838,0.5988
"D-glucurono-6,3-lactone",6,0.01,1.416,0.07838,0.5988
"3'-S-hydroxy-pravastatin",8,-0.07,1.415,0.07848,0.5988
"formylglutathione",6,-0.263,1.411,0.07918,0.602
"nLc5Cer",6,0.202,1.399,0.08095,0.6082
"5,8,11,14,17-Eicosapentenoyl Coenzyme A",7,0.146,1.397,0.08117,0.6082
"7,10,13-Hexadecatrienoyl Coenzyme A",7,0.146,1.397,0.08117,0.6082
"Trans7,10-Hexadecadienoyl Coenzyme A",7,0.146,1.397,0.08117,0.6082
"adenine",4,0.222,1.396,0.08137,0.6082
"G10595",5,0.181,1.392,0.08202,0.611
"glucose",39,0.198,1.385,0.08296,0.6148
"prostaglandin G2",4,-0.193,1.374,0.08474,0.6148
"Trans,Cis,Cis-2,11,14-Eicosatrienoic Acid",4,0.179,1.369,0.08549,0.6148
"3'-hydroxy-simvastatin-lactone form",5,-0.286,1.367,0.08584,0.6148
"6'-beta-carboxy-simvastatin-lactone form",5,-0.286,1.367,0.08584,0.6148
"6'-beta-hydroxy simvastatin lactone",5,-0.286,1.367,0.08584,0.6148
"6'-beta-hydroxy-methyl-simvastatin-lactone form",5,-0.286,1.367,0.08584,0.6148
"deoxycytidine",11,-0.03,1.367,0.08582,0.6148
"palmitoyl-CoA",61,0.111,1.367,0.08577,0.6148
"lauric acid",28,0.161,1.366,0.08596,0.6148
"3',5'-dihydrodiol-simvastatin-lactone form",4,-0.305,1.365,0.08609,0.6148
"6'-exomethylene-simvastatin-lactone form",4,-0.305,1.365,0.08609,0.6148
"glucose-1-phosphate",12,0.024,1.365,0.08616,0.6148
"5-methyl-THF",4,0.015,1.361,0.08676,0.6171
"inosine",10,0.126,1.354,0.08794,0.6229
"chitobiose",3,0.237,1.345,0.08927,0.6229
"chondroitin sulfate C (GalNAc6S-GlcA), degradation product 5",3,0.237,1.345,0.08927,0.6229
"chondroitin sulfate D (GlcNAc6S-GlcA2S), degradation product 2",3,0.237,1.345,0.08927,0.6229
"chondroitin sulfate D (GlcNAc6S-GlcA2S), degradation product 6",3,0.237,1.345,0.08927,0.6229
"chondroitin sulfate E (GalNAc4,6diS-GlcA), degradation product 7",3,0.237,1.345,0.08927,0.6229
"4-hydroxy-atorvastatin-acid / para-hydroxy-atorvastatin acid",8,-0.109,1.34,0.09015,0.6271
"2-aminoadipate 6-semialdehyde",4,-0.13,1.337,0.09061,0.6272
"N,N-chitobiosyldiphosphodolichol",3,-0.092,1.336,0.09074,0.6272
"tyrosine",36,0.104,1.335,0.09102,0.6272
"butyrate",18,0.206,1.327,0.09229,0.634
"heparan sulfate, precursor 9",5,0.015,1.316,0.0941,0.6432
"linolenoyl-CoA",29,0.168,1.314,0.09436,0.6432
"glycogenin G4G7",5,0.14,1.311,0.09499,0.6432
"margaric acid",21,0.244,1.309,0.09524,0.6432
"pentadecylic acid",21,0.244,1.309,0.09524,0.6432
"N-desmethyl-rosuvastatin",3,-0.598,1.308,0.09539,0.6432
"guanosine",11,0.057,1.304,0.0962,0.6448
"thiamin",3,-0.294,1.303,0.09621,0.6448
"pitavastatin",11,-0.081,1.292,0.09821,0.6543
"sulphate-conjugate-acetaminophen",3,0.285,1.292,0.09822,0.6543
"cys-gly",8,0.076,1.289,0.09869,0.6555
"chondroitin sulfate E (GalNAc4,6diS-GlcA), degradation product 5",7,0.28,1.284,0.09958,0.6588
"PS-LD pool",15,0.141,1.283,0.09979,0.6588
"uridine",16,0.122,1.28,0.1003,0.6602
"tiglyl-CoA",8,-0.105,1.275,0.1012,0.6641
"lanosterol",3,0.793,1.27,0.1021,0.668
"NH4+",23,0.205,1.268,0.1025,0.6687
"formate",17,0.102,1.261,0.1037,0.6725
"Chenodeoxycholic acid-24glucuronide, CDCA-24G",6,-0.188,1.256,0.1045,0.6725
"Hyodeoxycholic acid-24glucuronide, HDCA-24G",6,-0.188,1.256,0.1045,0.6725
"beta-alanine",12,0.04,1.255,0.1048,0.6725
"nm4masn",3,0.036,1.253,0.1051,0.6725
"5-hydroxyindoleacetate",6,-0.137,1.241,0.1072,0.6725
"cobamide-coenzyme",3,0.308,1.241,0.1073,0.6725
"(7Z)-tetradecenoyl-CoA",33,0.033,1.239,0.1077,0.6725
"PGH3",4,0.194,1.235,0.1083,0.6725
"4,4-dimethyl-5alpha-cholesta-8,14,24-trien-3beta-ol",3,0.497,1.232,0.1089,0.6725
"4,4-dimethyl-5alpha-cholesta-8,14-dien-3-beta-ol",3,0.497,1.232,0.1089,0.6725
"prostaglandin B1",3,-0.371,1.229,0.1095,0.6725
"prostaglandin B2",3,-0.371,1.229,0.1095,0.6725
"prostaglandin C1",3,-0.371,1.229,0.1095,0.6725
"prostaglandin C2",3,-0.371,1.229,0.1095,0.6725
"prostaglandin D1",3,-0.371,1.229,0.1095,0.6725
"prostaglandin D3",3,-0.371,1.229,0.1095,0.6725
"prostaglandin F1alpha",3,-0.371,1.229,0.1095,0.6725
"prostaglandin F2beta",3,-0.371,1.229,0.1095,0.6725
"dGTP",38,0.177,1.228,0.1098,0.6725
"Acetaminophen glucuronide",4,0.562,1.227,0.1099,0.6725
"gpi heparan sulfate",9,0.189,1.227,0.11,0.6725
"chondroitin sulfate C (GalNAc6S-GlcA) and D (GlcNAc6S-GlcA2S), precursor 1",8,0.101,1.222,0.1109,0.6725
"stearate",25,0.146,1.222,0.1109,0.6725
"methanol",12,-0.21,1.214,0.1125,0.6725
"nicotinamide D-ribonucleotide",11,-0.129,1.199,0.1153,0.6725
"6-beta-OH-gliclazide",4,-0.425,1.195,0.116,0.6725
"Docosanedioicacid",4,-0.03,1.195,0.116,0.6725
"W-Hydroxydecanoicacid",4,-0.03,1.195,0.116,0.6725
"W-Hydroxydocosanoicacid",4,-0.03,1.195,0.116,0.6725
"1,3-bisphospho-D-glycerate",6,0.032,1.182,0.1186,0.6725
"chondroitin sulfate C (GalNAc6S-GlcA), degradation product 1",6,0.235,1.18,0.119,0.6725
"chondroitin sulfate C (GalNAc6S-GlcA), degradation product 4",6,0.235,1.18,0.119,0.6725
"chondroitin sulfate C (GalNAc6S-GlcA), free chain",6,0.235,1.18,0.119,0.6725
"chondroitin sulfate D (GlcNAc6S-GlcA2S), degradation product 1",6,0.235,1.18,0.119,0.6725
"chondroitin sulfate D (GlcNAc6S-GlcA2S), degradation product 5",6,0.235,1.18,0.119,0.6725
"chondroitin sulfate D (GlcNAc6S-GlcA2S), free chain",6,0.235,1.18,0.119,0.6725
"chondroitin sulfate E (GalNAc4,6diS-GlcA), degradation product 2",6,0.235,1.18,0.119,0.6725
"(alpha-D-mannosyl)2-beta-D-mannosyl-N-acetylglucosamine",6,0.277,1.179,0.1192,0.6725
"5-methylthioadenosine",3,-0.063,1.174,0.1201,0.6725
"cocaine",4,0.258,1.174,0.1203,0.6725
"(10Z)-heptadecenoyl-CoA",22,0.035,1.171,0.1208,0.6725
"9-heptadecenoyl-CoA",22,0.035,1.171,0.1208,0.6725
"Midazolam",3,-0.145,1.17,0.121,0.6725
"Tacrolimus",3,-0.145,1.17,0.121,0.6725
"cyclosporine",3,-0.145,1.17,0.121,0.6725
"(6Z,9Z,12Z,15Z)-octadecatetraenoyl-CoA",42,0.132,1.167,0.1215,0.6725
"3-keto-eicosa-8,11,14,17-all-cis-tetraenoyl-CoA",6,0.276,1.164,0.1223,0.6725
"3-oxo-11cis-docosenoyl-CoA",6,0.276,1.164,0.1223,0.6725
"3-oxo-9-cis-eicosenoyl-CoA",6,0.276,1.164,0.1223,0.6725
"3-oxo-docosa-10,13,16,19-all-cis-tetraenoyl-CoA",6,0.276,1.164,0.1223,0.6725
"3-oxo-docosa-13,16,19-all-cis-trienoyl-CoA",6,0.276,1.164,0.1223,0.6725
"3-oxo-docosa-7,10,13,16,19-all-cis-pentaenoyl-CoA",6,0.276,1.164,0.1223,0.6725
"3-oxo-docosa-7,10,13,16-all-cis-tetraenoyl-CoA",6,0.276,1.164,0.1223,0.6725
"3-oxo-docosa-cis,cis,cis-10,13,16-trienoyl-CoA",6,0.276,1.164,0.1223,0.6725
"3-oxo-eicosadienoyl-CoA",6,0.276,1.164,0.1223,0.6725
"3-oxo-tetracosa-12,15,18,21-all-cis-tetraenoyl-CoA",6,0.276,1.164,0.1223,0.6725
"3-oxo-tetracosa-9,12,15,18-all-cis-tetraenoyl-CoA",6,0.276,1.164,0.1223,0.6725
"3-oxodocasa-cis,cis-13,16-dienoyl-CoA",6,0.276,1.164,0.1223,0.6725
"3-oxoeicosa-cis,cis,cis-11,14,17-trienoyl-CoA",6,0.276,1.164,0.1223,0.6725
"3-oxoeicosa-cis,cis-11,14-dienoyl-CoA",6,0.276,1.164,0.1223,0.6725
"3-oxotricosanoyl-CoA",6,0.276,1.164,0.1223,0.6725
"fatty acid-chylomicron pool",12,0.394,1.164,0.1222,0.6725
"S-[2-carboxy-1-(1H-imidazol-4-yl)ethyl]-L-cysteine",16,0.044,1.158,0.1234,0.6769
"benzoate",5,0.258,1.155,0.1241,0.679
"3'-alpha,5'beta-dihydroxy-pravastatin / 3'-alpha5'beta6'beta-trihydroxy pravastatin",3,-0.134,1.152,0.1248,0.6811
"nLc6Cer",11,0.047,1.15,0.1251,0.6811
"chondroitin sulfate A (GalNAc4S-GlcA), degradation product 1",4,0.119,1.144,0.1264,0.6848
"chondroitin sulfate B - dermatan sulfate (IdoA2S-GalNAc4S), degradation product 1",4,0.119,1.144,0.1264,0.6848
"methionine",49,0.078,1.139,0.1273,0.6874
"4,8-dimethylnonanoylcarnitine",3,0.06,1.138,0.1275,0.6874
"4-aminobutyrate",12,-0.007,1.134,0.1283,0.6887
"(5-L-glutamyl)-L-amino acid",5,0.25,1.131,0.129,0.6887
"octanoic acid",16,0.245,1.131,0.129,0.6887
"propanoyl-CoA",53,0.125,1.131,0.129,0.6887
"Sebacicacid",3,-0.001,1.127,0.1299,0.6919
"L-erythro-4-hydroxyglutamate",3,0.028,1.119,0.1316,0.6974
"succinate",27,0.006,1.119,0.1315,0.6974
"Insulin-(SH)2",6,0.046,1.116,0.1322,0.6974
"insulin-(SS)",6,0.046,1.116,0.1322,0.6974
"GM2A",19,0.221,1.11,0.1334,0.702
"pentadecanoyl-CoA",28,0.011,1.107,0.134,0.7034
"dolichyl-phosphate",21,0.097,1.106,0.1343,0.7034
"(8Z,11Z,14Z,17Z)-eicosatetraenoyl-CoA",38,0.13,1.104,0.1347,0.7038
"[protein]-N6-(dihydrolipoyl)lysine",8,-0.025,1.102,0.1352,0.7048
"fructose-1,6-bisphosphate",7,0.332,1.097,0.1363,0.7081
"dihomo-gamma-linolenate",22,0.159,1.096,0.1365,0.7081
"phenylalanine",39,0.095,1.084,0.1392,0.7081
"Hexadecanediocacid",3,-0.222,1.083,0.1393,0.7081
"6-hydroxymelatonin-sulfate",6,0.114,1.081,0.1397,0.7081
"choline",14,0.111,1.077,0.1407,0.7081
"oleate",22,0.158,1.077,0.1407,0.7081
"ITP",16,0.312,1.075,0.1411,0.7081
"dADP",27,0.253,1.074,0.1415,0.7081
"heneicosanoyl-CoA",26,0.064,1.067,0.143,0.7081
"propanoate",15,0.161,1.065,0.1434,0.7081
"simvastatin lactone form",7,-0.151,1.064,0.1437,0.7081
"DHAP",10,0.187,1.063,0.1439,0.7081
"3-methoxytyramine",3,0.048,1.06,0.1445,0.7081
"L-metanephrine",3,0.048,1.06,0.1445,0.7081
"normetanephrine",3,0.048,1.06,0.1445,0.7081
"atorvastatin-acid",11,-0.018,1.057,0.1452,0.7081
"oxypurinol",3,0.027,1.056,0.1456,0.7081
"tridecanoyl-CoA",26,-0.002,1.051,0.1466,0.7081
"12,15,18,21-tetracosatetraenoyl-CoA",18,0.038,1.05,0.1468,0.7081
"leukotriene C4",7,0.043,1.049,0.147,0.7081
"undecylic acid",14,0.277,1.049,0.1471,0.7081
"5beta-cholestane-3alpha,7alpha,26-triol",13,-0.143,1.047,0.1474,0.7081
"glycolaldehyde",9,0.088,1.042,0.1486,0.7081
"fructose-6-phosphate",21,0.244,1.037,0.1499,0.7081
"thiamin-P",3,0.266,1.034,0.1506,0.7081
"F1alpha",7,0.219,1.032,0.1511,0.7081
"GDP-mannose",10,0.242,1.032,0.151,0.7081
"keratan sulfate I, degradation product 11",7,0.219,1.032,0.1511,0.7081
"keratan sulfate I, degradation product 14",7,0.219,1.032,0.1511,0.7081
"keratan sulfate I, degradation product 17",7,0.219,1.032,0.1511,0.7081
"keratan sulfate I, degradation product 20",7,0.219,1.032,0.1511,0.7081
"keratan sulfate I, degradation product 23",7,0.219,1.032,0.1511,0.7081
"keratan sulfate I, degradation product 26",7,0.219,1.032,0.1511,0.7081
"keratan sulfate I, degradation product 29",7,0.219,1.032,0.1511,0.7081
"keratan sulfate I, degradation product 32",7,0.219,1.032,0.1511,0.7081
"keratan sulfate I, degradation product 35",7,0.219,1.032,0.1511,0.7081
"keratan sulfate I, degradation product 38",7,0.219,1.032,0.1511,0.7081
"keratan sulfate I, degradation product 39",7,0.219,1.032,0.1511,0.7081
"keratan sulfate I, degradation product 40",7,0.219,1.032,0.1511,0.7081
"keratan sulfate I, degradation product 41",7,0.219,1.032,0.1511,0.7081
"keratan sulfate I, degradation product 8",7,0.219,1.032,0.1511,0.7081
"keratan sulfate II (core 2-linked), degradation product 5",7,0.219,1.032,0.1511,0.7081
"keratan sulfate II (core 2-linked), degradation product 8",7,0.219,1.032,0.1511,0.7081
"keratan sulfate II (core 2-linked), degradation product 9",7,0.219,1.032,0.1511,0.7081
"n2m2mn",7,0.219,1.032,0.1511,0.7081
"D-tagatose-6-phosphate",4,0.311,1.029,0.1517,0.7081
"D-xylulose-1-phosphate",4,0.311,1.029,0.1517,0.7081
"fructose-1-phosphate",4,0.311,1.029,0.1517,0.7081
"dGDP",17,0.241,1.028,0.1519,0.7081
"docosanoyl-CoA",38,0.104,1.024,0.1529,0.7098
"prostaglandin D2",5,0.323,1.024,0.1529,0.7098
"thiocyanate",3,0.145,1.019,0.154,0.7134
"ethanolamine",10,-0.018,1.017,0.1546,0.7147
"N1-acetylspermine",4,0.224,1.004,0.1578,0.7267
"crotonyl-CoA",15,0.074,1.002,0.1582,0.7267
"sedoheptulose-1,7-bisphosphate",4,0.382,1.002,0.1581,0.7267
"procollagen-5-hydroxy-L-lysine",4,0.077,1,0.1588,0.728
"SM pool",16,0.264,0.998,0.1592,0.7282
"DNA-5-methylcytosine",5,0.245,0.997,0.1595,0.7282
"chondroitin sulfate D (GlcNAc6S-GlcA2S) precursor 2",5,0.147,0.982,0.163,0.7392
"5,10-methylene-THF",20,0.147,0.981,0.1634,0.7392
"(13Z)-docosenoyl-CoA",30,0.071,0.98,0.1636,0.7392
"2-oxobutyrate",12,0.014,0.98,0.1635,0.7392
"prostaglandin E2",13,0.057,0.98,0.1636,0.7392
"ecgonine-methyl ester",5,0.169,0.975,0.1647,0.7427
"mannose-1-phosphate",7,0.096,0.973,0.1652,0.7434
"(13E)-tetranor-16-oxo-16-CoA-LTE4",7,0.173,0.966,0.167,0.75
"Deoxycholic acid-24glucuronide, CDA-24G",6,-0.228,0.961,0.1682,0.7523
"Deoxycholic acid-3glucuronide, CDA-3G",6,-0.228,0.961,0.1682,0.7523
"[protein]-N6-(octanoyl)lysine",9,-0.058,0.959,0.1688,0.7528
"prostaglandin E3",4,0.19,0.958,0.169,0.7528
"LTD4",6,0.27,0.952,0.1706,0.7541
"3-alpha-iso-pravastatin",6,-0.129,0.951,0.1709,0.7541
"isocitrate",9,0.092,0.947,0.1719,0.7541
"(10Z)-heptadecenoic acid",21,0.15,0.943,0.1727,0.7541
"(13Z)-octadecenoic acid",21,0.15,0.943,0.1727,0.7541
"(7Z)-octadecenoic acid",21,0.15,0.943,0.1727,0.7541
"(7Z)-tetradecenoic acid",21,0.15,0.943,0.1727,0.7541
"(9E)-tetradecenoic acid",21,0.15,0.943,0.1727,0.7541
"gamma-linolenate",21,0.15,0.943,0.1727,0.7541
"physeteric acid",21,0.15,0.943,0.1727,0.7541
"3-sulfinoalanine",6,-0.23,0.937,0.1744,0.76
"glucosamine-6-phosphate",11,0.347,0.935,0.1748,0.7602
"n2m2nmn",3,0.327,0.926,0.1771,0.7608
"3-keto-5,6,-dihydroxy-pravastatin",4,-0.254,0.925,0.1776,0.7608
"5,6-epoxy-3-alpha-iso-pravastatin",4,-0.254,0.925,0.1776,0.7608
"7-hydroxy-3-alpha-iso-pravastatin",4,-0.254,0.925,0.1776,0.7608
"desacyl dehydro-pravastatin",4,-0.254,0.925,0.1776,0.7608
"triol metabolite of pravastatin",4,-0.254,0.925,0.1776,0.7608
"1-acylglycerol-3P pool",14,0.058,0.924,0.1777,0.7608
"PI pool",49,0.066,0.924,0.1777,0.7608
"ibuprofen-S",10,-0.116,0.923,0.1781,0.7611
"N1-acetylspermidine",6,0.23,0.911,0.181,0.7675
"methylglyoxal",9,0.387,0.909,0.1818,0.7675
"2-oxoadipate",3,-0.03,0.907,0.1823,0.7675
"nonadecanoyl-CoA",30,0.063,0.907,0.1821,0.7675
"4-hydroxyretinoic acid",3,-0.237,0.902,0.1835,0.7675
"eicosanoyl-CoA",42,0.1,0.901,0.1837,0.7675
"phosphocholine",7,0.309,0.893,0.186,0.7675
"hexanoic acid",17,0.258,0.889,0.1871,0.7675
"peptide-L-aspartate",3,-0.07,0.889,0.187,0.7675
"(11Z)-eicosenoyl-CoA",34,0.069,0.888,0.1872,0.7675
"5-hydroxy-fluvastatin",4,-0.253,0.887,0.1876,0.7675
"D-myo-inositol-1,4,5-trisphosphate",15,0.072,0.887,0.1875,0.7675
"leukotriene B5",5,0.217,0.886,0.1877,0.7675
"thiamin-PPP",3,0.267,0.878,0.19,0.7675
"2,3-bisphospho-D-glycerate",3,-0.081,0.876,0.1905,0.7675
"CO",3,-0.131,0.875,0.1908,0.7675
"keratan sulfate I, degradation product 10",4,0.209,0.868,0.1928,0.7675
"keratan sulfate I, degradation product 13",4,0.209,0.868,0.1928,0.7675
"keratan sulfate I, degradation product 16",4,0.209,0.868,0.1928,0.7675
"keratan sulfate I, degradation product 19",4,0.209,0.868,0.1928,0.7675
"keratan sulfate I, degradation product 22",4,0.209,0.868,0.1928,0.7675
"keratan sulfate I, degradation product 25",4,0.209,0.868,0.1928,0.7675
"keratan sulfate I, degradation product 28",4,0.209,0.868,0.1928,0.7675
"keratan sulfate I, degradation product 31",4,0.209,0.868,0.1928,0.7675
"keratan sulfate I, degradation product 34",4,0.209,0.868,0.1928,0.7675
"keratan sulfate I, degradation product 37",4,0.209,0.868,0.1928,0.7675
"keratan sulfate I, degradation product 7",4,0.209,0.868,0.1928,0.7675
"keratan sulfate II (core 2-linked), degradation product 4",4,0.209,0.868,0.1928,0.7675
"keratan sulfate II (core 2-linked), degradation product 7",4,0.209,0.868,0.1928,0.7675
"keratan sulfate II (core 4-linked), degradation product 4",4,0.209,0.868,0.1928,0.7675
"Gal2-Xyl-L-Ser-[protein]",3,0.105,0.866,0.1933,0.7675
"phosphopantetheine",8,-0.052,0.862,0.1944,0.7675
"GD1alpha",3,0.165,0.86,0.1949,0.7675
"IDP",18,0.283,0.856,0.1961,0.7675
"Fe2+",25,-0.12,0.854,0.1964,0.7675
"(13Z)-octadecenoyl-CoA",33,0.025,0.849,0.1979,0.7675
"(9E)-octadecenoyl-CoA",33,0.025,0.849,0.1979,0.7675
"(9E)-tetradecenoyl-CoA",33,0.025,0.849,0.1979,0.7675
"indoleacetate",7,-0.018,0.847,0.1984,0.7675
"UMP",32,0.053,0.846,0.1988,0.7675
"keratan sulfate I, degradation product 12",8,0.207,0.844,0.1994,0.7675
"keratan sulfate I, degradation product 15",8,0.207,0.844,0.1994,0.7675
"keratan sulfate I, degradation product 18",8,0.207,0.844,0.1994,0.7675
"keratan sulfate I, degradation product 21",8,0.207,0.844,0.1994,0.7675
"keratan sulfate I, degradation product 24",8,0.207,0.844,0.1994,0.7675
"keratan sulfate I, degradation product 27",8,0.207,0.844,0.1994,0.7675
"keratan sulfate I, degradation product 30",8,0.207,0.844,0.1994,0.7675
"keratan sulfate I, degradation product 33",8,0.207,0.844,0.1994,0.7675
"keratan sulfate I, degradation product 36",8,0.207,0.844,0.1994,0.7675
"keratan sulfate I, degradation product 6",8,0.207,0.844,0.1994,0.7675
"keratan sulfate I, degradation product 9",8,0.207,0.844,0.1994,0.7675
"keratan sulfate II (core 2-linked), degradation product 3",8,0.207,0.844,0.1994,0.7675
"keratan sulfate II (core 2-linked), degradation product 6",8,0.207,0.844,0.1994,0.7675
"keratan sulfate II (core 4-linked), degradation product 3",8,0.207,0.844,0.1994,0.7675
"pyridoxal",6,0.048,0.843,0.1996,0.7675
"(6Z,9Z)-octadecadienoic acid",20,0.18,0.84,0.2005,0.7675
"7-palmitoleic acid",20,0.18,0.84,0.2005,0.7675
"9-heptadecylenic acid",20,0.18,0.84,0.2005,0.7675
"D-alanine",3,0.271,0.84,0.2004,0.7675
"palmitolate",20,0.18,0.84,0.2005,0.7675
"histamine",8,-0.354,0.834,0.2021,0.7718
"heptylic acid",14,0.23,0.833,0.2023,0.7718
"acetaldehyde",19,-0.109,0.832,0.2027,0.7719
"2-hydroxy-atorvastatin-acid / ortho-hydroxy-atorvastatin acid",9,-0.07,0.83,0.2033,0.7729
"4alpha-hydroxytetrahydrobiopterin",3,-0.215,0.828,0.2039,0.7738
"5-tetradecenoyl-CoA",35,0.03,0.824,0.205,0.7753
"7-hexadecenoyl-CoA",35,0.03,0.824,0.205,0.7753
"elaidate",21,0.187,0.808,0.2095,0.7828
"aspartate",36,0.094,0.805,0.2105,0.7828
"keratan sulfate I, degradation product 3",5,0.275,0.802,0.2112,0.7828
"sphinganine-1-phosphate",8,0.233,0.8,0.2119,0.7828
"selenomethionine-se-oxide",5,0.196,0.798,0.2125,0.7828
"trimethylamine",5,0.196,0.798,0.2125,0.7828
"trimethylamine-N-oxide",5,0.196,0.798,0.2125,0.7828
"H2S",10,-0.056,0.797,0.2128,0.7828
"trans,cis,cis-2,11,14-eicosatrienoyl-CoA",11,0.153,0.795,0.2134,0.7828
"chondroitin sulfate C (GalNAc6S-GlcA) proteoglycan",3,0.024,0.794,0.2136,0.7828
"chondroitin sulfate E (GalNAc4,6diS-GlcA), precursor 5b",3,0.024,0.794,0.2136,0.7828
"S-glutathionyl-ethacrynic acid",4,-0.457,0.787,0.2158,0.7828
"behenic acid",22,0.208,0.787,0.2157,0.7828
"UDP-N-acetylglucosamine",37,0.07,0.783,0.2169,0.7828
"(2E)-tetradecenoyl-CoA",11,0.086,0.778,0.2183,0.7828
"triphosphate",3,-0.08,0.769,0.2209,0.7828
"bile-PC pool",3,0.07,0.764,0.2224,0.7828
"imidazole-4-acetate",5,-0.08,0.759,0.2238,0.7828
"perillic acid",5,-0.08,0.759,0.2238,0.7828
"perillyl aldehyde",5,-0.08,0.759,0.2238,0.7828
"dehydroepiandrosterone sulfate",9,-0.131,0.757,0.2244,0.7828
"(13E)-tetranor-16-carboxy-LTE4",5,0.21,0.752,0.2261,0.7828
"18-COOH-LTE4",5,0.21,0.752,0.2261,0.7828
"3(S),10(R)-OH-octadeca-6-trans-4,12-cis-trienoate",5,0.21,0.752,0.2261,0.7828
"globoside",7,0.263,0.752,0.226,0.7828
"omega-carboxy-trinor-LTB4",5,0.21,0.752,0.2261,0.7828
"dopamine",16,0.034,0.75,0.2266,0.7828
"S-adenosylmethioninamine",3,0.037,0.748,0.2272,0.7828
"inositol-1-phosphate",14,0.072,0.747,0.2277,0.7828
"cis-vaccenic acid",22,0.146,0.744,0.2284,0.7828
"D-xylulose-5-phosphate",3,0.123,0.743,0.2287,0.7828
"DNA",28,0.154,0.737,0.2306,0.7828
"L-arabinose",3,0.221,0.734,0.2316,0.7828
"L-arabitol",3,0.221,0.734,0.2316,0.7828
"4-methyl-2-oxopentanoate",16,0.16,0.732,0.2322,0.7828
"Cholic acid 3-sulfate",7,-0.043,0.732,0.232,0.7828
"Deoxycholic acid 3-sulfate",7,-0.043,0.732,0.232,0.7828
"Glycochenodeoxycholic acid 3-sulfate",7,-0.043,0.732,0.232,0.7828
"Glycocholic acid 3-sulfate",7,-0.043,0.732,0.232,0.7828
"Glycodeoxycholic acid 3-sulfate",7,-0.043,0.732,0.232,0.7828
"Glycoursodeoxycholic acid 3-sulfate",7,-0.043,0.732,0.232,0.7828
"Lithocholic acid 3-sulfate",7,-0.043,0.732,0.232,0.7828
"Taurochenodeoxycholic acid 3-sulfate",7,-0.043,0.732,0.232,0.7828
"Taurocholic acid 3-sulfate",7,-0.043,0.732,0.232,0.7828
"Taurodeoxycholic acid 3-sulfate",7,-0.043,0.732,0.232,0.7828
"Tauroursodeoxycholic acid 3-sulfate",7,-0.043,0.732,0.232,0.7828
"Ursodeoxycholic acid 3-sulfate",7,-0.043,0.732,0.232,0.7828
"1-Arachidonoyl-Glycero-3-Phosphocholine",5,0.169,0.727,0.2336,0.7828
"1-Dihomo-Linolenoylglycerophosphocholine (20:3, Delta 8, 11, 14), Lysopc A C20:3",5,0.169,0.727,0.2336,0.7828
"1-Docosahexaenoylglycerophosphocholine",5,0.169,0.727,0.2336,0.7828
"1-Docosahexenoylglycerophosphocholine (Delta 4, 7, 10, 13, 16, 19), Sn1-Lpc (22:6)",5,0.169,0.727,0.2336,0.7828
"1-Docosapentenoylglycerophosphocholine (Delta 4, 7, 10, 13, 16), Sn1-Lpc (22:5)-W6",5,0.169,0.727,0.2336,0.7828
"1-Docosapentenoylglycerophosphocholine (Delta 7, 10, 13, 16, 19), Sn1-Lpc (22:5)-W3",5,0.169,0.727,0.2336,0.7828
"1-Docosatetraenoylglycerophosphocholine (Delta 7, 10, 13, 16), Sn1-Lpc (22:4)",5,0.169,0.727,0.2336,0.7828
"1-Eicosadienoylglycerophosphocholine (Delta 11,14)",5,0.169,0.727,0.2336,0.7828
"1-Eicosapentenoylglycerophosphocholine (Delta 5, 8, 11, 14, 17), Sn1-Lpc (20:5)",5,0.169,0.727,0.2336,0.7828
"1-Eicosatetraenoylglycerophosphocholine (Delta 8, 11, 14, 17), Sn1-Lpc (20:4)",5,0.169,0.727,0.2336,0.7828
"1-Eicosatrienoylglycerophosphocholine (Delta 11, 14, 17)",5,0.169,0.727,0.2336,0.7828
"1-Eicosenoylglycerophosphocholine (Delta 11) ,Sn1-Lpc (20:1)",5,0.169,0.727,0.2336,0.7828
"1-Heptadecanoylglycerophosphocholine",5,0.169,0.727,0.2336,0.7828
"1-Lignocericylglycerophosphocholine (24:0), Lysopc A C24",5,0.169,0.727,0.2336,0.7828
"1-Linoleoylglycerophosphocholine (Delta 9,12)",5,0.169,0.727,0.2336,0.7828
"1-Myristoylglycerophosphocholine",5,0.169,0.727,0.2336,0.7828
"1-Nonadecanoylglycerophosphocholine, Sn1-Lpc (19:0)",5,0.169,0.727,0.2336,0.7828
"1-Octadeca-Trienoylglycerophosphocholine, Sn1-Lpc (18:3, Delta 6, 9, 12)",5,0.169,0.727,0.2336,0.7828
"1-Octadeca-Trienoylglycerophosphocholine, Sn1-Lpc (18:3, Delta 9, 12, 15)",5,0.169,0.727,0.2336,0.7828
"1-Oleoylglycerophosphocholine (Delta 9)",5,0.169,0.727,0.2336,0.7828
"1-Palmitoleoylglycerophosphocholine (Delta 9)",5,0.169,0.727,0.2336,0.7828
"1-Palmitoylglycerophosphocholine",5,0.169,0.727,0.2336,0.7828
"1-Pentadecanoylglycerophosphocholine, Sn1-Lpc (15:0)",5,0.169,0.727,0.2336,0.7828
"1-Stearoylglycerophosphocholine",5,0.169,0.727,0.2336,0.7828
"2-Linoleoylglycerophosphocholine",5,0.169,0.727,0.2336,0.7828
"2-Oleoylglycerophosphocholine",5,0.169,0.727,0.2336,0.7828
"2-Stearoylglycerophosphocholine",5,0.169,0.727,0.2336,0.7828
"N-acetyl-D-glucosaminylphosphatidylinositol",7,-0.09,0.727,0.2335,0.7828
"(11Z,14Z,17Z)-eicosatrienoyl-CoA",35,0.072,0.719,0.2362,0.7903
"hydroxyacetone",4,0.111,0.717,0.2368,0.7911
"folate",13,0.019,0.707,0.2398,0.7967
"valine",31,0.207,0.707,0.2398,0.7967
"mannose",18,0.136,0.704,0.2406,0.7967
"(2E,4Z,7Z,10Z)-hexadecatetraenoyl-CoA",8,0.051,0.703,0.241,0.7967
"2-trans-4-cis-decadienoyl-CoA",8,0.051,0.703,0.241,0.7967
"phosphatidylinositol-4,5-bisphosphate",30,0.058,0.703,0.241,0.7967
"prostaglandin I2",4,-0.247,0.703,0.2409,0.7967
"3-O-methyldopa",3,0.253,0.7,0.2419,0.7985
"glycolate",9,0.049,0.696,0.2431,0.8012
"12(S)-HETE",7,0.189,0.692,0.2444,0.8043
"GM3",12,0.169,0.691,0.2449,0.8048
"octanoyl-CoA",23,0.116,0.68,0.2482,0.8114
"acetaminophen/paracetamol",8,0.271,0.677,0.2491,0.8114
"trans-2-cis,cis,cis-8,11,14-eicosatetraenoyl-CoA",11,0.12,0.677,0.2491,0.8114
"(2E)-heptadecenoyl-CoA",5,0.047,0.676,0.2494,0.8114
"(2E)-pentadecenoyl-CoA",5,0.047,0.676,0.2494,0.8114
"(2E)-tridecenoyl-CoA",5,0.047,0.676,0.2494,0.8114
"1D-myo-inositol-1,4-bisphosphate",12,0.085,0.676,0.2495,0.8114
"omega-COOH-tetranor-LTE3-CoA",6,0.09,0.673,0.2504,0.8132
"apoE",16,0.238,0.665,0.2531,0.8185
"dolichyl-phosphate-D-mannose",13,0.133,0.665,0.253,0.8185
"hexacosenoyl-CoA",19,0.02,0.663,0.2536,0.8185
"lauroyl-CoA",35,0.02,0.663,0.2535,0.8185
"aflatoxin M1-8,9-epoxide",9,-0.38,0.662,0.2539,0.8185
"[ACP]",4,0.348,0.658,0.2551,0.8212
"(11Z,14Z,17Z)-eicosatrienoic acid",19,0.194,0.655,0.2562,0.823
"thiamin-PP",12,0.028,0.653,0.2569,0.823
"xanthosine",6,-0.178,0.652,0.2572,0.823
"3-beta-D-glucuronosyl-3-beta-D-galactosyl-4-beta-D-galactosyl-O-beta-D-xylosylprotein",6,0.016,0.649,0.2583,0.823
"malonyl-[ACP]",3,0.542,0.648,0.2584,0.823
"dCTP",35,0.15,0.647,0.2589,0.823
"THF",20,0.013,0.645,0.2596,0.823
"histidine",35,0.082,0.643,0.26,0.823
"1D-myo-inositol-1,3,4,5-tetrakisphosphate",8,0.016,0.642,0.2606,0.823
"1D-myo-inositol-4-phosphate",3,-0.256,0.642,0.2605,0.823
"4-hydroxy-atorvastatin-lactone / para-hydroxy-atorvastatin lactone",7,-0.06,0.642,0.2605,0.823
"pyridoxamine",3,0.216,0.639,0.2615,0.823
"pyridoxamine-phosphate",3,0.216,0.639,0.2615,0.823
"pyridoxine",3,0.216,0.639,0.2615,0.823
"3-methoxy-acetaminophen",3,0.62,0.637,0.2621,0.823
"glucuronide-conjugate of 3-methoxy-acetaminophen",3,0.62,0.637,0.2621,0.823
"nonanoic acid",13,0.265,0.636,0.2624,0.823
"valeric acid",13,0.265,0.636,0.2624,0.823
"6-hydroxymelatonin",10,-0.102,0.628,0.265,0.8267
"glucose-6-phosphate",15,0.311,0.628,0.2651,0.8267
"GD2",5,0.219,0.627,0.2653,0.8267
"Chenodeoxycholic acid-3glucuronide, CDCA-3G",7,-0.161,0.624,0.2662,0.8267
"Hyocholic acid-24glucuronide, HCA-24G",7,-0.161,0.624,0.2662,0.8267
"Lithocholic acid-24glucuronide, CDCA-24G",7,-0.161,0.624,0.2662,0.8267
"Lithocholic acid-3glucuronide, CDCA-3G",7,-0.161,0.624,0.2662,0.8267
"D-3-amino-isobutanoate",3,-0.201,0.617,0.2685,0.8327
"carnosine",6,0.075,0.615,0.2692,0.8333
"3,3-diiodo-L-thyronine-4-O-sulfate",10,-0.032,0.611,0.2705,0.8333
"N4-acetylaminobutanal",10,-0.005,0.611,0.2706,0.8333
"(6Z,9Z,12Z,15Z,18Z,21Z)-tetracosahexaenoyl-CoA",24,0.101,0.61,0.271,0.8333
"ceramide pool",32,0.129,0.608,0.2717,0.8333
"Mannosyl-3-(Phosphoethanolaminyl-Mannosyl)-Glucosaminyl-Acylphosphatidylinositol (M4A))",7,0.194,0.606,0.2722,0.8333
"choloyl-CoA",11,0.178,0.605,0.2726,0.8333
"lactose",5,0.127,0.605,0.2726,0.8333
"adenylosuccinate",4,0.221,0.603,0.2734,0.8333
"chondroitin sulfate C (GalNAc6S-GlcA), degradation product 2",4,0.183,0.603,0.2734,0.8333
"hyaluronan biosynthesis, precursor 1",4,0.183,0.603,0.2734,0.8333
"hyaluronan degradation product 1",4,0.183,0.603,0.2734,0.8333
"(11Z,14Z)-eicosadienoyl-CoA",33,0.061,0.602,0.2736,0.8333
"[protein]-L-glutamine",3,0.266,0.595,0.2759,0.8368
"[protein]-N5-alkylglutamine",3,0.266,0.595,0.2759,0.8368
"alkylamine",3,0.266,0.595,0.2759,0.8368
"farnesyl-PP",9,0.137,0.593,0.2767,0.8379
"(2S,6R,10R)-trimethyl-hendecanoyl-CoA",3,-0.005,0.59,0.2774,0.8379
"25(S)THCA-CoA",3,-0.005,0.59,0.2774,0.8379
"leucine",39,0.201,0.589,0.2779,0.8383
"3-hydroxy-L-kynurenine",7,-0.026,0.588,0.2784,0.8386
"sulfochenodeoxycholate",10,-0.142,0.586,0.2788,0.8387
"tetracosanoyl-CoA",34,0.111,0.585,0.2793,0.839
"Ganglioside Gm1",7,0.217,0.582,0.2804,0.841
"nicotinamide ribonucleoside",8,-0.095,0.581,0.2807,0.841
"se-adenosylselenomethionine",8,0.1,0.579,0.2812,0.8413
"citrate",8,0.25,0.576,0.2822,0.8418
"chondroitin sulfate C (GalNAc6S-GlcA), degradation product 3",7,0.205,0.575,0.2825,0.8418
"chondroitin sulfate D (GlcNAc6S-GlcA2S), degradation product 4",7,0.205,0.575,0.2825,0.8418
"de-Fuc, GlcNAc removed PA6 (wo peptide linkage)",6,0.327,0.574,0.2829,0.8418
"3-phosphonooxypyruvate",3,0.03,0.57,0.2843,0.8449
"Fe3+",9,-0.176,0.568,0.2849,0.8454
"4-(2-amino-3-hydroxyphenyl)-2,4-dioxobutanoate",3,-0.16,0.564,0.2864,0.8454
"4-hydroxy-2-quinolinecarboxylic acid",3,-0.16,0.564,0.2864,0.8454
"Glycyl-Glycine",3,0.006,0.564,0.2864,0.8454
"xanthurenate",3,-0.16,0.564,0.2864,0.8454
"26-hydroxycholesterol",3,-0.207,0.554,0.2899,0.8534
"HMG-CoA",6,0.086,0.554,0.2899,0.8534
"sphinganine",16,0.144,0.55,0.291,0.8555
"creatine",4,0.047,0.546,0.2927,0.8583
"chondroitin sulfate D (GlcNAc6S-GlcA2S), precursor 5",4,-0.051,0.545,0.2928,0.8583
"glycogenin",4,0.248,0.544,0.2932,0.8583
"allopurinol",4,0.074,0.543,0.2935,0.8583
"phosphatidate-LD-TAG pool",25,0.092,0.54,0.2945,0.8601
"guanine",5,-0.061,0.539,0.2949,0.8601
"dCDP",16,0.189,0.536,0.2961,0.8625
"octanoyl-[ACP]",5,0.242,0.528,0.2987,0.8634
"chloral hydrate",7,-0.178,0.527,0.2991,0.8634
"Trans,Cis-Dodeca-2,5-Dienoyl Coenzyme A",9,-0.084,0.526,0.2996,0.8634
"[pyruvate dehydrogenase (acetyl transferring)]",6,-0.132,0.525,0.2999,0.8634
"[pyruvate dehydrogenase (acetyl transferring)]-phosphate",6,-0.132,0.525,0.2999,0.8634
"3-Dehydrochenodeoxychollyc acid; 7oxo-3alpha-hydroxy-5beta-cholan-24-oic acid",9,-0.042,0.523,0.3006,0.8634
"3-Dehydrocholic acid; 3oxo-7alpha,12alpha-Dihydroxy-5beta-cholan-24-oic acid",9,-0.042,0.523,0.3006,0.8634
"2-(4-carboxy-1-hydroxybutyl)thiamine diphosphate",3,0.15,0.522,0.3009,0.8634
"S-glutaryldihydrolipoamide",3,0.15,0.522,0.3009,0.8634
"S-succinyldihydrolipoamide",3,0.15,0.522,0.3009,0.8634
"chondroitin sulfate E (GalNAc4,6diS-GlcA), degradation product 4",5,0.1,0.522,0.3007,0.8634
"glycine",66,0.079,0.521,0.3011,0.8634
"(2E)-octenoyl-CoA",10,0.105,0.519,0.3018,0.8642
"Coprostanol",6,0.028,0.518,0.3022,0.8643
"core 4",4,0.083,0.515,0.3031,0.8657
"pregnenolone",5,0.156,0.512,0.3043,0.8678
"core 6",5,0.1,0.51,0.305,0.8678
"lignocerate",20,0.218,0.51,0.3051,0.8678
"CTP",60,0.096,0.509,0.3054,0.8678
"taurochenodeoxycholate",12,-0.145,0.507,0.3059,0.8681
"Gliclazide",5,-0.332,0.502,0.3077,0.8699
"cysteine",54,0.069,0.502,0.3077,0.8699
"(5Z,8Z,11Z,14Z,17Z)-eicosapentaenoyl-CoA",44,0.115,0.501,0.3083,0.8699
"provitamin D3",4,0.328,0.501,0.308,0.8699
"omega-COOH-dinor-LTE4-CoA",10,0.136,0.5,0.3086,0.8699
"glucono-1,5-lactone-6-phosphate",3,0.312,0.499,0.3089,0.8699
"N-acetylglucosamine",11,0.208,0.496,0.3098,0.8713
"urocanate",4,0.047,0.493,0.311,0.8722
"17alpha-hydroxyprogesterone",4,0.352,0.492,0.3114,0.8722
"indole-3-acetaldehyde",8,-0.065,0.492,0.3115,0.8722
"9-eicosenoyl-CoA",34,0.062,0.491,0.3117,0.8722
"CMP",36,-0.062,0.487,0.3132,0.8739
"glycoursodeoxycholate",8,-0.237,0.486,0.3135,0.8739
"tauroursodeoxycholate",8,-0.237,0.486,0.3135,0.8739
"taurocholate",12,-0.129,0.481,0.3153,0.8742
"eicosanoate",21,0.231,0.478,0.3162,0.8742
"retinol",33,0.061,0.478,0.3162,0.8742
"1-phosphatidyl-1D-myo-inositol-4-phosphate",37,0.03,0.474,0.3176,0.8742
"methylmalonyl-CoA",4,-0.094,0.471,0.3188,0.8742
"(2E,6Z,9Z,12Z)-octadecatetraenoyl-CoA",10,0.068,0.468,0.3199,0.8742
"trans,cis,cis-2,7,10-hexadecatrienoyl-CoA",10,0.068,0.468,0.3199,0.8742
"trans,cis,cis-2,9,12-octadecatrienoyl-CoA",10,0.068,0.468,0.3199,0.8742
"trans,cis-hexadeca-2,7-dienoyl-CoA",10,0.068,0.468,0.3199,0.8742
"trans,cis-hexadeca-2,9-dienoyl-CoA",10,0.068,0.468,0.3199,0.8742
"trans,cis-myristo-2,5-dienoyl-CoA",10,0.068,0.468,0.3199,0.8742
"trans,cis-myristo-2,7-dienoyl-CoA",10,0.068,0.468,0.3199,0.8742
"trans,cis-octadeca-2,11-dienoyl-CoA",10,0.068,0.468,0.3199,0.8742
"trans,cis-octadeca-2,9-dienoyl-CoA",10,0.068,0.468,0.3199,0.8742
"trans-2-cis,cis-5,8-tetradecatrienoyl-CoA",10,0.068,0.468,0.3199,0.8742
"cholest-5-ene-3beta,7alpha,27-triol",4,-0.1,0.467,0.3204,0.8742
"se-adenosyl-L-selenohomocysteine",7,0.141,0.466,0.3206,0.8742
"chondroitin sulfate A (GalNAc4S-GlcA), B (IdoA2S-GalNAc4S), and E (GalNAc4,6diS-GlcA), precursor 1",9,0.128,0.464,0.3214,0.8742
"taurolithocholate",5,-0.472,0.464,0.3213,0.8742
"10,13,16,19-docosatetraenoyl-CoA",33,0.049,0.462,0.3221,0.8742
"(5Z,8Z,11Z)-eicosatrienoyl-CoA",31,0.077,0.46,0.3229,0.8742
"3alpha,7alpha,12alpha-trihydroxy-5beta-cholestan-27-al",6,-0.084,0.458,0.3235,0.8742
"(15Z)-tetracosenoyl-CoA",29,0.088,0.455,0.3246,0.8742
"deoxyuridine",10,0.271,0.455,0.3246,0.8742
"N-acetylglucosamine-6-phosphate",4,0.159,0.454,0.325,0.8742
"lipoamide",10,-0.024,0.454,0.325,0.8742
"dehydrocholic acid",3,0.119,0.452,0.3255,0.8742
"hyocholic acid",3,0.119,0.452,0.3255,0.8742
"omega-muricholic acid",3,0.119,0.452,0.3255,0.8742
"tauro-hyodeoxycholic acid",3,0.119,0.452,0.3255,0.8742
"Trans2,6Dodecadienoyl Coenzyme A",4,0.037,0.447,0.3275,0.8785
"GDP",92,0.118,0.437,0.3309,0.8855
"lithocholate",13,-0.283,0.437,0.3309,0.8855
"5,10-methenyl-THF",7,0.12,0.433,0.3324,0.8884
"putrescine",11,0.213,0.43,0.3336,0.8905
"leukotriene B4",12,0.027,0.426,0.3349,0.8929
"PAPS",33,0.027,0.424,0.3359,0.8945
"(8Z,11Z)-eicosadienoyl-CoA",32,0.082,0.416,0.3386,0.9006
"CDP",53,0.12,0.415,0.3392,0.9011
"deoxyguanosine",11,-0.019,0.413,0.34,0.9019
"erythrose-4-phosphate",4,0.247,0.412,0.3403,0.9019
"6-epipravastatin",5,-0.027,0.408,0.3416,0.9035
"(4Z,7Z,10Z)-hexadecatrienoyl-CoA",11,0.028,0.405,0.3426,0.9035
"cis,cis-myristo-5,8-dienoyl-CoA",11,0.028,0.405,0.3426,0.9035
"cis,cis-palmito-7,10-dienoyl-CoA",11,0.028,0.405,0.3426,0.9035
"isoleucine",32,0.211,0.401,0.3443,0.9035
"10,13,16-docosatrienoyl-CoA",29,0.009,0.397,0.3456,0.9035
"fibrinogen",16,0.19,0.395,0.3466,0.9035
"1-acylglycerol-chylomicron pool",11,0.239,0.393,0.347,0.9035
"linolenate",18,0.23,0.39,0.3484,0.9035
"aflatoxin M1",10,-0.357,0.387,0.3496,0.9035
"apoB48",15,0.218,0.387,0.3494,0.9035
"haptoglobin",15,0.218,0.387,0.3494,0.9035
"(2E)-hexadecenoyl-CoA",25,0.019,0.386,0.3496,0.9035
"3-phospho-D-glycerate",8,0.035,0.384,0.3506,0.9035
"tricosanoyl-CoA",17,0.013,0.382,0.3514,0.9035
"acetoacetate",13,0.021,0.381,0.3517,0.9035
"[phosphorylase A]",7,-0.087,0.38,0.3521,0.9035
"[phosphorylase B]",7,-0.087,0.38,0.3521,0.9035
"glucuronate",3,0.189,0.373,0.3546,0.9035
"lathosterol",4,0.314,0.371,0.3555,0.9035
"tryptophan",35,0.117,0.369,0.3562,0.9035
"[protein]-N6-(lipoyl)lysine",4,-0.012,0.367,0.3567,0.9035
"sphingosine-1-phosphate",12,0.111,0.364,0.358,0.9035
"formaldehyde",17,-0.169,0.363,0.3583,0.9035
"N-acetyl-L-asparagine",3,-0.19,0.361,0.3589,0.9035
"keratan sulfate I, degradation product 4",4,0.206,0.361,0.3591,0.9035
"keratan sulfate I, degradation product 5",4,0.206,0.361,0.3591,0.9035
"keratan sulfate II (core 2-linked), degradation product 1",4,0.206,0.361,0.3591,0.9035
"keratan sulfate II (core 2-linked), degradation product 2",4,0.206,0.361,0.3591,0.9035
"keratan sulfate II (core 4-linked), degradation product 1",4,0.206,0.361,0.3591,0.9035
"keratan sulfate II (core 4-linked), degradation product 2",4,0.206,0.361,0.3591,0.9035
"plasminogen",16,0.201,0.36,0.3595,0.9035
"apocytochrome-C",16,0.212,0.357,0.3607,0.9035
"7-hydroxymethyl-12-methylbenz[a]anthracene",10,-0.357,0.355,0.3613,0.9035
"5,12-DiHETE",6,0.181,0.352,0.3623,0.9035
"bilirubin-monoglucuronoside",5,-0.479,0.346,0.3646,0.9035
"dUTP",16,0.198,0.345,0.3651,0.9035
"pyridoxine-phosphate",4,0.143,0.345,0.3649,0.9035
"16-hydroxyhexadecanoic acid",6,-0.037,0.341,0.3667,0.9035
"1,2-diacylglycerol-chylomicron pool",9,0.416,0.338,0.3677,0.9035
"retinal",19,-0.069,0.338,0.3679,0.9035
"keratan sulfate I biosynthesis, precursor 11",6,0.179,0.335,0.3689,0.9035
"keratan sulfate I biosynthesis, precursor 14",6,0.179,0.335,0.3689,0.9035
"keratan sulfate I biosynthesis, precursor 17",6,0.179,0.335,0.3689,0.9035
"keratan sulfate I biosynthesis, precursor 20",6,0.179,0.335,0.3689,0.9035
"keratan sulfate I biosynthesis, precursor 23",6,0.179,0.335,0.3689,0.9035
"keratan sulfate I biosynthesis, precursor 26",6,0.179,0.335,0.3689,0.9035
"keratan sulfate I biosynthesis, precursor 29",6,0.179,0.335,0.3689,0.9035
"keratan sulfate I biosynthesis, precursor 32",6,0.179,0.335,0.3689,0.9035
"keratan sulfate I biosynthesis, precursor 35",6,0.179,0.335,0.3689,0.9035
"keratan sulfate I biosynthesis, precursor 5",6,0.179,0.335,0.3689,0.9035
"keratan sulfate I biosynthesis, precursor 8",6,0.179,0.335,0.3689,0.9035
"keratan sulfate II (core 4-linked), biosynthesis, precursor 6",6,0.179,0.335,0.3689,0.9035
"keratan sulfate II (core 4-linked), biosynthesis, precursor 9",6,0.179,0.335,0.3689,0.9035
"keratan sulfate II biosynthesis, precursor 6",6,0.179,0.335,0.3689,0.9035
"keratan sulfate II biosynthesis, precursor 9",6,0.179,0.335,0.3689,0.9035
"phosphatidate-LD-PI pool",23,0.099,0.335,0.3687,0.9035
"galactose",23,0.113,0.334,0.3693,0.9035
"6(R)-hydroxy-tetradeca-(2E,4E,8Z)-trienoate",3,0.081,0.333,0.3694,0.9035
"6(S)-hydroxy-tetradeca-(2E,4E,8Z)-trienoate",3,0.081,0.333,0.3694,0.9035
"8(R)-hydroxy-hexadeca-(2E,4E,6E,10Z)-tetraenoate",3,0.081,0.333,0.3694,0.9035
"8(S)-hydroxy-hexadeca-(2E,4E,6E,10Z)-tetraenoate",3,0.081,0.333,0.3694,0.9035
"4-hydroxyphenylpyruvate",5,-0.051,0.332,0.37,0.9035
"T-antigen",7,-0.045,0.328,0.3715,0.9035
"apoA1",16,0.217,0.328,0.3714,0.9035
"hexadecanal",3,0.044,0.328,0.3713,0.9035
"trans,cis-2,11-eicosadienoyl-CoA",17,0.097,0.327,0.372,0.9035
"trans,cis-2,13-docosadienoyl-CoA",17,0.097,0.327,0.372,0.9035
"3-oxoheneicosanoyl-CoA",11,0.134,0.325,0.3725,0.9035
"3-oxononadecanoyl-CoA",11,0.134,0.325,0.3725,0.9035
"albumin",16,0.197,0.323,0.3733,0.9035
"hyodeoxycholate",5,-0.346,0.321,0.374,0.9035
"(7Z,10Z,13Z,16Z)-docosatetraenoyl-CoA",37,0.055,0.319,0.3747,0.9035
"N6,N6,N6-trimethyl-L-lysine",6,-0.062,0.319,0.3747,0.9035
"nicotinate D-ribonucleoside",9,-0.09,0.319,0.3747,0.9035
"10-formyl-THF",10,-0.016,0.314,0.3767,0.9035
"(11Z,14Z)-eicosadienoic acid",18,0.18,0.303,0.3811,0.9035
"(13Z)-eicosenoic acid",18,0.18,0.303,0.3811,0.9035
"8,11-eicosadienoic acid",18,0.18,0.303,0.3811,0.9035
"9-eicosenoic acid",18,0.18,0.303,0.3811,0.9035
"nonadecylic acid",18,0.18,0.303,0.3811,0.9035
"GMP",37,-0.032,0.302,0.3814,0.9035
"(2S)-pristanic acid",3,-0.007,0.301,0.3817,0.9035
"phosphatidate-CL pool",11,0.009,0.299,0.3824,0.9035
"zinc",13,0.092,0.298,0.3829,0.9035
"ornithine",14,-0.007,0.295,0.3838,0.9035
"phosphatidate-LD-PC pool",21,0.098,0.293,0.3846,0.9035
"GSH",63,-0.023,0.292,0.3852,0.9035
"estrone 3-sulfate",13,-0.139,0.292,0.3852,0.9035
"Hyodeoxycholic acid-6glucuronide, HDCA-6G",8,-0.134,0.29,0.386,0.9035
"keratan sulfate I biosynthesis, precursor 12",9,0.205,0.29,0.3858,0.9035
"keratan sulfate I biosynthesis, precursor 15",9,0.205,0.29,0.3858,0.9035
"keratan sulfate I biosynthesis, precursor 18",9,0.205,0.29,0.3858,0.9035
"keratan sulfate I biosynthesis, precursor 2",9,0.205,0.29,0.3858,0.9035
"keratan sulfate I biosynthesis, precursor 21",9,0.205,0.29,0.3858,0.9035
"keratan sulfate I biosynthesis, precursor 24",9,0.205,0.29,0.3858,0.9035
"keratan sulfate I biosynthesis, precursor 27",9,0.205,0.29,0.3858,0.9035
"keratan sulfate I biosynthesis, precursor 3",9,0.205,0.29,0.3858,0.9035
"keratan sulfate I biosynthesis, precursor 30",9,0.205,0.29,0.3858,0.9035
"keratan sulfate I biosynthesis, precursor 33",9,0.205,0.29,0.3858,0.9035
"keratan sulfate I biosynthesis, precursor 6",9,0.205,0.29,0.3858,0.9035
"keratan sulfate I biosynthesis, precursor 9",9,0.205,0.29,0.3858,0.9035
"keratan sulfate II (core 4-linked), biosynthesis, precursor 3",9,0.205,0.29,0.3858,0.9035
"keratan sulfate II (core 4-linked), biosynthesis, precursor 4",9,0.205,0.29,0.3858,0.9035
"keratan sulfate II (core 4-linked), biosynthesis, precursor 7",9,0.205,0.29,0.3858,0.9035
"keratan sulfate II biosynthesis, precursor 2",9,0.205,0.29,0.3858,0.9035
"keratan sulfate II biosynthesis, precursor 3",9,0.205,0.29,0.3858,0.9035
"keratan sulfate II biosynthesis, precursor 4",9,0.205,0.29,0.3858,0.9035
"keratan sulfate II biosynthesis, precursor 7",9,0.205,0.29,0.3858,0.9035
"prothrombin",16,0.212,0.29,0.3858,0.9035
"dUDP",16,0.194,0.283,0.3888,0.9068
"3-oxo-10(R)-hydroxy-octadeca-(6E,8E,12Z)-trienoate",8,0.099,0.281,0.3894,0.9068
"3-oxo-10(S)-hydroxy-octadeca-(6E,8E,12Z)-trienoate",8,0.099,0.281,0.3894,0.9068
"leukotriene A4",6,-0.127,0.281,0.3894,0.9068
"S-[2-carboxy-1-(1H-imidazol-4-yl)ethyl]-3-thiolactate",9,0.001,0.28,0.3896,0.9068
"glycocholate",11,-0.112,0.279,0.3901,0.9068
"GA2",15,0.194,0.277,0.3907,0.9068
"GM2",15,0.194,0.277,0.3907,0.9068
"S-glutathionyl-2-4-dinitrobenzene",5,-0.355,0.271,0.3932,0.9081
"glutathionyl-leukotriene C4",5,-0.355,0.271,0.3932,0.9081
"dCMP",14,-0.091,0.267,0.3945,0.9081
"apoB100",16,0.204,0.263,0.3961,0.9081
"3-hydroxy-2,6-dimethyl-5-methylene-heptanoyl-CoA",3,-0.088,0.257,0.3986,0.9081
"cis-2-methyl-5-isopropylhexa-2,5-dienoyl-CoA",3,-0.088,0.257,0.3986,0.9081
"trans-2-methyl-5-isopropylhexa-2,5-dienoyl-CoA",3,-0.088,0.257,0.3986,0.9081
"chondroitin sulfate E (GalNAc4,6diS-GlcA), degradation product 1",4,0.117,0.256,0.3988,0.9081
"DHA",18,0.141,0.254,0.3998,0.9081
"EPA",22,0.165,0.252,0.4005,0.9081
"G00020",3,0.173,0.252,0.4004,0.9081
"n3m2masn",3,0.173,0.252,0.4004,0.9081
"xanthine",4,-0.17,0.251,0.4009,0.9081
"(2E)-heptenoyl-CoA",4,0.084,0.248,0.402,0.9081
"(2E)-nonenoyl-CoA",4,0.084,0.248,0.402,0.9081
"(2E)-undecenoyl-CoA",4,0.084,0.248,0.402,0.9081
"malonyl-CoA",15,0.291,0.247,0.4025,0.9081
"glucosamine",7,0.568,0.246,0.4027,0.9081
"CDP-diacylglycerol-LD-PI pool",3,-0.203,0.244,0.4036,0.9081
"glycogen",4,0.18,0.24,0.4052,0.9081
"1-methylnicotinamide",3,-0.224,0.238,0.4059,0.9081
"3-amino-propanal",8,0.079,0.238,0.4059,0.9081
"ursodeoxycholate",10,-0.1,0.238,0.4061,0.9081
"Cis-6-Dodecenoyl Coenzyme A",6,-0.042,0.237,0.4064,0.9081
"kinetensin",3,0.8,0.237,0.4065,0.9081
"dolichyl-diphosphate",8,0.102,0.229,0.4095,0.9081
"[protein]-L-arginine",4,0.312,0.228,0.4099,0.9081
"1-phosphatidyl-1D-myo-inositol-5-phosphate",29,0.052,0.227,0.4102,0.9081
"orotate",3,0.162,0.227,0.4104,0.9081
"taurine",5,0.324,0.226,0.4106,0.9081
"chondroitin sulfate A (GalNAc4S-GlcA) and B (IdoA2S-GalNAc4S), precursor 2",6,0.13,0.225,0.4109,0.9081
"chondroitin sulfate C (GalNAc6S-GlcA), precursor 2",6,0.13,0.225,0.4109,0.9081
"chondroitin sulfate D (GlcNAc6S-GlcA2S), precursor 3",6,0.13,0.225,0.4109,0.9081
"chondroitin sulfate E (GalNAc4,6diS-GlcA), precursor 3",6,0.13,0.225,0.4109,0.9081
"gamma-glutamyl-cysteine",5,-0.071,0.223,0.4118,0.9081
"(13Z,16Z)-docosadienoic acid",17,0.162,0.22,0.4129,0.9081
"(4Z,7Z,10Z,13Z,16Z)-DPA",17,0.162,0.22,0.4129,0.9081
"(6Z,9Z,12Z,15Z,18Z)-TPA",17,0.162,0.22,0.4129,0.9081
"(9Z,12Z,15Z,18Z)-TTA",17,0.162,0.22,0.4129,0.9081
"(9Z,12Z,15Z,18Z,21Z)-TPA",17,0.162,0.22,0.4129,0.9081
"10,13,16-docosatriynoic acid",17,0.162,0.22,0.4129,0.9081
"12,15,18,21-tetracosatetraenoic acid",17,0.162,0.22,0.4129,0.9081
"13,16,19-docosatrienoic acid",17,0.162,0.22,0.4129,0.9081
"DPA",17,0.162,0.22,0.4129,0.9081
"cerotic acid",17,0.162,0.22,0.4129,0.9081
"cis-cetoleic acid",17,0.162,0.22,0.4129,0.9081
"tricosanoic acid",17,0.162,0.22,0.4129,0.9081
"6(R)-hydroxy-tetradeca-(4E,8Z)-dienoate",5,-0.019,0.219,0.4132,0.9081
"6(S)-hydroxy-tetradeca-(4E,8Z)-dienoate",5,-0.019,0.219,0.4132,0.9081
"8(R)-hydroxy-hexadeca-(4E,6E,10Z)-trienoate",5,-0.019,0.219,0.4132,0.9081
"8(S)-hydroxy-hexadeca-(4E,6E,10Z)-trienoate",5,-0.019,0.219,0.4132,0.9081
"4-hydroxy-2-oxoglutarate",3,-0.216,0.218,0.4136,0.9081
"3-oxopropionyl-CoA",15,0.076,0.217,0.414,0.9081
"2-hydroxy-atorvastatin-lactone / ortho-hydroxy-atorvastatin lactone",8,-0.023,0.215,0.4149,0.9081
"(9Z,12Z,15Z,18Z)-tetracosatetraenoyl-CoA",22,0.025,0.211,0.4163,0.9081
"fumarate",11,0.185,0.208,0.4175,0.9081
"CMP-N-acetylneuraminate",14,-0.095,0.204,0.4192,0.9081
"(2S)-pristanoyl-CoA",4,-0.035,0.203,0.4194,0.9081
"(9Z,12Z,15Z,18Z,21Z)-tetracosapentaenoyl-CoA",25,0.1,0.203,0.4196,0.9081
"lipid droplet",7,0.273,0.203,0.4195,0.9081
"(1aalpha,2beta,3alpha,11calpha)-1a,2,3,11c-tetrahydro-6,11-dimethylbenzo[6,7]phenanthro[3,4-b]oxirene-2,3-diol",10,-0.338,0.193,0.4234,0.9081
"1,1-dichloroethylene",10,-0.338,0.193,0.4234,0.9081
"1-nitronaphthalene",10,-0.338,0.193,0.4234,0.9081
"4-[(hydroxymethyl)nitrosoamino]-1-(3-pyridinyl)-1-butanone",10,-0.338,0.193,0.4234,0.9081
"9-hydroxybenzo[a]pyrene",10,-0.338,0.193,0.4234,0.9081
"9-hydroxybenzo[a]pyrene-4,5-oxide",10,-0.338,0.193,0.4234,0.9081
"TAG epoxide",10,-0.338,0.193,0.4234,0.9081
"aflatoxin Q1",10,-0.338,0.193,0.4234,0.9081
"benzo[a]pyrene-7,8-dihydrodiol-9,10-oxide",10,-0.338,0.193,0.4234,0.9081
"bromobenzene",10,-0.338,0.193,0.4234,0.9081
"chloral",10,-0.338,0.193,0.4234,0.9081
"naphthalene",10,-0.338,0.193,0.4234,0.9081
"1D-myo-inositol-1,3,4-trisphosphate",5,0.014,0.19,0.4246,0.9081
"fructose-2,6-bisphosphate",5,0.115,0.19,0.4247,0.9081
"phosphatidate-LD-PE pool",20,0.124,0.19,0.4245,0.9081
"phosphatidate-LD-PS pool",20,0.124,0.19,0.4245,0.9081
"alpha-hydroxyisocaproic acid",13,0.18,0.188,0.4254,0.9081
"dGMP",13,-0.022,0.188,0.4256,0.9081
"3'-S-hydroxy-pravastatin-tetranor",3,-0.124,0.187,0.4256,0.9081
"[protein]",8,-0.015,0.187,0.4257,0.9081
"pravastatin glucuronide",3,-0.124,0.187,0.4256,0.9081
"23S,25,26-trihydroxyvitamin D3",3,-0.167,0.183,0.4275,0.9081
"23s,25-dihydroxyvitamin D3",3,-0.167,0.183,0.4275,0.9081
"24-oxo-1alpha,23,25-trihydroxyvitamin D3",3,-0.167,0.183,0.4275,0.9081
"24-oxo-1alpha,25-dihydroxyvitamin D3",3,-0.167,0.183,0.4275,0.9081
"25-hydroxyvitamin D3-26,23-lactol",3,-0.167,0.183,0.4275,0.9081
"25-hydroxyvitamin D3-26,23-lactone",3,-0.167,0.183,0.4275,0.9081
"calcitetrol",3,-0.167,0.183,0.4275,0.9081
"pyruvate",40,0.051,0.177,0.4299,0.9123
"antichymotrypsin",16,0.198,0.167,0.4338,0.9191
"inositol",8,-0.091,0.163,0.4354,0.9191
"keratan sulfate I biosynthesis, precursor 36",7,0.02,0.162,0.4357,0.9191
"keratan sulfate II (core 4-linked), biosynthesis, precursor 10",7,0.02,0.162,0.4357,0.9191
"keratan sulfate II biosynthesis, precursor 10",7,0.02,0.162,0.4357,0.9191
"antitrypsin",16,0.202,0.161,0.436,0.9191
"prostaglandin E1",9,0.239,0.161,0.4359,0.9191
"2-oxoglutaramate",4,-0.114,0.158,0.4374,0.9212
"spermidine",10,0.137,0.156,0.4382,0.922
"CDP-diacylglycerol-CL pool",4,-0.197,0.153,0.4393,0.923
"ceramide-1P pool",9,0.198,0.152,0.4395,0.923
"propinol adenylate",3,0.323,0.15,0.4403,0.9237
"pentanoyl-CoA",13,-0.031,0.149,0.4407,0.9237
"core 2",5,0.03,0.142,0.4435,0.9269
"stearidonic acid",19,0.221,0.142,0.4435,0.9269
"(18R)-HEPE",4,0.304,0.141,0.4438,0.9269
"estradiol-17beta 3-glucuronide",19,0.014,0.141,0.4439,0.9269
"selenohomocysteine",4,-0.12,0.138,0.445,0.9278
"serotonin",11,-0.106,0.138,0.4452,0.9278
"dITP",7,0.212,0.137,0.4456,0.9278
"em3gacpail heparan sulfate",4,0.089,0.129,0.4489,0.9335
"undecanoyl-CoA",14,0.045,0.128,0.4492,0.9335
"mitooxidized thioredoxin",8,0.213,0.125,0.4503,0.9341
"mitothioredoxin",8,0.213,0.125,0.4503,0.9341
"FMN",7,-0.124,0.124,0.4508,0.9342
"(2E)-octadecenoyl-CoA",24,0.168,0.121,0.4518,0.9354
"histone-N6-acetyl-L-lysine",14,-0.034,0.119,0.4527,0.9357
"GD3",5,0.026,0.118,0.4528,0.9357
"isovaleryl-CoA",8,-0.137,0.114,0.4546,0.9377
"17alpha-hydroxypregnenolone",5,0.309,0.113,0.4551,0.9377
"3-dehydro-Deoxycholate",8,-0.137,0.11,0.4563,0.9377
"3-dehydro-Lithocholate",8,-0.137,0.11,0.4563,0.9377
"4-methyl-trans-2-pentenoyl-CoA",3,-0.078,0.11,0.456,0.9377
"Taurohyocholic acid; N-(3alpha,6alpha,7alpha-Trihydroxy-5beta-cholan-24-oyl)taurine",8,-0.137,0.11,0.4563,0.9377
"spermine",8,0.111,0.106,0.4576,0.9395
"1,2-diacylglycerol-LD-TAG pool",36,0.185,0.099,0.4604,0.942
"simvastatin dihydroxy acid form",3,0.266,0.098,0.461,0.942
"sulfotaurolithocholate",4,-0.505,0.097,0.4614,0.942
"trichloroethanol",29,-0.1,0.096,0.4617,0.942
"butyryl-CoA",28,0.035,0.095,0.4623,0.942
"L-lactate",15,0.019,0.094,0.4625,0.942
"5beta-cholestane-3alpha,7alpha,12alpha,24s,25-pentol",23,0.072,0.093,0.4631,0.942
"betaine",4,0.04,0.091,0.4637,0.942
"heparan sulfate, precursor 1",4,0.077,0.091,0.4636,0.942
"coproporphyrin III",4,-0.129,0.09,0.4641,0.942
"11-cis-retinyl-palmitate",3,0.192,0.089,0.4644,0.942
"sulfoglycolithocholate",4,-0.479,0.089,0.4644,0.942
"[apotransferin]",16,0.212,0.088,0.4648,0.942
"pyridoxal-phosphate",6,0.105,0.088,0.4648,0.942
"3-hydroxyanthranilate",3,-0.168,0.086,0.4659,0.9434
"13-carboxy-alpha-tocotrienol",28,0.123,0.081,0.4677,0.9461
"nLc7Cer",3,0.234,0.079,0.4685,0.9466
"Hydroxy Alkyl Chain",3,-0.285,0.078,0.4688,0.9466
"hexanoyl-CoA",24,-0.008,0.073,0.4709,0.95
"glycochenodeoxycholate",7,0.103,0.071,0.4719,0.9505
"(2E,7Z,10Z,13Z,16Z)-docosapentaenoyl-CoA",6,0.122,0.069,0.4723,0.9505
"PAP",32,0.005,0.069,0.4725,0.9505
"mead acid",18,0.194,0.068,0.4729,0.9505
"D-galactosyl-N-acylsphingosine",27,0.099,0.065,0.4742,0.9516
"(R)-3-hydroxybutanoate",7,0.021,0.064,0.4743,0.9516
"chenodiol",19,-0.131,0.059,0.4765,0.9551
"G00031",3,0.086,0.058,0.4769,0.9551
"Tn-antigen",16,0.053,0.053,0.4787,0.9566
"(7Z,10Z,13Z,16Z,19Z)-docosapentaenoyl-CoA",36,0.039,0.052,0.4794,0.9566
"keratan sulfate II (core 2-linked)",7,0.09,0.052,0.4791,0.9566
"keratan sulfate II (core 4-linked)",7,0.09,0.052,0.4791,0.9566
"dAMP",16,0.038,0.05,0.4801,0.9572
"adrenic acid",17,0.208,0.042,0.4831,0.9599
"biliverdin",4,0.07,0.037,0.4851,0.9599
"5-formyl-THF",4,0.419,0.036,0.4858,0.9599
"1,2-diacylglycerol-LD-PI pool",26,0.162,0.035,0.486,0.9599
"keratan sulfate II (core 4-linked), biosynthesis, precursor 1",7,0.041,0.034,0.4866,0.9599
"keratan sulfate II biosynthesis, precursor 1",7,0.041,0.034,0.4866,0.9599
"12-Dehydrocholic acid; 12-Oxodeoxycholic acid; 12oxo-3alpha,7alpha-Dihydroxy-5beta-cholan-24-oic acid",8,0.033,0.033,0.4867,0.9599
"7-Dehydrochenodeoxycholic acid; 7oxo-3alpha-hydroxy-5beta-cholan-24-oic acid",8,0.033,0.033,0.4867,0.9599
"7-Dehydrocholic acid; 7-Oxodeoxycholic acid; 7oxo-3alpha,12alpha-Dihydroxy-5beta-cholan-24-oic acid",8,0.033,0.033,0.4867,0.9599
"Isochenodeoxycholic acid; 3beta,7alpha,12alpha-Trihydroxy-5beta-cholanic acid",8,0.033,0.033,0.4867,0.9599
"Isochenodeoxycholic acid; 3beta,7alpha-Dihydroxy-5beta-cholanic acid",8,0.033,0.033,0.4867,0.9599
"Ursocholic acid; 3alpha,7beta,12alpha-Trihydroxy-5beta-cholan-24-oic acid; 3alpha,7beta,12alpha-Trihydroxy-5beta-cholanic acid; 7beta-Hydroxyisocholic acid; 7-Epicholic acid",8,0.033,0.033,0.4867,0.9599
"2(S),6-dimethyl-heptanoyl-CoA",3,-0.179,0.03,0.4879,0.9614
"oxalate",9,0.307,0.025,0.49,0.9623
"(2E)-hexenoyl-CoA",11,0.031,0.024,0.4905,0.9623
"N-methylhistamine",6,-0.104,0.024,0.4906,0.9623
"5alpha-cholesta-7,24-dien-3beta-ol",3,0.09,0.023,0.4909,0.9623
"GD1a",9,0.142,0.022,0.4912,0.9623
"omega-3-arachidonic acid",17,0.218,0.022,0.4914,0.9623
"taurodeoxycholate",5,0.012,0.022,0.4912,0.9623
"4,8-Dimethylnonanoyl Coenzyme A",7,0.026,0.015,0.494,0.9626
"3-hydroxykynurenamine",3,-0.13,0.013,0.4949,0.9626
"5-hydroxykynurenamine",3,-0.13,0.013,0.4949,0.9626
"deoxyinosine",6,0.227,0.011,0.4958,0.9626
"1-acylglycerol-LD-PC pool",12,0.221,0.01,0.4959,0.9626
"1-acylglycerol-LD-PE pool",12,0.221,0.01,0.4959,0.9626
"1-acylglycerol-LD-PI pool",12,0.221,0.01,0.4959,0.9626
"1-acylglycerol-LD-PS pool",12,0.221,0.01,0.4959,0.9626
"1-acylglycerol-LD-SM pool",12,0.221,0.01,0.4959,0.9626
"1-acylglycerol-LD-TG1 pool",12,0.221,0.01,0.4959,0.9626
"acylglycerone-phosphate",3,0.022,0.006,0.4975,0.9643
"6-[(1S,2R)-1,2-dihydroxy-3-triphosphooxypropyl]-7,8-dihydropterin",3,-0.234,0.005,0.498,0.9643
"N-acetyl-D-mannosamine",3,-0.116,0.005,0.4981,0.9643
"1-acylglycerol-3P-bile-PC pool",9,0.093,0.002,0.4991,0.9645
"acyl-CoA-bile-PC pool",9,0.093,0.002,0.4991,0.9645
"Suberyl Coenzyme A",10,-0.025,0.001,0.4997,0.9648
"9-cis-4-oxo-13,14-dihydro-retinoate",17,0.112,-0.004,0.5017,0.9654
"arginine",33,0.119,-0.007,0.503,0.9654
"2-trans-cis,cis,cis,cis-4,8,11,14-eicosapentaenoyl-CoA",12,0.068,-0.008,0.5032,0.9654
"(6Z,9Z,12Z,15Z,18Z,21Z)-THA",16,0.2,-0.013,0.5053,0.9654
"10,13,16,19-docosatetraenoic acid",16,0.2,-0.013,0.5053,0.9654
"heneicosanoic acid",16,0.2,-0.013,0.5053,0.9654
"maltose",3,0.011,-0.013,0.505,0.9654
"maltotriose",3,0.011,-0.013,0.505,0.9654
"ximenic acid",16,0.2,-0.013,0.5053,0.9654
"l2n2m2mn",6,0.255,-0.02,0.508,0.9654
"aflatoxin B1",11,-0.321,-0.021,0.5085,0.9654
"7,12-dimethylbenz[a]anthracene 5,6-oxide",11,-0.295,-0.022,0.5089,0.9654
"benzo[a]pyrene-7,8-oxide",11,-0.295,-0.022,0.5089,0.9654
"trans-3,4-dihydro-3,4-dihydroxy-7,12-dimethylbenz[a]anthracene",11,-0.295,-0.022,0.5089,0.9654
"3,4-dihydroxyphenylacetaldehyde",6,0.069,-0.023,0.509,0.9654
"galactosylgloboside",4,0.234,-0.025,0.51,0.9654
"urate",5,0.167,-0.025,0.5101,0.9654
"D-xylulose",3,0.097,-0.027,0.5107,0.9654
"2-trans-7,10,13,16,19-all-cis-docosahexaenoyl-CoA",7,0.138,-0.029,0.5114,0.9654
"2-trans-9,12,15,18,21-all-cis-tetracosahexaenoyl-CoA",7,0.138,-0.029,0.5114,0.9654
"2-trans-9,12,15,18-all-cis-tetracosapentaenoyl-CoA",7,0.138,-0.029,0.5114,0.9654
"eicosa-(2E,8Z,11Z,14Z,17Z)-pentaenoyl-CoA",7,0.138,-0.029,0.5114,0.9654
"m3emgacpail heparan sulfate",4,0.168,-0.029,0.5114,0.9654
"trans,cis,cis,cis,cis-2,10,13,16,19-docosapentaenoyl-CoA",7,0.138,-0.029,0.5114,0.9654
"trans,cis,cis,cis,cis-2,12,15,18,21-tetracosapentaenoyl-CoA",7,0.138,-0.029,0.5114,0.9654
"trans,cis,cis,cis-2,10,13,16-docosatetraenoyl-CoA",7,0.138,-0.029,0.5114,0.9654
"glycolithocholate",6,-0.377,-0.036,0.5144,0.9701
"O-butanoylcarnitine",6,0.044,-0.041,0.5162,0.9701
"GTP",91,0.073,-0.043,0.5172,0.9701
"3alpha,7alpha,12alpha,25-tetrahydroxy-5beta-cholestane-24-one",20,0.065,-0.045,0.5179,0.9701
"heparan sulfate, precursor 2",3,0.178,-0.047,0.5187,0.9701
"heparan sulfate, precursor 3",3,0.178,-0.047,0.5187,0.9701
"heparan sulfate, precursor 4",3,0.178,-0.047,0.5187,0.9701
"heparan sulfate, precursor 5",3,0.178,-0.047,0.5187,0.9701
"heparan sulfate, precursor 6",3,0.178,-0.047,0.5187,0.9701
"heparan sulfate, precursor 7",3,0.178,-0.047,0.5187,0.9701
"heparan sulfate, precursor 8",3,0.178,-0.047,0.5187,0.9701
"Trans4Decenoyl Coenzyme A",4,-0.095,-0.048,0.5192,0.9702
"(5Z)-dodecenoyl-CoA",14,-0.031,-0.054,0.5217,0.973
"threonine",34,0.105,-0.054,0.5216,0.973
"Methyl-hydroxy-gliclazide",3,-0.448,-0.055,0.522,0.973
"N-acetylmethionine",3,0.354,-0.057,0.5225,0.9731
"1-lyso-2-arachidonoyl-phosphatidate",9,0.159,-0.064,0.5256,0.9764
"2-acyl-1-alkyl-sn-glycero-3-phosphate",9,0.159,-0.064,0.5256,0.9764
"UDP-glucose",17,0.062,-0.064,0.5255,0.9764
"protoporphyrin",3,-0.053,-0.068,0.5271,0.9783
"SAM",76,0.029,-0.071,0.5284,0.9799
"sulfatide",4,0.302,-0.075,0.53,0.9821
"1-alkyl-2-lysoglycerol-3-phosphocholine",14,0.158,-0.08,0.532,0.9849
"ribose-5-phosphate",10,-0.027,-0.084,0.5335,0.9869
"progesterone",5,0.028,-0.092,0.5368,0.9878
"cis-gondoic acid",19,0.216,-0.094,0.5375,0.9878
"atorvastatin-lactone",9,0.042,-0.096,0.5381,0.9878
"2-hydroxybutyrate",7,0.006,-0.098,0.539,0.9878
"3-hydroxypropionyl-CoA",18,0.059,-0.098,0.5392,0.9878
"5(S)-HETE",14,0.17,-0.098,0.5389,0.9878
"phosphatidate-LD-SM pool",18,0.126,-0.098,0.5389,0.9878
"phosphatidate-bile-PC pool",18,0.126,-0.098,0.5389,0.9878
"m2emgacpail heparan sulfate",6,0.075,-0.099,0.5394,0.9878
"adenylyl sulfate",3,0.041,-0.104,0.5413,0.9878
"fructose",15,0.21,-0.116,0.546,0.9878
"3,4-dihydroxymandelate",3,0.188,-0.117,0.5466,0.9878
"homovanillate",3,0.188,-0.117,0.5466,0.9878
"vanillylmandelate",3,0.188,-0.117,0.5466,0.9878
"tRNA",4,-0.079,-0.118,0.5468,0.9878
"7-Ketolithocholate",4,0.093,-0.12,0.5477,0.9878
"glycerate",7,-0.046,-0.124,0.5493,0.9878
"2-acetyl-1-alkyl-sn-glycero-3-phosphocholine",16,0.116,-0.126,0.5501,0.9878
"PG-CL pool",3,0.148,-0.127,0.5505,0.9878
"dIDP",6,0.204,-0.132,0.5525,0.9878
"D-aspartate",5,0.147,-0.134,0.5533,0.9878
"2-oxo-3-methylvalerate",7,0.044,-0.141,0.5561,0.9878
"3-methyl-2-oxobutyrate",7,0.044,-0.141,0.5561,0.9878
"bilirubin",20,-0.009,-0.142,0.5563,0.9878
"digalactosylceramide",20,0.064,-0.142,0.5566,0.9878
"3-methoxy-4-hydroxyphenylacetaldehyde",4,-0.061,-0.148,0.5586,0.9878
"3-methoxy-4-hydroxyphenylglycolaldehyde",4,-0.061,-0.148,0.5586,0.9878
"ribulose-5-phosphate",4,0.07,-0.151,0.5602,0.9878
"(3R)-phytanoyl-CoA",4,-0.05,-0.154,0.5614,0.9878
"benzo[a]pyrene-9,10-oxide",12,-0.278,-0.155,0.5618,0.9878
"dihydrobiopterin",3,-0.15,-0.155,0.5617,0.9878
"heme",7,-0.07,-0.156,0.5619,0.9878
"GM1b",7,0.082,-0.158,0.5626,0.9878
"3,3-diiodo-L-thyronine",25,0.068,-0.16,0.5635,0.9878
"trichloroacetate",12,-0.275,-0.16,0.5635,0.9878
"2-deoxy-D-ribose-1-phosphate",5,0.299,-0.161,0.5638,0.9878
"3-oxo-all-cis-6,9,12,15,18-tetracosapentaenoyl-CoA",10,0.191,-0.163,0.5646,0.9878
"3-oxo-cis-15-tetracosaenoyl-CoA",10,0.191,-0.163,0.5646,0.9878
"3-oxo-hexacosenoyl-CoA",10,0.191,-0.163,0.5646,0.9878
"3-oxohexacosanoyl-CoA",10,0.191,-0.163,0.5646,0.9878
"2-arachidonoylglycerol",11,0.169,-0.166,0.566,0.9878
"fn2m2masn",5,0.058,-0.167,0.5664,0.9878
"Hyocholic acid; gamma-Muricholate",12,-0.182,-0.172,0.5683,0.9878
"mannose-6-phosphate",8,0.316,-0.172,0.5684,0.9878
"UDP-galactose",36,0.133,-0.173,0.5688,0.9878
"18-CoA-18-oxo-dinor-LTB4",10,0.109,-0.174,0.5689,0.9878
"3(S),10(R)-OH-octadeca-6-trans-4,12-cis-trienoyl-CoA",10,0.109,-0.174,0.5689,0.9878
"3-oxo-10(R)-hydroxy-octadeca-(6E,8E,12Z)-trienoyl-CoA",10,0.109,-0.174,0.5689,0.9878
"3-oxo-10(S)-hydroxy-octadeca-(6E,8E,12Z)-trienoyl-CoA",10,0.109,-0.174,0.5689,0.9878
"keratan sulfate I biosynthesis, precursor 10",7,0.322,-0.174,0.569,0.9878
"keratan sulfate I biosynthesis, precursor 13",7,0.322,-0.174,0.569,0.9878
"keratan sulfate I biosynthesis, precursor 16",7,0.322,-0.174,0.569,0.9878
"keratan sulfate I biosynthesis, precursor 19",7,0.322,-0.174,0.569,0.9878
"keratan sulfate I biosynthesis, precursor 22",7,0.322,-0.174,0.569,0.9878
"keratan sulfate I biosynthesis, precursor 25",7,0.322,-0.174,0.569,0.9878
"keratan sulfate I biosynthesis, precursor 28",7,0.322,-0.174,0.569,0.9878
"keratan sulfate I biosynthesis, precursor 31",7,0.322,-0.174,0.569,0.9878
"keratan sulfate I biosynthesis, precursor 34",7,0.322,-0.174,0.569,0.9878
"keratan sulfate I biosynthesis, precursor 4",7,0.322,-0.174,0.569,0.9878
"keratan sulfate I biosynthesis, precursor 7",7,0.322,-0.174,0.569,0.9878
"keratan sulfate II (core 4-linked), biosynthesis, precursor 5",7,0.322,-0.174,0.569,0.9878
"keratan sulfate II (core 4-linked), biosynthesis, precursor 8",7,0.322,-0.174,0.569,0.9878
"keratan sulfate II biosynthesis, precursor 5",7,0.322,-0.174,0.569,0.9878
"keratan sulfate II biosynthesis, precursor 8",7,0.322,-0.174,0.569,0.9878
"(3S)-hydroxy-eicosa-cis,cis-11,14-dienoyl-CoA",7,0.086,-0.176,0.5699,0.9878
"3(S)-hydroxy-10,13,16-all-cis-docosatrienoyl-CoA",7,0.086,-0.176,0.5699,0.9878
"3(S)-hydroxy-all-cis-8,11,14,17-eicosatetraenoyl-CoA",7,0.086,-0.176,0.5699,0.9878
"3(S)-hydroxy-docosa-10,13,16,19-all-cis-tetraenoyl-CoA",7,0.086,-0.176,0.5699,0.9878
"3(S)-hydroxy-docosa-7,10,13,16,19-all-cis-pentaenoyl-CoA",7,0.086,-0.176,0.5699,0.9878
"3(S)-hydroxy-docosa-7,10,13,16-all-cis-tetraenoyl-CoA",7,0.086,-0.176,0.5699,0.9878
"3(S)-hydroxy-tetracosa-12,15,18,21-all-cis-tetraenoyl-CoA",7,0.086,-0.176,0.5699,0.9878
"3(S)-hydroxy-tetracosa-9,12,15,18,21-all-cis-pentaenoyl-CoA",7,0.086,-0.176,0.5699,0.9878
"1,2-diacylglycerol-bile-PC pool",11,0.098,-0.178,0.5705,0.9878
"PC-LD pool",37,0.07,-0.178,0.5706,0.9878
"tRNA(met)",15,0.097,-0.178,0.5707,0.9878
"homoserine",5,0.098,-0.181,0.5717,0.9878
"itaconyl-CoA",4,-0.114,-0.182,0.5723,0.9878
"m2gacpail heparan sulfate",3,-0.115,-0.186,0.5736,0.9878
"memgacpail heparan sulfate",3,-0.115,-0.186,0.5736,0.9878
"5,15-DiHETE",3,0.292,-0.187,0.5743,0.9878
"(11Z)-docosenoyl-CoA",28,-0.007,-0.194,0.5771,0.9878
"(13Z,16Z)-docosadienoyl-CoA",28,-0.007,-0.194,0.5771,0.9878
"13,16,19-docosatrienoyl-CoA",28,-0.007,-0.194,0.5771,0.9878
"(6Z,9Z,12Z,15Z,18Z)-tetracosapentaenoyl-CoA",22,0.011,-0.196,0.5776,0.9878
"4-cis-decenoyl-CoA",13,0.02,-0.196,0.5779,0.9878
"5alpha-pregnane-3,20-dione",7,0.128,-0.196,0.5777,0.9878
"CDP-choline",3,-0.088,-0.199,0.5791,0.9878
"Xyl-L-Ser-[protein]",3,0.231,-0.2,0.5794,0.9878
"biotin",4,-0.102,-0.205,0.5813,0.9878
"vitamin D3",3,-0.165,-0.214,0.5846,0.9878
"3alpha,12alpha-dihydroxy-5beta-cholanate",11,-0.07,-0.215,0.5851,0.9878
"carbamoyl-phosphate",3,0.044,-0.216,0.5854,0.9878
"14-demethyllanosterol",4,0.062,-0.218,0.5862,0.9878
"4,4-dimethyl-5alpha-cholesta-8-en-3-beta-ol",4,0.062,-0.218,0.5862,0.9878
"trans,cis-2,15-tetracosadienoyl-CoA",13,0.118,-0.218,0.5863,0.9878
"4-methyl-pentanoyl-CoA",5,-0.124,-0.222,0.5877,0.9878
"glutamine",48,0.1,-0.225,0.5891,0.9878
"3-oxotetracosanoyl-CoA",11,0.188,-0.226,0.5893,0.9878
"hexacosanoyl-CoA",23,0.021,-0.226,0.5895,0.9878
"S-farnesyl-protein",3,-0.03,-0.227,0.5898,0.9878
"(6Z,9Z,12Z,15Z,18Z,21Z)-tetracosahexaenoylcarnitine",4,0.134,-0.231,0.5915,0.9878
"12,15,18,21-tetracosatetraenoylcarnitine",4,0.134,-0.231,0.5915,0.9878
"hexacosenoylcarnitine",4,0.134,-0.231,0.5915,0.9878
"tricosanoylcarnitine",4,0.134,-0.231,0.5915,0.9878
"dihydroceramide pool",9,0.065,-0.234,0.5925,0.9878
"12(S)-HPETE",7,0.161,-0.236,0.5933,0.9878
"13(S)-HODE",7,0.161,-0.236,0.5933,0.9878
"13(S)-HPODE",7,0.161,-0.236,0.5933,0.9878
"15(S)-HETE",7,0.161,-0.236,0.5933,0.9878
"1D-myo-inositol-3-phosphate",5,-0.131,-0.239,0.5943,0.9878
"Hyocholic acid-6glucuronide, HCA-6G",6,0.012,-0.239,0.5945,0.9878
"beta-1,4-mannose-N-acetylglucosamine",4,0.23,-0.239,0.5946,0.9878
"11-Octadecenoyl Coenzyme A",15,0.247,-0.24,0.5949,0.9878
"tryptamine",6,0.138,-0.24,0.5949,0.9878
"urea",6,0.019,-0.243,0.5961,0.9878
"CDP-ethanolamine",3,-0.019,-0.247,0.5974,0.9878
"ADP-ribose",9,-0.106,-0.25,0.5987,0.9878
"S-[2-carboxy-1-(1H-imidazol-4-yl)ethyl]glutathione",12,0.056,-0.256,0.6012,0.9878
"retinyl-ester",17,0.188,-0.274,0.6078,0.9878
"serine",49,0.13,-0.274,0.6081,0.9878
"(18E)-20-oxo-20-CoA-LTB4",6,0.095,-0.275,0.6084,0.9878
"(18E)-20-oxo-20-CoA-LTE4",6,0.095,-0.275,0.6084,0.9878
"(2S,6R,10R)-trimethyl-(2E)-hendecenoyl-CoA",6,0.095,-0.275,0.6084,0.9878
"(4R,8R,12R)-trimethyl-(2E)-tridecenoyl-CoA",6,0.095,-0.275,0.6084,0.9878
"5(S),12(R)-dihydroxy-eicosa-2,8-trans-6,14-cis-tetraenoyl-CoA",6,0.095,-0.275,0.6084,0.9878
"5-oxo-12(R)-hydroxy-eicosa-(2E,8E,10E,14Z)-tetraenoyl-CoA",6,0.095,-0.275,0.6084,0.9878
"5-oxo-12(S)-hydroxy-eicosa-(2E,8E,10E,14Z)-tetraenoyl-CoA",6,0.095,-0.275,0.6084,0.9878
"delta2-THA-CoA",6,0.095,-0.275,0.6084,0.9878
"trans-2,3-dehydropristanoyl-CoA",6,0.095,-0.275,0.6084,0.9878
"trans-2-all-cis-6,9,12,15,18-tetracosahexaenoyl-CoA",6,0.095,-0.275,0.6084,0.9878
"hypotaurine",3,0.362,-0.283,0.6113,0.9878
"(2E)-decenoyl-CoA",12,0.09,-0.285,0.612,0.9878
"allopregnanolone",6,0.326,-0.289,0.6138,0.9878
"13,14-dihydro-15-oxo-lipoxin A4",18,0.066,-0.296,0.6163,0.9878
"15-oxo-lipoxin A4",18,0.066,-0.296,0.6163,0.9878
"4-aminobutanal",7,-0.025,-0.299,0.6174,0.9878
"imidazole-4-acetaldehyde",7,-0.025,-0.299,0.6174,0.9878
"3-Hydroxyisovaleryl Coenzyme A",3,-0.135,-0.3,0.6178,0.9878
"5alpha-androstane-3,17-dione",8,0.094,-0.302,0.6188,0.9878
"H2O2",79,0.048,-0.304,0.6196,0.9878
"(4Z,7Z,10Z,13Z,16Z,19Z)-docosahexaenoyl-CoA",36,0.019,-0.306,0.62,0.9878
"3-sulfopyruvate",4,-0.028,-0.306,0.6202,0.9878
"keratan sulfate II (core 4-linked), biosynthesis, precursor 2",8,0.183,-0.315,0.6235,0.9878
"hydroxide",6,0.217,-0.316,0.6239,0.9878
"20-COOH-LTE4",11,-0.039,-0.319,0.6252,0.9878
"oxidized thioredoxin",9,0.192,-0.319,0.625,0.9878
"thioredoxin",9,0.192,-0.319,0.625,0.9878
"fluvastatin",9,-0.095,-0.32,0.6255,0.9878
"2,6-dimethyl-trans-2-heptenoyl-CoA",4,-0.026,-0.325,0.6273,0.9878
"4(R),8-dimethyl-trans-2-nonenoyl-CoA",4,-0.026,-0.325,0.6273,0.9878
"1-lysolecithin pool",4,0.149,-0.327,0.6283,0.9878
"dehydroalanine",3,0.159,-0.329,0.6289,0.9878
"5-oxoproline",4,0.117,-0.33,0.6293,0.9878
"(2E)-docosenoyl-CoA",16,0.074,-0.333,0.6303,0.9878
"(2E)-eicosenoyl-CoA",16,0.074,-0.333,0.6303,0.9878
"tRNA-guanine",5,0.182,-0.333,0.6303,0.9878
"trans,cis-2,13-eicosadienoyl-CoA",16,0.074,-0.333,0.6303,0.9878
"cis-erucic acid",17,0.193,-0.335,0.6311,0.9878
"nervonic acid",17,0.193,-0.335,0.6311,0.9878
"cortisol",5,0.116,-0.345,0.6349,0.9878
"citrulline",10,-0.002,-0.346,0.6351,0.9878
"GDP-L-fucose",6,0.14,-0.348,0.636,0.9878
"bilirubin-bisglucuronoside",19,0.03,-0.348,0.6361,0.9878
"2,6,9,12,15-Octadecapentenoyl Coenzyme A",4,0.168,-0.35,0.6368,0.9878
"2,7,10,13,16,19-Docosahexenoyl Coenzyme A",4,0.168,-0.35,0.6368,0.9878
"3,6,9,12,15-Octadecapentenoyl Coenzyme A",4,0.168,-0.35,0.6368,0.9878
"Trans3,6Dodecadienoyl Coenzyme A",4,0.168,-0.35,0.6368,0.9878
"GD1b",8,0.167,-0.355,0.6388,0.9878
"heptanoyl-CoA",12,-0.004,-0.355,0.6388,0.9878
"nonanoyl-CoA",12,-0.004,-0.355,0.6388,0.9878
"mercaptopyruvate",6,0.06,-0.358,0.6397,0.9878
"3-hydroxyisobutyrate",3,-0.065,-0.361,0.6408,0.9878
"(alpha-D-Glucosyl)3-(alpha-D-mannosyl)8-beta-D-mannosyl-diacetylchitobiosyl-L-asparagine (protein)",8,0.081,-0.362,0.6413,0.9878
"ibuprofen-CoA-S form",5,0.139,-0.365,0.6426,0.9878
"asparagine",38,0.086,-0.367,0.643,0.9878
"GSSG",18,0.079,-0.371,0.6445,0.9878
"1,2-diacylglycerol-LD-PC pool",21,0.114,-0.38,0.648,0.9878
"OAA",11,-0.019,-0.38,0.6479,0.9878
"18-COOH-(16E)-dinor-LTE5-CoA",5,0.014,-0.382,0.6487,0.9878
"LacCer pool",37,0.161,-0.387,0.6507,0.9878
"homocysteine-thiolactone",3,-0.107,-0.387,0.6506,0.9878
"10,11-dihydro-12-epi-LTB4",11,0.098,-0.388,0.651,0.9878
"coproporphyrin I",3,-0.285,-0.388,0.6508,0.9878
"GM4",3,0.276,-0.389,0.6515,0.9878
"GQ1b",3,0.276,-0.389,0.6515,0.9878
"galactose-1-phosphate",4,0.032,-0.39,0.6516,0.9878
"13-cis-retinal",4,0.12,-0.391,0.6519,0.9878
"3-Hydoxy-Suberyl Coenzyme A",4,0.029,-0.391,0.652,0.9878
"N-acetylneuraminate",11,0.131,-0.394,0.653,0.9878
"decanoyl-CoA",21,0.046,-0.397,0.6542,0.9878
"phosphatidylinositol-3,5-bisphosphate",25,0.037,-0.407,0.6581,0.9878
"5beta-cholestan-3alpha,7alpha,12alpha-triol",7,-0.031,-0.409,0.6588,0.9878
"linoleate",41,-0.013,-0.409,0.6589,0.9878
"kynurenine",8,-0.127,-0.421,0.6629,0.9878
"arachidonate",54,0.01,-0.422,0.6636,0.9878
"(4Z,7Z,10Z,13Z,16Z)-docosapentaenoyl-CoA",23,0.021,-0.428,0.6656,0.9878
"1,2-diacylglycerol-LD-PE pool",23,0.137,-0.43,0.6665,0.9878
"L-gulonate",3,0.07,-0.431,0.6669,0.9878
"chenodeoxycholoyl-CoA",11,0.145,-0.433,0.6676,0.9878
"2-O-acetyl-ADP-D-ribose",3,0.027,-0.434,0.6679,0.9878
"alpha-NAD(+)",3,0.027,-0.434,0.6679,0.9878
"TAG-LD pool",20,0.259,-0.438,0.6692,0.9878
"3(S)-Phytanoyl Coenzyme A",3,-0.174,-0.44,0.6699,0.9878
"PE-LD pool",35,0.107,-0.441,0.6702,0.9878
"3alpha,7alpha,12alpha-trihydroxy-5beta-cholestanate",13,-0.027,-0.443,0.6711,0.9878
"ascorbate",7,0.025,-0.444,0.6714,0.9878
"5(S)-HPETE",9,0.162,-0.447,0.6724,0.9878
"chondroitin sulfate E (GalNAc4,6diS-GlcA), precursor 5a",5,0.028,-0.451,0.6739,0.9878
"(2E)-heneicosenoyl-CoA",11,0.067,-0.452,0.6745,0.9878
"(2E)-nonadecenoyl-CoA",11,0.067,-0.452,0.6745,0.9878
"monosialylgalactosylgloboside",3,-0.014,-0.455,0.6755,0.9878
"sialyl-T antigen",3,-0.014,-0.455,0.6755,0.9878
"sialyl-galactosylgloboside",3,-0.014,-0.455,0.6755,0.9878
"nLc8Cer",3,0.4,-0.459,0.6768,0.9878
"1-alkyl-2-acylglycerol",12,0.088,-0.464,0.6787,0.9878
"N(omega)-(ADP-D-ribosyl)-L-arginine",3,0.128,-0.466,0.6792,0.9878
"[protein]-omega-N-(ADP-D-ribosyl)-L-arginine",3,0.128,-0.466,0.6792,0.9878
"10,11-epoxy-(4Z,7Z)-hexadecadienoic acid",24,0.097,-0.467,0.6797,0.9878
"11-carboxy-alpha-chromanol",24,0.097,-0.467,0.6797,0.9878
"11-carboxy-gamma-chromanol",24,0.097,-0.467,0.6797,0.9878
"12,13-epoxy-(6Z,9Z)-octadecadienoic acid",24,0.097,-0.467,0.6797,0.9878
"7,8-epoxy-(4Z,10Z)-hexadecadienoic acid",24,0.097,-0.467,0.6797,0.9878
"7-carboxy-alpha-chromanol",24,0.097,-0.467,0.6797,0.9878
"7-carboxy-gamma-chromanol",24,0.097,-0.467,0.6797,0.9878
"8,9-epoxy-(5Z)-tetradecenoic acid",24,0.097,-0.467,0.6797,0.9878
"9,10-epoxy-(6Z,12Z)-octadecadienoic acid",24,0.097,-0.467,0.6797,0.9878
"9-carboxy-alpha-chromanol",24,0.097,-0.467,0.6797,0.9878
"9-carboxy-gamma-chromanol",24,0.097,-0.467,0.6797,0.9878
"cholestenol",3,0.185,-0.467,0.6796,0.9878
"10,11-dihydro-LTB4-CoA",8,0.017,-0.471,0.6813,0.9878
"20-COOH-LTE4-CoA",8,0.017,-0.471,0.6813,0.9878
"20-CoA-20-oxo-LTB4",8,0.017,-0.471,0.6813,0.9878
"5-oxo-12(R)-hydroxy-eicosa-(8E,10E,14Z)-trienoyl-CoA",8,0.017,-0.471,0.6813,0.9878
"5-oxo-12(S)-hydroxy-eicosa-(8E,10E,14Z)-trienoyl-CoA",8,0.017,-0.471,0.6813,0.9878
"(3R)-phytanic acid",3,0.012,-0.472,0.6814,0.9878
"(9Z,12Z,15Z,18Z)-tetracosatetraenoylcarnitine",5,0.138,-0.476,0.683,0.9878
"4(R)-hydroxy-dodec-(6Z)-enoate",3,-0.086,-0.476,0.6828,0.9878
"4(S)-hydroxy-dodec-(6Z)-enoate",3,-0.086,-0.476,0.6828,0.9878
"(R)-4-phosphopantothenoyl-cysteine",5,-0.074,-0.477,0.6834,0.9878
"peptidylproline-(omega=0)",28,0.099,-0.479,0.6839,0.9878
"peptidylproline-(omega=180)",28,0.099,-0.479,0.6839,0.9878
"trans,cis-lauro-2,6-dienoyl-CoA",9,0.073,-0.498,0.6908,0.9878
"lysine",33,0.117,-0.5,0.6915,0.9878
"reverse triiodthyronine",20,-0.001,-0.503,0.6926,0.9878
"guanidine",3,-0.029,-0.504,0.6928,0.9878
"1,2-diacylglycerol-LD-PS pool",19,0.147,-0.506,0.6935,0.9878
"Adipoyl Carnitine",4,-0.071,-0.507,0.694,0.9878
"Dodecanedioyl Carnitine",4,-0.071,-0.507,0.694,0.9878
"Hexanoyl Carnitine",4,-0.071,-0.507,0.694,0.9878
"L-octanoylcarnitine",4,-0.071,-0.507,0.694,0.9878
"Sebacoyl Carnitine",4,-0.071,-0.507,0.694,0.9878
"Suberyl Carnitine",4,-0.071,-0.507,0.694,0.9878
"Succinyl Carnitine",4,-0.071,-0.507,0.694,0.9878
"2(R),6-dimethyl-heptanoyl-CoA",4,-0.109,-0.509,0.6945,0.9878
"5,6-epoxy-(8Z)-tetradecenoic acid",23,0.109,-0.511,0.6954,0.9878
"1,2-diacylglycerol-LD-SM pool",17,0.181,-0.512,0.6957,0.9878
"L-carnitine",12,0.031,-0.517,0.6974,0.9878
"10,11-dihydro-LTB4",12,0.089,-0.54,0.7054,0.9878
"3-oxo-dihomo-gamma-linolenoyl-CoA",11,0.177,-0.554,0.7102,0.9878
"[protein]-L-cysteine",4,0.066,-0.558,0.7115,0.9878
"(S)-3-hydroxy-2-methylbutyryl-CoA",3,0.068,-0.559,0.7119,0.9878
"eicosadienoylcarnitine",6,0.142,-0.564,0.7136,0.9878
"phenylacetaldehyde",5,0.03,-0.566,0.7142,0.9878
"5-Dodecenoyl Coenzyme A",7,-0.012,-0.568,0.7149,0.9878
"[protein]-L-asparagine",8,0.069,-0.568,0.7149,0.9878
"SAH",67,0.038,-0.569,0.7154,0.9878
"n2m2masn",3,0.09,-0.571,0.7159,0.9878
"[protein]-L-serine",17,0.128,-0.576,0.7176,0.9878
"cystine",8,0.015,-0.577,0.718,0.9878
"selenite",3,0.12,-0.579,0.7187,0.9878
"digalactosylceramidesulfate",3,0.25,-0.588,0.7219,0.9878
"chloroacetyl chloride",24,-0.226,-0.589,0.7219,0.9878
"GA1",14,0.112,-0.593,0.7235,0.9878
"Trans-3-Cis-8-Tetradecadienoyl Coenzyme A",3,0.145,-0.594,0.7237,0.9878
"L-valyl-tRNA(val)",14,0.086,-0.595,0.7242,0.9878
"tRNA(val)",14,0.086,-0.595,0.7242,0.9878
"chondroitin sulfate C (GalNAc6S-GlcA), precursor 3",8,0.035,-0.6,0.7256,0.9878
"chondroitin sulfate D (GlcNAc6S-GlcA2S), precursor 4",8,0.035,-0.6,0.7256,0.9878
"3-Oxo-Cis-8-Tetradecenoyl Coenzyme A",4,-0.034,-0.602,0.7263,0.9878
"L-glutaminyl-tRNA(gln)",14,0.066,-0.602,0.7265,0.9878
"tRNA(gln)",14,0.066,-0.602,0.7265,0.9878
"1D-myo-inositol-3,4-bisphosphate",3,-0.198,-0.604,0.7271,0.9878
"3-oxo-11-cis-eicosenoyl-CoA",15,0.116,-0.607,0.7282,0.9878
"3-oxo-13-cis-eicosenoyl-CoA",15,0.116,-0.607,0.7282,0.9878
"3-oxo-13cis-docosenoyl-CoA",15,0.116,-0.607,0.7282,0.9878
"3-oxoeicosanoyl-CoA",15,0.116,-0.607,0.7282,0.9878
"3-oxooctadecanoyl-CoA",15,0.116,-0.607,0.7282,0.9878
"fatty acid pool",44,0.162,-0.608,0.7285,0.9878
"(Glc)3 (GlcNAc)2 (Man)9 (PP-Dol)1",10,0.009,-0.61,0.729,0.9878
"(11Z,14Z,17Z)-eicosatrienoylcarnitine",6,0.129,-0.612,0.7298,0.9878
"(15Z)-tetracosenoylcarnitine",6,0.129,-0.612,0.7298,0.9878
"(6Z,9Z,12Z,15Z,18Z)-tetracosapentaenoylcarnitine",6,0.129,-0.612,0.7298,0.9878
"(9Z,12Z,15Z,18Z,21Z)-tetracosapentaenoylcarnitine",6,0.129,-0.612,0.7298,0.9878
"O-acetylcarnitine",6,0.129,-0.612,0.7298,0.9878
"O-propanoylcarnitine",6,0.129,-0.612,0.7298,0.9878
"dodecanoylcarnitine",6,0.129,-0.612,0.7298,0.9878
"gamma-linolenoylcarnitine",6,0.129,-0.612,0.7298,0.9878
"heptadecanoylcarnitine",6,0.129,-0.612,0.7298,0.9878
"hexacosanoylcarnitine",6,0.129,-0.612,0.7298,0.9878
"nonadecanoylcarnitine",6,0.129,-0.612,0.7298,0.9878
"ocosatetraenoylcarnitine",6,0.129,-0.612,0.7298,0.9878
"stearoylcarnitine",6,0.129,-0.612,0.7298,0.9878
"tetracosanoylcarnitine",6,0.129,-0.612,0.7298,0.9878
"tridecanoylcarnitine",6,0.129,-0.612,0.7298,0.9878
"3-oxodocosanoyl-CoA",16,0.122,-0.614,0.7304,0.9878
"phytosphingosine",5,0.31,-0.614,0.7305,0.9878
"emem2gacpail heparan sulfate",3,0.01,-0.616,0.7311,0.9878
"4-nitrophenyl-phosphate",5,0.07,-0.625,0.7339,0.9878
"L-cysteinyl-tRNA(cys)",10,0.071,-0.628,0.7349,0.9878
"tRNA(cys)",10,0.071,-0.628,0.7349,0.9878
"STAR",22,0.16,-0.629,0.7353,0.9878
"glucosylceramide pool",31,0.099,-0.631,0.7359,0.9878
"Losartan",8,0.022,-0.636,0.7375,0.9878
"7alpha,12alpha-dihydroxycholest-4-en-3-one",5,0.066,-0.639,0.7387,0.9878
"malonyl-carnitine",6,0.128,-0.64,0.7389,0.9878
"dehydroepiandrosterone",3,-0.222,-0.648,0.7416,0.9878
"homocysteine",9,-0.096,-0.656,0.7441,0.9878
"3-monoiodo-L-thyronine",3,0.039,-0.659,0.7452,0.9878
"UDP-xylose",3,0.181,-0.662,0.7459,0.9878
"dihydrolipoamide",5,-0.002,-0.662,0.746,0.9878
"1-phosphatidyl-myo-inositol-3,5-bisphosphate",17,-0.071,-0.671,0.7488,0.9878
"(2E)-dodecenoyl-CoA",17,0.069,-0.673,0.7495,0.9878
"L-cysteate",3,-0.135,-0.679,0.7515,0.9878
"calcitriol",4,0.139,-0.682,0.7524,0.9878
"(3E,5Z,8Z)-Tetradecatrienoyl Coenzyme A",3,0.154,-0.688,0.7542,0.9878
"L-methionyl-tRNA(met)",15,0.065,-0.688,0.7544,0.9878
"tyramine",12,0.078,-0.688,0.7542,0.9878
"11-cis-retinol",9,0.17,-0.697,0.7572,0.9878
"keratan sulfate I",5,-0.066,-0.698,0.7574,0.9878
"malate",11,0.193,-0.705,0.7596,0.9878
"2,4,7,10,13,16-Docosahexenoyl Coenzyme A",4,0.061,-0.709,0.7608,0.9878
"2,4,7,10,13-Hexadecapentaenoyl Coenzyme A",4,0.061,-0.709,0.7608,0.9878
"PE-PS-LD pool",3,-0.075,-0.717,0.7633,0.9878
"N-acetylputrescine",6,-0.07,-0.718,0.7637,0.9878
"10-HETE",27,-0.215,-0.719,0.764,0.9878
"aflatoxin B1-exo-8,9-epoxide",25,-0.212,-0.721,0.7646,0.9878
"l2fn2m2masn",8,0,-0.721,0.7644,0.9878
"thyroxine",20,0.005,-0.722,0.765,0.9878
"G10599",3,-0.145,-0.732,0.7678,0.9878
"mgacpail heparan sulfate",4,-0.059,-0.732,0.768,0.9878
"(4Z,7Z,10Z,13Z,16Z)-docosapentaenoylcarnitine",7,0.133,-0.734,0.7686,0.9878
"(5Z,8Z,11Z)-eicosatrienoylcarnitine",7,0.133,-0.734,0.7686,0.9878
"(5Z,8Z,11Z,14Z,17Z)-eicosapentaenoylcarnitine",7,0.133,-0.734,0.7686,0.9878
"(6Z,9Z)-octadecadienoylcarnitine",7,0.133,-0.734,0.7686,0.9878
"(7Z,10Z,13Z,16Z,19Z)-docosapentaenoylcarnitine",7,0.133,-0.734,0.7686,0.9878
"(8Z,11Z)-eicosadienoylcarnitine",7,0.133,-0.734,0.7686,0.9878
"(8Z,11Z,14Z,17Z)-eicosatetraenoylcarnitine",7,0.133,-0.734,0.7686,0.9878
"(9E)-octadecenoylcarnitine",7,0.133,-0.734,0.7686,0.9878
"10,13,16,19-docosatetraenoylcarnitine",7,0.133,-0.734,0.7686,0.9878
"13,16,19-docosatrienoylcarnitine",7,0.133,-0.734,0.7686,0.9878
"L-oleoylcarnitine",7,0.133,-0.734,0.7686,0.9878
"L-palmitoylcarnitine",7,0.133,-0.734,0.7686,0.9878
"arachidonyl-carnitine",7,0.133,-0.734,0.7686,0.9878
"docosahexaenoylcarnitine",7,0.133,-0.734,0.7686,0.9878
"docosanoylcarnitine",7,0.133,-0.734,0.7686,0.9878
"docosenoylcarnitine",7,0.133,-0.734,0.7686,0.9878
"docosenoylcarnitine(11)",7,0.133,-0.734,0.7686,0.9878
"eicosanoylcarnitine",7,0.133,-0.734,0.7686,0.9878
"eicosatrienoylcarnitine",7,0.133,-0.734,0.7686,0.9878
"eicosenoylcarnitine(11)",7,0.133,-0.734,0.7686,0.9878
"eicosenoylcarnitine(7)",7,0.133,-0.734,0.7686,0.9878
"eicosenoylcarnitine(9)",7,0.133,-0.734,0.7686,0.9878
"heneicosanoylcarnitine",7,0.133,-0.734,0.7686,0.9878
"heptadecenoylcarnitine(7)",7,0.133,-0.734,0.7686,0.9878
"heptadecenoylcarnitine(8)",7,0.133,-0.734,0.7686,0.9878
"octadecatrienoylcarnitine",7,0.133,-0.734,0.7686,0.9878
"octadecenoylcarnitine(11)",7,0.133,-0.734,0.7686,0.9878
"octadecenoylcarnitine(5)",7,0.133,-0.734,0.7686,0.9878
"octadecenoylcarnitine(7)",7,0.133,-0.734,0.7686,0.9878
"palmitoleoyl-carnitine",7,0.133,-0.734,0.7686,0.9878
"pentadecanoylcarnitine",7,0.133,-0.734,0.7686,0.9878
"tetradecanoylcarnitine",7,0.133,-0.734,0.7686,0.9878
"tetradecenoylcarnitine(5)",7,0.133,-0.734,0.7686,0.9878
"tetradecenoylcarnitine(7)",7,0.133,-0.734,0.7686,0.9878
"tetradecenoylcarnitine(9)",7,0.133,-0.734,0.7686,0.9878
"tetrahydrobiopterin",3,-0.116,-0.734,0.7686,0.9878
"D-4-phosphopantothenate",4,-0.152,-0.736,0.7692,0.9878
"5-hydroxy-L-tryptophan",4,-0.181,-0.739,0.7701,0.9878
"2-hydroxyestradiol-17beta",24,-0.143,-0.742,0.7711,0.9878
"3alpha,7alpha-dihydroxy-5beta-cholestanate",17,-0.026,-0.744,0.7716,0.9878
"2-methylacetoacetyl-CoA",5,-0.036,-0.749,0.773,0.9878
"3-oxo-(2S)-methylisocapryloyl-CoA",5,-0.036,-0.749,0.773,0.9878
"3-oxo-4(R),8-dimethyl-nonanoyl-CoA",5,-0.036,-0.749,0.773,0.9878
"3-oxo-4-methyl-pentanoyl-CoA",5,-0.036,-0.749,0.773,0.9878
"3-oxo-6(R)-hydroxy-tetradec-8-cis-enoate",5,-0.036,-0.749,0.773,0.9878
"3-oxo-6(S)-hydroxy-tetradec-(8Z)-enoate",5,-0.036,-0.749,0.773,0.9878
"3-oxo-8(R)-hydroxy-hexadeca-(6E,10Z)-dienoate",5,-0.036,-0.749,0.773,0.9878
"3-oxo-8(S)-hydroxy-hexadeca-(6E,10Z)-dienoate",5,-0.036,-0.749,0.773,0.9878
"3-oxoheptadecanoyl-CoA",5,-0.036,-0.749,0.773,0.9878
"3-oxoheptanoyl-CoA",5,-0.036,-0.749,0.773,0.9878
"3-oxononanoyl-CoA",5,-0.036,-0.749,0.773,0.9878
"3-oxopentadecanoyl-CoA",5,-0.036,-0.749,0.773,0.9878
"3-oxopentanoyl-CoA",5,-0.036,-0.749,0.773,0.9878
"3-oxotridecanoyl-CoA",5,-0.036,-0.749,0.773,0.9878
"3-oxoundecanoyl-CoA",5,-0.036,-0.749,0.773,0.9878
"9-cis-retinol",11,-0.026,-0.761,0.7768,0.9878
"mitoACP",3,-0.132,-0.766,0.7782,0.9878
"GT1b",7,0.129,-0.77,0.7793,0.9878
"prostaglandin A1",21,-0.143,-0.773,0.7803,0.9878
"hepoxilin A3",30,-0.008,-0.779,0.7819,0.9878
"sn-glycerol-3-PC",10,0.08,-0.783,0.7833,0.9878
"sn-glycerol-3-PE",10,0.08,-0.783,0.7833,0.9878
"7-Tetradecenoyl Coenzyme A",3,0.098,-0.785,0.7838,0.9878
"Trans5,8Tetradecadienoyl Coenzyme A",3,0.098,-0.785,0.7838,0.9878
"L-tyrosyl-tRNA(tyr)",13,0.099,-0.79,0.7852,0.9878
"tRNA(tyr)",13,0.099,-0.79,0.7852,0.9878
"deoxycholoyl-CoA",3,-0.104,-0.806,0.7898,0.9878
"FAD",81,-0.039,-0.812,0.7916,0.9878
"4-oxo-9-cis-retinoate",32,0.118,-0.813,0.7919,0.9878
"cholesterol",35,0.199,-0.817,0.7929,0.9878
"4,8,12-trimethyltridecanoyl-CoA",6,0.069,-0.818,0.7932,0.9878
"7alpha-hydroxycholest-4-en-3-one",7,0.065,-0.821,0.7941,0.9878
"glyoxalate",10,0.013,-0.828,0.7961,0.9878
"3-keto-beta-D-galactose",3,0.143,-0.829,0.7964,0.9878
"3-ketolactose",3,0.143,-0.829,0.7964,0.9878
"6-deoxy-L-galactose",3,0.001,-0.829,0.7963,0.9878
"lactose-6-phosphate",3,0.143,-0.829,0.7964,0.9878
"uracil",5,-0.033,-0.83,0.7966,0.9878
"(13Z,16Z)-docosadienoylcarnitine",8,0.133,-0.831,0.797,0.9878
"(6Z,9Z,12Z,15Z)-octadecatetraenoylcarnitine",8,0.133,-0.831,0.797,0.9878
"10,13,16-docosatrienoylcarnitine",8,0.133,-0.831,0.797,0.9878
"linoleic-carnitine",8,0.133,-0.831,0.797,0.9878
"L-formylkynurenine",5,-0.085,-0.832,0.7972,0.9878
"N-pantothenoylcysteine",3,-0.152,-0.833,0.7977,0.9878
"10-hydroxy-octadec-(12Z)-enoate-9-beta-D-glucuronide",14,0.131,-0.839,0.7993,0.9878
"12-O-D-glucuronoside-13-hydroxyoctadec-(9Z)-enoate",14,0.131,-0.839,0.7993,0.9878
"12-hydroxy-13-O-D-glucuronoside-octadec-(9Z)-enoate",14,0.131,-0.839,0.7993,0.9878
"13-cis-retinoyl-beta-D-glucuronide",14,0.131,-0.839,0.7993,0.9878
"13-cis-retinoyl-glucuronide",14,0.131,-0.839,0.7993,0.9878
"3,3,5-triiodo-L-thyronine-beta-D-glucuronoside",14,0.131,-0.839,0.7993,0.9878
"3,3-diiodo-L-thyronine-beta-D-glucuronoside",14,0.131,-0.839,0.7993,0.9878
"3,5,3,5-tetraiodo-L-thyronine-beta-D-glucuronoside",14,0.131,-0.839,0.7993,0.9878
"3,5,3-triiodo-L-thyronine-beta-D-glucuronoside",14,0.131,-0.839,0.7993,0.9878
"3,5-diiodo-L-thyronine-beta-D-glucuronoside",14,0.131,-0.839,0.7993,0.9878
"4-(methylnitrosamino)-1-(3-pyridyl)-1-butanol glucuronide",14,0.131,-0.839,0.7993,0.9878
"4-hydroxy-all-trans-retinyl-acetate",14,0.131,-0.839,0.7993,0.9878
"4-oxo-9-cis-retinoyl-beta-glucuronide",14,0.131,-0.839,0.7993,0.9878
"9-cis-retinoyl-beta-D-glucuronide",14,0.131,-0.839,0.7993,0.9878
"9-hydroxy-10-O-D-glucuronoside-(12Z)-octadecenoate",14,0.131,-0.839,0.7993,0.9878
"NNAL-N-glucuronide",14,0.131,-0.839,0.7993,0.9878
"rac-4-hydroxy-4-O-(beta-D-glucuronide)-all-trans-retinoate",14,0.131,-0.839,0.7993,0.9878
"rac-4-hydroxy-4-O-(beta-D-glucuronide)-all-trans-retinyl-acetate",14,0.131,-0.839,0.7993,0.9878
"rac-5,6-epoxy-retinoyl-beta-D-glucuronide",14,0.131,-0.839,0.7993,0.9878
"trichloroethanol glucuronide",14,0.131,-0.839,0.7993,0.9878
"hexadecanol",3,-0.209,-0.84,0.7996,0.9878
"1,1-dichloroethylene epoxide",25,-0.216,-0.842,0.8,0.9878
"1-nitronaphthalene-7,8-oxide",25,-0.216,-0.842,0.8,0.9878
"2,2-dichloroacetaldehyde",25,-0.216,-0.842,0.8,0.9878
"trichloroethene",25,-0.216,-0.842,0.8,0.9878
"5-S-glutathionyl-L-dopa",20,-0.079,-0.843,0.8003,0.9878
"UDP-glucuronate",26,0.124,-0.848,0.8019,0.9878
"pitavastatin-glucuronide",4,0.413,-0.859,0.8049,0.9878
"3-keto-4-methylzymosterol",3,0.218,-0.861,0.8054,0.9878
"11-carboxy-alpha-tocotrienol",28,0.101,-0.862,0.8056,0.9878
"11-carboxy-gamma-tocotrienol",28,0.101,-0.862,0.8056,0.9878
"5-carboxy-alpha-chromanol",28,0.101,-0.862,0.8056,0.9878
"5-carboxy-gamma-chromanol",28,0.101,-0.862,0.8056,0.9878
"7-carboxy-alpha-tocotrienol",28,0.101,-0.862,0.8056,0.9878
"7-carboxy-gamma-tocotrienol",28,0.101,-0.862,0.8056,0.9878
"9-carboxy-alpha-tocotrienol",28,0.101,-0.862,0.8056,0.9878
"9-carboxy-gamma-tocotrienol",28,0.101,-0.862,0.8056,0.9878
"UTP",84,0.089,-0.863,0.8059,0.9878
"cGMP",25,-0.092,-0.866,0.8068,0.9878
"(2R,6R,10R)-trimethyl-hendecanoyl-CoA",3,0.041,-0.877,0.8097,0.9878
"acyl-CoA pool",32,0.066,-0.886,0.8121,0.9878
"2-deoxy-D-ribose-5-phosphate",3,0.005,-0.887,0.8124,0.9878
"phytoceramide pool",5,0.093,-0.887,0.8124,0.9878
"triiodothyronine",21,-0.012,-0.892,0.8137,0.9878
"11-cis-retinal",6,0.159,-0.895,0.8145,0.9878
"L-seryl-tRNA(ser)",14,0.065,-0.895,0.8145,0.9878
"tRNA(ser)",14,0.065,-0.895,0.8145,0.9878
"3(S)-hydroxy-2(S),6-dimethyl-heptanoyl-CoA",4,0.083,-0.907,0.8178,0.9878
"3(S)-hydroxy-4(R),8-dimethyl-nonanoyl-CoA",4,0.083,-0.907,0.8178,0.9878
"3(S)-hydroxy-4-methyl-pentanoyl-CoA",4,0.083,-0.907,0.8178,0.9878
"3-hydroxyheptanoyl-CoA",4,0.083,-0.907,0.8178,0.9878
"3-hydroxynonanoyl-CoA",4,0.083,-0.907,0.8178,0.9878
"3-hydroxypentanoyl-CoA",4,0.083,-0.907,0.8178,0.9878
"3-hydroxyundecanoyl-CoA",4,0.083,-0.907,0.8178,0.9878
"Trans-2-Cis-8-Tetradecadienoyl Coenzyme A",5,0.107,-0.907,0.8177,0.9878
"alpha-D-galactose-1-phosphate",3,0.163,-0.913,0.8194,0.9878
"1'-OH-midazolam",5,-0.121,-0.919,0.821,0.9878
"4-OH-midazolam",5,-0.121,-0.919,0.821,0.9878
"chondroitin sulfate precursor (GalNAc-GlcA-(Gal)2-Xyl-L-Ser (protein))",9,0.048,-0.928,0.8234,0.9878
"Dodecanedioyl Coenzyme A",8,-0.03,-0.93,0.8238,0.9878
"cAMP",28,-0.027,-0.935,0.8251,0.9878
"keratan sulfate I biosynthesis, precursor 1",7,0.21,-0.94,0.8263,0.9878
"PA6",4,-0.108,-0.942,0.8269,0.9878
"dolichyl-D-glucosyl-phosphate",5,-0.137,-0.951,0.8292,0.9878
"calcidiol",7,-0.108,-0.952,0.8294,0.9878
"(5S,6S)-epoxy-(15R)-hydroxy-ETE",3,0.069,-0.96,0.8316,0.9878
"5(S),6(S)-epoxy-15(R)-HEPE",3,0.069,-0.96,0.8316,0.9878
"5,6-epoxytetraene",3,0.069,-0.96,0.8316,0.9878
"L-alanyl-tRNA(ala)",14,0.065,-0.96,0.8314,0.9878
"lipoxin B4",3,0.069,-0.96,0.8316,0.9878
"tRNA(ala)",14,0.065,-0.96,0.8314,0.9878
"3-dehydrosphinganine",4,-0.007,-0.961,0.8316,0.9878
"3alpha,7alpha,12alpha-trihydroxy-5beta-cholest-24-enoyl-CoA",5,0.023,-0.961,0.8317,0.9878
"S-acetyldihydrolipoamide",4,0.017,-0.961,0.8317,0.9878
"4-androstene-3,17-dione",13,-0.03,-0.963,0.8322,0.9878
"3-decaprenyl-4-hydroxybenzoate",3,0.084,-0.965,0.8328,0.9878
"12,13-hydroxyoctadec-9(z)-enoate",16,0.117,-0.974,0.8349,0.9878
"9,10-hydroxyoctadec-12(Z)-enoate",16,0.117,-0.974,0.8349,0.9878
"L-aspartyl-tRNA(asp)",14,0.031,-0.974,0.8351,0.9878
"tRNA(asp)",14,0.031,-0.974,0.8351,0.9878
"20-COOH-LTB4",13,-0.034,-0.976,0.8355,0.9878
"O2-",14,-0.008,-0.978,0.836,0.9878
"Zymosterol Intermediate 2",3,0.202,-0.98,0.8366,0.9878
"4alpha-carboxy-4beta-methyl-5alpha-cholesta-8,24-dien-3beta-ol",3,0.208,-0.981,0.8367,0.9878
"4alpha-carboxy-4beta-methyl-5alpha-cholesta-8-en-3beta-ol",3,0.208,-0.981,0.8367,0.9878
"4alpha-carboxy-5alpha-cholesta-8,24-dien-3beta-ol",3,0.208,-0.981,0.8367,0.9878
"4alpha-carboxy-5alpha-cholesta-8-en-3beta-ol",3,0.208,-0.981,0.8367,0.9878
"selenide",6,0.029,-0.984,0.8375,0.9878
"trans-3-cis-5,8,11,14-eicosapentaenoyl-CoA",4,0.102,-0.985,0.8377,0.9878
"(1R,2S)-naphthalene 1,2-oxide",26,-0.202,-0.994,0.8399,0.9878
"(1S,2R)-naphthalene 1,2-oxide",26,-0.202,-0.994,0.8399,0.9878
"1-nitronaphthalene-5,6-oxide",26,-0.202,-0.994,0.8399,0.9878
"benzo[a]pyrene-7,8-diol",26,-0.202,-0.994,0.8399,0.9878
"bromobenzene-2,3-oxide",26,-0.202,-0.994,0.8399,0.9878
"bromobenzene-3,4-oxide",26,-0.202,-0.994,0.8399,0.9878
"3-Hydroxy-Adipoyl Coenzyme A",3,-0.034,-0.998,0.8408,0.9878
"3-Hydroxy-Sebacoyl Coenzyme A",3,-0.034,-0.998,0.8408,0.9878
"ethanolamine-phosphate",7,-0.001,-0.998,0.8408,0.9878
"2-hydroxy-atorvastatin-acyl-glucuronide",3,0.227,-1.004,0.8423,0.9878
"2-hydroxy-atorvastatin-lactone-glucuronide",3,0.227,-1.004,0.8423,0.9878
"2,6,10-Trimethyl Undecanoyl Coenzyme A",4,0.064,-1.008,0.8432,0.9878
"4(R),8-dimethyl-nonanoyl-CoA",5,-0.019,-1.009,0.8435,0.9878
"3-carboxy-alpha-chromanol",39,0.107,-1.013,0.8445,0.9878
"PNP",8,-0.02,-1.013,0.8444,0.9878
"gamma-carboxyethyl-hydroxychroman",39,0.107,-1.013,0.8445,0.9878
"2,4,7-Decatrienoyl Coenzyme A",4,-0.036,-1.014,0.8447,0.9878
"3(S),6(R)-dihydroxy-tetradec-(8Z)-enoate",3,0.069,-1.014,0.8446,0.9878
"3(S),6(S)-dihydroxy-tetradec-(8Z)-enoate",3,0.069,-1.014,0.8446,0.9878
"3(S),8(R)-dihydroxy-(6E,10Z)-hexadecadienoate",3,0.069,-1.014,0.8446,0.9878
"3(S),8(S)-dihydroxy-(6E,10Z)-hexadecadienoate",3,0.069,-1.014,0.8446,0.9878
"3-hydroxyheptadecanoyl-CoA",3,0.069,-1.014,0.8446,0.9878
"3-hydroxypentadecanoyl-CoA",3,0.069,-1.014,0.8446,0.9878
"3-hydroxytridecanoyl-CoA",3,0.069,-1.014,0.8446,0.9878
"1-phosphatidyl-1D-myo-inositol-3-phosphate",28,-0.042,-1.015,0.845,0.9878
"phenethylamine",5,-0.033,-1.023,0.8467,0.9878
"Adipoyl Coenzyme A",11,0.013,-1.025,0.8474,0.9878
"L-glutamyl-tRNA(glu)",14,0.067,-1.026,0.8475,0.9878
"L-prolyl-tRNA(pro)",14,0.067,-1.026,0.8475,0.9878
"tRNA(glu)",14,0.067,-1.026,0.8475,0.9878
"tRNA(pro)",14,0.067,-1.026,0.8475,0.9878
"glutaryl-CoA",5,-0.014,-1.032,0.8491,0.9878
"benzo[a]pyrene-4,5-oxide",27,-0.198,-1.034,0.8494,0.9878
"4-hydroxyphenylacetaldehyde",6,-0.003,-1.038,0.8504,0.9878
"methylimidazole-acetaldehyde",6,-0.003,-1.038,0.8504,0.9878
"(3S)-3-Hydroxy-Cis-8-Tetradecenoyl Coenzyme A",4,0.076,-1.039,0.8506,0.9878
"zymosterol",4,0.146,-1.039,0.8506,0.9878
"cholesterol-ester-10,13,16,19-docosa",3,-0.095,-1.044,0.8517,0.9878
"cholesterol-ester-10,13,16-docosa",3,-0.095,-1.044,0.8517,0.9878
"cholesterol-ester-10-hepta",3,-0.095,-1.044,0.8517,0.9878
"cholesterol-ester-11,14,17-eico",3,-0.095,-1.044,0.8517,0.9878
"cholesterol-ester-11,14-eicosa",3,-0.095,-1.044,0.8517,0.9878
"cholesterol-ester-11-docose",3,-0.095,-1.044,0.8517,0.9878
"cholesterol-ester-11-eico",3,-0.095,-1.044,0.8517,0.9878
"cholesterol-ester-12,15,18,21-tetracosa",3,-0.095,-1.044,0.8517,0.9878
"cholesterol-ester-13,16,19-doco",3,-0.095,-1.044,0.8517,0.9878
"cholesterol-ester-13,16-docosa",3,-0.095,-1.044,0.8517,0.9878
"cholesterol-ester-13-docose",3,-0.095,-1.044,0.8517,0.9878
"cholesterol-ester-13-eicose",3,-0.095,-1.044,0.8517,0.9878
"cholesterol-ester-13-octade",3,-0.095,-1.044,0.8517,0.9878
"cholesterol-ester-15-tetra",3,-0.095,-1.044,0.8517,0.9878
"cholesterol-ester-4,7,10,13,16,19-doco",3,-0.095,-1.044,0.8517,0.9878
"cholesterol-ester-4,7,10,13,16-docosa",3,-0.095,-1.044,0.8517,0.9878
"cholesterol-ester-5,8,11,14,17-eico",3,-0.095,-1.044,0.8517,0.9878
"cholesterol-ester-5,8,11-eico",3,-0.095,-1.044,0.8517,0.9878
"cholesterol-ester-5-tetra",3,-0.095,-1.044,0.8517,0.9878
"cholesterol-ester-6,9,12,15,18,21-tetra",3,-0.095,-1.044,0.8517,0.9878
"cholesterol-ester-6,9,12,15,18-tetraco",3,-0.095,-1.044,0.8517,0.9878
"cholesterol-ester-6,9,12,15-octa",3,-0.095,-1.044,0.8517,0.9878
"cholesterol-ester-6,9-octa",3,-0.095,-1.044,0.8517,0.9878
"cholesterol-ester-7,10,13,16,19-docosa",3,-0.095,-1.044,0.8517,0.9878
"cholesterol-ester-7,10,13,16-docosa",3,-0.095,-1.044,0.8517,0.9878
"cholesterol-ester-7-hexa",3,-0.095,-1.044,0.8517,0.9878
"cholesterol-ester-7-octade",3,-0.095,-1.044,0.8517,0.9878
"cholesterol-ester-7-tetrade",3,-0.095,-1.044,0.8517,0.9878
"cholesterol-ester-8,11,14,17-eico",3,-0.095,-1.044,0.8517,0.9878
"cholesterol-ester-8,11-eico",3,-0.095,-1.044,0.8517,0.9878
"cholesterol-ester-9,12,15,18,21-tetra",3,-0.095,-1.044,0.8517,0.9878
"cholesterol-ester-9,12,15,18-tetraco",3,-0.095,-1.044,0.8517,0.9878
"cholesterol-ester-9-eicose",3,-0.095,-1.044,0.8517,0.9878
"cholesterol-ester-9-heptade",3,-0.095,-1.044,0.8517,0.9878
"cholesterol-ester-9-octa",3,-0.095,-1.044,0.8517,0.9878
"cholesterol-ester-9-tetrade",3,-0.095,-1.044,0.8517,0.9878
"cholesterol-ester-arach",3,-0.095,-1.044,0.8517,0.9878
"cholesterol-ester-cis-vac",3,-0.095,-1.044,0.8517,0.9878
"cholesterol-ester-dihomo-gamma",3,-0.095,-1.044,0.8517,0.9878
"cholesterol-ester-docosa",3,-0.095,-1.044,0.8517,0.9878
"cholesterol-ester-eico",3,-0.095,-1.044,0.8517,0.9878
"cholesterol-ester-gamma-lin",3,-0.095,-1.044,0.8517,0.9878
"cholesterol-ester-heneico",3,-0.095,-1.044,0.8517,0.9878
"cholesterol-ester-hepta",3,-0.095,-1.044,0.8517,0.9878
"cholesterol-ester-hexacosa",3,-0.095,-1.044,0.8517,0.9878
"cholesterol-ester-hexecose",3,-0.095,-1.044,0.8517,0.9878
"cholesterol-ester-laur",3,-0.095,-1.044,0.8517,0.9878
"cholesterol-ester-lin",3,-0.095,-1.044,0.8517,0.9878
"cholesterol-ester-linolen",3,-0.095,-1.044,0.8517,0.9878
"cholesterol-ester-myrist",3,-0.095,-1.044,0.8517,0.9878
"cholesterol-ester-nanode",3,-0.095,-1.044,0.8517,0.9878
"cholesterol-ester-ol",3,-0.095,-1.044,0.8517,0.9878
"cholesterol-ester-palm",3,-0.095,-1.044,0.8517,0.9878
"cholesterol-ester-palmn",3,-0.095,-1.044,0.8517,0.9878
"cholesterol-ester-penta",3,-0.095,-1.044,0.8517,0.9878
"cholesterol-ester-stea",3,-0.095,-1.044,0.8517,0.9878
"cholesterol-ester-tetraco",3,-0.095,-1.044,0.8517,0.9878
"cholesterol-ester-trico",3,-0.095,-1.044,0.8517,0.9878
"cholesterol-ester-tridec",3,-0.095,-1.044,0.8517,0.9878
"(ADP-D-ribosyl)n+1-acceptor",16,0.039,-1.046,0.8523,0.9878
"(ADP-D-ribosyl)n-acceptor",16,0.039,-1.046,0.8523,0.9878
"1-hydroxy S-ibuprofen",3,0.13,-1.047,0.8525,0.9878
"S-carboxy ibuprofen",3,0.13,-1.047,0.8525,0.9878
"Pristanoyl Coenzyme A",7,0.042,-1.053,0.8539,0.9878
"3,5-diiodo-L-thyronine",17,0.114,-1.054,0.8542,0.9878
"naphthalene-1,2-diol",4,0.187,-1.055,0.8542,0.9878
"L-phenylalanyl-tRNA(phe)",15,0.079,-1.058,0.8549,0.9878
"tRNA(phe)",15,0.079,-1.058,0.8549,0.9878
"hexadecenoylcarnitine(9)",8,0.133,-1.062,0.8559,0.9878
"7,12-dimethylbenz[a]anthracene",20,-0.209,-1.063,0.8561,0.9878
"benzo[a]pyrene",20,-0.209,-1.063,0.8561,0.9878
"UDP-N-acetyl-D-galactosamine",19,0.072,-1.068,0.8573,0.9878
"L-cystathionine",3,-0.017,-1.072,0.8582,0.9878
"NH3",47,0.039,-1.075,0.8589,0.9878
"alpha-CEHC-glucuronide",15,0.124,-1.076,0.859,0.9878
"gamma-CEHC-glucuronide",15,0.124,-1.076,0.859,0.9878
"chondroitin sulfate A (GalNAc4S-GlcA), degradation product 3",3,0.027,-1.08,0.8599,0.9878
"(2E)-hexacosenoyl-CoA",12,0.09,-1.081,0.8602,0.9878
"(2E)-tetracosenoyl-CoA",12,0.09,-1.081,0.8602,0.9878
"pantetheine",6,0.001,-1.081,0.8602,0.9878
"trans,cis-2,17-hexacosadienoyl-CoA",12,0.09,-1.081,0.8602,0.9878
"O-1-alk-1-enyl-2-acyl-sn-glycero-3-phosphoethanolamine",23,0.086,-1.086,0.8612,0.9878
"2-(alpha-hydroxyethyl)thiamine-diphosphate",3,0.072,-1.089,0.862,0.9878
"melatonin",6,-0.255,-1.09,0.8622,0.9878
"15(S)-HETrE",5,0.111,-1.091,0.8624,0.9878
"glycyl-tRNA(gly)",14,0.058,-1.092,0.8625,0.9878
"tRNA(gly)",14,0.058,-1.092,0.8625,0.9878
"5-aminolevulinate",4,0.049,-1.096,0.8635,0.9878
"sarcosine",6,-0.073,-1.098,0.8639,0.9878
"16alpha-hydroxyestrone",20,-0.205,-1.107,0.8657,0.9878
"GM1",11,0.114,-1.107,0.8658,0.9878
"4-cholesten-7alpha,24(S)-diol-3-one",3,0.029,-1.114,0.8673,0.9878
"4-cholesten-7alpha,27-diol-3-one",3,0.029,-1.114,0.8673,0.9878
"leukotriene E4",38,0.065,-1.117,0.8679,0.9878
"5(S)-HEPE",4,0.175,-1.133,0.8713,0.9878
"(2E)-tricosenoyl-CoA",6,0.084,-1.137,0.8723,0.9878
"trans,cis,cis,cis-2,11,14,17-eicosatetraenoyl-CoA",6,0.084,-1.137,0.8723,0.9878
"trans,cis,cis,cis-2,13,16,19-docosatetraenoyl-CoA",6,0.084,-1.137,0.8723,0.9878
"trans,cis,cis-2,13,16-docasatrienoyl-CoA",6,0.084,-1.137,0.8723,0.9878
"trans,cis-2,11-docosadienoyl-CoA",6,0.084,-1.137,0.8723,0.9878
"trans,cis-2,8,11-eicosatrienoyl-CoA",6,0.084,-1.137,0.8723,0.9878
"trans,cis-2,9-eicosadienoyl-CoA",6,0.084,-1.137,0.8723,0.9878
"5,6-epoxy-13-cis-retinoate",15,0.124,-1.14,0.8729,0.9878
"chondroitin sulfate A (GalNAc4S-GlcA) proteoglycan",4,0.146,-1.142,0.8734,0.9878
"chondroitin sulfate B (IdoA2S-GalNAc4S), precursor 4",4,0.146,-1.142,0.8734,0.9878
"trans-3-decenoyl-CoA",10,0.017,-1.144,0.8738,0.9878
"25(R)TetraHCA-CoA",3,-0.077,-1.146,0.8741,0.9878
"3,7,24THCA-CoA",3,-0.077,-1.146,0.8741,0.9878
"lipoxin A4",3,-0.032,-1.147,0.8743,0.9878
"phosphatidylinositol-3,4,5-trisphosphate",23,-0.008,-1.151,0.8751,0.9878
"7alpha,12alpha-dihydroxy-5beta-cholestan-3-one",5,0.122,-1.154,0.8757,0.9878
"7alpha-hydroxy-5beta-cholestan-3-one",5,0.122,-1.154,0.8757,0.9878
"vitamin K",3,0.112,-1.155,0.8759,0.9878
"Sebacoyl Coenzyme A",9,-0.014,-1.16,0.877,0.9878
"D-glucitol",7,0.188,-1.165,0.878,0.9878
"methylamine",5,-0.04,-1.175,0.8799,0.9878
"5beta-cholestane-3alpha,7alpha-diol",5,0.129,-1.176,0.8802,0.9878
"all-trans-decaprenyl-diphosphate",4,0.104,-1.176,0.8802,0.9878
"glycogenin G8",4,-0.022,-1.176,0.8802,0.9878
"12-keto-LTB4",25,-0.055,-1.178,0.8805,0.9878
"1,2-dibromoethane",16,-0.139,-1.18,0.881,0.9878
"2-bromoacetaldehyde",16,-0.139,-1.18,0.881,0.9878
"hydrobromic acid",16,-0.139,-1.18,0.881,0.9878
"3,7,10,13,16-Docosapentenoyl Coenzyme A",5,0.085,-1.189,0.8827,0.9878
"3,7,10,13-Hexadecatetraenoyl Coenzyme A",5,0.085,-1.189,0.8827,0.9878
"3,7-Decadienoyl Coenzyme A",5,0.085,-1.189,0.8827,0.9878
"9-cis-retinal",14,-0.022,-1.203,0.8855,0.9878
"chondroitin sulfate E (GalNAc4,6diS-GlcA), precursor 4",12,0.072,-1.203,0.8855,0.9878
"4-(n-nitrosomethylamino)-1-(3-pyridyl)-1-butanone",19,-0.143,-1.208,0.8864,0.9878
"Octadecenoyl Coenzyme A",5,0.09,-1.22,0.8888,0.9878
"2,6,9-Dodecatrienoyl Coenzyme A",8,0.01,-1.222,0.8892,0.9878
"2,7-Decadienoyl Coenzyme A",8,0.01,-1.222,0.8892,0.9878
"prostaglandin F2alpha",7,0.125,-1.23,0.8907,0.9878
"chondroitin sulfate B (IdoA2S-GalNAc4s), precursor 5",6,0.03,-1.233,0.8913,0.9878
"L-isoleucyl-tRNA(ile)",12,0.03,-1.234,0.8914,0.9878
"tRNA(ile)",12,0.03,-1.234,0.8914,0.9878
"1,3-diaminopropane",5,0.043,-1.243,0.893,0.9878
"2-Hydroxyamino-3,8-Dimethylimidazo[4,5-F]Quinoxaline",10,0.201,-1.245,0.8935,0.9878
"2-Hydroxyamino-Meiqx-N2-(Beta-1-Glucosiduronyl)-2-Hydroxyamino-3,8-Dimethylimidazo[4,5-F]Quinoxaline",10,0.201,-1.245,0.8935,0.9878
"3,3,5-Triiodothyroacetate",10,0.201,-1.245,0.8935,0.9878
"3,3,5-Triiodothyroacetate-Beta-D-Glucuronoside",10,0.201,-1.245,0.8935,0.9878
"3,5,3,5-Tetraiodothyroacetate",10,0.201,-1.245,0.8935,0.9878
"3,5,3,5-Tetraiodothyroacetate-Beta-D-Glucuronoside",10,0.201,-1.245,0.8935,0.9878
"3,5,3-Triiodothyroacetate",10,0.201,-1.245,0.8935,0.9878
"3,5,3-Triiodothyroacetate-Beta-D-Glucuronoside",10,0.201,-1.245,0.8935,0.9878
"3,5-Diiodothyroacetate",10,0.201,-1.245,0.8935,0.9878
"3,5-Diiodothyroacetate-Beta-D-Glucuronoside",10,0.201,-1.245,0.8935,0.9878
"4-hydroxy-all-trans-retinoate",16,0.105,-1.249,0.8942,0.9878
"1,2-dihydronaphthalene-1,2-diol",5,0.177,-1.251,0.8945,0.9878
"de-Fuc form of PA6",3,-0.037,-1.252,0.8948,0.9878
"keratan sulfate I, degradation product 1",3,-0.037,-1.252,0.8948,0.9878
"L-leucyl-tRNA(leu)",14,0.043,-1.254,0.8951,0.9878
"tRNA(leu)",14,0.043,-1.254,0.8951,0.9878
"L-tryptophanyl-tRNA(trp)",14,0.057,-1.258,0.8958,0.9878
"tRNA(trp)",14,0.057,-1.258,0.8958,0.9878
"3-Hexenoyl Coenzyme A",10,-0.021,-1.261,0.8964,0.9878
"4,7-Decadienoyl Coenzyme A",8,-0.07,-1.268,0.8976,0.9878
"5-Octenoyl Coenzyme A",8,-0.07,-1.268,0.8976,0.9878
"Protein-Linked Serine Or Threonine Residue (O-Glycosylation Site)",10,0.002,-1.27,0.8979,0.9878
"L-asparaginyl-tRNA(asn)",13,0.025,-1.278,0.8994,0.9878
"tRNA(asn)",13,0.025,-1.278,0.8994,0.9878
"18-COOH-(15E)-dinor-LTE4-CoA",5,0.094,-1.281,0.8999,0.9878
"Alpha-Linolenyl Carnitine",3,0.036,-1.285,0.9006,0.9878
"1-radyl-2-acyl-sn-glycero-3-phosphocholine",21,0.081,-1.29,0.9015,0.9878
"16e-18-oxo-18-CoA-dinor-LTE4",6,0.118,-1.29,0.9015,0.9878
"15(S)-HPETE",29,-0.098,-1.291,0.9016,0.9878
"11,12,15-THETA",21,-0.197,-1.295,0.9024,0.9878
"11,14,15-THETA",21,-0.197,-1.295,0.9024,0.9878
"11-HETE",21,-0.197,-1.295,0.9024,0.9878
"11h-14,15-EETA",21,-0.197,-1.295,0.9024,0.9878
"13-HETE",21,-0.197,-1.295,0.9024,0.9878
"15H-11,12-EETA",21,-0.197,-1.295,0.9024,0.9878
"16(R)-HETE",21,-0.197,-1.295,0.9024,0.9878
"17-HETE",21,-0.197,-1.295,0.9024,0.9878
"18-HETE",21,-0.197,-1.295,0.9024,0.9878
"18-hydroxy-all-trans-retinoate",21,-0.197,-1.295,0.9024,0.9878
"19(S)-HETE",21,-0.197,-1.295,0.9024,0.9878
"6,7-dihydro-LTB4",21,-0.197,-1.295,0.9024,0.9878
"7-HETE",21,-0.197,-1.295,0.9024,0.9878
"9-HETE",21,-0.197,-1.295,0.9024,0.9878
"pantothenate",6,-0.019,-1.295,0.9023,0.9878
"(3S)-hydroxy-docasa-cis,cis-13,16-dienoyl-CoA",6,0.024,-1.303,0.9037,0.9878
"(3S)-hydroxy-eicosa-cis,cis,cis-11,14,17-trienoyl-CoA",6,0.024,-1.303,0.9037,0.9878
"3(S)-hydroxy-11-cis-docosenoyl-CoA",6,0.024,-1.303,0.9037,0.9878
"3(S)-hydroxy-3-oxo-eicosadienoyl-CoA",6,0.024,-1.303,0.9037,0.9878
"3(S)-hydroxy-9-cis-eicosenoyl-CoA",6,0.024,-1.303,0.9037,0.9878
"3(S)-hydroxy-docosa-13,16,19-all-cis-trienoyl-CoA",6,0.024,-1.303,0.9037,0.9878
"3-hydroxytricosanoyl-CoA",6,0.024,-1.303,0.9037,0.9878
"Losartan-N2-glucuronide / Losartan-M7",5,0.08,-1.309,0.9048,0.9878
"5-S-glutathionyl-dopamine",19,-0.116,-1.319,0.9065,0.9878
"3,7,24THCA",3,-0.052,-1.32,0.9065,0.9878
"tetraHCA",3,-0.052,-1.32,0.9065,0.9878
"5-alpha-dihydrotestosterone",7,0.034,-1.325,0.9075,0.9878
"(S)-Glycerate",4,0.025,-1.326,0.9077,0.9878
"2-Hydroxy-3-Methyl-Valerate",4,0.025,-1.326,0.9077,0.9878
"2-Hydroxy-Isovalerate",4,0.025,-1.326,0.9077,0.9878
"4-hydroxy-4-(methylnitrosoamino)-1-(3-pyridinyl)-1-butanone",4,-0.007,-1.326,0.9075,0.9878
"7,12-Dimethylbenz[A]Anthracene-3,4-Diol-1,2-Epoxide",18,-0.161,-1.326,0.9076,0.9878
"(1R)-hydroxy-(2R)-glutathionyl-1,2-dihydronaphthalene",15,-0.134,-1.328,0.9079,0.9878
"(1S)-hydroxy-(2S)-glutathionyl-1,2-dihydronaphthalene",15,-0.134,-1.328,0.9079,0.9878
"1-nitro-5-glutathionyl-6-hydroxy-5,6-dihydronaphthalene",15,-0.134,-1.328,0.9079,0.9878
"1-nitro-5-hydroxy-6-glutathionyl-5,6-dihydronaphthalene",15,-0.134,-1.328,0.9079,0.9878
"1-nitro-7-glutathionyl-8-hydroxy-7,8-dihydronaphthalene",15,-0.134,-1.328,0.9079,0.9878
"1-nitro-7-hydroxy-8-glutathionyl-7,8-dihydronaphthalene",15,-0.134,-1.328,0.9079,0.9878
"2,3-dihydro-2-S-glutathionyl-3-hydroxy bromobenzene",15,-0.134,-1.328,0.9079,0.9878
"2-(S-glutathionyl)acetyl chloride",15,-0.134,-1.328,0.9079,0.9878
"2-(S-glutathionyl)acetyl glutathione",15,-0.134,-1.328,0.9079,0.9878
"3,4-dihydro-3-hydroxy-4-S-glutathionyl bromobenzene",15,-0.134,-1.328,0.9079,0.9878
"4,5-dihydro-4-hydroxy-5-S-glutathionyl-benzo[a]pyrene",15,-0.134,-1.328,0.9079,0.9878
"7,8-dihydro-7-hydroxy-8-S-glutathionyl-benzo[a]pyrene",15,-0.134,-1.328,0.9079,0.9878
"S-(1,2-dichlorovinyl)glutathione",15,-0.134,-1.328,0.9079,0.9878
"S-(2,2-dichloro-1-hydroxy)ethyl glutathione",15,-0.134,-1.328,0.9079,0.9878
"S-(2-chloroacetyl)glutathione",15,-0.134,-1.328,0.9079,0.9878
"S-(formylmethyl)glutathione",15,-0.134,-1.328,0.9079,0.9878
"aflatoxin B1-exo-8,9-epoxide-GSH",15,-0.134,-1.328,0.9079,0.9878
"glutathione episulfonium ion",15,-0.134,-1.328,0.9079,0.9878
"hydrochloride",15,-0.134,-1.328,0.9079,0.9878
"S-(9-deoxy-delta12-PGD2)-glutathione",18,-0.115,-1.331,0.9084,0.9878
"S-(9-deoxy-delta9,12-PGD2)-glutathione",18,-0.115,-1.331,0.9084,0.9878
"S-(PGJ2)-glutathione",18,-0.115,-1.331,0.9084,0.9878
"prostaglandin J2",18,-0.115,-1.331,0.9084,0.9878
"cis,cis-3,6-dodecadienoyl-CoA",9,0.048,-1.335,0.9091,0.9878
"prostaglandin A2",20,-0.073,-1.342,0.9102,0.9878
"N-acetylglucosamine-1-phosphate",3,0.022,-1.344,0.9105,0.9878
"11-Octadecenoyl Carnitine",4,0.048,-1.345,0.9106,0.9878
"Octadecenoyl Carnitine (Hypothetical, Position Of Double Bond Unknown)",4,0.048,-1.345,0.9106,0.9878
"lipoic acid",3,0.123,-1.347,0.911,0.9878
"13-cis-retinoate",17,0.117,-1.375,0.9154,0.9878
"9-cis-retinoate",17,0.117,-1.375,0.9154,0.9878
"L-arginyl-tRNA(arg)",15,0.037,-1.376,0.9156,0.9878
"nicotinamide",26,-0.006,-1.376,0.9157,0.9878
"tRNA(arg)",15,0.037,-1.376,0.9156,0.9878
"3,5,3-triiodothyronine-4-sulfate",4,-0.094,-1.383,0.9166,0.9878
"N-substituted amino acid",3,0.022,-1.384,0.9168,0.9878
"N-substituted aminoacyl tRNA",3,0.022,-1.384,0.9168,0.9878
"fructoseglycine",3,0.011,-1.385,0.917,0.9878
"fructoseglycine-ketone-3-phosphate",3,0.011,-1.385,0.917,0.9878
"N-acetyl-LTE4",35,0.125,-1.388,0.9174,0.9878
"Ca2+",10,0.019,-1.392,0.918,0.9878
"(3Z,7Z,10Z)-hexadecatrienoyl-CoA",6,0.092,-1.393,0.9181,0.9878
"3(S)-hydroxy-cis-15-tetracosaenoyl-CoA",13,0.08,-1.398,0.919,0.9878
"itaconate",3,-0.052,-1.401,0.9193,0.9878
"mesaconate",3,-0.052,-1.401,0.9193,0.9878
"mesaconyl-CoA",3,-0.052,-1.401,0.9193,0.9878
"1-phosphatidyl-1D-myo-inositol-3,4-bisphosphate",21,-0.053,-1.407,0.9202,0.9878
"2-lysolecithin pool",28,0.105,-1.412,0.9211,0.9878
"4-(methylnitrosamino)-1-(3-pyridyl)-1-butanol",19,0.133,-1.412,0.9211,0.9878
"8-HETE",20,-0.187,-1.421,0.9224,0.9878
"FADH2",72,-0.033,-1.422,0.9225,0.9878
"ribose",3,0.033,-1.422,0.9225,0.9878
"14,15-EET",48,-0.043,-1.425,0.9229,0.9878
"1-acyl-PE pool",27,0.12,-1.443,0.9254,0.9878
"histone-L-lysine",40,0.024,-1.444,0.9257,0.9878
"glycogenin G11",5,-0.027,-1.445,0.9258,0.9878
"cysteamine",3,-0.015,-1.451,0.9266,0.9878
"11,12-EET",47,-0.037,-1.455,0.9271,0.9878
"3-hydroxyoctadecanoyl-CoA",16,0.08,-1.459,0.9277,0.9878
"spermidine monoaldehyde 1",3,-0.045,-1.46,0.9278,0.9878
"L-threonyl-tRNA(thr)",14,0.052,-1.482,0.9309,0.9878
"androsterone-glucuronide",4,-0.071,-1.482,0.9309,0.9878
"tRNA(thr)",14,0.052,-1.482,0.9309,0.9878
"testosterone glucuronide",4,-0.071,-1.482,0.9309,0.9878
"L-lysyl-tRNA(lys)",14,0.048,-1.488,0.9316,0.9878
"tRNA(lys)",14,0.048,-1.488,0.9316,0.9878
"(R)-3-hydroxybutanoyl-CoA",4,0.06,-1.496,0.9326,0.9878
"7,12-Dimethylbenz[A]Anthracene-3,4-Diol",20,-0.142,-1.502,0.9334,0.9878
"xylitol",3,0.103,-1.502,0.9335,0.9878
"hydroxypyruvate",7,0.066,-1.505,0.9339,0.9878
"13-Docosenoyl Coenzyme A",10,0.097,-1.515,0.9352,0.9878
"3alpha,7alpha-dihydroxy-5beta-cholest-24-enoyl-CoA",5,-0.081,-1.523,0.9361,0.9878
"3,7,10-Hexadecatrienoyl Coenzyme A",3,-0.012,-1.528,0.9367,0.9878
"retinoate",31,-0.124,-1.53,0.937,0.9878
"3(S)-hydroxy-11-cis-eicosenoyl-CoA",15,0.075,-1.537,0.9379,0.9878
"3(S)-hydroxy-13-cis-docosenoyl-CoA",15,0.075,-1.537,0.9379,0.9878
"testosterone",14,-0.068,-1.55,0.9395,0.9878
"12(13)-EpOME",23,-0.177,-1.553,0.9398,0.9878
"5,6-EET",23,-0.177,-1.553,0.9398,0.9878
"8,9-EET",23,-0.177,-1.553,0.9398,0.9878
"9(10)-EpOME",23,-0.177,-1.553,0.9398,0.9878
"[protein]-N6,N6,N6-trimethyl-L-lysine",31,0.035,-1.562,0.9408,0.9878
"dimethylglycine",5,-0.038,-1.577,0.9426,0.9878
"16-glucuronide-estriol",3,0.197,-1.579,0.9428,0.9878
"5alpha-dihydrotestosterone-glucuronide",3,0.197,-1.579,0.9428,0.9878
"10,11-dihydro-12-oxo-LTB4",4,0.012,-1.582,0.9431,0.9878
"17beta-estradiol-2,3-quinone",17,-0.148,-1.594,0.9446,0.9878
"17beta-estradiol-3,4-quinone",17,-0.148,-1.594,0.9446,0.9878
"2-hydroxy-17beta-estradiol-1-S-glutathione",17,-0.148,-1.594,0.9446,0.9878
"2-hydroxy-17beta-estradiol-4-S-glutathione",17,-0.148,-1.594,0.9446,0.9878
"2-hydroxyestrone-1-S-glutathione",17,-0.148,-1.594,0.9446,0.9878
"2-hydroxyestrone-4-S-glutathione",17,-0.148,-1.594,0.9446,0.9878
"3-hydroxykynurenine-O-beta-D-glucoside",17,-0.148,-1.594,0.9446,0.9878
"4-hydroxy-17beta-estradiol-2-S-glutathione",17,-0.148,-1.594,0.9446,0.9878
"4-hydroxyestrone-2-S-glutathione",17,-0.148,-1.594,0.9446,0.9878
"5-S-glutathionyl-adrenochrome hydroquinone",17,-0.148,-1.594,0.9446,0.9878
"5-S-glutathionyl-aminochrome reduced",17,-0.148,-1.594,0.9446,0.9878
"5-S-glutathionyl-dopachrome hydroquinone",17,-0.148,-1.594,0.9446,0.9878
"5-S-glutathionyl-noradrenochrome hydroquinone",17,-0.148,-1.594,0.9446,0.9878
"9-deoxy-delta12-PGD2",17,-0.148,-1.594,0.9446,0.9878
"L-dopaquinone",17,-0.148,-1.594,0.9446,0.9878
"S-(PGA1)-glutathione",17,-0.148,-1.594,0.9446,0.9878
"S-(PGA2)-glutathione",17,-0.148,-1.594,0.9446,0.9878
"delta-12-prostaglandin J2",17,-0.148,-1.594,0.9446,0.9878
"dopamine-O-quinone",17,-0.148,-1.594,0.9446,0.9878
"estrone-2,3-quinone",17,-0.148,-1.594,0.9446,0.9878
"estrone-3,4-quinone",17,-0.148,-1.594,0.9446,0.9878
"glutathionyl-3-hydroxykynurenine glucoside",17,-0.148,-1.594,0.9446,0.9878
"hepoxilin A3-c",17,-0.148,-1.594,0.9446,0.9878
"trans-3-cis-8,11,14-eicosatetraenoyl-CoA",7,0.094,-1.594,0.9445,0.9878
"Dibenzo[A,L]Pyrene",19,-0.15,-1.595,0.9446,0.9878
"Dibenzo[A,L]Pyrene-11,12-Diol-13,14-Epoxide",19,-0.15,-1.595,0.9446,0.9878
"estrone",30,-0.165,-1.596,0.9447,0.9878
"L-histidyl-tRNA(his)",12,0.06,-1.602,0.9454,0.9878
"tRNA(his)",12,0.06,-1.602,0.9454,0.9878
"[protein]-N6-methyl-L-lysine",24,0.047,-1.607,0.946,0.9878
"25(R)DHCA-CoA",4,-0.066,-1.613,0.9466,0.9878
"(S)-3-Hydroxyoctadecanoyl Coenzyme A",5,0.069,-1.629,0.9484,0.9878
"3-Hydroxy Tetradecenoyl-7 Coenzyme A",5,0.069,-1.629,0.9484,0.9878
"3-Hydroxy Trans5,8Tetradecadienoyl Coenzyme A",5,0.069,-1.629,0.9484,0.9878
"3-Hydroxy Trans7,10-Hexadecadienoyl Coenzyme A",5,0.069,-1.629,0.9484,0.9878
"3-Hydroxyhexadecanoyl Coenzyme A",5,0.069,-1.629,0.9484,0.9878
"3-Hydroxyhexadecenoyl Coenzyme A",5,0.069,-1.629,0.9484,0.9878
"3-Hydroxyoctadecadienoyl Coenzyme A",5,0.069,-1.629,0.9484,0.9878
"3-Hydroxyoctadecenoyl Coenzyme A",5,0.069,-1.629,0.9484,0.9878
"3(S)-3-Hydroxydodecen-(5Z)-Oyl Coenzyme A",6,0.043,-1.634,0.9489,0.9878
"6,7-dihydro-5-oxo-12-epi-LTB4",27,-0.154,-1.64,0.9495,0.9878
"6,7-dihydro-5-oxo-LTB4",27,-0.154,-1.64,0.9495,0.9878
"(3Z)-dodecenoyl-CoA",11,0.029,-1.644,0.9499,0.9878
"3-Oxolaur-Cis-5-Enoyl Coenzyme A",4,0.052,-1.654,0.951,0.9878
"ribose-1-phosphate",4,0.147,-1.659,0.9514,0.9878
"18,20-dioxo-20-CoA-LTB4",9,0.008,-1.662,0.9518,0.9878
"3,5-dioxo-12(R)-hydroxy-eicosa-(8E,10E,14Z)-trienoyl-CoA",9,0.008,-1.662,0.9518,0.9878
"3,5-dioxo-12(S)-hydroxy-eicosa-(8E,10E,14Z)-trienoyl-CoA",9,0.008,-1.662,0.9518,0.9878
"3-oxo-(6Z,9Z,12Z)-octadecatrienoyl-CoA",9,0.008,-1.662,0.9518,0.9878
"3-oxo-11-cis-octadecenoyl-CoA",9,0.008,-1.662,0.9518,0.9878
"3-oxo-5(S),12(R)-dihydroxy-eicosa-8-trans-6,14-cis-trienoyl-CoA",9,0.008,-1.662,0.9518,0.9878
"3-oxo-7-hexadecenoyl-CoA",9,0.008,-1.662,0.9518,0.9878
"3-oxo-cis,cis-5,8-tetradecadienoyl-CoA",9,0.008,-1.662,0.9518,0.9878
"3-oxo-cis,cis-7,10-hexadecadienoyl-CoA",9,0.008,-1.662,0.9518,0.9878
"3-oxodecanoyl-CoA",9,0.008,-1.662,0.9518,0.9878
"3-oxododecanoyl-CoA",9,0.008,-1.662,0.9518,0.9878
"3-oxohexanoyl-CoA",9,0.008,-1.662,0.9518,0.9878
"3-oxolaur-6-cis-enoyl-CoA",9,0.008,-1.662,0.9518,0.9878
"3-oxolinoleoyl-CoA",9,0.008,-1.662,0.9518,0.9878
"3-oxomyrist-5-enoyl-CoA",9,0.008,-1.662,0.9518,0.9878
"3-oxomyrist-7-enoyl-CoA",9,0.008,-1.662,0.9518,0.9878
"3-oxooctanoyl-CoA",9,0.008,-1.662,0.9518,0.9878
"3-oxooleoyl-CoA",9,0.008,-1.662,0.9518,0.9878
"3-oxopalmitoleoyl-CoA",9,0.008,-1.662,0.9518,0.9878
"3-oxopalmitoyl-CoA",9,0.008,-1.662,0.9518,0.9878
"3-oxotetradecanoyl-CoA",9,0.008,-1.662,0.9518,0.9878
"20-COOH-18-oxo-LTE4-CoA",4,0.064,-1.667,0.9523,0.9878
"3-keto-THA-CoA",4,0.064,-1.667,0.9523,0.9878
"3-ketopristanoyl-CoA",4,0.064,-1.667,0.9523,0.9878
"3-oxo-(2S,6R,10R)-trimethyl-hendecanoyl-CoA",4,0.064,-1.667,0.9523,0.9878
"3-oxo-(4R,8R,12R)-trimethyl-tridecanoyl-CoA",4,0.064,-1.667,0.9523,0.9878
"L-dopachrome",18,-0.147,-1.667,0.9522,0.9878
"adrenochrome",18,-0.147,-1.667,0.9522,0.9878
"dopaminochrome",18,-0.147,-1.667,0.9522,0.9878
"noradrenochrome",18,-0.147,-1.667,0.9522,0.9878
"3-hydroxyheneicosanoyl-CoA",9,0.039,-1.668,0.9523,0.9878
"3-hydroxynonadecanoyl-CoA",9,0.039,-1.668,0.9523,0.9878
"25-hydroxyvitamin D2",3,-0.027,-1.68,0.9535,0.9878
"1-organyl-2-lyso-sn-glycero-3-phosphocholine",18,0.08,-1.681,0.9537,0.9878
"25(R)THCA-CoA",4,-0.057,-1.683,0.9538,0.9878
"7,12-Dimethylbenz[A]Anthracene-3,4-Oxide",21,-0.134,-1.687,0.9542,0.9878
"Benzo[A]Pyrene-2,3-Oxide",21,-0.134,-1.687,0.9542,0.9878
"Dibenzo[A,L]Pyrene-11,12-Epoxide",21,-0.134,-1.687,0.9542,0.9878
"cholesterol-STAR",7,0.035,-1.698,0.9552,0.9878
"lc4Cer",4,0.083,-1.728,0.958,0.9878
"3,6,9-Dodecatrienoyl Coenzyme A",9,0.051,-1.736,0.9587,0.9878
"11-Eicosenoyl Coenzyme A",4,-0.046,-1.773,0.9619,0.9878
"2,5,8,11,14-Eicosapentaenoyl Coenzyme A",4,-0.046,-1.773,0.9619,0.9878
"4,7,10-Hexadecatrienoyl Coenzyme A",4,-0.046,-1.773,0.9619,0.9878
"5,8-Tetradecadienoyl Coenzyme A",4,-0.046,-1.773,0.9619,0.9878
"9-Octadecenoyl Coenzyme A",4,-0.046,-1.773,0.9619,0.9878
"Tetradecanedioyl Coenzyme A",4,-0.046,-1.773,0.9619,0.9878
"deoxy-fluvastatin-dinor",4,-0.046,-1.773,0.9619,0.9878
"ferricytochrome C",24,0.055,-1.773,0.9619,0.9878
"ferrocytochrome C",24,0.055,-1.773,0.9619,0.9878
"3,6,9,12-Octadecatetraenoyl Coenzyme A",8,0.075,-1.774,0.962,0.9878
"3'-S-hydroxy-pravastatin-CoA",7,0.016,-1.788,0.9631,0.9878
"3'-S-hydroxy-pravastatin-tetranor-CoA",7,0.016,-1.788,0.9631,0.9878
"4,7,10,13-Hexadecatetraenoyl Coenzyme A",7,0.016,-1.788,0.9631,0.9878
"5,8,11,14-Eicosatetraenoyl Coenzyme A",7,0.016,-1.788,0.9631,0.9878
"5,8,11-Tetradecatrienoyl Coenzyme A",7,0.016,-1.788,0.9631,0.9878
"chondroitin sulfate A (GalNAc4S-GlcA) and B (IdoA2S-GalNAc4S), precursor 3",9,0.088,-1.79,0.9632,0.9878
"atorvastatin-acyl-glucuronide / G2",3,0.259,-1.801,0.9641,0.9878
"atorvastatin-lactone-ether-glucuronide / G3",3,0.259,-1.801,0.9641,0.9878
"(24R,25R)3alpha,7alpha,12alpha,24-tetrahydroxy-5beta-cholestanoyl-CoA",4,-0.055,-1.813,0.9651,0.9878
"(24R,25R)3alpha,7alpha,24-trihydroxy-5beta-cholestanoyl-CoA",4,-0.055,-1.813,0.9651,0.9878
"5-oxo-(6E)-12-epi-LTB4",23,-0.18,-1.82,0.9656,0.9878
"Dibenzo[A,L]Pyrene-11,12-Diol",22,-0.135,-1.833,0.9666,0.9878
"16(S)-hydroxy-18-oxo-18-CoA-LTE4",6,0.073,-1.834,0.9667,0.9878
"18(R)-hydroxy-20-oxo-20-CoA-LTE4",6,0.073,-1.834,0.9667,0.9878
"3(R)-hydroxy-(2S,6R,10)-trimethyl-hendecanoyl-CoA",6,0.073,-1.834,0.9667,0.9878
"3(R)-hydroxy-(4R,8R,12R)-trimethyl-tridecanoyl-CoA",6,0.073,-1.834,0.9667,0.9878
"3(S)-hydroxy-tetracosa-6,9,12,15,18-all-cis-pentaenoyl-CoA",6,0.073,-1.834,0.9667,0.9878
"3-hydroxy-THA-CoA",6,0.073,-1.834,0.9667,0.9878
"3-hydroxypristanoyl-CoA",6,0.073,-1.834,0.9667,0.9878
"(3S)-3-hydroxydodec-cis-6-enoyl-CoA",9,0.071,-1.847,0.9677,0.9878
"(S)-3-hydroxybutyryl-CoA",9,0.071,-1.847,0.9677,0.9878
"(S)-hydroxyhexanoyl-CoA",9,0.071,-1.847,0.9677,0.9878
"(S)-hydroxyoctanoyl-CoA",9,0.071,-1.847,0.9677,0.9878
"Hexadecanedioyl Coenzyme A",8,-0.066,-1.849,0.9678,0.9878
"RNA",68,0.024,-1.856,0.9682,0.9878
"[protein]-N6,N6-dimethyl-L-lysine",26,0.054,-1.857,0.9683,0.9878
"histone-N6-methyl-L-lysine",26,0.054,-1.857,0.9683,0.9878
"1-(1-alkenyl)-sn-glycero-3-phosphoethanolamine",13,0.046,-1.876,0.9696,0.9878
"thiol",46,0.011,-1.884,0.9702,0.9878
"ubiquitin C terminal thiolester",46,0.011,-1.884,0.9702,0.9878
"spermidine monoaldehyde 2",4,-0.035,-1.908,0.9718,0.9878
"spermine monoaldehyde",4,-0.035,-1.908,0.9718,0.9878
"(3S)-3-hydroxy-cis,cis-palmito-7,10-dienoyl-CoA",8,0.064,-1.912,0.9721,0.9878
"(3S)-3-hydroxylinoleoyl-CoA",8,0.064,-1.912,0.9721,0.9878
"(S)-3-hydroxy-11-cis-octadecenoyl-CoA",8,0.064,-1.912,0.9721,0.9878
"(S)-3-hydroxy-7-hexadecenoyl-CoA",8,0.064,-1.912,0.9721,0.9878
"(S)-3-hydroxyhexadecanoyl-CoA",8,0.064,-1.912,0.9721,0.9878
"(S)-3-hydroxyoleyleoyl-CoA",8,0.064,-1.912,0.9721,0.9878
"(S)-3-hydroxypalmitoleoyl-CoA",8,0.064,-1.912,0.9721,0.9878
"20-CoA-20-oxo-18r-hydroxy-LTB4",8,0.064,-1.912,0.9721,0.9878
"3(S),12(R)-dihydroxy-5-oxo-eicosa-(8E,10E,14Z)-trienoyl-CoA",8,0.064,-1.912,0.9721,0.9878
"3(S),12(S)-dihydroxy-5-oxo-eicosa-(8E,10E,14Z)-trienoyl-CoA",8,0.064,-1.912,0.9721,0.9878
"3(S),5(S),12(R)-trihydroxy-eicosa-8-trans-6,14-cis-trienoyl-CoA",8,0.064,-1.912,0.9721,0.9878
"3(S)-hydroxy-(5Z,8Z)-tetradecadienoyl-CoA",8,0.064,-1.912,0.9721,0.9878
"3(S)-hydroxy-(6Z,9Z,12Z)-octadecatrienoyl-CoA",8,0.064,-1.912,0.9721,0.9878
"3(S)-hydroxy-dihomo-gamma-linolenoyl-CoA",8,0.064,-1.912,0.9721,0.9878
"cis-(3S)-hydroxytetradec-5-enoyl-CoA",8,0.064,-1.912,0.9721,0.9878
"cis-(3S)-hydroxytetradec-7-enoyl-CoA",8,0.064,-1.912,0.9721,0.9878
"2,6,9,12-Octadecatetraenoyl Coenzyme A",7,0.052,-1.957,0.9748,0.9887
"2,7,10,13,16-Docosapentenoyl Coenzyme A",7,0.052,-1.957,0.9748,0.9887
"2,7,10,13-Hexadecatetraenoyl Coenzyme A",7,0.052,-1.957,0.9748,0.9887
"3-isoLM1",3,0.027,-1.962,0.9751,0.9887
"5-hydroxy-N-formylkynurenine",3,0.065,-1.965,0.9753,0.9887
"16,18-oxo-18-CoA-dinor-LTE4",3,-0.015,-1.975,0.9759,0.9887
"des-isoproylpropionic-acid-fluvastatin-CoA",5,-0.046,-1.993,0.9769,0.9887
"fluvastatin-CoA form",5,-0.046,-1.993,0.9769,0.9887
"12-oxo-c-LTB3",19,-0.133,-2.001,0.9773,0.9887
"estradiol-17beta",41,-0.074,-2.01,0.9778,0.9887
"acetoacetyl-CoA",12,0.115,-2.011,0.9779,0.9887
"3,6-Dodecadienoyl Coenzyme A",5,-0.042,-2.043,0.9795,0.989
"androsterone",9,0.072,-2.043,0.9795,0.989
"dehydroascorbic acid",8,0.04,-2.048,0.9797,0.989
"3alpha,7alpha,12alpha-trihydroxy-5beta-24-oxocholestanoyl-CoA",5,0.045,-2.065,0.9805,0.989
"3alpha,7alpha-dihydroxy-24-oxo-5beta-cholestanoyl coa",5,0.045,-2.065,0.9805,0.989
"1'-OH-midazolam-glucuronide",3,0.098,-2.1,0.9821,0.9897
"4-OH-midazolam-glucuronide",3,0.098,-2.1,0.9821,0.9897
"succinyl-CoA",19,-0.004,-2.114,0.9827,0.9898
"4alpha-methyl-cholesta-8-enol",3,0.047,-2.133,0.9835,0.9898
"4alpha-methylzymosterol",3,0.047,-2.133,0.9835,0.9898
"2,6-Dodecadienoyl Coenzyme A",4,-0.017,-2.203,0.9862,0.9916
"2,7,10-Hexadecatrienoyl Coenzyme A",4,-0.017,-2.203,0.9862,0.9916
"5-oxo-6-trans-LTB4",22,-0.128,-2.259,0.9881,0.9931
"3(S)-hydroxy-hexacosenoyl-CoA",12,0.048,-2.352,0.9907,0.9943
"3-hydroxyhexacosanoyl-CoA",12,0.048,-2.352,0.9907,0.9943
"3-hydroxytetracosanoyl-CoA",12,0.048,-2.352,0.9907,0.9943
"(S)-3-hydroxytetradecanoyl-CoA",12,0.061,-2.454,0.9929,0.9949
"3(S)-hydroxy-13-cis-eicosenoyl-CoA",14,0.047,-2.476,0.9934,0.9949
"3-hydroxydocosanoyl-CoA",14,0.047,-2.476,0.9934,0.9949
"3-hydroxyeicosanoyl-CoA",14,0.047,-2.476,0.9934,0.9949
"(S)-3-hydroxydodecanoyl-CoA",13,0.036,-2.484,0.9935,0.9949
"(S)-hydroxydecanoyl-CoA",12,0.052,-2.552,0.9947,0.9956
"ubiquinol",57,0,-2.935,0.9983,0.9983
"ubiquinone",57,0,-2.935,0.9983,0.9983
