"gene","log2FoldChange","pvalue","padj","significant"
"ACYP2",-0.6060495334786,1.11461863277087e-29,4.86419571341206e-26,FALSE
"AIG1",-0.525575577208435,8.92142047506685e-30,4.86419571341206e-26,FALSE
"DNAJC19",-0.740230197527246,4.91943301367361e-30,4.86419571341206e-26,FALSE
"PFKL",1.24619959506793,1.17742228615661e-28,3.85370314259059e-25,TRUE
"DPY30",-0.729766725064197,1.93309949760241e-28,4.5417832548614e-25,FALSE
"SLC12A4",0.982785767794722,2.42839006905208e-28,4.5417832548614e-25,FALSE
"TBC1D16",0.901126223322573,2.2323370395978e-28,4.5417832548614e-25,FALSE
"ZFAND5",-1.34556104861931,3.56117972895299e-28,5.82787062643156e-25,TRUE
"LAMB2",1.02440508567004,8.01356396041119e-28,1.16570643744115e-24,TRUE
"GAS6",1.27985340531255,2.184611254579e-27,2.86009305449482e-24,TRUE
"MED30",-0.705258941656193,2.7894420468436e-27,3.31994320702513e-24,FALSE
"ENO1",0.65637672461806,2.41739626976361e-26,2.63737933031209e-23,FALSE
"TRAF7",0.97308787785721,2.76553770914713e-26,2.7851092067811e-23,FALSE
"PITPNM1",1.42597261874031,1.35967562480854e-25,1.27149094857096e-22,TRUE
"DNAJC12",-1.09836005631454,1.53682409202427e-25,1.34134006751879e-22,TRUE
"MXD4",1.08745241106407,1.81151830943451e-25,1.48227485669479e-22,TRUE
"DAB2IP",1.16298744011195,2.08838403666003e-25,1.51895132266406e-22,TRUE
"SLC4A2",1.06658951365898,1.97403432051661e-25,1.51895132266406e-22,TRUE
"ESYT1",0.740184576839394,2.79598951816605e-25,1.8302547385915e-22,FALSE
"FAM83G",1.52630020984105,2.7830469835532e-25,1.8302547385915e-22,TRUE
"FLII",0.780226959935458,7.73097056708964e-25,4.81970793639703e-22,FALSE
"CCDC59",-0.710312108309209,1.88624098107853e-24,1.09240813814033e-21,FALSE
"PYGB",0.919809416865058,1.91914048099813e-24,1.09240813814033e-21,FALSE
"EBPL",-0.953111373605691,3.94062220496885e-24,2.11952720399739e-21,FALSE
"TMEM102",1.25141489993547,4.04737092116824e-24,2.11952720399739e-21,TRUE
"CCDC196",-1.57991184779202,4.9888076306917e-24,2.51205651926984e-21,TRUE
"HPR",-1.2526828552661,2.50152064220075e-23,1.21295956472934e-20,TRUE
"CORO1B",1.28088888577461,2.97591515446452e-23,1.36676447014567e-20,TRUE
"TCIM",-1.12185128278818,3.02751066561445e-23,1.36676447014567e-20,TRUE
"HPRT1",-1.15519465191317,3.56574201479435e-23,1.55608981525626e-20,TRUE
"ANKRD52",0.831228828783515,5.16592241814738e-23,2.18168568704469e-20,FALSE
"TSPAN17",0.658387495162618,6.34460019486002e-23,2.59573455472211e-20,FALSE
"PCNX3",1.33706083168317,8.00944703123197e-23,3.17756607675421e-20,TRUE
"NMT1",0.518516679104697,1.00702531069082e-22,3.76685010501836e-20,FALSE
"TRAPPC2",-0.588671554169591,9.85093356045089e-23,3.76685010501836e-20,FALSE
"NACC1",1.14731145229186,1.10153812924515e-22,4.0059269966882e-20,TRUE
"IRS2",-1.43030751923883,2.52452386997951e-22,8.47463243737736e-20,TRUE
"TOR1AIP2",-0.629240874537976,2.48377467993982e-22,8.47463243737736e-20,FALSE
"UBN1",0.563323523058301,2.47491304883502e-22,8.47463243737736e-20,FALSE
"MYO1C",0.798239628182456,2.767587479541e-22,8.83737933710994e-20,FALSE
"PHLDA3",1.80315619643811,2.70863464737744e-22,8.83737933710994e-20,TRUE
"PIEZO1",1.24835342776365,2.90004009509101e-22,9.03983926784085e-20,TRUE
"PCBP2",-0.906610337731209,2.98368749080706e-22,9.08428758828979e-20,FALSE
"IDNK",-0.759054768576978,3.80148944284142e-22,1.13111590422e-19,FALSE
"CHPF2",0.68485770663092,5.69127027482196e-22,1.62144628353845e-19,FALSE
"MAN2B1",0.946236429554885,5.69710732071254e-22,1.62144628353845e-19,FALSE
"SGK3",-0.783944903432836,8.04244535632602e-22,2.24024882138341e-19,FALSE
"ABCB8",1.00205027820594,8.58254087500807e-22,2.34088802365845e-19,TRUE
"VPS18",0.736234755109784,8.84495051058223e-22,2.3632263690723e-19,FALSE
"ASL",1.0770525272916,1.00574157207534e-21,2.63343373232208e-19,TRUE
"FASN",2.02120193585073,1.05945513344588e-21,2.71968364844578e-19,TRUE
"MPC1",-0.863227534246668,1.09893724711188e-21,2.73568629898728e-19,FALSE
"TREM2",2.50102186719039,1.10748070460072e-21,2.73568629898728e-19,TRUE
"BBC3",1.84970610970983,1.130011479811e-21,2.73965005438623e-19,TRUE
"ADAMTSL2",1.63124371892922,1.1975218932377e-21,2.85053756841236e-19,TRUE
"ABCA2",1.3709901654937,1.33424613185714e-21,3.11927684969172e-19,TRUE
"CCDC22",0.956243546240883,1.41902452321161e-21,3.2592752733134e-19,FALSE
"MOCS2",-0.570786160523808,1.7075783387894e-21,3.85441648472946e-19,FALSE
"LMNA",0.981894355611008,2.08171728003574e-21,4.61929536105557e-19,FALSE
"TNFSF13",1.17017936950406,2.83976358361684e-21,6.19636413945195e-19,TRUE
"THOC7",-0.559815924941309,3.39132415859908e-21,7.27855998104577e-19,FALSE
"NUP93",0.57761556390969,3.89341743534976e-21,8.22139049412888e-19,FALSE
"DNAJC5",0.606964048318636,5.92342759421985e-21,1.21194251413453e-18,FALSE
"PTGR2",-0.758079089354866,5.92455857810955e-21,1.21194251413453e-18,FALSE
"PSMD2",0.614388455147261,6.62911387431131e-21,1.3352055206536e-18,FALSE
"ADAM15",0.903659173046413,6.81628481600564e-21,1.35210304259312e-18,FALSE
"ADPRM",-0.833303180054971,6.97167845364014e-21,1.36228678082174e-18,FALSE
"MXI1",-0.658664782234875,8.50006344841469e-21,1.63651221568596e-18,FALSE
"MED22",0.810305808010479,8.91807581923552e-21,1.69210795109321e-18,FALSE
"CAPN1",0.788377053159818,1.36756448043622e-20,2.55773631112442e-18,FALSE
"PI4KA",0.667952450594398,1.39039765111657e-20,2.56381493639692e-18,FALSE
"AEN",1.07103469068299,1.79846151879655e-20,3.27020252834506e-18,TRUE
"IRAK1",0.931871198981083,1.83165016170365e-20,3.28492656397592e-18,FALSE
"CCDC9B",1.37981717891241,2.57762988829096e-20,4.56031493209531e-18,TRUE
"DPP3",0.832135588539703,2.80533560076243e-20,4.89699382469091e-18,FALSE
"NR4A2",-1.51359742364302,4.62850221127186e-20,7.97320407236463e-18,TRUE
"GLRX5",-0.733350368193107,4.84145499761622e-20,8.23173101672617e-18,FALSE
"TMEM14B",-0.713421768246411,5.59042684606129e-20,9.38331644469672e-18,FALSE
"SBF1",1.16695527771595,6.03196650517673e-20,9.99626651718655e-18,TRUE
"SQSTM1",0.767258445603085,6.94295097313612e-20,1.13621392675373e-17,FALSE
"LMNB2",1.02220074781229,8.82099661756334e-20,1.42573441626098e-17,TRUE
"GABPB1",-0.547008869438045,9.98591320312515e-20,1.59433628847945e-17,FALSE
"ATP6V0D1",0.770420595936775,1.19067115403265e-19,1.86489386049626e-17,FALSE
"RCL1",-0.752564554900592,1.19654051544214e-19,1.86489386049626e-17,FALSE
"AP5B1",1.02550709086941,1.2429589802105e-19,1.9144492904607e-17,TRUE
"TXLNA",0.57077176829761,1.29626319984321e-19,1.97333462934272e-17,FALSE
"TMEM63A",0.868408339606062,1.47557651011356e-19,2.22048823797779e-17,FALSE
"MAMDC4",1.9758191019928,1.54075662696511e-19,2.29222565457127e-17,TRUE
"GPAA1",1.05942337443921,1.68264607448717e-19,2.447689156354e-17,TRUE
"ZC3H6",-0.737064240963433,1.66840174510383e-19,2.447689156354e-17,FALSE
"VAC14",0.70652694315871,1.70775718334587e-19,2.45691835652354e-17,FALSE
"CD151",0.888972234723891,2.09518826522808e-19,2.98154399656152e-17,FALSE
"SIAH1",-0.663237546947498,2.69387414165912e-19,3.79227959812916e-17,FALSE
"NELFB",0.90616100195854,2.79732008866782e-19,3.8944415910243e-17,FALSE
"PSMB10",1.04381300959472,2.82593913189206e-19,3.8944415910243e-17,TRUE
"TBC1D9B",0.67811289427598,3.01570910764425e-19,4.11267329554985e-17,FALSE
"ACO2",0.70536856392204,4.04039287056288e-19,5.43142029328265e-17,FALSE
"GRN",1.01006341021423,4.06568277376795e-19,5.43142029328265e-17,TRUE
"KRT8",0.992257103254857,4.23934482407222e-19,5.60621236734884e-17,FALSE
"ACOT13",-0.553333399485483,4.48948442255307e-19,5.87763300600648e-17,FALSE
"FDXR",1.09949691388473,4.55397760142705e-19,5.90303710474089e-17,TRUE
"CYB561A3",0.653190437316785,4.75403448802686e-19,6.10194308992624e-17,FALSE
"TRAF2",0.996189920645415,5.71127708495145e-19,7.2594213200179e-17,FALSE
"CIAO2A",-0.699420198295557,6.9309671966996e-19,8.72502139799915e-17,FALSE
"RFX5",0.666155601080953,7.61531108326759e-19,9.49520501925135e-17,FALSE
"ADRM1",0.892952786719037,7.9442075222794e-19,9.8118457435549e-17,FALSE
"TTYH3",1.35295943800824,8.50202634388358e-19,1.04026662517873e-16,TRUE
"LIME1",2.18265127680446,9.10560112687057e-19,1.10380120326842e-16,TRUE
"EXTL3",0.713431278068355,9.89174659027881e-19,1.18809859045808e-16,FALSE
"NAPA",0.702618323305454,1.0120247361947e-18,1.20449344056918e-16,FALSE
"CLCN7",1.16200070615652,1.10220558269523e-18,1.28233065431512e-16,TRUE
"CYB561D1",0.672485689911976,1.11001103736311e-18,1.28233065431512e-16,FALSE
"ELOVL1",0.586238040244301,1.10441784693216e-18,1.28233065431512e-16,FALSE
"ENTPD8",1.25612018645064,1.11660322786376e-18,1.28233065431512e-16,TRUE
"SLC49A3",1.65377250262988,1.21352453284035e-18,1.38151853773442e-16,TRUE
"BAK1",0.937082068527641,1.46704962277211e-18,1.65574255701142e-16,FALSE
"FOSB",-3.31947988532003,1.95351662401366e-18,2.18593501210144e-16,TRUE
"PPP1R1C",-0.90023146614834,1.97435088106611e-18,2.19052557075572e-16,FALSE
"NDST1",0.696477466904665,2.13073541099461e-18,2.34416705888584e-16,FALSE
"EPHA1",0.809378798319857,2.48331280018297e-18,2.70929426499962e-16,FALSE
"YIF1B",0.827101732948878,2.56744232436074e-18,2.7779301578951e-16,FALSE
"MTHFD2L",-1.04401480831522,2.612666320478e-18,2.80369077604082e-16,TRUE
"APOLD1",-1.18246124747183,2.73394789666308e-18,2.90998746854578e-16,TRUE
"BBIP1",-0.636466289690846,2.89042734142661e-18,3.04267321074624e-16,FALSE
"PTPA",0.62296024097292,2.90508823207516e-18,3.04267321074624e-16,FALSE
"ANAPC16",-0.421897542915411,3.29662809221918e-18,3.42288680475184e-16,FALSE
"PPP6R1",0.993750166450723,3.32039890164592e-18,3.42288680475184e-16,FALSE
"TBL3",1.13143354512288,3.36269995317569e-18,3.43941154585751e-16,TRUE
"MRAS",1.0110954432933,3.80751221226093e-18,3.86418216146668e-16,TRUE
"DUS3L",1.29488520727122,4.1102125552162e-18,4.13930021329927e-16,TRUE
"EMILIN1",1.45602336898008,4.31622550021105e-18,4.31358963731016e-16,TRUE
"CDKN1A",1.44766565567376,4.47252247004846e-18,4.40858963733525e-16,TRUE
"LRRC20",0.726013887837844,4.47863139142673e-18,4.40858963733525e-16,FALSE
"BLTP2",0.74409635529182,4.68311728929088e-18,4.57547548891016e-16,FALSE
"YAE1",-0.648532320751572,4.83555841621557e-18,4.68941709519217e-16,FALSE
"ZNRF2",-0.88311852819124,5.70574020582164e-18,5.49261402754536e-16,FALSE
"RTCB",0.594833844010018,5.95690903099191e-18,5.69254401706176e-16,FALSE
"WDR24",1.24064564424149,6.23296134260928e-18,5.9131833259015e-16,TRUE
"ANXA10",-0.824902073662926,6.31582358185216e-18,5.94868793766967e-16,FALSE
"ZDHHC3",0.342941088847748,7.97875370414723e-18,7.4612745353354e-16,FALSE
"ST3GAL6",-0.910207299851224,8.15660328151149e-18,7.57349291925875e-16,FALSE
"USP5",0.588042579894747,8.37516096694421e-18,7.72166249149532e-16,FALSE
"KDM4A",0.530268168456748,8.75623929358507e-18,8.01655138682627e-16,FALSE
"SLC26A1",1.41910406862457,8.82039708726841e-18,8.0192110185082e-16,TRUE
"ANXA6",0.86434100089763,9.03434320054624e-18,8.11185580810233e-16,FALSE
"BTG3",-0.756197287928778,9.04621866775848e-18,8.11185580810233e-16,FALSE
"LONP1",0.936364414574843,9.58589086506111e-18,8.53731178267891e-16,FALSE
"DAPK3",1.05404046396556,9.89506378047518e-18,8.7531199333771e-16,TRUE
"CDHR2",1.18761439055591,1.13231850993449e-17,9.94920398124988e-16,TRUE
"FBXW5",1.17942279620927,1.28412348827996e-17,1.12078298057075e-15,TRUE
"USP19",0.498312713497584,1.37322127927113e-17,1.19061013167004e-15,FALSE
"RNH1",0.958899258997747,1.38247484475198e-17,1.19074741233506e-15,FALSE
"SLC29A1",0.655564688326532,1.40108616718593e-17,1.19889020266655e-15,FALSE
"NAT1",-0.719431267460216,1.42468410624166e-17,1.21116651421531e-15,FALSE
"RANGAP1",0.762607113571889,1.59477591959977e-17,1.34701976383227e-15,FALSE
"KRT10",-0.788978931433766,1.70822394518277e-17,1.43359409553416e-15,FALSE
"NOP9",0.432265974251495,1.94125524499628e-17,1.61878431003129e-15,FALSE
"MMP14",0.958054862780714,2.08775979850186e-17,1.72993362544218e-15,FALSE
"ABHD18",-0.493567541333183,2.13490413103255e-17,1.7578720052502e-15,FALSE
"TIMM44",0.685406257826475,2.38260114109744e-17,1.94956338370298e-15,FALSE
"BNIP3",-0.554342382997721,2.48355180710339e-17,2.01954411544084e-15,FALSE
"LSM6",-0.546969485741625,2.55278911375231e-17,2.06303179489168e-15,FALSE
"C19orf25",0.903731369819845,2.68075817706581e-17,2.1400296374479e-15,FALSE
"N4BP2L1",-0.869809153209533,2.67212322588599e-17,2.1400296374479e-15,FALSE
"HSPA8",0.982594390469277,2.87275408564414e-17,2.27939978722746e-15,FALSE
"ELAC2",0.431540089339867,2.95939396907945e-17,2.33399914718001e-15,FALSE
"GPKOW",0.55593904049342,2.99452745127547e-17,2.34756607138314e-15,FALSE
"TPT1",-0.63886299337459,3.25019989617621e-17,2.53283434766303e-15,FALSE
"MARS1",0.500913849517873,3.37754177122683e-17,2.61649567271608e-15,FALSE
"UNC13B",0.555415657813391,3.63019546001318e-17,2.79567758602898e-15,FALSE
"RGS1",-1.57558470504145,3.79992264753069e-17,2.90927411119718e-15,TRUE
"CDO1",-0.587923221258604,3.88191826411966e-17,2.95477173917759e-15,FALSE
"MCEE",-0.503548908752922,3.96460798260632e-17,3.00026865365791e-15,FALSE
"SLC35A1",-0.664415103719141,4.31461456027456e-17,3.24637550707555e-15,FALSE
"CDNF",-0.771415769818164,4.65767224291549e-17,3.4763749738319e-15,FALSE
"RNF149",-0.599045496489164,4.67340357007649e-17,3.4763749738319e-15,FALSE
"ABHD10",-0.525905173983076,4.90522667756608e-17,3.62820495269464e-15,FALSE
"SPTAN1",0.7252304185372,5.48483689483639e-17,4.03412834984259e-15,FALSE
"POLR2E",0.915121330588506,6.22866772969671e-17,4.53036317521896e-15,FALSE
"ZCCHC7",-0.475357710366758,6.22873030506732e-17,4.53036317521896e-15,FALSE
"MAFG",0.631803606581392,6.26452951480574e-17,4.53122764684181e-15,FALSE
"SLC29A3",0.7182706527097,6.33186306993529e-17,4.55476655558203e-15,FALSE
"LAMB3",1.2703461174934,7.63174168109712e-17,5.4598230649685e-15,TRUE
"MEF2A",-0.479343367081284,8.24763632155157e-17,5.86837253922571e-15,FALSE
"PPM1F",0.832491385352426,8.60849981295802e-17,6.092025921689e-15,FALSE
"GCC1",0.53775641272837,8.94060521776107e-17,6.29303244682408e-15,FALSE
"BTF3",-0.440104448920025,9.05409434470013e-17,6.33883439362642e-15,FALSE
"IPO13",0.591103135151345,9.46373249828633e-17,6.59038222699812e-15,FALSE
"TMEM104",0.9063740248264,1.01080437364025e-16,7.00182585169217e-15,FALSE
"GLTPD2",1.52970839177411,1.12374512524232e-16,7.74319535772237e-15,TRUE
"GNA12",0.707078691807165,1.16044798394361e-16,7.95423298732447e-15,FALSE
"SMIM26",-0.868162391072855,1.18937107325714e-16,8.11002400577213e-15,FALSE
"ALDOA",0.894902801817854,1.30084796996769e-16,8.7787121767098e-15,FALSE
"LIN7C",-0.787871005384336,1.30068249928057e-16,8.7787121767098e-15,FALSE
"SDF4",0.79955788165286,1.43950240790335e-16,9.66459770475419e-15,FALSE
"SULF2",0.897103871108825,1.45766664176945e-16,9.73661820104369e-15,FALSE
"DHDDS",0.460118873546432,1.48428393119303e-16,9.86408387166456e-15,FALSE
"SHKBP1",0.886514472308147,1.83833439532871e-16,1.2155289850325e-14,FALSE
"TOP3B",0.812290734677821,1.99659397304647e-16,1.31353810528263e-14,FALSE
"DNM2",0.627361738211721,2.11654969372603e-16,1.38549342951306e-14,FALSE
"ELMO2",0.46062165018766,2.15852502339971e-16,1.40594077643527e-14,FALSE
"PTPRU",1.00758689352352,2.19618557887671e-16,1.42338918805217e-14,TRUE
"VARS1",0.75292867925074,2.29789178681189e-16,1.48197040753405e-14,FALSE
"ZFP1",-0.780439467026314,2.52485476708302e-16,1.62036267699269e-14,FALSE
"POLD1",1.21505319730551,2.69410606894939e-16,1.72054812949685e-14,TRUE
"RBIS",-0.770114074794412,2.84696952198123e-16,1.80934587290185e-14,FALSE
"LRCH4",1.13445716773448,2.93993113474067e-16,1.85939992347946e-14,TRUE
"CSNK1G2",1.10161794442416,2.96639394830112e-16,1.86711680630569e-14,TRUE
"CLPTM1",0.797806408016746,3.0727434345694e-16,1.92480177250634e-14,FALSE
"SPNS2",0.996551212005306,3.35773625112219e-16,2.09330871427103e-14,FALSE
"PGAP6",0.911949926764773,3.4542445268823e-16,2.14326868938119e-14,FALSE
"GGH",-0.801563597883482,3.49812159964495e-16,2.16025509351659e-14,FALSE
"GORASP1",0.434778384786654,3.6238331705478e-16,2.22738140229163e-14,FALSE
"ST14",1.32658862073254,3.69711442703096e-16,2.26180477003221e-14,TRUE
"PRAMEF10",3.36283305209143,4.04143875425259e-16,2.46095424049651e-14,TRUE
"FAM221A",-0.661424739146506,4.22117416700713e-16,2.55850056455821e-14,FALSE
"CPSF1",1.04907100576355,4.281953309634e-16,2.58337938846674e-14,TRUE
"BCAR1",1.18171550329121,4.40120249861244e-16,2.61911559599246e-14,TRUE
"LAMC3",1.90613086582193,4.363643961616e-16,2.61911559599246e-14,TRUE
"RNASEH1",0.764476661420273,4.38964954479384e-16,2.61911559599246e-14,FALSE
"GPAT3",-1.28509372220361,4.59308992656408e-16,2.72093815921162e-14,TRUE
"NIBAN2",1.00592332069345,4.65510885524129e-16,2.74525608706392e-14,TRUE
"RGP1",0.550527392516657,4.72067675449019e-16,2.77143946501281e-14,FALSE
"LASP1",0.465980238806474,4.76151150573505e-16,2.77404416429765e-14,FALSE
"OPLAH",1.3939245841049,4.76749111646022e-16,2.77404416429765e-14,TRUE
"RTN4R",1.8650688730077,4.8010412493453e-16,2.7812049573641e-14,TRUE
"CD81",0.776453108231967,5.35964677921391e-16,3.06447522936965e-14,FALSE
"IFT25",-0.558516041976978,5.35538691308371e-16,3.06447522936965e-14,FALSE
"TP53I3",1.1908330102318,5.36025685552742e-16,3.06447522936965e-14,TRUE
"DCTN1",0.636880728580071,5.60010407351007e-16,3.18767663175626e-14,FALSE
"SYT7",1.09899517255627,5.76489447107804e-16,3.26727265867332e-14,TRUE
"IMPA1",-0.891794285823388,5.95602935160107e-16,3.36104897720523e-14,FALSE
"EEF1AKMT2",-0.822073960351334,6.01501242322079e-16,3.37976577874706e-14,FALSE
"LRRC41",0.353452362473638,6.50924331831618e-16,3.64183818476049e-14,FALSE
"ATP13A2",1.16877809221388,6.67671569077176e-16,3.71964092866315e-14,TRUE
"TAOK2",0.7080892342668,7.56129407869492e-16,4.19459585077431e-14,FALSE
"LAMP1",0.541699282508626,7.89173249989522e-16,4.35943299108136e-14,FALSE
"SOWAHA",-1.10405779290143,8.20492930140211e-16,4.51340060562842e-14,TRUE
"DYNC1H1",0.600184526252631,8.2648403915187e-16,4.52733432660095e-14,FALSE
"NINJ1",0.81873540803374,8.89110826813193e-16,4.85009956026597e-14,FALSE
"TBCD",0.610717779893207,9.54760549950209e-16,5.18660793358844e-14,FALSE
"CCND1",1.04887465370804,9.88441576549745e-16,5.34738723974763e-14,TRUE
"ZNF574",0.805208282915531,1.12253380193768e-15,6.04782408846427e-14,FALSE
"TYMP",1.0250523077912,1.21905018877351e-15,6.54090371779621e-14,TRUE
"ASPA",-0.8847666930338,1.36140835263239e-15,7.24534884254606e-14,FALSE
"GRWD1",0.672363853374288,1.35926885231542e-15,7.24534884254606e-14,FALSE
"ATG9A",0.564728477066296,1.51759526512275e-15,8.04386931618906e-14,FALSE
"NPLOC4",0.573348671770148,1.64435620842163e-15,8.68060946800644e-14,FALSE
"UBL7",0.555024065002232,1.65943873837242e-15,8.72504898103281e-14,FALSE
"TNFRSF12A",2.07578948740963,1.71362992358855e-15,8.97393718384854e-14,TRUE
"CDK5RAP2",0.542362903901394,1.79930334796501e-15,9.38505156635772e-14,FALSE
"APEH",0.54471169932523,1.81521311629375e-15,9.39318977016514e-14,FALSE
"CREB3",0.495627144784227,1.81227529444495e-15,9.39318977016514e-14,FALSE
"PKLR",0.947825751671832,1.90687074882035e-15,9.82864245809292e-14,FALSE
"LRP5",1.09592971864948,1.95535969362203e-15,1.00390467093724e-13,TRUE
"CEP170B",1.12336455625554,2.04665680825403e-15,1.04667308334616e-13,TRUE
"SOD1",-0.56034764359628,2.10932896727479e-15,1.07452664745376e-13,FALSE
"MCM5",0.983280642220776,2.21973831128732e-15,1.12638813842533e-13,FALSE
"LLGL1",0.862335664598976,2.30434246982524e-15,1.16480508165838e-13,FALSE
"MED6",-0.429985539448965,2.33755122110831e-15,1.17704694564423e-13,FALSE
"CFAP68",-0.583480041285429,2.43053845938818e-15,1.20888508964686e-13,FALSE
"HIP1R",0.913304001525263,2.43551573199963e-15,1.20888508964686e-13,FALSE
"NDOR1",1.2138035109719,2.41227137276476e-15,1.20888508964686e-13,TRUE
"SLC39A7",0.54617865924085,2.4377151211944e-15,1.20888508964686e-13,FALSE
"CHMP1A",0.677140582138551,2.51566756417691e-15,1.24283470755487e-13,FALSE
"CTNS",0.596006523421711,2.70663326635543e-15,1.33215198207238e-13,FALSE
"TCF25",0.566947367928629,2.77224057929917e-15,1.35933234697321e-13,FALSE
"CWC15",-0.41305779722611,2.79796716476601e-15,1.36682784034017e-13,FALSE
"UNC119B",0.64375338072894,2.83956522319741e-15,1.38199211531972e-13,FALSE
"SMIM14",-0.65407296964231,3.22917939648947e-15,1.56579320958667e-13,FALSE
"RNF4",0.4038860277507,3.29312295310093e-15,1.59090648346854e-13,FALSE
"RIMS3",0.902027500407413,3.55222627007016e-15,1.70977008557936e-13,FALSE
"PDK4",-1.14072290254258,3.88482089265493e-15,1.86300641489518e-13,TRUE
"KLHDC7A",0.929013630167853,3.91315617498185e-15,1.86974600886359e-13,FALSE
"AP1M1",0.647417920285753,4.0182174049976e-15,1.91296371877195e-13,FALSE
"CUEDC1",0.865367774161475,4.32141148115435e-15,2.04985214171278e-13,FALSE
"UNC5B",0.97072145699823,4.44779179829031e-15,2.102183762571e-13,FALSE
"LARP1B",-0.55504566651102,4.54328877151529e-15,2.13589739374335e-13,FALSE
"PSAP",0.590336279357859,4.56091888826959e-15,2.13589739374335e-13,FALSE
"SCAMP3",0.48161583334565,4.56806653107345e-15,2.13589739374335e-13,FALSE
"DTNA",1.73274639996208,4.64879389775435e-15,2.16590781883986e-13,TRUE
"PDGFA",1.45968939392082,4.68775910372133e-15,2.17631709879148e-13,TRUE
"SCYL1",0.653704948123093,4.70672340342852e-15,2.17740009885817e-13,FALSE
"DMTN",0.987982399952233,4.85991790263358e-15,2.24035370356616e-13,FALSE
"LRP10",0.816524292135491,4.965440074801e-15,2.2809663669928e-13,FALSE
"BIN1",0.774864690690665,5.10880884608981e-15,2.33861976968559e-13,FALSE
"TUBG1",0.640860877340661,5.31972912674483e-15,2.42668619259036e-13,FALSE
"MIA2",-0.825029882392656,5.66763139894569e-15,2.57641077343739e-13,FALSE
"EIF4G1",0.607153645373816,5.68743273845743e-15,2.57646606961539e-13,FALSE
"SIL1",0.626602243568481,5.80957573019309e-15,2.62272294688579e-13,FALSE
"PBLD",-0.580888793409197,5.85898662276131e-15,2.63593996100313e-13,FALSE
"FRA10AC1",-0.728833309120769,5.91230965426335e-15,2.65082047923342e-13,FALSE
"TKT",0.792214584781496,5.97661368204927e-15,2.67050601793137e-13,FALSE
"HEBP2",-0.63193606634786,6.34230614709911e-15,2.82426775774903e-13,FALSE
"MGST2",-0.564209994037542,6.56504936679829e-15,2.91354665458045e-13,FALSE
"ELOC",-0.426620312735495,6.69313102721985e-15,2.96035376379602e-13,FALSE
"GRK2",0.732528188169295,7.10501886630993e-15,3.13194973056329e-13,FALSE
"CHRAC1",-0.470873029028767,7.14476535962955e-15,3.13890161370034e-13,FALSE
"SLAIN1",-0.617299053890756,7.27200840525462e-15,3.18411819537102e-13,FALSE
"ANAPC10",-0.478870147606455,7.39601926512159e-15,3.21689980793927e-13,FALSE
"GPC1",1.10804848564694,7.37567668556039e-15,3.21689980793927e-13,TRUE
"DHX8",0.468669008225043,7.80892345158066e-15,3.38524588834748e-13,FALSE
"RBM26",-0.733159944607598,7.98165446645733e-15,3.44870693976434e-13,FALSE
"PARP10",1.1946047051371,8.14733457882607e-15,3.50871395743391e-13,TRUE
"UBQLN4",0.473307203134509,8.25433386084184e-15,3.54313898052922e-13,FALSE
"DHX38",0.511089874402301,8.43789103476193e-15,3.59833450902616e-13,FALSE
"ZNF317",0.351732810434119,8.41997856638317e-15,3.59833450902616e-13,FALSE
"CAMTA1",-0.557325970873187,8.62465121643037e-15,3.66603680926969e-13,FALSE
"SLC25A44",0.476880362433853,8.67565961961383e-15,3.67578432815483e-13,FALSE
"PLEKHM1",0.662962578583731,8.71577348627347e-15,3.68086795104169e-13,FALSE
"SUSD2",1.64140138004574,8.85342447425175e-15,3.72697856002907e-13,TRUE
"BLNK",-0.680358007548979,9.24234469414508e-15,3.86983279682217e-13,FALSE
"CNBP",-0.475071735744283,9.25189173086876e-15,3.86983279682217e-13,FALSE
"INTS1",1.13716185496839,9.73360814319224e-15,4.05835661817429e-13,TRUE
"KHDRBS1",-0.366059030329718,9.97619281549995e-15,4.14629575684208e-13,FALSE
"AKR1B10",3.27519803957924,1.1656278319458e-14,4.79886779114291e-13,TRUE
"CEBPD",-1.24193484708329,1.16541937501127e-14,4.79886779114291e-13,TRUE
"SREK1IP1",-0.838231049178881,1.16385757806247e-14,4.79886779114291e-13,FALSE
"ENY2",-0.412604738957458,1.2087716884011e-14,4.96088995126873e-13,FALSE
"RPS13",-0.651068189722266,1.25478219981625e-14,5.13362767499825e-13,FALSE
"KRT18",0.826875006437903,1.2711234658402e-14,5.18428299525852e-13,FALSE
"CHLSN",1.04333023162682,1.35708918292721e-14,5.5064772238861e-13,TRUE
"MICAL3",1.01492295321227,1.35853356501315e-14,5.5064772238861e-13,TRUE
"GPR137",0.813501167098756,1.37463816532605e-14,5.55455643841009e-13,FALSE
"CHI3L1",2.20546704999986,1.44636204997334e-14,5.81785454274689e-13,TRUE
"TMEM161A",0.972689934754996,1.44868666432591e-14,5.81785454274689e-13,FALSE
"PLCH2",2.43899985626494,1.48281084055752e-14,5.93668486990185e-13,TRUE
"PDXK",0.53945664663926,1.51249304452461e-14,6.0370606521086e-13,FALSE
"MED4",-0.491141547405153,1.55781112745451e-14,6.19904658985848e-13,FALSE
"AP2A1",0.69021878828373,1.59115865768031e-14,6.31256034737899e-13,FALSE
"ERCC2",0.648623849559658,1.65320441530173e-14,6.53889794716926e-13,FALSE
"PDCD11",0.507455705478449,1.78450930006995e-14,7.03698667364931e-13,FALSE
"LRP3",1.18897348939548,1.81720635494906e-14,7.14440408378171e-13,TRUE
"DDX54",0.739519649685576,2.10873926420537e-14,8.26575282843615e-13,FALSE
"GPI",0.636844735648573,2.16249665743036e-14,8.41080428349671e-13,FALSE
"INTS5",0.654258266405204,2.16501760123617e-14,8.41080428349671e-13,FALSE
"SH3RF1",-0.499066289927946,2.1594364942966e-14,8.41080428349671e-13,FALSE
"NAA20",-0.342902691479696,2.29868783885182e-14,8.90367490717398e-13,FALSE
"MED24",0.513250250373105,2.43352692806817e-14,9.39815178238007e-13,FALSE
"KRT7",1.66906054013792,2.44394442593038e-14,9.41062365420017e-13,TRUE
"HEXA",0.42121393683459,2.45887107065417e-14,9.44033432756725e-13,FALSE
"ZNF687",0.573025332858699,2.49267819009268e-14,9.54214703646006e-13,FALSE
"TMEM150B",1.87477155981842,2.55766926541617e-14,9.76239242648062e-13,TRUE
"FADS2",1.5525651770357,2.60918305517976e-14,9.93006527860854e-13,TRUE
"ZRANB1",-0.459267046221645,2.62785854931988e-14,9.97215192107127e-13,FALSE
"ERBB2",0.725413875667649,2.66825525086655e-14,1.00961843191748e-12,FALSE
"SMIM19",-0.579470565696462,2.70441180495532e-14,1.02035041355836e-12,FALSE
"DPH1",0.647226153338556,2.71540586572226e-14,1.02155441362172e-12,FALSE
"HNRNPD",-0.545021839593328,2.73282240013407e-14,1.02516076970072e-12,FALSE
"PIGO",0.553694446564182,2.83674239650079e-14,1.06110375585681e-12,FALSE
"FKBP3",-0.493478728868776,2.93177844432074e-14,1.09352830179621e-12,FALSE
"ARSA",0.945394950751033,2.94673373029773e-14,1.09598403400733e-12,FALSE
"NDFIP1",-0.507316201165872,3.07602277615215e-14,1.14082975029416e-12,FALSE
"ENTPD6",0.569237044219391,3.13225417976773e-14,1.15547236206867e-12,FALSE
"SMIM30",-0.646129990738965,3.13315527447585e-14,1.15547236206867e-12,FALSE
"SKAP1",-0.732800859724685,3.1420306491283e-14,1.15549059714572e-12,FALSE
"AGPAT3",0.446477211380001,3.23028050620455e-14,1.18461715370392e-12,FALSE
"NTMT1",0.651201064000711,3.25976153621346e-14,1.19208933050577e-12,FALSE
"MBD2",-0.321654443625809,3.48237849661194e-14,1.2699526261182e-12,FALSE
"HSP90AB1",0.463909651468093,3.51202003734306e-14,1.27720462024709e-12,FALSE
"ALG13",-0.520628263382277,3.79154968833532e-14,1.37504067921568e-12,FALSE
"COX20",-0.471338233774718,3.85718474657754e-14,1.39497963265727e-12,FALSE
"ANKRD13C",-0.521402712651518,3.8720958764508e-14,1.39651457891168e-12,FALSE
"KLHDC1",-0.986165667647539,3.90085590743626e-14,1.40302213022405e-12,FALSE
"PPM1G",0.354997455886588,3.99735396350386e-14,1.43379063260801e-12,FALSE
"MUL1",0.540229093036505,4.01430355207378e-14,1.43593612305328e-12,FALSE
"TMEM68",-0.501707308058457,4.10213533464987e-14,1.46335574390289e-12,FALSE
"GPD1",0.623839800130997,4.13799782195551e-14,1.47213770339787e-12,FALSE
"PDCD5",-0.494945021500955,4.30835501333591e-14,1.52859034782097e-12,FALSE
"INHBE",0.986765211223594,4.51532435027089e-14,1.59769260523639e-12,FALSE
"ABCF3",0.43917565455987,4.5318518853959e-14,1.59921846047448e-12,FALSE
"TSPAN4",1.11228198553567,4.555878522526e-14,1.60337531228254e-12,TRUE
"CXXC4",-1.32118804206259,4.5878355915972e-14,1.61029339316865e-12,TRUE
"FANCL",-0.702396319237608,4.62865133987829e-14,1.62027549041943e-12,FALSE
"EDC4",0.760940518743324,4.71254519683975e-14,1.64524377912069e-12,FALSE
"PBX3",-0.536870242105345,4.78266880214627e-14,1.66528457334306e-12,FALSE
"LRRC14",0.730359274123321,4.96084656338891e-14,1.72274279066015e-12,FALSE
"EVI5L",1.1322220253432,5.04018265925869e-14,1.74566326388928e-12,TRUE
"EMC4",-0.32279794733869,5.14832052773083e-14,1.77841193533119e-12,FALSE
"MBIP",-0.521742572662093,5.30091280281277e-14,1.82630395827434e-12,FALSE
"ARHGEF18",1.13188432682038,5.34863081632824e-14,1.83790747105956e-12,TRUE
"FAM89A",-0.833371756810496,5.36807906289154e-14,1.83976154689466e-12,FALSE
"MTOR",0.515474995948302,5.43178795259655e-14,1.85673545366564e-12,FALSE
"TUBB4B",0.715015975400795,5.47927474322742e-14,1.8680902327691e-12,FALSE
"ZCRB1",-0.484278446397371,5.52512917675726e-14,1.87883093979496e-12,FALSE
"SUSD3",1.24656190313251,5.65171108886567e-14,1.91689641387123e-12,TRUE
"CNPPD1",0.492876474183441,5.70358997322625e-14,1.92949353822941e-12,FALSE
"KATNB1",0.796115154072451,5.90029816306229e-14,1.99089442141267e-12,FALSE
"COL1A1",1.54730901535588,5.94668488246517e-14,2.00138813576437e-12,TRUE
"KIAA0930",0.728777248829004,5.97476743117278e-14,2.00568346689523e-12,FALSE
"PTPRF",0.614994418681807,6.13608831873075e-14,2.05456952094177e-12,FALSE
"GCN1",0.450104453489069,6.20736683030214e-14,2.06861116946265e-12,FALSE
"IL32",1.23724237285567,6.22306114784058e-14,2.06861116946265e-12,TRUE
"SLC22A10",-1.75413682648149,6.22542622035049e-14,2.06861116946265e-12,TRUE
"CA13",-0.57320973537491,6.28676595208215e-14,2.07844292537019e-12,FALSE
"POLDIP3",0.402398656478438,6.28333613085919e-14,2.07844292537019e-12,FALSE
"DAGLA",1.61327164094648,6.44827248599359e-14,2.12646809538106e-12,TRUE
"STARD3",0.597255216551954,6.5839097355446e-14,2.16574236828517e-12,FALSE
"COQ8B",0.762144374052253,6.62336321253655e-14,2.17325992928643e-12,FALSE
"R3HDM2",-0.524571883923028,6.66608434398857e-14,2.17648815600795e-12,FALSE
"USP22",0.415426457491111,6.66645089030849e-14,2.17648815600795e-12,FALSE
"ATP5MK",-0.774577723039721,6.68738271582646e-14,2.17789090834826e-12,FALSE
"RUNDC3B",-0.78485923731716,6.78768864618382e-14,2.20507245051709e-12,FALSE
"GOLIM4",-0.516592655439113,6.81880381633355e-14,2.20969751394651e-12,FALSE
"LRRC8A",0.741439831207783,6.85191574699838e-14,2.21494520888155e-12,FALSE
"NLRX1",0.687187605370395,7.01520688044079e-14,2.26214503642194e-12,FALSE
"RIDA",-0.762208373956465,7.25120704268322e-14,2.3325012924523e-12,FALSE
"MAP3K5",-0.639899742989027,7.27319700289182e-14,2.33384056769264e-12,FALSE
"RNF31",0.761940634725356,7.390133640294e-14,2.36556551635034e-12,FALSE
"APBA3",0.89944705233267,7.4399984907512e-14,2.37571854246134e-12,FALSE
"MFSD3",1.0525663186289,7.51967280844565e-14,2.39531767416473e-12,TRUE
"SVIP",-0.68453796652188,7.83981791777853e-14,2.49123534416399e-12,FALSE
"CDKN1B",-0.644628623923564,8.06994412768027e-14,2.55525113756309e-12,FALSE
"SLC35B2",0.459291754991262,8.08030836351299e-14,2.55525113756309e-12,FALSE
"SERINC2",0.977452256749602,8.14795363483245e-14,2.57043395149943e-12,FALSE
"TEX261",0.336323151866088,8.23993315362398e-14,2.59320203959724e-12,FALSE
"HDAC6",0.552023305823406,8.31640344881993e-14,2.61099170148563e-12,FALSE
"GALNT18",0.828593118519079,8.43319750156726e-14,2.6413258777636e-12,FALSE
"MRPL32",-0.408883906974544,8.57797702364619e-14,2.67907011492341e-12,FALSE
"RALGPS1",0.897319830139923,8.59463373256824e-14,2.67907011492341e-12,FALSE
"MGLL",0.776557839437711,8.67673492133762e-14,2.69540593152839e-12,FALSE
"SPATA20",0.777974635117297,8.68821649178874e-14,2.69540593152839e-12,FALSE
"MTARC2",-0.502727349699821,8.72802908524444e-14,2.7013559523409e-12,FALSE
"EML2",0.715069946086077,9.17455671833169e-14,2.82619521309173e-12,FALSE
"SFT2D1",-0.603198098152159,9.17355307116877e-14,2.82619521309173e-12,FALSE
"TADA1",-0.49410727410581,9.66957285483472e-14,2.97169126327456e-12,FALSE
"CDC42EP1",1.10966385145627,9.85125420432149e-14,3.02043606658026e-12,TRUE
"SLC10A3",0.83861614583214,1.00558516137306e-13,3.07596283474207e-12,FALSE
"SCARB1",0.674565348163948,1.01252063901344e-13,3.08995808996827e-12,FALSE
"SMIM8",-0.710471322081827,1.03008793845425e-13,3.1362584395914e-12,FALSE
"FZR1",0.848191696138108,1.09734009950213e-13,3.33326602846447e-12,FALSE
"PTGES2",0.782299445639158,1.1253047985398e-13,3.41029870890811e-12,FALSE
"VCF2",-0.436542762387944,1.1319701164645e-13,3.42257569624787e-12,FALSE
"PSME3",0.447314632990104,1.13809121315705e-13,3.43315441535762e-12,FALSE
"GPATCH4",0.602385366985413,1.16157946729452e-13,3.49595365191262e-12,FALSE
"AKT2",0.506681184153831,1.16595035529837e-13,3.50106010357025e-12,FALSE
"KIAA0513",0.701142532825497,1.20603150072145e-13,3.61312686669226e-12,FALSE
"AMFR",0.421696990209008,1.23964316182875e-13,3.70534435494565e-12,FALSE
"ABHD17A",1.05183233214217,1.26267923054316e-13,3.74259329237553e-12,TRUE
"FBXW7",-0.570479266408756,1.25778805343289e-13,3.74259329237553e-12,FALSE
"HSBP1L1",-0.67780988665212,1.26353974582186e-13,3.74259329237553e-12,FALSE
"QSOX1",0.827827506605685,1.2581459095746e-13,3.74259329237553e-12,FALSE
"S1PR2",2.61268614156201,1.32254689550432e-13,3.90852910969357e-12,TRUE
"SRP14",-0.444305557162812,1.34490671660335e-13,3.96565737247097e-12,FALSE
"CTU2",1.02279046103532,1.34820795486297e-13,3.96645810001483e-12,TRUE
"BTBD2",1.10458193960771,1.38338237667985e-13,4.05173200794019e-12,TRUE
"ZNF740",0.466096165503897,1.38302523068055e-13,4.05173200794019e-12,FALSE
"LETM1",0.545991499855632,1.46689141064652e-13,4.28672820271969e-12,FALSE
"CACFD1",0.805443519325107,1.48911477457096e-13,4.34198009547506e-12,FALSE
"RPL5",-0.413849238857742,1.50592727548923e-13,4.38124442015666e-12,FALSE
"SIRT1",-0.717349133705414,1.56320545748527e-13,4.53780174044284e-12,FALSE
"BTG1",-0.670742116344141,1.609896510825e-13,4.66300113268161e-12,FALSE
"LURAP1L",-0.835763431485474,1.62483629681329e-13,4.69588450284317e-12,FALSE
"HS1BP3",0.610944391510795,1.70021389762745e-13,4.90178157114792e-12,FALSE
"SCAMP2",0.466329643297351,1.70356753351077e-13,4.90178157114792e-12,FALSE
"CANT1",0.53962160348457,1.72844376270439e-13,4.96245301344866e-12,FALSE
"PANK4",0.644391573027988,1.75026063056475e-13,5.0140945679111e-12,FALSE
"TMEM220",-0.637271865162655,1.76097057828201e-13,5.03376131241661e-12,FALSE
"AUH",-0.387646475683761,1.76526509516559e-13,5.03504370934813e-12,FALSE
"FBXO4",-0.544792444125737,1.77659923036502e-13,5.05635589650845e-12,FALSE
"SGSM3",0.865101726424315,1.82466105644395e-13,5.18187907830025e-12,FALSE
"ZMYM6",-0.802968248373193,1.89980355888163e-13,5.38359917594769e-12,FALSE
"EEFSEC",0.607172230749601,1.90676062523608e-13,5.39164365131551e-12,FALSE
"SEPTIN9",0.711527324328006,1.92165757886511e-13,5.42205625484956e-12,FALSE
"DPAGT1",0.380652327528767,2.01736767577609e-13,5.67986615295927e-12,FALSE
"SLC19A2",-0.922548266097813,2.04083374983742e-13,5.73360417443595e-12,FALSE
"SDC1",0.662438190686859,2.06532505275465e-13,5.78998620785093e-12,FALSE
"PLD3",0.775707561988405,2.15910240232887e-13,6.03995056651486e-12,FALSE
"FSTL3",1.1756058579133,2.18460288719165e-13,6.09825607656995e-12,TRUE
"DORIP1",-0.691055275679144,2.22309327613819e-13,6.19249727046835e-12,FALSE
"ATG13",0.370082830542373,2.28000442616649e-13,6.3375409654717e-12,FALSE
"DDX41",0.438131560866316,2.31215413158485e-13,6.41328853616713e-12,FALSE
"CORO1A",1.12831031029633,2.3950613127121e-13,6.62920564609447e-12,TRUE
"LRPAP1",0.639573605684389,2.40042680550166e-13,6.63003960709446e-12,FALSE
"IDS",-0.473617778460922,2.45601749267905e-13,6.75508004499037e-12,FALSE
"VCP",0.465466281379,2.45520385438466e-13,6.75508004499037e-12,FALSE
"ZNF19",-0.649162422598874,2.49530308464001e-13,6.84874381218178e-12,FALSE
"COA5",-0.410067554431919,2.55200731661758e-13,6.98972380526303e-12,FALSE
"TRABD",1.10440250200919,2.66828428209614e-13,7.29293900233875e-12,TRUE
"PPP1R9B",0.764563896444199,2.67748692866165e-13,7.30284559792466e-12,FALSE
"MICU3",-1.03302380553866,2.81213983773015e-13,7.65416522984681e-12,TRUE
"LAMTOR5",-0.498683298696693,2.81809825936009e-13,7.65446937998802e-12,FALSE
"SCUBE1",2.37312232628831,2.86913867561494e-13,7.7769696772569e-12,TRUE
"SUMO1",-0.475334215291234,2.90109515290066e-13,7.84734250863129e-12,FALSE
"CPEB3",-0.918456708993438,2.92374248824929e-13,7.86977615401789e-12,FALSE
"DHX30",0.44164015164435,2.93222243290493e-13,7.86977615401789e-12,FALSE
"SPSB1",1.11579985574936,2.93343321353554e-13,7.86977615401789e-12,TRUE
"SS18L2",-0.65300268266628,2.91641172478399e-13,7.86977615401789e-12,FALSE
"CENPV",-0.652919790476843,3.02584285506063e-13,8.10109093219913e-12,FALSE
"HSPE1",-0.996749061137706,3.03793711108022e-13,8.11687197107393e-12,FALSE
"ACTN4",0.614764562941012,3.06802207749055e-13,8.18055907097889e-12,FALSE
"TAPT1",-0.469844832476519,3.21301237204367e-13,8.5497475558528e-12,FALSE
"ERGIC1",0.477910998059949,3.37956743074172e-13,8.97470523392913e-12,FALSE
"ZNF280D",-0.566799175425127,3.81986167182574e-13,1.01234066816888e-11,FALSE
"ZBTB47",0.801406425867664,3.83841819422741e-13,1.01520345452172e-11,FALSE
"RAB40C",1.08066970277336,3.8725785780687e-13,1.02217336177571e-11,TRUE
"MTF2",-0.627315506343327,3.88544711019666e-13,1.02350651039627e-11,FALSE
"RAB35",0.5316167485705,3.90119137522127e-13,1.02559031093166e-11,FALSE
"DCTN6",-0.642416934759316,4.09420885913503e-13,1.07417599967527e-11,FALSE
"FAM200B",-0.584715756500259,4.12002890029466e-13,1.07878836725315e-11,FALSE
"TRPV4",0.953215476098632,4.17758916768444e-13,1.09167659447754e-11,FALSE
"PAQR4",1.52611462834573,4.3844238934702e-13,1.14344377715761e-11,TRUE
"SEPTIN6",0.521390785104821,4.43521044070208e-13,1.15438916679268e-11,FALSE
"MAGOHB",-0.55469072146059,4.58868577211474e-13,1.19196575651838e-11,FALSE
"TAFA2",-0.91660906413359,4.60074643414733e-13,1.19273212506647e-11,FALSE
"MFF",-0.322245026100587,4.61179089821932e-13,1.19323253832979e-11,FALSE
"ZNF385B",-0.691267281611051,4.8258292019602e-13,1.24614903179611e-11,FALSE
"KCNAB2",1.20968844896268,4.92841045165337e-13,1.27013286679224e-11,TRUE
"INCENP",0.700305109322154,5.01149295371764e-13,1.28900718565955e-11,FALSE
"PPM1K",-0.730951087604703,5.07111181620498e-13,1.30178423328932e-11,FALSE
"DISP1",-0.534360605335549,5.19752538512306e-13,1.33162431197713e-11,FALSE
"TTLL12",0.717664331466546,5.34458797927955e-13,1.36662784813922e-11,FALSE
"SLCO2B1",0.621867247155682,5.42368243651996e-13,1.38414913175281e-11,FALSE
"COL6A2",1.21294387585061,5.53223534563164e-13,1.40910554756828e-11,TRUE
"TERF2IP",-0.383170326442294,5.65865215828902e-13,1.43850629235573e-11,FALSE
"SFR1",-0.639020486388225,5.70945513587088e-13,1.44860826819422e-11,FALSE
"TANK",-0.44530317773532,5.80526604766028e-13,1.47006853183691e-11,FALSE
"GCFC2",-0.660527477019117,5.83218143242636e-13,1.47403319137695e-11,FALSE
"CMTM8",-0.457022746335864,5.91548560194707e-13,1.48933725962867e-11,FALSE
"DHX37",0.698264388226673,5.91440691013277e-13,1.48933725962867e-11,FALSE
"CALM1",-0.443101317311986,6.07202916052607e-13,1.52581584970456e-11,FALSE
"IP6K1",0.479482575336618,6.09717504162473e-13,1.52919953342818e-11,FALSE
"DIPK2A",-1.17040284786195,6.22979713435264e-13,1.55947426544827e-11,TRUE
"GEMIN6",-0.395203438341213,6.30395200014171e-13,1.57502556461556e-11,FALSE
"TAS2R14",-1.10449338599663,6.31958332719635e-13,1.57592352227913e-11,TRUE
"PIGT",0.628762828099388,6.37760498221796e-13,1.58736890546003e-11,FALSE
"ABHD3",-0.570648370976085,6.63839327325166e-13,1.64879812307794e-11,FALSE
"CSRNP1",-0.486951660826064,6.64959829655632e-13,1.64879812307794e-11,FALSE
"RPL24",-0.569921128221791,6.79582901432672e-13,1.68187133186324e-11,FALSE
"PLCXD2",-0.747034647383007,6.86896055851464e-13,1.69676286098252e-11,FALSE
"RHBDD3",1.03914632436572,6.93339249539864e-13,1.70624012311577e-11,TRUE
"SF3B6",-0.446892701464845,6.93109708231934e-13,1.70624012311577e-11,FALSE
"GGT1",0.919427510191358,7.11883824195691e-13,1.74858968599812e-11,FALSE
"CCDC97",0.630603809155024,7.16655318608615e-13,1.7570133766337e-11,FALSE
"PPFIA3",1.0391629223271,7.18461371785726e-13,1.75814883727453e-11,TRUE
"ZCCHC4",-0.383423829459369,7.50336938602136e-13,1.83272597018268e-11,FALSE
"IBA57",0.612871526133092,7.56608203535286e-13,1.84460234649608e-11,FALSE
"AGRN",1.18818557435772,7.75906822251562e-13,1.88813608121142e-11,TRUE
"RNF103",-0.474816522110326,7.99466451686484e-13,1.9418580307012e-11,FALSE
"MSN",0.608945293864675,8.19125068281893e-13,1.98592322110121e-11,FALSE
"MID1IP1",0.981397206786784,8.26627144420173e-13,2.00040713026782e-11,FALSE
"SUMF2",0.36777274119357,8.36355162066238e-13,2.02021435088029e-11,FALSE
"DPF2",0.396411973952359,8.39605944773871e-13,2.0243316812117e-11,FALSE
"CHD4",0.462081890539574,8.54579899315026e-13,2.0566470665133e-11,FALSE
"KLHL22",0.563257169864695,8.83961239194109e-13,2.11956420211159e-11,FALSE
"POLR1A",0.594010281054645,8.82840014375462e-13,2.11956420211159e-11,FALSE
"ANGPTL8",1.42035316786822,8.87883727504097e-13,2.12507746992388e-11,TRUE
"LIPT1",-0.61938094197408,8.99557085485742e-13,2.14908783999623e-11,FALSE
"SMLR1",-0.528517684906362,9.27195585771353e-13,2.21108280672469e-11,FALSE
"PEBP1",-0.442369663918606,9.44954622863054e-13,2.24933562227693e-11,FALSE
"BSG",0.815149720443272,1.00101656659951e-12,2.37845896368799e-11,FALSE
"RBM22",-0.338990683737286,1.01152975439835e-12,2.39908470010564e-11,FALSE
"RSL24D1",-0.61844283825675,1.01896697138624e-12,2.41235363280084e-11,FALSE
"MAP3K8",-0.68668676522429,1.0214379120786e-12,2.41383847381463e-11,FALSE
"SPHK2",0.960324785820556,1.02935688962571e-12,2.42816944125763e-11,FALSE
"THEM6",0.781749842366364,1.05878311983949e-12,2.49309147570839e-11,FALSE
"ZWINT",1.09268663740679,1.07272629211436e-12,2.52138826146522e-11,TRUE
"RGS2",-0.933034079369599,1.07932430385395e-12,2.53235014087023e-11,FALSE
"IFRD2",0.561215236354626,1.08162766774574e-12,2.53321456639128e-11,FALSE
"PYCR3",0.809213237911124,1.10126363945698e-12,2.57459706567336e-11,FALSE
"HEY2",-0.57818126205591,1.10658906069857e-12,2.582435647534e-11,FALSE
"DUSP1",-1.19859141068782,1.11344013113749e-12,2.59380039089894e-11,TRUE
"NAT2",-0.635646332162253,1.12095438459072e-12,2.60666692771967e-11,FALSE
"DYSF",0.682777250505818,1.14684045489727e-12,2.66213390700621e-11,FALSE
"PGAP4",0.963592223920275,1.16651155551956e-12,2.70300341324993e-11,FALSE
"MRPS30",-0.47878148977711,1.18254419813374e-12,2.73531248091289e-11,FALSE
"DNMT1",0.68876472138958,1.20068073266472e-12,2.77236545891473e-11,FALSE
"GPX1",0.922089081552548,1.22193929101119e-12,2.81239945642426e-11,FALSE
"MROH1",0.989979690979761,1.22231537634082e-12,2.81239945642426e-11,FALSE
"SYF2",-0.424294401962749,1.23654358837988e-12,2.8401453787841e-11,FALSE
"NDUFV1",0.652121525119589,1.26628968231005e-12,2.8982979931474e-11,FALSE
"NFKBIA",-0.535366032814966,1.26476799163247e-12,2.8982979931474e-11,FALSE
"CDC42EP4",0.491217231235985,1.28246086984369e-12,2.93018808167428e-11,FALSE
"TMUB1",1.12347992160315,1.28715203952794e-12,2.93578301419856e-11,TRUE
"TWNK",0.709091388085907,1.29125911306709e-12,2.94002857535207e-11,FALSE
"SLC23A1",0.615159716380609,1.35381463348543e-12,3.07710784402626e-11,FALSE
"CAPG",1.2021389854751,1.45782768036823e-12,3.30777816141783e-11,TRUE
"PLCG1",0.543763029299133,1.47889707379829e-12,3.34977863151682e-11,FALSE
"ATF6B",0.48619695344118,1.51432812070464e-12,3.4241077299249e-11,FALSE
"PELI2",-1.05613977509015,1.61641836990477e-12,3.64864643082641e-11,TRUE
"ILK",0.472891412599257,1.69617957453859e-12,3.8220969001479e-11,FALSE
"AP1B1",0.61472599591814,1.72968161178406e-12,3.89089203805444e-11,FALSE
"CYP2C8",-0.580701916508295,1.750167637881e-12,3.93022207806827e-11,FALSE
"SNX11",0.441598434644665,1.75452832396645e-12,3.93326794817959e-11,FALSE
"OPA3",0.563222883474613,1.76849219065917e-12,3.95779483078802e-11,FALSE
"CCPG1",-0.789939164269894,1.78047314904648e-12,3.97780792957621e-11,FALSE
"GANAB",0.388729876370555,1.78533525869353e-12,3.98187550371647e-11,FALSE
"TSSC4",1.0817427103712,1.7992710139474e-12,4.00613199227881e-11,TRUE
"ELFN1",0.900188029174439,1.81663096318991e-12,4.03791724449615e-11,FALSE
"TSNAX",-0.673150005842718,1.8416995926988e-12,4.0867001809513e-11,FALSE
"JRK",0.637918533235935,1.85416676624671e-12,4.10740292786834e-11,FALSE
"KIF1C",0.643892599296615,1.87654629997899e-12,4.14995678366975e-11,FALSE
"TCF19",0.908319286271125,1.89824104211141e-12,4.19085526531577e-11,FALSE
"CFL2",-0.659558676676421,1.96004872469397e-12,4.31958231465363e-11,FALSE
"ICMT",0.430747659510996,1.96510328767483e-12,4.31958231465363e-11,FALSE
"NAT9",0.575692693955396,1.96644596664648e-12,4.31958231465363e-11,FALSE
"BCKDK",0.660006846309612,1.98026512018856e-12,4.34265175100648e-11,FALSE
"SLC7A5",0.833584379028986,1.98726637376937e-12,4.3507176196302e-11,FALSE
"FOS",-2.6005224034092,2.00358927356302e-12,4.37913034549033e-11,TRUE
"VTN",0.589107487100903,2.01279848688114e-12,4.39192629837465e-11,FALSE
"NUDT6",-0.450883637472295,2.02376655746859e-12,4.40851110988e-11,FALSE
"EMC7",-0.384125485794779,2.04104240292763e-12,4.4387586609848e-11,FALSE
"GGPS1",-0.408231182283103,2.04930284083267e-12,4.44933213800686e-11,FALSE
"UPF1",0.51399432056651,2.07030452310775e-12,4.48748788353089e-11,FALSE
"CLEC11A",1.22096155313703,2.08706776190001e-12,4.51634564277601e-11,TRUE
"PSIP1",-0.595040335362218,2.10241089851453e-12,4.53455741076643e-11,FALSE
"TMEM54",1.17083187125945,2.10057589951225e-12,4.53455741076643e-11,TRUE
"TMEM41B",-0.613899662242009,2.11594060675212e-12,4.55623263546033e-11,FALSE
"INF2",0.932210778893837,2.14533217260811e-12,4.61193576416838e-11,FALSE
"EHD1",0.776767051589362,2.16824233946518e-12,4.65354568988167e-11,FALSE
"BAX",0.799594045952079,2.17625239665963e-12,4.66309269673778e-11,FALSE
"CREM",-0.598651305613438,2.22166023344433e-12,4.7526104209564e-11,FALSE
"YIPF4",-0.553562635839355,2.23427697367017e-12,4.7718032853654e-11,FALSE
"TRPC4AP",0.339771748069442,2.23866243027577e-12,4.77338249791049e-11,FALSE
"E4F1",1.17645679094157,2.25182194414998e-12,4.78734321343795e-11,TRUE
"MGAT1",0.475655627481232,2.25252323516481e-12,4.78734321343795e-11,FALSE
"ATOSA",-0.663317197563319,2.28745170981586e-12,4.85369818231916e-11,FALSE
"HIF1AN",0.306159317741,2.2987853861072e-12,4.86985408979214e-11,FALSE
"C1GALT1",-0.62877120214,2.31882376108906e-12,4.90436844590921e-11,FALSE
"METTL23",-0.521011750816661,2.33432711335778e-12,4.92919525291613e-11,FALSE
"NDUFS2",0.465729023674701,2.36460512991554e-12,4.98509023524224e-11,FALSE
"SMG5",0.597034950094681,2.38156850065505e-12,5.01278051616975e-11,FALSE
"ABCD1",0.948690940405522,2.41602825707541e-12,5.06901313167168e-11,FALSE
"FDX1",-0.425521007449383,2.41280136018874e-12,5.06901313167168e-11,FALSE
"CARD19",0.900375355735709,2.47348165412645e-12,5.18125149053176e-11,FALSE
"TMA7",-0.529110511818321,2.48597361607917e-12,5.19910009292469e-11,FALSE
"PLEKHM2",0.700572559580286,2.49690358540106e-12,5.21363026157428e-11,FALSE
"RPUSD1",1.1090770184201,2.54355758057801e-12,5.30258851033874e-11,TRUE
"DDB2",0.741342046543537,2.56976436262715e-12,5.3487050930866e-11,FALSE
"FAM149B1",-0.410293968481825,2.61991398851501e-12,5.44443078375214e-11,FALSE
"DDX49",0.665520484104682,2.62685757013692e-12,5.45020908212878e-11,FALSE
"ZNF512B",0.795645914136044,2.65530019067032e-12,5.50050476206579e-11,FALSE
"ANGEL2",-0.482859345118877,2.68584791539335e-12,5.55084208722342e-11,FALSE
"GLIS2",1.45904268356565,2.68807965421605e-12,5.55084208722342e-11,TRUE
"RHOB",-0.915657115440897,2.71396539119425e-12,5.59547006323072e-11,FALSE
"PSEN2",0.494347174100657,2.78745812374187e-12,5.73795625094789e-11,FALSE
"TMCO3",0.586530351333104,2.82670060771075e-12,5.80960193974084e-11,FALSE
"P4HA2",0.628067969421473,2.89598838340828e-12,5.94267710275568e-11,FALSE
"TMEM184B",0.656456400441823,2.91355615648231e-12,5.96937045393841e-11,FALSE
"TCAP",1.80485296734121,3.02175067371949e-12,6.18136872192742e-11,TRUE
"CYBC1",0.626685640246992,3.03368044299134e-12,6.1960911637508e-11,FALSE
"CCDC85C",0.718873425999457,3.04179776357114e-12,6.20299319636656e-11,FALSE
"MAP1S",1.11521177243953,3.11988252085317e-12,6.35233312021924e-11,TRUE
"PIP4K2C",0.370603792809521,3.1863209017318e-12,6.47753311265104e-11,FALSE
"DOLK",0.506399281864756,3.19287748158947e-12,6.48079875797974e-11,FALSE
"PI4KB",0.402575023210259,3.22955249202601e-12,6.54509306897903e-11,FALSE
"OGDH",0.540465467346098,3.28868761724402e-12,6.65463652008636e-11,FALSE
"STRIP1",0.384965145102788,3.31498017659748e-12,6.69748772716269e-11,FALSE
"DUSP8",1.81472486640134,3.32465097358169e-12,6.70667650941933e-11,TRUE
"APOE",0.920590325118427,3.4004938588288e-12,6.83325619113769e-11,FALSE
"MPC2",-0.552715630211302,3.40305762039549e-12,6.83325619113769e-11,FALSE
"TMEM14C",-0.450882815384428,3.39724197659973e-12,6.83325619113769e-11,FALSE
"FBXO2",0.981351530057175,3.43481111685115e-12,6.88645438618916e-11,FALSE
"SLC38A7",0.50971584679613,3.44617772984453e-12,6.89867872157869e-11,FALSE
"GATAD1",-0.333836669230805,3.52622144104723e-12,7.04813604674662e-11,FALSE
"NUDT7",-0.560407600584746,3.53585625128285e-12,7.05662043320047e-11,FALSE
"N4BP2L2",-0.471895411765637,3.5490205832072e-12,7.07211224891151e-11,FALSE
"CMTR1",0.30769613258806,3.58492936575597e-12,7.13281082925184e-11,FALSE
"SIDT2",0.429943213266943,3.6441549760308e-12,7.23964748804176e-11,FALSE
"ARHGDIA",0.969471459301395,3.67910400087718e-12,7.27595612983142e-11,FALSE
"CHID1",0.704026053053644,3.67302960050705e-12,7.27595612983142e-11,FALSE
"LTBP4",1.16953373006859,3.67530473636268e-12,7.27595612983142e-11,TRUE
"DUSP10",-0.65480437597329,3.68773724063042e-12,7.28202955570641e-11,FALSE
"RBMS1",-0.813463889067014,3.82335697316684e-12,7.53846227299702e-11,FALSE
"MPLKIP",-0.553967748969428,3.84075636244173e-12,7.56138079655446e-11,FALSE
"CAMK2D",-0.535171527263476,3.85564145905708e-12,7.5640420456021e-11,FALSE
"CXCL2",-1.38020823106563,3.8561238698901e-12,7.5640420456021e-11,TRUE
"SNAP47",0.549119450451975,3.85944094596868e-12,7.5640420456021e-11,FALSE
"TRAF3",0.427768935348525,3.91069890095726e-12,7.65304484474327e-11,FALSE
"RFXAP",-0.792576767124669,3.96512527028517e-12,7.74797314008558e-11,FALSE
"ACTR1A",0.355922097070395,3.9972469136999e-12,7.79909934339182e-11,FALSE
"EPB41L4B",-0.588018489669518,4.08274387245434e-12,7.95405993722801e-11,FALSE
"AEBP2",-0.613453500625396,4.10379772602854e-12,7.98319759720143e-11,FALSE
"PRXL2B",0.784164770394948,4.11369719752489e-12,7.99058215281838e-11,FALSE
"PDZK1IP1",2.21694409835343,4.1332336173291e-12,8.01663622489964e-11,TRUE
"MEGF6",1.41403454542511,4.16276149128503e-12,8.06196352720468e-11,TRUE
"NMRK1",-0.515355688492389,4.33721718774028e-12,8.38742207118105e-11,FALSE
"MGAT4B",0.633403429759013,4.34457539793857e-12,8.3892597507097e-11,FALSE
"PITPNA",0.451566426291806,4.39250041763251e-12,8.46931008360013e-11,FALSE
"ADCY6",0.568946051560538,4.47618185379415e-12,8.61796659262839e-11,FALSE
"HPS6",0.60845671543951,4.55676096015471e-12,8.76022239212121e-11,FALSE
"ADSS1",0.842913299547728,4.68479565189323e-12,8.99315904319446e-11,FALSE
"UBE2R2",-0.294918851777593,4.91903245256317e-12,9.42898577876384e-11,FALSE
"RANBP9",-0.377946195191826,4.92883366259751e-12,9.43396057174366e-11,FALSE
"DAXX",0.489125612447019,5.06138629908018e-12,9.67352838358507e-11,FALSE
"POLG",0.471363165745945,5.08634178853622e-12,9.70705345415688e-11,FALSE
"ZNF205",1.06309040873839,5.19899863830077e-12,9.90761137884043e-11,TRUE
"WDTC1",0.565302137900065,5.22810378569496e-12,9.94859516894163e-11,FALSE
"PMPCA",0.466550228591054,5.2736377299346e-12,1.00063188176636e-10,FALSE
"SPRYD3",0.552668085708223,5.27372439977685e-12,1.00063188176636e-10,FALSE
"CDK13",-0.409847706712675,5.33301566979559e-12,1.01041738276359e-10,FALSE
"ZYX",1.03709672762658,5.37409325843795e-12,1.01672874189985e-10,TRUE
"COA6",-0.574828893777949,5.49653789534961e-12,1.03839356603055e-10,FALSE
"ID2",-0.743485508828932,5.50447805195139e-12,1.03839519677446e-10,FALSE
"SPP2",-0.617240366111866,5.58187816672507e-12,1.05148127998222e-10,FALSE
"LDB1",0.51471189623801,5.61074738417665e-12,1.0554009303684e-10,FALSE
"GET3",0.657232177549505,5.62223031629348e-12,1.05604360546505e-10,FALSE
"ARHGEF16",1.1508644977622,5.66934087636249e-12,1.06336691623693e-10,TRUE
"CSNK1D",0.51120814374375,5.7811259635775e-12,1.08278256244859e-10,FALSE
"EIF3C",0.988214207290157,5.89164634291464e-12,1.10190619887769e-10,FALSE
"KCTD11",0.487583365837229,5.90139806124232e-12,1.10215554090991e-10,FALSE
"CYBA",1.34046005693119,6.03367307186555e-12,1.12525424297527e-10,TRUE
"P2RY2",0.893299735402292,6.08477459456114e-12,1.1302267903381e-10,FALSE
"VAV2",0.506431659720852,6.08623500754933e-12,1.1302267903381e-10,FALSE
"ZNF189",-0.411927814769976,6.07581080542874e-12,1.1302267903381e-10,FALSE
"PHRF1",0.904404930501488,6.39383734708146e-12,1.18566740152961e-10,FALSE
"ANKH",0.397294020171244,6.42938243150305e-12,1.1905724864673e-10,FALSE
"SMS",-0.303591310260174,6.48477385166193e-12,1.19913360545138e-10,FALSE
"RETREG1",-1.05532963347441,6.68144705136737e-12,1.23375888288437e-10,TRUE
"TMEM127",0.397296915940782,6.71499654369074e-12,1.23820753169013e-10,FALSE
"ABHD8",1.01766935491882,6.81130908797626e-12,1.25420054261301e-10,TRUE
"PIGP",-0.546767324722535,6.87016008969946e-12,1.26207492271121e-10,FALSE
"PRKRA",-0.499372951962667,6.87335334473794e-12,1.26207492271121e-10,FALSE
"GOSR2",0.499975046790342,6.89293226080888e-12,1.26389732715e-10,FALSE
"HDGFL2",0.957574191798301,6.94724495538211e-12,1.27029791837797e-10,FALSE
"PPP4R3A",-0.384684140841143,6.94470428359477e-12,1.27029791837797e-10,FALSE
"WWC1",0.65459946516618,6.9659337045461e-12,1.27193868981754e-10,FALSE
"TAGLN2",0.626469870136599,6.98712412063647e-12,1.272259095791e-10,FALSE
"TMEM18",-0.344462886568553,6.97839424607434e-12,1.272259095791e-10,FALSE
"DPP7",0.96135269898408,7.11845600261986e-12,1.29437258314305e-10,FALSE
"CTSD",1.08209885810583,7.28005488594686e-12,1.3219206458643e-10,TRUE
"SAP18",-0.342457962777894,7.53159845871088e-12,1.36570203630807e-10,FALSE
"MINDY3",-0.568293130463262,7.6016384558103e-12,1.37649585979901e-10,FALSE
"TFPI",-0.605469262577287,7.72426884617837e-12,1.39676972008518e-10,FALSE
"PWWP2B",1.20870727306178,7.79071347128475e-12,1.40684166573876e-10,TRUE
"RAB2A",-0.666351209134972,7.84161997283518e-12,1.41213877144922e-10,FALSE
"SOCS2",-1.46014800419758,7.8344609854249e-12,1.41213877144922e-10,TRUE
"PEX26",0.364098878035603,8.1989845561035e-12,1.4738804536751e-10,FALSE
"VMP1",-0.418767691456035,8.20698786074812e-12,1.4738804536751e-10,FALSE
"ACTR1B",0.473746265859817,8.30955213738295e-12,1.4902555696249e-10,FALSE
"CRAT",0.612178106462603,8.433528083605e-12,1.510420652128e-10,FALSE
"TECPR2",0.537416931479694,8.52711823405269e-12,1.52509606448385e-10,FALSE
"C1orf52",-0.580681175392724,8.57977076722298e-12,1.53241963007481e-10,FALSE
"PLXNA1",0.849441457755645,8.63046436278149e-12,1.53937383429885e-10,FALSE
"ACHE",2.21681085913637,8.86699535849953e-12,1.57512487426697e-10,TRUE
"RBM19",0.536549921801233,8.85187153989153e-12,1.57512487426697e-10,FALSE
"SLC38A10",0.809656233887536,8.85627177146879e-12,1.57512487426697e-10,FALSE
"FAM53B",0.547469031350732,8.93539935932845e-12,1.58512531724022e-10,FALSE
"C8orf76",-0.855505496982521,9.00824004552376e-12,1.59588469115016e-10,FALSE
"FLNA",1.09762908992902,9.41889676994805e-12,1.66638103394811e-10,TRUE
"RNF128",-0.615897465281371,9.43450285890761e-12,1.66688949296651e-10,FALSE
"FCN1",1.30554511034422,1.01878386597803e-11,1.79756312309762e-10,TRUE
"PCDHGC3",1.13664197983663,1.0210701090223e-11,1.79917225670525e-10,TRUE
"TRIP6",0.646494297828675,1.04846066963505e-11,1.84495256543845e-10,FALSE
"DCUN1D4",-0.535897243005896,1.05345678395386e-11,1.85125586785556e-10,FALSE
"REEP6",0.894795681587222,1.10194647104557e-11,1.93387174248373e-10,FALSE
"DDB1",0.44804758219265,1.1062181792918e-11,1.93876953189936e-10,FALSE
"TIAL1",-0.334271549616623,1.12058598018062e-11,1.96132508723592e-10,FALSE
"NFU1",-0.392033048553679,1.13517792997176e-11,1.98421221083982e-10,FALSE
"MCM7",0.478023162097091,1.13948668758139e-11,1.98908796184207e-10,FALSE
"TRIM24",-0.408168174842379,1.15288592106614e-11,2.00979793323541e-10,FALSE
"ATG2A",0.811706919176693,1.17167009958803e-11,2.03982778508064e-10,FALSE
"PRKAG2",-0.484912537104713,1.18911749536685e-11,2.06745368517169e-10,FALSE
"E2F4",0.505605444409091,1.19089838427158e-11,2.06780393194742e-10,FALSE
"SUGT1",-0.381694969816444,1.23305729161278e-11,2.13817033931052e-10,FALSE
"POLR2M",-0.691985113747809,1.2458437126262e-11,2.15748490551616e-10,FALSE
"EEF2KMT",0.664599386426609,1.25122419438479e-11,2.16394017871674e-10,FALSE
"FOXP1",-0.591231387343454,1.26924553172666e-11,2.19221141178964e-10,FALSE
"NUCB1",0.672373163521934,1.27370071870205e-11,2.19700788000622e-10,FALSE
"STMP1",-0.516662302735475,1.27843136604686e-11,2.20226624266914e-10,FALSE
"ABCF2",0.449939199302592,1.29080391834892e-11,2.22065767398476e-10,FALSE
"KPNA2",0.799488634921095,1.31075056674674e-11,2.25201396585936e-10,FALSE
"RAB43",2.07225890599229,1.31426707454356e-11,2.25509626997696e-10,TRUE
"ORC2",-0.546414149719439,1.31889124817451e-11,2.26006861532731e-10,FALSE
"PSMD3",0.385345649095588,1.32782567418409e-11,2.2724044086821e-10,FALSE
"AJUBA",0.75639598388955,1.33151072112531e-11,2.27573607845594e-10,FALSE
"NDUFS7",1.13511461701242,1.33677278013723e-11,2.28175087842981e-10,TRUE
"BCAM",0.971565507650292,1.3524533206971e-11,2.30551027012584e-10,FALSE
"POR",0.638783572383281,1.36660789279605e-11,2.32660995220883e-10,FALSE
"IMMP2L",-0.417901569518585,1.37914082985026e-11,2.34489762914281e-10,FALSE
"KRCC1",-0.487320834608496,1.41383629512052e-11,2.40077104743423e-10,FALSE
"MGRN1",0.813814375988046,1.42100654156885e-11,2.40982093811132e-10,FALSE
"RSBN1L",-0.457705866574223,1.42557454674892e-11,2.41444009909921e-10,FALSE
"GTF2H5",-0.445488514189506,1.42936041910692e-11,2.4163089036251e-10,FALSE
"MCOLN1",0.590387534558374,1.43036923335583e-11,2.4163089036251e-10,FALSE
"CERS4",0.602537485087793,1.43315969871159e-11,2.41790293499125e-10,FALSE
"BRF2",0.44027678662572,1.45429009049836e-11,2.45039457719491e-10,FALSE
"SDC2",-0.558899690031606,1.47061386290879e-11,2.47471422791798e-10,FALSE
"FNDC5",0.991459574484332,1.47630931425576e-11,2.48110931222547e-10,FALSE
"EEF2",0.633555718509331,1.5006289650206e-11,2.51874800128842e-10,FALSE
"LAMA5",1.23764777951579,1.50481175935017e-11,2.52253464192221e-10,TRUE
"ANAPC2",0.769858990815571,1.52028658745376e-11,2.54521636866299e-10,FALSE
"MCRS1",0.495005436336582,1.56851381856282e-11,2.62260318168894e-10,FALSE
"SEC61A1",0.517887432594129,1.6364254723814e-11,2.73266355668587e-10,FALSE
"MIB2",1.21468279167217,1.70126019219218e-11,2.83370209111706e-10,TRUE
"ZBTB25",-0.545125945057728,1.70023089801045e-11,2.83370209111706e-10,FALSE
"VWA1",1.17746506527335,1.71637286292029e-11,2.85524187056575e-10,TRUE
"RPS15A",-0.680587300690683,1.7206970561485e-11,2.85880277399697e-10,FALSE
"SNX8",0.674346144311485,1.73658985732362e-11,2.88155062257045e-10,FALSE
"FBXL6",0.878582004877564,1.77461224265078e-11,2.94091436465621e-10,FALSE
"DDX23",0.300879396710582,1.80543702334472e-11,2.98821510867625e-10,FALSE
"G6PD",0.773554606978834,1.81379651594322e-11,2.99494936049055e-10,FALSE
"PSMG2",-0.403263771738641,1.81545763241872e-11,2.99494936049055e-10,FALSE
"UBA7",0.509592336732863,1.81636861612397e-11,2.99494936049055e-10,FALSE
"CNGA1",-0.730662238381993,1.84276440946464e-11,3.03465052185045e-10,FALSE
"WDR18",0.927995899606593,1.86493523824803e-11,3.06730303255568e-10,FALSE
"NPM2",1.62212769682537,1.86779113287629e-11,3.06814573546002e-10,TRUE
"GPNMB",1.03200767529038,1.91653357162475e-11,3.14426785961294e-10,TRUE
"PGLYRP2",0.819287221793155,1.92812613102948e-11,3.15932757289586e-10,FALSE
"TDRD3",-0.336519927475124,1.95086978694516e-11,3.19259840633575e-10,FALSE
"LDLRAP1",0.566022574749605,1.9596107402316e-11,3.1997607602282e-10,FALSE
"MRPL40",-0.412194550935318,1.96013453231211e-11,3.1997607602282e-10,FALSE
"NDUFA5",-0.663537192921222,1.97301580809922e-11,3.2167774545e-10,FALSE
"RABGGTA",0.530773048737008,1.99502020853426e-11,3.24860753359833e-10,FALSE
"ACTN1",0.482929540878868,2.00507512347765e-11,3.2609246604434e-10,FALSE
"GNG5",-0.487380846958583,2.02308908111477e-11,3.28613923696706e-10,FALSE
"BAIAP2",0.63252931276235,2.03165164309183e-11,3.29595827897871e-10,FALSE
"UNC93B1",0.823807736328321,2.05813000791839e-11,3.33478193857272e-10,FALSE
"SLC43A2",0.771536919446397,2.06769122153381e-11,3.34613269126337e-10,FALSE
"NFIB",-0.437463001826854,2.07791647213526e-11,3.35438747881564e-10,FALSE
"NOP2",0.580373918364558,2.07567818135632e-11,3.35438747881564e-10,FALSE
"GIPC1",0.788479581555953,2.08470167357148e-11,3.36119634364504e-10,FALSE
"ATP6V0A1",0.532250164716361,2.1196486423361e-11,3.41333825651466e-10,FALSE
"ABCC3",0.574759706789155,2.17030164398409e-11,3.49061291437834e-10,FALSE
"SDCBP2",1.0936390541919,2.20910740342102e-11,3.54866676387582e-10,TRUE
"NKRF",-0.515241664981503,2.21793000643137e-11,3.55847299561268e-10,FALSE
"LIG4",-0.657315524554927,2.22323182227939e-11,3.56261334360854e-10,FALSE
"PAN3",-0.705719319708102,2.22727509169592e-11,3.56383515259759e-10,FALSE
"PPP3CB",-0.458996713315329,2.22943858079547e-11,3.56383515259759e-10,FALSE
"IMPDH1",0.831701202971246,2.24949657632749e-11,3.59151331430238e-10,FALSE
"KLC4",0.465393599173772,2.27436782985137e-11,3.62679946752914e-10,FALSE
"TRAP1",0.449161477772894,2.33758542413497e-11,3.7230740112865e-10,FALSE
"DVL1",0.984639554149555,2.41173006428772e-11,3.83649696253401e-10,FALSE
"DGKZ",0.841583206915929,2.43398401783612e-11,3.86251136503157e-10,FALSE
"PSMA2",-0.610381422323656,2.43212825281862e-11,3.86251136503157e-10,FALSE
"ESS2",0.679892268846237,2.487952103454e-11,3.94337396348907e-10,FALSE
"TMEM175",0.808138627376871,2.66550164888769e-11,4.21967927294288e-10,FALSE
"STK11",0.652753424652267,2.68206100678371e-11,4.24076602666816e-10,FALSE
"CD320",0.813442161275051,2.76421247420953e-11,4.36538838508458e-10,FALSE
"MRGPRF",1.24678935861543,2.77450919392242e-11,4.37637040564244e-10,TRUE
"ITM2C",0.656844342478473,2.8188535770131e-11,4.44096642963364e-10,FALSE
"DNAJC11",0.540894479355828,2.83223457781968e-11,4.45668450634799e-10,FALSE
"FAM174A",-0.621380845625188,2.86259581187996e-11,4.49365759821731e-10,FALSE
"NAAA",-0.542937109296807,2.85963397611613e-11,4.49365759821731e-10,FALSE
"PCMTD1",-0.596760785436561,2.90107014110568e-11,4.54860003441385e-10,FALSE
"IFTAP",-0.452157470561027,3.06654287288506e-11,4.80229417366162e-10,FALSE
"ITM2B",-0.724206833770885,3.10347907446133e-11,4.85273751504235e-10,FALSE
"TAPBPL",0.631545422333215,3.10616715368583e-11,4.85273751504235e-10,FALSE
"PUF60",0.65898431872649,3.14285873075125e-11,4.90420816483854e-10,FALSE
"NRBP1",0.327024498592558,3.21258751534731e-11,5.0070471132056e-10,FALSE
"BCL9L",1.06453906988979,3.39562221807964e-11,5.28602688217583e-10,TRUE
"KCNT2",-0.741312316152759,3.4071635658848e-11,5.29769422857053e-10,FALSE
"GLCCI1",-0.70451699708951,3.42805141729653e-11,5.32384924736017e-10,FALSE
"RAVER1",1.44453828414877,3.45145511012615e-11,5.35384482248478e-10,TRUE
"HGFAC",1.23786457340559,3.58814058295793e-11,5.55751793128764e-10,TRUE
"PRDM11",0.583937595751172,3.59124669253692e-11,5.55751793128764e-10,FALSE
"MCHR1",0.916053050141065,3.65253471775678e-11,5.64568884591167e-10,FALSE
"FXN",-0.425314337346745,3.66824318079262e-11,5.66328298619539e-10,FALSE
"KLHL25",0.857117860020632,3.70667936703353e-11,5.71588295326301e-10,FALSE
"EMG1",-0.508973505335567,3.73068051050455e-11,5.74592396133401e-10,FALSE
"GRK6",0.631554385670043,3.73493835250171e-11,5.74592396133401e-10,FALSE
"TMEM182",-0.861871781317031,3.77648591516401e-11,5.80302272316048e-10,FALSE
"IL1RAP",-0.95766308265744,3.87357357237073e-11,5.94523156031391e-10,FALSE
"FERMT3",0.846384773731433,3.89464003671136e-11,5.97056526471021e-10,FALSE
"TGFBI",0.609298488829635,3.92311708802775e-11,6.00718700777302e-10,FALSE
"TGFB1",0.880145290844194,3.96230155514816e-11,6.06009952803735e-10,FALSE
"RPS20",-0.561949028646046,3.98288276320229e-11,6.08446921071697e-10,FALSE
"GSDMD",0.800948398098988,3.9909443737463e-11,6.0896787577024e-10,FALSE
"KGD4",-0.538486532311221,4.02636550142166e-11,6.13657475490248e-10,FALSE
"ZNF684",-0.653689443766165,4.0724292803349e-11,6.19956327187727e-10,FALSE
"SGTA",0.614441107647872,4.10852077400694e-11,6.24724204103355e-10,FALSE
"ACLY",0.739476166430279,4.19948041522653e-11,6.37814357263871e-10,FALSE
"MASTL",-0.441225730672102,4.22341111294953e-11,6.40705658061822e-10,FALSE
"SLC27A4",0.712553258759007,4.22905014515644e-11,6.40818570606343e-10,FALSE
"SLC1A7",1.52973918427951,4.27026437825155e-11,6.46315621272478e-10,TRUE
"GABARAPL2",-0.34980356383868,4.3213290749918e-11,6.53289148380978e-10,FALSE
"EIF1AX",-0.638806964840953,4.60437801988661e-11,6.95277013106754e-10,FALSE
"SRC",0.772351250330915,4.61585771283073e-11,6.96207478990552e-10,FALSE
"DBNDD1",1.15125957153054,4.64553660357298e-11,6.99877620414009e-10,TRUE
"NCKAP5L",0.879731663967593,4.76054067533619e-11,7.16379293350591e-10,FALSE
"LSM8",-0.446782341257858,4.77471462665799e-11,7.17687300714196e-10,FALSE
"PLCD1",0.579951456714018,4.78622941718647e-11,7.18593068002353e-10,FALSE
"PTS",-0.589336863362194,4.85106773344353e-11,7.27493456657991e-10,FALSE
"HMGA1",0.676410958135044,4.86462990928674e-11,7.28692617532975e-10,FALSE
"EXOC3",0.461309737907395,4.91275387057348e-11,7.35060270554835e-10,FALSE
"MOB3A",0.655253172768137,4.99654764181248e-11,7.46744311947591e-10,FALSE
"NDUFC2",-0.660276271754563,5.00448860514682e-11,7.47078276152591e-10,FALSE
"TIMM9",-0.436504205125894,5.07222976647254e-11,7.56328383857158e-10,FALSE
"BCKDHB",-0.550486124016667,5.13177311995083e-11,7.64336446944212e-10,FALSE
"ARMC10",-0.483151250767194,5.19530773032024e-11,7.72920100060825e-10,FALSE
"TBC1D22A",0.47143099126833,5.26280551004319e-11,7.82073209279064e-10,FALSE
"HNMT",-0.451273904356951,5.29535843109591e-11,7.86018509976277e-10,FALSE
"FTSJ3",0.429447818575716,5.31383691407632e-11,7.87425252278446e-10,FALSE
"VPS29",-0.398569997332797,5.31686467319085e-11,7.87425252278446e-10,FALSE
"PRPS2",-0.498819071996377,5.35913023832654e-11,7.92787944408712e-10,FALSE
"MAEA",0.524614402898899,5.37045185325646e-11,7.93566091002636e-10,FALSE
"MAD1L1",0.759379300083849,5.40185754381603e-11,7.97306865429983e-10,FALSE
"SLC25A22",0.939147429659123,5.46589079393204e-11,8.05849575159441e-10,FALSE
"IFT20",-0.363826651818804,5.49828295712948e-11,8.0971339116692e-10,FALSE
"CHCHD7",-0.410180280390305,5.57192499255053e-11,8.18832813770548e-10,FALSE
"NT5C3A",-0.681712582656835,5.57271644568865e-11,8.18832813770548e-10,FALSE
"TYMS",1.11930823557297,5.57970487763516e-11,8.18940541008963e-10,TRUE
"ACAD9",0.287203427248258,5.59951175356211e-11,8.20927299861535e-10,FALSE
"PKM",0.709295300494674,5.63681695807112e-11,8.25472120973905e-10,FALSE
"TRPV2",0.735948282214276,5.70077087557855e-11,8.33904941933793e-10,FALSE
"POLD4",0.715596179690104,5.71322252554478e-11,8.34200448014087e-10,FALSE
"WFS1",0.723689362063253,5.72190652548618e-11,8.34200448014087e-10,FALSE
"ZC3H7B",0.574562444870571,5.71636611547829e-11,8.34200448014087e-10,FALSE
"FBXL18",1.30587453038866,5.73060135006903e-11,8.34538741658551e-10,TRUE
"ZFAND1",-0.482744020062456,5.78635976203233e-11,8.41722466716969e-10,FALSE
"LMF2",0.898624995182937,5.7955562502987e-11,8.4212455525983e-10,FALSE
"ZBTB14",-0.390240643128347,5.89956208613967e-11,8.56286771970516e-10,FALSE
"PYURF",-0.545779938317714,5.93177212368183e-11,8.60008423513206e-10,FALSE
"PTDSS2",0.65238613511653,5.97035742781252e-11,8.64645126603114e-10,FALSE
"GRAMD2B",-0.518708961302949,5.98996563841503e-11,8.65569869074278e-10,FALSE
"ZNF768",0.655057205192669,5.98967744570733e-11,8.65569869074278e-10,FALSE
"TMPRSS9",1.36488379027442,6.04067834801917e-11,8.71935622185965e-10,TRUE
"SLX9",0.905161806713583,6.24852279813834e-11,9.00943397282237e-10,FALSE
"RPS4X",-0.578880079744317,6.37562818612934e-11,9.18258792220081e-10,FALSE
"ITGB2",0.87417107561159,6.4314512689182e-11,9.25280879260187e-10,FALSE
"BCL2L1",0.51841059589458,6.46486108007383e-11,9.26017081622829e-10,FALSE
"C9orf72",-0.822398496826822,6.46254649431826e-11,9.26017081622829e-10,FALSE
"HMGB1",-0.484562608963502,6.46125234755416e-11,9.26017081622829e-10,FALSE
"MPHOSPH10",-0.345185545656571,6.4616085456476e-11,9.26017081622829e-10,FALSE
"MAP3K21",-0.49758932104069,6.5483875336118e-11,9.36956170383013e-10,FALSE
"TICAM1",0.865286778292972,6.6235793930651e-11,9.46680146441139e-10,FALSE
"BCHE",-0.844393828642973,6.71994534048085e-11,9.59405936723831e-10,FALSE
"TUBA1C",0.596912862133012,6.80722270966994e-11,9.70807840032667e-10,FALSE
"E2F1",1.3710720804557,6.81697739992711e-11,9.71141111206156e-10,TRUE
"SIRT5",-0.427378741787448,6.83939817190203e-11,9.7327609637545e-10,FALSE
"YIF1A",0.611331778180991,6.8956270445539e-11,9.80212261317043e-10,FALSE
"TRIM32",0.487438836997706,7.05333584496514e-11,1.00154308982954e-09,FALSE
"HMGN3",-0.528463230616816,7.10976293484748e-11,1.00846171552571e-09,FALSE
"GAREM1",-0.670583886344464,7.14557765277345e-11,1.0124448336592e-09,FALSE
"RHOBTB3",-0.708633213398778,7.15710256232496e-11,1.01298147833469e-09,FALSE
"TTC6",-0.848106407545225,7.20952285065621e-11,1.01929884622885e-09,FALSE
"SEC24C",0.402240398137104,7.35579229299836e-11,1.03885687917945e-09,FALSE
"TMBIM1",0.499477916177439,7.51265575811338e-11,1.05986734035798e-09,FALSE
"EIF3M",-0.405587775768146,7.55912560425116e-11,1.065275268147e-09,FALSE
"ALG3",0.475041966387728,7.62546034945689e-11,1.07346803113e-09,FALSE
"TBPL1",-0.512549590781442,7.69974943516462e-11,1.08276175730586e-09,FALSE
"SLC12A7",0.727885601748995,7.76734589157823e-11,1.09109541215174e-09,FALSE
"NSA2",-0.515462548664361,7.83512415714647e-11,1.09943671452692e-09,FALSE
"DCAF6",-0.319096843464433,8.03744887712005e-11,1.12613164791198e-09,FALSE
"SDHAF4",-0.440913209264262,8.04256867398186e-11,1.12613164791198e-09,FALSE
"TCIRG1",1.09610250151632,8.14342489146652e-11,1.13903545597307e-09,TRUE
"TSLP",-0.71357861731204,8.35410490292243e-11,1.16725657832509e-09,FALSE
"FOXP3",1.57179211469819,8.3868883969747e-11,1.17058787732615e-09,TRUE
"HERC5",-0.734539011110743,8.61583291294794e-11,1.2012618157222e-09,FALSE
"FMR1",-0.615152299822588,8.68593241306064e-11,1.20974709735947e-09,FALSE
"SYAP1",-0.352435318329704,8.89718214279114e-11,1.23785237633817e-09,FALSE
"RPS6KA4",0.669086110934311,8.95529369322492e-11,1.24461470309661e-09,FALSE
"PPP6R3",-0.355041747209762,9.05271879119042e-11,1.25682072549592e-09,FALSE
"TMEM126B",-0.524967269779856,9.0889408233309e-11,1.26051285232043e-09,FALSE
"SIGLEC9",0.794599379282687,9.10469300656536e-11,1.26136127875083e-09,FALSE
"SCN9A",-0.843416847516632,9.47170593089693e-11,1.31082002164168e-09,FALSE
"C8G",1.00306716755567,9.79860296259761e-11,1.35462840534665e-09,TRUE
"ZNF707",0.792272420789123,1.0061603754666e-10,1.38952021472666e-09,FALSE
"LRRC8E",0.759613190090579,1.00891126788539e-10,1.39185103468445e-09,FALSE
"STMN2",2.621112134936,1.01181936619607e-10,1.39439359391989e-09,TRUE
"GON7",-0.511148047107482,1.01634015756164e-10,1.39915092984195e-09,FALSE
"GMCL1",-0.588801420680925,1.02171617066192e-10,1.40507438091448e-09,FALSE
"CBR4",-0.447067317980454,1.02415386628875e-10,1.40694883708838e-09,FALSE
"ERN1",-0.63545469298477,1.02770355107566e-10,1.41034537638182e-09,FALSE
"KHNYN",0.368440078298216,1.03986458054019e-10,1.42554000925992e-09,FALSE
"NCAPH2",0.598820207739204,1.04289555943856e-10,1.42819965106377e-09,FALSE
"MFSD10",1.0902459830764,1.05138765836114e-10,1.43832468372665e-09,TRUE
"PGP",0.689430734419277,1.06794607919543e-10,1.45945199048294e-09,FALSE
"TMEM129",0.593667848571485,1.07008849196701e-10,1.46085490477915e-09,FALSE
"CMC2",-0.578099971881779,1.07314539915945e-10,1.4635020381037e-09,FALSE
"ADA2",0.69242486583523,1.0790988510843e-10,1.47008971471339e-09,FALSE
"EDA2R",1.90863585761138,1.09163930376328e-10,1.48562804208616e-09,TRUE
"LUZP1",0.595404929338696,1.12710686301846e-10,1.53230353589176e-09,FALSE
"MAGED2",0.41021760439963,1.151092010146e-10,1.56328802871695e-09,FALSE
"FARSA",0.674302424155768,1.17084847359714e-10,1.58737841913073e-09,FALSE
"WASL",-0.467493192367135,1.17125538716795e-10,1.58737841913073e-09,FALSE
"MAGI3",-0.414793864170678,1.17479602270743e-10,1.59053045804402e-09,FALSE
"RPTOR",0.608704408237854,1.17720884849673e-10,1.59215064509495e-09,FALSE
"UNC119",0.703899020880168,1.18392301744221e-10,1.59957896226557e-09,FALSE
"PI4K2A",0.482040579943648,1.18645341463158e-10,1.60134516539759e-09,FALSE
"SMIM15",-0.599851452463265,1.20869546731477e-10,1.62968496993666e-09,FALSE
"GTF3C1",0.474154761965316,1.22150680583891e-10,1.64526410514846e-09,FALSE
"TMEM259",0.81673357806395,1.23676607147127e-10,1.66410497509782e-09,FALSE
"GLI4",1.15300768385571,1.23822188138308e-10,1.6643532721835e-09,TRUE
"MEMO1",-0.807625950653081,1.24005646106248e-10,1.66510966033128e-09,FALSE
"PCSK6",0.467380807683665,1.26563265923287e-10,1.69771134986442e-09,FALSE
"HDAC11",0.920936582479978,1.26847503676468e-10,1.69967909316082e-09,FALSE
"TLK1",-0.513439969537684,1.26969611450602e-10,1.69967909316082e-09,FALSE
"MARCHF2",0.51098561317399,1.27919284267897e-10,1.71064276775824e-09,FALSE
"CLDND1",-0.489155605562641,1.2871597527911e-10,1.71954035546337e-09,FALSE
"RAI1",0.828016192089877,1.29032181606291e-10,1.72200746339405e-09,FALSE
"SMARCE1",-0.56095307475828,1.31471599494827e-10,1.75277615130985e-09,FALSE
"TOM1",0.599155835992885,1.31708971793292e-10,1.75357921608599e-09,FALSE
"TXLNG",-0.404549924670624,1.31799721099038e-10,1.75357921608599e-09,FALSE
"DPH2",0.591586034088451,1.32423813691621e-10,1.76009397852863e-09,FALSE
"NUDT4",-0.646029521259585,1.32560145684819e-10,1.76011909463047e-09,FALSE
"RNF213",0.461502962088321,1.34689570238002e-10,1.78658141191076e-09,FALSE
"CLIP2",0.803038875522742,1.3522841555498e-10,1.79191337696944e-09,FALSE
"MAPK7",0.788886627143131,1.36769899860154e-10,1.81050710714777e-09,FALSE
"STK10",0.581321552390269,1.38115745559695e-10,1.82647610188639e-09,FALSE
"MED16",1.09669418851743,1.38703546717797e-10,1.83239841940404e-09,TRUE
"STRN3",-0.520491325564545,1.3930914318947e-10,1.83854365185135e-09,FALSE
"GRAMD1C",-0.644460750483482,1.41679590016254e-10,1.86794480613575e-09,FALSE
"CRTC1",0.869656868617231,1.41981146838387e-10,1.87003739880097e-09,FALSE
"EFNA2",1.38383305890375,1.42977142910543e-10,1.88126307033652e-09,TRUE
"LYNX1",0.93617555351296,1.43292016494464e-10,1.88351313247542e-09,FALSE
"SPP1",1.6133421365691,1.45112022335307e-10,1.90552316591158e-09,TRUE
"LRRC45",0.94933038398748,1.45579353780552e-10,1.90974438847193e-09,FALSE
"EARS2",0.431692092955633,1.48621014438829e-10,1.9476940150482e-09,FALSE
"RPAP1",0.483032412559523,1.50335844655524e-10,1.96819687823012e-09,FALSE
"DNAJC25",-0.499021813304621,1.53184078501553e-10,2.00348247326906e-09,FALSE
"SMARCA4",0.556847878154442,1.552295255693e-10,2.0282085316899e-09,FALSE
"COL3A1",0.809790889265889,1.57113011151483e-10,2.05077122831028e-09,FALSE
"ZNF121",-0.479819098391764,1.6018325435709e-10,2.08876410960461e-09,FALSE
"EXPH5",-0.750917637737848,1.6117100687669e-10,2.0995530567459e-09,FALSE
"SLC25A37",-0.597675802503374,1.61724661489899e-10,2.10467124078107e-09,FALSE
"CCNI",-0.431283167741365,1.61969727965946e-10,2.10576730737852e-09,FALSE
"NOMO2",1.16080051082988,1.65154594502912e-10,2.14504360241283e-09,TRUE
"SLC39A3",0.67619103826076,1.71543197536504e-10,2.2258112409791e-09,FALSE
"CES2",0.37938432144242,1.73106294120412e-10,2.24182178187967e-09,FALSE
"IGFBP1",-2.64720734966564,1.73290837401636e-10,2.24182178187967e-09,TRUE
"KLC2",0.925639370121521,1.73232985057078e-10,2.24182178187967e-09,FALSE
"IMMP1L",-0.646753008672943,1.73761268278567e-10,2.24568857285587e-09,FALSE
"HS3ST3B1",-0.554896294706721,1.76306384883154e-10,2.27633450778131e-09,FALSE
"ATP5PF",-0.457879842301574,1.76872512564925e-10,2.28139402413793e-09,FALSE
"COL5A1",0.882212343620839,1.78510022947543e-10,2.29843667813971e-09,FALSE
"LOXL4",1.38137985761399,1.78544920689588e-10,2.29843667813971e-09,TRUE
"NHSL3",0.689044663435138,1.8068082490664e-10,2.32364770105868e-09,FALSE
"PNKP",0.703746412955891,1.8164345912949e-10,2.33373519815828e-09,FALSE
"KLHL8",-0.504292395566488,1.82219782953611e-10,2.3388445082634e-09,FALSE
"SYNGR2",0.580518428257869,1.83000251035443e-10,2.34656149515771e-09,FALSE
"TATDN1",-0.42735398913046,1.8775698878451e-10,2.40520009507515e-09,FALSE
"ESPN",0.966257825924003,1.92501588951426e-10,2.46303857250534e-09,FALSE
"PELI1",-0.628556249899694,1.92648296535706e-10,2.46303857250534e-09,FALSE
"TDRP",-0.674309732632392,1.95012666083039e-10,2.49083495059429e-09,FALSE
"MYO18A",0.644557583290436,1.99854501079711e-10,2.550190183368e-09,FALSE
"SNAPC1",-0.510711953602406,2.04681580001119e-10,2.60924171896265e-09,FALSE
"NT5DC2",0.739227784533106,2.05916286962068e-10,2.62242804368423e-09,FALSE
"MALT1",-0.474565341076516,2.06252582497506e-10,2.62415822163008e-09,FALSE
"ATG12",-0.450297766335137,2.06818342442746e-10,2.62880168860235e-09,FALSE
"PSKH1",0.651792375835083,2.07671798581822e-10,2.63708941516315e-09,FALSE
"GREM2",-0.591375487715325,2.09224976862477e-10,2.65423778787165e-09,FALSE
"SMARCB1",0.463434355696482,2.09973920673408e-10,2.66116028020934e-09,FALSE
"FAT1",1.03194957097428,2.11670795352685e-10,2.68007161775373e-09,TRUE
"CHST15",0.670711099641854,2.2147445706858e-10,2.79878725090912e-09,FALSE
"SPCS2",-0.406644832651864,2.21269191254145e-10,2.79878725090912e-09,FALSE
"KLHDC2",-0.357822742490999,2.21860247752047e-10,2.80095888483104e-09,FALSE
"TSPO",1.08155050616807,2.22157170097252e-10,2.80200546330753e-09,TRUE
"GPS1",0.747220023697595,2.22708467720279e-10,2.80625530259277e-09,FALSE
"CYB5R3",0.573830208553829,2.24106804077226e-10,2.82115988363369e-09,FALSE
"ZNF451",-0.477573009417663,2.28367775771138e-10,2.87203738750791e-09,FALSE
"UROC1",0.70343273977331,2.3003748507406e-10,2.8902598412568e-09,FALSE
"RUVBL1",0.343083591357649,2.34299617776386e-10,2.94098810731394e-09,FALSE
"SMOX",1.16142453118278,2.36521284594346e-10,2.9660312815222e-09,TRUE
"ITPKC",0.552779185936317,2.38578125683152e-10,2.98896155162089e-09,FALSE
"NPHP3",-0.869962130489429,2.40563698256214e-10,3.01095596326037e-09,FALSE
"ZNF777",0.683836670205779,2.41042268605967e-10,3.01406435586373e-09,FALSE
"EPHB2",1.23853209316343,2.43434571288301e-10,3.03914072530678e-09,TRUE
"FOXJ3",-0.351496396167498,2.4351196309554e-10,3.03914072530678e-09,FALSE
"PACS2",0.729297389852752,2.4444700311027e-10,3.04790491878063e-09,FALSE
"ZDHHC8",1.01695738954938,2.51234820078118e-10,3.12955876732894e-09,TRUE
"SCAI",-0.654263076258904,2.55317254251206e-10,3.1773892515749e-09,FALSE
"PECR",-0.383935690020357,2.56033079585222e-10,3.18327167894561e-09,FALSE
"C4BPB",-0.449455241534609,2.56669761821643e-10,3.18815988782633e-09,FALSE
"SLC67A1",1.00020768737119,2.57723441299075e-10,3.19821354832937e-09,TRUE
"CBLN4",-1.20467601180785,2.58662146052372e-10,3.20682274253565e-09,TRUE
"RHBDF2",0.665616430676535,2.60087485798338e-10,3.2214431069743e-09,FALSE
"MAP4K2",0.642127449168625,2.64680724848695e-10,3.27214357858274e-09,FALSE
"UBA1",0.404973967399238,2.64537384819915e-10,3.27214357858274e-09,FALSE
"ZMAT3",0.84191020763461,2.71985774262582e-10,3.35928090249597e-09,FALSE
"PRMT1",0.41827963177286,2.74520818940636e-10,3.38739543974628e-09,FALSE
"PRAP1",0.864595404016618,2.78021884642574e-10,3.42736583214744e-09,FALSE
"JTB",-0.506067967227745,2.83042961640681e-10,3.48598161222935e-09,FALSE
"FIBP",0.42431994712747,2.85752187556206e-10,3.51604101455436e-09,FALSE
"COX16",-0.651052349910211,2.86589254425635e-10,3.52302959524922e-09,FALSE
"ITSN1",-0.353930172633134,2.91584376625866e-10,3.57436578538e-09,FALSE
"M6PR",0.585923586768298,2.91145941730424e-10,3.57436578538e-09,FALSE
"PEMT",0.791251178356442,2.91452014662302e-10,3.57436578538e-09,FALSE
"SYNE3",0.571053169293903,2.93404229241391e-10,3.59330979347829e-09,FALSE
"EIF3G",0.529118231218059,2.96127313838445e-10,3.6215398785207e-09,FALSE
"GGT5",0.774755659735802,2.96262542766244e-10,3.6215398785207e-09,FALSE
"EPC1",-0.395201882306055,2.96788873270042e-10,3.62458948586883e-09,FALSE
"CUL7",0.467269277051628,2.99251941084363e-10,3.65126413110576e-09,FALSE
"RASSF7",1.12873624788685,3.00557111422529e-10,3.66377439734055e-09,TRUE
"STOML1",0.638016630305697,3.02739833187915e-10,3.68694874055459e-09,FALSE
"NUDT16L1",0.606838450543777,3.03871432992726e-10,3.69729070700815e-09,FALSE
"LECT2",-0.491531355117681,3.04215496143419e-10,3.6980401815317e-09,FALSE
"PRMT2",0.336264438954509,3.07372590361261e-10,3.73295171893287e-09,FALSE
"ADAMTS10",0.935054111998854,3.08540423169548e-10,3.74366192783663e-09,FALSE
"FAM53C",0.303458559871938,3.09318203880823e-10,3.74962400482198e-09,FALSE
"PPP1CA",0.398935150978586,3.10170925651171e-10,3.75648266292797e-09,FALSE
"RAB12",-0.407365738914592,3.11247210160162e-10,3.76603371110613e-09,FALSE
"DDRGK1",0.539444231099239,3.1251778222568e-10,3.77791579399686e-09,FALSE
"PPP1R3G",-1.60432974428534,3.14286990554464e-10,3.79579822909506e-09,TRUE
"CARNMT1",-0.574042610017047,3.14990306164979e-10,3.80078625650866e-09,FALSE
"SCRIB",0.908274725563131,3.15618759496212e-10,3.8048626144792e-09,FALSE
"BRAT1",0.832515436433811,3.17819160558618e-10,3.82786425946038e-09,FALSE
"UBQLN2",-0.372723578467811,3.22759787940904e-10,3.88379700709772e-09,FALSE
"SEPTIN8",0.412690899946699,3.30914448611429e-10,3.97826626374731e-09,FALSE
"TOLLIP",0.544315740366117,3.33142152940689e-10,4.00137345532064e-09,FALSE
"NCDN",0.690965509845987,3.33705364218869e-10,4.00446437062643e-09,FALSE
"TRIQK",-0.573624304769959,3.34853360086232e-10,4.01456061378108e-09,FALSE
"MICALL2",1.10742339912583,3.48490252376241e-10,4.17423090952402e-09,TRUE
"DOCK6",0.793482756500963,3.53142378779692e-10,4.22242500866171e-09,FALSE
"RHOT2",0.828092313858099,3.5315882863463e-10,4.22242500866171e-09,FALSE
"ACVR1C",-0.628785409725703,3.54251305233749e-10,4.2277648934551e-09,FALSE
"ITGB5",0.441604004528705,3.5423228787947e-10,4.2277648934551e-09,FALSE
"MAPK3",0.521706206581908,3.5487037276752e-10,4.23129592010234e-09,FALSE
"DDX19B",-0.366196576013325,3.56671570148178e-10,4.24890281745218e-09,FALSE
"TUBB2A",0.761206158143129,3.58797472543277e-10,4.27034228230599e-09,FALSE
"FYB2",-0.688169213548963,3.64781138920099e-10,4.33495471789757e-09,FALSE
"WDR5B",-0.417770990250051,3.64888489086703e-10,4.33495471789757e-09,FALSE
"TAF12",-0.308783357935654,3.6594734384102e-10,4.343592588909e-09,FALSE
"ADGRV1",-0.683991694337598,3.68900246076784e-10,4.37467574423665e-09,FALSE
"TMEM214",0.397240386279752,3.72687132323881e-10,4.41558365283643e-09,FALSE
"SLC25A42",0.68346078612369,3.73425396459554e-10,4.42033028069482e-09,FALSE
"RNF19B",0.440968438258541,3.75797085563899e-10,4.4443861284576e-09,FALSE
"SNRPB2",-0.433166949846706,3.79119893304995e-10,4.47963686204783e-09,FALSE
"TRIT1",-0.408531552229243,3.80566933863883e-10,4.49268016063657e-09,FALSE
"LAS1L",0.284438562823559,3.89055920904396e-10,4.58575804169542e-09,FALSE
"NFKB2",0.583342454738096,3.89151938918699e-10,4.58575804169542e-09,FALSE
"UCK1",0.588686458158729,3.9068341153598e-10,4.59966476963044e-09,FALSE
"ENPP1",-0.398912921054023,3.91202336917534e-10,4.60163611403805e-09,FALSE
"SNTB1",-0.507619215122908,3.96627714355826e-10,4.66126574178319e-09,FALSE
"CRIP2",1.18312199260244,3.98774079785498e-10,4.6822872220195e-09,TRUE
"KANSL1L",-0.529294804720593,4.07466709615755e-10,4.7800664536644e-09,FALSE
"LGALS4",1.45236096646184,4.12524873454798e-10,4.83507219630279e-09,TRUE
"IDH3G",0.520719775477103,4.13280708522869e-10,4.83959842216583e-09,FALSE
"GADD45B",-0.939826467847032,4.24039562807317e-10,4.96114920131671e-09,FALSE
"MYH9",0.52246748759935,4.24735023178535e-10,4.96484903879766e-09,FALSE
"CD302",-0.649878292254987,4.28615193710778e-10,5.0057360535785e-09,FALSE
"FOXP2",-0.718474746304061,4.32738422977066e-10,5.04938630447036e-09,FALSE
"RABL6",0.7931517458182,4.3524737975961e-10,5.07413953322602e-09,FALSE
"LOC124905135",1.23690924845894,4.37338777352632e-10,5.09398511841696e-09,TRUE
"GSN",0.966682749651954,4.46366879592977e-10,5.19452016678334e-09,FALSE
"MARK2",0.499460500584736,4.48300917181203e-10,5.21239396779424e-09,FALSE
"NSMF",0.783072594166497,4.64500965650063e-10,5.39595975358529e-09,FALSE
"CALR",0.491106232231515,4.70594185667326e-10,5.46189634641545e-09,FALSE
"MMP9",1.79108642864285,4.76693627011993e-10,5.52778827709566e-09,TRUE
"JDP2",0.530450749573728,4.82585292483749e-10,5.58778170854148e-09,FALSE
"XPNPEP1",0.292061210124015,4.82720830458327e-10,5.58778170854148e-09,FALSE
"PGRMC1",-0.413562885016204,4.8435866568509e-10,5.60178767769364e-09,FALSE
"ORC4",-0.520001871895846,4.86650986979541e-10,5.62333161653676e-09,FALSE
"CHFR",0.430143172033438,4.96989650604871e-10,5.73773236835888e-09,FALSE
"SNRPG",-0.511633203404152,4.97969059549953e-10,5.74397438557532e-09,FALSE
"PIGR",0.618527642203602,4.9847115629144e-10,5.74470455824606e-09,FALSE
"CEP57L1",-0.45050686091946,5.12343639563101e-10,5.89938692098516e-09,FALSE
"FBXO6",0.61344631364719,5.13933121246849e-10,5.9124889484743e-09,FALSE
"SLC9A1",0.689223834463916,5.17366651443185e-10,5.94676400412132e-09,FALSE
"PLXNB2",0.701847208464039,5.20907450863264e-10,5.98221083044022e-09,FALSE
"MLLT1",0.828401505427619,5.25577217386604e-10,6.03054945663929e-09,FALSE
"ARL6IP1",-0.633598098191733,5.31852582991948e-10,6.09721017209333e-09,FALSE
"LMF1",0.685413737525843,5.33241081529215e-10,6.10777973699079e-09,FALSE
"GPR89B",-0.429170493556181,5.35636534931526e-10,6.12985447143666e-09,FALSE
"FOXO1",-0.86766358339391,5.3775866132703e-10,6.14876540968862e-09,FALSE
"HGH1",0.646244444859826,5.42909925264909e-10,6.20224846559179e-09,FALSE
"ACVR1B",0.402882619391462,5.43767710621793e-10,6.20663196814342e-09,FALSE
"ADHFE1",-0.463763224022681,5.47631562819119e-10,6.24528956483267e-09,FALSE
"LMO4",-0.402597771929004,5.53276496973551e-10,6.30417397595973e-09,FALSE
"SMN1",-0.606377643015219,5.56764649657563e-10,6.33840242897115e-09,FALSE
"ZCCHC9",-0.435016124232249,5.67495847459416e-10,6.45495711115437e-09,FALSE
"SLX4IP",-0.483713459268214,5.72787543714108e-10,6.50949177283429e-09,FALSE
"SNAP23",-0.447749763480487,5.74062196400729e-10,6.51831940613907e-09,FALSE
"NUDT19",-0.535892972953224,5.82158302895196e-10,6.60452036525468e-09,FALSE
"TM2D3",-0.43328564041506,5.84062867671702e-10,6.62039053121898e-09,FALSE
"TMEM14A",-0.560091226796308,5.8469484837586e-10,6.62182089527401e-09,FALSE
"NT5C2",-0.313915546014176,5.86775547281614e-10,6.63964171565332e-09,FALSE
"RPA3",-0.516799852839717,5.88540830886124e-10,6.65386576680581e-09,FALSE
"PLOD3",0.54641936926188,5.90835322683137e-10,6.66828969359279e-09,FALSE
"RBM27",-0.814131301573185,5.90485580887771e-10,6.66828969359279e-09,FALSE
"QARS1",0.283168527810804,5.94053462383581e-10,6.69883542594819e-09,FALSE
"SELENOK",-0.516345876053434,5.94614595486923e-10,6.69939267135524e-09,FALSE
"CRBN",-0.448538418826072,5.97564413390405e-10,6.72683860714289e-09,FALSE
"ZBTB8OS",-0.374930767759127,6.02676902461221e-10,6.77856186170301e-09,FALSE
"ZNF507",-0.417552448257535,6.06001678961445e-10,6.81010642142767e-09,FALSE
"CNKSR2",-1.06052696448622,6.12523295023091e-10,6.8715980963516e-09,TRUE
"PTPRD",-0.65765285975046,6.12160188134732e-10,6.8715980963516e-09,FALSE
"MCUR1",-0.370797842440591,6.15569632512929e-10,6.89986098361239e-09,FALSE
"GAPDH",0.501591844745776,6.17068969109697e-10,6.91075016559808e-09,FALSE
"SMNDC1",-0.594006328566532,6.18048169443708e-10,6.91580054218549e-09,FALSE
"ALG14",-0.515863740709381,6.19694179457186e-10,6.92238583400467e-09,FALSE
"JOSD2",1.31803135396766,6.19300688442446e-10,6.92238583400467e-09,TRUE
"TSNARE1",0.885311079946511,6.27082995846441e-10,6.99895190249072e-09,FALSE
"C1QTNF3",-0.927107624261809,6.38779719352823e-10,7.1234276710112e-09,FALSE
"C6orf47",0.421727812785112,6.44806073242303e-10,7.18451158373467e-09,FALSE
"NFYB",-0.434256012559702,6.46826574595427e-10,7.20089584575114e-09,FALSE
"HYCC2",-0.621780384826356,6.50312594034113e-10,7.23355350985098e-09,FALSE
"METRN",1.09930048397219,6.51337851367509e-10,7.23459511824535e-09,TRUE
"PIP5K1C",0.937241451586555,6.51511430217787e-10,7.23459511824535e-09,FALSE
"RAB1B",0.494094773006547,6.52358964924197e-10,7.23786743117592e-09,FALSE
"COX7B",-0.526432230594131,6.52993546263396e-10,7.2387735035397e-09,FALSE
"KCNMB3",-0.784041540384939,6.57737057402188e-10,7.28518913325672e-09,FALSE
"LPL",1.82296895523443,6.59645128928271e-10,7.3001471072941e-09,TRUE
"CFL1",0.461346401913831,6.64210098091704e-10,7.34445828058834e-09,FALSE
"UQCC1",0.31965926631153,6.65633104102864e-10,7.3539819400124e-09,FALSE
"JMJD8",0.568113994691169,6.72191198133666e-10,7.42017467619389e-09,FALSE
"RPL34",-0.609520156204036,6.79302246235468e-10,7.49235468215227e-09,FALSE
"AP1AR",-0.71978508250103,6.80477498351178e-10,7.49868706260554e-09,FALSE
"MVD",1.5791138241726,6.81021915478001e-10,7.49868706260554e-09,TRUE
"CCDC134",0.861012703620518,6.84898913083751e-10,7.53503913453149e-09,FALSE
"MORN2",-0.541098236301752,6.8838861055042e-10,7.56707278700764e-09,FALSE
"MAP3K13",-0.297406137049442,6.9291074827306e-10,7.61039221173733e-09,FALSE
"C17orf58",-0.447018657137536,6.96333661972292e-10,7.64157611277556e-09,FALSE
"TMEM126A",-0.42200826390872,7.03476422320485e-10,7.71349524373517e-09,FALSE
"MAN1A1",-0.668352452162833,7.22767536909725e-10,7.91838710729885e-09,FALSE
"RTL10",0.42900054032819,7.32368212352326e-10,8.01686006364269e-09,FALSE
"B3GNT8",1.47488580922533,7.44285388890365e-10,8.14050485493121e-09,TRUE
"SBNO2",0.828742053008928,7.52337951612368e-10,8.21485276272654e-09,FALSE
"STIP1",0.484941512477239,7.52087634634427e-10,8.21485276272654e-09,FALSE
"DCDC2",1.22463230009665,7.58848186546553e-10,8.2790337152229e-09,TRUE
"LRSAM1",0.773566936726832,7.7162687194507e-10,8.41143963988747e-09,FALSE
"CIR1",-0.350802914132803,7.77040544483305e-10,8.44545307206377e-09,FALSE
"GTF2A2",-0.518105429180177,7.77327448200187e-10,8.44545307206377e-09,FALSE
"RNF126",0.909623253756306,7.76227599704054e-10,8.44545307206377e-09,FALSE
"ZNF526",0.565787999934342,7.75657015858584e-10,8.44545307206377e-09,FALSE
"PGAM1",0.486849417365795,7.89135332888528e-10,8.56663331523765e-09,FALSE
"SSH1",0.318545726021382,7.91213707586618e-10,8.58207941982104e-09,FALSE
"ZNF383",-0.433190738215869,8.00254575817058e-10,8.67295770413653e-09,FALSE
"TTC32",-0.713546496453975,8.02732597348959e-10,8.69261800206168e-09,FALSE
"PRDX6",-0.393918927926406,8.08278624372618e-10,8.7454411159391e-09,FALSE
"MDH2",0.44165693874381,8.09894754343935e-10,8.75569126661502e-09,FALSE
"FAM174C",1.1767640702592,8.14692221559794e-10,8.80028924476965e-09,TRUE
"DIRAS3",-0.850006407282083,8.27075339146548e-10,8.9266861831052e-09,FALSE
"NUDCD3",0.290649401039753,8.28151635806856e-10,8.93094004611479e-09,FALSE
"CPEB2",-0.615321870743931,8.39998067689426e-10,9.05123843801643e-09,FALSE
"RHBDF1",0.832131553649901,8.47194549723675e-10,9.11739887271074e-09,FALSE
"SLC41A2",-0.540312571272043,8.47530891238082e-10,9.11739887271074e-09,FALSE
"RNF26",0.401108016592769,8.53063999272696e-10,9.1693874207538e-09,FALSE
"DSTN",-0.470638484310417,8.585980842851e-10,9.2213011644467e-09,FALSE
"MRPL4",0.662224449889748,8.62211098921463e-10,9.25251451399983e-09,FALSE
"FBXO11",-0.484925396010198,8.78111371585473e-10,9.41542512432187e-09,FALSE
"NR4A1",-1.1365963857001,8.79321337553626e-10,9.42068326616373e-09,TRUE
"DAAM1",-0.487919746650188,8.84001236455229e-10,9.45534655855544e-09,FALSE
"MTSS1",-0.431821019336997,8.83872730290337e-10,9.45534655855544e-09,FALSE
"TAF6L",0.528831339508944,8.88598637146661e-10,9.49676192450945e-09,FALSE
"KAT5",0.33496843305082,8.94436017744348e-10,9.55135101493393e-09,FALSE
"RAC3",0.848253974522626,8.98831073184368e-10,9.59046162194763e-09,FALSE
"NR2C1",-0.548950727433877,9.07349079076461e-10,9.67268733225359e-09,FALSE
"UBE3A",-0.450668769294855,9.0801502683621e-10,9.67268733225359e-09,FALSE
"CNDP2",0.311588446214387,9.11703241471888e-10,9.70408035556907e-09,FALSE
"LIMK1",0.658812375998954,9.23893657937905e-10,9.81786994295702e-09,FALSE
"SLIRP",-0.489932977802989,9.23422058144461e-10,9.81786994295702e-09,FALSE
"CHIC2",-0.531991027714434,9.33019928065192e-10,9.90681013643917e-09,FALSE
"RPL9",-0.613634989427018,9.33912062443363e-10,9.90824693801338e-09,FALSE
"UBTD1",1.01678472926963,9.43464436853635e-10,1.00014869694638e-08,TRUE
"MAP2K1",-0.590721721003848,9.50463758658672e-10,1.00675335989962e-08,FALSE
"APOM",-0.573504439702961,9.5257408867693e-10,1.00817299668216e-08,FALSE
"SCD",1.35305416770577,9.57911885784224e-10,1.01300342558054e-08,TRUE
"PNPLA6",0.707150501697532,9.73109761439569e-10,1.02824479392791e-08,FALSE
"LRWD1",0.764100518046695,9.99892515212466e-10,1.05569296848077e-08,FALSE
"GPBP1",-0.33044315414318,1.0056733468113e-09,1.06008659069674e-08,FALSE
"TCP10L",-1.00863340087732,1.0050184215903e-09,1.06008659069674e-08,TRUE
"TELO2",1.07302565299541,1.00708198742818e-09,1.06071740783667e-08,TRUE
"RPS3A",-0.486246327985055,1.02367643867496e-09,1.07732893369233e-08,FALSE
"FABP4",1.55659440488514,1.02962483464985e-09,1.08271874178601e-08,TRUE
"PFAS",0.459956269972667,1.03248348481405e-09,1.08485343364249e-08,FALSE
"CCDC34",-0.606071249944988,1.03749031056334e-09,1.08924002773819e-08,FALSE
"RPL14",-0.363439786637993,1.05430325866179e-09,1.10600466846155e-08,FALSE
"CRIPT",-0.551801009773965,1.05648700533121e-09,1.10740815642884e-08,FALSE
"RSBN1",-0.586914632749798,1.06113019575148e-09,1.11138532182227e-08,FALSE
"YIPF2",0.670234514591043,1.06505332535851e-09,1.11460256879245e-08,FALSE
"SMG6",0.441730048163714,1.07980286405132e-09,1.1291357105559e-08,FALSE
"AMDHD2",0.969854404399895,1.09198303815952e-09,1.14096104833077e-08,FALSE
"FZD5",-0.308152363667854,1.10213885283929e-09,1.15065405593078e-08,FALSE
"ATP6V1G1",-0.408138633640928,1.10706573395653e-09,1.154876859678e-08,FALSE
"GNAI2",0.439252912092582,1.11557409387199e-09,1.16282611759332e-08,FALSE
"TRIM14",0.439859392413659,1.12368316968756e-09,1.17034686217578e-08,FALSE
"CDH15",2.11130885453071,1.12512372472455e-09,1.17091572369585e-08,TRUE
"PLIN3",0.581985930067679,1.13270608254671e-09,1.17787037590958e-08,FALSE
"IVNS1ABP",-0.448466188786942,1.14979743508266e-09,1.1946942873097e-08,FALSE
"FAM110B",-0.45217365687468,1.15460471462553e-09,1.19857300121445e-08,FALSE
"NDUFB1",-0.654457182297643,1.15536138674965e-09,1.19857300121445e-08,FALSE
"NLRP6",1.2756873699315,1.16377220607597e-09,1.20567117733412e-08,TRUE
"TMCO4",0.442462884570276,1.16404549965652e-09,1.20567117733412e-08,FALSE
"AP5Z1",0.84327702324968,1.16785355215354e-09,1.20865918614973e-08,FALSE
"RTL6",0.599507241206752,1.1718494372578e-09,1.21183671663343e-08,FALSE
"POLR3E",0.296076358411021,1.19168413554932e-09,1.23137558820929e-08,FALSE
"CBX8",0.69370388030575,1.19386659975628e-09,1.23265784889663e-08,FALSE
"KDSR",-0.392758768427307,1.19619863808543e-09,1.2340924010886e-08,FALSE
"IMPDH2",0.345639915598713,1.19980630406123e-09,1.23683969549367e-08,FALSE
"NR1H2",0.646413765969956,1.20137886855922e-09,1.23748640024998e-08,FALSE
"AP3D1",0.523214749415444,1.20495619728784e-09,1.23982661275025e-08,FALSE
"GBA1",0.46307432791444,1.20554481976097e-09,1.23982661275025e-08,FALSE
"SAT1",-0.436275016861263,1.21158368328252e-09,1.2450591508269e-08,FALSE
"SDSL",0.776301228974793,1.2165656214639e-09,1.24919820519257e-08,FALSE
"ATP5MJ",-0.571695672136415,1.22013822470664e-09,1.25188476785732e-08,FALSE
"NUFIP1",-0.40234308181635,1.23265146485249e-09,1.26373320108448e-08,FALSE
"DPYS",-0.331846363195343,1.24114907359167e-09,1.27144942656198e-08,FALSE
"DCAF4",0.428861992656057,1.25103797744082e-09,1.28057773265482e-08,FALSE
"NIPSNAP2",-0.449763528773035,1.28806951756682e-09,1.31745360343632e-08,FALSE
"ISOC1",-0.405316449328116,1.29298100500531e-09,1.32144475546679e-08,FALSE
"TLCD4",-0.756051211098359,1.30138486836668e-09,1.32899615418538e-08,FALSE
"SEMA4C",0.495063821701049,1.30443655539865e-09,1.33015684569026e-08,FALSE
"TGM2",0.753835264921957,1.3045534600262e-09,1.33015684569026e-08,FALSE
"TMC6",0.68693534647307,1.31896608741939e-09,1.34380576003849e-08,FALSE
"ANKRA2",-0.411826744644899,1.32934625030047e-09,1.35227669844085e-08,FALSE
"MAGI1",-0.359565104193273,1.32860036821268e-09,1.35227669844085e-08,FALSE
"ANXA2",0.833202692032634,1.33509462190082e-09,1.35670116225599e-08,FALSE
"SPAG16",-0.488576911761018,1.33576825400854e-09,1.35670116225599e-08,FALSE
"ZNF398",0.341877677566815,1.35618895158971e-09,1.37637408947384e-08,FALSE
"CEP43",-0.485460423323783,1.35941443850299e-09,1.37857891780644e-08,FALSE
"MTX2",-0.396030968946394,1.37520113277503e-09,1.39350876395438e-08,FALSE
"CDHR5",0.799522946055907,1.38260599882195e-09,1.39992867258909e-08,FALSE
"SMPD4",0.520408927932355,1.39612858159142e-09,1.4125282372639e-08,FALSE
"LYPLAL1",-0.626752106195756,1.40183764272436e-09,1.41611561871507e-08,FALSE
"SEC14L4",1.100103146328,1.40166923281558e-09,1.41611561871507e-08,TRUE
"FASTK",0.750606296221413,1.40898242829915e-09,1.42165496564058e-08,FALSE
"PCNP",-0.5403058496954,1.40949293110409e-09,1.42165496564058e-08,FALSE
"TRMT61B",-0.438629019032524,1.42977525748499e-09,1.44100213017656e-08,FALSE
"GAK",0.605428695741907,1.44943996791661e-09,1.45969754307417e-08,FALSE
"MADD",0.469034511503747,1.47383845833885e-09,1.48198871709465e-08,FALSE
"PVR",0.502720557271205,1.47350056270688e-09,1.48198871709465e-08,FALSE
"ANKAR",-0.522266179662222,1.50869940328437e-09,1.51587817250951e-08,FALSE
"LTBP2",1.08583854519361,1.54084065576662e-09,1.54698511236937e-08,TRUE
"LUC7L2",-0.638079498059601,1.55015913644494e-09,1.55477115890172e-08,FALSE
"MVK",0.853882722019635,1.55097092386621e-09,1.55477115890172e-08,FALSE
"PTBP2",-0.745128711162764,1.55391979206997e-09,1.55653541834584e-08,FALSE
"DERL3",1.35263160822266,1.56374566345344e-09,1.56518029250248e-08,TRUE
"DEPDC7",-0.610829358318411,1.5679354115797e-09,1.56817497390385e-08,FALSE
"AKIRIN2",-0.476600225349893,1.57499580404817e-09,1.57403397454952e-08,FALSE
"LSM5",-0.590650063190092,1.58825015307266e-09,1.58606948924693e-08,FALSE
"NHLRC2",-0.518682943504168,1.59604448962287e-09,1.59263829711452e-08,FALSE
"ANKRD12",-0.511594399027193,1.59871595353415e-09,1.59408905283085e-08,FALSE
"AZI2",-0.437874075654077,1.60322950569991e-09,1.59737295956037e-08,FALSE
"SAE1",0.334563095651986,1.63052421607243e-09,1.62333255032853e-08,FALSE
"SMPDL3A",-0.642018026999977,1.65055924491609e-09,1.64157829663041e-08,FALSE
"WDR46",0.401647506601061,1.6513585522932e-09,1.64157829663041e-08,FALSE
"CCL24",2.1861334497829,1.65703929185918e-09,1.64472770348904e-08,TRUE
"FAM241A",-0.821505008997883,1.65606978444371e-09,1.64472770348904e-08,FALSE
"MLST8",0.633360652682627,1.65911798951222e-09,1.64554338777985e-08,FALSE
"EIF1",-0.453844481892209,1.67868109382064e-09,1.66368606209688e-08,FALSE
"TMEM243",-0.715646865849393,1.68081652700148e-09,1.66454235790495e-08,FALSE
"TSPAN9",0.450839215609523,1.68973251935167e-09,1.67210719148541e-08,FALSE
"CCDC68",-0.73862181786095,1.69441494423656e-09,1.67547435422546e-08,FALSE
"U2AF2",0.440197859194316,1.70049624325757e-09,1.6802186276776e-08,FALSE
"RNF7",-0.355426006181482,1.70189451114343e-09,1.68033204674886e-08,FALSE
"CETN3",-0.580095773244707,1.74433346341742e-09,1.72093547121785e-08,FALSE
"BRF1",0.66262455163998,1.76061343208958e-09,1.73568908531e-08,FALSE
"PLXNA4",1.5880378149771,1.76456762169257e-09,1.73827835238518e-08,TRUE
"PTDSS1",0.421786680297696,1.7776709419484e-09,1.74986977232996e-08,FALSE
"NAA16",-0.513207535801042,1.78609451153087e-09,1.75684067204825e-08,FALSE
"RELB",0.812440931837849,1.80841143603134e-09,1.77745664568486e-08,FALSE
"CLSTN3",0.487554037832868,1.82912961276354e-09,1.79647148464368e-08,FALSE
"CHMP5",-0.418984333781112,1.83816725931886e-09,1.80399443470783e-08,FALSE
"VPS37C",0.530294151401001,1.85136790150266e-09,1.81558865666463e-08,FALSE
"NHSL1",-0.443966713325822,1.87273556566581e-09,1.83516871449826e-08,FALSE
"ASB7",-0.301645354115222,1.88114928996311e-09,1.84203489186215e-08,FALSE
"IFT46",-0.36270531776218,1.88410477839408e-09,1.84355005670668e-08,FALSE
"LY6E",0.688377011021307,1.90526083326356e-09,1.86285846371072e-08,FALSE
"TIMM22",0.344110771311793,1.90823356347122e-09,1.86437267260934e-08,FALSE
"FNTA",-0.422945101299921,1.9143029289121e-09,1.86890782589987e-08,FALSE
"VMA21",-0.484483695376361,1.93130350801592e-09,1.88410026281255e-08,FALSE
"COL4A2",0.921685748367728,1.93341905287693e-09,1.88475966048137e-08,FALSE
"PURB",-0.443256171105449,1.95177606873623e-09,1.90088605944746e-08,FALSE
"VAT1",0.386103783180141,1.95286568129914e-09,1.90088605944746e-08,FALSE
"KCTD3",-0.377033986416092,1.97407094120161e-09,1.92009931368584e-08,FALSE
"SUMO2",-0.41156427039366,1.99600840723225e-09,1.93999569914511e-08,FALSE
"RBM38",0.75418529242191,2.03382982707181e-09,1.97528932463087e-08,FALSE
"FBXW9",0.826677145783032,2.0472845607741e-09,1.98688283689063e-08,FALSE
"RTCA",-0.305138130338711,2.05175255785396e-09,1.98974403610549e-08,FALSE
"POLR2L",0.895798316948153,2.05851541910414e-09,1.9948248606152e-08,FALSE
"POLR2K",-0.400757810286228,2.07425828529864e-09,2.00859389579362e-08,FALSE
"VPS51",0.648556805326098,2.09778118087106e-09,2.02987074796481e-08,FALSE
"GPSM1",1.19846406338455,2.10845448973063e-09,2.03869174147367e-08,TRUE
"SLC16A13",0.790551010662158,2.11442107996336e-09,2.04295208700224e-08,FALSE
"FYCO1",0.427051431579263,2.13122393553486e-09,2.05766841917569e-08,FALSE
"NKIRAS1",-0.454893371581202,2.1333723099474e-09,2.05822478126982e-08,FALSE
"LAMA3",0.950058765713341,2.13839934097189e-09,2.06155553549367e-08,FALSE
"SH3BP5L",0.423321993970643,2.15609456798669e-09,2.07708536306709e-08,FALSE
"CHMP6",0.544084249004422,2.16533452459504e-09,2.08445291147046e-08,FALSE
"RPS6KA1",0.615433037033778,2.24441146927368e-09,2.15898860806253e-08,FALSE
"PLEKHH3",0.940970619323883,2.25174485298618e-09,2.16286453523808e-08,FALSE
"ZNF79",0.504830837577442,2.25114143649377e-09,2.16286453523808e-08,FALSE
"APOBR",0.822438447152618,2.26004486435548e-09,2.1692454079283e-08,FALSE
"AP3S1",-0.555855407767442,2.30461433164863e-09,2.21040372380541e-08,FALSE
"ZNF473",0.367637512752361,2.330076816951e-09,2.23318928898408e-08,FALSE
"TXNL1",-0.376460901761189,2.40429742859785e-09,2.30263803476248e-08,FALSE
"GLIPR1L2",-0.960564409763043,2.41916315981501e-09,2.3151815854019e-08,FALSE
"COG4",0.400421736105722,2.44352493839049e-09,2.33678805649439e-08,FALSE
"ARHGEF11",0.42788055812498,2.45797271109107e-09,2.34888895865725e-08,FALSE
"EHD4",0.515116838120391,2.51816741359908e-09,2.40465702252656e-08,FALSE
"POLR1G",0.607330764424424,2.52950234869907e-09,2.41372046276736e-08,FALSE
"HECTD2",-0.693415415416611,2.54744184098452e-09,2.42906835995406e-08,FALSE
"EVC",1.2618749644024,2.55473725807391e-09,2.43071367606857e-08,TRUE
"NDUFAF2",-0.392617214940447,2.553319791854e-09,2.43071367606857e-08,FALSE
"SLC16A3",0.952762030612006,2.55379108090513e-09,2.43071367606857e-08,FALSE
"CYP4V2",-0.401209716545595,2.56914155817543e-09,2.4426435206705e-08,FALSE
"CCAR2",0.39402303057851,2.57200949931548e-09,2.44359567235401e-08,FALSE
"TJP3",0.862614706528723,2.60814091211684e-09,2.47612623795748e-08,FALSE
"SLC39A5",0.612518758831191,2.61457788206104e-09,2.48043866898139e-08,FALSE
"HYAL3",0.958833527702488,2.61745027441628e-09,2.48136560410267e-08,FALSE
"ABR",0.630035988762698,2.64008539003769e-09,2.50101287455669e-08,FALSE
"RAB5A",-0.443410758684403,2.66253184341133e-09,2.52045313766747e-08,FALSE
"PYROXD1",-0.572371217101143,2.71066611058192e-09,2.56416479188862e-08,FALSE
"NFIA",-0.38307868950862,2.71912172907701e-09,2.57030625827265e-08,FALSE
"AXIN1",0.632051343092562,2.76749502200104e-09,2.61414464848756e-08,FALSE
"HSBP1",-0.346305602130219,2.78808569487542e-09,2.63169559605688e-08,FALSE
"RPL22",-0.402466265321225,2.81780398506361e-09,2.65783067524876e-08,FALSE
"DAG1",0.453130963100992,2.82169580428076e-09,2.65958541898083e-08,FALSE
"DGCR2",0.456979779627842,2.83005505296522e-09,2.66554537794393e-08,FALSE
"CES1",0.513097345443203,2.88031666208848e-09,2.71093499209651e-08,FALSE
"ZNF706",-0.416291681353354,2.88798380311299e-09,2.71619855965196e-08,FALSE
"TCN2",0.650330590459626,2.90866097326237e-09,2.73368194271005e-08,FALSE
"PRPF6",0.400312323386712,2.93737024363713e-09,2.75868373240296e-08,FALSE
"DGAT1",0.805262332631921,2.94418418709176e-09,2.76310103063838e-08,FALSE
"ADRA1B",0.576280363144802,2.98076950058099e-09,2.79543225656206e-08,FALSE
"PGD",0.530230946012509,2.98455272817394e-09,2.7969766869902e-08,FALSE
"MAD2L2",0.546607135850902,3.00376608157403e-09,2.81095822301409e-08,FALSE
"SLC28A1",0.619222106769817,3.00353916098753e-09,2.81095822301409e-08,FALSE
"TLNRD1",-0.596261823085603,3.01873457008161e-09,2.82294807082203e-08,FALSE
"NRN1",-0.736871729117762,3.02221707977519e-09,2.82418743814538e-08,FALSE
"LIG1",0.525360137682472,3.03183950631363e-09,2.83115854612397e-08,FALSE
"RNF166",0.798691371425313,3.03840269630141e-09,2.83526501068981e-08,FALSE
"C16orf87",-0.570089898040797,3.1100807719296e-09,2.90008386510701e-08,FALSE
"LMAN2",0.508030583677432,3.11428899905305e-09,2.90194103740944e-08,FALSE
"KLHL29",1.04082569233598,3.13382445000563e-09,2.91806754619301e-08,TRUE
"P4HB",0.450387770004607,3.17797645417459e-09,2.95707659829807e-08,FALSE
"TRAPPC2B",-0.55818765913969,3.1836723235272e-09,2.96027258946152e-08,FALSE
"OPN3",-0.391587540667287,3.20143755191012e-09,2.97467852587703e-08,FALSE
"MYBBP1A",0.63028248185549,3.21729023833713e-09,2.98728821278792e-08,FALSE
"GJA4",0.81132311670687,3.25054739975546e-09,3.01595384791701e-08,FALSE
"PPP1R1A",-0.818209256635948,3.2527702667727e-09,3.01595384791701e-08,FALSE
"ZBTB17",0.687142506831518,3.28958480160206e-09,3.04792952742917e-08,FALSE
"CCDC9",0.697356477954304,3.30550724499636e-09,3.0583534170666e-08,FALSE
"OCIAD1",-0.358810477370112,3.30445197986196e-09,3.0583534170666e-08,FALSE
"DARS1",-0.40307964124634,3.32299162325545e-09,3.0723592042133e-08,FALSE
"MINK1",0.51948146818242,3.32844623213394e-09,3.07523063310498e-08,FALSE
"RTN2",1.06075208676653,3.37963822864841e-09,3.12032607118935e-08,TRUE
"PCGF5",-0.434967831350364,3.38459000194613e-09,3.1214173406839e-08,FALSE
"PUSL1",0.815021532050065,3.38558862188446e-09,3.1214173406839e-08,FALSE
"ING1",-0.469101493817558,3.40174853029222e-09,3.13410920187092e-08,FALSE
"GTPBP10",-0.402453866319505,3.41380075836937e-09,3.14300137331729e-08,FALSE
"PPDPF",1.07714716420581,3.42445939997596e-09,3.15059890825617e-08,TRUE
"G6PC3",0.399521113654333,3.45395569936166e-09,3.17550477640751e-08,FALSE
"AARS1",0.399416494546057,3.4777517580469e-09,3.1928980376122e-08,FALSE
"RIPOR1",0.676365709276079,3.47534997337284e-09,3.1928980376122e-08,FALSE
"PIGBOS1",-0.496870724488007,3.49255912835258e-09,3.20424555770091e-08,FALSE
"NCOR1",-0.370444849420377,3.50401155129943e-09,3.21250134661149e-08,FALSE
"RBM47",-0.539583127660623,3.53565905780434e-09,3.23924761265042e-08,FALSE
"FAM9B",-1.11393453030303,3.57325205364637e-09,3.27139971233135e-08,TRUE
"SLC22A3",-0.423833616825866,3.5834160451109e-09,3.27633107265183e-08,FALSE
"TRMT1L",-0.534276526004029,3.58614606409263e-09,3.27633107265183e-08,FALSE
"ZNFX1",0.455690722500529,3.58419397391622e-09,3.27633107265183e-08,FALSE
"LSS",1.04223942013717,3.64002624701139e-09,3.32323735187399e-08,TRUE
"PJA1",0.448696514979683,3.6435991683902e-09,3.32418120645049e-08,FALSE
"FAAP100",0.827004336334131,3.6783967079647e-09,3.3535912047823e-08,FALSE
"VAPA",-0.429302253702574,3.68670461498686e-09,3.35882650100264e-08,FALSE
"ANKRD37",-0.826216123376652,3.71054134633203e-09,3.37819244131981e-08,FALSE
"SMARCD1",0.35767337602283,3.75158900836431e-09,3.41318994423249e-08,FALSE
"AP2M1",0.34751805331173,3.78748958769846e-09,3.44345928348251e-08,FALSE
"CNOT7",-0.38600364629775,3.81356615784004e-09,3.46476114770588e-08,FALSE
"SCAND1",1.27586139483775,3.82328256310379e-09,3.47117998031586e-08,TRUE
"PDZD11",-0.336972891085941,3.85640444896983e-09,3.49882515910693e-08,FALSE
"RAB9A",-0.37045558857554,3.85928963065684e-09,3.49901799477558e-08,FALSE
"NOTUM",1.05473377010105,3.87440118599018e-09,3.51028791190197e-08,TRUE
"PARS2",0.424763237443552,3.92155018939648e-09,3.55054876069009e-08,FALSE
"REXO2",-0.408271293813364,3.93658850897368e-09,3.56170122733126e-08,FALSE
"IQCE",0.513074744039361,3.96625461351202e-09,3.58606390884664e-08,FALSE
"SMAD4",-0.368673024623938,4.0070955276421e-09,3.62048962373295e-08,FALSE
"ZFHX4",-0.459948229320993,4.01963735925197e-09,3.62931671085012e-08,FALSE
"SLC16A10",-0.615681693200327,4.04517377079596e-09,3.64985630649626e-08,FALSE
"C2CD5",-0.510522684983201,4.05134530933377e-09,3.65290721692821e-08,FALSE
"RRAS2",-0.454743062705069,4.0549038077391e-09,3.65359949421337e-08,FALSE
"PLCB3",0.662930504261579,4.10784786745821e-09,3.69875820362881e-08,FALSE
"DEF8",0.493621900665994,4.13182707444501e-09,3.71553395728358e-08,FALSE
"ENOPH1",-0.450906742302451,4.13499310705941e-09,3.71553395728358e-08,FALSE
"NR1H4",-0.315627034303422,4.13288230896283e-09,3.71553395728358e-08,FALSE
"NOTCH1",0.805545748148216,4.23358318853666e-09,3.80151379316337e-08,FALSE
"MON1A",0.552757451087428,4.23755306678676e-09,3.80247051064923e-08,FALSE
"PHB1",0.356927496137334,4.26519824403924e-09,3.82465585006588e-08,FALSE
"BCAP31",0.355378726866872,4.34251456378004e-09,3.89132105879591e-08,FALSE
"DGKQ",0.822380968365533,4.36678065771075e-09,3.9103893550444e-08,FALSE
"TSC22D4",0.699965108184513,4.39638288080819e-09,3.93420674473964e-08,FALSE
"CSTF2",0.413977734365744,4.47349251793322e-09,4.00047568611897e-08,FALSE
"LARGE1",0.399463626526649,4.48385088420359e-09,4.00700175945347e-08,FALSE
"ABCB1",0.76602345523966,4.54499876772215e-09,4.05887611644054e-08,FALSE
"RPL35A",-0.523671511127326,4.5681261252442e-09,4.07674895921589e-08,FALSE
"IER5L",1.18166989583764,4.59936269428997e-09,4.10182945460792e-08,TRUE
"ACADSB",-0.605972967183056,4.64686292019296e-09,4.14137027577714e-08,FALSE
"NADK",0.461399854054325,4.67860223110449e-09,4.16682043602857e-08,FALSE
"RNF123",0.419631917560238,4.74698179486003e-09,4.22484606786591e-08,FALSE
"ANKRD9",0.711055253353373,4.83439290424446e-09,4.29971955858481e-08,FALSE
"HSCB",-0.387609807178406,4.85266037620856e-09,4.31303663579922e-08,FALSE
"ACOT7",0.539814346544015,4.87110078023868e-09,4.32648924117265e-08,FALSE
"METTL13",0.303093034840066,4.87478881447233e-09,4.32682950230994e-08,FALSE
"GIPC2",-0.560564125914464,4.88860409390598e-09,4.33615208654588e-08,FALSE
"MMP15",0.73120440497762,4.89494843170011e-09,4.33883986918198e-08,FALSE
"C15orf39",0.740296776324405,4.92101578203614e-09,4.35899449380359e-08,FALSE
"CLDN3",1.22398373500173,4.97481031641031e-09,4.40366576487111e-08,TRUE
"GBF1",0.513163979773292,5.03138563611604e-09,4.45073653702913e-08,FALSE
"PLEC",0.935562447949567,5.06807531904226e-09,4.48016489378131e-08,FALSE
"ENO3",0.79018766287155,5.07476685961095e-09,4.48305315290327e-08,FALSE
"SLC22A7",0.529380336055545,5.15378748856e-09,4.54979000675843e-08,FALSE
"CFHR5",-0.613280720794924,5.23852637317287e-09,4.62148162247839e-08,FALSE
"FUNDC2",-0.365479528974229,5.39016737222667e-09,4.75205866917115e-08,FALSE
"R3HCC1L",0.341614823287847,5.4029340648441e-09,4.76010853142254e-08,FALSE
"IMP3",-0.409776761753128,5.41361108513285e-09,4.76630775565294e-08,FALSE
"ABI2",-0.381346780529658,5.46976639359175e-09,4.81251220597468e-08,FALSE
"NOL6",0.408396203955992,5.514588681779e-09,4.84564538581915e-08,FALSE
"PIAS2",-0.354431579628313,5.51482708896313e-09,4.84564538581915e-08,FALSE
"OLFM2",1.22391973919612,5.56196868306866e-09,4.88378900058584e-08,TRUE
"ERH",-0.408910113614874,5.57834834824463e-09,4.8948885104034e-08,FALSE
"DMRTA1",-0.496621105787908,5.6023185922428e-09,4.91262927057219e-08,FALSE
"DLC1",-0.398724693361609,5.66077575323931e-09,4.96056734681453e-08,FALSE
"PES1",0.377979250895713,5.69787650733059e-09,4.98973907919545e-08,FALSE
"RCN1",-0.308202165082652,5.70624350988772e-09,4.99372593793115e-08,FALSE
"PLAG1",-0.939079677369575,5.77120173015935e-09,5.04719926862032e-08,FALSE
"IGSF1",1.15078602897661,5.7936023614056e-09,5.06340735083592e-08,TRUE
"KATNIP",0.502582958139467,5.80010014100339e-09,5.06570453942737e-08,FALSE
"RPS6KB1",-0.398862775580906,5.81436482895532e-09,5.0747776227122e-08,FALSE
"MCM3",0.449389055701758,5.82191009604457e-09,5.07797781328551e-08,FALSE
"CD300C",1.13964210585558,5.92473471456661e-09,5.16422282843583e-08,TRUE
"TIGD5",0.861574904948803,5.98040909316606e-09,5.20928249153227e-08,FALSE
"CHTF18",1.20207560125274,6.08278924900335e-09,5.29493862020957e-08,TRUE
"BRIX1",-0.404017557932491,6.25596318132017e-09,5.4420644498235e-08,FALSE
"SLC35C2",0.400498164297418,6.34434135413159e-09,5.51528001383073e-08,FALSE
"CCDC24",0.8089436210889,6.38501375582062e-09,5.54695421972154e-08,FALSE
"CARD10",0.772849404954195,6.40747559572142e-09,5.5590901589917e-08,FALSE
"RRP12",0.652004011956803,6.40612267451867e-09,5.5590901589917e-08,FALSE
"TRIM41",0.427246627208339,6.41769592439494e-09,5.56426987034295e-08,FALSE
"ISCA1",-0.510738915738764,6.42515338467777e-09,5.5666064094608e-08,FALSE
"PHLDA1",-0.815433462304873,6.42889466170542e-09,5.5666064094608e-08,FALSE
"CEBPZOS",-0.397728346710236,6.44231975345673e-09,5.57454396644121e-08,FALSE
"SRSF11",-0.582278340483397,6.51277757087717e-09,5.63152341015618e-08,FALSE
"TMEM30B",-0.475417303866443,6.51677204887458e-09,5.63152341015618e-08,FALSE
"TOB1",-0.621743505812559,6.54264387021825e-09,5.6501512895051e-08,FALSE
"HBA2",1.59961940437731,6.5555801145391e-09,5.65759095975912e-08,TRUE
"USPL1",-0.388119644127326,6.56738943544905e-09,5.66404891231218e-08,FALSE
"NOC2L",0.61836639021729,6.57931776654317e-09,5.66687027628836e-08,FALSE
"UBE2D2",-0.420077161666364,6.57686323828478e-09,5.66687027628836e-08,FALSE
"TLN1",0.587230370739869,6.62520637077138e-09,5.70264311677442e-08,FALSE
"DNAH14",-0.475432720619784,6.67705903795479e-09,5.74349914092668e-08,FALSE
"ARFGAP1",0.646386055036371,6.71951891666793e-09,5.77622729199058e-08,FALSE
"RPL22L1",-0.602150580679849,6.7971645110702e-09,5.83913896187211e-08,FALSE
"TMEM250",0.513319185221301,6.83591596270873e-09,5.86857782188739e-08,FALSE
"TRPM2",1.02600586846081,6.85171198862615e-09,5.8782839682237e-08,TRUE
"FGFR1OP2",-0.477246042345334,6.90264361293744e-09,5.91810151804695e-08,FALSE
"ZMYM1",-0.656005317920041,6.99998364810885e-09,5.99762996865452e-08,FALSE
"AKT1",0.511472631690761,7.06488983440605e-09,6.0492830419911e-08,FALSE
"SELENOO",0.924554945973529,7.1753941706043e-09,6.13988630598376e-08,FALSE
"TRMT13",-0.53616783058304,7.20688060808922e-09,6.16280084396499e-08,FALSE
"ALG9",-0.427635584498084,7.24127699125736e-09,6.18817221733299e-08,FALSE
"MED12",0.478990789873572,7.26793591195412e-09,6.20690260660818e-08,FALSE
"ANO8",0.798025620056619,7.28337809631606e-09,6.21603559563037e-08,FALSE
"TNS1",0.469350640338279,7.34646945185956e-09,6.26579661653064e-08,FALSE
"SPINT1",1.27130473100816,7.3859897359442e-09,6.29540218899618e-08,TRUE
"TKFC",0.765974059949567,7.492393314121e-09,6.3819397051706e-08,FALSE
"CYP3A4",-0.798419372573927,7.58964473774785e-09,6.46057405114401e-08,FALSE
"ZNF639",-0.528068779651226,7.61532165097913e-09,6.47821904188556e-08,FALSE
"ZFP36",-0.60644089507683,7.66206115542317e-09,6.51374705498702e-08,FALSE
"HGS",0.52672279472468,7.67030940477411e-09,6.51652762669064e-08,FALSE
"RPL15",-0.283059940366505,7.82814249420139e-09,6.64630619546593e-08,FALSE
"UNC45A",0.377011228479236,7.86557753889205e-09,6.67376157739304e-08,FALSE
"SGSM2",0.757001848448383,7.88631446113517e-09,6.68702259878119e-08,FALSE
"ARPC3",-0.326830749326304,7.9158045453648e-09,6.70768369630524e-08,FALSE
"RPP30",-0.327425667066147,7.94714390628071e-09,6.72988408932904e-08,FALSE
"IFT88",-0.366299712891051,7.96829654391987e-09,6.74343492908849e-08,FALSE
"UGT2A1",-1.43892498366193,7.98489609630496e-09,6.75311755121606e-08,TRUE
"POLR2A",0.724066697851271,8.0363971098828e-09,6.7922860531043e-08,FALSE
"RECQL4",1.16599364699353,8.04573240496239e-09,6.79578894488823e-08,TRUE
"PEX11G",0.721644665609582,8.11268321450185e-09,6.84792060891413e-08,FALSE
"CHST9",0.992270072350936,8.13976273307009e-09,6.86604539706014e-08,FALSE
"HYLS1",-0.329020987004464,8.14464444060066e-09,6.86604539706014e-08,FALSE
"KCNC3",0.882765797998523,8.19249667651173e-09,6.90194121550139e-08,FALSE
"LAMC1",0.440771495536728,8.22837480508348e-09,6.92770951435067e-08,FALSE
"ANKRD46",-0.521204250322654,8.37522782809282e-09,7.04681765587347e-08,FALSE
"PLD2",0.460757570675611,8.39159515648628e-09,7.05605419323817e-08,FALSE
"BAG3",0.557168249811079,8.40050715505741e-09,7.05901409974401e-08,FALSE
"GTPBP6",0.800443102507268,8.45497890982264e-09,7.10022988373304e-08,FALSE
"TMEM109",0.375717483085308,8.48101440918429e-09,7.11752824647697e-08,FALSE
"THY1",1.2743760880639,8.60584427812663e-09,7.21766260661332e-08,TRUE
"ST6GALNAC4",1.00069296054794,8.67728601535368e-09,7.27292115960374e-08,TRUE
"FBXO27",0.611061825240309,8.70983533143686e-09,7.29553193596746e-08,FALSE
"CDC42BPB",0.476564344519373,8.73380280723076e-09,7.30625855286039e-08,FALSE
"VPS54",-0.338177552309617,8.73013282693678e-09,7.30625855286039e-08,FALSE
"TRIM28",0.56849097479913,8.7830805792192e-09,7.34278997082616e-08,FALSE
"DNAJB12",0.31980212876588,8.82627855737193e-09,7.369492275071e-08,FALSE
"SYMPK",0.59873844276157,8.82556797912636e-09,7.369492275071e-08,FALSE
"MARCHF5",-0.44830054563641,8.92530971174644e-09,7.44742860077657e-08,FALSE
"CNNM3",0.423337626134464,8.99583193599788e-09,7.50149246535568e-08,FALSE
"SYT12",0.800411180107896,9.01084424468272e-09,7.50922806183234e-08,FALSE
"SSNA1",0.75099296379609,9.0167902519696e-09,7.50940317931209e-08,FALSE
"CAMSAP1",0.337243909226565,9.03877377432565e-09,7.52292601738534e-08,FALSE
"ACOX3",0.379275041694912,9.12324139635052e-09,7.58840383488062e-08,FALSE
"FURIN",0.60742662879458,9.16227830535582e-09,7.61502301811899e-08,FALSE
"RAD54B",-0.802155195660212,9.16687769367211e-09,7.61502301811899e-08,FALSE
"CAPNS1",0.447367925557525,9.18715926324967e-09,7.62703164708083e-08,FALSE
"D2HGDH",0.898734736113349,9.20626625748561e-09,7.63805056039301e-08,FALSE
"SH3TC1",0.720625419827935,9.21312965703113e-09,7.63890395629206e-08,FALSE
"DGKE",-0.522698941305453,9.24712158045534e-09,7.66223517286844e-08,FALSE
"HSPG2",0.747563847143751,9.29088431521907e-09,7.69362792250778e-08,FALSE
"NECTIN1",0.681688608801352,9.39359532812801e-09,7.7737642247694e-08,FALSE
"THRA",0.505657841756173,9.47800020215993e-09,7.8386594217737e-08,FALSE
"LOC124900193",-0.511184969024986,9.52040843262788e-09,7.86876181817956e-08,FALSE
"SARS1",0.342928848245977,9.64379164668774e-09,7.96571105605274e-08,FALSE
"ZNF598",0.852046817087169,9.73310285464877e-09,8.03441252036959e-08,FALSE
"FCHSD2",-0.333559510734511,9.78209652432095e-09,8.06468562319961e-08,FALSE
"GPHN",-0.354697670489736,9.7820495583323e-09,8.06468562319961e-08,FALSE
"ABHD4",0.374602404219062,9.93263436157012e-09,8.18364059544846e-08,FALSE
"PIGQ",0.898026202939931,1.00320107561997e-08,8.26031980001048e-08,FALSE
"PKDCC",0.660875599206688,1.00495289061897e-08,8.2695432080349e-08,FALSE
"RNF121",0.366867703451183,1.00623641122293e-08,8.27490395460461e-08,FALSE
"KLHL2",-0.376217429849054,1.01005135613078e-08,8.3010623694063e-08,FALSE
"RLIG1",-0.499265667119376,1.01283322164526e-08,8.3187029722583e-08,FALSE
"STBD1",1.21483021507717,1.0270116805897e-08,8.4298664089532e-08,TRUE
"NEO1",0.373034522288844,1.03378606116662e-08,8.48015483257728e-08,FALSE
"CD276",0.492645270956864,1.03669844475659e-08,8.49872012445416e-08,FALSE
"FKBP7",-0.464615489095584,1.04299096900732e-08,8.54495479739911e-08,FALSE
"C6orf62",-0.372689960965092,1.05421661962345e-08,8.6315221914385e-08,FALSE
"FBXL3",-0.589751587216872,1.05826347276005e-08,8.65924086585909e-08,FALSE
"RPL39",-0.65197057659366,1.0755364838384e-08,8.79508035378659e-08,FALSE
"CCNG1",-0.515030609033486,1.08499034624613e-08,8.86684994572678e-08,FALSE
"SART3",0.231813003044899,1.08752551350658e-08,8.88202371979294e-08,FALSE
"ATAD3A",0.875304231303827,1.09282029844695e-08,8.91970283495481e-08,FALSE
"GNAI1",-0.50647908767838,1.09508748995968e-08,8.93263889006361e-08,FALSE
"CEP20",-0.402538037214573,1.10101582484903e-08,8.97540422099847e-08,FALSE
"FAM204A",-0.3036932502339,1.10450841862618e-08,8.99827269237956e-08,FALSE
"PXMP4",0.394970970055011,1.11611417267167e-08,9.08716837600588e-08,FALSE
"TMED8",-0.363544731345242,1.12043884552658e-08,9.11670936335239e-08,FALSE
"GAB1",-0.431674471435995,1.12409394700911e-08,9.14076891567907e-08,FALSE
"BET1",-0.527914386769495,1.12512973877641e-08,9.14351243951629e-08,FALSE
"GTF3A",-0.35977515270056,1.13416818273796e-08,9.21124680422167e-08,FALSE
"CALHM2",0.735258177654541,1.13684941876442e-08,9.22729856817348e-08,FALSE
"TAF6",0.580555826782764,1.14153779653178e-08,9.25961142019455e-08,FALSE
"NFKBIZ",-0.609806020395782,1.14387178744396e-08,9.27279841561381e-08,FALSE
"SPRY1",-0.455166600076006,1.14620227821853e-08,9.2859407341813e-08,FALSE
"TPD52",-0.79023785340618,1.16110881041481e-08,9.40088840194846e-08,FALSE
"NOC4L",0.814730855834043,1.16382002596771e-08,9.41701593323192e-08,FALSE
"CD248",1.05805233797289,1.16505776826687e-08,9.42120833980842e-08,TRUE
"RAB7A",-0.202688666611187,1.16874451572222e-08,9.44518716039218e-08,FALSE
"MAP1LC3A",0.805408765872483,1.1738535911443e-08,9.48062382187607e-08,FALSE
"SLC9A8",0.392823938110242,1.17560401262696e-08,9.48890735715916e-08,FALSE
"CFAP221",1.18984946109064,1.17783265520978e-08,9.50103827603603e-08,TRUE
"PINK1",0.421565036061303,1.17979767858168e-08,9.51102906896022e-08,FALSE
"RPS7",-0.414289431414322,1.20497778209155e-08,9.70804253731854e-08,FALSE
"LYSMD2",-0.524889754280292,1.20713346139077e-08,9.71942882935297e-08,FALSE
"MAP3K11",0.599712974341634,1.21938338575775e-08,9.81202660500336e-08,FALSE
"FCAMR",1.06485577880982,1.22101252550537e-08,9.81910072722129e-08,TRUE
"SLC48A1",0.351900777140548,1.22906084075513e-08,9.87775600194364e-08,FALSE
"PPM1B",-0.392148271628145,1.23069821903002e-08,9.88484729051598e-08,FALSE
"UNG",-0.318524685348449,1.23224902896107e-08,9.89123500132332e-08,FALSE
"TNFRSF14",0.770893970141167,1.25212498710086e-08,1.00446203009341e-07,FALSE
"UCHL3",-0.813768716147247,1.28061622965745e-08,1.0266887739544e-07,FALSE
"CNPY2",-0.655147893252084,1.28985659600442e-08,1.03346404864687e-07,FALSE
"SF3B3",0.316460882939927,1.32281995675942e-08,1.05922684244002e-07,FALSE
"TSC2",0.661408140979499,1.32784231598327e-08,1.06259850860959e-07,FALSE
"RALBP1",0.339756709003758,1.33088670736674e-08,1.0643841644988e-07,FALSE
"EBAG9",-0.37855161596916,1.33674557809917e-08,1.06797095746864e-07,FALSE
"RPS6KB2",0.557290505901095,1.33700305475947e-08,1.06797095746864e-07,FALSE
"ATRAID",-0.333791513999235,1.34697050291752e-08,1.07527669659733e-07,FALSE
"ATG7",0.342820786462099,1.35223743954186e-08,1.07865536832337e-07,FALSE
"CCDC93",0.37399422195448,1.35367458765299e-08,1.07865536832337e-07,FALSE
"CTBS",-0.516915923760247,1.35318086161066e-08,1.07865536832337e-07,FALSE
"LGALS3BP",0.843889114377746,1.35491868217169e-08,1.07898998704329e-07,FALSE
"BIVM",-0.520190934102842,1.36372753214192e-08,1.08534473257155e-07,FALSE
"COL16A1",1.17173366602388,1.37268812019725e-08,1.09181244651412e-07,TRUE
"WDR1",0.37548919347264,1.3742642652754e-08,1.09240241414605e-07,FALSE
"DDX24",0.273428243558693,1.37824490034983e-08,1.09490183467112e-07,FALSE
"SLC39A13",0.68287239861504,1.41140025830701e-08,1.12056107833568e-07,FALSE
"COA1",-0.261842571608544,1.42191706174304e-08,1.12822655589939e-07,FALSE
"DNAJB1",0.419965745803464,1.42763795838988e-08,1.13207971842764e-07,FALSE
"TUBGCP2",0.43488568020879,1.43090812787909e-08,1.13398602967271e-07,FALSE
"ATG2B",-0.415060699199222,1.43335298547049e-08,1.13455001727809e-07,FALSE
"PNPO",0.363864785525587,1.433216035552e-08,1.13455001727809e-07,FALSE
"MITD1",-0.454111879983492,1.43613686072853e-08,1.13606669369534e-07,FALSE
"CCDC71L",-0.5580676023182,1.43720471498012e-08,1.13622488698791e-07,FALSE
"RTN4RL1",0.915117720304877,1.4450740571967e-08,1.14175676263242e-07,FALSE
"PBX2",0.292959991977147,1.4584601440778e-08,1.1516381306554e-07,FALSE
"PPCS",-0.343358345109458,1.46148687048124e-08,1.15333249598194e-07,FALSE
"RAB25",1.61481141552573,1.47122599762936e-08,1.16031872053998e-07,TRUE
"LYZ",0.811512038672222,1.47622198002865e-08,1.16355798690759e-07,FALSE
"PHF10",-0.32989418975623,1.47756239191242e-08,1.16391376864726e-07,FALSE
"ARV1",-0.318265839043746,1.48093912266216e-08,1.16587221851431e-07,FALSE
"CILP",0.655947890879435,1.52982142983229e-08,1.20363113938488e-07,FALSE
"C19orf47",0.588565904118499,1.55597526531362e-08,1.22317702065653e-07,FALSE
"CSKMT",0.65200215145028,1.55653293340496e-08,1.22317702065653e-07,FALSE
"DEK",-0.592544652329938,1.56582733888897e-08,1.22974274269553e-07,FALSE
"TNK2",0.900818946089565,1.56839132458769e-08,1.23101793893897e-07,FALSE
"SVEP1",0.755103680234882,1.57018198548839e-08,1.23168499424889e-07,FALSE
"ELL2",-0.617983661342051,1.5799220159069e-08,1.23858317558402e-07,FALSE
"SCML1",-0.640471278789574,1.60149545569706e-08,1.25399392978385e-07,FALSE
"YEATS4",-0.576245429618979,1.6012360582157e-08,1.25399392978385e-07,FALSE
"TMEM128",-0.477068692653462,1.6077734538313e-08,1.2581572060705e-07,FALSE
"COX17",-0.494734818686646,1.62185092983159e-08,1.26841531501524e-07,FALSE
"HK3",0.885270996984772,1.62345912057084e-08,1.26891503322468e-07,FALSE
"VWCE",1.24764007301898,1.6269362099027e-08,1.27087403699559e-07,TRUE
"MRPS6",-0.581051458799278,1.63150236427055e-08,1.27335581388373e-07,FALSE
"PPL",0.606911475074844,1.63205855155583e-08,1.27335581388373e-07,FALSE
"PPP6R2",0.480857572078773,1.64053372960429e-08,1.2792059313865e-07,FALSE
"PEPD",0.509707921602823,1.64935674438922e-08,1.28532014866331e-07,FALSE
"AGL",-0.549211821011462,1.66510946158029e-08,1.29682409702613e-07,FALSE
"GNL3L",0.781802719494126,1.67985706633003e-08,1.30753202808518e-07,FALSE
"TRMT61A",0.756189637816932,1.68256043510584e-08,1.30885806395755e-07,FALSE
"TAB1",0.523556735810495,1.69527035719635e-08,1.31796196653293e-07,FALSE
"MAP2K7",0.783211143110535,1.71108328168382e-08,1.32946601328217e-07,FALSE
"NREP",-0.568066253849394,1.7256976192285e-08,1.34002569578526e-07,FALSE
"DOK4",0.534625036125585,1.72747778466033e-08,1.34061287236355e-07,FALSE
"KCTD7",0.42495051456392,1.72885226638295e-08,1.3408847080264e-07,FALSE
"MEGF8",0.721277335143019,1.73757843940072e-08,1.34685476190848e-07,FALSE
"VASH1",0.527660153432591,1.74316349522278e-08,1.35038440706844e-07,FALSE
"RNF32",-0.704712953523111,1.75082125690792e-08,1.35551460055816e-07,FALSE
"ARHGAP30",0.588476457195644,1.77708979655363e-08,1.37503898442554e-07,FALSE
"NOP56",0.371111382347092,1.78102841351307e-08,1.37727253335576e-07,FALSE
"NDUFC1",-0.422494793416548,1.80515433760621e-08,1.39510511144867e-07,FALSE
"AGPAT1",0.452581393406642,1.81125076143104e-08,1.39899085360797e-07,FALSE
"RAB11FIP3",0.54352108467673,1.83244312170588e-08,1.41369153502495e-07,FALSE
"SH3BP2",0.510013867938237,1.83189361242979e-08,1.41369153502495e-07,FALSE
"ASB4",-0.652615708814042,1.84086856988553e-08,1.4193552012333e-07,FALSE
"SLC37A2",0.842300737524349,1.84471728326622e-08,1.42148550161985e-07,FALSE
"AMN1",-0.525577487775927,1.84976342917716e-08,1.42413114186707e-07,FALSE
"DLST",0.281012386406249,1.8503262086128e-08,1.42413114186707e-07,FALSE
"NACA",-0.294112485736089,1.88343375211599e-08,1.44876114469463e-07,FALSE
"PPP2R1B",-0.603863140367806,1.88529227120935e-08,1.44933919052688e-07,FALSE
"FOXN4",2.20218480367829,1.90800405553639e-08,1.4659383271762e-07,TRUE
"KCTD21",0.309822193852014,1.91589714744714e-08,1.47113932283742e-07,FALSE
"URM1",0.386480856230837,1.92035182791179e-08,1.47369555281484e-07,FALSE
"COX11",-0.492954546061712,1.94068175719169e-08,1.4884244619305e-07,FALSE
"IER5",0.571073653237478,1.95593429715489e-08,1.49924425165994e-07,FALSE
"KCNN2",-0.689362121836112,1.9581323573767e-08,1.50005083807933e-07,FALSE
"PHPT1",0.760733873062289,1.96794641977561e-08,1.50668739928083e-07,FALSE
"ITGBL1",1.11274514802942,2.00115121413813e-08,1.53121400908804e-07,TRUE
"YIPF3",0.324798116730173,2.02484711939705e-08,1.54844033219311e-07,FALSE
"NUP62CL",-0.833362766647886,2.04566295697501e-08,1.56344538428002e-07,FALSE
"MAIP1",-0.342376494747428,2.05621472932541e-08,1.57059295427819e-07,FALSE
"TRMT10A",-0.581035483649071,2.06110342953594e-08,1.57340910201076e-07,FALSE
"MON1B",0.314945881217163,2.07670618647343e-08,1.58439611849127e-07,FALSE
"CMBL",-0.405231763978228,2.09353797453065e-08,1.59630746433054e-07,FALSE
"PACSIN2",0.399795818426872,2.09560834589217e-08,1.59695602237603e-07,FALSE
"TUBA1B",0.541026862995158,2.09908952951223e-08,1.59867830834055e-07,FALSE
"SUOX",0.344632125313104,2.11055926784791e-08,1.60647918224795e-07,FALSE
"PLBD2",0.453173970553082,2.14100056388525e-08,1.62870304371794e-07,FALSE
"NAP1L5",-0.52999845757394,2.14705225172525e-08,1.63235819277508e-07,FALSE
"MATCAP2",-0.577729597398595,2.1524222461142e-08,1.63549112281643e-07,FALSE
"ARL5A",-0.577876356215398,2.17120833463006e-08,1.64880855666918e-07,FALSE
"TNKS1BP1",0.607685523526335,2.18986318576467e-08,1.66201094655252e-07,FALSE
"RWDD4",-0.532956089569489,2.20714977147154e-08,1.67416018586938e-07,FALSE
"DCTN2",0.326852741964494,2.21506263789487e-08,1.67918934888938e-07,FALSE
"METTL5",-0.477697781478519,2.23281344081117e-08,1.6911348764905e-07,FALSE
"SPRING1",0.511973678116293,2.23340375912929e-08,1.6911348764905e-07,FALSE
"CEP131",1.06157612242862,2.27698606719631e-08,1.72313882033145e-07,TRUE
"CD2BP2",0.355965922461521,2.28559234438287e-08,1.72865251141887e-07,FALSE
"CABIN1",0.694813833949477,2.29064080415627e-08,1.73147052009318e-07,FALSE
"C1orf159",1.0330861117428,2.29646255232546e-08,1.73486945961021e-07,TRUE
"WDR13",0.727814789666308,2.30024823698096e-08,1.73672721560292e-07,FALSE
"ARMCX5",-0.376737109013078,2.30551218831442e-08,1.73969830371253e-07,FALSE
"ATP1A1",0.452995553918934,2.3073949629361e-08,1.74011606306218e-07,FALSE
"BRAF",-0.310677304078535,2.31426458095429e-08,1.74429199158627e-07,FALSE
"CLEC3B",0.921373648740349,2.33229060875048e-08,1.75686701091837e-07,FALSE
"MAPKBP1",0.511119461255256,2.34570300902429e-08,1.7659542147295e-07,FALSE
"MAN2B2",0.50263713003339,2.35533192708839e-08,1.77218422927823e-07,FALSE
"TMEM87A",-0.314350439123766,2.37920185396935e-08,1.78911606388092e-07,FALSE
"ZKSCAN1",-0.458119863498693,2.40373933367854e-08,1.80653015823878e-07,FALSE
"GPBAR1",1.17506936805179,2.40783546387314e-08,1.80857038973191e-07,TRUE
"DNAJC15",-0.51165010434677,2.41681826037406e-08,1.81427664362484e-07,FALSE
"MKI67",1.04920408589107,2.4528094217513e-08,1.84023959596378e-07,TRUE
"GCGR",0.859598363527624,2.47469643810117e-08,1.85453496093993e-07,FALSE
"GTF2F1",0.490896821184668,2.47404639981953e-08,1.85453496093993e-07,FALSE
"ZFPM1",1.08481289397874,2.49421639311427e-08,1.86809387978558e-07,TRUE
"SPATA2L",0.924248779110888,2.50322117912318e-08,1.87376624797488e-07,FALSE
"SLCO1B3",-1.15402619895719,2.50513625483115e-08,1.87412821989997e-07,TRUE
"DUSP7",0.44815121111583,2.51903316104698e-08,1.88344843771713e-07,FALSE
"ENGASE",0.780068948270269,2.56086792822513e-08,1.91363486965316e-07,FALSE
"ZSWIM6",-0.460428230888401,2.58001951998945e-08,1.92684629524826e-07,FALSE
"GLB1",0.564231479064627,2.5925950527649e-08,1.93513423208655e-07,FALSE
"EFTUD2",0.267088312337436,2.60879210448052e-08,1.94611431520564e-07,FALSE
"CEP44",-0.438290159009633,2.61421877077942e-08,1.94905194459249e-07,FALSE
"SLC3A2",0.388474321074818,2.61645615991979e-08,1.94960979201309e-07,FALSE
"TSR3",0.698500061238292,2.6508083118016e-08,1.97408318646795e-07,FALSE
"TBRG4",0.382904531366257,2.66531621022251e-08,1.98375894395867e-07,FALSE
"ASAH2B",-0.475070416102017,2.67584646336632e-08,1.99046488059045e-07,FALSE
"PNRC1",-0.646300058633279,2.68092345525576e-08,1.9931090219312e-07,FALSE
"CCDC88B",0.733205145401678,2.7200273381886e-08,2.01988643854595e-07,FALSE
"CELF1",-0.273646891013103,2.7198428825312e-08,2.01988643854595e-07,FALSE
"CLPB",0.38545720044521,2.7349467121915e-08,2.02981419251764e-07,FALSE
"AADAT",-0.46230984514565,2.74857303966384e-08,2.03877157140391e-07,FALSE
"OPTN",0.318909196115156,2.76659591963823e-08,2.05097813023237e-07,FALSE
"ASB6",0.489058163730357,2.79191877646944e-08,2.06857954847413e-07,FALSE
"ZNF282",0.578824639408901,2.81528724972085e-08,2.08471383899012e-07,FALSE
"ANO10",0.545828673338246,2.82524741139818e-08,2.09090667665488e-07,FALSE
"BMI1",-0.790449587756232,2.82745336286794e-08,2.09106500346769e-07,FALSE
"PDGFRL",-0.963430368670391,2.82865576011402e-08,2.09106500346769e-07,FALSE
"TMEM63B",0.458432282794614,2.83538699783546e-08,2.09485815889739e-07,FALSE
"RNASEH2B",-0.488145595579239,2.84062153575176e-08,2.09754185820993e-07,FALSE
"UBE2E2",-0.344602886309785,2.86999593191729e-08,2.11684432341753e-07,FALSE
"UBXN6",0.693870709884484,2.86888226125353e-08,2.11684432341753e-07,FALSE
"UCK2",0.362578830227394,2.87932580751375e-08,2.12253003783615e-07,FALSE
"RASSF1",0.403570958969196,2.89884685635795e-08,2.1357176726752e-07,FALSE
"EEF1AKMT1",-0.37713825587351,2.97201445723429e-08,2.18839219764405e-07,FALSE
"PSMD7",0.270043048285449,2.98744756240116e-08,2.19728446555933e-07,FALSE
"SCAMP4",0.59852691410741,2.98680854538956e-08,2.19728446555933e-07,FALSE
"USP13",-0.358500626469988,3.01315866401476e-08,2.21377789499507e-07,FALSE
"ZNF48",0.579592815445017,3.01325405505745e-08,2.21377789499507e-07,FALSE
"MEIS2",-0.410303681811626,3.02217245874661e-08,2.21784090974835e-07,FALSE
"SCAF1",0.912732600410445,3.02103875639804e-08,2.21784090974835e-07,FALSE
"OSBPL7",0.786434543326945,3.06361726467052e-08,2.246995923197e-07,FALSE
"C2orf76",-0.490945263996159,3.08307724387869e-08,2.26000264708061e-07,FALSE
"YY1",-0.284977231121209,3.10706619768064e-08,2.27631285170873e-07,FALSE
"ILVBL",0.580134030506794,3.12874379687495e-08,2.29091240428897e-07,FALSE
"COBLL1",-0.456074879484471,3.23018929892447e-08,2.36387022367351e-07,FALSE
"NTN1",0.57248289023375,3.23432107077214e-08,2.36557158986307e-07,FALSE
"NUBP2",0.802110587269104,3.23836302487526e-08,2.36720540042808e-07,FALSE
"UGT1A6",1.14074556668335,3.24168533475101e-08,2.36831162960716e-07,TRUE
"UBE2E3",-0.372132272868732,3.26112023594481e-08,2.38118160228608e-07,FALSE
"MORC3",-0.503872339226825,3.26341681539812e-08,2.38153026461495e-07,FALSE
"ADAMTS2",0.603046879329427,3.30596247310625e-08,2.40989202104159e-07,FALSE
"TRIM21",0.340835406606141,3.30466096356009e-08,2.40989202104159e-07,FALSE
"NEURL1B",0.48460612157999,3.32098691899615e-08,2.41949698071773e-07,FALSE
"RBX1",-0.455715220844013,3.4195709052573e-08,2.48993449897823e-07,FALSE
"PDS5A",-0.323479099558135,3.42349655640679e-08,2.49140727718053e-07,FALSE
"WWP2",0.36907730813261,3.42722551049609e-08,2.49273535463416e-07,FALSE
"IL18BP",0.502043358382329,3.4742395199851e-08,2.5255271402357e-07,FALSE
"BRWD1",-0.434257608271312,3.49265831187114e-08,2.53750735954589e-07,FALSE
"REV1",-0.335696856220852,3.50048315375617e-08,2.54178177753609e-07,FALSE
"KIAA1958",-0.355777232700541,3.5175536791383e-08,2.55276123987132e-07,FALSE
"PRKCSH",0.56232658626588,3.53425720255472e-08,2.56346234326019e-07,FALSE
"ZDHHC12",0.848270107438403,3.547153050421e-08,2.57139134751449e-07,FALSE
"MRPS18C",-0.386319236990673,3.5590964249962e-08,2.57862149397068e-07,FALSE
"ZFYVE21",-0.312699522047471,3.56476805346278e-08,2.5813021767663e-07,FALSE
"PEX13",-0.355339963715703,3.58465440739529e-08,2.59426730246651e-07,FALSE
"HIPK3",-0.675010091701717,3.5964255570719e-08,2.60134825376715e-07,FALSE
"GPAT4",0.354273088316013,3.62458004155521e-08,2.61894915463274e-07,FALSE
"UBE3B",0.276815718690572,3.6247600581993e-08,2.61894915463274e-07,FALSE
"SNX16",-0.796326748161866,3.65794770717846e-08,2.64147001557531e-07,FALSE
"PIAS4",0.620842888356546,3.67228228472729e-08,2.65035940858046e-07,FALSE
"CEP120",-0.391612594631678,3.69102968843817e-08,2.66080041634375e-07,FALSE
"FAM76A",-0.421398877474494,3.69284628513336e-08,2.66080041634375e-07,FALSE
"FBXL19",0.791381786859885,3.69131546069025e-08,2.66080041634375e-07,FALSE
"C17orf100",-0.83796488098344,3.73280525417694e-08,2.6881125625789e-07,FALSE
"DHRS9",0.850866738341827,3.74979621529227e-08,2.69886377408501e-07,FALSE
"ASAP2",-0.551832473364463,3.75829955626935e-08,2.70201305824703e-07,FALSE
"RSPO3",-0.558803344035129,3.7582654815811e-08,2.70201305824703e-07,FALSE
"ZNF219",0.737492570877401,3.7910560392647e-08,2.72406727036517e-07,FALSE
"KPNA5",-0.773880834240472,3.82679999897333e-08,2.74699548734226e-07,FALSE
"ZNF324B",0.535861770861809,3.82716144890947e-08,2.74699548734226e-07,FALSE
"ABCA10",-0.844133804832393,3.83601103854954e-08,2.75183871324332e-07,FALSE
"SATB1",-0.449479439463639,3.86036422483326e-08,2.76779235660006e-07,FALSE
"LRRFIP2",-0.266797424930994,3.86746095979349e-08,2.77136282898831e-07,FALSE
"DDAH2",0.544254588174247,3.87085789177698e-08,2.77227962358557e-07,FALSE
"PKD1",0.7923063645835,3.88575665835239e-08,2.78142844019407e-07,FALSE
"MBOAT7",0.588230942616856,3.91654793844755e-08,2.80193691858772e-07,FALSE
"CAMLG",-0.402236931039144,3.92312768580258e-08,2.80358011258337e-07,FALSE
"SPATA13",-0.464910035302607,3.92132408887974e-08,2.80358011258337e-07,FALSE
"APOL5",-2.11306550812918,3.93433474373289e-08,2.81005512629302e-07,TRUE
"TFIP11",0.306722685247558,3.96407202301104e-08,2.82975086833482e-07,FALSE
"CLDN15",0.674957393368635,3.98520642237649e-08,2.84328732870589e-07,FALSE
"ELFN2",2.58271186923245,3.99560853592195e-08,2.84915615208552e-07,TRUE
"ABCF1",0.350902880524858,4.00419617856561e-08,2.85372544201312e-07,FALSE
"PIBF1",-0.431848852253182,4.01399918998477e-08,2.85915546220243e-07,FALSE
"ZCCHC8",-0.368493969181194,4.04810784413207e-08,2.88188297419125e-07,FALSE
"AGPAT2",0.829763960974848,4.11738855969429e-08,2.92961146866944e-07,FALSE
"RPL38",-0.5692292363464,4.15886373336546e-08,2.95751461147315e-07,FALSE
"MBTD1",-0.490816647739376,4.1981175909268e-08,2.98380865908869e-07,FALSE
"JADE1",-0.381012627209333,4.20284405147074e-08,2.98554716884726e-07,FALSE
"WDR81",0.665589843207079,4.21640666051949e-08,2.99355726678531e-07,FALSE
"HK1",0.559815839639351,4.22314498947787e-08,2.99671621692381e-07,FALSE
"FAM8A1",-0.527564477796351,4.23854204430729e-08,3.00601259176983e-07,FALSE
"GLDC",0.575571993447307,4.24350532715037e-08,3.00790318045764e-07,FALSE
"GM2A",0.311652987265222,4.26645500753833e-08,3.02253403456124e-07,FALSE
"IL34",0.960930030401206,4.28482058509881e-08,3.03390325041177e-07,FALSE
"CPNE8",-0.474488921956759,4.4180906392694e-08,3.12657527834135e-07,FALSE
"ASPH",-0.427143232190497,4.47542928458362e-08,3.16373219188816e-07,FALSE
"PPP1R15B",-0.428247275630612,4.47423485091529e-08,3.16373219188816e-07,FALSE
"PIGS",0.328819591580704,4.49753686680771e-08,3.17764450406079e-07,FALSE
"HYOU1",0.69603331963192,4.50600853473626e-08,3.18191282291085e-07,FALSE
"KPNA6",0.498036608368825,4.58249748062585e-08,3.234180971232e-07,FALSE
"CARD8",-0.453388223193388,4.59170091861678e-08,3.23893041091222e-07,FALSE
"DCBLD2",-0.426292715384247,4.59940209165212e-08,3.24261562648948e-07,FALSE
"NAB1",-0.446781408323543,4.6087605657042e-08,3.24746465695368e-07,FALSE
"SNRPF",-0.384192538382828,4.66107143066153e-08,3.28255767456809e-07,FALSE
"ISG15",1.16797628730362,4.66865729643491e-08,3.28613232929709e-07,TRUE
"SECTM1",0.911289815330432,4.67826991324039e-08,3.29112894702543e-07,FALSE
"RPS25",-0.394303889220881,4.71245624937312e-08,3.31161981840005e-07,FALSE
"URB1",0.41358533307436,4.71132721060324e-08,3.31161981840005e-07,FALSE
"KLF16",0.752938129262839,4.71845943303586e-08,3.31405959749493e-07,FALSE
"PPP2R3B",0.826088073188279,4.73850850843585e-08,3.326356750265e-07,FALSE
"CTDP1",0.58417183239038,4.77804399837223e-08,3.35231254162321e-07,FALSE
"C6orf89",0.341466060415699,4.79514522479408e-08,3.36250890642764e-07,FALSE
"RAB11B",0.734794064415409,4.82710155345461e-08,3.38310564977665e-07,FALSE
"DOLPP1",0.379826576952948,4.90626597282958e-08,3.4367487488649e-07,FALSE
"HPS3",-0.680472663399144,4.93158277976765e-08,3.4507150447317e-07,FALSE
"STK3",-0.418191799696393,4.9341113380215e-08,3.4507150447317e-07,FALSE
"ZFAND4",-0.297532979144902,4.93081496355496e-08,3.4507150447317e-07,FALSE
"BCAR3",0.407009443410249,4.94274819390656e-08,3.45490973596501e-07,FALSE
"MAST4",-0.444391018175974,4.9589562146246e-08,3.46438926157232e-07,FALSE
"ARMCX6",0.485399641197662,4.96505099238404e-08,3.46679720492223e-07,FALSE
"TRIM26",0.369460660950179,4.99285897550549e-08,3.48435552810863e-07,FALSE
"CTNNA3",-0.965558571398582,5.08913104766885e-08,3.54964857091532e-07,FALSE
"NEURL4",0.56780965901587,5.18749197394408e-08,3.61632827065367e-07,FALSE
"SERPINA12",1.58007534137766,5.23114618601782e-08,3.64288116315666e-07,TRUE
"STK40",0.457262463408674,5.22856418097743e-08,3.64288116315666e-07,FALSE
"IKZF5",-0.584611765290337,5.24086491953312e-08,3.64577064434259e-07,FALSE
"MED25",0.63060378351309,5.24008348304336e-08,3.64577064434259e-07,FALSE
"COL5A3",1.06875813513098,5.25752675203711e-08,3.65541902483642e-07,TRUE
"SLC25A16",-0.330583821143212,5.32600386955635e-08,3.70106383546877e-07,FALSE
"ACAP3",0.813490018195698,5.34196392116817e-08,3.71018523373654e-07,FALSE
"CDC42SE1",0.320841130081582,5.34524509410228e-08,3.71049569310642e-07,FALSE
"CYP4F22",0.838183817859019,5.37433627325965e-08,3.72871279753658e-07,FALSE
"DUT",-0.47561625876494,5.41556697092744e-08,3.7553285372554e-07,FALSE
"RNF138",-0.740491547897916,5.44140405744341e-08,3.7712473223954e-07,FALSE
"RRP1",0.522127844474232,5.45064700943615e-08,3.77565453161577e-07,FALSE
"MYO7A",0.523642249730098,5.45362594593813e-08,3.77572030059344e-07,FALSE
"PRKAA1",-0.424682043577738,5.46453176642426e-08,3.78127113562508e-07,FALSE
"LOC124900275",0.396040262986076,5.50185844305671e-08,3.80508878692543e-07,FALSE
"SLC35B3",-0.374598129702414,5.51155249766631e-08,3.80978063883037e-07,FALSE
"SELENON",0.546192775958264,5.51808306063109e-08,3.8122819751864e-07,FALSE
"TPMT",-0.346644206024,5.58846316192028e-08,3.85886918332597e-07,FALSE
"PTAFR",0.656437880870411,5.59149259073295e-08,3.8589257247167e-07,FALSE
"METTL21A",-0.353204328818735,5.61859725994628e-08,3.87558879490077e-07,FALSE
"TMEM260",-0.294425778339283,5.62220801505042e-08,3.87603724765877e-07,FALSE
"NUDCD2",-0.46031493938673,5.63024316135801e-08,3.87949233427825e-07,FALSE
"SEPSECS",-0.475641545714041,5.6331461407447e-08,3.87949233427825e-07,FALSE
"DLG5",0.516507527175295,5.70236678907478e-08,3.92331199950132e-07,FALSE
"MIGA2",0.603172661365237,5.70276713645815e-08,3.92331199950132e-07,FALSE
"OAZ2",0.308224084472223,5.75018383867631e-08,3.95385539999738e-07,FALSE
"CTTN",0.273831058789832,5.7874823709606e-08,3.97741308139718e-07,FALSE
"RPL37",-0.553445903864215,5.79953304138088e-08,3.98360370292542e-07,FALSE
"ASB1",0.390252403860585,5.80644326174061e-08,3.98625879301038e-07,FALSE
"PIGC",-0.269255705786264,5.84668180304365e-08,4.01177977806328e-07,FALSE
"RMDN2",-0.495218154207311,5.85225699974748e-08,4.01350176221551e-07,FALSE
"FSCN1",0.867468073847663,5.88949086567703e-08,4.03692222059915e-07,FALSE
"NRSN2",0.698361171974313,6.00370489810536e-08,4.11305622846653e-07,FALSE
"FERMT2",-0.453503483110238,6.0772154888201e-08,4.16123981065025e-07,FALSE
"ACVR2B",-0.443898557638723,6.08546099854415e-08,4.16470754798432e-07,FALSE
"RYK",-0.301388099639253,6.25234836570476e-08,4.2766846814946e-07,FALSE
"SEMA7A",1.06656323243551,6.26362802524803e-08,4.28216282540717e-07,TRUE
"CD74",0.656911651681839,6.2961931100142e-08,4.30017157180369e-07,FALSE
"MBD3",0.854307983139022,6.29653903387387e-08,4.30017157180369e-07,FALSE
"RPL32",-0.460517338464087,6.30254988201653e-08,4.30203248463818e-07,FALSE
"CRYZL1",-0.294541059427156,6.3459954829187e-08,4.32717566991518e-07,FALSE
"WDFY4",0.631612249140757,6.34545563947543e-08,4.32717566991518e-07,FALSE
"RPS23",-0.418204998809249,6.35412784957234e-08,4.33046547665805e-07,FALSE
"CGGBP1",-0.436772350090402,6.38109497362195e-08,4.34658144613208e-07,FALSE
"C9",-0.649214301337648,6.38543672578246e-08,4.34727704700696e-07,FALSE
"PCBP4",0.629180495292206,6.44233092478637e-08,4.38145436193782e-07,FALSE
"PEX16",0.577789204886092,6.44175418200928e-08,4.38145436193782e-07,FALSE
"DYRK1A",-0.366033040560718,6.47117675737158e-08,4.39878744068062e-07,FALSE
"AAMP",0.362613389791833,6.51920563979419e-08,4.4291354559515e-07,FALSE
"ASPSCR1",0.838146179100964,6.52727706296166e-08,4.43231905126006e-07,FALSE
"GAA",0.670475328758986,6.57972198518517e-08,4.46345848546815e-07,FALSE
"GTPBP1",0.386443496651238,6.57995331267456e-08,4.46345848546815e-07,FALSE
"SLC35A2",0.32098723439997,6.5990234136776e-08,4.47407636104957e-07,FALSE
"CFAP69",-0.614830025640737,6.62340164279731e-08,4.48828024365955e-07,FALSE
"CCDC86",0.57105183903927,6.63964586579143e-08,4.49696035566174e-07,FALSE
"BRPF1",0.412112954356592,6.65028834717498e-08,4.49997569190668e-07,FALSE
"TRRAP",0.378279855784601,6.65097232190607e-08,4.49997569190668e-07,FALSE
"BSDC1",0.276962896480595,6.65487632777287e-08,4.50029136793401e-07,FALSE
"INHBC",0.808837830381666,6.69129840774662e-08,4.52258537708925e-07,FALSE
"NSL1",-0.326663415673072,6.69586838032707e-08,4.52333894918689e-07,FALSE
"CISD2",-0.420701788229346,6.79678870360578e-08,4.58914686475538e-07,FALSE
"OSBPL6",-0.571939558007908,6.98284081480869e-08,4.71233772925131e-07,FALSE
"ANGPTL2",0.620394093943725,7.00663397905075e-08,4.7259583747415e-07,FALSE
"CFAP90",-1.23596104645374,7.02221191637143e-08,4.73402669460014e-07,TRUE
"ADNP",-0.226984133586692,7.03249787493636e-08,4.7385209561846e-07,FALSE
"RTTN",-0.492255840320053,7.03823410251321e-08,4.739946546816e-07,FALSE
"RAC1",-0.213054257031053,7.09844845969744e-08,4.77804047477424e-07,FALSE
"TRAPPC10",0.566900354232855,7.12449428094873e-08,4.79310786876572e-07,FALSE
"IFIT5",-0.460140111106967,7.14194785651649e-08,4.80238219504437e-07,FALSE
"TUBB",0.438838107180326,7.15338360176798e-08,4.80760257260505e-07,FALSE
"CHAF1A",0.568145377340438,7.21441378941813e-08,4.84613162293803e-07,FALSE
"PPP3R1",-0.540231743470406,7.22887729756549e-08,4.85335700408858e-07,FALSE
"SMCR8",0.905864351011337,7.23413510127223e-08,4.85439757795264e-07,FALSE
"SLC35A3",-0.522199782055816,7.29838098798746e-08,4.89500019952519e-07,FALSE
"MPP1",0.324584974783129,7.30606441044827e-08,4.89764440663537e-07,FALSE
"PGGHG",1.27827265794733,7.31685223641477e-08,4.90236588941362e-07,TRUE
"GNB1",0.245217565849576,7.36510457116924e-08,4.93217130668786e-07,FALSE
"TNKS2",-0.424088324517123,7.37608898344648e-08,4.93700189014731e-07,FALSE
"PAOX",0.560917054646185,7.39110146367078e-08,4.94452224641685e-07,FALSE
"RICTOR",-0.558454831011315,7.40017251540256e-08,4.94806223552862e-07,FALSE
"DCDC1",-0.774282759213811,7.43373857236795e-08,4.96796862631144e-07,FALSE
"CPTP",0.77324358846832,7.55576349504454e-08,5.04694161617975e-07,FALSE
"RPL23",-0.425487509041135,7.56762102937076e-08,5.05228426907302e-07,FALSE
"TNS3",0.306386888316825,7.59576442506741e-08,5.06848867752205e-07,FALSE
"SPPL3",-0.222669734446441,7.60165636664787e-08,5.06983622782241e-07,FALSE
"NALCN",1.05577332538202,7.60809090503418e-08,5.07154410023969e-07,TRUE
"GAS8",0.522060221510863,7.63750753519218e-08,5.08436426424761e-07,FALSE
"NOXA1",1.17616290822275,7.63897380673316e-08,5.08436426424761e-07,TRUE
"SLC6A12",0.500137538520766,7.63402310495933e-08,5.08436426424761e-07,FALSE
"POLK",-0.436063788721421,7.64761222192339e-08,5.0875273988527e-07,FALSE
"PER2",-0.499921950834811,7.67339623272998e-08,5.10208753067043e-07,FALSE
"CIAO3",0.565840935463187,7.68707765538974e-08,5.10858988143972e-07,FALSE
"DDOST",0.412441574916251,7.87984028999874e-08,5.23403699019095e-07,FALSE
"SLC12A9",0.627898652721689,7.93379969410758e-08,5.26720616608805e-07,FALSE
"RBMX2",-0.322808714712327,7.9778406644719e-08,5.29376026250715e-07,FALSE
"KLHL18",0.417206654834498,7.99489286936578e-08,5.30170474644766e-07,FALSE
"MICALL1",0.605011825957671,7.99791236956472e-08,5.30170474644766e-07,FALSE
"EID2B",-0.764276287438888,8.11428982926422e-08,5.37612765408538e-07,FALSE
"CARS1",0.449846656087467,8.25361857695163e-08,5.46567397114066e-07,FALSE
"TIMELESS",0.375787912243628,8.30268115614847e-08,5.49489002917929e-07,FALSE
"ZNF546",-0.456144126285399,8.30613150606921e-08,5.49489002917929e-07,FALSE
"ALG12",0.532649688407828,8.3356754439625e-08,5.51164964203824e-07,FALSE
"IQGAP2",-0.394669340398764,8.45720665658412e-08,5.58918473235736e-07,FALSE
"MYH14",0.620244880613661,8.49981789136082e-08,5.61451139423289e-07,FALSE
"RUSC1",0.531926415462482,8.51089193177056e-08,5.61899128445487e-07,FALSE
"PSMC4",0.331468516329512,8.51807562248315e-08,5.62089949846519e-07,FALSE
"GDF9",-0.758140601139898,8.53126554807376e-08,5.62676718163132e-07,FALSE
"SRD5A1",-0.469006688700593,8.54914139631319e-08,5.63288168900515e-07,FALSE
"UBE3D",-0.479417320719932,8.54732683541133e-08,5.63288168900515e-07,FALSE
"PLCD3",0.931733741618948,8.57469383645191e-08,5.64687584038372e-07,FALSE
"CYP3A43",-0.885530770827147,8.59045916689138e-08,5.65441384680452e-07,FALSE
"BICDL1",0.987363364336245,8.60408320879048e-08,5.66053554620528e-07,FALSE
"EGR1",-2.02920067806131,8.73622102394571e-08,5.74310711186326e-07,TRUE
"SURF6",0.461163029628492,8.73836645801377e-08,5.74310711186326e-07,FALSE
"CAAP1",-0.572106731056654,8.76030191746703e-08,5.75463485717403e-07,FALSE
"FLOT2",0.495084756664877,8.76564266880651e-08,5.75525545737286e-07,FALSE
"MR1",0.463941712510683,8.78371839406281e-08,5.76423264235941e-07,FALSE
"NCLN",0.673364785314762,8.78849790044502e-08,5.76447968500131e-07,FALSE
"PRSS8",0.74885215101465,8.85111551176466e-08,5.80264418027155e-07,FALSE
"SLC18B1",-0.427592878284684,8.85660229057523e-08,5.80333519460515e-07,FALSE
"COL18A1",0.786862687170182,8.86360816625254e-08,5.80502041583683e-07,FALSE
"USB1",0.36158289517021,8.90533626057442e-08,5.82943311617202e-07,FALSE
"PHF19",0.556339508425914,8.94300675115038e-08,5.85116663598504e-07,FALSE
"FEN1",0.493662511568477,8.94798304747646e-08,5.85149820467342e-07,FALSE
"ACP5",0.68835474812108,9.22806820155497e-08,6.03164597577422e-07,FALSE
"HLA-DRB1",0.693430480633209,9.31098857459214e-08,6.08276353468803e-07,FALSE
"NOP14",0.304088267236734,9.31556743587648e-08,6.08276353468803e-07,FALSE
"ALPK3",0.823694307184681,9.33541685176295e-08,6.09268581372286e-07,FALSE
"RABEP2",0.766655881570741,9.34604492669858e-08,6.0965829686267e-07,FALSE
"TMEM201",0.732627264725679,9.39566413806919e-08,6.12589815217141e-07,FALSE
"INPPL1",0.435438754813787,9.65535568913686e-08,6.29208146750522e-07,FALSE
"ATP9A",0.510040640184427,9.69182717488124e-08,6.31270653599727e-07,FALSE
"ADGRD1",0.782880710809101,9.70859849004414e-08,6.32048589913764e-07,FALSE
"PEX2",-0.327886580972898,9.7575354274816e-08,6.34918756543684e-07,FALSE
"RNF152",-0.852135193595039,9.92215161215471e-08,6.45309532569943e-07,FALSE
"DOK3",0.705150621433584,9.95007926129797e-08,6.46804556548724e-07,FALSE
"PLK2",0.468189404697458,9.99461379954036e-08,6.49377091134404e-07,FALSE
"LLGL2",0.756623143353805,1.0017198623077e-07,6.50521648677204e-07,FALSE
"ATP23",-0.569814369160744,1.01211946744338e-07,6.56949334049017e-07,FALSE
"RAB21",-0.458321860651238,1.0175512398474e-07,6.60147712194361e-07,FALSE
"JAGN1",-0.339571258407927,1.01984935133001e-07,6.61310931531082e-07,FALSE
"PTGDS",1.22717649275816,1.02046187507781e-07,6.61380538045482e-07,TRUE
"CTC1",0.369363583223203,1.02863323134426e-07,6.66346673169672e-07,FALSE
"RCOR3",-0.475812904038292,1.03934773167542e-07,6.72954525375597e-07,FALSE
"LZTR1",0.498422292350319,1.0460147478157e-07,6.76602029565375e-07,FALSE
"POMT2",0.468305238199688,1.04582684925889e-07,6.76602029565375e-07,FALSE
"MPZL1",0.381577469639777,1.05203905340289e-07,6.80162730229661e-07,FALSE
"ACD",0.67010843550797,1.05386628189963e-07,6.81007767158437e-07,FALSE
"PAQR7",0.453582758272599,1.05612624114615e-07,6.82131462707715e-07,FALSE
"TK1",0.773932598097105,1.059446663733e-07,6.83938645048937e-07,FALSE
"CARD9",1.04314899382702,1.07329011695277e-07,6.92417902063982e-07,TRUE
"SAMD11",1.24943869809995,1.07363912403749e-07,6.92417902063982e-07,TRUE
"PPP1R12C",0.625554300190853,1.07962490494537e-07,6.95935463099204e-07,FALSE
"EIF3E",-0.488841710896716,1.08212401984529e-07,6.97026903045093e-07,FALSE
"FOXN2",-0.391583418827466,1.08238290092474e-07,6.97026903045093e-07,FALSE
"ENPP7",0.921680639977833,1.08719967387515e-07,6.99784568848253e-07,FALSE
"MET",-0.48568157030099,1.0894913999677e-07,7.00915056922711e-07,FALSE
"RNFT1",-0.535595974694524,1.10602741752744e-07,7.11203877714602e-07,FALSE
"L3MBTL2",0.391751569431694,1.10783440125254e-07,7.12016101187934e-07,FALSE
"ZNF334",-0.778615522805962,1.10860455209116e-07,7.12161471834028e-07,FALSE
"GADD45G",-1.17616577834727,1.11231972526825e-07,7.14197638215397e-07,TRUE
"PPP2R5A",-0.363345901821147,1.11700306350022e-07,7.16853142516908e-07,FALSE
"CACNA1H",0.988174870931166,1.11795697434123e-07,7.16882511553356e-07,FALSE
"VPS37A",-0.400473164546491,1.11814397234338e-07,7.16882511553356e-07,FALSE
"RNF13",-0.431970978561637,1.14200223830002e-07,7.31820523926769e-07,FALSE
"PSMA1",-0.748457779557708,1.14270001557446e-07,7.31909422891429e-07,FALSE
"H2AZ2",-0.263588790456863,1.14913975804267e-07,7.35674215760127e-07,FALSE
"NCAPH",0.906975099146573,1.15016428890592e-07,7.35970228267658e-07,FALSE
"TMEM170A",-0.362093127636677,1.15644994742349e-07,7.39630811512863e-07,FALSE
"YKT6",0.358861106416703,1.16957247624903e-07,7.47658342727162e-07,FALSE
"TSPAN5",-1.01075908895457,1.18218998981356e-07,7.55355360987757e-07,TRUE
"CCNF",0.57797856974047,1.1881005415014e-07,7.58761575089576e-07,FALSE
"BET1L",0.318603288770381,1.19122968760506e-07,7.60389033160674e-07,FALSE
"APEX2",0.371879406575737,1.19307090057193e-07,7.61193188610513e-07,FALSE
"CCDC106",0.69977626148416,1.19370431127914e-07,7.61226344046103e-07,FALSE
"TMEM33",-0.496213662897817,1.20135764008582e-07,7.65733896007964e-07,FALSE
"MRC2",1.00029765413387,1.21751470442175e-07,7.75654623371754e-07,TRUE
"EEF1E1",-0.848464526862655,1.22173287249188e-07,7.77963364137341e-07,FALSE
"ATF2",-0.422940122592875,1.22583976392822e-07,7.80199036915324e-07,FALSE
"ETAA1",-0.505686205785885,1.22984556001956e-07,7.82368225062004e-07,FALSE
"RNPEPL1",0.674786037070308,1.23240871422144e-07,7.83618012947407e-07,FALSE
"ACADS",0.716050495550706,1.23497382010142e-07,7.84487008867915e-07,FALSE
"MTRF1",-0.35199963404324,1.23459610765058e-07,7.84487008867915e-07,FALSE
"DHX16",0.369466415513562,1.24026676161758e-07,7.87467140790363e-07,FALSE
"IL21R",1.03955385722555,1.2441464983956e-07,7.89547550024003e-07,TRUE
"TMED1",0.517744528971728,1.24784506385862e-07,7.9151102597079e-07,FALSE
"TMEM94",0.537957357457934,1.26738924158576e-07,8.03518641687203e-07,FALSE
"GNL1",0.310529279381382,1.27174985104336e-07,8.05892984020311e-07,FALSE
"ZNF32",-0.403815757633135,1.27550034892074e-07,8.0787859545575e-07,FALSE
"NFASC",0.836276576805383,1.27993655435155e-07,8.10296391178458e-07,FALSE
"OAT",-0.870782334108436,1.29761252363118e-07,8.21089567877209e-07,FALSE
"CSK",0.558953343071338,1.29851399651426e-07,8.21263055186698e-07,FALSE
"TEPSIN",0.679846201853562,1.30122810969874e-07,8.2258225070864e-07,FALSE
"ANTKMT",1.14071113321188,1.30336915573062e-07,8.23538078514733e-07,TRUE
"SLC8B1",0.411852554565059,1.3042060242356e-07,8.23669332816809e-07,FALSE
"POT1",-0.455866928830676,1.3341514937601e-07,8.42175089503722e-07,FALSE
"LIF",1.17404589867507,1.33904874039626e-07,8.44859089603271e-07,TRUE
"PGS1",0.372155684971841,1.35709249599652e-07,8.55831163660231e-07,FALSE
"BECN1",0.266150773633643,1.36436109256317e-07,8.60000742601683e-07,FALSE
"RELT",0.666746298848775,1.36867820652754e-07,8.62306789213594e-07,FALSE
"ARRB1",0.463150950879643,1.37779562619086e-07,8.67633493895658e-07,FALSE
"SNAPC2",0.867895512164508,1.38208026399469e-07,8.69913212318196e-07,FALSE
"DYNLT3",-0.625449421150468,1.3975321543056e-07,8.79216288523252e-07,FALSE
"DHX36",-0.388454025347021,1.40605018072269e-07,8.84150286552423e-07,FALSE
"TNFAIP2",0.693645818920583,1.41087189559451e-07,8.86756354158588e-07,FALSE
"CS",0.496649794415514,1.41187579628424e-07,8.8696151271369e-07,FALSE
"ZNF503",-0.71170631680039,1.41846389676058e-07,8.90672869850818e-07,FALSE
"PTEN",-0.408794696052588,1.42038855708708e-07,8.91453834582167e-07,FALSE
"SPOCK2",0.783398656604559,1.42786323346086e-07,8.9571564218829e-07,FALSE
"MUC3A",1.84045149076004,1.44393370932592e-07,9.05363032686542e-07,TRUE
"BLOC1S6",-0.4471313904755,1.45215997071367e-07,9.10085128606191e-07,FALSE
"REXO4",0.360461582807519,1.45378863978732e-07,9.10669898186393e-07,FALSE
"PLGLB2",-0.47023064097722,1.46120313458995e-07,9.14876682833649e-07,FALSE
"HGSNAT",0.260855489654812,1.46236104711868e-07,9.15163997556298e-07,FALSE
"ATG10",-0.35040370536805,1.46742225944052e-07,9.17892604901827e-07,FALSE
"U2SURP",-0.421346689812469,1.470440999307e-07,9.19341621916298e-07,FALSE
"EFEMP2",0.665505781333542,1.50567893548447e-07,9.40923561974354e-07,FALSE
"PGBD4",-0.404860290906992,1.51451261549315e-07,9.4599232643303e-07,FALSE
"GMEB2",0.495116775633112,1.51591333131623e-07,9.46415704987701e-07,FALSE
"B4GALT2",0.450292555264921,1.52501818691663e-07,9.51646239423855e-07,FALSE
"S100A9",1.09048929504718,1.52826804798309e-07,9.52974130510412e-07,TRUE
"TNXB",0.90568973423785,1.52860195086455e-07,9.52974130510412e-07,FALSE
"ZNF524",0.864811804906771,1.53004987306281e-07,9.53422795722909e-07,FALSE
"RPL30",-0.393123654411104,1.53451111232677e-07,9.55747834566227e-07,FALSE
"UBE2F",-0.373816174620824,1.55076627002413e-07,9.65412839141984e-07,FALSE
"ZNF140",-0.333259907028649,1.55641736509796e-07,9.68470349042893e-07,FALSE
"SLC2A8",0.469478253507464,1.56219753278195e-07,9.71605230364909e-07,FALSE
"HLA-DPA1",0.642330161317519,1.56776739604049e-07,9.7460639833628e-07,FALSE
"NACC2",0.368218366553778,1.56953322665011e-07,9.75241053787528e-07,FALSE
"POMGNT2",0.429317971360067,1.57233036000884e-07,9.76515610684806e-07,FALSE
"TCF20",0.35328104042646,1.57387337973197e-07,9.77010445113844e-07,FALSE
"SEPTIN5",1.00698405386763,1.58046616662154e-07,9.80638059403279e-07,TRUE
"CFAP263",0.624779883367988,1.60711514989687e-07,9.96700688889143e-07,FALSE
"MIIP",0.767283225729516,1.61460689970583e-07,1.00087279976083e-06,FALSE
"NBEAL2",0.574035997222055,1.62445130172849e-07,1.00649864847276e-06,FALSE
"EXOC7",0.301523201967527,1.62976484127286e-07,1.0093132120125e-06,FALSE
"KCNK1",-0.814730231675995,1.63821764008204e-07,1.01371047406287e-06,FALSE
"TBCA",-0.399482324460935,1.63841381234116e-07,1.01371047406287e-06,FALSE
"GLRX",-0.438006263214476,1.63962217599275e-07,1.01397891016047e-06,FALSE
"TEDC1",1.16313296097843,1.64064634665659e-07,1.01413323750841e-06,TRUE
"KICS2",-0.278590374062571,1.67418144472125e-07,1.03437392516709e-06,FALSE
"ZBTB10",-0.633320815724989,1.67510653470796e-07,1.03445729964135e-06,FALSE
"ALDH16A1",0.78586589986649,1.70188469098044e-07,1.05049855607336e-06,FALSE
"FKBP8",0.730067099653544,1.70673950976334e-07,1.05299875880403e-06,FALSE
"LZTS2",0.581813354130428,1.72038013463607e-07,1.06091458891453e-06,FALSE
"SORCS2",1.10761300612981,1.72181122535935e-07,1.0612972016198e-06,TRUE
"GFUS",0.490196829022529,1.73728027293281e-07,1.07032815685818e-06,FALSE
"TSC22D2",-0.420212671287244,1.74350196798952e-07,1.07365605667539e-06,FALSE
"DNMT3A",0.39622562748691,1.75260503264229e-07,1.078754352955e-06,FALSE
"KDM4C",-0.366812635693566,1.75486497919761e-07,1.07963779641237e-06,FALSE
"RNF40",0.347262033443211,1.75733628260488e-07,1.08065038101753e-06,FALSE
"CLEC1A",-0.767496258909332,1.77355881175218e-07,1.08960262615953e-06,FALSE
"NDUFB7",0.906116310681782,1.77280412817575e-07,1.08960262615953e-06,FALSE
"CIBAR1",-0.350355859557727,1.77833117922111e-07,1.09110969486739e-06,FALSE
"MCM2",0.854633006964144,1.77851213630233e-07,1.09110969486739e-06,FALSE
"TRIM33",-0.439824371335766,1.77735255136819e-07,1.09110969486739e-06,FALSE
"LYPLA2",0.563813174859272,1.78950001803332e-07,1.09733649817762e-06,FALSE
"TMX3",-0.596784143319433,1.79486761099782e-07,1.100112676179e-06,FALSE
"LTBP3",0.781688296941307,1.79755382187668e-07,1.10124354871359e-06,FALSE
"SUSD6",0.312545536702702,1.79966202295105e-07,1.10201942022803e-06,FALSE
"NUDT12",-0.505690625206582,1.80290110372079e-07,1.10348673445127e-06,FALSE
"DELE1",0.200560563473408,1.81773113261081e-07,1.11204373776358e-06,FALSE
"NUS1",-0.500568548438339,1.8280203285762e-07,1.11781607387761e-06,FALSE
"CHPF",0.738479979983251,1.83910831708048e-07,1.12407124590185e-06,FALSE
"FAM162A",-0.429938992279373,1.84032655787872e-07,1.12429096107084e-06,FALSE
"COPE",0.934336857622879,1.84902424020077e-07,1.12907767503305e-06,FALSE
"MEAK7",0.492256376151898,1.85414545725492e-07,1.13167703153293e-06,FALSE
"BMPR2",-0.445800366105301,1.87973699742328e-07,1.14676219805524e-06,FALSE
"CLN6",0.348694638410698,1.89126248084822e-07,1.15325609684513e-06,FALSE
"CHTF8",0.315521056280872,1.89714530663156e-07,1.15630476510337e-06,FALSE
"STK11IP",0.58183058227492,1.91405102381788e-07,1.16556648982548e-06,FALSE
"TDO2",-0.571530488327424,1.91412156517322e-07,1.16556648982548e-06,FALSE
"RHBDD2",0.513581860324034,1.91707808477694e-07,1.16682409511389e-06,FALSE
"NR3C1",-0.307668846466303,1.9289366700252e-07,1.17349623066774e-06,FALSE
"KRTCAP3",-0.799092487450531,1.93153837656536e-07,1.1745332292612e-06,FALSE
"ETFRF1",-0.826053950308583,1.93956724331933e-07,1.17886788995063e-06,FALSE
"WIZ",0.579303432331763,1.94232938139095e-07,1.17999889843018e-06,FALSE
"UBR3",-0.381990003148152,1.94421062899257e-07,1.18059394966469e-06,FALSE
"MBD1",0.334974127974971,1.94751119514358e-07,1.18204991037644e-06,FALSE
"CYTH2",0.491957480766484,1.94859068989825e-07,1.18215705802354e-06,FALSE
"MIF",1.24090370018316,1.95098062431606e-07,1.18305874634303e-06,TRUE
"KBTBD11",-0.475741352802482,1.95757520303541e-07,1.18650808139535e-06,FALSE
"WDR4",0.517105721354752,1.98508091946636e-07,1.20262283191363e-06,FALSE
"ARHGAP4",0.78636703871754,1.98797325574275e-07,1.20370612008292e-06,FALSE
"ORAI3",-0.53473206041395,1.98870786567321e-07,1.20370612008292e-06,FALSE
"ACVR2A",-0.374333739582722,2.00004544092707e-07,1.21000900705255e-06,FALSE
"CDK19",-0.367872921912002,2.00994238456971e-07,1.21432283194874e-06,FALSE
"JMJD4",0.471032938486117,2.00923006072279e-07,1.21432283194874e-06,FALSE
"REPIN1",0.409967194665794,2.00995843021152e-07,1.21432283194874e-06,FALSE
"SASH3",0.642499631342075,2.01407832074697e-07,1.21625061693816e-06,FALSE
"STARD10",0.474447742394011,2.03035182392026e-07,1.22551249786833e-06,FALSE
"PPP4R2",-0.551718686363664,2.03968335439631e-07,1.2305776256109e-06,FALSE
"VRK3",0.320805013443503,2.041526202543e-07,1.23112211163947e-06,FALSE
"TTC7A",0.487648280047755,2.04402327777128e-07,1.23206043980578e-06,FALSE
"CBLB",-0.402419902026919,2.04648103698477e-07,1.23297421703657e-06,FALSE
"PIK3IP1",0.510787466562739,2.06433923127625e-07,1.24316141747326e-06,FALSE
"MTUS1",-0.350664836113497,2.06973486389548e-07,1.24583764772964e-06,FALSE
"STYX",-0.528391141549272,2.08134668708847e-07,1.25225141669864e-06,FALSE
"TMED6",-1.00752359355841,2.09789884813322e-07,1.26163030407717e-06,TRUE
"PPP1R37",0.641958775787066,2.11631524695413e-07,1.27212117599281e-06,FALSE
"PKN1",0.554678738949806,2.13894226298969e-07,1.28513226741904e-06,FALSE
"PRMT7",0.507700925638751,2.14762779436066e-07,1.28975885705366e-06,FALSE
"ARHGAP45",0.734316793022924,2.14984357387749e-07,1.2904975730951e-06,FALSE
"DMAC2L",-0.24552609345638,2.15330967917538e-07,1.29198580750523e-06,FALSE
"ANKRD13D",0.571312735081244,2.16423557646151e-07,1.29794650329978e-06,FALSE
"POLR1D",-0.237199741983118,2.17834130312476e-07,1.30580789104896e-06,FALSE
"PPP1R16A",0.831651330734135,2.17938315882526e-07,1.30583452244121e-06,FALSE
"VPS16",0.355113945248717,2.18903329269019e-07,1.31101664537511e-06,FALSE
"TP53I11",0.562652789137549,2.19592484947804e-07,1.31454266709495e-06,FALSE
"CFAP410",0.814812798009237,2.20151544204652e-07,1.31728702775471e-06,FALSE
"STING1",0.559481160286979,2.23733889531422e-07,1.33811059010753e-06,FALSE
"IL1RN",-0.388654455134183,2.25597984599545e-07,1.34864329423618e-06,FALSE
"AP4S1",-0.327977187492157,2.25709827757436e-07,1.34869605887739e-06,FALSE
"IFT122",0.417276022085777,2.25859998265959e-07,1.34897769037314e-06,FALSE
"PGRMC2",-0.377606269496508,2.26119673439279e-07,1.34991279738579e-06,FALSE
"ITGAX",0.484413539702827,2.26785405098461e-07,1.35327006542801e-06,FALSE
"HELQ",-0.295213943123564,2.28464353855399e-07,1.36266757206145e-06,FALSE
"LENG8",0.740538122470446,2.29044047258639e-07,1.36550303584249e-06,FALSE
"LCP1",0.515863759624986,2.29346790522675e-07,1.36668556282334e-06,FALSE
"CNOT2",-0.267218666791221,2.29524992450754e-07,1.36712520526172e-06,FALSE
"CNIH3",-0.452922476145432,2.29911791483897e-07,1.3685256641237e-06,FALSE
"METTL15",-0.452447226536846,2.29969176678287e-07,1.3685256641237e-06,FALSE
"AMOTL2",0.419361474834917,2.30131173949825e-07,1.36886748266747e-06,FALSE
"NSUN6",-0.457508888992475,2.31645419851616e-07,1.37724879050743e-06,FALSE
"NOB1",0.32752498399799,2.33724896041349e-07,1.38898154288395e-06,FALSE
"CHMP1B",-0.334713016988979,2.3385531233023e-07,1.38910862791317e-06,FALSE
"DUS4L",-0.403231247014709,2.33958487973461e-07,1.38910862791317e-06,FALSE
"CYGB",0.699812058018578,2.40075189169643e-07,1.4245048018339e-06,FALSE
"XAB2",0.633232973752011,2.40137648766225e-07,1.4245048018339e-06,FALSE
"CDKN2AIP",-0.438397312952199,2.43700773071105e-07,1.444332512923e-06,FALSE
"SLC37A1",0.512091363540356,2.43604975602801e-07,1.444332512923e-06,FALSE
"SENP6",-0.367071224556412,2.45645345357001e-07,1.45519857982528e-06,FALSE
"MCRIP1",0.826383664483742,2.46491991931576e-07,1.45955366728548e-06,FALSE
"TEX30",-0.482341372350839,2.51810813061599e-07,1.49037394421449e-06,FALSE
"PRKD2",0.467040524683293,2.52801701832114e-07,1.49488702817798e-06,FALSE
"SMIM20",-0.357488135456147,2.52776986009031e-07,1.49488702817798e-06,FALSE
"JAG2",1.10068980632888,2.54945809780574e-07,1.50688512038252e-06,TRUE
"MRPL3",-0.29326956644795,2.55518033264758e-07,1.50958578136381e-06,FALSE
"PHF23",0.439946725660831,2.56412992107161e-07,1.51418984784256e-06,FALSE
"SLC35A4",0.336587853250266,2.56676932264181e-07,1.51506510243582e-06,FALSE
"EXOSC3",-0.436945125373239,2.56835751917809e-07,1.51531936192337e-06,FALSE
"GMPPB",0.627205548558743,2.57626137613572e-07,1.51929792506166e-06,FALSE
"ZNF468",0.639481040510224,2.58422248030436e-07,1.5233066507044e-06,FALSE
"NADK2",-0.48005875950134,2.60472296048919e-07,1.53469995493809e-06,FALSE
"SLC10A5",-0.666512063010724,2.62653503784553e-07,1.54652311367279e-06,FALSE
"TPD52L2",0.275431376076542,2.62715200489481e-07,1.54652311367279e-06,FALSE
"ACSL5",-0.377797201573006,2.6593196025595e-07,1.56475560614422e-06,FALSE
"UBE2B",-0.604892021605922,2.67926874027001e-07,1.57578555020732e-06,FALSE
"ASCC2",0.368223807596822,2.68836197005449e-07,1.58042366016854e-06,FALSE
"RNASE1",0.846851465336497,2.69382473426588e-07,1.58292430076341e-06,FALSE
"BMP2K",-0.411812749443062,2.70657554580397e-07,1.58970332192309e-06,FALSE
"ADCK2",0.394568581766646,2.71928153056446e-07,1.59644994610537e-06,FALSE
"SUSD1",0.687550719950019,2.72361744223231e-07,1.59827877874072e-06,FALSE
"TIMM13",0.615585703483209,2.72645917607397e-07,1.59922954897672e-06,FALSE
"APOBEC3C",0.461711651894176,2.72862896925389e-07,1.59978551121684e-06,FALSE
"CACTIN",0.629802101357258,2.73648734209255e-07,1.60367467693266e-06,FALSE
"NOP58",-0.344583117678941,2.75782262092841e-07,1.61545475405793e-06,FALSE
"TMEM38A",0.426080803339871,2.76003455960275e-07,1.61602739062251e-06,FALSE
"IFT70A",-0.455423487227274,2.76463878995541e-07,1.61799959937847e-06,FALSE
"LARP4",-0.365620270656735,2.76949524514033e-07,1.62011759380595e-06,FALSE
"PLIN4",0.818991715995322,2.78245632030078e-07,1.62697267286189e-06,FALSE
"LSR",0.584521464168133,2.79064449115172e-07,1.6310320392035e-06,FALSE
"KDM4B",0.486329986854561,2.79210963601211e-07,1.63116016754443e-06,FALSE
"SURF4",0.245336075991147,2.79597926896576e-07,1.63269226535681e-06,FALSE
"OGFOD3",0.45622641426419,2.81331634879699e-07,1.64186389912945e-06,FALSE
"PTGS1",0.525809967076347,2.81419385093682e-07,1.64186389912945e-06,FALSE
"AIFM2",0.345258691116678,2.8277901998786e-07,1.64832721713316e-06,FALSE
"LIMK2",0.401122284716283,2.82739463719195e-07,1.64832721713316e-06,FALSE
"NAGPA",0.46244435487139,2.83290331757367e-07,1.65057277408431e-06,FALSE
"CCM2",0.427849549456707,2.85544534054608e-07,1.6629666547344e-06,FALSE
"MAF",-0.493141267011133,2.87850100310032e-07,1.67564851634457e-06,FALSE
"GLTP",-0.288346603814252,2.88633677528115e-07,1.67946315831026e-06,FALSE
"COL1A2",0.697898019589316,2.88856458710662e-07,1.68001277540648e-06,FALSE
"CNKSR3",-0.40328270780329,2.89529421952452e-07,1.68317903738965e-06,FALSE
"ADPRS",0.388020804576418,2.89878048576331e-07,1.68445779492291e-06,FALSE
"CRLS1",-0.444690974371707,2.90882221581057e-07,1.68954305454268e-06,FALSE
"ENTPD7",0.812094512621439,2.91561186371134e-07,1.69273572149485e-06,FALSE
"IGSF3",1.18799732404429,2.92001966195633e-07,1.69392489295073e-06,TRUE
"MRPS31",-0.261348747090233,2.9215417111845e-07,1.69392489295073e-06,FALSE
"RPL36AL",-0.411275646477146,2.92107617488661e-07,1.69392489295073e-06,FALSE
"PGAM5",0.449791513013968,2.92779240052081e-07,1.69679761432574e-06,FALSE
"LIAS",-0.294570516359843,2.94447330626359e-07,1.70570993476119e-06,FALSE
"GNB2",0.59482080731408,2.95333320762098e-07,1.7100857299502e-06,FALSE
"CXXC1",0.533785876644599,2.95565390684529e-07,1.71067289780807e-06,FALSE
"DUSP5",-0.324130580886755,2.95737631516912e-07,1.7109134210426e-06,FALSE
"VCAN",0.931566345183492,2.95973532472535e-07,1.71152185827316e-06,FALSE
"ATP5F1D",0.831057696232104,2.96224376575417e-07,1.71221613162268e-06,FALSE
"TGFBR3",-0.627370839901308,2.97366221784502e-07,1.71805762383173e-06,FALSE
"RAPGEF1",0.364493505179427,2.98211122103629e-07,1.72217909597738e-06,FALSE
"RPS17",-0.667658312525783,2.98472432155031e-07,1.72292816656687e-06,FALSE
"NCOR2",0.773548950132419,2.99571802919158e-07,1.72851213918802e-06,FALSE
"SPICE1",-0.401770002492244,2.99925379357907e-07,1.72978989716023e-06,FALSE
"ICE2",-0.339378812433639,3.00721866312863e-07,1.73361984754206e-06,FALSE
"CARD11",0.723326426598458,3.03414023310922e-07,1.74836989136734e-06,FALSE
"CEP85",0.401791937053061,3.0617508593437e-07,1.76350383856259e-06,FALSE
"SLC6A6",0.678256943518264,3.06763602895129e-07,1.76611657392393e-06,FALSE
"RTRAF",-0.308137091392511,3.08133444720209e-07,1.77322332231955e-06,FALSE
"NUMA1",0.421839623517948,3.1072531388671e-07,1.78735316757681e-06,FALSE
"BBLN",0.933303495411955,3.11935413296454e-07,1.79352588092981e-06,FALSE
"ANAPC13",-0.405302959830395,3.12117870213377e-07,1.79378716278908e-06,FALSE
"POMGNT1",0.294313986605367,3.12984912394797e-07,1.79798090086559e-06,FALSE
"DEXI",0.445925346183345,3.19232017742599e-07,1.83306384924829e-06,FALSE
"UPRT",-0.368059115440875,3.2008599720329e-07,1.83716171652147e-06,FALSE
"DHRS7",0.485423633154246,3.20302188016337e-07,1.83759695245832e-06,FALSE
"ABCB4",0.62344705654505,3.20932245897216e-07,1.84040515255644e-06,FALSE
"ETNK1",-0.605986668811953,3.21292260123413e-07,1.8416629901645e-06,FALSE
"SMPD1",0.400426303874698,3.24097238966682e-07,1.85692825056972e-06,FALSE
"ADH1A",-0.395834183220904,3.24680321040639e-07,1.8594552769309e-06,FALSE
"MMP24",0.899299542830158,3.2571662546208e-07,1.86457457829014e-06,FALSE
"LSP1",0.771298886145999,3.26265717092459e-07,1.86690155951681e-06,FALSE
"BAP1",0.304028802454502,3.28529700288744e-07,1.87903487819145e-06,FALSE
"MIX23",-0.380104598537308,3.29314288738079e-07,1.88269985509123e-06,FALSE
"PRKCZ",0.500491394562154,3.30210552004317e-07,1.88699980220014e-06,FALSE
"SETDB2",-0.395555801506883,3.31245593845554e-07,1.8920887062068e-06,FALSE
"MVB12B",0.558688692301763,3.32223956033326e-07,1.89684955620947e-06,FALSE
"ZNF586",-0.399967181560061,3.33625856729582e-07,1.90402341599987e-06,FALSE
"ANXA13",1.02327072541794,3.3434415945422e-07,1.90729138804996e-06,TRUE
"BORCS7",-0.772216831989701,3.35829174657811e-07,1.91492837744776e-06,FALSE
"C18orf21",-0.430521510165012,3.3605342026631e-07,1.91537282460885e-06,FALSE
"HOOK3",-0.441376991406663,3.37645464878348e-07,1.92360941087351e-06,FALSE
"HMGN2",-0.290449380137997,3.3785128558792e-07,1.92394477203873e-06,FALSE
"UBXN11",0.587316271411867,3.38253527147584e-07,1.92456113751246e-06,FALSE
"ZBED4",0.345259153080829,3.38247127507272e-07,1.92456113751246e-06,FALSE
"CCNT2",-0.440621525657594,3.42187834315954e-07,1.94610040263444e-06,FALSE
"EMC1",0.35097185613511,3.43992619720282e-07,1.9555151443239e-06,FALSE
"CEPT1",-0.40218297858201,3.44236981429496e-07,1.95605493093532e-06,FALSE
"NUDT22",0.566139241507068,3.45562941070028e-07,1.96273753773918e-06,FALSE
"RPL6",-0.296398932933337,3.47232433423241e-07,1.97136470874981e-06,FALSE
"ZBTB44",-0.333376837173161,3.51779998634289e-07,1.99631718340707e-06,FALSE
"BRICD5",1.36416278316292,3.54752935851191e-07,2.01231604686473e-06,TRUE
"S100A14",0.694349928770699,3.55240272824301e-07,2.01420773140569e-06,FALSE
"TNF",0.886266846331562,3.55538140429367e-07,2.01502395432956e-06,FALSE
"GPR107",0.234641022144554,3.55866939496206e-07,2.01601470007976e-06,FALSE
"GBA2",0.344234588146389,3.5638798879613e-07,2.01809323067428e-06,FALSE
"JMJD7-PLA2G4B",0.719501984432432,3.64334009718944e-07,2.06219665163874e-06,FALSE
"PPP5C",0.284464195508747,3.64577021323286e-07,2.0626803643753e-06,FALSE
"TATDN3",-0.280609651003271,3.6579852496618e-07,2.06869731700096e-06,FALSE
"DUSP11",-0.308968604034804,3.66781860716021e-07,2.07336274632735e-06,FALSE
"SUFU",0.335846888781607,3.6898739851545e-07,2.08493009122325e-06,FALSE
"BCR",0.50854461767228,3.70209705782144e-07,2.09093419676438e-06,FALSE
"PODN",0.7771653969527,3.71781535611869e-07,2.09890636663674e-06,FALSE
"URI1",-0.2710831062184,3.73725738088325e-07,2.10897300131567e-06,FALSE
"MAP1LC3B",-0.318272798135252,3.7500857051367e-07,2.11530038998922e-06,FALSE
"SPRED2",-0.41795627938331,3.77729454784553e-07,2.12973041431497e-06,FALSE
"ZCCHC14",-0.329860623385818,3.80264517731742e-07,2.14310076028582e-06,FALSE
"GET4",0.968576487864731,3.81576840796668e-07,2.14957142844663e-06,FALSE
"CCDC90B",-0.415920165695328,3.83746171940138e-07,2.16086231528614e-06,FALSE
"CHST13",0.751695918827217,3.84153915971201e-07,2.16222831809757e-06,FALSE
"GUK1",0.680291330145447,3.86871534506321e-07,2.17658879662946e-06,FALSE
"GPLD1",0.908524792173943,3.91348167944324e-07,2.20082913003741e-06,FALSE
"NOL7",-0.258879947211002,3.92992451035132e-07,2.20912716571573e-06,FALSE
"CHD1L",0.379594329249601,3.93941692380795e-07,2.213512719592e-06,FALSE
"MYO1G",0.569374212844497,3.976435869368e-07,2.23335471479047e-06,FALSE
"APOL3",0.696546565440016,3.98023051319246e-07,2.2345273532897e-06,FALSE
"CFHR4",-0.617252458299334,3.99598757983561e-07,2.24241189006463e-06,FALSE
"DTD2",-0.350814638720158,3.9986513490857e-07,2.24294530686504e-06,FALSE
"INSIG2",-0.55737034585108,4.01247871583147e-07,2.24973753094927e-06,FALSE
"ABCC6",0.427702957018955,4.04985191583243e-07,2.26972008913006e-06,FALSE
"SRSF10",-0.38256409282624,4.08023320738514e-07,2.28576864146711e-06,FALSE
"ZFAT",0.520214150206028,4.08432227179515e-07,2.28708071780762e-06,FALSE
"ADGRE5",0.4573928442443,4.09553697791496e-07,2.29238008186672e-06,FALSE
"DTWD1",-0.45796352042115,4.10591155848178e-07,2.29720487707878e-06,FALSE
"GALNT10",0.386480804862459,4.12993077755012e-07,2.30965628960642e-06,FALSE
"WASF1",-0.398077875174807,4.13824224619095e-07,2.31331628894671e-06,FALSE
"KIAA1586",-0.567886117566115,4.16844990550678e-07,2.32920811621403e-06,FALSE
"PRX",0.688796090879426,4.19951893369105e-07,2.34556748634314e-06,FALSE
"CLK4",-0.43831090180688,4.20231429104914e-07,2.34612787626505e-06,FALSE
"HDHD5",0.38879422977281,4.21311732308045e-07,2.35115652147354e-06,FALSE
"PAQR5",0.898499376201557,4.2261516173889e-07,2.35742552087156e-06,FALSE
"CDC14B",-0.285140844742847,4.23288675753941e-07,2.3591721340871e-06,FALSE
"TOP3A",0.331417852498077,4.23242670437175e-07,2.3591721340871e-06,FALSE
"AIFM1",0.275435575201018,4.24388539367406e-07,2.36429564144599e-06,FALSE
"PLXND1",0.469562006384798,4.25587759676714e-07,2.36996807728096e-06,FALSE
"ZNF345",-0.426107050564302,4.26978149737189e-07,2.37669980287384e-06,FALSE
"EOLA2",0.316764895933569,4.27864909426295e-07,2.38062362694817e-06,FALSE
"NSD3",-0.296690116301992,4.29806981498239e-07,2.39041333975146e-06,FALSE
"NID2",-0.486808812941002,4.31553420925053e-07,2.39910717059481e-06,FALSE
"APRT",0.574799581802733,4.33016247827199e-07,2.4062176216272e-06,FALSE
"ZDBF2",-0.514270610684407,4.33691452497582e-07,2.40894717696154e-06,FALSE
"EFNB3",0.561586519983165,4.35879261889429e-07,2.42007264489245e-06,FALSE
"PDGFC",-0.383826830290548,4.4143876033177e-07,2.44990091151485e-06,FALSE
"ARF3",0.259198277708439,4.47935338718371e-07,2.4832572670181e-06,FALSE
"IPMK",-0.618228632425408,4.47890273666471e-07,2.4832572670181e-06,FALSE
"MUS81",0.49112796760751,4.48018153429327e-07,2.4832572670181e-06,FALSE
"RGS3",0.424928394495272,4.49237481708263e-07,2.48896195959567e-06,FALSE
"PRPF39",-0.474109841147872,4.50277933846564e-07,2.49367119708935e-06,FALSE
"DDX60L",-0.528209453969131,4.51510974989742e-07,2.49944257275505e-06,FALSE
"CENPN",0.554870353552408,4.53035854014995e-07,2.50682392255465e-06,FALSE
"TMPRSS6",0.522156761510945,4.56766408740467e-07,2.52639874238707e-06,FALSE
"ADK",-0.331448680989193,4.57164459904859e-07,2.52753256295372e-06,FALSE
"GLT8D1",-0.347839331675404,4.57574882346065e-07,2.52873379471282e-06,FALSE
"PDGFRB",0.520054159194271,4.59972579583725e-07,2.54091181937136e-06,FALSE
"C4orf33",-0.503649107200129,4.61422756727593e-07,2.54784763014662e-06,FALSE
"EPS15L1",0.440587581157128,4.6687424859375e-07,2.57686242099046e-06,FALSE
"ANKHD1",-0.486366817160803,4.77362999379278e-07,2.63364365270691e-06,FALSE
"SLC22A17",0.939555821916806,4.79140079452375e-07,2.64233442299515e-06,FALSE
"SLC7A7",0.47193678305625,4.80957864854777e-07,2.65124225965421e-06,FALSE
"THBS2",0.876701569117722,4.86944520725302e-07,2.68311349551164e-06,FALSE
"WDR77",0.294727389382187,4.88627737721493e-07,2.691255507888e-06,FALSE
"C1QC",1.11264445489444,4.8893590506395e-07,2.69182038229489e-06,TRUE
"FBXL4",-0.358911475303247,4.90794535849124e-07,2.70091721872078e-06,FALSE
"USP11",0.370339943555013,4.92270793704042e-07,2.70790303830812e-06,FALSE
"RHOBTB2",0.592075107073096,4.93717396819413e-07,2.71471993244845e-06,FALSE
"C16orf86",0.86473596640769,4.94902367289207e-07,2.72009311190189e-06,FALSE
"PHF11",-0.460950093486995,4.95132952839473e-07,2.72021847191539e-06,FALSE
"AGTR1",-0.512390972460122,4.95626032436434e-07,2.72178524188666e-06,FALSE
"GTF2E2",-0.27183239140498,4.96520610482431e-07,2.72555464672369e-06,FALSE
"FHIP2B",0.535416104318606,4.97919351827404e-07,2.73208723978389e-06,FALSE
"PCSK9",0.760561560460492,4.98403356068126e-07,2.73359729268702e-06,FALSE
"GINM1",-0.322425782726656,5.00751578190271e-07,2.74532649148536e-06,FALSE
"QTRT1",0.614570086703678,5.06526299759872e-07,2.77582348951705e-06,FALSE
"SPPL2B",0.877451420261523,5.09600726458476e-07,2.79150322627379e-06,FALSE
"RPN2",0.30755676718183,5.0981891436063e-07,2.79153041690062e-06,FALSE
"CSF1R",0.617800749524544,5.14091870033413e-07,2.81375031876147e-06,FALSE
"MBLAC2",-0.443505919996197,5.15410243343548e-07,2.81978725693846e-06,FALSE
"RPS6",-0.338055274772555,5.16156671445425e-07,2.8226913711627e-06,FALSE
"TCEANC",-0.325754639936855,5.17785099177558e-07,2.83041441270672e-06,FALSE
"LMNTD2",0.816453825805052,5.20381245077852e-07,2.84341872310486e-06,FALSE
"MAP4",0.443600677607423,5.20898081458784e-07,2.84505535354961e-06,FALSE
"C10orf88",-0.439780277327996,5.21548330852512e-07,2.84741899396209e-06,FALSE
"CHN2",-0.351251471749553,5.22940919719646e-07,2.85383181365969e-06,FALSE
"SIX5",1.05880858482156,5.2384511770136e-07,2.85757511706092e-06,TRUE
"FANCC",0.51391754495115,5.25226651120468e-07,2.86391808266104e-06,FALSE
"AQP1",0.816785255567641,5.25680029665852e-07,2.86519689774577e-06,FALSE
"CDCA5",0.940660022210197,5.27525299093398e-07,2.87405793413682e-06,FALSE
"BTN2A2",0.339823922616781,5.277968890531e-07,2.87434146068352e-06,FALSE
"ZNF414",0.970789384919542,5.31063709516984e-07,2.89092976507125e-06,FALSE
"ODF2L",-0.530531867182765,5.32714103467188e-07,2.89870866275662e-06,FALSE
"EMC2",-0.381828615586643,5.34968433930696e-07,2.90976598962222e-06,FALSE
"TTBK1",0.771139728213499,5.36854811136002e-07,2.9188136160268e-06,FALSE
"COMMD10",-0.536085192555906,5.40704178534082e-07,2.93852183701461e-06,FALSE
"PHLDB2",-0.374301970063921,5.42664052502413e-07,2.9479492843824e-06,FALSE
"WIPI2",0.234838276010121,5.43597189791446e-07,2.95143016635545e-06,FALSE
"ZNF319",0.467093494843321,5.43755695176394e-07,2.95143016635545e-06,FALSE
"SERPINH1",0.446704511947679,5.44212472661657e-07,2.95230518818519e-06,FALSE
"ZNF786",0.510551396291278,5.44367913556297e-07,2.95230518818519e-06,FALSE
"AMN",1.20861057105446,5.51079572124317e-07,2.98746739472114e-06,TRUE
"CCNK",-0.434091689466644,5.51881294108608e-07,2.99057529075741e-06,FALSE
"GALNT2",0.451200556181213,5.55196476226911e-07,3.00632844685628e-06,FALSE
"LRRC42",0.324463709467741,5.55247646234226e-07,3.00632844685628e-06,FALSE
"COA4",-0.293843588995393,5.55558562416893e-07,3.00676837501528e-06,FALSE
"SEH1L",-0.284398140724032,5.56683556766457e-07,3.01161203520102e-06,FALSE
"PTN",-0.633583912744776,5.57602962324155e-07,3.01533993504661e-06,FALSE
"PIAS1",-0.336057665862328,5.59260843918813e-07,3.02305655185182e-06,FALSE
"CPVL",0.748685939757878,5.62615411944077e-07,3.03993436779689e-06,FALSE
"NUDT13",-0.478443094270555,5.64471211239703e-07,3.04870342308176e-06,FALSE
"HLA-DOA",0.702490001173779,5.71286788722561e-07,3.08319359386683e-06,FALSE
"NLK",-0.341783229787089,5.71328113253967e-07,3.08319359386683e-06,FALSE
"ATG5",-0.353255498237522,5.72568723942829e-07,3.08861546512547e-06,FALSE
"NPR3",0.531043888838269,5.73423849179556e-07,3.09195429714116e-06,FALSE
"AAGAB",0.315015195651951,5.77667177754577e-07,3.11227106632219e-06,FALSE
"NRROS",0.702999307828414,5.77543497964208e-07,3.11227106632219e-06,FALSE
"UBL3",-0.470590098010443,5.80728776710251e-07,3.12747887482131e-06,FALSE
"TBC1D20",0.209071172920794,5.81189411240077e-07,3.12867260359995e-06,FALSE
"ISLR",0.740849284840919,5.8318029627122e-07,3.13809964602664e-06,FALSE
"MAN1B1",0.392615823692428,5.84592868084075e-07,3.1444083109929e-06,FALSE
"LTB",0.750939789583759,5.85537705755955e-07,3.14819697895563e-06,FALSE
"RAB18",-0.459569751900593,5.87342038257484e-07,3.15660179181732e-06,FALSE
"PSMD12",-0.363858862462092,5.8935715028977e-07,3.16613205235686e-06,FALSE
"CYP2R1",-0.391176789514469,5.90091476417287e-07,3.16877670601113e-06,FALSE
"RAP2C",-0.51362965081114,5.91098866194196e-07,3.17288493489726e-06,FALSE
"TCEA2",0.717718738441069,5.9465691389484e-07,3.19067553963576e-06,FALSE
"EHBP1L1",0.720017094963843,5.96200062713975e-07,3.19764490825537e-06,FALSE
"WDR25",0.402143147035115,5.98244682565137e-07,3.20729704510351e-06,FALSE
"PRRC2A",0.551315447165532,5.98523648512421e-07,3.20747916754999e-06,FALSE
"NUDT14",0.684356340884728,6.00132472211721e-07,3.21478491251876e-06,FALSE
"KCTD17",0.690248847282643,6.00421192806779e-07,3.2150160557163e-06,FALSE
"PCMTD2",-0.382543164311462,6.00969769587063e-07,3.21663786730737e-06,FALSE
"CNOT8",-0.311758794486151,6.03116474058899e-07,3.22680869570049e-06,FALSE
"CCT6B",-0.507286147689398,6.04587143022715e-07,3.23335575018521e-06,FALSE
"ZNF22",-0.397745542439071,6.08838181821153e-07,3.25476091319009e-06,FALSE
"HSD17B11",-0.4661883290229,6.09230111735088e-07,3.25552678483093e-06,FALSE
"KLF9",-0.735578109458895,6.15185458618325e-07,3.28600898581441e-06,FALSE
"COMMD1",-0.280483251459725,6.16864486832702e-07,3.29363371191425e-06,FALSE
"AK6",-0.467178089724944,6.17182119734174e-07,3.29398626643286e-06,FALSE
"MRPL47",-0.297899401055494,6.22328828143258e-07,3.32010147434863e-06,FALSE
"ARVCF",0.734236474843615,6.29559876943632e-07,3.35731075720816e-06,FALSE
"UBAC2",0.218045909882457,6.33071099490253e-07,3.37466076324365e-06,FALSE
"MAGI2",-0.533893034826575,6.3350313689963e-07,3.37558936438338e-06,FALSE
"STRN4",0.448746758073307,6.35023249593883e-07,3.3823126052413e-06,FALSE
"KLHL21",0.386688819674449,6.40503303166558e-07,3.40872733538885e-06,FALSE
"MICAL1",0.581542578439476,6.40455514882066e-07,3.40872733538885e-06,FALSE
"SLAMF8",0.782799152667253,6.41493313179494e-07,3.41260888100201e-06,FALSE
"DIAPH2",-0.303530891761599,6.46845102006561e-07,3.43968159036145e-06,FALSE
"PRDM1",-0.723827229669656,6.47185684163394e-07,3.44009540278812e-06,FALSE
"PTK6",0.829971579360593,6.48477389535996e-07,3.44556249342746e-06,FALSE
"TRA2A",-0.463020693865984,6.50041887596518e-07,3.45247399286556e-06,FALSE
"STK25",0.363552972213461,6.5463023099891e-07,3.4754334891475e-06,FALSE
"SRPRA",0.270293097009314,6.55599152572669e-07,3.47916664186517e-06,FALSE
"TLK2",-0.187588444931654,6.56390426642394e-07,3.48195440259409e-06,FALSE
"GJB2",-0.392357312051904,6.59003157073767e-07,3.49439827153089e-06,FALSE
"COMMD6",-0.537192506032988,6.64665877805507e-07,3.52299824786627e-06,FALSE
"PHYH",-0.355329939311511,6.65227907913729e-07,3.52455029154453e-06,FALSE
"IDH2",0.468440725209917,6.67149371318594e-07,3.53330079664362e-06,FALSE
"ATP13A1",0.52630673216997,6.72755067585445e-07,3.56154846131365e-06,FALSE
"AKR7A2",0.398142182496929,6.78273108632473e-07,3.58923155327712e-06,FALSE
"TMEM117",-0.40148188548267,6.78532546162608e-07,3.58923155327712e-06,FALSE
"CCN4",0.893090180937453,6.79965429175592e-07,3.59535840014816e-06,FALSE
"TTI1",0.279195880626808,6.81066006484285e-07,3.5997239228471e-06,FALSE
"MT1E",-0.911718170530562,6.8496517847527e-07,3.61887171775554e-06,FALSE
"TECPR1",0.521695589335105,6.86636894745846e-07,3.62624051069488e-06,FALSE
"ALG2",-0.334075239916604,6.87000732283482e-07,3.62669902703844e-06,FALSE
"TMEM256",-0.796805593949658,6.87672822129863e-07,3.62878379174694e-06,FALSE
"MRPS33",-0.34454545485042,6.90773463200046e-07,3.64367694609791e-06,FALSE
"MAP3K9",0.452774402183429,6.92611587912564e-07,3.65190129236862e-06,FALSE
"ACOT8",0.380352062735958,6.93562938084846e-07,3.65544524372255e-06,FALSE
"PLVAP",1.10373098674892,6.95330532979074e-07,3.66328665503503e-06,TRUE
"TBCEL",-0.453562740453737,6.98115694247715e-07,3.67648055876552e-06,FALSE
"NOSIP",0.492480835750282,7.06862312875111e-07,3.72104599926054e-06,FALSE
"ATP5PD",-0.321174929359864,7.08196426990328e-07,3.72657058768383e-06,FALSE
"GBP7",-0.363208675448129,7.10032500580754e-07,3.73473101550953e-06,FALSE
"SOX12",0.572316548413153,7.14763123314556e-07,3.7581039399334e-06,FALSE
"HTRA1",0.387407084884524,7.19359615953706e-07,3.78075314815975e-06,FALSE
"SLC29A4",1.20440819650028,7.20851226313365e-07,3.78707233342479e-06,TRUE
"SSBP1",-0.250376539608825,7.22948109688684e-07,3.79656504293793e-06,FALSE
"ANAPC5",0.207251427961831,7.26170979918328e-07,3.81196089378137e-06,FALSE
"RNF216",0.361454715438967,7.27222454076631e-07,3.81595044840531e-06,FALSE
"SPINDOC",0.592242108619451,7.33583843158767e-07,3.84778833118372e-06,FALSE
"CRELD2",0.555630733531658,7.38157531657984e-07,3.86867830443007e-06,FALSE
"RNF125",-0.686102553836088,7.3803943320448e-07,3.86867830443007e-06,FALSE
"TMA16",-0.434489813426569,7.41947707291677e-07,3.88698654816432e-06,FALSE
"DPH6",-0.421900971872399,7.52506368347468e-07,3.93975412809854e-06,FALSE
"OCIAD2",-0.320356810360813,7.52621835806176e-07,3.93975412809854e-06,FALSE
"AKAP8L",0.437267226241028,7.58635325211335e-07,3.96964575446315e-06,FALSE
"TCF7L2",-0.387508586650309,7.60263861821805e-07,3.9765778981107e-06,FALSE
"FAM228B",-0.55153837889667,7.63253973654968e-07,3.99062341177749e-06,FALSE
"CYP4F2",0.404406689323269,7.64669543919898e-07,3.99642861037896e-06,FALSE
"ATN1",0.620767328553923,7.69422312840075e-07,4.01966357530018e-06,FALSE
"SLC25A39",0.510253664685232,7.73872225059832e-07,4.0412984325821e-06,FALSE
"HS6ST1",0.527315840397534,7.74785005464158e-07,4.04445187062869e-06,FALSE
"SNX19",0.29248863220576,7.76319585677939e-07,4.05084735579736e-06,FALSE
"EXD3",0.785516851159204,7.80229473511884e-07,4.06962719809465e-06,FALSE
"RMI1",-0.422146149151862,7.81535192843423e-07,4.07481431489689e-06,FALSE
"MYO7B",1.299357289547,7.83004647511683e-07,4.08085065494544e-06,TRUE
"RHOT1",-0.352778772410785,7.85750868956869e-07,4.09353377492373e-06,FALSE
"NUP54",-0.333596635178014,7.93806315319094e-07,4.13385532225839e-06,FALSE
"TCERG1",-0.416371117521835,7.9423937524733e-07,4.13446596450817e-06,FALSE
"SMCO3",-0.625359834038587,7.98195979539008e-07,4.1534108760432e-06,FALSE
"FAM117B",-0.576165848185599,7.98948167908337e-07,4.15567318802382e-06,FALSE
"FOCAD",0.41917533716852,8.02027373413324e-07,4.17003271355331e-06,FALSE
"CCDC122",-0.561188150750612,8.03726722315447e-07,4.1772093086756e-06,FALSE
"CCDC71",0.365770671099537,8.09561133317917e-07,4.20586284023737e-06,FALSE
"NET1",-0.373300308079848,8.09946587054279e-07,4.20619623868093e-06,FALSE
"MREG",-0.665735299478411,8.14106421407059e-07,4.22612262849374e-06,FALSE
"ZMIZ2",0.61356121134399,8.27588040062461e-07,4.29440452655479e-06,FALSE
"TGIF1",-0.471431846193373,8.31617792631534e-07,4.3136054441886e-06,FALSE
"MARS2",0.505972020532298,8.37425171004045e-07,4.34200805496434e-06,FALSE
"PLCB1",-0.73618342945572,8.41559284767708e-07,4.3617158179647e-06,FALSE
"STXBP2",0.538303065007481,8.46327933939795e-07,4.38469541398488e-06,FALSE
"HSPB1",0.830899891054897,8.48060290806387e-07,4.39193248704004e-06,FALSE
"POLD2",0.517233345760596,8.51980690661259e-07,4.41049078771736e-06,FALSE
"RIC8A",0.363667949904568,8.52667877919081e-07,4.41230350107376e-06,FALSE
"THAP5",-0.515000268359494,8.56628240776533e-07,4.43104580333717e-06,FALSE
"MSL2",-0.328227546560318,8.6175222510725e-07,4.45578994119436e-06,FALSE
"ABCA5",-0.456295685332678,8.72286945762529e-07,4.50848033711924e-06,FALSE
"DNAJC24",-0.36777936970412,8.75887323385278e-07,4.52530261947911e-06,FALSE
"GRHL1",-0.577852780031982,8.83735778091985e-07,4.56405081135316e-06,FALSE
"LATS1",-0.363357556049139,8.85779517145133e-07,4.5719624671606e-06,FALSE
"PLEKHA3",-0.491397655111694,8.85966145675714e-07,4.5719624671606e-06,FALSE
"CLDN12",-0.370085379481294,8.88588165714875e-07,4.58368647184364e-06,FALSE
"TIA1",-0.541318200897278,8.89210431322376e-07,4.58508978608608e-06,FALSE
"KIF2A",0.546759622795107,8.90602241137406e-07,4.59045848069721e-06,FALSE
"PROC",0.517122162553282,8.91662187542332e-07,4.59411308906108e-06,FALSE
"PFN2",-0.52238894503299,8.92115489055394e-07,4.59464043379749e-06,FALSE
"SAMM50",0.263792643871049,8.95638784702338e-07,4.61097246139324e-06,FALSE
"RRAGB",-0.346480910304064,8.95994892412685e-07,4.61099258312377e-06,FALSE
"BCCIP",-0.271659462436705,8.9762469394229e-07,4.61575117560584e-06,FALSE
"MAD2L1BP",0.297358907571371,8.97500147180032e-07,4.61575117560584e-06,FALSE
"SAMD10",0.698445719969962,8.99486585920581e-07,4.62350937686386e-06,FALSE
"PSMD1",0.344252310551522,9.00446752275208e-07,4.62662828916288e-06,FALSE
"CDK16",0.399195127610891,9.01454022257708e-07,4.6299866847383e-06,FALSE
"DGKH",-0.683248683994458,9.05635148397874e-07,4.64963739718626e-06,FALSE
"GPT",0.768851277028215,9.06610593343417e-07,4.65099760503605e-06,FALSE
"UMAD1",-0.428007188523084,9.06566077522393e-07,4.65099760503605e-06,FALSE
"IFFO2",0.47244518793282,9.11593903238994e-07,4.67473066243827e-06,FALSE
"KRBA1",0.698831871789111,9.16291182363285e-07,4.69514057123292e-06,FALSE
"TCAIM",-0.294729046719997,9.16242783208193e-07,4.69514057123292e-06,FALSE
"CA5B",-0.498614446863365,9.24313311380873e-07,4.73439353388043e-06,FALSE
"TNRC6C",-0.482186502551896,9.27391441831837e-07,4.74830221214799e-06,FALSE
"COL4A1",0.702127721278826,9.29605635820725e-07,4.75777833626463e-06,FALSE
"ZBTB18",-0.438461530216508,9.37395601356002e-07,4.79577304140398e-06,FALSE
"RAB11A",-0.353014527150005,9.40462150549098e-07,4.8095822167925e-06,FALSE
"ZSCAN2",0.346274742858259,9.47297615954289e-07,4.8426475548901e-06,FALSE
"UBE2O",0.442477185368099,9.49134069701669e-07,4.85014178006801e-06,FALSE
"SLC18A2",-0.723307496096776,9.49689231521713e-07,4.85108522008672e-06,FALSE
"SPIN1",-0.322892341809404,9.58223223501664e-07,4.8927685031528e-06,FALSE
"ZGPAT",0.819219652307121,9.65572676921133e-07,4.92837328898693e-06,FALSE
"CCDC51",0.334575883419693,9.69235218738555e-07,4.9451393155593e-06,FALSE
"COL5A2",0.490645295971167,9.75766603182072e-07,4.97652371206065e-06,FALSE
"ERMARD",-0.328646836254691,9.78781787610121e-07,4.98995761814319e-06,FALSE
"TIMM50",0.304183996135206,9.89816856957983e-07,5.04425157310001e-06,FALSE
"TRIM68",0.354472387221001,9.92761789359515e-07,5.05729079622365e-06,FALSE
"PLPPR2",0.670254358983987,9.96593206797653e-07,5.07483401921232e-06,FALSE
"MSC",1.03249743392785,9.97927068614257e-07,5.07965053744084e-06,TRUE
"CARF",-0.377108059890882,9.98595540605218e-07,5.07998792181e-06,FALSE
"MTX3",-0.29694026095107,9.98835865898894e-07,5.07998792181e-06,FALSE
"TMPO",-0.539280736531127,9.99157416640755e-07,5.07998792181e-06,FALSE
"SLC2A13",-0.646364710991839,1.00489763240627e-06,5.10718936469832e-06,FALSE
"AEBP1",0.917913784323281,1.01444499541995e-06,5.15371124564922e-06,FALSE
"DENND1B",-0.529988744805493,1.023585013947e-06,5.1981283951102e-06,FALSE
"MFAP1",0.325433952413289,1.02608399457458e-06,5.20879862620023e-06,FALSE
"HIP1",0.309733867739219,1.03286501680531e-06,5.2391587756742e-06,FALSE
"UCHL5",-0.374454961528081,1.03278742378986e-06,5.2391587756742e-06,FALSE
"UBE2V2",-0.438615560947596,1.04957809639606e-06,5.3218731363351e-06,FALSE
"NICN1",0.381563411868534,1.05582574242741e-06,5.35147914047995e-06,FALSE
"TFPT",0.620491797816386,1.05777542101406e-06,5.3592863049211e-06,FALSE
"XPO6",0.268095946201216,1.06136286534962e-06,5.37538206311691e-06,FALSE
"SNRNP27",-0.463919663899863,1.07528108314677e-06,5.44376641166186e-06,FALSE
"KCTD6",-0.375936741288984,1.08086684307674e-06,5.46992992252058e-06,FALSE
"SDC3",0.639410580253158,1.09379283867526e-06,5.53320550383944e-06,FALSE
"ADAMTSL5",0.91488651377551,1.09450592733785e-06,5.53467423743034e-06,FALSE
"TBC1D15",-0.393349509895124,1.09606408334777e-06,5.5404135054784e-06,FALSE
"PAPOLA",-0.312435249993989,1.10904530535121e-06,5.60386767180935e-06,FALSE
"PHETA2",0.650758472340994,1.11013847799757e-06,5.60722721988587e-06,FALSE
"MKNK2",0.454462174612645,1.11115579953509e-06,5.61020120613704e-06,FALSE
"FADD",0.380858697635555,1.11676222260585e-06,5.6363342399213e-06,FALSE
"HLA-DPB1",0.445434300024873,1.12346096509142e-06,5.66790561170402e-06,FALSE
"TAF5",-0.291660140561323,1.1238835142059e-06,5.66790561170402e-06,FALSE
"CDK11B",0.486329669871011,1.12501495934451e-06,5.67142697256002e-06,FALSE
"CXADR",-0.564942384851076,1.14163216267981e-06,5.7529823994627e-06,FALSE
"CYB5R2",0.544718341258471,1.14434409411296e-06,5.7644297345621e-06,FALSE
"SLC36A1",0.488849315922319,1.14560871736736e-06,5.76858051068209e-06,FALSE
"ALDH2",-0.404250383703732,1.15179918377212e-06,5.79752207379644e-06,FALSE
"BAD",0.616054843068847,1.1613043801715e-06,5.84311950238482e-06,FALSE
"SNRNP48",-0.276456099745549,1.16505116571364e-06,5.85971950116136e-06,FALSE
"MIOS",-0.291047119113849,1.16660720704014e-06,5.86529245567186e-06,FALSE
"EXOSC9",-0.290400611961092,1.16965957900496e-06,5.87838126999347e-06,FALSE
"MPG",0.720148919352555,1.17848759656992e-06,5.92047567701207e-06,FALSE
"CCDC43",-0.283532907519954,1.20019378984343e-06,6.02721024036449e-06,FALSE
"DDX39A",0.413499638748184,1.21804871658871e-06,6.11452983036018e-06,FALSE
"MVP",0.596807256672992,1.23013017327355e-06,6.17281112629255e-06,FALSE
"CDC14A",-0.576164612719595,1.23839933881344e-06,6.21192495928947e-06,FALSE
"FGF2",-0.87376444338753,1.24045234155853e-06,6.21983992940801e-06,FALSE
"PLEKHO2",0.541272004323786,1.24861402010551e-06,6.25836705636343e-06,FALSE
"H2BC12",0.570269623621384,1.25125053185023e-06,6.26918176922435e-06,FALSE
"WDR91",0.355751033681256,1.25733455830737e-06,6.2972547962357e-06,FALSE
"TRIB1",-0.466035748552534,1.25842771387556e-06,6.30031955260377e-06,FALSE
"VTCN1",1.32087491442722,1.25963609297963e-06,6.30395861211367e-06,TRUE
"SLC25A30",-0.446236907159464,1.26132798327522e-06,6.31001373979335e-06,FALSE
"REEP4",0.589403739094287,1.26673127308859e-06,6.33462407458968e-06,FALSE
"TPRKB",-0.429019512093842,1.28225605216203e-06,6.40981146808146e-06,FALSE
"COQ5",-0.264023002087866,1.28971441180415e-06,6.44463399974805e-06,FALSE
"UBL4A",0.372839786890703,1.29262763786562e-06,6.45672683515327e-06,FALSE
"TTC39B",-0.501078515205671,1.29604719537876e-06,6.47133862772644e-06,FALSE
"CDC34",0.561058427643867,1.30218521470342e-06,6.49867274501513e-06,FALSE
"PRIMPOL",-0.37122827776112,1.30251430514205e-06,6.49867274501513e-06,FALSE
"ANKIB1",-0.322790672170662,1.31458548743254e-06,6.5564012196064e-06,FALSE
"MB",1.27572704772534,1.31651121282654e-06,6.56350525450306e-06,TRUE
"ADAM8",0.802035942827643,1.32388527251761e-06,6.59775637145051e-06,FALSE
"BRME1",0.700783358921083,1.32771680127961e-06,6.61433347121484e-06,FALSE
"COMT",0.618843672218654,1.32854165876102e-06,6.61592521738278e-06,FALSE
"EEPD1",0.719781784178492,1.33050199136975e-06,6.62089179933655e-06,FALSE
"TMEM230",-0.42354400305449,1.33055043721773e-06,6.62089179933655e-06,FALSE
"RBPJ",-0.477734476945543,1.33880106173536e-06,6.65941622349519e-06,FALSE
"ARFIP1",-0.369384614970191,1.34365037524368e-06,6.68099913129141e-06,FALSE
"NPTN",-0.400341360829992,1.35787051087953e-06,6.74914226592059e-06,FALSE
"RALY",0.343564083032993,1.36218786569027e-06,6.76803170308045e-06,FALSE
"CCSAP",-0.394110932612379,1.36653855641222e-06,6.78707237501851e-06,FALSE
"DOT1L",0.673241635542747,1.36725471021449e-06,6.78805410167922e-06,FALSE
"MOB2",0.396660332591637,1.37573665912957e-06,6.82757556532384e-06,FALSE
"WDSUB1",-0.341938546261591,1.37712777957455e-06,6.83188968934824e-06,FALSE
"PIGA",-0.584566326852365,1.38585317469591e-06,6.87257187996928e-06,FALSE
"GCK",1.51143198073434,1.38797530202599e-06,6.88048945631364e-06,TRUE
"GLO1",-0.36803137905461,1.39397686616237e-06,6.90762495526029e-06,FALSE
"ECM2",-0.403648016793585,1.39957757046449e-06,6.93275427639847e-06,FALSE
"RASGEF1B",-0.524631582034095,1.40442950432745e-06,6.95415698587555e-06,FALSE
"GOLM2",-0.45373195898413,1.40497986949522e-06,6.95425196651474e-06,FALSE
"AHNAK",0.394526531639935,1.41339351550799e-06,6.99325317650439e-06,FALSE
"SDHAF3",-0.403731637661851,1.41602506049264e-06,7.00362678200589e-06,FALSE
"MUC6",1.42881237297399,1.42645521906302e-06,7.05254974621337e-06,TRUE
"ARL6IP6",-0.424363564005777,1.43406209910613e-06,7.0874824467714e-06,FALSE
"RDH5",0.638830741553123,1.439726016282e-06,7.11278981326941e-06,FALSE
"CHRM3",-1.37034398419984,1.44235117474767e-06,7.12307113534382e-06,TRUE
"ALDH4A1",0.481610083570716,1.44448308534996e-06,7.13090971093576e-06,FALSE
"SERP1",-0.484593274140367,1.44525199533207e-06,7.13201625438655e-06,FALSE
"MNT",0.570208985395493,1.44759492337275e-06,7.14088648711228e-06,FALSE
"DPY19L4",-0.493037415578686,1.45526767867678e-06,7.17603180762201e-06,FALSE
"ZNF408",0.566502210623011,1.45766273721975e-06,7.18513575138589e-06,FALSE
"C9orf78",-0.212004940923772,1.46112779340191e-06,7.19950510772218e-06,FALSE
"FOXK2",0.368310849442619,1.47324409937943e-06,7.25647545111943e-06,FALSE
"CA12",1.46468632171694,1.47613287658195e-06,7.26796977066978e-06,TRUE
"B3GAT3",0.614254447997492,1.48569353032391e-06,7.3095451706128e-06,FALSE
"RBM39",-0.304448639764332,1.48563485541598e-06,7.3095451706128e-06,FALSE
"HDLBP",0.409936670020158,1.49401146380199e-06,7.34770777013359e-06,FALSE
"NFAM1",0.681652348894701,1.49580870278219e-06,7.35378427969375e-06,FALSE
"THYN1",-0.326105638955763,1.49903469783281e-06,7.36687772673694e-06,FALSE
"RBM7",-0.427640245593797,1.50348342864609e-06,7.38596812301488e-06,FALSE
"BYSL",0.397149682653385,1.50548671311808e-06,7.39303527687241e-06,FALSE
"SAR1B",-0.25907769123613,1.51670543164361e-06,7.44533464982308e-06,FALSE
"ZNF75A",-0.374788171206452,1.52024437919603e-06,7.45990982475054e-06,FALSE
"BORCS6",0.667051925046664,1.52161374571663e-06,7.46383183174304e-06,FALSE
"JADE3",-0.316562777381364,1.52356524875235e-06,7.47060533208458e-06,FALSE
"APLF",-0.380965794566522,1.52541775606652e-06,7.47688852954805e-06,FALSE
"CCDC124",0.626259748608603,1.5370436398036e-06,7.53105364233112e-06,FALSE
"AMBRA1",0.355010463953872,1.53998703352008e-06,7.5426525412813e-06,FALSE
"OS9",0.29726311586855,1.54134471300192e-06,7.5464790510924e-06,FALSE
"ATXN2L",0.47235761971385,1.55697005976972e-06,7.6201315971982e-06,FALSE
"GNA11",0.437182912715543,1.56324260556966e-06,7.64797167119507e-06,FALSE
"EMILIN2",0.542200623492144,1.56718495380058e-06,7.66153301536863e-06,FALSE
"FAHD1",-0.402544038850771,1.5668981238465e-06,7.66153301536863e-06,FALSE
"TPI1",0.306809382043774,1.57150286453305e-06,7.67977435702378e-06,FALSE
"HDAC5",0.52479283035332,1.57440266000956e-06,7.6910744868825e-06,FALSE
"DUSP19",-0.548159221173561,1.57772563619316e-06,7.70443268520733e-06,FALSE
"SULT1E1",-0.640385666195812,1.582313504304e-06,7.72395540579715e-06,FALSE
"SLC7A6OS",0.218440464829663,1.5831192919877e-06,7.72500848703053e-06,FALSE
"PARP1",0.318757747820005,1.58742554433349e-06,7.74313533025858e-06,FALSE
"SEC62",-0.368721755087142,1.59851196432393e-06,7.79430861710575e-06,FALSE
"PDCD2",-0.220350022383877,1.6176766245552e-06,7.88481845445893e-06,FALSE
"FAM210A",-0.328608014215335,1.61837099598465e-06,7.8852672420659e-06,FALSE
"PML",0.463141650803885,1.62740572817409e-06,7.92633772070504e-06,FALSE
"PLSCR4",-0.495190292723889,1.636543979684e-06,7.96788165936144e-06,FALSE
"IQGAP3",1.1321421594123,1.63918854026683e-06,7.97779047181166e-06,TRUE
"DNAJA2",-0.286484409131694,1.65212238649942e-06,8.0377503842625e-06,FALSE
"RFESD",-0.53913947831406,1.65811367815931e-06,8.06390203360387e-06,FALSE
"CLDN9",1.12628685726346,1.66438827293892e-06,8.08900762393705e-06,TRUE
"GTF3C5",0.347955509237641,1.6645116513051e-06,8.08900762393705e-06,FALSE
"SLC51B",1.58569471884805,1.66811242430251e-06,8.10349827791036e-06,TRUE
"SELPLG",0.586277753223309,1.68380016164533e-06,8.17667348525991e-06,FALSE
"RGS9",0.933177582366844,1.68850997831324e-06,8.19650449984314e-06,FALSE
"FTH1",-0.425716521811837,1.69886806893401e-06,8.23762250314222e-06,FALSE
"SPOUT1",0.573357862263732,1.6987294178091e-06,8.23762250314222e-06,FALSE
"SQOR",-0.332478429415997,1.69881161833941e-06,8.23762250314222e-06,FALSE
"PGLS",0.466704366257116,1.71880116512009e-06,8.33119024574316e-06,FALSE
"ASPG",0.814137110908469,1.7205504754202e-06,8.33351718826425e-06,FALSE
"UBXN4",-0.307290034096627,1.72055430490974e-06,8.33351718826425e-06,FALSE
"ITGAM",0.595518027651044,1.7274058563559e-06,8.36360853232671e-06,FALSE
"PSMC3",0.287160969640135,1.72908728519044e-06,8.36865461652985e-06,FALSE
"DUS1L",0.484933467112448,1.74421819329781e-06,8.43876740083332e-06,FALSE
"TERF1",-0.244169998469754,1.75419795354982e-06,8.48078272078073e-06,FALSE
"ZNF254",-0.346227567255773,1.75393114565325e-06,8.48078272078073e-06,FALSE
"MACROH2A2",0.558700107521446,1.78145070957064e-06,8.60935868944215e-06,FALSE
"CDR2L",0.707473083538698,1.80212015643942e-06,8.70603582586898e-06,FALSE
"ACSM5",-0.428211787312841,1.81544952624973e-06,8.76719483499131e-06,FALSE
"SRP9",-0.627494522580578,1.81864528891513e-06,8.77938942569208e-06,FALSE
"MCRIP2",0.835670072361696,1.82882632993854e-06,8.82528356489322e-06,FALSE
"C1orf53",-0.502802692559234,1.82992620236647e-06,8.82733745076706e-06,FALSE
"PRMT5",0.28122671828716,1.83925906065824e-06,8.86909010023487e-06,FALSE
"AFG3L2",0.232671451849402,1.8494198377613e-06,8.91480284093188e-06,FALSE
"GATA6",-0.51881545755155,1.85276433493811e-06,8.92763734744561e-06,FALSE
"KEAP1",0.370820373717355,1.85567672971779e-06,8.93838106897178e-06,FALSE
"CUL4B",-0.349764174566985,1.86323021103977e-06,8.97146374510213e-06,FALSE
"ACVR1",-0.300196191521399,1.86693020075605e-06,8.98597433393318e-06,FALSE
"RNF185",0.245194863924257,1.87462018846497e-06,9.01967199830335e-06,FALSE
"ZC3H12A",0.790867029383187,1.87886829256718e-06,9.03679047990064e-06,FALSE
"UTP14A",0.322578714126644,1.88992755584849e-06,9.0866439813325e-06,FALSE
"ZFTRAF1",0.616213889341111,1.89090346681067e-06,9.08799860039843e-06,FALSE
"KCNIP3",0.853020600753874,1.89245173771427e-06,9.09210207345144e-06,FALSE
"PDLIM5",-0.372992139399798,1.90426830026065e-06,9.14551745671767e-06,FALSE
"FOXA1",-0.370831731426215,1.94588524554304e-06,9.34196172887771e-06,FALSE
"SEC61G",-0.580771127796422,1.95096340997229e-06,9.36290797777023e-06,FALSE
"SUN2",0.460936206876293,1.97341556702649e-06,9.46718820209265e-06,FALSE
"TINF2",0.201110265120362,1.98402508719848e-06,9.5145994291584e-06,FALSE
"SHARPIN",0.553859509780578,1.98771289874636e-06,9.52879431358012e-06,FALSE
"CLN8",0.384282648755647,1.99115605522674e-06,9.53831506587212e-06,FALSE
"PNPLA3",0.686906721946613,1.99045886657603e-06,9.53831506587212e-06,FALSE
"TMEM168",-0.420159583970064,2.00051158633325e-06,9.57962607471649e-06,FALSE
"NKAP",-0.287069627787391,2.00191041158474e-06,9.58281941808682e-06,FALSE
"EMP3",0.546643450288697,2.01172065308092e-06,9.62625979171614e-06,FALSE
"ECI1",0.543448936423562,2.01775280540087e-06,9.65159653938916e-06,FALSE
"LMAN1",-0.383803875787508,2.01895291749265e-06,9.65380993272965e-06,FALSE
"CAMSAP3",0.729481171279637,2.02873859910913e-06,9.69705941567606e-06,FALSE
"LRRC40",-0.490879095224852,2.0437755518e-06,9.7653684394765e-06,FALSE
"TESC",0.887603811144882,2.04853433465021e-06,9.78096699826425e-06,FALSE
"ZNF846",-0.403459784073701,2.04790322717989e-06,9.78096699826425e-06,FALSE
"RAP1A",-0.406387471840461,2.05880150816283e-06,9.82640515671447e-06,FALSE
"MXRA8",0.5709055331609,2.06936159561835e-06,9.87320772953186e-06,FALSE
"TOR4A",0.615634171056807,2.07526477651112e-06,9.89776555704321e-06,FALSE
"FBXO33",-0.375768762926783,2.07653292779796e-06,9.90020724352911e-06,FALSE
"EPS8L2",0.674861420039407,2.08388572952337e-06,9.93164614886057e-06,FALSE
"CHD3",0.670889060996997,2.08678553673995e-06,9.94145396101325e-06,FALSE
"ENG",0.576701162702284,2.08746233874316e-06,9.94145396101325e-06,FALSE
"ABHD12",0.312448393039958,2.09625052287749e-06,9.97967703473168e-06,FALSE
"SLC25A10",0.802857430933485,2.10216283938353e-06,1.00041860753214e-05,FALSE
"ATG101",0.459152781113442,2.10379728789075e-06,1.0008326341957e-05,FALSE
"ZNF680",-0.441044688113125,2.10667102652997e-06,1.00183570938359e-05,FALSE
"ZNF717",-0.305902345185886,2.11278000898621e-06,1.00437603041567e-05,FALSE
"SSTR1",-0.456002655675458,2.11727333668167e-06,1.00614673407755e-05,FALSE
"DVL2",0.39325625011994,2.1283335073571e-06,1.01103564144845e-05,FALSE
"ZNF518A",-0.457285519564985,2.13266521548981e-06,1.01272589775816e-05,FALSE
"GLUD2",0.629995354967164,2.13435398547497e-06,1.01316034727477e-05,FALSE
"CNTLN",-0.396798463868012,2.13990211272972e-06,1.01505791521223e-05,FALSE
"PCBD2",-0.29732331172312,2.13962502203501e-06,1.01505791521223e-05,FALSE
"CPNE6",-1.24654650703778,2.15733308963427e-06,1.02258525740376e-05,TRUE
"TLE1",-0.443027221613732,2.1572462119667e-06,1.02258525740376e-05,FALSE
"NUB1",0.19738166030893,2.15920980187623e-06,1.02310440557957e-05,FALSE
"FTCDNL1",-0.376895913838534,2.18731249249144e-06,1.03604541069819e-05,FALSE
"WDR26",-0.287313911384321,2.19911546244413e-06,1.04125929961369e-05,FALSE
"TOMM20",-0.345295419879816,2.20058904008747e-06,1.04158032222795e-05,FALSE
"MTF1",0.277755414954962,2.2277019949491e-06,1.05403232807639e-05,FALSE
"PADI1",2.09692938014821,2.24580493831278e-06,1.0622138096962e-05,TRUE
"KIRREL1",0.48301587148501,2.26139971971883e-06,1.06920350778472e-05,FALSE
"TMEM106B",-0.531954236585982,2.27029195625886e-06,1.07302029932639e-05,FALSE
"CCT3",0.255963036242709,2.28304351896119e-06,1.07865773187441e-05,FALSE
"EIF5B",-0.336453891219852,2.29084910490971e-06,1.08195514002446e-05,FALSE
"MGST1",-0.325929312182992,2.29337682824683e-06,1.08275836406085e-05,FALSE
"LAMTOR3",-0.403515558420531,2.29690969183382e-06,1.08403538880636e-05,FALSE
"CYP20A1",-0.270522206353934,2.30242250084189e-06,1.08624559931611e-05,FALSE
"GREB1L",-0.474310969938166,2.32312793406433e-06,1.09561926919201e-05,FALSE
"C1orf198",0.630935215709475,2.34312729802027e-06,1.10465331601301e-05,FALSE
"UQCRB",-0.380363240824663,2.35265891853058e-06,1.10874768039605e-05,FALSE
"GK",-0.63562915997782,2.35643992805335e-06,1.11012995818908e-05,FALSE
"FOXK1",0.483469009136729,2.38197188590944e-06,1.12175452986786e-05,FALSE
"RPS24",-0.380542556137511,2.38284153407045e-06,1.12176056684827e-05,FALSE
"BID",0.380585710002846,2.38595434285475e-06,1.1228222234599e-05,FALSE
"GIN1",-0.36521311757481,2.39637275795506e-06,1.12731987593057e-05,FALSE
"PRRG4",-0.46489843218945,2.4050693805788e-06,1.13100460957391e-05,FALSE
"SPRY2",-0.353947089405543,2.41250935545734e-06,1.13392100943368e-05,FALSE
"TRMT44",0.326768555190598,2.4130033091065e-06,1.13392100943368e-05,FALSE
"PNKD",0.470194057589643,2.41739065294701e-06,1.13557511404314e-05,FALSE
"GIT1",0.462755106188077,2.43578896141044e-06,1.14380735591053e-05,FALSE
"PTGS2",-1.08265520557065,2.45211276515079e-06,1.1510598896147e-05,TRUE
"VPS36",-0.269908450946323,2.45422879576142e-06,1.15164026502181e-05,FALSE
"AP1M2",1.26054869683597,2.46436250718326e-06,1.15598115170345e-05,TRUE
"EMP2",-0.321509312315,2.46695642114845e-06,1.15636926121287e-05,FALSE
"NRTN",0.762659072073006,2.46619096845786e-06,1.15636926121287e-05,FALSE
"ZAP70",0.650203604597531,2.46908717100853e-06,1.15695380253557e-05,FALSE
"EPCAM",1.10451080073412,2.47068272900625e-06,1.15728723750089e-05,TRUE
"PTCHD4",1.44951848296481,2.48089227081847e-06,1.16165384869655e-05,TRUE
"GRK5",0.351196602298749,2.49086070063041e-06,1.16590447953713e-05,FALSE
"GRAMD1A",0.458535820186165,2.49555081986759e-06,1.1676823207186e-05,FALSE
"KIFC2",0.797574949596936,2.50524056738274e-06,1.17179741008127e-05,FALSE
"N4BP1",0.250334173810105,2.54651564185955e-06,1.19067795654376e-05,FALSE
"FXYD2",0.866265144680476,2.55564113972708e-06,1.19451816498775e-05,FALSE
"HESX1",-0.625347776815374,2.55764532786423e-06,1.19502828809417e-05,FALSE
"MLEC",0.351505855661228,2.56326656306282e-06,1.19722746498817e-05,FALSE
"HDDC2",-0.356850579151577,2.57742353368343e-06,1.20341044589812e-05,FALSE
"TTL",0.294396802071721,2.58218892088321e-06,1.20520560970421e-05,FALSE
"GFOD2",0.35741893941012,2.59164885323443e-06,1.20918983558607e-05,FALSE
"STXBP6",-0.672895801757042,2.603999059344e-06,1.21451926202108e-05,FALSE
"ARMC6",0.555277544063176,2.61449297670685e-06,1.21878421749553e-05,FALSE
"IGIP",-0.33650683139729,2.61500524514585e-06,1.21878421749553e-05,FALSE
"MAML1",0.351452363301936,2.62656134709859e-06,1.22373456071939e-05,FALSE
"HP1BP3",-0.205549697358447,2.63970450820907e-06,1.22942054149673e-05,FALSE
"TBC1D13",0.363528550534056,2.65841588793312e-06,1.23769490771054e-05,FALSE
"PGAP1",-0.556651214591288,2.68733490480341e-06,1.25071413344068e-05,FALSE
"RNF217",-0.558996554989458,2.69165438997644e-06,1.25227929188243e-05,FALSE
"TOR2A",0.561842044832275,2.70220975284142e-06,1.25674351986501e-05,FALSE
"RPS6KL1",0.933358989072032,2.7259301339108e-06,1.26732518867757e-05,FALSE
"NEU4",0.944231063876212,2.73123659029461e-06,1.26934147817313e-05,FALSE
"GRAMD1B",0.801732745133489,2.73268920821456e-06,1.26956590184333e-05,FALSE
"TNIP2",0.397255550869977,2.73369676507452e-06,1.26958347103071e-05,FALSE
"GART",0.322235993026694,2.74003162814962e-06,1.27207425800478e-05,FALSE
"TMEM229B",0.536913198887831,2.74177817313751e-06,1.27243388311649e-05,FALSE
"MRPL42",-0.404178968496023,2.74489475497382e-06,1.27342884947262e-05,FALSE
"TARDBP",-0.24927241204799,2.75442066323724e-06,1.27739551268516e-05,FALSE
"ERICH1",-0.4177449390518,2.78116808125543e-06,1.28934321953952e-05,FALSE
"HLA-DQB2",0.953939602018025,2.79398027424378e-06,1.29482441594335e-05,FALSE
"UQCRH",-0.366990305114595,2.81016613469324e-06,1.30186465093432e-05,FALSE
"C12orf76",-0.337941740391205,2.84162669386292e-06,1.31597370626294e-05,FALSE
"CNNM4",0.331603224845905,2.85175554818434e-06,1.32019744118916e-05,FALSE
"CDT1",1.06991602832642,2.86470734225143e-06,1.32572458553396e-05,TRUE
"COLGALT1",0.296802181513483,2.86687513951191e-06,1.32625898680176e-05,FALSE
"CHCHD6",0.439033179389492,2.87792903089662e-06,1.33090239747434e-05,FALSE
"HHAT",0.361550494720846,2.89567953992129e-06,1.33863829578565e-05,FALSE
"CRB3",0.485424355230215,2.90483589755471e-06,1.34239716098787e-05,FALSE
"CFB",0.761557619768081,2.91073425128006e-06,1.34464829985033e-05,FALSE
"ZDHHC1",0.643613636861373,2.92933257373077e-06,1.35276268272604e-05,FALSE
"LYRM1",-0.35651753315624,2.93227497691231e-06,1.35364400556192e-05,FALSE
"HACE1",-0.409887527930089,2.93454145816299e-06,1.35421278710856e-05,FALSE
"ITGA9",0.368406975633053,2.98283500818771e-06,1.37601395092296e-05,FALSE
"YTHDC1",-0.271173882057677,2.99280914589979e-06,1.38012882487214e-05,FALSE
"CLNS1A",-0.261727567888403,2.99687402753294e-06,1.38151671719934e-05,FALSE
"COL6A1",0.627745719324891,3.00376374957965e-06,1.38420538576194e-05,FALSE
"NOPCHAP1",-0.39350748227491,3.03398386956694e-06,1.3976395784789e-05,FALSE
"LRRC39",-0.780432154149821,3.04081964551708e-06,1.40029584238866e-05,FALSE
"CTNNA1",0.277423292421542,3.05010830363168e-06,1.40407939209374e-05,FALSE
"SOWAHC",-0.440083509341059,3.06711626112859e-06,1.4109786545717e-05,FALSE
"ZNF655",-0.289700902090361,3.067251184625e-06,1.4109786545717e-05,FALSE
"XYLT2",0.400133678140877,3.07124192348062e-06,1.41231820380078e-05,FALSE
"CCDC38",-0.590166181381445,3.07449614223208e-06,1.41331824066371e-05,FALSE
"ERV3-1",0.858881190968276,3.08138564458008e-06,1.41598809613346e-05,FALSE
"ALG1",0.280129806367162,3.09927166926031e-06,1.42320816183641e-05,FALSE
"PAF1",0.344649681604721,3.09829509032136e-06,1.42320816183641e-05,FALSE
"KLF6",-0.525133838611679,3.12178518763013e-06,1.43304388767369e-05,FALSE
"MTPAP",-0.26528024628111,3.12899250291825e-06,1.43584892562936e-05,FALSE
"PPIF",0.586282833621386,3.15272576251617e-06,1.44599896502732e-05,FALSE
"SLC26A11",0.426778123621714,3.15332038279331e-06,1.44599896502732e-05,FALSE
"ISYNA1",0.684400154291042,3.15732456502838e-06,1.44690751716895e-05,FALSE
"MRPL18",-0.269553026815035,3.15751205052834e-06,1.44690751716895e-05,FALSE
"SSBP4",0.744380553110688,3.16853115174339e-06,1.45144890967895e-05,FALSE
"MDM4",-0.617001794200081,3.18175489992781e-06,1.45688045931758e-05,FALSE
"RGS12",0.640714668260294,3.18261389676771e-06,1.45688045931758e-05,FALSE
"FRYL",-0.303952688181394,3.21219211510653e-06,1.46990629748251e-05,FALSE
"FGFR4",0.577872862672414,3.21811834922049e-06,1.47158943164494e-05,FALSE
"SLC25A14",-0.376817699294272,3.21794407682621e-06,1.47158943164494e-05,FALSE
"ARSJ",0.4999850925204,3.22218960542731e-06,1.47268662513213e-05,FALSE
"XRCC3",0.590790125502198,3.22276747708796e-06,1.47268662513213e-05,FALSE
"DAO",0.391781805299249,3.2386114524585e-06,1.47941036760595e-05,FALSE
"RNF187",0.40361076564776,3.24786695324536e-06,1.48312082845791e-05,FALSE
"CYP11A1",0.588970342628715,3.25702046890207e-06,1.48670479135728e-05,FALSE
"ZZZ3",-0.287337525967287,3.2579865921204e-06,1.48670479135728e-05,FALSE
"INO80E",0.648026692399817,3.26242745099902e-06,1.48821255012122e-05,FALSE
"FNIP2",-0.485145930433526,3.26756404448982e-06,1.49003651934729e-05,FALSE
"EXOSC5",0.606043375308465,3.27635660850148e-06,1.49304013784291e-05,FALSE
"MPV17L2",0.589889945286156,3.27643164987984e-06,1.49304013784291e-05,FALSE
"PLXNA3",0.874645068112535,3.28497824715027e-06,1.49641389045551e-05,FALSE
"TCFL5",-0.271422602628287,3.28784443417585e-06,1.49719858546888e-05,FALSE
"AQP4",0.878906153714367,3.29133159097189e-06,1.49826540990973e-05,FALSE
"TARS3",-0.276587400692066,3.29646659489069e-06,1.50008135767497e-05,FALSE
"ATXN7L3",0.320297552041888,3.30235645114532e-06,1.50223942523956e-05,FALSE
"IFFO1",0.389809725826308,3.31037544346281e-06,1.50536419957676e-05,FALSE
"WDR33",-0.191366917343422,3.32171250226771e-06,1.50999514165586e-05,FALSE
"ABCC10",0.517050364958159,3.3284800439881e-06,1.51254636362e-05,FALSE
"CIMAP1B",0.943026507220115,3.33939758356454e-06,1.51645484439913e-05,FALSE
"PCIF1",0.41433944327626,3.33924149810761e-06,1.51645484439913e-05,FALSE
"CROT",-0.418323005128283,3.34166282519973e-06,1.51695734075988e-05,FALSE
"C11orf71",-0.216560812368896,3.35189513800589e-06,1.52107490976683e-05,FALSE
"CYP4X1",-0.618442911708356,3.35646421158963e-06,1.52262056334482e-05,FALSE
"ZNRD2",0.608870742543475,3.3607695267992e-06,1.5240455367113e-05,FALSE
"CAMK2B",0.563873836226343,3.3763346528573e-06,1.53057386687007e-05,FALSE
"GINS4",0.663388878071482,3.38525624296334e-06,1.53355621913066e-05,FALSE
"XPA",-0.318458995232571,3.38510266206846e-06,1.53355621913066e-05,FALSE
"FAM120B",0.254693426580103,3.39176149214308e-06,1.53597168644542e-05,FALSE
"TOP2A",0.867355133839683,3.40302036528519e-06,1.54053743507309e-05,FALSE
"HLA-DRB5",0.968758141008654,3.40593011727397e-06,1.54132171086591e-05,FALSE
"EVPLL",1.17217226128764,3.40863025182717e-06,1.54201061703253e-05,TRUE
"CHCHD5",0.619815850581778,3.41454306160246e-06,1.54361870726863e-05,FALSE
"NME3",0.987971611388536,3.41352138142937e-06,1.54361870726863e-05,FALSE
"NLE1",0.350610310076949,3.4159826507637e-06,1.54373644680008e-05,FALSE
"CDK17",-0.545234341416854,3.42001886373385e-06,1.54449420365656e-05,FALSE
"MOSMO",-0.418404023626848,3.4200175017624e-06,1.54449420365656e-05,FALSE
"DENND6A",-0.462460701075038,3.42332134882321e-06,1.54545252064805e-05,FALSE
"FBLN2",0.880392390433913,3.43817875678015e-06,1.55162482880957e-05,FALSE
"MGAT5",0.386682068818817,3.44614760106314e-06,1.55427165367819e-05,FALSE
"RCC2",0.316880297050158,3.44641812605239e-06,1.55427165367819e-05,FALSE
"IL27RA",0.422168496828059,3.44829805324207e-06,1.55458395706079e-05,FALSE
"DIMT1",-0.388665193236198,3.48229647124314e-06,1.56937092604183e-05,FALSE
"COA8",-0.351859365440983,3.48895539725581e-06,1.57074979576592e-05,FALSE
"MRPL39",-0.290279050758034,3.48781223959602e-06,1.57074979576592e-05,FALSE
"SLC19A1",0.68078657834978,3.48723233937619e-06,1.57074979576592e-05,FALSE
"NF2",0.258755678357894,3.52163146557447e-06,1.58491574930564e-05,FALSE
"PIAS3",0.351240945709496,3.52533690420458e-06,1.58603817009781e-05,FALSE
"ARRDC1",0.632214309003752,3.52673391007343e-06,1.58612161974172e-05,FALSE
"FAM133B",-0.453860128369813,3.53329206371299e-06,1.58852540172151e-05,FALSE
"AGO2",0.502992552777573,3.55880132832405e-06,1.59944479884718e-05,FALSE
"HMG20B",0.475867801860052,3.59410734293299e-06,1.61475817891828e-05,FALSE
"SFXN1",-0.267842372078634,3.62473470342691e-06,1.62795975084957e-05,FALSE
"AAMDC",-0.366181656113732,3.66730546011502e-06,1.64651450904753e-05,FALSE
"KDM6A",-0.419994511895298,3.67889488204487e-06,1.65115158710084e-05,FALSE
"NEK7",-0.463485445075506,3.70013366748112e-06,1.66011480379242e-05,FALSE
"CRYM",0.47555582251048,3.70506690360943e-06,1.66175868112554e-05,FALSE
"NRM",0.474533253060269,3.71408696083123e-06,1.66523378394529e-05,FALSE
"PAFAH2",0.284958130140163,3.71850054781266e-06,1.66664187511001e-05,FALSE
"ACAD8",0.210486504309644,3.73886421157989e-06,1.67519542292963e-05,FALSE
"RELL1",0.684099061436945,3.76535962519032e-06,1.68648950437878e-05,FALSE
"HINT1",-0.352103376122174,3.77034337116632e-06,1.68814416605026e-05,FALSE
"WNK2",1.14369996543035,3.77201101341534e-06,1.68831344231226e-05,TRUE
"TRIM56",0.943327469568333,3.77840956111188e-06,1.69059938393974e-05,FALSE
"CYP3A5",-0.590493698565605,3.78645892213027e-06,1.69362214583292e-05,FALSE
"RNLS",-0.380153045775209,3.79806690635414e-06,1.69823401427556e-05,FALSE
"SPATA7",-0.377717974322641,3.80359218005216e-06,1.70012389283861e-05,FALSE
"COMTD1",0.801576742808711,3.80985907775749e-06,1.70234385822529e-05,FALSE
"LZTFL1",-0.358975523284107,3.83005376932225e-06,1.7107832159089e-05,FALSE
"PRRG1",-0.39246189453762,3.83135990608378e-06,1.7107832159089e-05,FALSE
"ZBTB42",0.452510524248921,3.85926809554109e-06,1.72265727605946e-05,FALSE
"IRF2BP2",-0.403439575106206,3.86091139055736e-06,1.72267223280649e-05,FALSE
"PADI2",0.823104861314842,3.86456488523728e-06,1.72267223280649e-05,FALSE
"PALM",0.668283477268941,3.86373701120225e-06,1.72267223280649e-05,FALSE
"SS18",-0.284092368943554,3.86288698151002e-06,1.72267223280649e-05,FALSE
"ATG4B",0.452753925153095,3.87861423807551e-06,1.72834641269178e-05,FALSE
"NCSTN",0.266388046421599,3.88573146277814e-06,1.73092876184728e-05,FALSE
"ERICH2",-0.633204226978916,3.89861142692206e-06,1.73607553745795e-05,FALSE
"PPME1",0.246291394943272,3.90444564459969e-06,1.73808236583132e-05,FALSE
"MAGOH",-0.278845827815861,3.91230961939467e-06,1.74099107875986e-05,FALSE
"DHRS7B",0.25162181956172,3.9180512607352e-06,1.74295369030055e-05,FALSE
"MAPK8IP3",0.694548856854163,3.92750405560778e-06,1.74597226132486e-05,FALSE
"SHC2",0.728466659725596,3.92718944361601e-06,1.74597226132486e-05,FALSE
"GMPPA",0.426100671042836,3.93471078072244e-06,1.74858226548602e-05,FALSE
"KMT5C",0.68457079546444,3.93789179884821e-06,1.74940208451037e-05,FALSE
"APOF",-0.472898631179348,3.94196191326676e-06,1.7500319688681e-05,FALSE
"IGSF8",0.51168553399157,3.94198310127713e-06,1.7500319688681e-05,FALSE
"FOXO4",0.378772895627522,3.94538889723439e-06,1.75095021839297e-05,FALSE
"ETV1",-0.639536464015536,3.94726304598152e-06,1.75118833608912e-05,FALSE
"ADSL",0.307064701464623,3.96011268980927e-06,1.75629387991135e-05,FALSE
"RDH10",-0.437533158334851,3.96419815952818e-06,1.75751040652025e-05,FALSE
"CYP2C19",-1.0275385237526,3.98605520454617e-06,1.76660239464856e-05,TRUE
"CMC1",-0.376526285456054,3.99354315696244e-06,1.76925993615753e-05,FALSE
"RPS8",-0.331643186777839,3.99475433186805e-06,1.76925993615753e-05,FALSE
"CASZ1",0.609308265637723,4.06184168303317e-06,1.79716700421769e-05,FALSE
"FST",-0.901641716916237,4.06188295560658e-06,1.79716700421769e-05,FALSE
"TST",0.491837007246914,4.0606452948741e-06,1.79716700421769e-05,FALSE
"CHST7",-0.484603419497353,4.08024658202795e-06,1.80436851877079e-05,FALSE
"EXOSC1",-0.302765257562082,4.08109062746473e-06,1.80436851877079e-05,FALSE
"SNX1",0.196980074916887,4.0822941892752e-06,1.80436851877079e-05,FALSE
"CCT7",0.246892185890842,4.09121971512368e-06,1.80770329093484e-05,FALSE
"PILRA",0.566603714779454,4.11067275238882e-06,1.81568581897012e-05,FALSE
"CLUH",0.598992598293604,4.11310084712598e-06,1.81614557472423e-05,FALSE
"CDK18",0.558917682050807,4.13571009685608e-06,1.82551303398651e-05,FALSE
"HELZ2",0.574759735014791,4.14304099657883e-06,1.8281325489454e-05,FALSE
"THNSL1",-0.318623481876942,4.14601219531342e-06,1.8288272122993e-05,FALSE
"COA7",0.341506686556211,4.15915667819275e-06,1.83400738399796e-05,FALSE
"ANKRD49",-0.385761585008375,4.16607770244558e-06,1.83644071651238e-05,FALSE
"POC5",-0.414983113948083,4.18862827806685e-06,1.84575972455238e-05,FALSE
"NAPRT",0.793629845608329,4.2011083741871e-06,1.85063629996156e-05,FALSE
"TMEM82",0.66857968187666,4.215897765638e-06,1.85652652363716e-05,FALSE
"ZNF316",0.547901364763715,4.22929364766037e-06,1.86179934213751e-05,FALSE
"RCC1",0.31034388842951,4.23282327778151e-06,1.86272680177195e-05,FALSE
"RNF34",0.205422047291949,4.23654530747963e-06,1.8637382784114e-05,FALSE
"C5orf15",-0.391094860433803,4.2392062598156e-06,1.86428244385307e-05,FALSE
"FICD",0.656730322988087,4.24807504834534e-06,1.86719358737542e-05,FALSE
"SNTG1",-0.724145084446578,4.24867835074197e-06,1.86719358737542e-05,FALSE
"MECR",0.312812735153488,4.26561740110394e-06,1.87400882601519e-05,FALSE
"ZNF641",0.235182137891156,4.29397054550096e-06,1.88583235094594e-05,FALSE
"PPARD",0.509586488898706,4.29911709025595e-06,1.8874594549172e-05,FALSE
"LAPTM5",0.571450121915066,4.32065070085054e-06,1.89627753856974e-05,FALSE
"LRRC19",-1.23895219818027,4.33164584979825e-06,1.90046606788065e-05,TRUE
"AREL1",0.288432266580718,4.34904572979746e-06,1.90746086078755e-05,FALSE
"RANBP3",0.338633708633327,4.35992542049214e-06,1.91159221718296e-05,FALSE
"FAH",0.328066619490613,4.3615897279295e-06,1.91168171135096e-05,FALSE
"AMZ2",-0.249565853552016,4.38183279765998e-06,1.91963486543219e-05,FALSE
"CCDC91",-0.387124520234766,4.3837864224047e-06,1.91963486543219e-05,FALSE
"SLC52A2",0.6196198931955,4.38413401133689e-06,1.91963486543219e-05,FALSE
"WDR5",0.332309583549098,4.3936424850954e-06,1.92315504563253e-05,FALSE
"SH3GL1",0.432292290606484,4.40069669075374e-06,1.92559896642206e-05,FALSE
"MTCL2",0.49913908864442,4.43168328212088e-06,1.93850977378973e-05,FALSE
"ARID5A",0.57156426401634,4.43930802667468e-06,1.94119641567218e-05,FALSE
"ARHGEF1",0.542536803397632,4.44184359522933e-06,1.94127446826759e-05,FALSE
"MON2",-0.399686712446012,4.44245211345074e-06,1.94127446826759e-05,FALSE
"UBALD1",0.850396371919283,4.4736241213266e-06,1.95424381035729e-05,FALSE
"CLEC16A",0.378496993585415,4.49993514847986e-06,1.96508175329881e-05,FALSE
"PDLIM2",0.554579458491272,4.51199779132009e-06,1.96903583613209e-05,FALSE
"TMC4",1.17479069897048,4.51114599896945e-06,1.96903583613209e-05,TRUE
"AAR2",0.214956761161558,4.54941952983798e-06,1.98470511444981e-05,FALSE
"CD2AP",-0.449469921370708,4.56768353198248e-06,1.99200908729896e-05,FALSE
"SLC66A2",0.534960387790941,4.58030757645724e-06,1.99684937698895e-05,FALSE
"THUMPD2",-0.494017950144639,4.59001270339402e-06,2.0004143246616e-05,FALSE
"AASDHPPT",-0.378446039473731,4.59609430516173e-06,2.00239822439858e-05,FALSE
"KBTBD7",-0.340490912235543,4.61122020096556e-06,2.00831985598939e-05,FALSE
"MCCC2",-0.247664193186045,4.61430605328594e-06,2.00899192893864e-05,FALSE
"SIPA1L3",0.563397906864157,4.61583235735368e-06,2.00899192893864e-05,FALSE
"RALGPS2",-0.446010418147077,4.63882826158232e-06,2.01832966436144e-05,FALSE
"C1orf50",-0.312765540285434,4.64150535028937e-06,2.01882352312254e-05,FALSE
"ADPRHL1",0.762067972169487,4.64915951440946e-06,2.02148111466784e-05,FALSE
"COX7C",-0.396023060458443,4.66480416187507e-06,2.02761009585884e-05,FALSE
"ZBTB45",0.69324661012365,4.6686925538359e-06,2.02862671473016e-05,FALSE
"HBA1",1.17577888282694,4.67735642065742e-06,2.03171699599359e-05,TRUE
"MICU1",-0.204780897062992,4.68706808836206e-06,2.03526021269772e-05,FALSE
"CBX3",-0.392889470950604,4.69124493844112e-06,2.03639849914029e-05,FALSE
"WRAP73",0.363725115404225,4.69470064195302e-06,2.03722309593798e-05,FALSE
"RSPRY1",-0.196600595675078,4.72315813846669e-06,2.04889285449986e-05,FALSE
"SNRK",-0.498519462786993,4.7656952425896e-06,2.06666055369272e-05,FALSE
"ABCA3",0.682537605729423,4.81707001661766e-06,2.08824770389266e-05,FALSE
"RER1",0.20027674604943,4.82804609815546e-06,2.09231312535754e-05,FALSE
"TRIM13",-0.350598968078153,4.8318226604091e-06,2.09325685870536e-05,FALSE
"SLC26A6",0.689465532210926,4.85239720067047e-06,2.10147483133238e-05,FALSE
"TRADD",0.441652836488704,4.85623167734124e-06,2.10243998411877e-05,FALSE
"SF3B2",0.310659700037171,4.87381313069921e-06,2.10865702270701e-05,FALSE
"SH2D3C",0.567779172838085,4.87323715376278e-06,2.10865702270701e-05,FALSE
"EPHB3",0.789710969398695,4.8859298912858e-06,2.11320099559675e-05,FALSE
"INTS15",0.421274868711177,4.89311815690036e-06,2.11561106044054e-05,FALSE
"EXOC1",-0.322723611662682,4.91762010101426e-06,2.125502884202e-05,FALSE
"ADH4",-0.403000684752954,4.93609225356321e-06,2.13278283114355e-05,FALSE
"RALGDS",0.615302194944677,4.95419881980987e-06,2.13990006430059e-05,FALSE
"KNOP1",0.338873451538684,4.98394542195509e-06,2.15203870264631e-05,FALSE
"ERRFI1",-0.640086716153428,4.99738386957263e-06,2.15712989187092e-05,FALSE
"ZBTB9",0.325658904513726,5.01964205273088e-06,2.1660235251929e-05,FALSE
"SEC22A",-0.305927771620222,5.06701196133819e-06,2.18574367702931e-05,FALSE
"AIRIM",0.265972271948237,5.07906340014854e-06,2.19022062038026e-05,FALSE
"KDELR2",-0.256954223793358,5.09175192723757e-06,2.19496925358559e-05,FALSE
"SSH3",0.51649490430164,5.09732764141441e-06,2.19664955501637e-05,FALSE
"NTPCR",-0.271831542577845,5.10777262427666e-06,2.2004264296489e-05,FALSE
"COL4A4",0.57232193949728,5.11805461659567e-06,2.20413062633127e-05,FALSE
"HAUS3",-0.37773187558035,5.12100376020355e-06,2.20467547611262e-05,FALSE
"STX8",-0.28637882807588,5.12429025959402e-06,2.2053651570876e-05,FALSE
"ZC3H3",0.814828206164776,5.12656016740515e-06,2.20561701319975e-05,FALSE
"FANCF",-0.309850707948499,5.1558349807941e-06,2.2167550597227e-05,FALSE
"PRDX3",-0.451900612265085,5.15458872179014e-06,2.2167550597227e-05,FALSE
"PPP4C",0.337430851175691,5.21183858231266e-06,2.24009818514896e-05,FALSE
"RNF157",0.758921332825698,5.21433970121002e-06,2.24043765566923e-05,FALSE
"SP2",0.425344539087094,5.21707294230862e-06,2.24087660632232e-05,FALSE
"DOCK2",0.500172492239311,5.26131184269928e-06,2.25913724646176e-05,FALSE
"C2CD2L",0.434174724877078,5.27189448806179e-06,2.26293910287557e-05,FALSE
"ANKRD28",-0.28498840514764,5.28681393429992e-06,2.26859941094247e-05,FALSE
"TUSC1",-0.447594833464432,5.29680291355618e-06,2.27214101390162e-05,FALSE
"GTPBP4",0.259095605118834,5.33475479701937e-06,2.28767146421807e-05,FALSE
"TWF2",0.549329612307919,5.3444267713551e-06,2.29106860807403e-05,FALSE
"FBXO21",-0.412515639048932,5.35735330429673e-06,2.29585824745836e-05,FALSE
"NDUFAF7",-0.235063908345297,5.36103761508076e-06,2.29593406793056e-05,FALSE
"RPS19BP1",0.427347917893464,5.359884861753e-06,2.29593406793056e-05,FALSE
"ELAC1",-0.266574757722894,5.36977771368105e-06,2.29892510881335e-05,FALSE
"MINPP1",-0.411297353045075,5.43209599977715e-06,2.32484474759995e-05,FALSE
"ERO1B",-0.449864316545725,5.44392789807587e-06,2.32914719090227e-05,FALSE
"ERI2",-0.376671688522534,5.45599524070961e-06,2.33354752340314e-05,FALSE
"THAP7",0.574943856688494,5.47068138061508e-06,2.33906468435704e-05,FALSE
"MEIS1",-0.406949283964017,5.51201493324577e-06,2.35596798909741e-05,FALSE
"SLC16A11",0.822368504384577,5.54601549140134e-06,2.3697269847724e-05,FALSE
"PDLIM7",0.733565471535508,5.55253140065668e-06,2.37173706679926e-05,FALSE
"TF",0.350754809706268,5.56148032491018e-06,2.37478474930607e-05,FALSE
"LAMA2",0.736465944854173,5.58741211071283e-06,2.38507986154067e-05,FALSE
"TUBGCP6",0.54080171205008,5.60838157571004e-06,2.39325070368956e-05,FALSE
"CAMK2N1",-0.34914920135493,5.62294247682507e-06,2.39868240164854e-05,FALSE
"CP",-0.441722907168658,5.62820489134019e-06,2.40014522597478e-05,FALSE
"ZNF609",0.419774296114222,5.64893783556458e-06,2.40820234917654e-05,FALSE
"SUZ12",-0.411663111280563,5.66497303839284e-06,2.41425218159632e-05,FALSE
"ZC3H18",0.495493231695584,5.69243801365517e-06,2.42516753904242e-05,FALSE
"TBC1D23",-0.405713487174707,5.69793848931809e-06,2.4267212329913e-05,FALSE
"CTIF",0.463273385407512,5.74334062509228e-06,2.4452622915027e-05,FALSE
"FMOD",0.559228315711257,5.75297146013387e-06,2.44856639649131e-05,FALSE
"GPR160",-0.77456102946621,5.76049892626894e-06,2.45097341380283e-05,FALSE
"UBFD1",0.207748621147102,5.78072193227127e-06,2.45877880238127e-05,FALSE
"PITRM1",0.27626783409507,5.86525821453414e-06,2.49392531811241e-05,FALSE
"LGALS3",0.567042455411699,5.88031003076489e-06,2.49951360138876e-05,FALSE
"PFKP",0.721095973005607,5.92882884922714e-06,2.51931928899973e-05,FALSE
"OSGEPL1",-0.253442338169408,5.93293499596517e-06,2.52024610535938e-05,FALSE
"ABTB1",0.494725685052763,5.94065271010197e-06,2.52270597731609e-05,FALSE
"YRDC",-0.274063306967547,5.94907509308558e-06,2.52546339554722e-05,FALSE
"GATM",-0.49653600962688,5.98030032736222e-06,2.53789600926503e-05,FALSE
"SNX3",-0.381056010919595,5.99951558362086e-06,2.54522547053676e-05,FALSE
"SPI1",0.705800335972323,6.07454874990205e-06,2.57622261852017e-05,FALSE
"GRB14",-0.445965796066264,6.09057715468822e-06,2.58218381182572e-05,FALSE
"RPL12",-0.405773332009329,6.12009417634052e-06,2.59385797852542e-05,FALSE
"OST4",-0.371590948260004,6.16621061320095e-06,2.61255758407854e-05,FALSE
"CLPX",-0.272054556619297,6.19501392568788e-06,2.62320224193909e-05,FALSE
"FMNL1",0.399579284781229,6.19534168352862e-06,2.62320224193909e-05,FALSE
"LILRB4",0.60051996028647,6.22996105270675e-06,2.6370077627558e-05,FALSE
"TRIM25",0.347970520212194,6.23816889102602e-06,2.63962854302885e-05,FALSE
"TMEM86A",0.412638335852649,6.25166695583941e-06,2.64448542119062e-05,FALSE
"PPIL2",0.376576349541221,6.33178910888969e-06,2.67751237123979e-05,FALSE
"CTSG",1.17315612186724,6.3478914927366e-06,2.68345480861826e-05,TRUE
"MAT2B",-0.419176616291751,6.37583055031405e-06,2.69439553146261e-05,FALSE
"ZMAT1",-0.459535188334925,6.39177237250165e-06,2.7002608551401e-05,FALSE
"DVL3",0.327695260164243,6.3971746296697e-06,2.70167129843986e-05,FALSE
"YAF2",-0.514308933285928,6.40434939181864e-06,2.70382915955142e-05,FALSE
"CNOT6L",-0.439066761206008,6.40649587191536e-06,2.7038634414931e-05,FALSE
"TRAPPC6B",-0.378236271292609,6.41914244669036e-06,2.70832784118821e-05,FALSE
"VAMP1",0.450025919606572,6.4815639245169e-06,2.73378334084327e-05,FALSE
"HJV",-0.278114718272893,6.55862502959243e-06,2.76539513325037e-05,FALSE
"BACE2",0.753063813314017,6.60305766605131e-06,2.78144243770733e-05,FALSE
"GRID1",1.02616524168499,6.59948333697068e-06,2.78144243770733e-05,TRUE
"ZNF646",0.495110846846513,6.60283777794262e-06,2.78144243770733e-05,FALSE
"MARCO",1.06610101481097,6.62250112753281e-06,2.78873543781472e-05,TRUE
"BLOC1S3",0.378609994256672,6.68986807622666e-06,2.81619784096332e-05,FALSE
"GPR182",0.798603001037794,6.70340615914818e-06,2.82098982435127e-05,FALSE
"C11orf54",-0.332048432017328,6.71057217676929e-06,2.82309803786194e-05,FALSE
"LIMS2",0.622115352947123,6.71343425585394e-06,2.82339483705878e-05,FALSE
"NFKBIE",0.421281956595951,6.73406143762992e-06,2.83116031925019e-05,FALSE
"COMMD3",-0.478907543485736,6.7726204672464e-06,2.84645737262247e-05,FALSE
"ZFP36L2",-0.422477643911159,6.78904598338191e-06,2.8524451224145e-05,FALSE
"BORCS5",0.333779521451385,6.8540055364477e-06,2.87881425996706e-05,FALSE
"PHC3",-0.362578730526562,6.87388839510337e-06,2.88623947622493e-05,FALSE
"ELF2",-0.252750132555028,6.8769430581529e-06,2.8865962974459e-05,FALSE
"ACAA2",-0.403550430631832,6.8844341324274e-06,2.88881447633781e-05,FALSE
"INTS11",0.484368756779368,6.8962051381738e-06,2.89282658343388e-05,FALSE
"CEBPB",-0.67591372059445,6.92279400888072e-06,2.90304994120008e-05,FALSE
"UFL1",-0.381303275545509,6.98720303835499e-06,2.92912142741414e-05,FALSE
"ZNF467",0.691688008627008,7.00547526397803e-06,2.93584129820744e-05,FALSE
"LEMD3",-0.411274865849604,7.06415800975096e-06,2.95948661323711e-05,FALSE
"SF3B4",0.368686364234663,7.0801905118971e-06,2.96525445239146e-05,FALSE
"WTIP",0.725035268824115,7.11740453376768e-06,2.9798867974444e-05,FALSE
"HYAL2",0.59449454878772,7.12154345931633e-06,2.98066646321513e-05,FALSE
"SNX5",-0.255021716020795,7.1472456036131e-06,2.99046786329507e-05,FALSE
"MAP7",-0.298174335779989,7.19412810412881e-06,3.00816113507679e-05,FALSE
"ZDHHC6",-0.240002120904138,7.19207779205866e-06,3.00816113507679e-05,FALSE
"FPR3",0.581187134847056,7.20616482291905e-06,3.01223211563398e-05,FALSE
"HYKK",-0.277052168036327,7.2183488400918e-06,3.01586176109488e-05,FALSE
"RPL11",-0.301517338575196,7.21945520873155e-06,3.01586176109488e-05,FALSE
"TMEM38B",-0.373564168050954,7.25268315701789e-06,3.02877600930393e-05,FALSE
"CCNC",-0.399603341512301,7.25511061147322e-06,3.02882360093773e-05,FALSE
"RARA",0.519766856479211,7.26421773499084e-06,3.03165886472745e-05,FALSE
"VSIG2",0.778086027465761,7.26745064772489e-06,3.03204155130702e-05,FALSE
"P2RY11",0.700368998458589,7.27041098615868e-06,3.03231030999648e-05,FALSE
"SREBF1",0.824093501822683,7.28625048191436e-06,3.03794876780965e-05,FALSE
"MAP3K2",-0.280195891910026,7.29854526131618e-06,3.04175264990616e-05,FALSE
"RADX",-0.500320810270927,7.30002049037974e-06,3.04175264990616e-05,FALSE
"CXCL9",0.835315737168357,7.30490494433305e-06,3.04281945692677e-05,FALSE
"ZNF142",0.532770656138994,7.3191083716342e-06,3.04776611963852e-05,FALSE
"C9orf152",1.64648516198627,7.32968205877197e-06,3.05097207480065e-05,TRUE
"DOK1",0.596191735230313,7.33146818463401e-06,3.05097207480065e-05,FALSE
"BRPF3",0.379523851127852,7.33426038017408e-06,3.05116418485031e-05,FALSE
"PCTP",-0.308183712577576,7.388353698209e-06,3.07269144272402e-05,FALSE
"UBN2",-0.367764663496483,7.40748768045609e-06,3.07967064822265e-05,FALSE
"ST13",-0.282182905201829,7.44796283667015e-06,3.09551522087891e-05,FALSE
"CPOX",-0.288899084221928,7.4635659987751e-06,3.10101574281065e-05,FALSE
"GLYAT",-0.324728176468038,7.50669920798336e-06,3.11794752636162e-05,FALSE
"MRPL19",-0.322992346953034,7.51291798443668e-06,3.11954082626847e-05,FALSE
"HSDL2",-0.333541302198707,7.53892207834751e-06,3.1293458417795e-05,FALSE
"FAM78A",0.513817004015182,7.56738095999019e-06,3.14016328140068e-05,FALSE
"KMT5B",-0.227728340423316,7.62482303346298e-06,3.16217110802867e-05,FALSE
"TMEM53",0.365040474176104,7.62524762301139e-06,3.16217110802867e-05,FALSE
"RNF135",-0.433974951018114,7.63532939215129e-06,3.16534934775316e-05,FALSE
"CIZ1",0.408735169982377,7.65489985393435e-06,3.1724580211367e-05,FALSE
"SLC35F6",0.289026365385718,7.67169708823327e-06,3.17841323668196e-05,FALSE
"EZR",0.300849134027818,7.6987521666329e-06,3.18861320359247e-05,FALSE
"LCORL",-0.468380858652537,7.76798902708976e-06,3.21548915286832e-05,FALSE
"NUP188",0.304880694849883,7.76855498817788e-06,3.21548915286832e-05,FALSE
"HEG1",0.475435151234087,7.79251868664886e-06,3.22438857919112e-05,FALSE
"MECP2",0.255614427718368,7.83668480883827e-06,3.241639100073e-05,FALSE
"DDA1",0.430365863185555,7.84135384170102e-06,3.24254594111023e-05,FALSE
"SLC2A6",0.570889289251344,7.8520486954769e-06,3.2459432119098e-05,FALSE
"UBA3",-0.369853297347764,7.85871794107867e-06,3.24767472489274e-05,FALSE
"ZNF26",-0.441709731689218,7.87263166565415e-06,3.25239803618631e-05,FALSE
"CAPN5",0.389935502510812,7.92545864193136e-06,3.27318941767083e-05,FALSE
"PANK1",-0.479121184390614,7.95652456849822e-06,3.28498327501667e-05,FALSE
"NAA25",-0.279575461991815,7.99263068882644e-06,3.29884996778423e-05,FALSE
"MMAA",-0.256192904226146,8.02588953178698e-06,3.31153311535314e-05,FALSE
"CD52",0.546939838806036,8.03668488352486e-06,3.31389853527898e-05,FALSE
"DBH",0.873553440049884,8.03668317348253e-06,3.31389853527898e-05,FALSE
"CCDC28A",-0.327267722442888,8.04841302800326e-06,3.31664536866914e-05,FALSE
"DNA2",-0.470558275769462,8.04820886185712e-06,3.31664536866914e-05,FALSE
"TRPM4",0.521720930767454,8.07218294981849e-06,3.32539393263133e-05,FALSE
"CNBD2",-0.512903098602581,8.08698712731545e-06,3.33044465148832e-05,FALSE
"SLC38A6",-0.540021203244918,8.09186148317006e-06,3.33140410495794e-05,FALSE
"RBM42",0.487535917550868,8.09619212916074e-06,3.33213918123145e-05,FALSE
"USP4",0.24171902922044,8.12810719003295e-06,3.34422310911098e-05,FALSE
"SLC6A19",1.177659466158,8.1538726392924e-06,3.35377004692479e-05,TRUE
"GRINA",0.464578370495469,8.15933075114543e-06,3.35496099855515e-05,FALSE
"ANKFY1",0.2959819369894,8.16820007803952e-06,3.35755338843622e-05,FALSE
"C8A",-0.281763441687798,8.19380604691177e-06,3.36702161852382e-05,FALSE
"MICU2",-0.402288327442858,8.22633542741141e-06,3.37932800174679e-05,FALSE
"TPCN2",0.404287615738016,8.2450992405988e-06,3.38597362791466e-05,FALSE
"ZNF366",1.06076184317959,8.25836331258097e-06,3.39035724328347e-05,TRUE
"SCRN2",0.486382609725958,8.27721275471464e-06,3.39703038823587e-05,FALSE
"ADGRG7",-0.570611988471815,8.33058991687377e-06,3.41786534602668e-05,FALSE
"PREX1",0.454526305256401,8.3449774914257e-06,3.42269565531784e-05,FALSE
"CDIP1",0.392778225274284,8.37817881180533e-06,3.43523698728955e-05,FALSE
"CDS1",-0.872624377277427,8.39524826687589e-06,3.44115811865808e-05,FALSE
"PIK3CA",-0.394671069092345,8.42136339825588e-06,3.45078214741678e-05,FALSE
"PDGFB",0.624361330025614,8.48253733897603e-06,3.47476154073449e-05,FALSE
"IMMT",0.26187144635709,8.49123734903291e-06,3.4771515243491e-05,FALSE
"VCPKMT",-0.580145617242152,8.4936836043908e-06,3.4771515243491e-05,FALSE
"SYBU",-0.769170868229953,8.53198994846148e-06,3.49174155690084e-05,FALSE
"MIEF2",0.340454193701939,8.56293339589254e-06,3.50221568319354e-05,FALSE
"TAF9B",-0.413661095147639,8.56227686268733e-06,3.50221568319354e-05,FALSE
"FOXO3",-0.442189070111964,8.58494702965525e-06,3.51012262686591e-05,FALSE
"EPB41L5",-0.267474898438663,8.69851542965451e-06,3.55544689369456e-05,FALSE
"MAP3K14",0.479529926039445,8.7145308457742e-06,3.5608813306141e-05,FALSE
"LETMD1",-0.218045005753993,8.74196022287405e-06,3.57097482801457e-05,FALSE
"BMPR1A",-0.35900196278705,8.77888628208245e-06,3.58382223900915e-05,FALSE
"MCM6",0.606867585024224,8.77638298376e-06,3.58382223900915e-05,FALSE
"TRMU",0.458032148044876,8.78711932016032e-06,3.58606502928737e-05,FALSE
"VASN",0.626274006287973,8.8397128336773e-06,3.60640450042079e-05,FALSE
"SH2B1",0.512502192919862,8.85559022256735e-06,3.61175661040037e-05,FALSE
"SLC2A14",1.18176909518689,8.87803209122242e-06,3.61978187911193e-05,TRUE
"VCPIP1",-0.401033746974845,8.91476501097478e-06,3.63362713336494e-05,FALSE
"PCGF6",-0.378169816250375,8.96737902717068e-06,3.65393483422715e-05,FALSE
"NECTIN3",-0.358049506906708,8.9703237337812e-06,3.65399745870142e-05,FALSE
"FASTKD3",-0.350087836347903,8.98213946193488e-06,3.65539850281789e-05,FALSE
"SBDS",-0.307297242739162,8.98209117177729e-06,3.65539850281789e-05,FALSE
"ZDHHC21",-0.514280563433358,8.98192052466472e-06,3.65539850281789e-05,FALSE
"ATP8A1",-0.649116364577817,9.03105348252957e-06,3.67416259146293e-05,FALSE
"ACE2",0.783996097978539,9.03431171363955e-06,3.67434634839916e-05,FALSE
"PLK1",0.625514702041865,9.0433503605268e-06,3.67688021490735e-05,FALSE
"IFT70B",-0.328938145807403,9.097859884325e-06,3.69789449256699e-05,FALSE
"AP2B1",0.244773761973624,9.11391734134374e-06,3.70327144111956e-05,FALSE
"YJU2B",0.513507564332128,9.12460106271374e-06,3.70646221262948e-05,FALSE
"PAH",-0.309283529515035,9.15035588459424e-06,3.71577106827257e-05,FALSE
"SLC25A40",-0.415514996481033,9.20985894205476e-06,3.73877436494205e-05,FALSE
"MRPL28",0.440889154296244,9.28131398657481e-06,3.76661384724852e-05,FALSE
"ECSIT",0.533634618286536,9.31163407685311e-06,3.77774754676669e-05,FALSE
"LIN54",-0.379855805033628,9.33487165186671e-06,3.7860018483965e-05,FALSE
"ERCC5",-0.393440385249375,9.35457521244312e-06,3.79281816913302e-05,FALSE
"CBL",0.278910388443134,9.44811791413496e-06,3.82955912482523e-05,FALSE
"FKBP15",0.308340235517118,9.47131106764896e-06,3.83712016010496e-05,FALSE
"PLA2G12A",-0.318646235449204,9.47263394245281e-06,3.83712016010496e-05,FALSE
"RAC2",0.625569540765574,9.47970108909749e-06,3.83879513326521e-05,FALSE
"IFT80",-0.513200929680629,9.5059596703219e-06,3.84823821904311e-05,FALSE
"OSTC",-0.389275059027958,9.53304589142813e-06,3.85801041145524e-05,FALSE
"PIN1",0.497774027691653,9.59567270398652e-06,3.88215534736068e-05,FALSE
"ZNF791",-0.284960051082468,9.60271731230852e-06,3.88380522251292e-05,FALSE
"PLEKHJ1",0.48815622589603,9.64882677369249e-06,3.90124892282835e-05,FALSE
"MRPL16",-0.232352867774071,9.66279227460847e-06,3.90568930099333e-05,FALSE
"RBBP6",-0.320479652882367,9.72029156799166e-06,3.92771781506626e-05,FALSE
"RAP1GAP",0.587581251926087,9.72504162454252e-06,3.92842471300558e-05,FALSE
"RWDD3",-0.480937538915579,9.73125811513563e-06,3.92972335729043e-05,FALSE
"ERBIN",-0.323500163839135,9.75435591281862e-06,3.93783618904167e-05,FALSE
"FKBP9",0.250638808236145,9.7777952958478e-06,3.94608187463747e-05,FALSE
"SNRPN",-0.557469487895416,9.80724874108504e-06,3.95674886034778e-05,FALSE
"MAP2K2",0.541634102747923,9.87754450878425e-06,3.98265514964593e-05,FALSE
"NCF2",0.523299422713388,9.87532442446537e-06,3.98265514964593e-05,FALSE
"MTIF3",-0.313712539906653,9.91672166748516e-06,3.99722044552696e-05,FALSE
"FAM234A",0.481242152249164,9.9402491863761e-06,4.00547067860991e-05,FALSE
"ADD1",0.263785866613783,9.99203907503613e-06,4.02510078678071e-05,FALSE
"ADI1",-0.378019408015192,1.00226178848732e-05,4.03617697166285e-05,FALSE
"C1D",-0.38187081666439,1.00423542481273e-05,4.04288135967045e-05,FALSE
"MINDY2",-0.551214381775691,1.01123908670513e-05,4.0698254298013e-05,FALSE
"CMPK1",-0.436991370447203,1.01185865434746e-05,4.07106745627441e-05,FALSE
"RNF146",-0.28205684119584,1.01233721301722e-05,4.07174156461487e-05,FALSE
"RXRA",0.429245136610128,1.0139873606262e-05,4.07712608271444e-05,FALSE
"SPTBN2",0.584921895999542,1.0152123639926e-05,4.08079836333778e-05,FALSE
"ARAP1",0.369320967790009,1.01779749075706e-05,4.0884022420142e-05,FALSE
"CFAP36",-0.297452820910982,1.01804088824979e-05,4.0884022420142e-05,FALSE
"SREK1",-0.3736483055893,1.0176760099117e-05,4.0884022420142e-05,FALSE
"RPL31",-0.353870354880843,1.0231964695241e-05,4.1078467276938e-05,FALSE
"ARMC1",-0.382738989767327,1.0236275098013e-05,4.10831739985241e-05,FALSE
"ACSF3",0.380544020094061,1.02607538678269e-05,4.1168798540481e-05,FALSE
"GABARAP",0.506147332856508,1.0267966731355e-05,4.11851165584865e-05,FALSE
"CCR5",0.475817518966295,1.03082863806494e-05,4.1334176200754e-05,FALSE
"MRPL1",-0.417808732338953,1.03280923134231e-05,4.14009138295575e-05,FALSE
"CDKN2AIPNL",-0.348245411388756,1.03599110476276e-05,4.15157500567923e-05,FALSE
"MORN1",0.513776882454561,1.04030393505695e-05,4.16758234937748e-05,FALSE
"PDE3B",-0.398774241095421,1.04460599900338e-05,4.18353678156999e-05,FALSE
"LMBRD1",-0.303719947461607,1.04847933879609e-05,4.19776498578546e-05,FALSE
"UBC",0.382707810833698,1.04894094338027e-05,4.1983292053606e-05,FALSE
"BICRAL",-0.201891672483333,1.04992640304746e-05,4.20098914079991e-05,FALSE
"SZRD1",0.27534271595511,1.0503765782905e-05,4.20150631316199e-05,FALSE
"XRCC6",0.314998904065594,1.05416123941762e-05,4.21535703923504e-05,FALSE
"HUNK",0.918492105622729,1.05513850451969e-05,4.21540228903626e-05,FALSE
"STAP2",0.443391691379711,1.05505298031525e-05,4.21540228903626e-05,FALSE
"WRAP53",0.41772551330983,1.05508478207315e-05,4.21540228903626e-05,FALSE
"ATL2",-0.310700674225785,1.05749491419603e-05,4.2222395293243e-05,FALSE
"MAOB",-0.21820757311657,1.05729247140457e-05,4.2222395293243e-05,FALSE
"ZCWPW2",-0.502467272739209,1.06031033751432e-05,4.23218992034678e-05,FALSE
"CCDC3",0.442947001899925,1.0613567849665e-05,4.2350755954835e-05,FALSE
"HAX1",-0.256238974430565,1.06191579244393e-05,4.23601509892624e-05,FALSE
"PTGES3",-0.344866511414303,1.07301959966896e-05,4.27900475140605e-05,FALSE
"FAM200A",-0.299069591000023,1.07386746508881e-05,4.28108186752214e-05,FALSE
"MCMDC2",-0.440396456454622,1.07733028194679e-05,4.29357931544822e-05,FALSE
"ARID3C",0.423120295593755,1.08201406154248e-05,4.310933686462e-05,FALSE
"EEA1",-0.450739876582435,1.09619562517139e-05,4.36610682225244e-05,FALSE
"AIMP1",-0.236329657924688,1.0981588067977e-05,4.37259583290618e-05,FALSE
"CTSS",0.421990478340802,1.10038829973232e-05,4.3801409608074e-05,FALSE
"CFDP1",-0.305600510119662,1.10244601011365e-05,4.384332674486e-05,FALSE
"SLCO1A2",-0.508558429339563,1.10216709107637e-05,4.384332674486e-05,FALSE
"ZNF589",0.454443359146594,1.10217048739089e-05,4.384332674486e-05,FALSE
"GGA3",0.340021534289828,1.10694148323538e-05,4.40087394428107e-05,FALSE
"FMNL3",0.411215796046033,1.11101747165692e-05,4.41573792924479e-05,FALSE
"APEX1",0.170775983091637,1.11184068915761e-05,4.41766868056188e-05,FALSE
"CIC",0.681315842198014,1.12308142702268e-05,4.46097756146264e-05,FALSE
"IER3IP1",-0.770262164790213,1.1266773663891e-05,4.47254702267013e-05,FALSE
"PFDN5",-0.407090760934016,1.1264039413129e-05,4.47254702267013e-05,FALSE
"ALOX5",0.491397713511923,1.13600522857778e-05,4.50684256137583e-05,FALSE
"SNRPE",-0.441041046864579,1.13583216522657e-05,4.50684256137583e-05,FALSE
"ALDH3A2",-0.276472551541993,1.13820232782799e-05,4.51419111660831e-05,FALSE
"EIF1B",-0.321470161536785,1.13887731590758e-05,4.51550024829256e-05,FALSE
"STK26",-0.603976284660589,1.14004048238608e-05,4.51874356506165e-05,FALSE
"MMS19",0.271702665931764,1.14187172312315e-05,4.52463214259331e-05,FALSE
"GLA",0.340535174750292,1.1437811160138e-05,4.53082673853332e-05,FALSE
"TCEA1",-0.294138108425926,1.14844515152043e-05,4.54792617171975e-05,FALSE
"ESR1",-0.401477242653292,1.15507599343149e-05,4.57280160447688e-05,FALSE
"COPRS",-0.399704836023452,1.15774783041694e-05,4.58199352957029e-05,FALSE
"UBE2Z",0.188836459528398,1.15927248826958e-05,4.58664110499407e-05,FALSE
"CSNK2B",-0.613058963224645,1.16074409626762e-05,4.5910760448144e-05,FALSE
"WWP1",-0.275865903347641,1.16418219049251e-05,4.60328397400421e-05,FALSE
"CTDSPL2",-0.361902831578056,1.16510372769861e-05,4.60553683666369e-05,FALSE
"TEX10",-0.248714429183687,1.16866436776848e-05,4.61821729635525e-05,FALSE
"PHIP",-0.50424772252593,1.16928038146116e-05,4.61925731867516e-05,FALSE
"PARD6B",-0.564668543729348,1.17398535343509e-05,4.63644532343051e-05,FALSE
"MYCL",-0.535837264186736,1.18282137295659e-05,4.66852499690915e-05,FALSE
"TAF1D",-0.432053633565482,1.18266642417293e-05,4.66852499690915e-05,FALSE
"SMARCD2",0.270889201723898,1.18693772284744e-05,4.68336005651557e-05,FALSE
"CCNB1IP1",-0.336104911640603,1.18792059907225e-05,4.68582599670199e-05,FALSE
"NFE2L1",0.288566326854797,1.1904976819149e-05,4.69457700350298e-05,FALSE
"CCDC171",-0.473887094978152,1.19193772305087e-05,4.69601223899548e-05,FALSE
"CYP51A1",2.140556376131,1.19181603912536e-05,4.69601223899548e-05,TRUE
"UHRF2",-0.317834509184622,1.1915092111966e-05,4.69601223899548e-05,FALSE
"NUAK2",0.447993856328513,1.20741202673774e-05,4.75554700783708e-05,FALSE
"PI4K2B",-0.323286451638527,1.20835810913264e-05,4.7578419142149e-05,FALSE
"RTL8C",0.451960499525055,1.21382094135018e-05,4.77791454123768e-05,FALSE
"COP1",-0.225728708716804,1.22140617191709e-05,4.80632690193526e-05,FALSE
"SV2B",1.30964422434472,1.22326803002163e-05,4.81220704598653e-05,TRUE
"PLPP2",0.933787236293572,1.22437240006887e-05,4.81510467458745e-05,FALSE
"CALM3",0.313589143887601,1.22547474572229e-05,4.81799260390276e-05,FALSE
"COASY",0.355902662378392,1.23946586964077e-05,4.87097980702188e-05,FALSE
"SULT1C2",1.3333005464606,1.23969635785189e-05,4.87097980702188e-05,TRUE
"PAXBP1",-0.459809079716539,1.24606763751823e-05,4.89454470758736e-05,FALSE
"NECAB3",0.472514950374954,1.25253816569668e-05,4.91701039439308e-05,FALSE
"TENT2",-0.39557558143584,1.252513302437e-05,4.91701039439308e-05,FALSE
"TPGS1",1.18968478469421,1.25323521321751e-05,4.91827200582844e-05,TRUE
"RGS19",0.798519925319164,1.25562872416582e-05,4.9261885696071e-05,FALSE
"SLC25A12",-0.458876729704324,1.25665617757098e-05,4.92874256343896e-05,FALSE
"ABCD3",-0.375593687001267,1.2613461354697e-05,4.94417473220638e-05,FALSE
"CNST",-0.294828432682908,1.26108603712478e-05,4.94417473220638e-05,FALSE
"EFL1",0.324054367905057,1.26960409405656e-05,4.97505441466281e-05,FALSE
"DYRK1B",0.524494690784413,1.27412516280675e-05,4.99127667009755e-05,FALSE
"VMO1",0.901724341389989,1.27597146516247e-05,4.99701418543436e-05,FALSE
"SPAG9",-0.290206678396784,1.27998637143059e-05,5.01123850920132e-05,FALSE
"PGPEP1",0.371082721384473,1.28437303536639e-05,5.02690935097663e-05,FALSE
"SNX12",0.241063737295949,1.28772445469874e-05,5.03852019154688e-05,FALSE
"TTLL11",0.419709950906833,1.29373076646266e-05,5.06050887198362e-05,FALSE
"SFMBT1",0.336653329830605,1.3048904205433e-05,5.10263601724997e-05,FALSE
"TSR1",0.169297311005963,1.30818782607323e-05,5.11400269302798e-05,FALSE
"MAN2A1",-0.342072981015048,1.31041573135846e-05,5.12118291192386e-05,FALSE
"ISM1",0.637062099911913,1.31500056794691e-05,5.13756712490629e-05,FALSE
"FAM185A",-0.260512356966818,1.31654564583214e-05,5.14206909165705e-05,FALSE
"AGAP1",0.321852970123749,1.31769306277193e-05,5.14501568082616e-05,FALSE
"GPR108",0.374968730991591,1.32482080329407e-05,5.17130410158796e-05,FALSE
"SPAG5",0.411295460573508,1.32664639935563e-05,5.17688663498178e-05,FALSE
"ADCK5",0.745307566603164,1.32761931721373e-05,5.17913948181231e-05,FALSE
"AGO3",-0.277766903480333,1.32818072962424e-05,5.17978615199301e-05,FALSE
"CHCHD2",-0.362034568005178,1.33229491428703e-05,5.19428380519529e-05,FALSE
"LBH",0.539272891010732,1.33615471366003e-05,5.2067875599415e-05,FALSE
"TMEM50A",-0.264153988294736,1.33629744893091e-05,5.2067875599415e-05,FALSE
"GGCX",0.272996092080257,1.33862943269769e-05,5.21432208654513e-05,FALSE
"SDHAF2",-0.383132245669165,1.34453892553684e-05,5.23578334715298e-05,FALSE
"KYNU",-0.278168178058084,1.34600960994487e-05,5.23995177323766e-05,FALSE
"MANEA",-0.434513950502658,1.34672298678134e-05,5.24117043488149e-05,FALSE
"ARHGEF26",-0.423514241730867,1.35228541879404e-05,5.26125429505246e-05,FALSE
"NAT10",0.21933021583649,1.36189610837705e-05,5.29659055885713e-05,FALSE
"ZNF302",-0.290177516337417,1.36217693336938e-05,5.29659055885713e-05,FALSE
"AR",-0.25116359302361,1.36390015673634e-05,5.30171640498579e-05,FALSE
"ANKRD11",0.453941752772938,1.36984591370814e-05,5.32166845764599e-05,FALSE
"ZNF770",-0.428801581095605,1.36962003011116e-05,5.32166845764599e-05,FALSE
"FZD4",-0.245566796326134,1.37039637472727e-05,5.32222762916922e-05,FALSE
"SLC38A3",0.386784404459217,1.37335801012725e-05,5.3321480037325e-05,FALSE
"ATXN3",-0.300312431729108,1.38159024844033e-05,5.36251987328219e-05,FALSE
"MTSS2",0.585249183394385,1.38535485473057e-05,5.37553816186503e-05,FALSE
"SCPEP1",0.31396281179165,1.38764339410239e-05,5.38122847025724e-05,FALSE
"TREH",0.85093967150341,1.38724579536523e-05,5.38122847025724e-05,FALSE
"ITPK1",0.404344716945577,1.39076675528636e-05,5.39174366603761e-05,FALSE
"KXD1",0.306623494525149,1.39177262098846e-05,5.3940459307226e-05,FALSE
"TXN",-0.384547298321727,1.39794481017696e-05,5.41636385168298e-05,FALSE
"CERT1",-0.289486715844812,1.40135552152151e-05,5.42797233365669e-05,FALSE
"SDHD",-0.584675414051411,1.40199299858857e-05,5.42883535567038e-05,FALSE
"DMD",-0.272148618740612,1.4124177627575e-05,5.46758526020733e-05,FALSE
"APBB3",0.514077465504814,1.41393573304343e-05,5.47184351670252e-05,FALSE
"NT5E",-0.307370069228744,1.41492097820582e-05,5.47403825256223e-05,FALSE
"HPN",0.590842600280805,1.42342755907057e-05,5.5053215962635e-05,FALSE
"ZNF230",-0.289713798233737,1.42781498901942e-05,5.52065972718319e-05,FALSE
"PRPF8",0.422396102352011,1.430791579964e-05,5.53053538969255e-05,FALSE
"GCA",-0.470175061352383,1.43570749866044e-05,5.54789922445762e-05,FALSE
"PIGH",-0.253255857297616,1.44630657608601e-05,5.5872073455645e-05,FALSE
"HSPBP1",0.53401476849648,1.44928755757497e-05,5.59707159403289e-05,FALSE
"DHCR24",0.366314826545,1.45461524014761e-05,5.61599018696919e-05,FALSE
"DCHS1",0.560511825298816,1.45911445052636e-05,5.63169999595845e-05,FALSE
"MRPL57",-0.35008863158938,1.45976851977208e-05,5.6325639436652e-05,FALSE
"RASSF4",0.391433826353915,1.46029944181931e-05,5.63295235483157e-05,FALSE
"STXBP1",0.526379349745652,1.46828279390912e-05,5.66207903913349e-05,FALSE
"KIN",-0.263995989646205,1.46914873433845e-05,5.66375006771468e-05,FALSE
"LRRC31",0.764184964106932,1.47000797638259e-05,5.66539429696818e-05,FALSE
"PLEKHG5",0.603974484325998,1.47047927669631e-05,5.66554287537025e-05,FALSE
"BCAS3",0.425406061960351,1.47104059247594e-05,5.66603808081641e-05,FALSE
"GIPC3",0.496722327503795,1.47537744172605e-05,5.68107101972865e-05,FALSE
"RALGAPA1",-0.3695092205002,1.47876807422721e-05,5.69245269855416e-05,FALSE
"NADSYN1",0.362384094372243,1.48645550262725e-05,5.720363151204e-05,FALSE
"ADCY9",0.313238653477643,1.4910268376662e-05,5.73626898581425e-05,FALSE
"APOL4",-0.580325496734106,1.49358451248355e-05,5.7444208100572e-05,FALSE
"MYO1F",0.436793849918819,1.53072811941574e-05,5.8855484697183e-05,FALSE
"FKBP10",0.486073399392241,1.53452125029039e-05,5.8949390284043e-05,FALSE
"ZNF654",-0.330810443556991,1.5336409524561e-05,5.8949390284043e-05,FALSE
"ZRANB2",-0.395108061770716,1.53422428429723e-05,5.8949390284043e-05,FALSE
"AKT1S1",0.37760295599196,1.53650773859976e-05,5.90083875439953e-05,FALSE
"DCUN1D1",-0.302636844176993,1.54051079596362e-05,5.91447722602808e-05,FALSE
"ALDH18A1",0.352775584378654,1.54799908034813e-05,5.94148459686827e-05,FALSE
"NMI",-0.252958500885993,1.54920718730178e-05,5.9435187188815e-05,FALSE
"TCTN1",-0.243255473824155,1.54943701401944e-05,5.9435187188815e-05,FALSE
"RAB24",0.521040900381566,1.55107521163687e-05,5.94805995042471e-05,FALSE
"ETV7",0.77500492727494,1.55506738755152e-05,5.9616229100511e-05,FALSE
"MED13",-0.318198018448537,1.56798833019333e-05,6.00939789780185e-05,FALSE
"CENPB",0.475513296508156,1.57198894302639e-05,6.02296729356202e-05,FALSE
"KMT2B",0.513003172499044,1.57623123060127e-05,6.03745443856987e-05,FALSE
"POGLUT3",-0.299220454612452,1.58383128732383e-05,6.0647906445287e-05,FALSE
"C3orf85",-0.443646151893713,1.58787752095525e-05,6.07850658021818e-05,FALSE
"ABHD2",0.545757832078405,1.59347196575357e-05,6.0972204167587e-05,FALSE
"OXLD1",0.586653199541437,1.59369754553531e-05,6.0972204167587e-05,FALSE
"FBXL17",-0.449155171789843,1.60036344658162e-05,6.12093433907289e-05,FALSE
"SFRP5",0.842663788695538,1.60134254921924e-05,6.1211026728112e-05,FALSE
"SMIM7",-0.301536711059551,1.60111754912931e-05,6.1211026728112e-05,FALSE
"TSPAN11",0.665223615458998,1.60342242424555e-05,6.12726397496286e-05,FALSE
"MOXD1",1.10375658753584,1.60589100620786e-05,6.13490663941443e-05,TRUE
"PUS10",-0.283539603860461,1.61252569874284e-05,6.15845578994786e-05,FALSE
"C1orf116",1.08441363576225,1.62584193876751e-05,6.20750150549555e-05,TRUE
"SYK",0.331797330588345,1.63694339978863e-05,6.24806501167135e-05,FALSE
"ERP44",-0.201821511636925,1.64075361903746e-05,6.26078297302198e-05,FALSE
"CD5",0.714870788667296,1.64431836744782e-05,6.27255712897054e-05,FALSE
"DLGAP4",0.390108282961482,1.64596785997008e-05,6.27414442137525e-05,FALSE
"MFSD12",0.461630754796313,1.64617217288604e-05,6.27414442137525e-05,FALSE
"SEPTIN1",0.485483108748053,1.64608010203991e-05,6.27414442137525e-05,FALSE
"UXT",-0.31579163210719,1.6511948305238e-05,6.29145597241492e-05,FALSE
"ZNF529",-0.454486341329377,1.65805393379609e-05,6.31575272076184e-05,FALSE
"CMYA5",-0.510691176756455,1.66178801697957e-05,6.32813517111593e-05,FALSE
"CTSF",0.33368024840248,1.66311869324826e-05,6.33136084094396e-05,FALSE
"CCN1",-0.914713699336505,1.6652441489479e-05,6.3376094180308e-05,FALSE
"DEAF1",0.409036571990538,1.66800003267963e-05,6.34256649080501e-05,FALSE
"ICAM1",0.597046874387936,1.66778550006866e-05,6.34256649080501e-05,FALSE
"NDUFB8",-0.554471003874615,1.66725218810053e-05,6.34256649080501e-05,FALSE
"SLC1A3",0.690622641859957,1.67022294966067e-05,6.34917504557417e-05,FALSE
"CSF3R",0.591695163984974,1.67646383371756e-05,6.37104920494349e-05,FALSE
"SEMA3F",0.537002140404704,1.67826861090564e-05,6.37605706731767e-05,FALSE
"OSBPL5",0.559736799349279,1.68529670810189e-05,6.40090063895269e-05,FALSE
"GET1",-0.382654709299769,1.6874102794906e-05,6.40706942549042e-05,FALSE
"SAYSD1",-0.212958690798834,1.69045911432366e-05,6.41678478536544e-05,FALSE
"NFKB1",0.200722905684426,1.69537991182512e-05,6.43359820452594e-05,FALSE
"CCL20",1.48355943220753,1.70057575710313e-05,6.4514453236726e-05,TRUE
"ISCU",-0.274213423812946,1.70383402110696e-05,6.46193366290042e-05,FALSE
"GOLPH3",-0.349421274812513,1.70821183379587e-05,6.47666068000451e-05,FALSE
"PITPNM2",0.667163179050017,1.71460325786686e-05,6.49901153792499e-05,FALSE
"SRCAP",0.455791392096132,1.71975234740941e-05,6.51664189067553e-05,FALSE
"ERICH5",0.801789850103013,1.72232777519731e-05,6.52451250951481e-05,FALSE
"RORA",-0.64278694721175,1.72340176662706e-05,6.52669248732469e-05,FALSE
"ING3",-0.332018191858718,1.73073310392928e-05,6.54877392966537e-05,FALSE
"WTAP",-0.313687904469491,1.73038692560644e-05,6.54877392966537e-05,FALSE
"ZNF425",0.596634985149058,1.73040951370522e-05,6.54877392966537e-05,FALSE
"CMTM4",0.485977284387025,1.73641944787942e-05,6.56839162428122e-05,FALSE
"CSNK1G3",-0.444772898294693,1.7386372846308e-05,6.57488137792791e-05,FALSE
"PLTP",0.639761135813587,1.74730384188304e-05,6.60574701066494e-05,FALSE
"ACADVL",0.361139992075861,1.75231840639613e-05,6.6227923142431e-05,FALSE
"SKIC2",0.392983021597923,1.75557581001247e-05,6.63127481381514e-05,FALSE
"ZNF143",-0.273828184998469,1.75543779168586e-05,6.63127481381514e-05,FALSE
"APOO",-0.339682263945758,1.76110621270091e-05,6.65024590039811e-05,FALSE
"CYB5D1",1.1660731331458,1.76893050610458e-05,6.67786568221485e-05,TRUE
"SPRYD7",-0.332317794144108,1.77313578583769e-05,6.6918113889268e-05,FALSE
"SAP130",0.273556959982669,1.77553027026096e-05,6.69891708883472e-05,FALSE
"PSPN",0.499894308049734,1.77793173354811e-05,6.70604501746235e-05,FALSE
"MIF4GD",0.301646887728562,1.78221770431954e-05,6.72027482285468e-05,FALSE
"ZBTB2",-0.337341088737612,1.78511761184738e-05,6.72927145819345e-05,FALSE
"ZFYVE1",0.314540697650442,1.78587568804585e-05,6.73019128033859e-05,FALSE
"DHCR7",0.730987752046658,1.78690800968093e-05,6.73214378783965e-05,FALSE
"CC2D1A",0.448446911894065,1.79043002598152e-05,6.74347235332281e-05,FALSE
"HS3ST2",0.940354060637938,1.80478075716795e-05,6.79472986392358e-05,FALSE
"XRCC1",0.317144305033461,1.80507718199864e-05,6.79472986392358e-05,FALSE
"ADH1C",-0.442249024232838,1.81361911102393e-05,6.82492135715011e-05,FALSE
"SIGIRR",0.644624923006052,1.81450243050888e-05,6.82628328167306e-05,FALSE
"SS18L1",-0.317886977578292,1.83192386653554e-05,6.88984408522934e-05,FALSE
"C4A",0.779516803347249,1.83821279198019e-05,6.90952680809779e-05,FALSE
"PARP15",-0.56375201901358,1.83820848231089e-05,6.90952680809779e-05,FALSE
"MED7",-0.298632211395288,1.8464068181495e-05,6.93833469093375e-05,FALSE
"LARS2",0.390426989256333,1.85596218568384e-05,6.97224015350725e-05,FALSE
"RRM2",0.737184430484307,1.85676724803906e-05,6.97326357180933e-05,FALSE
"MZT2A",0.606684580554965,1.86541660099073e-05,7.00299471480463e-05,FALSE
"USP15",-0.271633783073347,1.86575355677044e-05,7.00299471480463e-05,FALSE
"KIFC1",0.822215596041056,1.89885282406097e-05,7.12518806896137e-05,FALSE
"RIPK3",0.585600032642925,1.90412772045926e-05,7.1429341307314e-05,FALSE
"ARMC7",0.407893964338249,1.92912782426203e-05,7.23464379124563e-05,FALSE
"SMDT1",-0.364616841898942,1.93638377688555e-05,7.25977560337503e-05,FALSE
"POLH",0.518488608485355,1.94433552733667e-05,7.28750092295784e-05,FALSE
"STAM2",-0.276083279043932,1.94680989053773e-05,7.29468663048653e-05,FALSE
"LOXL1",0.972117256081032,1.95264378190347e-05,7.31445275899292e-05,FALSE
"LRRC32",0.50878793754712,1.95614280913883e-05,7.32466377981931e-05,FALSE
"TIAM1",-0.376011006663566,1.95648863718516e-05,7.32466377981931e-05,FALSE
"GATA3",-0.76859382030882,1.95964577249844e-05,7.33438606447958e-05,FALSE
"PKN2",-0.407227548210269,1.97251017832364e-05,7.38042390814892e-05,FALSE
"MEN1",0.473006442418763,1.97659045608248e-05,7.39357778600909e-05,FALSE
"HCFC1",0.517038629603843,1.98060885459414e-05,7.40543468954887e-05,FALSE
"STX4",0.307159544303181,1.98089155841737e-05,7.40543468954887e-05,FALSE
"TPP1",0.364041091312166,1.98380388883457e-05,7.41420511350904e-05,FALSE
"DLG1",-0.266448689629621,1.98793244437604e-05,7.42751471511735e-05,FALSE
"RDH14",-0.357761913834611,2.0100702827517e-05,7.50808563246369e-05,FALSE
"IFIT1",-0.387486956064559,2.01418629234285e-05,7.52131401578798e-05,FALSE
"NDUFS5",-0.360168024403087,2.01737540081765e-05,7.53107463572986e-05,FALSE
"PUM2",-0.358821259344054,2.02218323590301e-05,7.54687084505194e-05,FALSE
"IGSF9",0.730476227260719,2.0314309906865e-05,7.57922329155535e-05,FALSE
"CD37",0.51835887325424,2.03690613094853e-05,7.59748577389691e-05,FALSE
"LRP11",-0.328881363458342,2.03885031281064e-05,7.60257143130645e-05,FALSE
"EIF3A",0.373855222698658,2.04099187565709e-05,7.60838998750075e-05,FALSE
"EXOSC8",-0.392635670827095,2.04593207235824e-05,7.62463498187134e-05,FALSE
"PARD3B",0.336126398976745,2.0491730449983e-05,7.63453998438184e-05,FALSE
"ASMTL",0.367104861001201,2.05129406010642e-05,7.64026794734376e-05,FALSE
"SNRNP200",0.297017376943129,2.05584627360883e-05,7.65504533961515e-05,FALSE
"ACP1",-0.19186085557456,2.05894922000342e-05,7.66441944506247e-05,FALSE
"C9orf85",-0.226176964911615,2.07422089382779e-05,7.71687977891261e-05,FALSE
"MAP7D1",0.387266950507623,2.0737020678536e-05,7.71687977891261e-05,FALSE
"CD84",0.580561918225865,2.07651798546108e-05,7.72323109819784e-05,FALSE
"MAFK",0.785930623074724,2.07834280424287e-05,7.72782277567387e-05,FALSE
"EHMT2",0.428254970922477,2.08221686924247e-05,7.74002931633231e-05,FALSE
"GPER1",0.520437233871525,2.08418632840284e-05,7.74515112445359e-05,FALSE
"NAA80",0.476857550787495,2.08734242468236e-05,7.75467849714569e-05,FALSE
"FBXO28",-0.425176295466868,2.09090636954866e-05,7.76571523124284e-05,FALSE
"STMN3",0.573559467949658,2.10149007736253e-05,7.80281000931091e-05,FALSE
"PXDN",0.25797517921128,2.10696067558689e-05,7.82031090462754e-05,FALSE
"USP53",-0.380491752218364,2.10739817228276e-05,7.82031090462754e-05,FALSE
"COL7A1",1.16257030305363,2.10810310070717e-05,7.82071005793661e-05,TRUE
"KLF12",-0.343113777472331,2.10987932485815e-05,7.82508218726429e-05,FALSE
"SLC38A11",-0.403721784844471,2.11201804992756e-05,7.83079589624799e-05,FALSE
"RHOD",0.491902525207152,2.11421706383618e-05,7.8367298413769e-05,FALSE
"CCT5",0.223821504776983,2.11603471462045e-05,7.84059397592373e-05,FALSE
"FBXL14",0.53361717129674,2.11645731064119e-05,7.84059397592373e-05,FALSE
"SGMS1",-0.283641865437547,2.11786638196864e-05,7.84359453259784e-05,FALSE
"TRAF1",0.408868105252646,2.11955549275538e-05,7.84763023505472e-05,FALSE
"GPR39",0.350166011985812,2.12266441503419e-05,7.853622144077e-05,FALSE
"TMEM115",0.364134296724096,2.12223851956983e-05,7.853622144077e-05,FALSE
"VAMP4",-0.454974243343267,2.12297347753502e-05,7.853622144077e-05,FALSE
"TBRG1",-0.244727115627885,2.12634863667051e-05,7.86388597494079e-05,FALSE
"MED15",0.473144926689202,2.12847803265996e-05,7.86953809759507e-05,FALSE
"GTF2B",-0.282016188341407,2.13000139387283e-05,7.87294699282413e-05,FALSE
"UGT1A9",0.631482353686745,2.13724824659802e-05,7.89750325838589e-05,FALSE
"FAM20C",0.485278091220496,2.13968050843317e-05,7.90425993690946e-05,FALSE
"PARL",-0.265072819974922,2.15419666570565e-05,7.95563970307993e-05,FALSE
"DCTN5",0.210310709109599,2.15854050248e-05,7.96943380103447e-05,FALSE
"RAB33B",-0.45092673545007,2.16682485972972e-05,7.99776460771962e-05,FALSE
"TRAFD1",0.223592309608038,2.16934338467164e-05,8.0048037181852e-05,FALSE
"MACO1",-0.217388963765027,2.17348834601289e-05,8.01783866610335e-05,FALSE
"RACGAP1",0.40318182652963,2.17645069484548e-05,8.02650492870904e-05,FALSE
"RABAC1",0.569139425905195,2.1931300442717e-05,8.08573881712338e-05,FALSE
"UBL5",-0.454726275196236,2.20297460645592e-05,8.11974762041691e-05,FALSE
"CHCHD1",-0.324218868202925,2.20404142775059e-05,8.1213932935859e-05,FALSE
"C1S",-0.220146936930361,2.20610924548375e-05,8.12672544791032e-05,FALSE
"LAMC2",1.13010227651443,2.20898029169227e-05,8.13501265227431e-05,TRUE
"FAM168B",0.26016286428558,2.21035232055909e-05,8.13777631629911e-05,FALSE
"PDCD6",-0.26315698007785,2.21248335817617e-05,8.14333205657645e-05,FALSE
"EXOSC4",0.580108974288194,2.21733626443574e-05,8.15705271682173e-05,FALSE
"FAM107A",-0.852279875087355,2.2174572730804e-05,8.15705271682173e-05,FALSE
"PDE8A",-0.224633234566664,2.21913647528429e-05,8.16093672315222e-05,FALSE
"TLR8",0.78668827791593,2.22886111465179e-05,8.19439756052265e-05,FALSE
"ASAP3",0.435647110506376,2.23020326515007e-05,8.19703008066948e-05,FALSE
"DNAJB2",0.381170414178862,2.23606855833348e-05,8.21471793722345e-05,FALSE
"USP20",0.419327210711777,2.23627060252554e-05,8.21471793722345e-05,FALSE
"ZNF181",-0.244470354128126,2.2495618743792e-05,8.26122414007643e-05,FALSE
"PRR12",0.889333565856484,2.25220597909688e-05,8.26861488455869e-05,FALSE
"TCF3",0.460606703255787,2.25308010027659e-05,8.26950509470734e-05,FALSE
"SUPV3L1",-0.189910641772616,2.25463578512525e-05,8.27289565551003e-05,FALSE
"R3HDM4",0.361244909646267,2.2562709165748e-05,8.27657574665095e-05,FALSE
"SLC39A8",-0.412737266603195,2.26082134360374e-05,8.29094482645943e-05,FALSE
"STAT5A",0.333530235081161,2.26947422506464e-05,8.32034627682617e-05,FALSE
"MARK4",0.42152550551618,2.27186564586955e-05,8.32678192489476e-05,FALSE
"ZMYND15",0.551263889019041,2.27258587864085e-05,8.32709049067058e-05,FALSE
"GAS2L1",0.589871065567694,2.28464154467586e-05,8.36892196499617e-05,FALSE
"TMEM184A",0.567322803138962,2.28585387518306e-05,8.37102068081023e-05,FALSE
"OBSCN",0.681345966296894,2.29344111454856e-05,8.39645723480696e-05,FALSE
"SDF2L1",0.677763157860895,2.30770211358195e-05,8.44630586273829e-05,FALSE
"COIL",-0.205477215787446,2.31185721637743e-05,8.45846690032633e-05,FALSE
"VKORC1L1",-0.201468596589314,2.31231691386098e-05,8.45846690032633e-05,FALSE
"ASF1A",-0.300907417836959,2.32130657652851e-05,8.48897924578528e-05,FALSE
"ESRP2",0.302691623451687,2.33205488637577e-05,8.52590409730009e-05,FALSE
"RUSC2",0.449458955183081,2.3351057873282e-05,8.5346747536853e-05,FALSE
"CCDC73",-0.582910634687918,2.34064269930946e-05,8.55252420300292e-05,FALSE
"NDUFA12",-0.262019562571551,2.34341383195516e-05,8.56026057141657e-05,FALSE
"KRT23",1.89013236762286,2.35760600939129e-05,8.60730002090093e-05,TRUE
"WNT4",0.848423329571996,2.35756153754261e-05,8.60730002090093e-05,FALSE
"HSPA4",0.282433168104101,2.3628140815626e-05,8.62390910393574e-05,FALSE
"DUSP12",-0.232426844155319,2.36496349460082e-05,8.62934840337624e-05,FALSE
"RTN4",-0.357471603505729,2.36872976313613e-05,8.64068265783734e-05,FALSE
"NIPAL1",-0.475606709167627,2.37050308606917e-05,8.64474273058984e-05,FALSE
"RNF11",-0.442676355151871,2.37342574381619e-05,8.65299076525801e-05,FALSE
"TTLL7",-0.671489408114334,2.37533397627779e-05,8.65753686454033e-05,FALSE
"C1orf216",0.402170321968036,2.38312308152796e-05,8.6835088737445e-05,FALSE
"ANP32E",-0.482970126681096,2.38457984833095e-05,8.68639938073145e-05,FALSE
"ATP6AP1",0.279462345240971,2.38954346555063e-05,8.70205926314017e-05,FALSE
"TMEM187",0.442603719329648,2.39222305645495e-05,8.70939495414576e-05,FALSE
"GNAQ",-0.462208204456103,2.39314117684e-05,8.71031534256027e-05,FALSE
"SNX17",0.213109786467245,2.39683433425455e-05,8.7213327137467e-05,FALSE
"HNRNPDL",-0.311707829330098,2.40938156502596e-05,8.76455222265068e-05,FALSE
"ZMYM4",-0.23880701257159,2.41185063202947e-05,8.7710967984805e-05,FALSE
"KCNJ5",0.96800948542721,2.41402084973219e-05,8.77655122596329e-05,FALSE
"IL1R2",0.456312373259847,2.4180821077706e-05,8.78887588976478e-05,FALSE
"FXYD1",0.55423076753542,2.41990782866175e-05,8.79307057808481e-05,FALSE
"TSHZ2",0.295565660792866,2.42894809476123e-05,8.82347071493176e-05,FALSE
"CAMKMT",-0.295358686022052,2.43180670290574e-05,8.82895545048308e-05,FALSE
"PRC1",0.625438200290014,2.43150772549474e-05,8.82895545048308e-05,FALSE
"TBC1D10C",0.603037419429526,2.44019092134101e-05,8.8569391578033e-05,FALSE
"MAB21L2",0.720958372842689,2.44605684475411e-05,8.87576945995589e-05,FALSE
"C3AR1",0.568917790075838,2.45120859286844e-05,8.890698231729e-05,FALSE
"PABIR2",-0.465057721928297,2.45152922521705e-05,8.890698231729e-05,FALSE
"IL22RA1",0.414300674176864,2.47030633641409e-05,8.95631419449827e-05,FALSE
"PBRM1",-0.251231616995036,2.49906570246702e-05,9.0580753534602e-05,FALSE
"SUPT6H",0.347190152707459,2.50255650405144e-05,9.06821747883794e-05,FALSE
"FRMD8",0.403839463081009,2.50421297856879e-05,9.07165919293172e-05,FALSE
"LAD1",0.609598544499627,2.50489214653591e-05,9.07165919293172e-05,FALSE
"ERGIC2",-0.324578162145846,2.51584024172522e-05,9.10878883978612e-05,FALSE
"RNASE4",-0.42813507757281,2.52024109217047e-05,9.12219971763778e-05,FALSE
"METTL18",-0.330750843113497,2.52594456503723e-05,9.14031681743158e-05,FALSE
"GKAP1",-0.406379485194086,2.53127789306476e-05,9.15708487869682e-05,FALSE
"ISY1",-0.374388028465616,2.53463235713508e-05,9.16668696674377e-05,FALSE
"SH2B3",0.345348281120016,2.54002144317322e-05,9.18364008119962e-05,FALSE
"H3-3A",-0.286567750548694,2.55548990928003e-05,9.2370165356969e-05,FALSE
"TMT1A",-0.28168962365317,2.56115761675275e-05,9.25494770039389e-05,FALSE
"SLC6A9",0.802766178925137,2.56337365845191e-05,9.26039954096367e-05,FALSE
"FGD4",-0.397181705744721,2.5885858539808e-05,9.3489009656046e-05,FALSE
"THTPA",0.59849585307602,2.5906727832995e-05,9.35385771620436e-05,FALSE
"SREBF2",0.502000097839048,2.59273373346821e-05,9.35871795935094e-05,FALSE
"TBC1D12",-0.344767368604787,2.59566119743976e-05,9.36670242471922e-05,FALSE
"SRM",0.479573615211561,2.60155117198176e-05,9.3853700588551e-05,FALSE
"CRACR2B",0.764365104620964,2.60936952561716e-05,9.40839047903603e-05,FALSE
"GLYR1",0.222613101869029,2.6093435855454e-05,9.40839047903603e-05,FALSE
"UGGT2",-0.331925236558844,2.6201439074646e-05,9.4446376752551e-05,FALSE
"GLG1",0.36367407766656,2.62676883326763e-05,9.46591179882738e-05,FALSE
"FAM120A",-0.199070871698332,2.63464933552358e-05,9.49169760612952e-05,FALSE
"MLF2",0.283815656265738,2.63580237517299e-05,9.49323925605634e-05,FALSE
"ANKRD10",-0.416284731438524,2.63819909762195e-05,9.49925813698201e-05,FALSE
"TAF7",-0.208848131647209,2.63981755596352e-05,9.50247221409799e-05,FALSE
"PMPCB",-0.21711193791881,2.64672118811652e-05,9.52470417669641e-05,FALSE
"MAP2K3",0.370370396495463,2.6478269718143e-05,9.52606504946218e-05,FALSE
"FNDC3B",-0.428471612404225,2.65406070877175e-05,9.54586890089003e-05,FALSE
"ATP5IF1",-0.320239406008036,2.65479496001211e-05,9.54588728823908e-05,FALSE
"HLA-F",0.4668258619265,2.6562470079146e-05,9.54848594937342e-05,FALSE
"FBXO15",-0.50994371470537,2.65813077784181e-05,9.55001321171927e-05,FALSE
"LSM1",-0.244496731229836,2.6575302054464e-05,9.55001321171927e-05,FALSE
"DGCR6L",0.573647122308292,2.66963802022377e-05,9.588724543421e-05,FALSE
"AGO4",-0.281786043102931,2.67316610893846e-05,9.59613125808125e-05,FALSE
"LRP1",0.48855853827806,2.67261865907236e-05,9.59613125808125e-05,FALSE
"NRBF2",-0.294065291916222,2.67675065974361e-05,9.60636503217196e-05,FALSE
"DDX59",-0.249412227917787,2.67866575042566e-05,9.6079704122117e-05,FALSE
"ZNF213",0.673106313133661,2.67832821502675e-05,9.6079704122117e-05,FALSE
"PFKFB4",0.602691623655922,2.68564922294834e-05,9.6303806154039e-05,FALSE
"TOMM34",0.231033307011159,2.68822629370628e-05,9.63698210219128e-05,FALSE
"PSD",0.784867640642492,2.71174669565818e-05,9.71863885561371e-05,FALSE
"CYFIP2",0.757422196722892,2.71629460702922e-05,9.73227394505379e-05,FALSE
"ZHX1",-0.248740543228668,2.71795021698041e-05,9.73554151592544e-05,FALSE
"WFDC2",1.14613415681471,2.72483988381511e-05,9.75755026228321e-05,TRUE
"ZSCAN20",0.603056744800102,2.72626356910494e-05,9.75997884788675e-05,FALSE
"POGLUT2",0.412734917683456,2.72812047177751e-05,9.76395659281332e-05,FALSE
"MRPL22",-0.238681573046418,2.74670993384203e-05,9.82780170917187e-05,FALSE
"GPRC5B",0.587452130098599,2.75326912976774e-05,9.84857908385772e-05,FALSE
"ZNF136",-0.30317644015737,2.75960743448021e-05,9.86855518498087e-05,FALSE
"NUP88",-0.204455876919608,2.76782087122274e-05,9.89522415238888e-05,FALSE
"CCDC125",-0.266070586093307,2.78367130257199e-05,9.94917409043748e-05,FALSE
"SEC11A",-0.218645969531284,2.78789582941003e-05,9.96155354766271e-05,FALSE
"PCOLCE2",-0.519371817271136,2.78939309506407e-05,9.96418401107199e-05,FALSE
"RAP1GAP2",0.528104662723904,2.81204804286584e-05,0.000100423712430986,FALSE
"NEDD4L",0.355832949912305,2.81661529331299e-05,0.000100559387564913,FALSE
"HORMAD2",-0.744534290592243,2.81925886103629e-05,0.000100598901631745,FALSE
"KIF21B",0.397857611169933,2.81917594520291e-05,0.000100598901631745,FALSE
"CAPN2",0.372446795067148,2.8211344800096e-05,0.000100638399488517,FALSE
"RANBP10",0.34049432343945,2.83051120291398e-05,0.000100945389998774,FALSE
"SENP7",-0.45297461744515,2.83802800844773e-05,0.00010118590056263,FALSE
"SAV1",-0.356773372890784,2.85328867490052e-05,0.000101674619847027,FALSE
"SEC61A2",-0.340496780673704,2.85275986454938e-05,0.000101674619847027,FALSE
"IRF7",0.724006287056967,2.85906451247197e-05,0.000101825007065514,FALSE
"PITPNB",-0.236526771627823,2.85874325734418e-05,0.000101825007065514,FALSE
"STX1A",0.752997271258468,2.8606560610771e-05,0.000101853981919014,FALSE
"CDC37",0.324587286420744,2.86782550965188e-05,0.00010207479533871,FALSE
"USP6NL",-0.309640195108933,2.86841714062874e-05,0.00010207479533871,FALSE
"AAAS",0.271389213381899,2.88275607278685e-05,0.000102557180719906,FALSE
"ZSCAN32",0.209963878691592,2.90742006433463e-05,0.000103406529427517,FALSE
"RINT1",-0.321323548950124,2.91617244631722e-05,0.000103689651458949,FALSE
"NMD3",-0.302258974035092,2.91943768542201e-05,0.000103777567682718,FALSE
"EFNB1",0.461361699114382,2.92535848176207e-05,0.000103959807934932,FALSE
"GNPDA2",-0.432296463191972,2.93079137668217e-05,0.000104124615206304,FALSE
"ARHGAP1",0.34000131038976,2.93230079553457e-05,0.000104149978337326,FALSE
"FAM3C",-0.507539808536818,2.93966031760791e-05,0.000104383056355093,FALSE
"SERPINA4",0.344388345267758,2.94593553234042e-05,0.000104577516240241,FALSE
"APIP",-0.343073442391296,2.94736330408205e-05,0.000104599838376368,FALSE
"MLH1",0.220603339489312,2.94915617869746e-05,0.000104635102145006,FALSE
"ARFRP1",0.474466931178066,2.95499864641446e-05,0.000104813986125327,FALSE
"RRP7A",0.368380307790095,2.96013868585802e-05,0.000104967864775876,FALSE
"PRODH2",0.471347519231049,2.97130905001237e-05,0.000105335440245767,FALSE
"PARVA",0.337897237311363,2.97611870202796e-05,0.000105465378047381,FALSE
"ZNF333",-0.328102906531117,2.97658548644265e-05,0.000105465378047381,FALSE
"MTG2",0.362085132395076,2.99684336663319e-05,0.000106154419253143,FALSE
"RBCK1",0.392236723341026,2.99921948678987e-05,0.000106209849935226,FALSE
"TMUB2",0.235118739011953,3.00193551984541e-05,0.000106277284547907,FALSE
"TAF1C",0.543706160924215,3.00945213643267e-05,0.000106514591430594,FALSE
"SORBS2",-0.252018755782328,3.02172377687117e-05,0.000106893480562526,FALSE
"WDCP",0.287741384766643,3.02179018913771e-05,0.000106893480562526,FALSE
"CPB2",-0.272101780815016,3.02313514406534e-05,0.000106912169924645,FALSE
"CYREN",0.294741866199178,3.04187095723846e-05,0.000107545705028803,FALSE
"FADS3",0.483325022742409,3.04972741375225e-05,0.000107794360963403,FALSE
"CFAP251",-0.498081857338757,3.06832784925684e-05,0.000108422532260379,FALSE
"ATP5F1A",0.273180137474342,3.09443338675011e-05,0.000109315493522214,FALSE
"MEF2D",0.375187700266181,3.10885581375659e-05,0.000109795360975725,FALSE
"SEL1L3",0.539687462174833,3.11292104900675e-05,0.000109909283639688,FALSE
"TRMT5",-0.289101418269665,3.1157574168232e-05,0.000109979768404015,FALSE
"HMBOX1",-0.234128406655841,3.11699715258083e-05,0.000109993872564928,FALSE
"AXL",0.517280080461615,3.12012151488762e-05,0.000110074456677199,FALSE
"CMKLR1",0.540553326769142,3.12438061183564e-05,0.000110195018777349,FALSE
"ARL14EP",-0.354758861276035,3.12717447017076e-05,0.000110235373654004,FALSE
"GATD1",0.606752668650098,3.12720881264108e-05,0.000110235373654004,FALSE
"PDE6D",-0.207450367115789,3.12854599529107e-05,0.000110252824146301,FALSE
"ATP5F1C",-0.288838801491137,3.13426266024076e-05,0.000110424560677804,FALSE
"COX7A2L",-0.288725341221362,3.14047885016889e-05,0.000110613799048725,FALSE
"COG1",0.253388708426024,3.14209379697112e-05,0.000110640914443104,FALSE
"SOX5",-0.31586072263525,3.15660777121994e-05,0.000111122099867737,FALSE
"WDR75",-0.274238483312506,3.17096876851173e-05,0.00011159764278859,FALSE
"BGN",0.523813699292113,3.1758385222884e-05,0.000111738989341036,FALSE
"LAIR1",0.430586669940104,3.18352121551721e-05,0.0001119792040665,FALSE
"C1QTNF1",0.507502675509274,3.18571239734925e-05,0.00011202617971017,FALSE
"SIPA1",0.490788719068027,3.18831977338852e-05,0.000112087761743294,FALSE
"ITGA5",0.327214447991823,3.19655236007175e-05,0.000112347016102173,FALSE
"CBX2",0.74424409894851,3.20113362061774e-05,0.000112477835107696,FALSE
"NSUN5",0.484736630603271,3.21118112237146e-05,0.000112800599018211,FALSE
"INO80C",-0.317734775710516,3.21325039714989e-05,0.000112843010191755,FALSE
"RYBP",-0.458602593603993,3.2167397800592e-05,0.000112935256638603,FALSE
"PLEKHG6",0.614373728455367,3.24484872313713e-05,0.000113891580384213,FALSE
"N4BP2",-0.382442353360298,3.27106953180061e-05,0.000114781137256322,FALSE
"TRMT1",0.430260869801928,3.2804848643968e-05,0.000115080674824981,FALSE
"PRXL2C",-0.332243219859633,3.30142516214286e-05,0.000115784243832774,FALSE
"ACSM3",-0.343919845461817,3.31078882345681e-05,0.000116081540644608,FALSE
"TPRG1L",0.211621277061744,3.32052651812747e-05,0.000116391788956693,FALSE
"ARHGAP27",0.470715848418645,3.34210147538745e-05,0.000117116682322731,FALSE
"NSUN4",0.204051600516559,3.35147900056005e-05,0.000117413869615553,FALSE
"REXO1",0.730767695816473,3.36347778882049e-05,0.000117802705220005,FALSE
"C8orf33",0.226217535612465,3.37077912123046e-05,0.000118026852781891,FALSE
"CREBL2",-0.310825949824758,3.39398526606087e-05,0.00011880763396596,FALSE
"OGA",-0.219578182500783,3.40503821413688e-05,0.000119162684574927,FALSE
"OTUB1",0.273834789438449,3.41378453048203e-05,0.000119436844128997,FALSE
"ARSK",-0.415292064895951,3.41754644029826e-05,0.000119504588665558,FALSE
"SCAF11",-0.290990694306772,3.41667347714401e-05,0.000119504588665558,FALSE
"CHST4",0.763969843325978,3.41889509633084e-05,0.000119519825370263,FALSE
"NFE2L2",-0.303295817757149,3.43275391294553e-05,0.000119972275035459,FALSE
"LRFN3",0.64330971698484,3.4345394662469e-05,0.00012000264396078,FALSE
"KHK",0.3984421915032,3.43961108674449e-05,0.000120147781076998,FALSE
"NPM1",-0.262761208754039,3.44711281618654e-05,0.0001203777033596,FALSE
"SSRP1",0.185410576915451,3.45773515604773e-05,0.000120716449767938,FALSE
"CIAPIN1",0.265381402543992,3.48702723623972e-05,0.000121674201963887,FALSE
"ERC1",0.402959909821019,3.48646915154412e-05,0.000121674201963887,FALSE
"CAMKK2",0.16545903089325,3.49247450825648e-05,0.000121831804588579,FALSE
"HMOX2",0.342107886644775,3.49810922142119e-05,0.000121995860220688,FALSE
"KLF13",0.542460168428841,3.50170089560237e-05,0.000122088596871442,FALSE
"AKR1B1",0.340447895988596,3.51864785134536e-05,0.000122646798907917,FALSE
"ERF",0.485600069064651,3.52849495798387e-05,0.000122957295687849,FALSE
"TMEM45A",-0.327166892191354,3.55352392676628e-05,0.000123796528071379,FALSE
"GAS7",0.537843299688783,3.56410549519531e-05,0.000124132133926834,FALSE
"ACADL",-0.280628046391267,3.5676945261074e-05,0.000124224087063293,FALSE
"ELF4",0.560528051625024,3.57497340723787e-05,0.000124444434585371,FALSE
"GCSH",-0.309911137628674,3.58227369191319e-05,0.000124665409820647,FALSE
"RPL26",-0.487772427103772,3.58949941275594e-05,0.000124883673430244,FALSE
"MMADHC",-0.332579413049972,3.60480858735512e-05,0.000125382980939567,FALSE
"CSF2RA",0.551425356335919,3.60693535074791e-05,0.000125423632435569,FALSE
"ZNF224",-0.40239598749152,3.60802322802763e-05,0.000125428146843701,FALSE
"ARID3B",0.415756452138834,3.61846074342812e-05,0.000125757600352962,FALSE
"ICOSLG",0.724662827497124,3.62883368335523e-05,0.000126084635303839,FALSE
"BBOX1",-0.432955684797654,3.63356767323131e-05,0.000126215622122431,FALSE
"VPS28",0.33389458073362,3.6612879115712e-05,0.00012714477808565,FALSE
"PARVG",0.352626305901125,3.66668573281235e-05,0.000127298460922777,FALSE
"SH3BGRL2",-0.333907641495437,3.67161771038934e-05,0.000127435893596016,FALSE
"PTPRM",0.29083188767375,3.67837717449943e-05,0.000127636665699832,FALSE
"CUX1",0.341245627768853,3.68388049563747e-05,0.000127793755826406,FALSE
"NDUFB5",-0.330816826144288,3.68785081807276e-05,0.000127897597113135,FALSE
"ZNF548",-0.352152991322847,3.69569631290223e-05,0.000128135741865773,FALSE
"TYRO3",0.420353589039361,3.70031315589477e-05,0.000128261847595908,FALSE
"WAC",-0.225800057074723,3.70213417314747e-05,0.000128291002103882,FALSE
"MCM4",0.467928193031291,3.71103291934533e-05,0.000128565342630508,FALSE
"LRFN5",-3.29022790211175,3.71649678558884e-05,0.000128720571208807,TRUE
"ZC3H12C",-0.386761231095107,3.72177306235164e-05,0.000128869222248896,FALSE
"CHST3",0.428910026988971,3.74017017551035e-05,0.000129471993489639,FALSE
"FNIP1",-0.314452297507457,3.74314476556352e-05,0.00012950647798826,FALSE
"FRMD4B",-0.339927412557709,3.74228008454063e-05,0.00012950647798826,FALSE
"APOL6",-0.221907053860918,3.74647474304249e-05,0.000129587443423811,FALSE
"FAAP20",0.529637877352567,3.74877578079369e-05,0.000129632785319997,FALSE
"ZNF174",0.305416360217424,3.76663560495328e-05,0.000130215984526138,FALSE
"LGSN",-0.502881127131288,3.77360810647861e-05,0.000130422590628347,FALSE
"ZNF25",-0.340760440041275,3.77735761271576e-05,0.000130517724638888,FALSE
"XPO1",-0.341322294739123,3.78315561524728e-05,0.000130683570751497,FALSE
"HPS1",0.288735992807219,3.79516179727808e-05,0.000131063725270284,FALSE
"SERTAD1",0.436876159132433,3.80613990783801e-05,0.000131408184792762,FALSE
"CYBB",0.611383538609037,3.81898013086737e-05,0.000131712560256363,FALSE
"FAM227B",-0.384938633619674,3.81814029850712e-05,0.000131712560256363,FALSE
"TSPAN14",0.315102498135252,3.81635340899049e-05,0.000131712560256363,FALSE
"VIL1",-1.06543160354942,3.81756814203304e-05,0.000131712560256363,TRUE
"TMEM132E",0.761706444858448,3.83263235928573e-05,0.000132148598492938,FALSE
"PLEKHA1",-0.3012597689736,3.83713777086836e-05,0.000132269109258053,FALSE
"ARHGAP12",-0.383682961903541,3.84887866480543e-05,0.000132638903605245,FALSE
"ADGRL1",0.639133138979585,3.85966634186698e-05,0.000132975662494007,FALSE
"PIK3CG",0.653045398209274,3.86162190965139e-05,0.00013300803483598,FALSE
"RPL18A",0.475393910207129,3.87264803580928e-05,0.000133352730365111,FALSE
"PTPN1",0.216647470643762,3.88157109762144e-05,0.000133624845674625,FALSE
"RPS6KA6",-0.567138894113655,3.89957676228828e-05,0.000134177873216436,FALSE
"SYNGAP1",0.556253202148059,3.89968536196562e-05,0.000134177873216436,FALSE
"SOX9",0.738520182890508,3.92037828542869e-05,0.000134854420685319,FALSE
"FAM110C",-0.37362599292021,3.92705683717682e-05,0.000135048668537743,FALSE
"RABGGTB",-0.245298462572572,3.96588212754288e-05,0.000136348027347141,FALSE
"NDUFS8",0.534979470569789,3.97354087117018e-05,0.000136575471476398,FALSE
"KBTBD3",-0.471534127270879,3.97866532680013e-05,0.000136715712489416,FALSE
"EIF5AL1",-0.610215865838943,3.98914659527317e-05,0.000137003953896423,FALSE
"SGSH",0.436645255629316,3.98901054463165e-05,0.000137003953896423,FALSE
"AKAP5",-0.53041683892967,4.00088060497336e-05,0.000137320499646008,FALSE
"MAGEF1",-0.247253910914905,4.00151012946472e-05,0.000137320499646008,FALSE
"MEPCE",0.293313152990025,4.00075632217687e-05,0.000137320499646008,FALSE
"HEBP1",-0.242184530198125,4.0352569119199e-05,0.000138442304745428,FALSE
"XPO5",0.187164174315516,4.03986804598548e-05,0.000138564192973649,FALSE
"URB2",0.371832790397105,4.04454385043967e-05,0.000138688234913452,FALSE
"MAN2C1",0.387458336162528,4.06319980688585e-05,0.000139291468635113,FALSE
"ABAT",-0.249614642677023,4.07888133607552e-05,0.000139787026663895,FALSE
"PLCB2",0.350608948441672,4.0798298238296e-05,0.000139787026663895,FALSE
"RPF2",-0.2301167084279,4.0808586610862e-05,0.000139787026663895,FALSE
"CDC25A",0.78821592260713,4.10108020012219e-05,0.000140442955741564,FALSE
"GNG11",-0.605069267659743,4.10345701068258e-05,0.000140471381961808,FALSE
"TCHP",0.256498153868143,4.10405618701434e-05,0.000140471381961808,FALSE
"SAC3D1",0.546766450217262,4.10973838876932e-05,0.000140629103465154,FALSE
"GSS",0.22366988334221,4.11208375072484e-05,0.000140672590709406,FALSE
"KLF4",-0.504787743788355,4.1170114139392e-05,0.000140804371555099,FALSE
"TESK1",0.400421012095984,4.13978603163209e-05,0.000141546301191244,FALSE
"GNPNAT1",-0.387331040416415,4.14445990121967e-05,0.000141669109730465,FALSE
"PRKCD",0.358830295835992,4.14758808073331e-05,0.000141702043718582,FALSE
"PTPN2",-0.304052677638062,4.1466184394231e-05,0.000141702043718582,FALSE
"SLCO4C1",-0.463790886087074,4.16442482357435e-05,0.000142240150770246,FALSE
"MAPK8",-0.256047007890803,4.1691378594078e-05,0.000142363987624848,FALSE
"RUVBL2",0.318689102623731,4.17406652500207e-05,0.000142495121109067,FALSE
"CXCL6",0.984727488109679,4.17593737745868e-05,0.000142521825197312,FALSE
"TSPAN12",-0.408972526326501,4.22030358099918e-05,0.000143998474022521,FALSE
"KATNBL1",-0.46393494150048,4.2411722683166e-05,0.000144672817448674,FALSE
"CENPO",0.448265487630633,4.24616713739583e-05,0.000144805470598557,FALSE
"CCDC126",-0.297331559892551,4.27573406702816e-05,0.000145775808347741,FALSE
"SIRPB2",0.763325636904402,4.28941563322592e-05,0.000146204190237422,FALSE
"SMG9",0.367049165879003,4.29219632880988e-05,0.000146260891037946,FALSE
"VWF",0.872024967615419,4.29693307795068e-05,0.000146384199470545,FALSE
"CAPN10",0.559779913832277,4.30773574453757e-05,0.000146637744065226,FALSE
"CTPS2",-0.223344534956868,4.30734277953216e-05,0.000146637744065226,FALSE
"TMED3",0.406196089643676,4.30750035027641e-05,0.000146637744065226,FALSE
"ZNF292",-0.367372850576924,4.31921569338241e-05,0.000146990308962211,FALSE
"JMY",-0.542969968125828,4.32767976456994e-05,0.000147240081802884,FALSE
"TSFM",-0.324212284269953,4.33256817807191e-05,0.0001473681023313,FALSE
"GCLC",-0.278254267625344,4.33483199192027e-05,0.00014740680633304,FALSE
"ACVRL1",0.541370527483133,4.35113738771909e-05,0.000147922852973301,FALSE
"UBE2W",-0.493341972819186,4.37287668611181e-05,0.000148623316652585,FALSE
"METAP1",-0.185709900069681,4.38220881888508e-05,0.000148901837157653,FALSE
"SLC17A9",0.611621665829215,4.40007673659441e-05,0.000149470172899569,FALSE
"WASHC3",-0.219233198932854,4.4116757462753e-05,0.000149825314838485,FALSE
"SERPINB8",0.574194189927835,4.41359228039293e-05,0.000149851530432843,FALSE
"UBA2",-0.310902775801141,4.41552865616757e-05,0.000149878405928301,FALSE
"SECISBP2L",-0.32088583973554,4.44512013544149e-05,0.000150843734611716,FALSE
"NINJ2",0.60379173091832,4.45381149167516e-05,0.000151099507771472,FALSE
"GTF2F2",-0.231478806896315,4.45556119335844e-05,0.000151119707625515,FALSE
"GABRB3",1.23763681374037,4.48153302066633e-05,0.000151921880648792,TRUE
"TOR1AIP1",-0.241560470246799,4.48111604009295e-05,0.000151921880648792,FALSE
"HPX",0.313032198310063,4.49830853975087e-05,0.000152451088279623,FALSE
"TOMM40",0.471940870963731,4.49964139524776e-05,0.000152456793857618,FALSE
"ELMO3",0.572935721098225,4.50162909160337e-05,0.000152484678052448,FALSE
"MAPK8IP1",0.518524535838133,4.51072754952998e-05,0.000152753349918382,FALSE
"DUSP3",0.285119244417148,4.51441766280065e-05,0.000152759772658015,FALSE
"TAF3",-0.256561396052303,4.51411892403315e-05,0.000152759772658015,FALSE
"TGOLN2",0.378935258533495,4.51257132910685e-05,0.000152759772658015,FALSE
"IL17RA",0.283714239820278,4.52316113214576e-05,0.00015301608667197,FALSE
"RPS26",-0.44875627906644,4.59560612967003e-05,0.000155426699689073,FALSE
"KLKB1",-0.265796875515038,4.60259193971708e-05,0.000155622762589814,FALSE
"TAP2",0.486956469460793,4.63373757681241e-05,0.000156635404997749,FALSE
"CCDC127",0.232573118392588,4.63792363756917e-05,0.000156736438469426,FALSE
"COG3",-0.250895172112277,4.63949642159283e-05,0.000156749128132886,FALSE
"PGK1",0.315732210066141,4.64373375226265e-05,0.000156851811879831,FALSE
"CEP162",-0.359158301225657,4.64633519732676e-05,0.000156899201453191,FALSE
"SLC6A2",1.65046317541378,4.67270511584781e-05,0.000157748982405053,TRUE
"IPO9",0.251386661806479,4.69904034009158e-05,0.000158597154247174,FALSE
"RPUSD3",0.249874944371852,4.70167593662304e-05,0.000158645209696569,FALSE
"LNP1",-0.314815269617203,4.70457622228492e-05,0.000158702169291817,FALSE
"ANGPTL1",-0.392361110622536,4.71156095964598e-05,0.000158896847201662,FALSE
"FUNDC1",-0.350465314348933,4.72081935583375e-05,0.000159168083972638,FALSE
"TMEM198",0.615147280089978,4.72277512626578e-05,0.00015919302768556,FALSE
"FRAT2",0.455421812817426,4.7282508375817e-05,0.000159336576488082,FALSE
"FPGT",-0.390496185674187,4.73320968867514e-05,0.000159462638301943,FALSE
"VPS35L",0.226719492622226,4.74123704961323e-05,0.000159691987274341,FALSE
"NCKIPSD",0.390604041534496,4.76708226307175e-05,0.000160521195957138,FALSE
"TUG1",-0.265632736459893,4.76925980370762e-05,0.000160553225379635,FALSE
"CYP2J2",-0.257127273409318,4.77299103076177e-05,0.000160637528469751,FALSE
"HSF4",0.779370141991895,4.77605110992065e-05,0.000160699206196559,FALSE
"TECR",0.398477877353518,4.78239282036687e-05,0.000160871240504222,FALSE
"YY1AP1",0.307411366360441,4.78913171339316e-05,0.000161056543518478,FALSE
"YJU2",0.354041775716658,4.79621408533065e-05,0.000161253299448251,FALSE
"BNIP2",-0.361659495065173,4.80194821555657e-05,0.000161404636811468,FALSE
"CEP250",0.431785300313445,4.80758759049529e-05,0.000161552712358225,FALSE
"DCAF15",0.539435318423703,4.81148823199784e-05,0.000161642299033399,FALSE
"TNFRSF10D",0.405080610774705,4.82338773433324e-05,0.000162000493119268,FALSE
"PLAGL2",0.310557251851649,4.83865960070602e-05,0.000162471740170411,FALSE
"CTU1",0.579560477559932,4.84678887779638e-05,0.000162702974328488,FALSE
"WDR72",-0.399754561518261,4.85391415576126e-05,0.00016290039509671,FALSE
"EIF6",0.315636656128504,4.8563868763128e-05,0.000162941611954606,FALSE
"BAG6",0.302351492707826,4.88300008626073e-05,0.000163792562463043,FALSE
"OGFR",0.610703550288888,4.89522690835474e-05,0.000164160631875462,FALSE
"ZNF668",0.632412028798267,4.90557917268557e-05,0.00016446566588681,FALSE
"CEP135",-0.473536288368035,4.91129713865925e-05,0.000164615212850299,FALSE
"SNX21",0.380236375577432,4.93035877274709e-05,0.000165211817386242,FALSE
"GSTP1",0.536161036486875,4.93826522641995e-05,0.000165434412344652,FALSE
"LDHA",-0.285427256650807,4.96957867337205e-05,0.00016644083906827,FALSE
"TEP1",0.317903824370296,4.98932859127692e-05,0.000167059565005108,FALSE
"NEDD8",-0.344547848778622,4.99322848209921e-05,0.000167147397820616,FALSE
"PRKX",0.35846335560251,5.0038241637915e-05,0.000167459268794372,FALSE
"MFNG",0.427296605659859,5.04841034320514e-05,0.000168865069527955,FALSE
"RTP4",-0.34201169150334,5.04760153095666e-05,0.000168865069527955,FALSE
"C1orf122",0.40368650545242,5.06251836951624e-05,0.00016929371773616,FALSE
"MTLN",0.569108268980039,5.06817384879418e-05,0.00016943956084886,FALSE
"VARS2",0.354118471344041,5.08146779164499e-05,0.000169840633975533,FALSE
"CARD6",0.310402366880849,5.09290778625836e-05,0.000170179552674054,FALSE
"FAM200C",-0.395831449243159,5.09995457159393e-05,0.000170371536747404,FALSE
"COL14A1",0.536422776789055,5.10226411246735e-05,0.000170405208572506,FALSE
"HMCN2",1.10535780824051,5.11214104300569e-05,0.000170648012582944,TRUE
"XRN1",-0.406587325373649,5.1112972360888e-05,0.000170648012582944,FALSE
"PRSS51",1.04013802420009,5.15396215542671e-05,0.000172000184906568,TRUE
"CDCP1",0.497265910290327,5.15618394337163e-05,0.000172030479578546,FALSE
"PICK1",0.316034919470295,5.16738796474525e-05,0.000172360364928522,FALSE
"ETFBKMT",-0.294629129286296,5.16967010301433e-05,0.000172392564922729,FALSE
"SALL2",0.556132213878561,5.17158335875809e-05,0.000172412450554777,FALSE
"SLC25A32",-0.376014579128626,5.18830668048988e-05,0.000172925944656246,FALSE
"PDZD4",0.541472282855204,5.19231571625639e-05,0.000173015518852707,FALSE
"POLR3F",-0.251717006291168,5.22194392580612e-05,0.000173914653176069,FALSE
"RIOK1",-0.247787022956869,5.22195616892092e-05,0.000173914653176069,FALSE
"ABL2",-0.242792975483849,5.23274486640714e-05,0.000174229643415571,FALSE
"DYNC2LI1",-0.317837343742879,5.24584836050232e-05,0.000174621527423586,FALSE
"SIVA1",0.568988395047877,5.25000495322274e-05,0.000174715467329924,FALSE
"SHPRH",-0.273590525751162,5.27338412854586e-05,0.000175448907270451,FALSE
"KLHL17",0.724977809862789,5.27658194342363e-05,0.000175510698179121,FALSE
"PEX7",-0.306913440531772,5.31857927537174e-05,0.000176862687003218,FALSE
"ZDHHC17",-0.506207595054485,5.33067865404078e-05,0.000177220022698583,FALSE
"ABHD13",-0.403162902673946,5.36382040604411e-05,0.000178276559420994,FALSE
"ZMYND12",-0.378288082823851,5.36744511572742e-05,0.000178351754962191,FALSE
"SH3GLB2",0.431448462072796,5.37582648345678e-05,0.000178584928498899,FALSE
"RCOR1",-0.220344789730876,5.40710445475453e-05,0.000179578415833705,FALSE
"MAPK12",0.565704248205387,5.42457178344085e-05,0.000180112842477321,FALSE
"EIF3B",0.273660517010583,5.43921588259559e-05,0.000180553281782306,FALSE
"NDFIP2",-0.4307578770308,5.44801153872893e-05,0.000180799409543826,FALSE
"THEM4",-0.313288714890428,5.48823729513892e-05,0.000182088197333905,FALSE
"GDI1",0.281482294407825,5.49626866954672e-05,0.000182308460657982,FALSE
"GPRC5C",0.427503857773459,5.51819402214073e-05,0.000182896699083206,FALSE
"MST1",0.424872296241239,5.51816321594514e-05,0.000182896699083206,FALSE
"PMVK",0.346795367878385,5.51596861555415e-05,0.000182896699083206,FALSE
"FBXL15",0.523614366969327,5.5344342926229e-05,0.000183388544062311,FALSE
"MZT1",-0.686089243544559,5.53842553384399e-05,0.000183474360043233,FALSE
"UBE2E1",-0.355971521848619,5.54387496158038e-05,0.000183608426503947,FALSE
"PNPLA2",0.582259507817544,5.54945431488677e-05,0.000183746727087753,FALSE
"NPC1L1",0.482871924532566,5.55471626193452e-05,0.000183874450824897,FALSE
"NEK6",0.230529182308571,5.55914567065481e-05,0.000183974557937848,FALSE
"EFHD1",-0.704916269096481,5.56249071582522e-05,0.000184038737557705,FALSE
"HLA-DQA1",0.492953792854015,5.58579532497522e-05,0.000184763093467851,FALSE
"ECE2",0.403674396116168,5.59223880085771e-05,0.000184929503361528,FALSE
"SORBS3",0.486421221795827,5.5940504561082e-05,0.000184942698412547,FALSE
"AGFG2",0.330179049930654,5.6581216245332e-05,0.000187013704388762,FALSE
"BCLAF1",-0.328793972736064,5.74252897970929e-05,0.000189755652201802,FALSE
"DNAJC21",-0.232231891741563,5.75467828542885e-05,0.000190109129732108,FALSE
"NSD1",0.343878037421795,5.76721838329011e-05,0.000190475335706443,FALSE
"THAP8",0.415639358353405,5.76890347413827e-05,0.000190482936402064,FALSE
"STX10",0.426481965774376,5.77375764281369e-05,0.000190595146393638,FALSE
"GTF2IRD2B",-0.35474235674987,5.84810277486783e-05,0.000193000659260322,FALSE
"FGR",0.3398267302132,5.8877163895692e-05,0.000194259029667943,FALSE
"RMDN1",-0.22232889562855,5.90354624083379e-05,0.00019473224334844,FALSE
"ESRRA",0.467036677973245,5.91429139876489e-05,0.000195037539024257,FALSE
"SELENOF",-0.312092387395229,5.92156731472889e-05,0.000195228303410805,FALSE
"SRSF2",-0.187675999803217,5.9248554574554e-05,0.000195287531845433,FALSE
"ZBTB16",0.843697677231861,5.93128963230772e-05,0.000195450399864517,FALSE
"MED17",-0.245675569248353,5.94200611563187e-05,0.000195754262873308,FALSE
"TMEM69",-0.237417505104502,5.94876886361926e-05,0.000195927753364788,FALSE
"ING2",-0.27569446292188,5.95269052845572e-05,0.000196007606636173,FALSE
"NES",0.598326480099806,5.98407226087517e-05,0.000196991385565446,FALSE
"MRM2",0.198508525955729,5.99443324639777e-05,0.000197282855861839,FALSE
"NAGA",0.285043458563635,6.01185616511794e-05,0.000197806536601468,FALSE
"GFER",0.371767110927611,6.01680387050262e-05,0.000197919588624674,FALSE
"SPSB2",0.556184419733733,6.01954937619442e-05,0.000197960161851639,FALSE
"ITPR3",0.418898345934366,6.03994474525305e-05,0.000198581006039309,FALSE
"RNPEP",0.265512614067227,6.0514720195649e-05,0.000198910046899683,FALSE
"ZNF138",-0.329592767053475,6.05352564546266e-05,0.000198927604795174,FALSE
"SAMD5",-0.515318991772984,6.07934752838542e-05,0.000199726017168436,FALSE
"EIF2S3",-0.234810581440671,6.10756696092732e-05,0.000200602776348371,FALSE
"PRICKLE3",0.407515596288471,6.11824155889832e-05,0.000200902980910702,FALSE
"AMZ1",1.34315081419027,6.12450724912565e-05,0.000201058297155348,TRUE
"BANP",0.407561644844379,6.12741901498628e-05,0.0002011034588724,FALSE
"PLOD2",-0.484414332978381,6.13942450814324e-05,0.000201446981605542,FALSE
"RUSF1",0.280340016371117,6.15197941144122e-05,0.000201808354935075,FALSE
"FAM124A",-0.469662929856229,6.15975111100084e-05,0.000202012679221501,FALSE
"NDUFB4",-0.200408679145283,6.16446302967469e-05,0.000202065973922136,FALSE
"SART1",0.44408817393332,6.16389972763822e-05,0.000202065973922136,FALSE
"TM9SF4",0.259865885366018,6.19970479165396e-05,0.000203170300706717,FALSE
"CASP9",0.266526771745566,6.21129037470044e-05,0.000203499032996942,FALSE
"MYO5B",0.446588038840973,6.21697537398798e-05,0.00020363432973793,FALSE
"ARRDC3",-0.502360396066458,6.22539034972089e-05,0.000203858955624177,FALSE
"KLHL24",-0.389794995277356,6.22725992269437e-05,0.000203869184565928,FALSE
"ACOT2",0.436700443936445,6.25409448236474e-05,0.000204696512407798,FALSE
"WBP1L",-0.25120062578784,6.2703727454088e-05,0.000205178005455866,FALSE
"SLAIN2",-0.305931014074966,6.27613935104258e-05,0.00020531538326799,FALSE
"PCYT1A",0.15637964727214,6.29300853893733e-05,0.000205815807623701,FALSE
"NFATC4",0.628774393432015,6.29640841038619e-05,0.00020587557170024,FALSE
"CALCOCO2",-0.141014264647492,6.30549385725893e-05,0.000206121162494966,FALSE
"AGMO",-0.338798298907959,6.33246225792575e-05,0.000206951063107249,FALSE
"LSM7",0.342052569806551,6.37944237232361e-05,0.000208434388665986,FALSE
"CRELD1",0.314155160456598,6.38483886320997e-05,0.000208558658675511,FALSE
"LPAR6",-0.697360338238187,6.38787073274608e-05,0.000208605646378428,FALSE
"SYDE2",-0.310217724842702,6.41085392775532e-05,0.000209303989082725,FALSE
"IDUA",0.644792818998794,6.41326027502666e-05,0.000209330350338193,FALSE
"HLA-DRA",0.437015130202352,6.42845419509418e-05,0.000209773983853871,FALSE
"SERINC1",-0.331527163509207,6.44641205778407e-05,0.000210307567058333,FALSE
"NCL",0.178417173812913,6.45802016938191e-05,0.000210599916409929,FALSE
"THAP11",0.292447190875884,6.45859047040839e-05,0.000210599916409929,FALSE
"SNX4",-0.256732405003724,6.47843223359939e-05,0.000211194309766642,FALSE
"PPRC1",0.379109494349655,6.48486711587217e-05,0.000211351457010203,FALSE
"FLAD1",0.237874627257472,6.49669150107367e-05,0.000211684134226124,FALSE
"CREBZF",-0.374969345485289,6.50826179203841e-05,0.000212008368702082,FALSE
"LOXL3",0.397962293936862,6.52444892552467e-05,0.000212482799335744,FALSE
"FCGR1A",0.825381561758939,6.52736565945449e-05,0.000212524922192435,FALSE
"RMND5B",0.246464130269103,6.53229576761194e-05,0.000212632561386314,FALSE
"CILK1",-0.320120952892041,6.55392732110701e-05,0.000213283660173833,FALSE
"TRIM47",0.6100654133034,6.55592989661985e-05,0.000213295810652453,FALSE
"APOBEC3F",0.38825571719457,6.59398429764529e-05,0.000214480602297571,FALSE
"TNPO2",0.274656265467558,6.60388561791034e-05,0.000214749305786593,FALSE
"ARF6",-0.283007628652288,6.60880463990989e-05,0.000214855898549045,FALSE
"SLC35F5",-0.337852222361765,6.67549175127684e-05,0.000216970054636833,FALSE
"GYS2",-0.271670030696727,6.6838894169917e-05,0.000217189079789663,FALSE
"SPA17",0.607378784570342,6.6977790991015e-05,0.000217586411824905,FALSE
"PTP4A2",-0.226184014023219,6.70134669556672e-05,0.000217648302997667,FALSE
"SLC25A5",0.278474315718456,6.72680110129634e-05,0.000218420833378402,FALSE
"OGDHL",0.293338295981451,6.73895800107516e-05,0.000218761314530315,FALSE
"DENND6B",0.600686825781771,6.76089864349056e-05,0.000219419149827909,FALSE
"PACRGL",-0.308754079328486,6.77385516395102e-05,0.000219785159371615,FALSE
"CX3CL1",0.436724181894227,6.77567908715349e-05,0.000219789867713116,FALSE
"CCZ1",-0.456136372919555,6.7796583206375e-05,0.000219864470482502,FALSE
"GPCPD1",-0.405787595955266,6.82255611958701e-05,0.000221200853684084,FALSE
"TXNDC12",-0.176772803651877,6.83326387109591e-05,0.000221493168111878,FALSE
"SNAPC4",0.551144336575801,6.84194973344327e-05,0.000221719816609503,FALSE
"NKAPD1",-0.228757949825289,6.86672273233214e-05,0.000222467542716388,FALSE
"USF3",-0.213230773283603,6.86896050018941e-05,0.000222484984830479,FALSE
"CDK7",-0.272186292055508,6.89598009770411e-05,0.000223267242660631,FALSE
"RAB10",-0.317319361257439,6.89652252764736e-05,0.000223267242660631,FALSE
"ZBTB7C",0.671660696550377,6.91097370174734e-05,0.000223679771825157,FALSE
"ADD3",-0.412211734750587,6.91345021856042e-05,0.000223704622494792,FALSE
"ADAMTS7",0.787923459860568,6.92013344134194e-05,0.000223865547353715,FALSE
"SUB1",-0.382930107317413,6.97042435903911e-05,0.000225436748291848,FALSE
"VPS11",0.24040027770876,6.97226226367472e-05,0.00022544049779212,FALSE
"BCAS2",-0.328398778944182,6.97522947272001e-05,0.000225480751251482,FALSE
"ADGRA3",-0.34688531362038,6.98403680918063e-05,0.000225709725761029,FALSE
"PON1",-0.340393475419299,6.99449922156446e-05,0.000225992062706619,FALSE
"PRPF31",0.324578404863611,7.00198847958064e-05,0.000226178221501776,FALSE
"DCAF16",-0.285287899190772,7.03813843708674e-05,0.000227289857963344,FALSE
"CTNND1",0.261011551541304,7.04809992630235e-05,0.000227555423514551,FALSE
"MID2",0.488348339119102,7.05398732022171e-05,0.000227689354034375,FALSE
"RPL21",-0.455545748612241,7.06882198292373e-05,0.000228111948238692,FALSE
"CENPC",-0.31017565581063,7.07102437958342e-05,0.000228126789496072,FALSE
"CFHR3",-0.873937926468911,7.09939958089637e-05,0.000228985807620338,FALSE
"PGGT1B",-0.356390199858974,7.10180177366399e-05,0.000229006869016771,FALSE
"REP15",-0.60650145515868,7.11168330641498e-05,0.000229269041732541,FALSE
"THOC1",-0.348742631759804,7.25000877674077e-05,0.000233670888491113,FALSE
"MOB4",-0.540293484254265,7.25956901124267e-05,0.000233921431196626,FALSE
"IRF3",0.423581551913437,7.27057339156309e-05,0.000234218373135689,FALSE
"PRNP",-0.363817781249016,7.30636064702512e-05,0.00023531334216692,FALSE
"TRIM65",0.346423190471046,7.32767682569094e-05,0.000235941822434692,FALSE
"PLA2R1",0.464341708355917,7.3776044476826e-05,0.000237491019004329,FALSE
"MIEF1",0.243502254020833,7.3862596907535e-05,0.000237711189457583,FALSE
"GPR137C",-0.488216715028114,7.39827721093048e-05,0.000238039432896294,FALSE
"ELOVL5",0.568160111039928,7.41145324401632e-05,0.000238404781008997,FALSE
"KLF11",-0.562838507728867,7.42305246688699e-05,0.000238719240718459,FALSE
"ZNG1F",-0.506941701462095,7.4371739452691e-05,0.000239114639713809,FALSE
"MRPS15",-0.221660888538283,7.4492169111233e-05,0.000239443034128225,FALSE
"WDR76",0.505810173334269,7.45362960980201e-05,0.000239526064927658,FALSE
"STAG2",-0.339938542898263,7.49841345856561e-05,0.000240906083434456,FALSE
"SLC41A1",0.490366323659087,7.507831911767e-05,0.000241149498009945,FALSE
"GJC3",-0.459100446310721,7.53600385623873e-05,0.000241995002418144,FALSE
"CCDC57",0.511820037499916,7.55271574722126e-05,0.000242472178917657,FALSE
"RHOBTB1",0.385143436627798,7.61013251112281e-05,0.000244255589202304,FALSE
"SELENOT",-0.38966427151862,7.61328879011376e-05,0.000244297002059238,FALSE
"TRAPPC9",0.336212810340184,7.62359540524077e-05,0.00024456778006717,FALSE
"CSPP1",-0.266478854626446,7.62894606689306e-05,0.000244679475521225,FALSE
"C4BPA",-0.305338305922226,7.63387550722001e-05,0.000244777609944953,FALSE
"ACAP1",0.39292966782791,7.63599462146036e-05,0.000244785606229577,FALSE
"SEMA4B",0.372283874801092,7.67974407712782e-05,0.000246127807730128,FALSE
"MRPL50",-0.242281617283249,7.68961858334017e-05,0.000246356929967966,FALSE
"SLC15A3",0.461332541650576,7.69065668178337e-05,0.000246356929967966,FALSE
"GPR183",-0.710444232370274,7.71847343402516e-05,0.00024718751026971,FALSE
"AMIGO2",-0.46053898457584,7.73948449273689e-05,0.000247799782291297,FALSE
"ZBTB37",-0.228794838102922,7.75897472237161e-05,0.000248363073509264,FALSE
"THAP9",-0.399372873333126,7.76246728311067e-05,0.000248414132658237,FALSE
"MAP7D3",-0.352164710181335,7.8724493071431e-05,0.00025187220510537,FALSE
"SCYL3",-0.144694025220907,7.89243579709114e-05,0.000252449962021787,FALSE
"ARHGAP35",0.376992041294379,7.89593264850114e-05,0.000252500122701946,FALSE
"DNAL4",0.332816717796661,7.90161504280179e-05,0.000252620132210894,FALSE
"RUFY2",-0.319879558874258,7.90943637899698e-05,0.000252808449887277,FALSE
"TRAPPC11",-0.185750471093132,7.97069910401906e-05,0.000254704399975147,FALSE
"RAB4A",-0.237347986142599,8.0590609221528e-05,0.000257465167381221,FALSE
"ZNF281",-0.32584958767731,8.09077044526007e-05,0.000258415141911063,FALSE
"DTYMK",0.359360889380186,8.10069025253199e-05,0.000258668870210119,FALSE
"CNTFR",0.605447540152429,8.12353153101331e-05,0.00025933497879548,FALSE
"RAB11FIP5",0.41426469753178,8.13853321323625e-05,0.000259750552968525,FALSE
"CPLANE2",0.600584852329829,8.16438891699731e-05,0.000260512258594513,FALSE
"EXTL2",-0.33317203514199,8.16891012138261e-05,0.000260593010012527,FALSE
"RDH12",-0.971924221611575,8.17656749438055e-05,0.000260773743328697,FALSE
"MYRF",0.448775018062565,8.18851930107328e-05,0.000261027744557223,FALSE
"NHERF2",0.63905635970104,8.18713010578302e-05,0.000261027744557223,FALSE
"PFDN2",-0.351549439907404,8.19783318919223e-05,0.000261261032407266,FALSE
"GABPA",-0.37531450251166,8.22147290089685e-05,0.00026195065275868,FALSE
"ACER2",0.630612631741599,8.26665895861271e-05,0.000263198198166726,FALSE
"BAZ1A",-0.317553383601788,8.26301355427328e-05,0.000263198198166726,FALSE
"C17orf75",-0.220872582815446,8.26478985182532e-05,0.000263198198166726,FALSE
"MTERF1",-0.242575355928586,8.29600020583038e-05,0.000264068161183397,FALSE
"ITGA11",0.695786786098804,8.31725901035121e-05,0.000264680493348367,FALSE
"CAD",0.386031783373083,8.32584093759096e-05,0.000264889209125008,FALSE
"TIMP1",0.733228850785224,8.33422108013528e-05,0.000265091405201971,FALSE
"MARCHF7",-0.407581515932376,8.35985255563911e-05,0.000265842092927926,FALSE
"CCDC121",-0.261184665038654,8.41374522988534e-05,0.000267490899829186,FALSE
"IAH1",-0.221584959580553,8.42375098436433e-05,0.000267743986130852,FALSE
"IDH3A",-0.211177948721222,8.45883718698961e-05,0.00026872869801521,FALSE
"TOX3",-0.591280575226487,8.45866554765289e-05,0.00026872869801521,FALSE
"EGFL7",0.739334297186906,8.46703028729401e-05,0.000268923727610998,FALSE
"SLBP",-0.273822573677885,8.46946315292721e-05,0.000268935754543107,FALSE
"CLSTN2",0.695805071221122,8.5029029670047e-05,0.000269932118438471,FALSE
"PRPF19",0.221704837172322,8.52621437363621e-05,0.000270606542011261,FALSE
"KRI1",0.351571821018436,8.53733591530086e-05,0.000270881886163448,FALSE
"LENG1",0.388587835756708,8.53902798805798e-05,0.000270881886163448,FALSE
"FCHO1",0.682324235718408,8.5426510791147e-05,0.000270931172305644,FALSE
"RAP1GDS1",-0.247973973540427,8.58655590863571e-05,0.000272257665187355,FALSE
"RRP9",0.433073233102331,8.60799534162509e-05,0.000272871368069142,FALSE
"ALDH6A1",-0.303507743572443,8.61702314950202e-05,0.00027309142356156,FALSE
"ARHGAP39",0.814893261777855,8.63534589574897e-05,0.000273605877219617,FALSE
"F12",0.539479283812021,8.6456238039672e-05,0.000273857432687494,FALSE
"SPARC",0.358278226734109,8.64746888733654e-05,0.000273857432687494,FALSE
"UCKL1",0.409128475068669,8.67675769150648e-05,0.000274718528892873,FALSE
"MACROD1",0.578022637873781,8.69526318934178e-05,0.0002752378763899,FALSE
"ABCC9",-0.262423393281846,8.72091591004271e-05,0.000275983154687646,FALSE
"APOA1",0.428022965345238,8.73529206206998e-05,0.000276371299363509,FALSE
"ZNF513",0.453928264077757,8.74873228280175e-05,0.000276729652202079,FALSE
"COL4A3",0.747603217337282,8.83526873455755e-05,0.000279399367808762,FALSE
"UBA5",-0.211964820888818,8.85068846925352e-05,0.000279819399757225,FALSE
"CNP",0.278741102046931,8.8608276108187e-05,0.000280072320330368,FALSE
"RRP8",0.190453252968545,8.87606333041847e-05,0.000280418487263124,FALSE
"VTI1B",-0.203759999550395,8.87573275153712e-05,0.000280418487263124,FALSE
"H2AJ",0.562479413915456,8.89066855740536e-05,0.000280812141745599,FALSE
"CPEB4",-0.646993818159634,8.9262468039352e-05,0.000281867880263192,FALSE
"TMEM169",0.44172800074821,8.93328409217506e-05,0.000282022077006887,FALSE
"NRBP2",0.396089054033566,8.93775172146761e-05,0.000282095095316909,FALSE
"NR0B2",-0.960184630921311,8.96624826993113e-05,0.000282926301156757,FALSE
"CYC1",0.336848034780772,8.97950766448892e-05,0.000283275392365817,FALSE
"LGALS9",0.47254452004233,8.9816388153873e-05,0.000283275392365817,FALSE
"HEYL",0.552110408096005,8.98604202667242e-05,0.000283346007257214,FALSE
"STAU1",-0.188304931651468,9.0613859840389e-05,0.000285652938365127,FALSE
"C4B",0.63217964879047,9.06448532116106e-05,0.000285681853212905,FALSE
"COX6A1",-0.42711015033382,9.07218777461933e-05,0.000285855793851543,FALSE
"RTN3",-0.172277606092927,9.09198015336323e-05,0.000286410500885061,FALSE
"NAALADL1",0.535545355740604,9.16373433917688e-05,0.000288601419216992,FALSE
"DENND2B",0.320678891975621,9.19287873565151e-05,0.000289449659468854,FALSE
"PPP2CA",-0.356822405066563,9.19954148217481e-05,0.000289589798231865,FALSE
"NISCH",0.361078598248058,9.20483579537841e-05,0.000289686803444938,FALSE
"MORF4L2",-0.261727468319965,9.22224557996928e-05,0.000290164958262336,FALSE
"RET",0.805977899831159,9.31788362344128e-05,0.000293103633825308,FALSE
"TERB2",-0.704235491861987,9.34303472559065e-05,0.000293824190793737,FALSE
"IMP4",0.289542759571846,9.34546390933979e-05,0.000293830003604891,FALSE
"AFDN",-0.237522505948834,9.35529372621035e-05,0.000294068440488706,FALSE
"CD27",0.574336820687216,9.36645628266672e-05,0.00029434864534967,FALSE
"LPXN",-0.315674171134176,9.37245056867374e-05,0.000294466337521182,FALSE
"DOK2",0.527532924270374,9.37590580324633e-05,0.000294504219712334,FALSE
"HCST",0.522350482637407,9.39457636025011e-05,0.000295019893759641,FALSE
"NPEPL1",0.563890345196834,9.4220688325767e-05,0.000295812290542192,FALSE
"CCNYL1",-0.298771730473397,9.45255700630786e-05,0.000296686189694207,FALSE
"SPOP",-0.145437560702048,9.45443617021258e-05,0.000296686189694207,FALSE
"DTL",0.832377645377066,9.53738759487376e-05,0.000299217537484034,FALSE
"SEM1",-0.336868111059692,9.54200266239419e-05,0.000299290605788368,FALSE
"FAM177A1",-0.290777288971043,9.56680079893063e-05,0.000299996541460119,FALSE
"UBE2K",-0.261121500001918,9.61405245670806e-05,0.000301406069835302,FALSE
"TTBK2",-0.257788080362524,9.69438598215996e-05,0.000303851810578018,FALSE
"GLI1",0.756842735020102,9.72804616243455e-05,0.00030483384480276,FALSE
"ACSS1",0.311772125201334,9.73748947220778e-05,0.000305056741254234,FALSE
"LCN2",0.93914904028393,9.78102778929582e-05,0.000306347406261868,FALSE
"IGF1",-0.66970694133525,9.79295331892864e-05,0.000306647560036866,FALSE
"SEMA6A",-0.378002832875462,9.83773467504212e-05,0.000307976141476928,FALSE
"ADH5",-0.219101129833307,9.86745078678167e-05,0.000308758761234574,FALSE
"ZBTB7B",0.41926043392232,9.86637794812832e-05,0.000308758761234574,FALSE
"SCAP",0.358853270108091,9.93786364682025e-05,0.000310887720105545,FALSE
"AARS2",0.287351016547667,9.95112811375103e-05,0.000311228306892567,FALSE
"PPIP5K1",0.296600629168331,9.98677814552731e-05,0.000312268687559693,FALSE
"FANCA",0.414459115666556,0.000100737340178533,0.000314912430185615,FALSE
"ABTB2",0.333159924308247,0.000100904103340277,0.000315324805440253,FALSE
"EFNA1",-0.460857484422238,0.000100917425511355,0.000315324805440253,FALSE
"RABIF",0.237160052304288,0.000101256582519321,0.000316309038020269,FALSE
"ACBD4",0.375582046339577,0.000101371710618192,0.000316593138218839,FALSE
"CCL19",0.969235338407393,0.000102086636130818,0.000318749878422291,FALSE
"SDC4",-0.263668398412193,0.000102203960843146,0.000319040118111222,FALSE
"MAP3K7CL",-0.405403885635569,0.000102456125654075,0.000319751036248664,FALSE
"SRI",-0.330794599577487,0.000103028650604483,0.000321461175813607,FALSE
"FBH1",0.227442199898976,0.000103081093697897,0.000321548172192726,FALSE
"KMT2D",0.399067437701696,0.000103503440573358,0.000322788719386945,FALSE
"CHIT1",1.3745083790317,0.00010391197839307,0.000323985620653031,TRUE
"TAP1",0.247387640349687,0.00010401722974082,0.000324236564706386,FALSE
"JRKL",-0.319336256271755,0.000104410418837253,0.000325384718737756,FALSE
"HCK",0.384219788349253,0.000104752107931306,0.000326371869832617,FALSE
"RPL7",-0.266365234206218,0.000104925737975745,0.000326835061046504,FALSE
"TBC1D17",0.381833523622339,0.000105448701076219,0.000328385916862479,FALSE
"ADAR",0.295076185907132,0.000106371319508708,0.000331143935855037,FALSE
"JADE2",0.325288597246698,0.000106384921647287,0.000331143935855037,FALSE
"PRH1",-0.447775832880146,0.000106629418800002,0.000331826087694231,FALSE
"CNTROB",0.28623004425375,0.000107328721727255,0.000333922914651431,FALSE
"ALS2CL",0.435897290861608,0.000107761913737958,0.000335111395405546,FALSE
"HLA-DMB",0.409168883610171,0.000107746917317927,0.000335111395405546,FALSE
"ATP1B1",-0.389610535615453,0.000107833857159118,0.00033520927789861,FALSE
"KATNAL1",-0.275420063077252,0.000107844598114035,0.00033520927789861,FALSE
"KCNMB4",-0.608311818019167,0.00010806832846424,0.000335824959946316,FALSE
"ZFAND6",-0.267443059297766,0.000108238916622018,0.00033627524831881,FALSE
"TM7SF3",0.391608358188488,0.000108607395701523,0.000337339982093556,FALSE
"HS2ST1",-0.282959505008636,0.000109485837458341,0.00033998780455517,FALSE
"BSCL2",0.579874149278609,0.000109760499355632,0.000340759890340038,FALSE
"VSNL1",-0.338428986409395,0.000109801364849072,0.000340805943244204,FALSE
"SPPL2A",-0.259895253184929,0.000109897237917941,0.000341022668599592,FALSE
"MYO16",-0.322399385244238,0.000110182062477953,0.000341825488616437,FALSE
"HERC4",-0.248373587185435,0.000110956798964949,0.000344147456064704,FALSE
"GOSR1",-0.145035186018473,0.000111350937898922,0.000345288128605563,FALSE
"CTSA",0.292092388258014,0.0001114346624834,0.000345465924989977,FALSE
"TRMT112",-0.358718939597838,0.000111969671017845,0.000347042361024059,FALSE
"DPM3",0.714158061279668,0.000112063690004982,0.000347251557288812,FALSE
"YPEL1",-0.385659537896811,0.000112246244321695,0.000347734933899581,FALSE
"ANAPC11",0.479894129715195,0.000112501050061503,0.000348441861226686,FALSE
"CDK5",0.303626809659412,0.000112567457539035,0.000348565079021062,FALSE
"EIF3H",-0.197502778884002,0.000112681358636787,0.000348835267740084,FALSE
"LATS2",-0.274021287910569,0.000112752169904377,0.000348971964157943,FALSE
"OSBPL2",0.178476549607704,0.000112883958821044,0.000349297279339425,FALSE
"APBB1",0.34968550273156,0.000113414263610184,0.000350855278635286,FALSE
"POLR1E",-0.30731965688258,0.000113577662228593,0.000351277759011749,FALSE
"GPR135",-0.41517979297793,0.000114672876550293,0.000354497591451342,FALSE
"WWTR1",-0.381790226656603,0.000114653747785518,0.000354497591451342,FALSE
"CCDC32",-0.206496302448069,0.000114891939161554,0.000355090950779759,FALSE
"RPS6KA5",-0.530464830647237,0.00011506773636249,0.000355550343275365,FALSE
"TMEM132A",0.635967016431039,0.00011546468090692,0.000356692685803066,FALSE
"GOPC",-0.301198264752215,0.000115669972407467,0.000357242575786402,FALSE
"TMPRSS3",0.648593992934468,0.000116107182344339,0.000358508309257568,FALSE
"NIN",0.320080687018165,0.000116536531111619,0.000359749178333723,FALSE
"RSRP1",-0.333649263865684,0.000116646475874677,0.000360003692162016,FALSE
"SNAP29",-0.174557150528712,0.000116810712200747,0.00036042560549898,FALSE
"IDH1",-0.219329312155522,0.00011699102164392,0.000360896902771489,FALSE
"TNS2",0.43916212089625,0.000117442496247179,0.000362204278178578,FALSE
"EBLN2",-0.566383605359049,0.000117870127777554,0.000363437520693296,FALSE
"VSIR",0.462064540688341,0.0001179264025417,0.000363525420785482,FALSE
"ARG2",-0.82301622274839,0.000117975362430668,0.00036359073562672,FALSE
"NAGK",0.260002098763442,0.000118287925041231,0.00036446823126378,FALSE
"SLC25A6",0.423914711546408,0.000118451688822755,0.000364886943545297,FALSE
"ENOSF1",-0.264103111723914,0.000118651493775858,0.000365244617096999,FALSE
"EVA1A",-0.317618795802693,0.000118608465492062,0.000365244617096999,FALSE
"HERC2",0.312142190472273,0.000118629727877652,0.000365244617096999,FALSE
"SYTL1",0.602428619626189,0.000119114191748481,0.000366582745268244,FALSE
"TM7SF2",0.639981102654946,0.000119439400667719,0.000367497211173157,FALSE
"BCORL1",0.427897534360469,0.000119475213650207,0.000367521028455948,FALSE
"ATP5MF",-0.412856645191966,0.000119528415346665,0.00036759831189066,FALSE
"AHSG",0.292285467174955,0.000120386740913237,0.000370151059660898,FALSE
"ETV5",-0.471880826069212,0.00012080839595839,0.000371360300513557,FALSE
"FAM91A1",-0.329546938985474,0.000121414871674893,0.000373136971823404,FALSE
"FAM76B",-0.476736629586281,0.000121476201756329,0.000373237839332047,FALSE
"CACYBP",-0.246288188459887,0.000121667071420364,0.000373736578844534,FALSE
"EXOC8",-0.344842056792186,0.000121904595073784,0.000374378362351861,FALSE
"CCP110",-0.391185477811841,0.000121987187573113,0.000374544150963227,FALSE
"HNRNPA1L3",-0.406586638603227,0.000122238009446752,0.000375226264871483,FALSE
"C11orf65",-0.378194481235965,0.000122477729087334,0.000375873987156909,FALSE
"TTPAL",0.4683952351195,0.00012304633623748,0.000377530497778554,FALSE
"HDHD2",-0.203992575879806,0.000123110105879189,0.00037763765374188,FALSE
"PDRG1",0.282557979711904,0.000123209774158736,0.000377854852022996,FALSE
"TMEM161B",-0.289624210614123,0.000123366588392604,0.000378247160476808,FALSE
"BAG4",-0.317615520022967,0.000123892931243962,0.00037977201026597,FALSE
"PAAF1",-0.214628154954839,0.00012425703926265,0.000380798960212223,FALSE
"SMG8",0.516394585927942,0.000124384911568044,0.00038110162935849,FALSE
"ABCA7",0.636240128432418,0.000124753469380772,0.000382141418140634,FALSE
"PHYHIPL",-0.67436807803276,0.000124815801048881,0.000382242916334959,FALSE
"RFX3",-0.494998444921965,0.000125041347166511,0.00038284408725537,FALSE
"C9orf43",-0.44303376360234,0.000125343700365795,0.000383590398594901,FALSE
"CLTB",0.430261190829088,0.000125330075215105,0.000383590398594901,FALSE
"HNF4A",0.281526677557787,0.000125841716562932,0.000385024480776328,FALSE
"DMAC2",0.253546094527397,0.000126305042389461,0.000386351779196921,FALSE
"TBL1XR1",-0.503501754754037,0.000127332100011221,0.000389402441800259,FALSE
"TMEM125",1.40052428105616,0.000127451446145951,0.000389676397230917,TRUE
"DPYD",-0.261784758083664,0.00012788732627813,0.00039091778557863,FALSE
"MTX1",0.308764516993832,0.000127998561816148,0.000391166473225259,FALSE
"GPR157",0.549890681960987,0.000128100436884227,0.000391386445668216,FALSE
"VAT1L",-0.691074744314253,0.000128186081609999,0.000391488783632692,FALSE
"WWC2",-0.168362253793258,0.000128193737811897,0.000391488783632692,FALSE
"VPS53",0.262128526453325,0.000128352211594742,0.000391881332602229,FALSE
"TTC21B",-0.281464378398469,0.000129102930761985,0.000394081503738846,FALSE
"TEX9",-0.530595743860513,0.000129331331769642,0.000394686665624277,FALSE
"VPS26A",-0.272124727648739,0.000130113530602666,0.000396981203134491,FALSE
"CLPTM1L",0.457043428583137,0.000130334521645593,0.000397562804609531,FALSE
"ZNF132",0.467071600783003,0.000130372291916944,0.000397585382198143,FALSE
"SPSB3",0.530232979004789,0.000130510349893102,0.000397913717000579,FALSE
"MRPL9",-0.254861262241599,0.000130710814198441,0.000398432125607915,FALSE
"NAGLU",0.399952372453362,0.000131013487939812,0.000399261774699261,FALSE
"MBTPS2",-0.201951141463598,0.000131340277929688,0.000400164514464854,FALSE
"EPM2AIP1",-0.327132253142517,0.000131435908314879,0.000400362706295577,FALSE
"ARHGAP29",-0.259906965634424,0.000131529690752445,0.00040055517825797,FALSE
"FCHO2",-0.468945146294926,0.000132080936416677,0.000402140376643521,FALSE
"NSFL1C",0.187573384320825,0.000132664463541011,0.000403823100832111,FALSE
"ARF1",0.209990362796571,0.000132805311672801,0.000404157866206487,FALSE
"HERPUD2",-0.226466629089265,0.000132898722240021,0.000404333972575733,FALSE
"MYO9B",0.406225062703402,0.000132924947904518,0.000404333972575733,FALSE
"PDE4A",0.411402072649563,0.000133064090314768,0.000404663198699407,FALSE
"SLC45A4",0.5404426786215,0.000133144408052734,0.000404813420860752,FALSE
"APOBEC3G",0.245935592982286,0.000133273072118092,0.000405110531732078,FALSE
"SASS6",-0.428924187627554,0.000134444663369577,0.000408576957482476,FALSE
"ATAD3B",0.586945435127413,0.000134523608276861,0.000408721995720739,FALSE
"TPSAB1",1.14929898771379,0.000134675130247195,0.0004090874257996,TRUE
"PSMC6",-0.191356647702617,0.00013508819223431,0.000410246952616929,FALSE
"KIF21A",-0.254685243010605,0.000135675443159484,0.000411934810260659,FALSE
"CHAC2",-0.454958851335382,0.000135800008240561,0.000412217414302207,FALSE
"QPRT",0.334881172116948,0.000135901314725735,0.00041241301726074,FALSE
"SDR42E1",0.322443086850156,0.000135927449547823,0.00041241301726074,FALSE
"NPDC1",0.723292242719281,0.000136903095526739,0.000415276952417995,FALSE
"C1QB",0.782499696433263,0.000136938727744106,0.000415288817147519,FALSE
"BAZ2B",-0.29349323400858,0.000137453536738835,0.00041675352083947,FALSE
"COPS5",-0.168821914337345,0.00013789657161991,0.000417903221214784,FALSE
"PEX6",0.41929638201988,0.000137866960311946,0.000417903221214784,FALSE
"ARPC2",0.235564050695201,0.000138549293163183,0.000419784157855217,FALSE
"ZNF148",-0.275038734473105,0.000138616940900108,0.00041989194591953,FALSE
"IL17RC",0.405827994501844,0.000139626347685912,0.000422851756628258,FALSE
"OTUD1",-0.522709228697995,0.000139785268492115,0.000423235137626913,FALSE
"ST3GAL5",-0.302381301496723,0.000139981247566548,0.000423730518645375,FALSE
"HIC1",0.604146501232081,0.000140048320801053,0.000423791411517586,FALSE
"MBNL3",-0.452083585141913,0.000140066104310769,0.000423791411517586,FALSE
"FHIP1B",0.326268741353702,0.000141934351899877,0.000429344855608407,FALSE
"OAS3",0.529869122164034,0.000142493830168052,0.000430937681811073,FALSE
"SCML4",0.540746818930944,0.000142615230210619,0.000431205217994786,FALSE
"C2orf68",-0.15940554558703,0.000142672770019782,0.00043127959018679,FALSE
"TMEM204",0.439472402573705,0.000142912446406021,0.000431904374041465,FALSE
"GTF3C3",-0.244982285492267,0.000143704614306411,0.000434198202284684,FALSE
"ACTL6A",-0.222072882430612,0.000143964872128806,0.000434884196102984,FALSE
"OSGIN1",0.661141457231667,0.000144472457682878,0.00043631682029625,FALSE
"SLC6A8",0.794729150694399,0.000144736291395959,0.000437012806032263,FALSE
"MRPL48",-0.264472062751083,0.00014503741924098,0.000437821049735511,FALSE
"RAB14",-0.225209069139059,0.000145563115173968,0.000439306662945502,FALSE
"TTC8",-0.265323805598911,0.000145611240233537,0.00043935062390815,FALSE
"SYNJ2BP",-0.266676881134417,0.000145828310440705,0.00043990420283173,FALSE
"HEXIM2",0.476745649227689,0.000146614756173271,0.000442174703483176,FALSE
"NRIP1",-0.326921745110183,0.000147836468374252,0.000445756573918863,FALSE
"SPEF2",-0.355720160804767,0.000148029456307313,0.000446235699280529,FALSE
"RHOG",0.399805386799439,0.00014811811688754,0.000446400181006372,FALSE
"USH2A",-0.478536286418161,0.000148401067044344,0.000447150004544201,FALSE
"PAWR",-0.425710690077344,0.000148527402732254,0.000447427693642583,FALSE
"TCEAL8",-0.406699155084252,0.000148804207670108,0.000448158428069255,FALSE
"TP53BP1",0.255346402602608,0.000148911769467471,0.000448379228580527,FALSE
"POU2F1",-0.254940879285158,0.000149018720663071,0.000448598089427667,FALSE
"TXNDC15",-0.172624777020983,0.000149159675901452,0.000448919190092369,FALSE
"L3MBTL3",-0.350214209184924,0.000149232408102665,0.000449034862532771,FALSE
"ALKBH7",0.652279733436405,0.000149309082706021,0.000449162341633094,FALSE
"KLHDC8B",0.301115697022874,0.000149719970292517,0.000450294934773634,FALSE
"MTERF2",-0.30248546811739,0.000149844008953153,0.000450564484431482,FALSE
"ZNF385D",1.36944903391254,0.0001502382707259,0.000451646254958319,TRUE
"CCNH",-0.222007423940054,0.000150466662756948,0.000452229005696502,FALSE
"TCTN3",0.253888849504178,0.000150546250362036,0.00045236435844383,FALSE
"METTL25",-0.353625123520598,0.000150633993734897,0.000452524150063625,FALSE
"TIGD7",-0.332239491007558,0.000150796549488952,0.000452908562952364,FALSE
"HEXIM1",0.264241422048236,0.000151368830004287,0.000454523101471587,FALSE
"CLP1",0.257426008640176,0.000151490026430189,0.000454782716354971,FALSE
"UQCC3",0.482015741775344,0.000152040198870373,0.000456329730309702,FALSE
"ATF7IP2",-0.369188646813233,0.000152155365450159,0.00045657071842161,FALSE
"SRPX2",0.446125616539997,0.000152990535072171,0.000458971605216513,FALSE
"KCTD5",0.226886372333418,0.000153660142388386,0.000460874818819874,FALSE
"CHD1",-0.341885651497008,0.00015402857857987,0.000461874061101157,FALSE
"CPQ",-0.181869038560173,0.000154958808998897,0.000464456705009492,FALSE
"RC3H1",-0.419682381752777,0.000154963234475026,0.000464456705009492,FALSE
"SH3BP1",0.475936788224994,0.000154996283546171,0.000464456705009492,FALSE
"NIPAL3",0.327323152204678,0.000155478256323705,0.000465794355100673,FALSE
"ARHGEF2",0.324471899097462,0.000156145757627118,0.000467687087360841,FALSE
"ZNF404",-0.66127217582894,0.000156363426078241,0.000468231924569151,FALSE
"MIER1",-0.384650084440761,0.000156842607710809,0.000469559437491404,FALSE
"SLC25A23",0.323428903049051,0.000157315993294455,0.000470865637541632,FALSE
"USP18",0.473116016580722,0.000157350837476676,0.000470865637541632,FALSE
"MOSPD3",0.442565463489209,0.000157464728968628,0.000471098773230638,FALSE
"RNF8",0.196259531478758,0.000157877124472832,0.000472224654694611,FALSE
"RSRC1",-0.250756692908777,0.000158006019887866,0.000472502241290986,FALSE
"NOS3",0.567215907187353,0.000158591853770498,0.000474145820863979,FALSE
"DHFR2",-0.221993628491375,0.000158888697873132,0.000474924847615308,FALSE
"COL26A1",0.698984158712591,0.000159370125676978,0.000476255121059804,FALSE
"KANK2",0.300697415910663,0.000159661277096772,0.000477016303001128,FALSE
"GLUD1",-0.261495475589737,0.000159711151031168,0.000477056442915822,FALSE
"SCARF2",0.78039277413827,0.000159778254100335,0.000477148016122626,FALSE
"CASP6",-0.165567637981314,0.000159825292889865,0.000477179642990677,FALSE
"TFE3",0.25122482515626,0.000160159490425798,0.000478068410545954,FALSE
"EIF3J",-0.28006443303115,0.000160210408285275,0.00047811138939385,FALSE
"HECTD3",0.236753327312124,0.000160322794336424,0.000478242024040692,FALSE
"HSF2",-0.260478496776878,0.000160327241331699,0.000478242024040692,FALSE
"OMA1",-0.308429272755454,0.000161014554907336,0.000480182813860329,FALSE
"ABCC5",0.29013899565654,0.000161738619795427,0.000482232295687026,FALSE
"NAPEPLD",-0.316674283241209,0.000161854694957107,0.000482468503273781,FALSE
"KIF20A",0.846236019674136,0.000162445429713999,0.000484119181838306,FALSE
"MTCH1",0.23147732953331,0.000163378661910135,0.000486789586191965,FALSE
"EOLA1",0.256888440456887,0.000163735447365395,0.000487741632971046,FALSE
"CYP4F3",-0.253789910268911,0.000164246476029169,0.000489152607864848,FALSE
"RIPK2",-0.295254092897056,0.000164345883350257,0.00048933734473995,FALSE
"RXFP1",-0.618866526889742,0.000164835463822379,0.000490683468022417,FALSE
"NT5C3B",-0.254337733970177,0.000166144493483396,0.000494467767375454,FALSE
"CD99L2",0.277802491251884,0.000166447961222765,0.000495258342801918,FALSE
"COX19",0.240308152509412,0.000167143401466479,0.000497214590320187,FALSE
"ITIH4",-0.490572443292429,0.000167259696186919,0.000497447510785811,FALSE
"MYCT1",-0.524848699378037,0.000167615985712431,0.000498393932533986,FALSE
"TBC1D32",-0.456263414392945,0.000167665642696129,0.000498428381965878,FALSE
"MAP10",-0.265361329239484,0.000167985566100972,0.000499266068420868,FALSE
"TAF11",-0.154182015963167,0.000168261105357635,0.000499971491453054,FALSE
"CASP7",-0.22119030538504,0.000169354388789043,0.000503105890180657,FALSE
"EHMT1",0.273388587706424,0.000170355086765549,0.000505963882925266,FALSE
"ZNF84",-0.291865147762015,0.000170989156299194,0.000507731919770708,FALSE
"MRFAP1L1",-0.209684538640741,0.00017193250541237,0.000510417315387472,FALSE
"REEP5",-0.233512872159147,0.000172768174081869,0.000512781894146413,FALSE
"PLPP4",0.667436861572501,0.000172847421508461,0.000512900825564092,FALSE
"TTLL1",0.386663412630815,0.000173123578434866,0.000513603872392763,FALSE
"COL9A2",0.713985189017952,0.00017379288724489,0.000515472695924355,FALSE
"MAP4K5",-0.374645218578852,0.000174441085265771,0.000517215272258526,FALSE
"NCF1",0.421070284167878,0.000174459413557413,0.000517215272258526,FALSE
"PIKFYVE",-0.258870764362605,0.000174677159721463,0.000517743575973148,FALSE
"CUL9",0.33143428104425,0.000174939134072226,0.000518402703321319,FALSE
"TRAPPC14",0.512542792724561,0.000175108535713311,0.000518787270775892,FALSE
"PPIL4",-0.23467430270199,0.000175359408165782,0.000519412980024078,FALSE
"ZFPL1",0.386266548443194,0.000175598844883099,0.000520004541327648,FALSE
"FBXO7",-0.210390312433209,0.000176085578205469,0.000521210126580602,FALSE
"SLITRK3",-0.91063627736625,0.000176073186387263,0.000521210126580602,FALSE
"SCCPDH",-0.210129704486775,0.000176683311396688,0.000522861191863798,FALSE
"TRPV6",1.17500933003884,0.000176782451387908,0.000523036351089378,TRUE
"TBC1D10B",0.319018798229909,0.000177952628435038,0.000526379532641554,FALSE
"PTGIR",0.347152890694632,0.000178647877282592,0.000528316695139756,FALSE
"C21orf91",-0.631290476470625,0.000178809232349103,0.000528674451200193,FALSE
"ALKBH8",-0.255928052226285,0.000179275604313182,0.000529933667118576,FALSE
"HUWE1",0.292406880270816,0.000179726489869448,0.000531146547487767,FALSE
"CMTM7",0.376768460800909,0.000179957515284692,0.000531709273325928,FALSE
"TMEM222",0.332542780929412,0.00018085157483674,0.000534230328917556,FALSE
"SPATA21",1.16265510534094,0.000181897330121708,0.000537198250835417,TRUE
"HYAL1",0.235509756703434,0.000182068547824353,0.000537582640531447,FALSE
"PEG3",-0.436380528231108,0.000182276431664738,0.00053807509433027,FALSE
"BTBD16",-0.374273965772721,0.000182327625059372,0.000538104884417787,FALSE
"COL8A2",0.569076529909415,0.000183305396480696,0.000540868661421067,FALSE
"FAM149A",0.285193202672542,0.000183377356809038,0.000540959070604761,FALSE
"PARP16",-0.179095772597081,0.000184141196823989,0.000543090008745137,FALSE
"MTRFR",-0.219509213931045,0.000184302829582289,0.000543444289389938,FALSE
"SNAI1",0.646752878032594,0.000185463176506729,0.000546742604554401,FALSE
"NDE1",0.444136551018553,0.000185510331215535,0.000546758499836512,FALSE
"AMY2B",-0.305125146308434,0.000185974127365206,0.000548002087658177,FALSE
"TAPBP",0.324438852814791,0.000186170021433453,0.000548455877724296,FALSE
"NARF",0.229403827083748,0.000186453457119655,0.000549167302724526,FALSE
"PIDD1",0.772375056956556,0.000186496399108921,0.000549170233273504,FALSE
"PPP1R12A",-0.364838560165258,0.000186881402936579,0.000550180195018145,FALSE
"PSTPIP1",0.426552010250536,0.000187393544212524,0.000551563912057185,FALSE
"EPN1",0.481976134100448,0.000188792610368325,0.00055555694649182,FALSE
"TBC1D10A",0.373675701426293,0.000189709814731003,0.000558130538080514,FALSE
"SLC7A6",0.421129948821705,0.000189869523152873,0.000558474903868212,FALSE
"EIF2S3B",1.45334847114922,0.000190118028000063,0.000559080238674039,TRUE
"CAPN15",0.707472682470187,0.000191256497019021,0.000562301832241863,FALSE
"TMPPE",0.574420035705654,0.000191629912583761,0.000563273196126313,FALSE
"SMIM27",-0.474213522688307,0.000192570028867124,0.000565909498973825,FALSE
"PLEKHA8",0.347357644168174,0.00019288088425705,0.000566695811645713,FALSE
"EIF4EBP2",-0.215826070405393,0.000193282902620067,0.000567749553758564,FALSE
"AMPD2",0.368234076986314,0.000193961984169842,0.000569616486485323,FALSE
"WDR6",0.271785280283515,0.000194304039052473,0.000570493043120649,FALSE
"KCTD2",0.245568278884603,0.000194533877022514,0.00057103980223739,FALSE
"KHDRBS3",-0.334131454357648,0.000195287178255749,0.000573122559453994,FALSE
"GSPT2",-0.197544804989008,0.000195405400652495,0.000573340991784507,FALSE
"SOD3",1.03614104339909,0.00019623501979509,0.000575635965647882,TRUE
"TFEB",0.494304945627146,0.000196275507993595,0.000575635965647882,FALSE
"PJVK",-0.651471178545337,0.000197909091163428,0.000580296936508756,FALSE
"AHCYL1",-0.165178397843628,0.000198079926109016,0.000580565776682046,FALSE
"KLHDC4",0.377935680168518,0.000198089468716674,0.000580565776682046,FALSE
"GPC3",1.07438595745139,0.000198653161436181,0.000582087553608434,TRUE
"ALDH5A1",-0.283692933002621,0.000198810365567095,0.000582338133095845,FALSE
"GNB1L",0.595979264784406,0.000198827639393403,0.000582338133095845,FALSE
"GPR132",0.394848545500197,0.000199664932072652,0.000584659649003616,FALSE
"TPP2",-0.230253361956202,0.000200796897061544,0.000587842794349224,FALSE
"KLHL23",-0.28838735657793,0.000200947972568364,0.00058815355619607,FALSE
"NHERF1",0.383345567608401,0.000201375952601984,0.000589274468365035,FALSE
"ATXN10",-0.178662552421707,0.000202079874380214,0.000591202171035925,FALSE
"PABPC1",-0.184031361247789,0.000202644741855861,0.000592722287841139,FALSE
"CALCOCO1",0.18613329028776,0.00020346030662912,0.000594974834574143,FALSE
"POMP",-0.307567008808261,0.000204370734630909,0.000597503719916897,FALSE
"DCBLD1",-0.214736329120875,0.000204486330563114,0.000597708202664052,FALSE
"ENPEP",-0.276992477041118,0.000205690060501708,0.000601092471448296,FALSE
"EIF3L",0.569818617038715,0.000206306002464489,0.000602757907669067,FALSE
"TPCN1",0.296464303817316,0.000206697691137558,0.000603767552961381,FALSE
"PRR15L",0.707533063670595,0.000206977958201433,0.000604451355961001,FALSE
"UNC13D",0.541599042116652,0.000207514939379973,0.000605884385897101,FALSE
"TRIM23",-0.317722280212729,0.000208108522602816,0.00060748200176501,FALSE
"MEGF10",-0.585895459044573,0.000208381138476464,0.000608142190132382,FALSE
"BZW2",-0.205292541953877,0.000208707275910682,0.000608958247430943,FALSE
"KAZALD1",0.67362425504475,0.000208939422175968,0.000609499758272678,FALSE
"ADISSP",0.457351367129806,0.000209424012273457,0.000610777270814012,FALSE
"LPAR5",0.358932301458956,0.000209571675098716,0.000611071797414787,FALSE
"ME1",0.818042202148566,0.000211490712563056,0.000616530039829778,FALSE
"GGA1",0.298431936406501,0.000212907790177658,0.000620522882681635,FALSE
"CMTR2",-0.286147658400584,0.000213166468260538,0.00062112624979165,FALSE
"ULK1",0.57046644361,0.000213209698026556,0.00062112624979165,FALSE
"CYB561",0.307902664942653,0.000213452261111104,0.000621694550048181,FALSE
"ZMAT5",0.314673013941415,0.00021389900754775,0.000622857163437532,FALSE
"ESD",-0.222265668604524,0.0002142587158584,0.000623765867915982,FALSE
"TPK1",-0.317367948605138,0.000214498192692347,0.000624324219370432,FALSE
"LYSMD1",-0.217958325017984,0.000214576401011062,0.000624413034460286,FALSE
"ACYP1",-0.520799373576114,0.000214821015965197,0.000624919314630022,FALSE
"RBM48",-0.216270206610041,0.000214845847475537,0.000624919314630022,FALSE
"API5",-0.198611155926186,0.000214946758019609,0.000625073957350672,FALSE
"ZFX",-0.313533088614028,0.000215920774505051,0.000627766995296496,FALSE
"SCART1",-0.716924827929875,0.000216272473089903,0.000628649915118341,FALSE
"TAB2",-0.170771246782407,0.000216386250780818,0.000628841020027184,FALSE
"MZT2B",0.639400951033748,0.00021689635698972,0.000630093240424863,FALSE
"TOMM70",-0.223526294947667,0.000216913400137096,0.000630093240424863,FALSE
"GGT7",0.316690875809136,0.00021762842192505,0.000631992760383078,FALSE
"PCID2",-0.172836592672296,0.000217663867748801,0.000631992760383078,FALSE
"ASGR1",0.373230668284936,0.000218695349343227,0.000634846898803001,FALSE
"PYGO2",0.259271585350697,0.000218804819682973,0.000635023874814783,FALSE
"SMARCAL1",0.198863734915143,0.000219531961391385,0.000636993004994682,FALSE
"DDX19A",0.168099093236397,0.00021988501774843,0.000637876058577984,FALSE
"VSIG4",0.700342025468977,0.000220359595145037,0.000639111169614271,FALSE
"DPYSL2",0.291131967744211,0.000221507148764247,0.000642297141001445,FALSE
"SYNGR1",0.460400590572694,0.000221598919902929,0.000642420960887766,FALSE
"EID2",-0.347974245593007,0.000222114754683611,0.000643773825175522,FALSE
"PHF12",0.300412943838368,0.000222210261997696,0.000643908089879115,FALSE
"UQCC4",0.354848796293466,0.000222422461311463,0.000644380363684371,FALSE
"FLYWCH2",0.604941001713177,0.000222696657986904,0.000645032001408086,FALSE
"MRTFA",0.344789250345648,0.000223820269387543,0.000648143102592725,FALSE
"MTDH",-0.239336593624827,0.000224147663703295,0.000648947636710204,FALSE
"DDAH1",-0.365057449830298,0.000224306105248195,0.000649262774687014,FALSE
"GRB10",-0.209827574044951,0.000224526281102817,0.000649756426215313,FALSE
"ARRDC2",0.35341660041049,0.000225304618068146,0.00065186476458523,FALSE
"YARS1",0.238760567561647,0.000225593748542584,0.000652557082615888,FALSE
"TMEM67",-0.475387554288665,0.00022620185356454,0.000654171563257556,FALSE
"GSK3A",0.317602137990547,0.00022639248370113,0.000654480098051302,FALSE
"VAV1",0.395813155836607,0.00022640852154555,0.000654480098051302,FALSE
"CNKSR1",0.819856199404068,0.000226591606471879,0.000654864748770383,FALSE
"TRIM11",0.312208837410877,0.000226865427838014,0.00065551140614771,FALSE
"SLC25A11",0.336186235707056,0.000227076126741288,0.000655975430559784,FALSE
"NOTCH2",0.397188359036556,0.000227248673302572,0.000656329060418548,FALSE
"LSM3",-0.228329492467072,0.000227561461065544,0.000657087483076776,FALSE
"DKK3",0.568168063254624,0.000228171838870844,0.000658704677948641,FALSE
"OGFOD1",0.186569843203237,0.000228822669053883,0.00066043791517933,FALSE
"FMO4",-0.25889975851362,0.000229027454382441,0.000660883278107762,FALSE
"RP9",-0.302323521050511,0.000229131046015295,0.000661036503841394,FALSE
"DBNL",0.306204048811659,0.000229188595913894,0.000661056862239414,FALSE
"BACH1",-0.359138985179188,0.000229239177530056,0.000661057117229845,FALSE
"SIDT1",-0.544290338335861,0.000229639236952648,0.000662064939481188,FALSE
"ANKRD26",-0.320675286681162,0.000229861141431359,0.000662558798683256,FALSE
"MIPOL1",-0.357035955804138,0.000230086159911977,0.000663061414388643,FALSE
"MALSU1",-0.236400298378414,0.000230514008700208,0.000664002068625549,FALSE
"MATR3",-0.272507017934969,0.000230505825602716,0.000664002068625549,FALSE
"MTMR11",0.454407452343507,0.000231263392373964,0.000666014151553001,FALSE
"GCC2",-0.285131749851666,0.000231383722665585,0.000666214140562532,FALSE
"EMC3",0.19609652680713,0.000231523158979568,0.000666469040756486,FALSE
"ZNF275",-0.195940846120389,0.000232191304380288,0.000668245451076442,FALSE
"CCDC138",-0.339735649839059,0.000233595247831786,0.000672041872851807,FALSE
"SEMA3B",0.797877557077482,0.00023361308916503,0.000672041872851807,FALSE
"SNUPN",0.297853120759591,0.000233772619147389,0.000672353060166436,FALSE
"CYP7A1",1.10300864057182,0.000234414080422112,0.000673901875469103,TRUE
"HTRA3",0.648147537133857,0.000234397081386972,0.000673901875469103,FALSE
"ATG4D",0.572856572835039,0.000234552500780385,0.000674151776117848,FALSE
"CD163L1",0.574687497304807,0.00023475754636125,0.000674593019526227,FALSE
"PRR14L",0.284580945833778,0.000234869675702,0.00067476712624327,FALSE
"G2E3",-0.324385090083604,0.000235392290171097,0.000676120198095655,FALSE
"AKAP7",-0.373295799099316,0.000236521704785457,0.000679215213654574,FALSE
"STRIP2",0.480162151829976,0.000236634144847456,0.000679389084285722,FALSE
"HMGN5",-0.435510544603144,0.000236764170684965,0.000679613357291726,FALSE
"SLC30A5",-0.276892909208543,0.000237692575866516,0.000682128716186855,FALSE
"EEF1D",0.378972643875373,0.000238063208718911,0.000683042631722108,FALSE
"RASA3",0.269034617866086,0.000238592513340707,0.000684304378579515,FALSE
"TMEM60",-0.370520557575123,0.000238607507501947,0.000684304378579515,FALSE
"EXOC3L1",0.597708675902525,0.000238738147830927,0.000684489718117387,FALSE
"SNN",0.352275790106171,0.000238776698949137,0.000684489718117387,FALSE
"CKB",0.701007548473014,0.000238932707495495,0.000684786997927106,FALSE
"GTF3C6",-0.260954758654677,0.000239352561777418,0.000685840170450854,FALSE
"ADH1B",-0.322936800581325,0.000239651602036627,0.000686546777650662,FALSE
"DIP2B",-0.215686964214364,0.000240298449018325,0.000688249244048985,FALSE
"CBLC",0.492213140018047,0.000241139291451291,0.00069050647499569,FALSE
"MFSD5",0.220917420111952,0.000241462795577218,0.000691130502775895,FALSE
"USP30",-0.206706258493828,0.000241445361313936,0.000691130502775895,FALSE
"ZNF652",-0.222477505262993,0.000241720294589001,0.000691716305302557,FALSE
"POLR3D",0.23519708709862,0.000242332244777551,0.000693315941570737,FALSE
"METTL25B",0.298133368140209,0.00024301276913214,0.000695111027633378,FALSE
"CD164",-0.441683309902368,0.000244397555540878,0.000698919352804974,FALSE
"AGAP3",0.368059017612104,0.000244596551445994,0.00069933567406223,FALSE
"TEKTIP1",0.961644198277432,0.000244880307683099,0.000699994102224264,FALSE
"PRKDC",0.294826479189684,0.000244974872617697,0.00070011155475025,FALSE
"PDIA4",0.316028753644836,0.000245557884122886,0.000701471485694268,FALSE
"PREB",0.3521249851878,0.000245516520637507,0.000701471485694268,FALSE
"FPR1",0.462837692648806,0.000246193351436899,0.000703021644809827,FALSE
"MTMR10",-0.167541372797995,0.000246207931672247,0.000703021644809827,FALSE
"HNRNPA3",-0.239567986203676,0.00024762307864352,0.000706908274226116,FALSE
"CITED4",0.672111314497753,0.000247703575414755,0.00070698391308698,FALSE
"SEC61B",-0.283961736246836,0.000249777884410322,0.000712748923866594,FALSE
"DACT2",0.769910568696022,0.000250856718477046,0.000715515502897928,FALSE
"GCH1",-0.407570506707824,0.000250815361950386,0.000715515502897928,FALSE
"TTC17",-0.192209976539095,0.000252720040518662,0.000720673223800985,FALSE
"AOX1",-0.34419092678423,0.000252908044531987,0.000721052290725778,FALSE
"SCN1B",0.448447305916941,0.000253180084305497,0.000721670730182358,FALSE
"TCEAL1",-0.36503359404034,0.000253634474329053,0.000722808562889848,FALSE
"GMPR",0.30319857632239,0.000253760667773708,0.000723010807941977,FALSE
"A4GALT",0.682921373460937,0.000254512515278524,0.000724955852914444,FALSE
"HIKESHI",-0.215735757752409,0.000254554083092553,0.000724955852914444,FALSE
"UAP1L1",0.271359179216924,0.000254923983691699,0.000725693584364366,FALSE
"YWHAH",0.291913542421729,0.000254908942950552,0.000725693584364366,FALSE
"DBN1",0.593432204855097,0.00025584776053068,0.000728164974101666,FALSE
"POMT1",0.261067737362168,0.00025636800529764,0.000729487051805411,FALSE
"P2RY1",0.5257333570225,0.000258645765672776,0.000735808423335069,FALSE
"SNX14",-0.258421620970966,0.000259194709500571,0.000737209892848462,FALSE
"CUTC",-0.194618060227307,0.000261062972393237,0.000742201180145983,FALSE
"GNPTG",0.291248880694035,0.000261025619935945,0.000742201180145983,FALSE
"AKAP11",-0.377124065657553,0.000262076247507799,0.000744857166937935,FALSE
"B4GALT7",0.354089569376463,0.0002621678754392,0.000744857166937935,FALSE
"YPEL2",-0.386664506857932,0.000262130489225482,0.000744857166937935,FALSE
"NOMO3",1.0783730727378,0.00026288899341057,0.000746743914456755,TRUE
"PTPN23",0.491495733449569,0.000263748033841955,0.000749021531249213,FALSE
"BMP1",0.354360129952663,0.000264167762405051,0.000750050823120131,FALSE
"POLA2",0.322230289490802,0.000264280774107634,0.000750208997098252,FALSE
"EPHA3",0.482032402339725,0.000264360244780201,0.000750271910830782,FALSE
"TXK",-0.415281918633129,0.000264647591786296,0.000750924636251882,FALSE
"APLNR",0.383233998130936,0.00026534981350514,0.000752590935530611,FALSE
"OBSL1",0.335101538889987,0.000265324025754259,0.000752590935530611,FALSE
"ZBTB11",-0.294683320174058,0.000265663531174407,0.000753317511400333,FALSE
"ANKRD40",-0.146042711708622,0.000265830082240747,0.00075362655623557,FALSE
"VSTM4",0.475889154515356,0.000265914260922513,0.000753701992638567,FALSE
"CXCR4",-0.548672901271526,0.000267058965817197,0.000756782679757303,FALSE
"CCDC18",-0.333320359265247,0.000268154983350109,0.000759724094788926,FALSE
"AGMAT",0.314793261857725,0.000268342584501511,0.000760091111270831,FALSE
"NYNRIN",0.881741006561357,0.000268699595938409,0.000760937726590017,FALSE
"MTAP",-0.270788380867613,0.000268934708835129,0.000761438842575586,FALSE
"AZIN1",-0.274265665980657,0.000270312469164515,0.000765174237038234,FALSE
"UBTD2",-0.244116127653663,0.000270747074911881,0.000766238803447113,FALSE
"ZFP41",0.456679386022296,0.000270830667272926,0.000766309724646024,FALSE
"CTBP2",-0.321796736859537,0.000272383887140364,0.000770537997070365,FALSE
"TPRA1",0.340641508497855,0.000272727487549111,0.000771343328363138,FALSE
"TENT5A",-0.317071028670582,0.000272932230572505,0.000771755672279749,FALSE
"SPHK1",0.761635199227179,0.000273089020712086,0.000772032273626134,FALSE
"SCN11A",-0.409080746526934,0.000273783203970406,0.00077382765681791,FALSE
"PKP4",0.231606703128955,0.000274000345716803,0.000774274234000515,FALSE
"BCL6B",0.312171787501945,0.000275082574207078,0.000777164665843562,FALSE
"ADCY10",-0.397485684974035,0.000275937339729819,0.000779411359599307,FALSE
"LYSMD3",-0.30980306845354,0.000276078458113021,0.000779641754446867,FALSE
"RASA2",-0.441905188126376,0.000276420700324048,0.000780439898348596,FALSE
"PCSK7",0.227558097587649,0.000276534203009159,0.000780592019360911,FALSE
"GRAP",0.457026245007721,0.000276661619705733,0.000780651056709683,FALSE
"TONSL",0.5744684438468,0.000276674373902607,0.000780651056709683,FALSE
"SNORC",0.660087742760798,0.000277028081725954,0.000781480639076964,FALSE
"STIM1",0.27514830389088,0.00027717411906256,0.000781724163456922,FALSE
"NSMCE4A",-0.238030184860892,0.000277372918117184,0.000782116356663833,FALSE
"CYB5A",-0.251542505055629,0.000277647938388882,0.000782723257835322,FALSE
"COMMD4",0.311271206429538,0.000277920240641634,0.000783322236917175,FALSE
"FZD1",0.30083656759657,0.000278607323878774,0.000785089772755254,FALSE
"EMC8",0.230341168372376,0.000279106126787613,0.000786326105423593,FALSE
"ADRB2",-0.325785729522545,0.000279502310968429,0.000787272860412795,FALSE
"ARHGAP6",-0.532423397285512,0.00028029092976014,0.000789324339087924,FALSE
"LONRF1",-0.32768852946994,0.000280357296243188,0.00078934144568082,FALSE
"SPON2",0.39211630361452,0.000281340170514642,0.00079193840300531,FALSE
"P2RX4",0.276675041761294,0.000281924784867426,0.000793413431531458,FALSE
"NUP35",-0.262869614276848,0.00028277587236836,0.000795637593175707,FALSE
"NARS2",-0.22080933449064,0.000282999281900173,0.000796095100695545,FALSE
"TMEM223",-0.315349901220646,0.000283132505978473,0.000796298768693914,FALSE
"CCR2",0.464262681600404,0.000283670806392592,0.000797641365397728,FALSE
"CELSR1",0.424807320476239,0.000283885095850913,0.000798072509100311,FALSE
"HKDC1",1.04068698921743,0.00028412531574565,0.00079850808146415,TRUE
"TUT7",-0.438500290669323,0.000284223010970283,0.00079850808146415,FALSE
"UBR4",0.428851184026323,0.000284203977972793,0.00079850808146415,FALSE
"SMURF2",-0.298419844712796,0.000284533307929798,0.000799208338857952,FALSE
"PTPRC",0.441207146648396,0.000285406138756761,0.000801316141669208,FALSE
"RCBTB2",-0.383736652834642,0.000285380306087402,0.000801316141669208,FALSE
"MBNL1",-0.427640112738285,0.000285826823729229,0.00080232520931884,FALSE
"AFTPH",-0.264722190412855,0.0002859221425754,0.000802420726816106,FALSE
"P2RY8",0.386922268921713,0.000286202760713665,0.00080303612157379,FALSE
"DYNLT5",-0.547197056240154,0.000286858575451693,0.000804703764691144,FALSE
"RMND5A",-0.250812818444176,0.00028739453576137,0.000806034546312737,FALSE
"POLR2H",-0.254662326148146,0.00028770466302604,0.000806731516028467,FALSE
"CLK1",-0.369121081854646,0.000289003531550461,0.000810200050333755,FALSE
"PNN",0.392222093054296,0.000289827101254633,0.000812334919637263,FALSE
"DNAJB5",0.353104022147727,0.000290119526497404,0.000812980488207194,FALSE
"DHX9",0.296444334610945,0.000290959945877348,0.000814986651995345,FALSE
"PICALM",-0.247644316780505,0.000290956670162636,0.000814986651995345,FALSE
"PWWP2A",-0.242527086424488,0.000291176162369038,0.00081524343835232,FALSE
"TNFSF11",-0.743339276583378,0.000291147590766342,0.00081524343835232,FALSE
"GPR176",0.465491249935848,0.000293162498853934,0.000820545522521317,FALSE
"REPS1",-0.279121340887595,0.000293195230244021,0.000820545522521317,FALSE
"PDK2",0.307770914898219,0.000293267449699871,0.000820572227285895,FALSE
"ITGA3",0.674115539024934,0.000293401352966828,0.000820771477145665,FALSE
"TBX3",-0.37363409821816,0.000293502680993927,0.000820879534196217,FALSE
"NOL3",0.522780201045111,0.00029483051724219,0.000824417157568295,FALSE
"PPP1CC",-0.262647340602326,0.000294971453364016,0.000824451530511973,FALSE
"RAB3IL1",0.687302794206151,0.000294993198123692,0.000824451530511973,FALSE
"SNX29",0.30664145448144,0.000295031730862251,0.000824451530511973,FALSE
"QKI",-0.285849168973182,0.000295149209926209,0.000824603810574889,FALSE
"SLC36A4",-0.361142785309584,0.000295766012080186,0.000826150763847619,FALSE
"SLC25A25",-0.605075040985648,0.000296099696010894,0.000826906403620868,FALSE
"SLC25A27",-0.463324337114406,0.000297184333250974,0.000829758432698178,FALSE
"SSC5D",0.636122270706177,0.000298031810328197,0.000831947219790353,FALSE
"RECQL5",0.402922955981336,0.000298186487124972,0.000832201553920302,FALSE
"NDUFA6",-0.227585370486617,0.00029827418738194,0.000832268896249862,FALSE
"SLC25A46",-0.373672068322021,0.000299024962948465,0.000834185982297316,FALSE
"LPCAT4",0.369699704333873,0.000299412131180516,0.000835088117046297,FALSE
"MVB12A",0.398172950724259,0.00029950438957474,0.000835167511887645,FALSE
"CLEC10A",0.373407872064398,0.000300167030496122,0.000836837044986208,FALSE
"USP37",-0.301166282753081,0.000300322517199105,0.000837092270634593,FALSE
"RAPH1",-0.374925386711391,0.000300672914484322,0.000837890548409693,FALSE
"ABLIM2",0.518402817959249,0.000301105620944456,0.000838560899681943,FALSE
"RPP14",-0.162805428009126,0.000300999372108249,0.000838560899681943,FALSE
"TM4SF4",0.286719354773184,0.000301103671102217,0.000838560899681943,FALSE
"PDHX",-0.233887414583369,0.00030309978617213,0.000843935006500537,FALSE
"GTF2A1",-0.339633551375528,0.000303170864825924,0.000843953425962363,FALSE
"FXR1",-0.183498323449331,0.000303244067512467,0.000843977749122707,FALSE
"KSR1",0.349441631818069,0.000303497904529356,0.000844504689925255,FALSE
"CADM4",0.51031512020095,0.000303884117090526,0.000845399672959874,FALSE
"TRIM38",0.198496268374633,0.000304079950285023,0.000845764756560766,FALSE
"CUEDC2",0.260947148602763,0.000304496212170148,0.000846742652874167,FALSE
"C2",-0.298715780939051,0.000304986730597669,0.000847926582498341,FALSE
"LILRA2",0.546974139462045,0.000305283252112435,0.0008485707721138,FALSE
"ADCY3",0.386249435240766,0.000306248770652723,0.000851073849582986,FALSE
"SMPD3",0.619026965386578,0.000306693120271393,0.000852127829073233,FALSE
"SLC20A1",-0.339585040060382,0.000306965088707643,0.00085270251248896,FALSE
"C1orf115",-0.205567178532317,0.000307529517653349,0.000854089190733484,FALSE
"COX18",-0.208336846618644,0.000307761659588751,0.000854552629339539,FALSE
"NCBP2",-0.171950569605018,0.000308132167580495,0.0008553999868456,FALSE
"MKLN1",-0.227852624444492,0.000311701846892221,0.000865126262351697,FALSE
"MICAL2",0.353466377845653,0.00031203396899251,0.000865864502342082,FALSE
"AK9",-0.283549202482129,0.000313114113652729,0.000868677680852199,FALSE
"TRAF4",0.333674794329635,0.000313981970510169,0.000870900838542188,FALSE
"VPS4A",-0.30483599314219,0.000315281036295527,0.000874318857695624,FALSE
"CCDC50",-0.2170456102577,0.000315461145443518,0.000874633061445689,FALSE
"ASXL1",-0.254581718428005,0.00031560044483705,0.000874834008851715,FALSE
"ABCA9",-0.416377973166785,0.000315847859659867,0.000875221004383875,FALSE
"GXYLT1",-0.149841380976594,0.000315940610045692,0.000875221004383875,FALSE
"P4HA1",-0.734755429815172,0.000315891628693192,0.000875221004383875,FALSE
"FMO1",0.949320973609611,0.000317298399573027,0.000878796413625992,FALSE
"CDC6",0.792835543319671,0.000318075608058288,0.000880762660892366,FALSE
"ITGB3",0.805160078572094,0.000318503514337219,0.000881761050899318,FALSE
"MAN2A2",0.273961190278228,0.000319394903368212,0.0008840418762995,FALSE
"HM13",0.249254936964618,0.000319666802782657,0.000884607436489228,FALSE
"B4GALT6",-0.491850277460673,0.00032050591757684,0.000886554716441156,FALSE
"DENND5B",-0.161340468761145,0.00032046760275625,0.000886554716441156,FALSE
"GALC",-0.288611145444274,0.000321265644317451,0.000888468486566131,FALSE
"DGLUCY",0.238902157327619,0.000323107506921967,0.000893239803063444,FALSE
"OSBPL9",-0.230877748998549,0.000323127383692978,0.000893239803063444,FALSE
"OXNAD1",-0.106958185387368,0.000325114173116134,0.000898542274527429,FALSE
"LSM14B",0.16812914823326,0.000325729323989421,0.000900052408119355,FALSE
"MRPS34",0.362531888026958,0.000325874238900136,0.000900262826689298,FALSE
"MARF1",-0.199884717904598,0.000326385327726278,0.000901484538099669,FALSE
"DHX34",0.455142924911374,0.000326500233466812,0.000901611697225797,FALSE
"MAPT",0.852673612477702,0.000326717891789695,0.000901842008336767,FALSE
"SLC38A2",-0.681431210914282,0.000326721405861693,0.000901842008336767,FALSE
"RFC2",0.213810971749029,0.000327745659927908,0.000904478537052312,FALSE
"PARP3",0.374468123845963,0.000328102398770768,0.000905272203310198,FALSE
"C15orf61",-0.296043677214837,0.000328903690880403,0.000907291850190946,FALSE
"THRB",-0.249489910711584,0.000329167018348408,0.000907826965286992,FALSE
"C3orf38",-0.275100951797581,0.000330331732885228,0.000910847314012933,FALSE
"SPG21",-0.2267260589483,0.00033135932553063,0.000913296061020423,FALSE
"TTLL5",0.266801451764702,0.000331306306641669,0.000913296061020423,FALSE
"VPS13D",0.315573883213261,0.000331970944241667,0.000914789223744876,FALSE
"ZER1",0.371404926041899,0.000333260742133095,0.000918150175927291,FALSE
"TIMM8B",-0.255634565194076,0.000335104416936509,0.000923035351679524,FALSE
"LBX2",0.60630736505049,0.000335842106324694,0.000924872708456645,FALSE
"SFT2D2",-0.203749660039177,0.000336008967654948,0.00092513762450864,FALSE
"EAF2",-0.544916756700211,0.000336823778793816,0.000927012679207919,FALSE
"PARN",0.156081189085692,0.000336831600595178,0.000927012679207919,FALSE
"DNPEP",0.24858283017393,0.000337286019301563,0.00092806821452208,FALSE
"TPPP3",0.627573018557473,0.000337512532340479,0.000928496338180617,FALSE
"STX5",0.212273111390341,0.000338074234207803,0.000929846192069025,FALSE
"ZNF710",0.36577206507214,0.000338355662778222,0.000930424771496005,FALSE
"NECTIN2",0.347929909907847,0.00033883815610908,0.00093155588823605,FALSE
"COG2",0.220101901896428,0.000339578396306545,0.000933098160933405,FALSE
"CWH43",1.27666708029395,0.000339622532188656,0.000933098160933405,TRUE
"PRKAG1",0.190056058510708,0.000339564096249084,0.000933098160933405,FALSE
"RAB3IP",-0.231503956928146,0.000339684222044654,0.000933098160933405,FALSE
"GTPBP2",0.178406324520401,0.000340400110440954,0.000934868522318644,FALSE
"MXD3",0.559439807661909,0.000342298824068311,0.000939885948972804,FALSE
"TLE2",0.483132581801684,0.000342792799837197,0.000941044943482613,FALSE
"CEBPG",-0.234918294823911,0.000343050042436348,0.000941411398890441,FALSE
"RO60",-0.342445074105088,0.000343070102666231,0.000941411398890441,FALSE
"TTC9",0.57536321952413,0.000343641318274049,0.000942781252901059,FALSE
"ZSWIM8",0.315033203709452,0.000346611744127058,0.000950731396210232,FALSE
"SWAP70",0.227432200399312,0.000348153591931578,0.000954760541593678,FALSE
"MTR",-0.235553154539131,0.000348652641792868,0.000955738462773955,FALSE
"ZNF555",0.284126289793679,0.000348656194485824,0.000955738462773955,FALSE
"MYLK",0.340392116325785,0.000348848623169507,0.000956065768167299,FALSE
"TCTA",0.205772001310491,0.000350266971074801,0.000959752027063896,FALSE
"LRRC75B",0.49766434445835,0.000350525225954606,0.000960258685540427,FALSE
"WDR90",0.551728133436879,0.000351304418584922,0.000962191934751841,FALSE
"AURKAIP1",0.470226587848989,0.000351747022307206,0.000963202680620359,FALSE
"ATPAF2",0.250012814369525,0.000351847450190033,0.00096327620616644,FALSE
"MPRIP",0.264713102621457,0.000351976799244592,0.000963428863832364,FALSE
"GUCY1A1",0.361088352896311,0.000352627567735067,0.000965008385616117,FALSE
"GCNT2",-0.228030249034627,0.000353085544124302,0.000966059758343857,FALSE
"B3GNTL1",0.413334372996445,0.000353230437359884,0.00096625425948926,FALSE
"MTCL1",0.336434395507151,0.000353823122141281,0.00096767334762349,FALSE
"SMAP1",-0.213583684856012,0.000354362297327595,0.000968945529785478,FALSE
"TBK1",-0.234386756004332,0.000355265800837546,0.000971213168629181,FALSE
"MED9",0.227715315717518,0.000355489365175705,0.000971621454881072,FALSE
"ASB9",-0.513198371403287,0.000358031230319375,0.000978359316505794,FALSE
"SLC33A1",-0.25519525137596,0.000358104021134721,0.000978359316505794,FALSE
"TMEM263",-0.514515082595051,0.000359009641195701,0.00098062888014482,FALSE
"ATP9B",0.386318668738115,0.000360591154128637,0.000984743302013373,FALSE
"CCNL1",-0.411503137511696,0.000361180784531313,0.000986147827129083,FALSE
"FERMT1",0.7986326063964,0.000361697300287359,0.00098735218001712,FALSE
"PSTPIP2",-0.369981763325239,0.000361797306021786,0.000987419289230191,FALSE
"F13B",-0.313962246343104,0.000362441288826004,0.000988764607899572,FALSE
"ITGA7",0.824056062104118,0.000362381685768345,0.000988764607899572,FALSE
"LYRM4",-0.26032684543595,0.00036296805410016,0.000989995367558187,FALSE
"NPTXR",0.930137371653309,0.000365005447641775,0.000995344994902335,FALSE
"TSHZ1",-0.25189513820014,0.000365296899212608,0.000995932320802054,FALSE
"STAT3",0.320815913340132,0.00036591294858754,0.000997404189653981,FALSE
"CLUAP1",-0.193150072446613,0.000366337212902523,0.000998352787535353,FALSE
"VXN",-0.515848403999254,0.000367340676661163,0.00100087911318376,FALSE
"HHIP",-0.44975437548888,0.000367830239091437,0.00100200447153248,FALSE
"UNC93A",0.727305936237304,0.000368252100815376,0.00100294497688265,FALSE
"NCAPD3",0.260989326998654,0.0003690365059315,0.00100487228279018,FALSE
"NME6",0.194199060560724,0.000369222520927643,0.00100516973258156,FALSE
"ADAM17",-0.234755095879504,0.000370309996370936,0.0010077111769878,FALSE
"TMEM170B",-0.400129914620809,0.000370248378226592,0.0010077111769878,FALSE
"ARHGEF10L",0.388922350556511,0.000370757514414362,0.00100871932225952,FALSE
"ERLIN2",-0.192842759586087,0.000370961326440388,0.00100906413583161,FALSE
"PLOD1",0.21461237061644,0.000371432956417076,0.00101013715525807,FALSE
"TP53I13",0.627028006285257,0.000373653485889961,0.00101596499216436,FALSE
"EPHB6",0.493988550788374,0.000376181987388324,0.00102262438812584,FALSE
"MPPE1",-0.181770665156159,0.000376258912129712,0.00102262438812584,FALSE
"RNF139",-0.313730878315277,0.00037713935787287,0.00102480458141794,FALSE
"FBLN7",0.335071989338308,0.000378416551161581,0.00102806173226965,FALSE
"ALDH1B1",0.376287079400761,0.00037971001412533,0.00103136172301428,FALSE
"RALGAPA2",0.42489096375852,0.000379952436366745,0.0010318061184222,FALSE
"FMO3",-0.247832020911823,0.00038059590908557,0.0010333392040125,FALSE
"KHSRP",0.279183858242185,0.000381347149552623,0.00103516418866741,FALSE
"KLHL7",-0.3006175071359,0.000381843894661923,0.00103629773402029,FALSE
"AHCTF1",-0.213122165057359,0.00038236715832969,0.00103750276411447,FALSE
"CAPN12",0.877235141349027,0.000383990115436885,0.0010416905493783,FALSE
"ZFYVE27",0.222850190361582,0.000384348610758473,0.00104244707106897,FALSE
"ISCA2",-0.224080303301447,0.000384505857656498,0.00104265755767168,FALSE
"AGTRAP",0.309619737493724,0.000385795016459208,0.00104593670645764,FALSE
"PDCD7",-0.207163755717703,0.000387519584187599,0.00105039469900291,FALSE
"ISOC2",0.456484044760064,0.000388072927137261,0.00105167682924467,FALSE
"PANX2",0.748679411055894,0.000388598189895599,0.00105288234729164,FALSE
"LRRC58",-0.355041393772997,0.000392985883614966,0.00106455021483284,FALSE
"ANKRD6",-0.21272057565579,0.000393390862118225,0.0010653207973004,FALSE
"CCDC159",0.319222250392071,0.000393433093106282,0.0010653207973004,FALSE
"RABGEF1",-0.372004029492562,0.000395873016829932,0.00107170585945771,FALSE
"DENND5A",0.215061253741732,0.00039727523178514,0.00107527958125513,FALSE
"LARGE2",0.601692025109089,0.00039774552706786,0.00107632997940728,FALSE
"THSD4",0.328407258529412,0.000399767115611866,0.00108157699474903,FALSE
"MTA2",0.207045019736906,0.000400181675600598,0.00108247489606674,FALSE
"RAB11FIP4",0.425244267480978,0.000402652381875055,0.00108893306827272,FALSE
"JMJD6",0.295900163666325,0.000403105565848118,0.00108993351261536,FALSE
"CUL3",-0.178556181626732,0.00040382035063134,0.0010916407248535,FALSE
"NDUFA2",-0.418968749937144,0.000404839259362355,0.00109416919561766,FALSE
"MZF1",0.508991372277139,0.000405333227540869,0.00109527814550362,FALSE
"PYROXD2",0.474685876597128,0.00040546179474545,0.00109539946694334,FALSE
"CDIN1",-0.276508636205707,0.00040955898856106,0.0011061459398457,FALSE
"PTK2B",0.258024522595072,0.000409608579007941,0.0011061459398457,FALSE
"IGFALS",0.83516809024746,0.00040985407406203,0.00110658064294083,FALSE
"KRIT1",-0.23100291638771,0.00041055027317549,0.00110818148142937,FALSE
"RIC3",-0.48791406021406,0.000410616282188654,0.00110818148142937,FALSE
"EMC10",0.369870381716305,0.00041083269510817,0.00110853702480547,FALSE
"ZMYND8",-0.328327539836389,0.000410920921865192,0.00110854661221082,FALSE
"FAM13A",-0.291822612212731,0.000412477660535505,0.00111251700282877,FALSE
"BRMS1",0.319297999094268,0.000413004040179803,0.00111324869138027,FALSE
"TCAF2",-0.43717821426749,0.000412987348669934,0.00111324869138027,FALSE
"ZNF331",-0.393446892206838,0.000412973356008299,0.00111324869138027,FALSE
"ZYG11A",-0.398887602790506,0.000413187029914089,0.00111351267921681,FALSE
"HBB",0.688462001125526,0.000413736590383767,0.00111476423982389,FALSE
"PCCB",0.274584374289525,0.000414691679787711,0.00111710771024294,FALSE
"TMED5",-0.285929180419083,0.000416413483719258,0.00112151518799682,FALSE
"NANS",0.211200679234609,0.000416661724447248,0.00112195296101674,FALSE
"FES",0.470303566360506,0.000416806403146503,0.00112211174789102,FALSE
"ZNF569",-0.230856961796405,0.000417007888535941,0.00112242337103465,FALSE
"MYOF",0.503322563093829,0.000417732851167968,0.0011241435739961,FALSE
"SEPTIN4",0.41847800434257,0.000419425179262487,0.00112846577207244,FALSE
"EFCAB13",-0.426113687693754,0.000419536106095684,0.00112853229936402,FALSE
"PPP2R5C",-0.187554820803602,0.000419696029405076,0.00112873057045424,FALSE
"NTN4",-0.438626668542404,0.000420387965349406,0.00113035926111202,FALSE
"ZNF518B",-0.382269672920237,0.000422595480447684,0.0011360616078072,FALSE
"DHX58",0.338365463105276,0.000423398764799744,0.00113798740068944,FALSE
"ANG",-0.336237875659377,0.000423597370946557,0.0011382875165091,FALSE
"GNA15",0.645967272026077,0.000423717202657942,0.00113837587055157,FALSE
"NOLC1",0.173554171432236,0.000424404911157643,0.00113998955619119,FALSE
"CD14",0.413495012832842,0.000424548159946468,0.00114014041231162,FALSE
"BRD2",0.214912544023368,0.00042551393329536,0.00114249967487753,FALSE
"NTF3",-0.464571918756322,0.000425883086373671,0.00114325638031661,FALSE
"DHX40",-0.260290808719918,0.000426676332553132,0.00114499368665466,FALSE
"P4HTM",0.266858096682817,0.000426705178520323,0.00114499368665466,FALSE
"PSMA3",-0.222905388764354,0.000427305585611407,0.0011463698210706,FALSE
"CAPS2",-0.269169065596622,0.00043062026182231,0.00115502570534269,FALSE
"GPSM3",0.347908257475539,0.000431386872372343,0.00115684492689445,FALSE
"TMEM100",-0.6137114534092,0.000431924167393902,0.00115804857659655,FALSE
"INKA2",0.491352294461382,0.000432790404700646,0.00116013349269878,FALSE
"FBXW8",0.303747809558649,0.000433904595267368,0.00116288208009015,FALSE
"ZNF100",-0.451927553803936,0.000434006288879798,0.00116291656447284,FALSE
"AHR",-0.431010672950222,0.000435551455305669,0.00116681801777406,FALSE
"CGRRF1",-0.293119996309295,0.00043580622300095,0.00116726167584461,FALSE
"SCFD2",0.280321965879504,0.000436202636114542,0.00116808445735561,FALSE
"SNTA1",0.344166439533097,0.000438380194377368,0.00117352975298106,FALSE
"USP36",0.250390680589504,0.000438415369831223,0.00117352975298106,FALSE
"FRG1",-0.212217344366319,0.000439089052428956,0.00117509277890431,FALSE
"PACS1",0.324509223920722,0.000440260979170507,0.00117776309582946,FALSE
"UBTF",0.226065038753357,0.000440266772913945,0.00117776309582946,FALSE
"CWC22",-0.172123148764014,0.000442160066615227,0.00118258622923934,FALSE
"MLX",0.157751747636642,0.000442345007892693,0.00118283922453659,FALSE
"IFT81",-0.283919653167744,0.000442653643027889,0.00118342280876478,FALSE
"CBX6",0.319969618129079,0.000443685539643689,0.00118593938036243,FALSE
"POC1B",-0.334944070129815,0.000444004173343021,0.00118654881351436,FALSE
"PXYLP1",-0.342414653651648,0.000447942481709157,0.00119682917766047,FALSE
"ATG3",-0.194075686777541,0.000448631760473518,0.00119842624119961,FALSE
"INAFM1",0.534757843632594,0.000449164283665026,0.00119960399872348,FALSE
"ARPP21",0.59436189356322,0.000449662938966843,0.00120069084172015,FALSE
"TMBIM4",-0.535975736924612,0.00045147853339267,0.00120529301777668,FALSE
"NAALAD2",-0.55152381424413,0.000451580981890395,0.00120532073698452,FALSE
"ABHD15",-0.181645552018943,0.00045261616282901,0.00120783750586168,FALSE
"ANKRD16",-0.248356224021293,0.000453189309981111,0.00120908763025104,FALSE
"SFI1",0.273409095197912,0.000453269331597319,0.00120908763025104,FALSE
"B3GNT3",1.04591515720182,0.000454353596647456,0.00121105334408173,TRUE
"CALM2",-0.36312615624614,0.000454114966526662,0.00121105334408173,FALSE
"HSPA6",0.424524589014501,0.000454376262307476,0.00121105334408173,FALSE
"NUP210",0.350504283854101,0.000454191338380616,0.00121105334408173,FALSE
"USP8",-0.219434823241684,0.000455693595681501,0.00121431723074745,FALSE
"RNF130",-0.185446205639802,0.000457756580337399,0.00121956637154604,FALSE
"CRYZ",-0.306284372561363,0.000458095637437549,0.00121972505294537,FALSE
"ORM1",-0.411269222997867,0.000458026358878972,0.00121972505294537,FALSE
"SEC14L3",0.5192950954955,0.000458046729696512,0.00121972505294537,FALSE
"ZMYND19",0.323553024605058,0.000458565300231991,0.00122072731001164,FALSE
"LHPP",0.324580266568974,0.000459262013645446,0.00122233345855787,FALSE
"MPND",0.378683774093614,0.000460689152772317,0.00122588259920633,FALSE
"POLDIP2",0.200968332326013,0.000461757272396461,0.00122847514940347,FALSE
"PPP1R7",0.19963125752297,0.000462947902167831,0.0012313925101953,FALSE
"LRRK2",-0.427203077803132,0.000465303928025973,0.00123715658523884,FALSE
"MT-ND3",-0.536762739620096,0.000465296851141968,0.00123715658523884,FALSE
"PAXX",0.479227263119389,0.000466355033778754,0.00123969187133097,FALSE
"THOC6",0.321594979415168,0.000466446849845428,0.00123969187133097,FALSE
"CYP21A2",0.685228581975956,0.000467043348920892,0.00124102527381212,FALSE
"SUPT3H",-0.33701241362255,0.00046718934007605,0.00124116129064035,FALSE
"TRMT11",-0.262572119556797,0.000467491559486101,0.00124171221277988,FALSE
"ZNF396",-0.334852134936103,0.000467873979647764,0.00124247589078063,FALSE
"TRAPPC6A",0.496688263969307,0.00046829751287819,0.00124334841585911,FALSE
"BOK",0.405277100736901,0.00046881355279393,0.00124446614622428,FALSE
"LRRC55",0.898944727382921,0.000470880570667042,0.00124969966170138,FALSE
"PALLD",-0.492699334839219,0.000473219303873946,0.00125565203208709,FALSE
"PPM1A",-0.214413511686351,0.000474148491615955,0.00125786262456658,FALSE
"PER3",-0.429210694990605,0.000474948095219676,0.00125972861884441,FALSE
"VPS4B",-0.272424032550753,0.000476675932274113,0.00126405535858471,FALSE
"GRIPAP1",0.257538475803026,0.000479757890130428,0.00127197049363863,FALSE
"ARL2",0.451526464999846,0.000484620741763429,0.00128460310815283,FALSE
"FLCN",0.339379640535234,0.000485843549995237,0.00128758375638414,FALSE
"CDH19",-0.528066500689561,0.000487171867995275,0.00129084276377133,FALSE
"VPS72",0.265242809290228,0.000487334619146851,0.00129101271425953,FALSE
"PUS3",-0.243783931083968,0.000488426650241213,0.00129356728854701,FALSE
"SUGP2",0.322217819838991,0.000488496537929758,0.00129356728854701,FALSE
"NDEL1",0.282384608217578,0.000491092031613042,0.00130017732616339,FALSE
"SHOC2",-0.239669177738488,0.000492105389175702,0.00130259679641898,FALSE
"MESD",-0.133406453688627,0.000492729748512102,0.00130398488858988,FALSE
"TUBD1",-0.241459175981286,0.000492828997001431,0.00130398488858988,FALSE
"ITPRID2",-0.297959730705586,0.000494312390651241,0.0013076455482736,FALSE
"LRP12",-0.581988197152899,0.000497300256708434,0.00131528383047006,FALSE
"MTFR1",-0.254178040769186,0.000497945162453871,0.00131672350370553,FALSE
"SCFD1",-0.22308782917851,0.000498861447612295,0.00131888006303315,FALSE
"LYAR",-0.218397566170768,0.000499291665705032,0.0013197509564729,FALSE
"SUPT4H1",-0.169463257737088,0.000499538759026583,0.00132013755211466,FALSE
"TMEM39B",0.246767218485452,0.000500052068626388,0.00132122738293777,FALSE
"PZP",-0.834970824887216,0.000502367654756658,0.00132707775142739,FALSE
"MYO15B",0.392469034581106,0.000503022951281279,0.00132854074605094,FALSE
"MSS51",-0.533866943225438,0.00050322072350272,0.0013287950205925,FALSE
"LIMD2",0.534112864360684,0.000503832821459044,0.00132987485857698,FALSE
"ZFYVE26",0.239479904324592,0.000503764464165453,0.00132987485857698,FALSE
"RASEF",0.817925957169038,0.000504460928794376,0.00133126435794718,FALSE
"STK38L",-0.328982576740107,0.000504598583804118,0.00133135926222562,FALSE
"SMARCA1",-0.217420484823166,0.000505732687683917,0.00133408268127299,FALSE
"MRPS7",0.219553284097908,0.000506123383693433,0.00133484434716245,FALSE
"LTBR",0.297801551359627,0.000512252726518144,0.00135073770303636,FALSE
"SOX13",0.347171581747647,0.00051254633820556,0.00135123976234136,FALSE
"LLPH",-0.216274989227156,0.000513112312428261,0.00135245951163898,FALSE
"TSPAN32",0.523338873258575,0.000513401979557484,0.00135295062728796,FALSE
"HDAC2",-0.179331380065666,0.000513611696825748,0.00135323089853948,FALSE
"THG1L",-0.210954144840538,0.000513766699008473,0.00135336692624123,FALSE
"CYP4Z1",-0.754764421603159,0.00051425929717626,0.00135411961356227,FALSE
"HNRNPU",-0.168934324173776,0.000514250865007274,0.00135411961356227,FALSE
"PCDHB14",-0.53082962308245,0.000514507089806315,0.00135449966212433,FALSE
"PTPRH",0.387086854854989,0.000520667551394887,0.00137044221609607,FALSE
"ARPC1B",0.23604273273768,0.000520807241850359,0.00137053435383013,FALSE
"LSM4",0.276178737517774,0.000521070833099376,0.00137095244110471,FALSE
"ZNF81",0.45256463494109,0.000521427744281118,0.0013716158384827,FALSE
"L3HYPDH",-0.278314467961039,0.000521600809502166,0.00137179545962281,FALSE
"PPP2R1A",0.249560256689634,0.000522613360990425,0.00137418239045725,FALSE
"SGCD",0.527879767880199,0.000524243032165984,0.0013781907182966,FALSE
"ATG4C",-0.346087445371792,0.000526261546439303,0.00138294182376221,FALSE
"PLD6",-0.406912460836638,0.000526182326559254,0.00138294182376221,FALSE
"GIGYF1",0.422746530268357,0.000526500864683325,0.00138318687510888,FALSE
"MMP7",0.840701171361592,0.000526578859346269,0.00138318687510888,FALSE
"TBCCD1",0.353875504267964,0.000526671751635943,0.00138318687510888,FALSE
"LDHD",0.379595642263747,0.000527229323355903,0.00138437350609215,FALSE
"GPATCH3",0.267974831524537,0.00052760921028438,0.00138509319852478,FALSE
"PLPPR1",-0.446907468869946,0.00052794230883058,0.00138568979695468,FALSE
"DIS3",-0.249936535398988,0.000528298886947575,0.00138634777067902,FALSE
"PPP1CB",-0.574921426227065,0.000529660717692917,0.00138964290902519,FALSE
"NFATC2",-0.30395381490548,0.000530270594508895,0.00139096426033068,FALSE
"GGCT",-0.23384714337647,0.000531626244147657,0.00139409245582057,FALSE
"SPCS1",-0.213191547871835,0.000531676109984121,0.00139409245582057,FALSE
"COL27A1",0.411147508810213,0.00053281668013014,0.0013968033592839,FALSE
"CLTCL1",0.365081666318431,0.000533557996057867,0.00139846672360152,FALSE
"FAM47E",-0.368980706574565,0.00053595795377471,0.00140430651725351,FALSE
"LSM2",-0.294330744151006,0.000536000585603099,0.00140430651725351,FALSE
"ZNF470",-0.226475379869844,0.000537071614226392,0.00140683104710923,FALSE
"CXCL10",0.704651267401201,0.000538195134808231,0.00140949203938975,FALSE
"CDK8",-0.225131506020108,0.000538577401149118,0.00140992908135258,FALSE
"DCTPP1",0.270430104981342,0.000538521834386235,0.00140992908135258,FALSE
"WDR55",0.145599261727055,0.000539984381920235,0.00141332977371046,FALSE
"TNK1",0.393624298256498,0.000540748423055855,0.00141504664294368,FALSE
"MRPL12",0.642055903699815,0.0005410803240619,0.00141563221475188,FALSE
"SIRPA",0.336790714821548,0.000541699751208071,0.00141696965890431,FALSE
"FBN1",0.396199516384344,0.000545727439271722,0.00142722006291358,FALSE
"TVP23B",-0.336720095628985,0.000545983070304298,0.00142760342648769,FALSE
"LZTS1",0.376799417337595,0.000549038340477523,0.0014353055019033,FALSE
"FHL3",0.349821298036636,0.000550725215700979,0.00143942793450933,FALSE
"STRADB",-0.238603810267756,0.000551929196858959,0.00144228683538473,FALSE
"MRRF",-0.145715359798674,0.000553786351812364,0.00144685111114098,FALSE
"SLC2A12",-0.380541703534152,0.00055483110368788,0.00144929146238662,FALSE
"ZNF502",-0.360973670156269,0.00055667310531736,0.00145381294530518,FALSE
"ZFHX3",-0.3166183394848,0.00055804486812799,0.0014571047892963,FALSE
"NDUFAB1",-0.29808373603736,0.00055849492891223,0.00145798915440058,FALSE
"RNF207",0.386947962701286,0.000561875229760117,0.00146652123365619,FALSE
"AMOT",0.349265625995758,0.000563017370350589,0.00146920937066572,FALSE
"PHF20L1",-0.244796248369226,0.000564163332727118,0.00147190640734624,FALSE
"A1CF",-0.293133886744804,0.000564790224949491,0.00147301497603271,FALSE
"HHIPL1",0.399332850897901,0.000564813258454338,0.00147301497603271,FALSE
"NBPF1",0.37289197873439,0.000567128434667258,0.00147875830843731,FALSE
"PRMT3",-0.241778766288428,0.000569177074276648,0.00148380451143566,FALSE
"PPWD1",-0.180109767657096,0.000573264260901697,0.0014941619955654,FALSE
"RELCH",-0.207457435821282,0.000573761485645754,0.00149516030455299,FALSE
"TPD52L1",-0.172810554417554,0.000574088578407052,0.00149571495890649,FALSE
"MMP2",0.467336874685523,0.000575377385305469,0.00149877451818926,FALSE
"PPP3CA",-0.418532451769832,0.000576287491703398,0.00150084659665424,FALSE
"USF2",0.2498055370722,0.000576630695186514,0.00150144173854054,FALSE
"NKD1",0.486228740033831,0.000576856142658918,0.00150173008941948,FALSE
"GDAP2",-0.203450429724221,0.000578697939296632,0.00150622533226074,FALSE
"DGUOK",-0.280813596854573,0.000583113292019671,0.00151741586545846,FALSE
"RAB6A",-0.279544095517686,0.000583305325507314,0.00151761393512356,FALSE
"FNDC3A",-0.313911555484479,0.000584584123942539,0.00152063885369675,FALSE
"ZNF428",0.316470109509067,0.000584986839926658,0.0015213841295828,FALSE
"BAIAP2L2",0.740496048281866,0.000585239612363465,0.0015217392264275,FALSE
"LINS1",-0.259195009131119,0.000586462473469767,0.00152461610458026,FALSE
"SARS2",0.400313624068913,0.000586997722823353,0.00152570462322877,FALSE
"APBB2",-0.242987777154911,0.000587790991297282,0.00152746321120762,FALSE
"SERPINA10",-0.211995402478133,0.000592434941939945,0.00153922569158122,FALSE
"USP33",-0.295005088914319,0.000594470953485017,0.00154420907202894,FALSE
"PPTC7",-0.215966102872467,0.000597745338746758,0.00155240666035956,FALSE
"PFKFB2",0.27740493396195,0.000598888847876075,0.00155506798817802,FALSE
"TCEA3",-0.286226901290338,0.000603181442544896,0.00156590351889704,FALSE
"VPS37D",0.631218360915983,0.00060397832931007,0.00156766143682146,FALSE
"ARHGAP9",0.214099313220209,0.000605103975622796,0.00157027180353888,FALSE
"AP4M1",0.252124257456063,0.000605633106504349,0.00157133345825504,FALSE
"C17orf107",0.394368774716183,0.000605837546277001,0.00157155243825213,FALSE
"CD47",-0.300691005019131,0.000606247954605348,0.00157220038095455,FALSE
"ZMYM5",-0.306320402411025,0.000606327507137145,0.00157220038095455,FALSE
"RNF167",0.205810541697871,0.000607133856797276,0.00157397949568117,FALSE
"MEI4",-0.595025941341527,0.000607794056938686,0.00157537909195036,FALSE
"EIF4A3",0.196828251704272,0.000608884048074813,0.00157789191555729,FALSE
"TACSTD2",0.794658387570495,0.000609122787183848,0.0015781982049893,FALSE
"LMBRD2",-0.328891887391255,0.000610407400974378,0.00158121363149121,FALSE
"FBXO44",0.372209125449152,0.000613957139343963,0.00159009433596264,FALSE
"MAPKAPK2",0.257973199589481,0.000615995564901165,0.00159505813601386,FALSE
"RRAGC",-0.344848248358899,0.000618338893357917,0.00160080933198376,FALSE
"MACROD2",-0.335802117072985,0.000620931684897671,0.00160690128969596,FALSE
"SALL4",-0.501103207607843,0.000620937490419483,0.00160690128969596,FALSE
"DTD1",0.252852899633333,0.000622405068788847,0.00161038086177541,FALSE
"DEPP1",-0.701927591331668,0.000622615311394865,0.00161060653166994,FALSE
"TMEM171",0.516392244202954,0.0006230977906043,0.00161153620596434,FALSE
"ABI3",0.3445631367287,0.000624401443532617,0.00161458891936185,FALSE
"PLK3",0.396628420406825,0.000625199887459679,0.001616334306205,FALSE
"ARF5",0.211259106005831,0.000625336918931502,0.00161636938650567,FALSE
"XPNPEP3",-0.132916819015119,0.000626001108036457,0.00161776677978944,FALSE
"GRSF1",-0.170394027027943,0.000627337868189994,0.00162090139537071,FALSE
"CHPT1",-0.251917248468169,0.000628688056386119,0.00162374906967983,FALSE
"HIBADH",-0.216785417437391,0.000628582510668936,0.00162374906967983,FALSE
"P3H2",-0.365937202763144,0.00063223653989611,0.00163218877317557,FALSE
"RITA1",0.314377196665066,0.000632329778303276,0.00163218877317557,FALSE
"TARBP2",0.286948158804165,0.000632103477272374,0.00163218877317557,FALSE
"EIF2B2",0.21853372332265,0.000632605367480558,0.00163257825173575,FALSE
"C15orf40",-0.228622736835149,0.000633196938052538,0.0016337828760315,FALSE
"BMP10",1.11118432863385,0.000633651893414806,0.00163463459873628,TRUE
"HINT2",-0.346289442798668,0.000634559943673231,0.00163665460649526,FALSE
"TLR10",-0.584468701233646,0.000636283367817599,0.00164077641352531,FALSE
"GINS2",0.548277690722624,0.000637607838690085,0.00164386802365707,FALSE
"HYDIN",-1.08773412192206,0.000637826380912912,0.00164410769421379,TRUE
"FBRS",0.396963029392299,0.000643798007369817,0.00165917391978064,FALSE
"POLR3A",0.194731551261135,0.000645335906701054,0.00166281001584928,FALSE
"ANKMY1",0.3279033088424,0.000645487055919944,0.0016628722030901,FALSE
"NUP42",-0.203315774501725,0.000647283103566896,0.00166717103913,FALSE
"BROX",-0.350007960274634,0.000648814991626101,0.00167078793673661,FALSE
"WHR1",0.371878940797368,0.000649367637908497,0.00167188222527002,FALSE
"RPS27A",-0.275724528098321,0.000650338345322764,0.00167405222512104,FALSE
"KDM7A",-0.290752775620761,0.0006508923472387,0.00167514893061707,FALSE
"SEMA4A",0.44472287136779,0.000652859543051789,0.00167988151289977,FALSE
"TMED9",0.217527114835593,0.000653144548115929,0.00168028461857609,FALSE
"SF3A3",0.114618245289247,0.000653787718311695,0.00168160880317028,FALSE
"COPS7A",0.171421717026441,0.000654227641268313,0.0016821494451498,FALSE
"HBEGF",-0.486747490570245,0.000654254886549252,0.0016821494451498,FALSE
"MAK16",-0.224723538737632,0.000656714505351351,0.00168814182290593,FALSE
"B3GALNT2",0.534108135499999,0.000658026626282682,0.00169118268380308,FALSE
"CHML",-0.377637476572633,0.000664976558910472,0.00170870914803845,FALSE
"SLCO2A1",0.771012441559723,0.000665382137305947,0.00170941580486842,FALSE
"UBR2",-0.120722197074131,0.000665645253113965,0.00170975625932274,FALSE
"ZSCAN30",-0.255196779774801,0.000665844226833563,0.00170993185910259,FALSE
"MAPK11",0.470671535008158,0.00066710292937609,0.0017128283097454,FALSE
"EDEM2",0.197415971815572,0.000667321182477026,0.00171305272960573,FALSE
"RRN3",-0.237777913206445,0.000667821532889015,0.00171400107990256,FALSE
"CGNL1",0.294084718688053,0.000669056052358717,0.00171683297480994,FALSE
"TUBG2",0.407361675780351,0.000670692451986002,0.00172069480333152,FALSE
"TGFBRAP1",0.150442113362728,0.000671512614012602,0.00172246143077057,FALSE
"RMND1",-0.17289344166648,0.00067199336706428,0.00172335693665143,FALSE
"SOCS6",-0.38519523580379,0.000673521711295829,0.0017269381598678,FALSE
"ACRBP",0.461357384188286,0.000675328823186206,0.00173123261271859,FALSE
"MFAP3L",-0.336646011689482,0.00067646097746214,0.00173379544184306,FALSE
"DAB1",-0.295722919630022,0.000678337618157476,0.00173826504147929,FALSE
"MRPS35",-0.242900701084448,0.00068035173459999,0.00174308510946831,FALSE
"FAM124B",-0.494440813418062,0.000681423178856787,0.00174514715524121,FALSE
"PRLR",-0.447658775190895,0.000681293236677673,0.00174514715524121,FALSE
"RAB8A",0.207973801414938,0.000682857606633402,0.00174847873773606,FALSE
"ERCC1",0.242397450630925,0.000686768247556914,0.00175814820043315,FALSE
"MAST3",0.424894344264456,0.000687765277794175,0.00176035640603741,FALSE
"EYA2",1.08911270277145,0.000688458124961591,0.00176178533463588,TRUE
"PGBD2",-0.251062502796508,0.000689136272839203,0.00176317609615221,FALSE
"ARHGEF37",0.52628879871827,0.000689843744654455,0.00176429660187852,FALSE
"GNPDA1",0.192112721488698,0.000689715625874682,0.00176429660187852,FALSE
"NGEF",0.388362996729524,0.00069172422929472,0.00176841507711901,FALSE
"PPP2R5E",-0.274444583494966,0.000691642104529748,0.00176841507711901,FALSE
"LUM",0.60960571558786,0.000692818134907152,0.00177086587704108,FALSE
"MOV10",0.243313489580372,0.00069783804265337,0.00178334875159436,FALSE
"AIMP2",0.277177538022732,0.00069829487605009,0.00178416793857295,FALSE
"PTGFRN",0.270986954099557,0.000699573025324646,0.00178708488732688,FALSE
"SERTAD2",-0.224048499540163,0.000699719206981342,0.00178710960940299,FALSE
"TRMT2A",0.427446058891144,0.000701533559031569,0.00179139406179858,FALSE
"ADO",-0.332797446986595,0.000703610667868458,0.00179634767233499,FALSE
"KANK1",-0.223726922817366,0.000704315821692363,0.00179779737523814,FALSE
"PEF1",0.177448823569626,0.000706919669721016,0.00180409206939328,FALSE
"BLVRA",0.334756780044107,0.000707165900165507,0.00180436873220948,FALSE
"ATG16L1",0.181117914865836,0.00070823332311775,0.00180674019217802,FALSE
"MRPS17",-0.250492157353361,0.0007091297452524,0.00180867458111132,FALSE
"PPM1M",0.292814156348712,0.000710995562598124,0.00181308023091832,FALSE
"MTG1",0.366258862054208,0.000711886454590628,0.00181499853232726,FALSE
"LAX1",0.483513484082271,0.00071375168766093,0.00181939974588335,FALSE
"TBP",-0.216901985036254,0.00071587923322722,0.00182446776745392,FALSE
"CIITA",0.365815926218911,0.000718939307865303,0.00183190996858166,FALSE
"ALG6",-0.328688501101851,0.000719446357302913,0.00183284524417391,FALSE
"ALKBH4",0.298389295994872,0.000721891544083198,0.0018387167500267,FALSE
"ZNF384",0.212274311916239,0.000722738209984299,0.00184051520037239,FALSE
"COA3",-0.339614580142299,0.000723684601838547,0.00184256686255742,FALSE
"CD53",0.289011970581387,0.000725394131550073,0.00184656036753909,FALSE
"NUMBL",0.458808921876574,0.000725865936458664,0.0018474021850927,FALSE
"ARIH1",-0.142914854803218,0.000727775579343252,0.00185190240714516,FALSE
"EML3",0.308016455302406,0.000729901250908575,0.00185695048132434,FALSE
"ZNF33B",-0.184796801546603,0.000730149442635569,0.00185722100310567,FALSE
"KYAT3",-0.280355112730695,0.000730523320617464,0.00185781105546306,FALSE
"CNOT3",0.38182941136136,0.000730889397588407,0.00185838104354776,FALSE
"COMMD5",0.271295753902508,0.000731582209279023,0.00185978141434582,FALSE
"CRPPA",-0.212081304397231,0.000732346291707989,0.00186136238614657,FALSE
"BLTP3B",-0.191345583354071,0.00073296741520148,0.00186251430604839,FALSE
"CDC42BPG",0.67607898738508,0.000733084037508964,0.00186251430604839,FALSE
"PRDX2",0.297195648056957,0.00073377688652794,0.0018639128828917,FALSE
"PIEZO2",0.419557894963967,0.000734832894315827,0.00186597722136318,FALSE
"ZNF207",-0.169092962020079,0.000734874622162279,0.00186597722136318,FALSE
"LAGE3",0.387915110441656,0.000737539763591858,0.00187201833752319,FALSE
"SNRPA1",-0.230915624733552,0.000737427752327081,0.00187201833752319,FALSE
"HARBI1",0.462416994881916,0.000738838404619231,0.00187495103571913,FALSE
"RRAGD",-0.379508216450742,0.00073916735338412,0.00187542228498157,FALSE
"SLC25A47",0.495551666158359,0.000740677891152687,0.00187889070935303,FALSE
"ILF2",0.19953793762847,0.000742820734819975,0.00188396146072513,FALSE
"LYSET",-0.364886411566445,0.000743029734073191,0.00188412653079338,FALSE
"RPA2",0.216690224510184,0.000744181953202802,0.00188668282945993,FALSE
"BPNT2",-0.224225109830149,0.000744591257084458,0.00188698968984702,FALSE
"DNASE1L1",0.49996140033061,0.000744493267649226,0.00188698968984702,FALSE
"MAPKAP1",0.192683904556165,0.000744916343823014,0.0018874481852779,FALSE
"NEK4",-0.188925587640876,0.000747444036575825,0.00189348632485501,FALSE
"DCTD",-0.163201228441034,0.00074799197647039,0.00189450782664932,FALSE
"SH3KBP1",0.21950336658104,0.000748400060215138,0.00189517477530688,FALSE
"CSNK1E",0.265019842556647,0.00074902051902695,0.00189637915975649,FALSE
"MLXIP",0.370460281117284,0.000749178349693988,0.00189641201743884,FALSE
"ISG20L2",0.180834103135631,0.000751689704390352,0.00190240123910274,FALSE
"PLPP6",-0.209017319502053,0.000752627599450636,0.00190440675145105,FALSE
"EVI5",-0.19150976665234,0.000753070712054707,0.0019051597608155,FALSE
"COL4A5",0.631623907660306,0.000756068379699133,0.00191237388466404,FALSE
"SNX27",-0.127121913228642,0.000757364048775984,0.00191528107525115,FALSE
"ANGEL1",0.225875918325314,0.000760598960963816,0.00192309030454582,FALSE
"IRAG2",-0.474674217184551,0.000760902936685693,0.00192348740048061,FALSE
"RNF43",0.268628767470813,0.000761960988864382,0.00192579020583253,FALSE
"HPGD",-0.418485228583689,0.000763585233938451,0.0019295228493963,FALSE
"SLC6A16",-0.436948385596258,0.000766875296659739,0.00193746263679454,FALSE
"ANGPTL6",0.312865317662424,0.000767163421214449,0.00193781661403426,FALSE
"TYK2",0.264181481754708,0.000767874213091404,0.00193923788537667,FALSE
"NCAPG2",0.333183370235556,0.000768114370088494,0.00193947026676925,FALSE
"PITPNC1",-0.262733873959694,0.000769023689063967,0.00194139185060267,FALSE
"ANP32B",-0.232467875205717,0.000771918859764904,0.00194832498786237,FALSE
"AADAC",-0.298098403639675,0.000774745465456566,0.00195508242747829,FALSE
"FGFR3",0.408113285945018,0.000776033764531576,0.00195795606961792,FALSE
"CAMTA2",0.389094290103202,0.000777762831356366,0.00196194046013825,FALSE
"PMM2",0.363804990065153,0.000778212445332845,0.00196269646201071,FALSE
"SIRT4",0.377455046620029,0.000779239189531035,0.00196490744786986,FALSE
"HLA-C",0.318190536268929,0.00077944663771288,0.00196505206642346,FALSE
"ABCG2",-0.371163797677183,0.000783540661096937,0.00197499313343879,FALSE
"AGXT2",-0.229039019128421,0.000784040868546486,0.00197587354206171,FALSE
"TNFRSF10C",0.705109319700632,0.000784238945240709,0.00197599235394368,FALSE
"ARHGAP5",-0.215667544132708,0.000784452843975521,0.00197615097812729,FALSE
"PHF3",-0.195238722439625,0.000784911323289675,0.00197692555685041,FALSE
"C12orf60",-0.29598156617409,0.000787351795067669,0.00198269084459048,FALSE
"DUSP28",-0.271695244728601,0.000787870617809964,0.00198361579391693,FALSE
"VIP",-0.857476832700184,0.000790554033595326,0.00198998911898289,FALSE
"ZC2HC1A",-0.593476391032731,0.000791600370614632,0.00199223991774063,FALSE
"PCDH1",0.418772295556977,0.000792306897279503,0.00199363480668523,FALSE
"DCAKD",0.198673751024644,0.000794353329345583,0.00199840003608616,FALSE
"GSTM3",-0.757441679532672,0.000795761721769886,0.00200155859008864,FALSE
"ABCC4",0.62229462278483,0.000797399027183516,0.00200529159890253,FALSE
"MTMR14",0.169260803142607,0.000801080046643037,0.00201416169976006,FALSE
"AIP",0.330314350873273,0.000801239925074822,0.00201417686234247,FALSE
"SHANK3",0.398901028165034,0.000803125036268123,0.00201852811956657,FALSE
"REX1BD",0.493600535140684,0.000803597483133612,0.00201932787892231,FALSE
"EEF1B2",-0.217875205141425,0.000806580081738362,0.00202643378048717,FALSE
"PLEK",0.217638307347069,0.000809486096220489,0.00203334458398286,FALSE
"BIRC2",-0.233740325700454,0.000809890223308849,0.00203396946164578,FALSE
"ATP7B",0.33126122720718,0.000811290115634482,0.00203679169391115,FALSE
"SCTR",0.861658764045112,0.000811368761220921,0.00203679169391115,FALSE
"TSPAN31",-0.167323403683383,0.000811480711536858,0.00203679169391115,FALSE
"CHTOP",-0.184557796561465,0.000811810659089262,0.00203722927904861,FALSE
"LDB2",-0.420279100868083,0.000812845331424478,0.00203904408488394,FALSE
"SGPL1",0.160475739960605,0.00081271034395699,0.00203904408488394,FALSE
"PILRB",0.807151657036891,0.000813839144205896,0.00204114599156008,FALSE
"BCL9",0.274449676314064,0.000816492103725241,0.00204740751234837,FALSE
"PSMA4",-0.205183746914589,0.000817387886976634,0.00204926124402491,FALSE
"NGFR",0.312151463660876,0.000817880428796554,0.00205010349871807,FALSE
"ERICH3",-0.461439457983169,0.000818387344328272,0.00205098145328211,FALSE
"CHD8",0.204020909795544,0.000819735623351016,0.00205396723079646,FALSE
"RAPGEF6",-0.60793285107491,0.000823114385748494,0.00206203856452722,FALSE
"MED13L",-0.219491727556165,0.000823559249762974,0.00206275831220525,FALSE
"DMPK",0.45701074876943,0.000825334976369339,0.002066810541436,FALSE
"PIK3R5",0.304264298707341,0.000826253199642647,0.00206871426462451,FALSE
"RNMT",0.190483778234775,0.000827185370395375,0.00207065217384632,FALSE
"IL13RA1",-0.189326313301641,0.000827714866306635,0.00207158153884276,FALSE
"SLC12A6",-0.200124167284073,0.000829172183944389,0.00207483223092506,FALSE
"CYSLTR1",-0.435055927636583,0.000830398285104492,0.00207739969315699,FALSE
"PAIP2",-0.226243285549362,0.000830515581575289,0.00207739969315699,FALSE
"LRCOL1",0.689093011586705,0.000830999113649314,0.00207821211000894,FALSE
"F10",0.307222314581685,0.000834374563730009,0.00208625511618665,FALSE
"UBASH3A",0.478009160697498,0.00083537776206557,0.00208836464788284,FALSE
"PHTF2",-0.569436534373242,0.000836577333784789,0.00209096419509554,FALSE
"DTX2",0.4836645365951,0.000839287043560612,0.00209733650969565,FALSE
"CCDC28B",0.475334303330353,0.000840077810432282,0.00209891196453806,FALSE
"MROH6",0.681120643663309,0.000841886173301174,0.00210302876948273,FALSE
"ADRA2A",0.777317701248626,0.000842443013772556,0.00210401830147087,FALSE
"UHMK1",-0.266992878363747,0.000842620894546963,0.00210406117707588,FALSE
"NINL",0.430365160367547,0.000843175755223303,0.00210504519210211,FALSE
"SIT1",0.586618100209657,0.00084364680909474,0.00210581964245345,FALSE
"TMEM59",-0.248028055438066,0.000843905464473523,0.00210606373253667,FALSE
"SHROOM1",0.351335406941013,0.000847127676130464,0.00211370221762913,FALSE
"RNF44",0.304799952586247,0.000849167563682318,0.00211838828958249,FALSE
"DNASE2",0.236137209220296,0.000851074474629692,0.00212274090719221,FALSE
"UBE2D3",-0.314981432128164,0.000851768461496706,0.00212406718055521,FALSE
"FIRRM",-0.352106354861691,0.000853985774862608,0.0021291909663876,FALSE
"ARAF",0.288139938802746,0.000854775452516594,0.00213034841506706,FALSE
"NDUFB6",-0.294120509688024,0.000854628518997184,0.00213034841506706,FALSE
"ZNF618",0.26168145122361,0.0008556296982737,0.00213207156638738,FALSE
"MAGED1",0.297332888801815,0.00085650188251725,0.00213383875279084,FALSE
"SARM1",0.333520858454523,0.000857361101371589,0.00213557297168129,FALSE
"ORMDL1",-0.3108939819877,0.000859428614753148,0.0021403156599483,FALSE
"FZD6",-0.410244938252112,0.000860001679943195,0.00214133548760295,FALSE
"DEPTOR",-0.267802528372945,0.000862657766496691,0.00214754049799861,FALSE
"SP100",-0.165982877625975,0.000863279579747614,0.00214867989696878,FALSE
"STIL",0.442927120124624,0.000869261149584943,0.00216315661858317,FALSE
"MSRB2",-0.281143449295098,0.000870643013406991,0.00216618364339117,FALSE
"MT-ND2",-0.480511014123024,0.000872660486803207,0.00217079063143218,FALSE
"CALU",0.259842862292248,0.000873230891041813,0.00217179688934639,FALSE
"FAM118A",0.578982246444398,0.000878035646022471,0.00218333194258807,FALSE
"PSMD9",0.28856124332564,0.000878673821610631,0.00218450392566015,FALSE
"SSBP3",-0.278979893442919,0.000879558904690109,0.00218628919312757,FALSE
"BACH2",-0.670681964773472,0.000880384015088476,0.00218792473909232,FALSE
"ELP2",-0.148690638201608,0.000880870290373505,0.00218871775319224,FALSE
"FOLR2",0.607705905282073,0.000882309737321098,0.00219187838349295,FALSE
"DRAM2",-0.327735993217756,0.000882761296007905,0.00219258411825754,FALSE
"APOL2",0.254772764413028,0.000884040185342996,0.00219534410214539,FALSE
"PM20D2",-0.346388643631542,0.000885262767772573,0.00219754648382225,FALSE
"ZNF341",0.414722296777617,0.000885252744317961,0.00219754648382225,FALSE
"RTL9",1.04816186618373,0.000887369771296447,0.00220235925039111,TRUE
"JMJD1C",-0.278678460161879,0.000890663811106175,0.00221011573445831,FALSE
"ADAMTSL4",0.419743852745682,0.000893711196920596,0.00221656949887142,FALSE
"DCAF10",-0.217168804319392,0.000893772562216789,0.00221656949887142,FALSE
"NEURL2",0.561782312202082,0.000893728126071771,0.00221656949887142,FALSE
"RPA1",0.179281061662322,0.000899084219222703,0.0022293201890272,FALSE
"ADAT1",0.260773802608411,0.000900897739835808,0.00223339390455035,FALSE
"CCHCR1",0.252408399690727,0.000901912490861675,0.00223548624202216,FALSE
"FGB",-0.310512093229989,0.000902685081189421,0.00223697767990382,FALSE
"INPP5E",0.280678087060311,0.000906643199159293,0.00224636123455592,FALSE
"SERPINI1",-0.438502196401831,0.000908109099313401,0.00224956751716387,FALSE
"PCED1A",0.330895184982075,0.000908582314317152,0.00225031397257665,FALSE
"UBE4A",-0.140154947913851,0.000909148326083327,0.00225128993476129,FALSE
"CCDC7",-0.383436794195639,0.000916798826171338,0.00226937610743716,FALSE
"FAM216A",-0.331544252754278,0.000916753312520109,0.00226937610743716,FALSE
"ZNF606",-0.171121578993071,0.000917561828751491,0.00227083543705379,FALSE
"LYPLA1",-0.463372771522613,0.000920916703704763,0.00227870751935414,FALSE
"NUTF2",-0.214189449986331,0.000922817415442486,0.00228297913888379,FALSE
"INTU",-0.34785958945353,0.000926773114741593,0.00229191139610115,FALSE
"LINC02798",-0.566908797902782,0.000926778103495226,0.00229191139610115,FALSE
"ADM2",0.624527409062807,0.000931760228809051,0.00230379696233581,FALSE
"PLEKHA5",-0.198488646575559,0.000933250754117525,0.00230704661497482,FALSE
"DCN",0.352157251728263,0.000934037601681513,0.0023085558393835,FALSE
"RB1CC1",-0.34353597036415,0.000934424100197212,0.00230907518304679,FALSE
"COPG2",0.295187430380143,0.000935253703920105,0.00231068909071938,FALSE
"B4GALT1",-0.185227868114111,0.000939543300309112,0.00231997376228723,FALSE
"PHLPP1",-0.214853359978226,0.000939499474625011,0.00231997376228723,FALSE
"USP51",-0.330031931166065,0.000939381531554263,0.00231997376228723,FALSE
"EXOSC10",0.18470685151441,0.000943639633702538,0.00232964927106046,FALSE
"GTPBP3",0.287007982248133,0.000944140902316611,0.00233044734033354,FALSE
"GATAD2A",0.253545980033473,0.000946926305983331,0.00233688203542578,FALSE
"NCOA5",0.203255055899781,0.000948445365122555,0.00234018973241321,FALSE
"NUP107",-0.201990727691808,0.000949253468719448,0.00234174230496985,FALSE
"UBAP1",0.150258724453939,0.000951283950666875,0.00234630924682192,FALSE
"ZC3H11A",-0.168054648767475,0.000953423521310906,0.00235114348107033,FALSE
"DERA",-0.192730612512012,0.000953931769219757,0.00235195380840397,FALSE
"SIRT7",0.374946127350289,0.000956738634716946,0.0023584300895715,FALSE
"SNX24",-0.209358033083847,0.000958355820442254,0.00236197183758095,FALSE
"MSANTD2",-0.40251717290461,0.000962760611933696,0.00237238131591115,FALSE
"NEMF",-0.17625129760325,0.000963410262063967,0.00237353540665063,FALSE
"TXNL4B",0.167633940670397,0.000963977453188856,0.00237448594866388,FALSE
"HSF1",0.32119654656388,0.000967548236988463,0.00238283324278649,FALSE
"RUFY3",-0.177263658448951,0.000967807967866495,0.00238302462202523,FALSE
"RAE1",0.156783460710261,0.000969944385970068,0.00238783600998874,FALSE
"ZNF527",-0.222013767983869,0.000971077744731461,0.00239017669374399,FALSE
"COX6C",-0.318960262573285,0.000972269478339465,0.00239266015233464,FALSE
"ACSF2",0.287391215806152,0.000973012946440257,0.0023940397471896,FALSE
"MAP3K7",-0.212828904863008,0.000974575624760767,0.0023974340622638,FALSE
"PROX1",-0.342684611141509,0.000977462811100395,0.00240408474975134,FALSE
"RAD21",-0.333528522050249,0.000978690872632214,0.00240665306245322,FALSE
"ANKS4B",0.201604411998848,0.000980231025303528,0.00240974315328449,FALSE
"FBLN5",0.426774270561047,0.000980499677478345,0.00240974315328449,FALSE
"RPAIN",-0.306360597676763,0.000980486792949511,0.00240974315328449,FALSE
"ARHGEF17",0.390590838097672,0.000989323037645002,0.00243097169835743,FALSE
"IRS1",-0.315104490096382,0.000992315545773239,0.00243786735321134,FALSE
"PLEKHB2",0.166128720849025,0.000993836923743608,0.00244086152705822,FALSE
"TRIM35",0.287653134264188,0.000993907180014313,0.00244086152705822,FALSE
"LIAT1",-0.720649184148575,0.000997171383684422,0.00244841855873902,FALSE
"KLHL20",-0.177985608644879,0.000997960159806968,0.00244989582077495,FALSE
"CASD1",-0.454808057501355,0.000998412196936776,0.00245054602217778,FALSE
"AGPAT5",-0.347691106657315,0.00100129739886,0.00245716692518745,FALSE
"TXNRD1",0.331760945094408,0.00100810352729481,0.00247340543091148,FALSE
"PIGU",0.221400198270516,0.00101566085258593,0.00249148058498313,FALSE
"COL28A1",-0.476834696864281,0.00101602912860521,0.00249191707600214,FALSE
"ALPK1",-0.206241457397201,0.00101845181715604,0.00249739112009868,FALSE
"SSBP2",-0.427921107427025,0.00101914293878872,0.00249861785667077,FALSE
"NPHP4",0.630525488485561,0.00101941049336079,0.00249880587513191,FALSE
"TIGAR",0.582264729423513,0.00101963144895868,0.0024988796199489,FALSE
"ORMDL2",0.247553228631425,0.00102023335939794,0.00249988679416766,FALSE
"SSB",-0.195708570502247,0.00102253044906799,0.00250504652679605,FALSE
"SEC13",0.180541333833947,0.00102460589254779,0.00250966143035279,FALSE
"IFT140",0.352762370469359,0.00102598971452653,0.00251258087216262,FALSE
"TRMT12",0.214023645298917,0.00102623613457108,0.00251271432089109,FALSE
"UBOX5",0.329109592740466,0.00103089583871425,0.00252317971965732,FALSE
"WEE1",-0.305957086372808,0.0010307735083128,0.00252317971965732,FALSE
"PALM3",0.435032897614243,0.00103339626908729,0.00252882690745622,FALSE
"PIK3C2B",0.288543128449848,0.00103822268409712,0.00254016284436545,FALSE
"ILRUN",0.23852873830865,0.00103963542550593,0.0025431440565627,FALSE
"SKP1",-0.222509926006829,0.00104000150935183,0.00254356431168208,FALSE
"ZNF544",0.291125285242466,0.00104275908406351,0.00254983226159123,FALSE
"STAMBP",-0.138743534545975,0.00104312810554371,0.00255025829276904,FALSE
"SPTBN5",0.599546425753579,0.00104449360509478,0.00255311991745722,FALSE
"VIPAS39",0.131861153946898,0.00104923349019147,0.00256422715206026,FALSE
"DUSP6",-0.51388394331848,0.00105337214271464,0.00257386115946622,FALSE
"SYNE4",0.418310093008107,0.00105373585574896,0.0025742694203145,FALSE
"AK3",-0.228657560300633,0.00105594654143085,0.00257827529103016,FALSE
"SRRT",0.308053563760595,0.00105588858567299,0.00257827529103016,FALSE
"TRUB1",-0.364910451572857,0.00105596640013013,0.00257827529103016,FALSE
"DENND2A",0.271368856597971,0.00105684509477791,0.00257993958247854,FALSE
"CCNE2",-0.63378502536776,0.00105828970097415,0.00258298448269083,FALSE
"MTERF3",-0.232027623310829,0.00105938783642009,0.0025851827687627,FALSE
"RHOC",0.290665636161179,0.00106054613826039,0.00258752702983694,FALSE
"FBXL8",0.446793809887314,0.00106094452222743,0.00258801671045304,FALSE
"YES1",-0.257106535165897,0.00106252361870929,0.0025913858450339,FALSE
"RABGAP1L",-0.256279802028511,0.00106754293667759,0.00260314250828516,FALSE
"ZSWIM7",-0.282021882563858,0.00106989483122907,0.00260839164440427,FALSE
"ABHD17B",-0.209982481567752,0.00107017060905746,0.00260857821891273,FALSE
"BOLA3",-0.280233938442972,0.00107176111095838,0.00261148268465794,FALSE
"RPS5",0.323207987270585,0.00107173386248593,0.00261148268465794,FALSE
"ITGAL",0.23936135231202,0.0010735621228109,0.00261538431556388,FALSE
"ATM",-0.271288024510026,0.00107451027692578,0.0026172071712581,FALSE
"TBKBP1",0.400989990748603,0.00107498370568264,0.00261787326540125,FALSE
"CYB5R4",-0.23467602709783,0.00108359234032149,0.00263834683271135,FALSE
"RPRD1B",-0.125716444269636,0.00108400296209015,0.00263885585341842,FALSE
"LIPA",0.442657987574563,0.00108718361033464,0.00264610667902977,FALSE
"CDK14",-0.26098229556269,0.00108835552621483,0.00264846664483356,FALSE
"SIRT6",0.496853927876613,0.00109179327892153,0.00265633852585778,FALSE
"CX3CR1",0.452935486373448,0.00109407446003741,0.00266139405997951,FALSE
"TRIM3",0.281762252838487,0.00109534928391094,0.00266400015325321,FALSE
"NECAP2",0.188021233187212,0.00109998858710655,0.00267478651233265,FALSE
"STRN",-0.266703727535832,0.00110144440078207,0.00267782917270917,FALSE
"CCR7",0.381602146479609,0.00110795441721803,0.00269315618830644,FALSE
"FMO5",-0.338148296559092,0.00111311700122778,0.00270520285503511,FALSE
"UTP3",0.166121167616245,0.00111416556829333,0.0027072486303074,FALSE
"FEM1C",-0.461157727064376,0.00111851042897252,0.00271730163965637,FALSE
"IQGAP1",0.300065992283392,0.00111991875794087,0.00272021825212651,FALSE
"RGS7BP",0.822769421714882,0.00112037394255966,0.00272081907920442,FALSE
"GPN3",-0.326046539755519,0.00112085433049259,0.0027214808781174,FALSE
"TMEM9",0.235334542387262,0.0011210728602062,0.00272150674686066,FALSE
"NTAQ1",-0.261438517642695,0.00112135822132655,0.00272169481527756,FALSE
"TNRC6A",-0.234258669777588,0.00112298849520833,0.00272514650218117,FALSE
"SLF1",-0.488401936248879,0.00112455236909958,0.00272843580731128,FALSE
"TMED7",-0.547285573111246,0.00112552398805978,0.00273028720616614,FALSE
"ZNF326",-0.199247901658992,0.0011302008626421,0.00274112443381074,FALSE
"SYT13",0.669316546294989,0.00113688690071532,0.002756829654411,FALSE
"GNB5",0.209493641768142,0.00113813081305796,0.00275933492676941,FALSE
"PLD4",0.571152836903261,0.0011406160266073,0.00276484818003015,FALSE
"INTS8",-0.222781497411784,0.00114186446410601,0.0027673620074187,FALSE
"PTK2",-0.119673663385685,0.00114284957379502,0.00276923683511463,FALSE
"SHMT2",0.233424510363887,0.00114413564139596,0.00277162736689174,FALSE
"WBP11",-0.144806625019656,0.0011442595415559,0.00277162736689174,FALSE
"HSPH1",0.367123322319909,0.00114730353115739,0.00277848646502267,FALSE
"ADAM9",0.453545688576523,0.00114929672670421,0.00278279873238607,FALSE
"TSEN15",-0.230478989077038,0.00115176925157063,0.00278826979318837,FALSE
"EXOC5",-0.30087576898976,0.00115453588468107,0.00279445069370394,FALSE
"LCN12",0.474199569725756,0.00115795223957737,0.00280220161193103,FALSE
"NDUFV3",-0.197498393736716,0.00115907691086374,0.00280440490057809,FALSE
"DPP8",-0.227561314740197,0.00115989046057732,0.00280585475053183,FALSE
"CAMK2G",0.181979519429652,0.00116045074525453,0.00280669151244639,FALSE
"ALG5",-0.178654093622116,0.00116368651165961,0.00281399774854962,FALSE
"RPIA",-0.212464032187114,0.00116401033616727,0.00281426100112685,FALSE
"SMAD7",0.267245606656017,0.00116501680080853,0.00281617429028531,FALSE
"PLEKHF2",-0.324310212587145,0.00116751956443772,0.00282170318213376,FALSE
"POLRMT",0.382294305162312,0.0011679625270848,0.00282225275094023,FALSE
"DTX3",0.338561136193821,0.00116990405243891,0.0028264225603488,FALSE
"TSPYL4",-0.204554940667284,0.00117200143361964,0.00283096730054398,FALSE
"IL2RB",0.312250935930024,0.00117306307574374,0.00283300899974857,FALSE
"ZFP69",-0.301626254876567,0.00117486241658914,0.00283683119844799,FALSE
"DHX32",-0.156413769135447,0.0011755375371595,0.00283793793776363,FALSE
"RNF180",-0.414610775825493,0.00117637638386644,0.00283943945751832,FALSE
"DDHD2",-0.172000143580483,0.00117743699578101,0.00284147560345898,FALSE
"PIN4",-0.26274175739003,0.00117851963898415,0.00284356415657585,FALSE
"CATSPERE",-0.400918538518275,0.00117979404368065,0.0028461145420798,FALSE
"TRIO",0.199910961231247,0.00118137485358161,0.00284940301825543,FALSE
"PRCP",0.27030862349573,0.00118691460692161,0.00286223725065717,FALSE
"LITAF",0.276379889102674,0.00118888186181659,0.00286645328451248,FALSE
"CPLX1",0.608682340355166,0.00118922649058423,0.00286675625386277,FALSE
"AP1G2",0.305381252320554,0.00118991548257207,0.00286788908281178,FALSE
"GEN1",-0.400066150436708,0.00119995464738618,0.0028902945164225,FALSE
"NLRC5",0.251958834338383,0.00119979862331865,0.0028902945164225,FALSE
"OLFML3",0.262252502256646,0.00119968593689801,0.0028902945164225,FALSE
"TMEM150C",-0.33031377184199,0.00120009479004527,0.0028902945164225,FALSE
"AGBL5",0.246858030536943,0.00120281774809911,0.0028963196538741,FALSE
"ELOB",0.458348784052891,0.00120434219510229,0.00289945715672658,FALSE
"DERL2",-0.213200450236076,0.00120723666258198,0.00290589122752773,FALSE
"MFSD8",-0.206340071061544,0.00120804030438919,0.00290729111490134,FALSE
"NEURL3",0.566268808115248,0.0012084318805033,0.00290769898539776,FALSE
"GDPGP1",0.290502130042803,0.00120935329040901,0.00290938134473258,FALSE
"RETSAT",0.240231213533292,0.0012189633581479,0.00293196183811728,FALSE
"FTCD",0.509883615078659,0.00121940273793313,0.00293247991275174,FALSE
"RPL27A",-0.306503898323548,0.00122028360364329,0.00293405930925582,FALSE
"TUT1",0.346877175390713,0.00122080877440053,0.00293478304708993,FALSE
"FGD3",0.436558106925027,0.00122160984022535,0.002936169639844,FALSE
"DAGLB",0.233619920110666,0.00122464793814593,0.00294246081358576,FALSE
"GMNC",-0.344885316368763,0.00122467682349747,0.00294246081358576,FALSE
"SLC25A1",0.357862259294738,0.00122506099088585,0.00294284376012433,FALSE
"CROCC",0.537532086760377,0.00122632143586577,0.00294533117562919,FALSE
"PLA2G7",0.387655621840897,0.00122733681758158,0.00294722920318747,FALSE
"SANBR",-0.377972670262754,0.00122865765029254,0.00294985988586648,FALSE
"PPP2R5D",0.185929577151894,0.00123071184491602,0.00295424999516696,FALSE
"DDX5",0.246362352583881,0.00123223386923706,0.00295736128616893,FALSE
"DPY19L3",-0.35683135331334,0.00123434521485779,0.00296188554855538,FALSE
"PLXNC1",0.354634742950376,0.00123468057679894,0.00296214735412345,FALSE
"ATF5",0.429443479635426,0.00123637918750916,0.00296567906245328,FALSE
"NBAS",0.368645124764055,0.00123677154722672,0.00296607677162342,FALSE
"ATP5MG",-0.283821726310231,0.00123990950927335,0.00297305774641149,FALSE
"SERPINA5",0.240765689510039,0.00124182570883215,0.00297710715620409,FALSE
"ITGB7",0.350109571525378,0.0012422218860674,0.00297751170494221,FALSE
"PRPF38A",-0.121452400861557,0.00124295345978311,0.00297871987835997,FALSE
"EMID1",0.499639527387154,0.00124355116005241,0.00297960684249745,FALSE
"DNAJC27",-0.305377504304564,0.00124727122409873,0.00298797344298272,FALSE
"HAO2",-0.244742456241679,0.00124824162958942,0.00298975108206818,FALSE
"PPP1R13L",0.412492488429656,0.00124877047987311,0.00299047066444098,FALSE
"CDKN1C",-0.600271913438075,0.0012546073407828,0.00300389892200592,FALSE
"MAVS",0.34866835296507,0.00125556012130496,0.00300563048237787,FALSE
"TIGD2",-0.210969581437083,0.00125589691034096,0.00300588708412867,FALSE
"B4GALT4",0.192326876887888,0.00125707034389101,0.00300814566664614,FALSE
"ID3",0.50443655565441,0.00126265067804042,0.00302094712662741,FALSE
"GCHFR",0.431394877006802,0.00126303436131716,0.00302131296516797,FALSE
"MRPL24",-0.183384186335279,0.00126544268152553,0.00302652093287034,FALSE
"TENT4B",-0.185715791824584,0.0012695533481234,0.0030357977047729,FALSE
"MARCHF6",-0.291757346756105,0.0012732735742861,0.00304413762500978,FALSE
"PON3",-0.227317618857198,0.00127839175672288,0.00305581611813326,FALSE
"EPC2",-0.183199226604929,0.00128043252357868,0.00306013556018476,FALSE
"CASKIN2",0.464464187526114,0.00128122541003835,0.00306147163136011,FALSE
"UBE2A",-0.211915110854159,0.00128161930806842,0.00306185401117367,FALSE
"FAM120C",-0.1905341956798,0.00128196585325296,0.00306212314373065,FALSE
"TEC",-0.262946305915348,0.00128227702539266,0.00306230770091951,FALSE
"SNX33",0.220471309318454,0.00128348741924948,0.00306463930199056,FALSE
"OXA1L",0.12775093587362,0.00129029330527822,0.00308032821894648,FALSE
"LRRC4",0.410238488923135,0.00129316321427556,0.00308661673679045,FALSE
"ARHGAP15",-0.384539610450119,0.00129514371681329,0.00309078044850886,FALSE
"SAXO4",0.41408111898999,0.00129901292126593,0.0030994490915279,FALSE
"CAVIN1",0.338467867496401,0.00130162261062376,0.00310510991586848,FALSE
"LRRC8D",-0.153360215081224,0.00130252250727756,0.0031066905930548,FALSE
"BCAT2",0.473856856395329,0.00130558171659935,0.00311342000614183,FALSE
"ATIC",0.180586706593726,0.00130746015324562,0.00311733169300522,FALSE
"CEP95",-0.246657552275545,0.00130854190182287,0.00311934278562729,FALSE
"RPP38",-0.176752086267529,0.00130988513512983,0.0031219763679446,FALSE
"MYO1B",-0.252470379299563,0.00131108514735561,0.0031236991354285,FALSE
"SCD5",-0.408408421283295,0.00131104267871098,0.0031236991354285,FALSE
"ITGB4",0.618582202792528,0.00131383103572855,0.00312967174668088,FALSE
"SMU1",-0.136716815360197,0.00131633088041957,0.00313505619182336,FALSE
"POLR3GL",-0.185650338098699,0.00131685117387953,0.00313572491241012,FALSE
"IL17RE",0.474127798454431,0.00131852451861904,0.00313913857024194,FALSE
"PEX14",0.332783100784121,0.00132479258814093,0.00315348810253473,FALSE
"ZDHHC23",0.30896968983717,0.00132874925657859,0.00316233144285165,FALSE
"OARD1",-0.152785663926355,0.0013298104672324,0.00316428183151702,FALSE
"SLF2",-0.202531942374217,0.00133406267526083,0.003173823104582,FALSE
"UFM1",-0.268818417336491,0.0013369646434801,0.00318014918467324,FALSE
"CLASP2",-0.220393173600296,0.0013388507388955,0.00318307101118694,FALSE
"HNRNPH3",-0.208944228175608,0.00133892239983245,0.00318307101118694,FALSE
"TMCO1",-0.200962865056913,0.00133869377860844,0.00318307101118694,FALSE
"MICOS13",0.316395510343852,0.00134011887864355,0.00318490606538467,FALSE
"PRKAR2B",-0.628130530048881,0.00134042410787271,0.00318490606538467,FALSE
"VTI1A",0.212102842093871,0.00134040230930648,0.00318490606538467,FALSE
"POGK",0.161655147793509,0.00134318016978156,0.00319087548226822,FALSE
"TUBE1",-0.228169197608811,0.00134545860211577,0.00319570827628803,FALSE
"UBE2N",-0.258412105473511,0.00134608379024601,0.00319661327442423,FALSE
"NCKAP1L",0.321882050465386,0.00134865945255664,0.00320214899399193,FALSE
"COX5B",-0.361554689800878,0.00135139410042185,0.00320806012016733,FALSE
"ERGIC3",0.176636064085639,0.00135366032842325,0.00321285732772249,FALSE
"KIAA1217",-0.215291354895803,0.00135813228418557,0.00322288705175957,FALSE
"ZNF197",-0.143243495002826,0.00135939944860103,0.00322530945652132,FALSE
"CUL5",-0.190580568763759,0.00136406803182699,0.00323579972326128,FALSE
"STEAP2",-0.414724882155415,0.00136507151409814,0.00323759352582841,FALSE
"ATP5F1E",-0.345960117037773,0.00137193260786562,0.00325327688863913,FALSE
"NENF",-0.40384080692432,0.00137557096307287,0.00326131384435893,FALSE
"AHI1",-0.350425250212227,0.00138112020759005,0.00327387755889353,FALSE
"CSF2RB",0.358205270184163,0.00138225275776233,0.00327596906311086,FALSE
"SPATA18",0.502818706796539,0.00138468255545052,0.00328113375854448,FALSE
"MOGS",0.231870827385132,0.00138591670146981,0.00328346388991001,FALSE
"CD82",0.34105501646143,0.00138656729943557,0.00328392364428595,FALSE
"OFD1",-0.288743361858206,0.00138661242786532,0.00328392364428595,FALSE
"ADGRG1",0.649613866681561,0.00138831596944979,0.00328676901845148,FALSE
"ESAM",0.300226537844299,0.00138813445148338,0.00328676901845148,FALSE
"ZNF236",-0.278067060509215,0.00139130148920013,0.00329324156510722,FALSE
"PLXNB1",0.31990761182647,0.00139252618661413,0.00329554461951414,FALSE
"MASP1",0.266490194809064,0.0013964796886302,0.00330430364784865,FALSE
"THUMPD3",-0.132306194261961,0.00140191502916435,0.00331656515392476,FALSE
"PLA2G5",0.494701491822736,0.00140746852727306,0.00332910170895374,FALSE
"SMAGP",0.330892858161959,0.00140945027668472,0.00333318696213085,FALSE
"CEP15",-0.54103554013177,0.00141003889654539,0.00333397674436919,FALSE
"PSMB7",-0.161329835387354,0.00141114905116585,0.00333599916537798,FALSE
"CAPS",0.464355596370702,0.00141223627555197,0.00333796665815606,FALSE
"HSD17B12",-0.273911059669649,0.0014126939886198,0.0033384457940452,FALSE
"PTP4A3",0.545524190483849,0.00141537758454924,0.00334418396262744,FALSE
"SIRT2",0.196636146028911,0.00142097177416414,0.00335679582593954,FALSE
"USP34",-0.188755843113257,0.00142299282402154,0.00336096374744543,FALSE
"SKIL",-0.547245339051134,0.00142353771996649,0.00336164426944467,FALSE
"C10orf143",0.338609583601352,0.00142490556079394,0.0033642675567023,FALSE
"RAB3GAP2",-0.198887260482198,0.00142638792801349,0.00336716025127166,FALSE
"ST7L",-0.189405543817152,0.00142708850651112,0.00336820672926691,FALSE
"ENTR1",0.256788587986894,0.00143107136443884,0.003376998252205,FALSE
"PDIK1L",-0.232601266609603,0.0014342039653762,0.00338378055770503,FALSE
"CSF1",0.359590529543315,0.00143527143820324,0.00338568894936159,FALSE
"PLPBP",-0.194273848588359,0.00144087809844902,0.00339830229956666,FALSE
"SKI",0.392073022713877,0.00144187816046459,0.00340004842881887,FALSE
"TRIR",-0.344282174118539,0.00144252097362429,0.0034009516633692,FALSE
"PIP4P1",0.271585260831713,0.0014449732993597,0.00340506952053445,FALSE
"PLEKHG7",-0.485766159785821,0.00144503548376665,0.00340506952053445,FALSE
"SMC5",-0.293117956047526,0.00144504783502058,0.00340506952053445,FALSE
"STX16",-0.360616008485135,0.00144948169469174,0.00341490270773875,FALSE
"FAM83F",0.92339232298696,0.00145563436627972,0.00342878105853438,FALSE
"ZNF780B",-0.256777636993344,0.00146184536522442,0.00344279178296781,FALSE
"CCDC61",0.433095530101764,0.00146331619676965,0.00344563590793314,FALSE
"VPS25",0.191955841624184,0.00146716973508433,0.00345408850417623,FALSE
"ABCG8",0.289795513899449,0.00147171825615746,0.00346417393196934,FALSE
"EPS15",-0.255787340246406,0.00147362363531907,0.00346803534668295,FALSE
"IKBKB",0.204219681247704,0.0014784902346885,0.00347886307558265,FALSE
"RAD17",-0.214075279534814,0.0014820076653783,0.00348651291197354,FALSE
"ULK3",0.251881722385391,0.0014823137627287,0.00348660650047505,FALSE
"ALOX5AP",0.390438699172445,0.00148945649194337,0.00350277786824549,FALSE
"RWDD1",-0.241723912863715,0.00149145788448964,0.00350685463788405,FALSE
"RAD9A",0.371755569277276,0.00149839154756682,0.00352252507465341,FALSE
"HIBCH",-0.293242360412902,0.00150098462836737,0.00352798756814823,FALSE
"LARP7",-0.194592831102204,0.00150262850247559,0.00353121743931258,FALSE
"LFNG",0.347534880938388,0.00150342426347527,0.00353245342021146,FALSE
"MRPL49",0.177016497253423,0.00150445534056797,0.00353424175824795,FALSE
"PCDHGB7",0.83309922362942,0.00150667681159381,0.00353882540677901,FALSE
"PTBP1",0.208901556702187,0.00151077756294689,0.00354782060163242,FALSE
"LYL1",0.452086989579406,0.00151218070417314,0.00354984216945218,FALSE
"TLCD1",0.456140731465218,0.0015119615879193,0.00354984216945218,FALSE
"NDUFA4L2",0.609121057379142,0.00151469241360324,0.00355510094637749,FALSE
"SYNPO",0.357307706923773,0.00151517775427026,0.00355560264543936,FALSE
"GPATCH2",-0.241752950359891,0.0015189544198288,0.0035638263914693,FALSE
"MGST3",-0.242533725754782,0.00152433577271516,0.00357581149191667,FALSE
"TPPP",0.400213926107543,0.00152479106027517,0.00357623872467262,FALSE
"MIB1",-0.263847646682413,0.0015314603431596,0.00359123747315878,FALSE
"ZC4H2",0.251482974714979,0.00153492166078809,0.0035987095958162,FALSE
"TOM1L1",-0.125394073518206,0.00154042706766555,0.00361097066604787,FALSE
"FMC1",-0.680440337105557,0.00154093213478801,0.00361150796789198,FALSE
"HIRIP3",0.278317023536297,0.00154615033400747,0.0036230893454136,FALSE
"TJAP1",0.241873435351771,0.00154789767424756,0.00362653478010899,FALSE
"HEXD",0.284759848749735,0.00155198122158921,0.00363545144982035,FALSE
"WDFY3",-0.252375326612244,0.00155317833539053,0.00363760478836009,FALSE
"AP2A2",0.269788671612923,0.00155629695011916,0.00364425678250046,FALSE
"ABLIM1",0.228452763660441,0.00156163619571066,0.00365497942805774,FALSE
"COPG1",0.187724699823358,0.00156167966016962,0.00365497942805774,FALSE
"NDUFA9",-0.267931482392557,0.00156171363585052,0.00365497942805774,FALSE
"PEX19",-0.141431715229846,0.00156220026106917,0.00365546484681279,FALSE
"NTAN1",-0.253630208076426,0.0015626113484133,0.00365577336908988,FALSE
"SLC5A6",0.275605425095977,0.00156786448358842,0.00366740786477391,FALSE
"COQ3",-0.209096571891357,0.00156837451719324,0.00366794554824828,FALSE
"CENPQ",-0.409376566893434,0.00156949561801421,0.00366991188266513,FALSE
"RBL2",-0.144165485494938,0.00157024848540872,0.00367101663767338,FALSE
"MPST",0.407650621680518,0.00157568168968764,0.00368306100364054,FALSE
"RAB27A",-0.27518751479295,0.00157848018731908,0.00368894370088921,FALSE
"TMEM51",0.291570380005842,0.00158040557738774,0.0036927841904623,FALSE
"ARHGEF5",0.297574056026379,0.00158143783301067,0.00369453677904634,FALSE
"DENND4A",-0.280593505770174,0.00158282097244903,0.00369710832672663,FALSE
"ACKR3",0.614944756817693,0.00158423126935527,0.00369974237930774,FALSE
"CCDC66",-0.275936673865452,0.00158790032313487,0.00370764955064772,FALSE
"EGLN3",-0.516957550355666,0.00159021080464529,0.00371172042332254,FALSE
"TTC9C",-0.172027269602398,0.00158998255012418,0.00371172042332254,FALSE
"HPF1",-0.28511909510215,0.00159810902448797,0.00372949079297621,FALSE
"CLIC1",0.23173875641266,0.00159916054538142,0.0037312796043724,FALSE
"HAL",-0.496297919196025,0.00160029788281714,0.00373326797609443,FALSE
"ALDH3B1",0.28752602119117,0.00160085159119475,0.00373389435808331,FALSE
"IFT74",-0.225274342602679,0.0016036549547542,0.00373976677371607,FALSE
"SLC11A2",-0.223080198533847,0.00160455708996278,0.0037411499154913,FALSE
"TDP2",-0.233263648789034,0.00160481957878087,0.0037411499154913,FALSE
"CMTM6",-0.290082997812273,0.0016075561343003,0.00374686218804691,FALSE
"MBD6",0.363441760127707,0.00160807214334721,0.00374739773953394,FALSE
"YPEL5",-0.266627340969313,0.00161088357291895,0.00375328131992434,FALSE
"SFXN3",0.291432194884885,0.0016112033166989,0.00375335833135622,FALSE
"WDR62",0.854340938635934,0.00161628868550904,0.00376453504192925,FALSE
"CAPN6",0.893536922791469,0.00162084326458572,0.00377380046593567,FALSE
"SCGN",0.734626310207381,0.00162080714168254,0.00377380046593567,FALSE
"APOC1",-0.481566457104546,0.0016280601493165,0.0037899294941059,FALSE
"FEM1B",-0.232469797560787,0.00162979986011233,0.00379330484774945,FALSE
"MAP3K10",0.489089715735772,0.00163044961229085,0.00379414261004476,FALSE
"GTF2IRD2",-0.408319803590242,0.00163259431617057,0.00379845828812957,FALSE
"SEMA3G",0.523731704694366,0.00163384692214597,0.00380069721121803,FALSE
"SLC66A1",0.316944937735086,0.00163523479571551,0.00380324994590646,FALSE
"ADGRG6",-0.255882979827617,0.00164028669352356,0.00381432209442459,FALSE
"NDUFS4",-0.170842630630786,0.00164277127774086,0.00381942134046942,FALSE
"ZNF629",0.237859302834458,0.00164540617590479,0.00382486819157413,FALSE
"CHIC1",-0.642631002038,0.00164847426009575,0.00383063986744294,FALSE
"RANBP3L",-0.545884901637761,0.00164832138218545,0.00383063986744294,FALSE
"CZIB",-0.196746860441659,0.00165056885272195,0.00383482651638611,FALSE
"PMF1",-0.469132677164109,0.0016520758940837,0.00383764684267989,FALSE
"ACACB",0.29534145002346,0.00165448657071189,0.00384214859689264,FALSE
"ACTR5",0.291178142819158,0.00165460080883598,0.00384214859689264,FALSE
"SLC15A1",-0.235817065911057,0.00165492372228774,0.003842216948429,FALSE
"FGFBP3",-0.441272810936572,0.00165697830651748,0.00384562311450574,FALSE
"PIGG",0.184726090663805,0.00165694491973875,0.00384562311450574,FALSE
"ADAMTS1",-0.396583802930943,0.0016592792525839,0.00384959843608514,FALSE
"EIF3K",0.200640396115114,0.0016592437751232,0.00384959843608514,FALSE
"DTX4",0.273610491842859,0.00166124566409418,0.00385347771692434,FALSE
"QSER1",-0.300786548144845,0.00166930246274291,0.00387148057435434,FALSE
"CARMIL2",0.519898769244264,0.00167150190489373,0.00387589495906282,FALSE
"USP21",0.255343401505725,0.00167523108907077,0.00388385433294042,FALSE
"YWHAE",-0.133678918834759,0.00168340552551425,0.00390211493272532,FALSE
"IGF2R",0.386711745931471,0.00168953465933462,0.00391562891839419,FALSE
"SH3D19",-0.174233027157608,0.00168999159189092,0.00391599467628955,FALSE
"BAG2",-0.173332168040537,0.00169111655016604,0.00391790795872833,FALSE
"FBN2",-0.654933607286647,0.00169289887215404,0.00392134324738865,FALSE
"FAM219A",0.317890390574392,0.00169651478597142,0.00392902380646344,FALSE
"BCL3",0.393682140724629,0.00170029713311562,0.00393708702984607,FALSE
"NMNAT3",-0.224071025039171,0.00170605548115373,0.00394972207944557,FALSE
"RTL4",-0.401117708627594,0.00170703874402252,0.00395129972361083,FALSE
"PTGR3",-0.186719988983293,0.0017073557338347,0.00395133485369699,FALSE
"PPP1R9A",-0.593154279138638,0.0017089403122376,0.00395360427068645,FALSE
"TPPP2",-0.335470865172958,0.00170871957312367,0.00395360427068645,FALSE
"SLC35E1",0.130170164161388,0.00170975295338591,0.00395478545330888,FALSE
"SLC22A1",0.272015065965402,0.0017179022015843,0.00397293333742125,FALSE
"NPAS2",0.569357132276394,0.00172117689735173,0.00397980359239294,FALSE
"TTC31",0.317246092039318,0.00172463451063718,0.00398709429865124,FALSE
"NAP1L1",-0.258276933075939,0.00173458106008586,0.00400938122151201,FALSE
"ELMOD2",-0.220019258236866,0.00173492818197498,0.00400947568551042,FALSE
"MYNN",-0.214779312890553,0.00173643094735237,0.00401224037464476,FALSE
"HELZ",-0.208607787619698,0.00174135434691005,0.00402290649545552,FALSE
"PQBP1",0.265861701465392,0.00174321557943852,0.00402649583027684,FALSE
"STT3B",-0.234381267712009,0.00175678041158271,0.00405711221528328,FALSE
"BAZ1B",0.185566846181429,0.00175869334239433,0.00406081362233272,FALSE
"MAP3K6",0.37715444082688,0.00176042700236461,0.00406409986156893,FALSE
"P3H1",0.204839370706936,0.0017635009564656,0.00407047858287159,FALSE
"SPN",0.336458404053756,0.00176663569613,0.00407699533469662,FALSE
"CDYL2",-0.285139790334826,0.00176730454833263,0.00407782008226485,FALSE
"CCDC120",0.303731965313686,0.00176764036494228,0.00407787623926419,FALSE
"CTH",-0.356947887349349,0.001769219228557,0.00408079953140737,FALSE
"FABP5",0.386860137462416,0.00177537570497015,0.00409407954058796,FALSE
"PRR14",0.272405489313847,0.00177560217166655,0.00409407954058796,FALSE
"KLHL15",-0.378048373472119,0.00177609857890317,0.00409450301021312,FALSE
"PLPP1",-0.27131152124885,0.00177932069362142,0.00410120889452318,FALSE
"ATP6V0E2",0.339549594356718,0.0017809315927197,0.00410419933319598,FALSE
"TMEM64",-0.316962752241111,0.00178372537688152,0.00410991422635215,FALSE
"RPP25L",0.291536145489789,0.00178862363399824,0.00412047520962607,FALSE
"WDR83",0.325035060180183,0.00179848209594816,0.00414245735400305,FALSE
"ATPAF1",-0.15598891155222,0.00180394447730556,0.00415430802056014,FALSE
"MIEN1",-0.270273236951856,0.00180622524226548,0.00415882885538863,FALSE
"LRPPRC",-0.143124506249942,0.00180754279137203,0.00416039912528879,FALSE
"TOMM22",-0.189140913005596,0.0018073362460777,0.00416039912528879,FALSE
"ZNF559",-0.316300934212046,0.00181298997161774,0.0041722033236807,FALSE
"CD300A",0.327249230125194,0.00181420219314844,0.0041742592465201,FALSE
"LRATD1",-0.609104815958358,0.0018157643887035,0.00417711955313763,FALSE
"ABRAXAS1",-0.31731218077565,0.0018164347755954,0.00417792763213194,FALSE
"COPS2",-0.218199168020492,0.00182009713605394,0.00418561596789359,FALSE
"CEACAM21",0.435680608007766,0.00182429329245998,0.00419452894009238,FALSE
"PHLDB3",0.393890288223871,0.00182478603135902,0.00419492514882393,FALSE
"CORO1C",0.248952714458722,0.00183110680147775,0.00420797792609209,FALSE
"SERGEF",-0.196896872193779,0.00183097307210128,0.00420797792609209,FALSE
"SRP19",-0.359413501953677,0.00183150766270192,0.00420816046333688,FALSE
"APH1A",0.187107844458069,0.00183654189863286,0.00421898693400621,FALSE
"CCDC137",0.397698797866304,0.00183809154708117,0.00422180605866434,FALSE
"RBL1",-0.325521752533734,0.00183952059064182,0.00422434723253512,FALSE
"CFAP20",-0.145869482795884,0.00184046144592428,0.00422576661698364,FALSE
"SRSF6",-0.301105887193478,0.00184194100016102,0.0042284221592334,FALSE
"EFHD2",0.347256678214839,0.00184350477472237,0.00423127007550233,FALSE
"IL10RA",0.306180796031548,0.00184863938813964,0.00424231145828645,FALSE
"SH2B2",0.520422792632651,0.00185241136138686,0.00425022249268783,FALSE
"HAND2",0.289347866651398,0.0018557198142787,0.00425706742746395,FALSE
"UACA",-0.264364167385619,0.00185757818067619,0.00426000511159517,FALSE
"ZMYND11",-0.233190468803278,0.00185765117492337,0.00426000511159517,FALSE
"FIS1",0.276809932241894,0.00185923461569535,0.00426267391971446,FALSE
"FRAT1",0.35399150452151,0.00185946614386566,0.00426267391971446,FALSE
"PTPN6",0.272062363705886,0.00186067298783881,0.00426469375994147,FALSE
"PEX3",-0.212321282706773,0.0018724787125068,0.00429100145355137,FALSE
"VILL",0.384286006323802,0.00187461958265909,0.00429515568361443,FALSE
"PRDM10",-0.250251360118688,0.00187506083579947,0.00429541495403091,FALSE
"NCK1",-0.252389998532473,0.00188344237519705,0.00431386066761368,FALSE
"SEC24B",-0.266063634041613,0.00188887308565828,0.0043255424938671,FALSE
"GRTP1",-0.262281643892241,0.00189416830731454,0.00433691001737705,FALSE
"BIN3",0.160912041483075,0.00189464331556825,0.00433723907805901,FALSE
"THAP4",0.28610509843833,0.00190025172268749,0.00434931740444486,FALSE
"ARL15",-0.399338755970794,0.00191160620789792,0.00437454089736053,FALSE
"BRD10",-0.166913018995352,0.00191206361821892,0.00437482294472599,FALSE
"SLC25A29",0.371397584136447,0.00191687932691155,0.00438507498653259,FALSE
"PKN3",0.734193286874036,0.0019172232404181,0.0043850955037655,FALSE
"ARHGAP31",0.377893693769424,0.00191862162017516,0.00438752738014554,FALSE
"MPHOSPH9",0.3555438880716,0.00191901960715119,0.0043876710961969,FALSE
"MAPDA",0.162390676667618,0.00192902704421338,0.00440978209583405,FALSE
"LEMD2",0.217242713571837,0.00193304075455867,0.00441818602630623,FALSE
"ADAMTS4",-0.684219481991275,0.00193388012181746,0.00441856170241434,FALSE
"RPL27",-0.290972745229059,0.00193379354855944,0.00441856170241434,FALSE
"SMIM29",0.380157438223577,0.00193791988403128,0.0044270192150999,FALSE
"GAS1",-0.621948877705387,0.00194211233379504,0.00443582251815155,FALSE
"ZBTB26",-0.242301565821667,0.00194491020274681,0.0044414380558802,FALSE
"SF3A1",0.214650235156819,0.0019465721848932,0.00444445815218379,FALSE
"CDKN2D",0.453901273117727,0.00194950267101799,0.0044503729675619,FALSE
"PRPF38B",-0.259783115964114,0.00195150498475526,0.00445416723507947,FALSE
"PTGIS",0.305804589795116,0.00195467663416941,0.00446062863771063,FALSE
"STK31",-0.604453703858326,0.00196294593956937,0.0044787187592963,FALSE
"CD3E",0.385730665646007,0.0019679750011521,0.00448941082332869,FALSE
"PPP2R2A",-0.192563252479236,0.0019691531783273,0.00449131592520226,FALSE
"LPAR2",0.387910633415725,0.00197589339189256,0.00450590424780655,FALSE
"IQCG",0.250400531060422,0.00198255320694064,0.00452030417716245,FALSE
"AFG2A",-0.186099165688856,0.00198339424572852,0.00452064719099544,FALSE
"NPEPPS",-0.165644194694111,0.00198331763561606,0.00452064719099544,FALSE
"GINS3",0.376810015276896,0.00198389543022766,0.00452100243212195,FALSE
"C15orf62",0.422976876293492,0.00198493938471273,0.00452208520093945,FALSE
"GAR1",-0.33100286491425,0.0019850613847998,0.00452208520093945,FALSE
"ZNF594",-0.244562638219834,0.00198574333367745,0.00452285172660146,FALSE
"FADS1",0.888647636355415,0.00199357444928435,0.00453989853714223,FALSE
"MST1R",0.716984578731449,0.00199765949552774,0.00454761921673607,FALSE
"PFKM",0.207699290860979,0.0019975155383272,0.00454761921673607,FALSE
"HLA-DMA",0.248194132908996,0.00199883705768377,0.00454950882461681,FALSE
"NLGN4Y",1.44636277629862,0.00199975855886812,0.0045508150621765,TRUE
"IFRD1",-0.419633184283135,0.00200176592659797,0.00455459150347943,FALSE
"AIFM3",0.489390196387069,0.00200805258653873,0.00456810155742224,FALSE
"MARVELD1",0.310142955491954,0.00200910517739818,0.00456970204699392,FALSE
"XRCC5",-0.206041409234968,0.00201439716665538,0.00458094280108602,FALSE
"CKAP4",0.190140273732575,0.00201509315702015,0.00458172969984505,FALSE
"VPS52",0.184695494009563,0.00201709329870617,0.00458548106731398,FALSE
"H2BC4",0.468353763465021,0.00202509596327755,0.00460287436653294,FALSE
"ASF1B",0.53358616923365,0.0020306266508482,0.00461464400501729,FALSE
"AKAP17A",0.243301276634743,0.00203723135571247,0.00462884986271914,FALSE
"HMGB2",-0.341834529712802,0.00203876246889919,0.00462942254438266,FALSE
"MPEG1",0.348315655608771,0.00203889783004204,0.00462942254438266,FALSE
"NGLY1",-0.158892320058886,0.00203807970516219,0.00462942254438266,FALSE
"SLC1A1",-0.353692493870089,0.00203822832364864,0.00462942254438266,FALSE
"SCNN1D",0.858485319202825,0.00204029448546516,0.00463179042894223,FALSE
"HNRNPC",-0.130949850263828,0.00204121027587613,0.00463306604226254,FALSE
"SFXN5",0.300752719731194,0.00204160593942894,0.00463316085266141,FALSE
"EVL",0.242783479607766,0.00204393399000427,0.00463764017281384,FALSE
"SLC25A24",0.355714220642009,0.00204531487387823,0.00463996921310238,FALSE
"NLGN4X",-0.429690350169014,0.00204721142535385,0.004643467079129,FALSE
"FAM174B",-0.262652779056841,0.00204947374410127,0.0046477932197772,FALSE
"GAB2",0.278219560675686,0.00205075228691975,0.00464965616581034,FALSE
"PUDP",-0.274237876762242,0.00205100552685264,0.00464965616581034,FALSE
"FANCD2",0.357684785617967,0.00205147360745396,0.00464991213102272,FALSE
"C16orf54",0.269783730782391,0.00205618835098231,0.00465979191467204,FALSE
"AP5S1",0.247884641044993,0.00205912410084231,0.00466563737075588,FALSE
"LRRC28",-0.173739224519907,0.00206102569553122,0.00466913798336991,FALSE
"GOLM1",0.330135110027087,0.00206921374064629,0.00468664520474746,FALSE
"NEK3",-0.349017498755713,0.00206946959430531,0.00468664520474746,FALSE
"PPIP5K2",-0.265502688211564,0.00207038506052211,0.00468790750819015,FALSE
"IDH3B",0.159128341582846,0.0020726458054187,0.00469140367990001,FALSE
"PRPSAP2",-0.157585610860476,0.00207235714018673,0.00469140367990001,FALSE
"SUCLA2",-0.201866861349778,0.00207795225572245,0.00470260171683982,FALSE
"ATXN7L1",-0.230238802269771,0.00207994627062115,0.00470630082526307,FALSE
"WDR59",-0.236039929683161,0.00208421772329587,0.00471515093025566,FALSE
"LNPK",-0.26385070158535,0.00208499119062011,0.00471608580988226,FALSE
"DOCK8",0.294551588083399,0.00208682459173751,0.0047194174391134,FALSE
"HSD11B2",0.448416545170831,0.00208893439863715,0.00472337290966452,FALSE
"ANKRD29",0.522528472452701,0.00209384486837594,0.00473365861108234,FALSE
"DTNB",0.235068704378381,0.00209823950365794,0.0047427747896909,FALSE
"YTHDC2",-0.216682602882514,0.00210991238523139,0.00476833643146027,FALSE
"ATG16L2",0.24838846483004,0.00211696319680681,0.00478344531801774,FALSE
"MIER2",0.366402112986688,0.00212790076850807,0.00480732991566999,FALSE
"ATP6V0E1",-0.19709637800704,0.00212831185730031,0.00480742906069283,FALSE
"ADA",0.259773743855517,0.00213583835885925,0.00482359768745649,FALSE
"REEP1",-0.488296175376742,0.00213646365601132,0.004824177679286,FALSE
"APBA2",0.395176844190701,0.002137595919133,0.00482590201298315,FALSE
"RAB2B",-0.19124825057695,0.00214273903284299,0.00483667920999662,FALSE
"ABCA8",-0.2509107899454,0.00214357651176817,0.00483690170494121,FALSE
"FAM161A",-0.347682952338457,0.00214355259216487,0.00483690170494121,FALSE
"GLRX2",-0.350793814869474,0.00214702767736659,0.00484385427401057,FALSE
"CCDC102A",0.563813023388745,0.00214815915801897,0.0048455719670545,FALSE
"CLRN3",-0.254447310418563,0.00214899239383743,0.00484661643757445,FALSE
"NANP",-0.192303357756135,0.00215054472715273,0.00484844697225479,FALSE
"NEK1",-0.177878743431057,0.00215042403892868,0.00484844697225479,FALSE
"BCL6",-0.369250061562631,0.00215183530620365,0.0048505213203888,FALSE
"C5orf63",-0.251847592292161,0.00215636889856239,0.00485990387673934,FALSE
"CFAP298",-0.446318571567596,0.00216113353710133,0.00486980383265588,FALSE
"STON2",-0.345978281844533,0.00216643763056775,0.00488091575621975,FALSE
"CPN2",0.174065745230948,0.00217024597257376,0.00488827508176922,FALSE
"SERPINF1",0.206670931721674,0.00217045088988119,0.00488827508176922,FALSE
"PSMG1",-0.228678916232826,0.00217595009188675,0.00489981744117326,FALSE
"ATP2A3",0.458850885178292,0.00217716626804976,0.00490087014809275,FALSE
"OTULIN",0.19113791427546,0.00217693139843903,0.00490087014809275,FALSE
"MED1",0.43884693257283,0.00217945415873393,0.00490369931929049,FALSE
"MYEOV",1.38969101673038,0.00217954677199445,0.00490369931929049,TRUE
"TACC3",0.358035447409162,0.00217915847242102,0.00490369931929049,FALSE
"OTUD4",-0.188835844101553,0.00218027838117013,0.00490450250279714,FALSE
"RBMX",-0.128553017006567,0.0021818040295576,0.00490709128242021,FALSE
"BAHD1",0.234403473255406,0.00218705931538535,0.00491806605239178,FALSE
"RAB28",-0.286457222475193,0.00218915532656778,0.00492193397482834,FALSE
"ESRRG",0.869383172990274,0.0021937500452536,0.00493141751244165,FALSE
"TGDS",-0.327098304585462,0.00219544713667352,0.0049343852211725,FALSE
"FBXL5",-0.219092443817308,0.00219590039479982,0.00493455680891164,FALSE
"USP16",-0.125045882321454,0.00220115358899298,0.00494551274877229,FALSE
"PTRH2",-0.225843057545728,0.0022071119313486,0.00495804897138227,FALSE
"KBTBD6",-0.279242745217006,0.00221526773311282,0.0049755164113764,FALSE
"SLC2A2",-0.27236980405389,0.00221684040631482,0.00497819461397489,FALSE
"FAM111B",1.21236980805946,0.00221961937146342,0.00498284025193018,TRUE
"KCNJ3",-0.39008346453409,0.00221967035970492,0.00498284025193018,FALSE
"RBM25",-0.241285967967708,0.00222454111868387,0.00499291827975472,FALSE
"ACBD5",-0.23974527159986,0.00222563551506118,0.00499451836873175,FALSE
"MRPL13",-0.216526870957874,0.00223219353457304,0.00500837665032224,FALSE
"ZYG11B",-0.228779230378195,0.00223398672672965,0.00501154116284176,FALSE
"WDR43",-0.17817139930096,0.00223857362687996,0.0050209706909564,FALSE
"ALCAM",-0.209918332918554,0.00224301648520477,0.00503007396784873,FALSE
"KRBOX4",-0.28410552510701,0.00224347285951524,0.00503023577269626,FALSE
"SUPT16H",0.143647473665969,0.00224397231118578,0.00503049409213087,FALSE
"NKIRAS2",0.160579633526734,0.00224660719326966,0.00503553867048219,FALSE
"CKAP5",0.305164028225236,0.00224863919348249,0.00503923045550714,FALSE
"CENPT",0.251864603045637,0.00225184083666252,0.0050446783425027,FALSE
"NFIL3",-0.527006743176206,0.00225161143818004,0.0050446783425027,FALSE
"GSTA4",-0.287855781048093,0.00225337271951416,0.00504724647457304,FALSE
"CASP1",0.2268971590898,0.00225764208568217,0.00505565980979739,FALSE
"WNT11",0.482367548746957,0.00225790123036093,0.00505565980979739,FALSE
"PHYKPL",0.217004870165557,0.00226590540516192,0.00507271435779409,FALSE
"ZNF653",0.463482348896033,0.00227944012121101,0.00510214225797478,FALSE
"PCSK4",0.598392062816316,0.00228309609911024,0.00510945198795749,FALSE
"SGCA",0.565248883639573,0.00228733284193824,0.00511805871930533,FALSE
"TIE1",0.31426545412483,0.00228788535112738,0.00511842020112093,FALSE
"NDUFB9",-0.2032522626844,0.00229787510396845,0.0051398908014958,FALSE
"MYL12B",-0.193171269965423,0.00229997628328985,0.00514371190653071,FALSE
"ZNF28",0.454891295978076,0.00230408794128325,0.00515202721217426,FALSE
"TEAD3",0.27136726384665,0.00230716687750339,0.0051580308675332,FALSE
"PMS1",-0.288967547616299,0.00230977201697876,0.00516297340725387,FALSE
"SEPTIN10",-0.248646645237063,0.00231365279229985,0.00517076516845162,FALSE
"SARAF",-0.166255184540689,0.00232008694749784,0.00518425982533567,FALSE
"ZNF311",-0.278578819265037,0.00232326401223709,0.00519047311402868,FALSE
"LINGO4",0.851888498176005,0.00232544448571334,0.00519445814826122,FALSE
"DRAP1",0.353668246103676,0.00232672673945406,0.00519643576815635,FALSE
"FUCA1",-0.167185422059208,0.00232738015361163,0.00519700852312527,FALSE
"AKR1A1",0.21126399196351,0.00233099203991781,0.0052024118286062,FALSE
"MAFF",-0.594233021919624,0.00233089985592894,0.0052024118286062,FALSE
"PABPC4",-0.150890121041154,0.00233052352246998,0.0052024118286062,FALSE
"GNA14",-0.248971829661398,0.00233495354524141,0.00521036506124092,FALSE
"HNF1A",0.360827811695582,0.00233620122278105,0.00521226080583666,FALSE
"APPL1",-0.241933403886399,0.00233700066270142,0.00521315601909814,FALSE
"DGKD",0.259073503213517,0.002337872346742,0.00521421205511861,FALSE
"SLC15A2",-0.4462171938738,0.00233928592171988,0.00521647611772384,FALSE
"SPRED1",-0.545646209213738,0.00233983635670975,0.00521681498331812,FALSE
"AGPS",-0.247033455585196,0.00234224334668561,0.00522129233693308,FALSE
"LRIF1",-0.185020461393007,0.00234950011247562,0.00523605900235613,FALSE
"TBC1D2B",0.309393118970341,0.00234966747928829,0.00523605900235613,FALSE
"TMEM79",0.327543071980311,0.00235774203681652,0.00525315839789005,FALSE
"IL15",-0.366129421520084,0.00235990181044907,0.00525707580438986,FALSE
"RIOK2",-0.200648199169586,0.00236222155266456,0.0052613481741212,FALSE
"VBP1",-0.26974852678896,0.00236307055656975,0.00526234388954093,FALSE
"BCS1L",0.274005622660039,0.00236697842668061,0.00527014992552764,FALSE
"B4GALT5",0.228463584920413,0.00236764892536997,0.00527074642593839,FALSE
"GOT1",-0.279782224580262,0.00237572375865444,0.00528692426454257,FALSE
"VWA7",0.700160403992351,0.00237557292820968,0.00528692426454257,FALSE
"TMEM86B",0.421791195341545,0.00237923153462471,0.0052938306001541,FALSE
"GADD45A",-0.332829063917928,0.00238175067355423,0.00529853522823652,FALSE
"ARL8A",0.244207471197537,0.00238520994945501,0.00530532936769708,FALSE
"RUNX1T1",-0.46572675532159,0.00238687896929875,0.00530813987872587,FALSE
"FHIP2A",-0.284378583039807,0.00239243335504848,0.00531958856730549,FALSE
"TNFAIP1",0.215426630228284,0.0023959529994965,0.00532650987763766,FALSE
"DDX56",0.227151394010342,0.00239917885229486,0.0053327758122656,FALSE
"ERVK3-1",0.280521639780201,0.00240253778783647,0.00533933537911307,FALSE
"TBC1D14",0.22697736722211,0.00240635062166627,0.00534690127950693,FALSE
"UBIAD1",0.169266113206003,0.00240807679812825,0.00534982885475904,FALSE
"PAQR3",-0.235235873047677,0.00241476150630139,0.00536376953520493,FALSE
"CSNK1A1",0.373361873484631,0.00241611551338478,0.00536586671776651,FALSE
"HDHD3",0.290456999933799,0.002419591179305,0.00537267430791403,FALSE
"RRP1B",0.15960664684345,0.00242316064911281,0.00537968784435898,FALSE
"RPL37A",-0.362053660557896,0.00242796616134081,0.00538944268977176,FALSE
"CPT1C",0.317594420121972,0.00243344729830846,0.00540069368188751,FALSE
"DMWD",0.193227401073255,0.00243543174989964,0.00540418177452307,FALSE
"WSB1",-0.374908994115838,0.00243987574221484,0.00541312543926058,FALSE
"MFGE8",0.480449281353015,0.00244495372957513,0.0054234724208061,FALSE
"AFAP1L1",0.330842329451193,0.00245209683550693,0.00543839603090916,FALSE
"NCF4",0.321308478856522,0.00245582338324786,0.00544573843724271,FALSE
"DMAP1",0.263410414441706,0.00245740666779997,0.00544832651902409,FALSE
"SYNCRIP",-0.208587434307417,0.00245860618853449,0.00545006302409305,FALSE
"ATP8B2",0.387960700702224,0.00246277656415369,0.00545838340577284,FALSE
"LIMD1",0.254351088754363,0.00246784140491655,0.00546868308618271,FALSE
"FAM151B",-0.304248773838104,0.00246960909527438,0.00547074826993776,FALSE
"TIPARP",-0.413808907269493,0.00246931208871035,0.00547074826993776,FALSE
"ARMCX1",-0.418432342839872,0.00247174946860967,0.00547456336373504,FALSE
"LRRC3",0.327317361849836,0.00247290178273512,0.00547526300347847,FALSE
"ZC3H10",0.19882444236583,0.00247275436788931,0.00547526300347847,FALSE
"CEP57",-0.257185983739164,0.00248163974162197,0.00549368067252534,FALSE
"STAU2",-0.23250621557485,0.00248392554937968,0.00549781120751965,FALSE
"DCAF7",0.183930271264841,0.00249565622296644,0.00552284166177765,FALSE
"AFG2B",-0.223783154531234,0.00250061786905809,0.00553247544927773,FALSE
"CCDC142",0.312973763551007,0.00250085469819933,0.00553247544927773,FALSE
"ZNF487",-0.286132434877229,0.00251643094126602,0.0055659932223441,FALSE
"NLGN2",0.381873293856336,0.00251747284572365,0.00556735717841454,FALSE
"RIF1",-0.241701909410869,0.00251870143668844,0.00556913345872742,FALSE
"ADNP2",-0.124070977941483,0.00252103516332815,0.00557335230636477,FALSE
"CLTRN",-0.365958036685929,0.00252817620430638,0.00558630934460408,FALSE
"PVALB",-0.521032198005628,0.00252809483917036,0.00558630934460408,FALSE
"RIMOC1",-0.204235703799543,0.00252766594873907,0.00558630934460408,FALSE
"C1QA",0.604574586103423,0.00253672401951262,0.00560238682391787,FALSE
"ICAM2",0.283728582654117,0.00253608367226895,0.00560238682391787,FALSE
"RCN3",0.458332928674237,0.00253673610542202,0.00560238682391787,FALSE
"TMEM164",0.341249807250952,0.00254602419935488,0.00562195122583136,FALSE
"JKAMP",-0.203834498622903,0.00255127152287969,0.00563216258900867,FALSE
"PIGF",-0.17559340438727,0.00255150903722964,0.00563216258900867,FALSE
"IRF2BP1",0.36891652072725,0.00255710862143249,0.00564357148883921,FALSE
"FANCI",0.389556520351777,0.0025600814620249,0.00564918026307601,FALSE
"KCMF1",-0.137548832415999,0.00256148899326785,0.00565133365349893,FALSE
"PELO",0.176862091069137,0.00256671915081267,0.00566191863899569,FALSE
"TM2D1",-0.149103475771268,0.00257671565470367,0.0056830123570385,FALSE
"NEIL2",0.27714053195137,0.00258061375771425,0.00569065105541435,FALSE
"TBC1D4",-0.235359582313161,0.00258243485110286,0.00569370782597484,FALSE
"MT1F",-0.826568929760951,0.00258603426522233,0.00570068371784657,FALSE
"ZC3H14",-0.142872963716715,0.00258970686933919,0.00570781857464457,FALSE
"ALYREF",0.292262594203844,0.00259086668612396,0.00570941367694577,FALSE
"FMO2",0.651528383056946,0.00259264229801678,0.00571236502282661,FALSE
"PIK3R3",0.260605665402667,0.00259373810126715,0.00571381780612309,FALSE
"INHBB",-0.711379691918411,0.00259489331310634,0.0057154009514112,FALSE
"EME2",0.386754970643056,0.00260375739994821,0.00573395994619377,FALSE
"PCCA",-0.154552400702741,0.00260420937744025,0.00573399077858186,FALSE
"DHRSX",0.221798304728992,0.00260964556811279,0.00574499407730497,FALSE
"PSMD5",-0.269332515405631,0.00261122543531218,0.00574750561518275,FALSE
"NIFK",-0.20164090495298,0.00261266382587041,0.00574970496021103,FALSE
"MCFD2",-0.0439735467170216,0.00261575825413604,0.00575554740557127,FALSE
"ROS1",1.39279998086376,0.00263183442723315,0.00578994728975574,TRUE
"SLC30A7",-0.290442010377144,0.00263393791781495,0.00579360134745183,FALSE
"WDR89",-0.207363446572938,0.00263452990011328,0.00579393002726072,FALSE
"TMEM209",-0.26948344819451,0.00264142312709243,0.00580811413837658,FALSE
"CLDN10",0.502786525917815,0.00264813680914803,0.00582189875824786,FALSE
"ABCD4",0.17763262276398,0.00264997900512169,0.00582301529624928,FALSE
"MINDY1",0.270349415642217,0.00264970546289528,0.00582301529624928,FALSE
"QNG1",-0.123055077750679,0.00264926970739105,0.00582301529624928,FALSE
"TGFBR3L",0.768176554199037,0.00265097740784015,0.00582423161997704,FALSE
"GEMIN4",0.221922646924237,0.0026587999989498,0.00584043785004208,FALSE
"LGR4",-0.287703567864788,0.00266063537978001,0.00584348907768493,FALSE
"WDR97",0.510598403490858,0.00266131019561483,0.005843990788492,FALSE
"INPP5K",0.182713833070945,0.00266531570884334,0.00585180500757623,FALSE
"KLHL28",-0.284520254364219,0.0026665866162873,0.00585361367881177,FALSE
"PCNA",0.233587347585154,0.0026735878516611,0.00586799868465165,FALSE
"HAVCR2",0.246426160390172,0.00267870634683236,0.0058782473169174,FALSE
"IL2RG",0.315269513472149,0.0026810061097301,0.00588230802557173,FALSE
"CCDC152",-0.67301550574956,0.00268388976290966,0.00588764825335342,FALSE
"LIN37",0.413151530217054,0.00269178461235975,0.0059039779100375,FALSE
"FOXA2",-0.312864228959266,0.00269408254671917,0.0059080282582324,FALSE
"SLC41A3",0.183695611068851,0.00269494806694648,0.00590893654203037,FALSE
"WBP1",0.337305837730799,0.00270673353454366,0.0059337835623318,FALSE
"ATPSCKMT",-0.198951378729925,0.00270792547061955,0.00593540268899233,FALSE
"BBS10",-0.222667904983662,0.00271410347937182,0.00594794823433811,FALSE
"DOP1A",-0.216259247703077,0.00271943976226866,0.00595657312141613,FALSE
"RBBP4",-0.147076082969561,0.00271907361403535,0.00595657312141613,FALSE
"SLFN5",0.287721202074747,0.00271985900701387,0.00595657312141613,FALSE
"ZNF496",0.143633302163569,0.00271851744338221,0.00595657312141613,FALSE
"CCDC40",0.44793943836367,0.00272908077709225,0.00597576944868568,FALSE
"ANKRD65",1.10817106912363,0.00272969624976609,0.00597611760901966,TRUE
"HSD3B7",0.302042926717227,0.00273816377030419,0.00599365324875814,FALSE
"ATP8B4",-0.342654404334693,0.00273892902080551,0.00599432610170273,FALSE
"TMEM186",0.214413099569483,0.00274772832563252,0.00601257884659552,FALSE
"ZNF517",0.294393075157752,0.00275093157499,0.00601858224929296,FALSE
"DICER1",-0.245016844145821,0.00275191918086039,0.00601973699512518,FALSE
"RAB17",0.272904949567051,0.00275438770288592,0.00602413027166429,FALSE
"RPS18",-0.278250833048274,0.00275812243947262,0.00603129096000928,FALSE
"CBFB",-0.492898107297353,0.00275982357229615,0.00603400304083187,FALSE
"RBM10",0.300638547886318,0.00276105256909434,0.00603568212298932,FALSE
"DDI2",-0.155088554393066,0.00276243374906195,0.00603769326255745,FALSE
"ZNF280C",-0.256693361087314,0.00276518769377771,0.0060427036032278,FALSE
"PPP1R2",-0.414064024487226,0.00276886970340886,0.00604873054514079,FALSE
"TMCO6",-0.353086719573568,0.00276853901857604,0.00604873054514079,FALSE
"LGI1",-0.77007023822443,0.00277723880709163,0.00606600107815208,FALSE
"TERF2",0.159953466694659,0.00278936256962571,0.00609146534804668,FALSE
"DIPK1B",0.37262973926127,0.00279275602409935,0.00609785888384067,FALSE
"KCNQ1",0.620695910185129,0.00281147861349643,0.00613669189861543,FALSE
"SPATA6",-0.420160942344938,0.00281110014440297,0.00613669189861543,FALSE
"LPA",-0.402663101525794,0.00281774146163441,0.00614933675874607,FALSE
"SNAP25",0.562324536867132,0.00282734713554808,0.0061692714497659,FALSE
"CDC37L1",-0.294305525843525,0.00282980601445633,0.00617360778891222,FALSE
"C17orf67",-0.543436865589743,0.00283402933578298,0.00618179141354062,FALSE
"ARID4A",-0.213398712135339,0.00284416328984668,0.00620182974528193,FALSE
"NCAPG",0.567842428105536,0.00284395768650031,0.00620182974528193,FALSE
"ABI3BP",-0.485437940350269,0.00284554121439184,0.0062038010955567,FALSE
"FGD2",0.179868879911032,0.00284941509396747,0.00621121252251451,FALSE
"GLIPR2",0.232939523096336,0.00285825065585404,0.00622943525660748,FALSE
"STEAP1",-0.248641580991597,0.00286037859880125,0.00623303538873267,FALSE
"PAQR6",0.594733998581302,0.00286485043032572,0.00624174102742957,FALSE
"MRS2",-0.15787034594789,0.00286773193706859,0.00624697945425989,FALSE
"RAP1B",-0.251731190225719,0.00287346887552812,0.00625843528837366,FALSE
"PDGFRA",0.329888729848717,0.00287668852484502,0.0062644055501116,FALSE
"ITGA4",0.346897657727961,0.00288365997590865,0.0062785425585558,FALSE
"AZGP1",-0.21138379658529,0.00288540896027439,0.00628130597072037,FALSE
"ERI3",0.193807833242177,0.00288859095586671,0.00628718749695877,FALSE
"POLR2B",0.195569712121639,0.00288989945013821,0.00628898996030742,FALSE
"CDC123",0.128336521331925,0.00289073155743682,0.00628975528501959,FALSE
"GLMP",0.287483711829829,0.00289483130850822,0.00629762902808069,FALSE
"GIMAP2",-0.321637164569698,0.00289591372580156,0.00629893711549992,FALSE
"THOC3",-0.356894849031617,0.00290964412604549,0.00632775097976537,FALSE
"RGS5",-0.571732520966145,0.00291691469077055,0.00634250907350408,FALSE
"ANO9",0.682662173876163,0.00292183838964281,0.00635181614946859,FALSE
"TYSND1",0.265113751487482,0.00292216534282381,0.00635181614946859,FALSE
"ACP2",0.209559955634256,0.0029226567023812,0.00635182960617109,FALSE
"PIH1D1",0.259346272970552,0.0029232988985327,0.00635217081818924,FALSE
"KDM6B",0.330124512981146,0.00292436864558626,0.00635344080783526,FALSE
"TM9SF2",-0.201398978843677,0.00292507863391197,0.00635392889914974,FALSE
"NME4",0.321877089176957,0.00292593339005316,0.00635473124462109,FALSE
"HERPUD1",-0.254330085517444,0.00292809233852277,0.00635836538330404,FALSE
"FLT3",-0.436450228000162,0.00292878780389041,0.00635882088367052,FALSE
"FER",-0.238155309787038,0.00293250012330019,0.00636582517231738,FALSE
"CYTH3",0.286250032732053,0.00293305307249351,0.00636596996437087,FALSE
"PRKCE",0.454353698496114,0.00293512285310467,0.00636940633065578,FALSE
"INSR",-0.194268402736676,0.00293817956590375,0.00637498290964731,FALSE
"DDX11",0.38299393390299,0.00293880311596334,0.00637527926995725,FALSE
"CAPN7",-0.224225504187831,0.00294038886802693,0.00637766253482581,FALSE
"CCAR1",-0.166305279667839,0.00294272723112747,0.00638167714260738,FALSE
"PLEKHG2",0.39530082960781,0.00294391112836194,0.00638318722963142,FALSE
"ZNF180",-0.224571891863047,0.00294577654356838,0.00638617428521232,FALSE
"TRIM62",0.337982995689289,0.00295168530260983,0.0063979245002927,FALSE
"PSAT1",-0.279603190866801,0.00295732932134503,0.00640909708244481,FALSE
"CTSZ",0.175789119857252,0.00296225505556493,0.00641870956429262,FALSE
"ZNF607",0.402923254028961,0.00296444500650041,0.00642239186250262,FALSE
"PGAP3",0.254012236494918,0.00296794980614568,0.00642825370572992,FALSE
"ZBTB39",0.268979448498437,0.00296813272617914,0.00642825370572992,FALSE
"MAL2",-0.24704025009169,0.00298112073883902,0.00645531470606689,FALSE
"NFKBIL1",0.328130089545258,0.00298498476248495,0.00646261295029816,FALSE
"ACCS",0.287049070127146,0.00298769781076248,0.00646741728480529,FALSE
"MTCP1",-0.434722060843426,0.00299840944245008,0.00648953156233368,FALSE
"ITGB3BP",-0.312882954140922,0.0029995645777287,0.00649095858704531,FALSE
"ATOSB",0.228818591392127,0.00300097088609312,0.0064918557238485,FALSE
"ST6GALNAC3",-0.407933089077911,0.00300067674945017,0.0064918557238485,FALSE
"KRT19",0.826005284412796,0.00300151003188072,0.00649194933708614,FALSE
"PSMD11",0.150080983145828,0.00300904808062124,0.00650717830715118,FALSE
"ZNF800",-0.249307616343811,0.00301589072277209,0.00652089865277162,FALSE
"FAS",0.358963707323363,0.00302288078901024,0.00653385426609247,FALSE
"ITCH",-0.240465609042021,0.00302272343354834,0.00653385426609247,FALSE
"PTH1R",0.35816009560876,0.00302575288564984,0.00653898263105442,FALSE
"GNE",-0.172847592020644,0.00303221878318453,0.00655187461783328,FALSE
"MCF2L",0.352959629968717,0.00303591070258894,0.00655876945846443,FALSE
"GPRASP1",-0.371418020307444,0.00303696483382882,0.00655986473175579,FALSE
"ZNF638",-0.183076983020082,0.0030374197986483,0.00655986473175579,FALSE
"PRMT6",-0.534878888418043,0.00304501376186691,0.00657518063176011,FALSE
"STAT6",0.179971820671084,0.00304959338040038,0.00658398359765861,FALSE
"CACNA1D",0.273045541467866,0.00305376491856978,0.00659081607548888,FALSE
"TALDO1",0.22221050097061,0.00305345302444129,0.00659081607548888,FALSE
"MRPL58",-0.170912138721433,0.0030621992291046,0.00660793016440374,FALSE
"FAM193B",0.277130432065053,0.00306662040804621,0.00661638008934427,FALSE
"CTNNBIP1",0.225138891093006,0.00307097255614916,0.00662467831687342,FALSE
"RAB26",0.354986144761004,0.00307233010765609,0.00662542345073851,FALSE
"SPTBN1",0.175814228989396,0.00307214820138695,0.00662542345073851,FALSE
"SLC35D2",-0.112470225833407,0.00308075917922724,0.00664250645165399,FALSE
"ZNF415",-0.356315370059173,0.00308176125634781,0.00664357292410761,FALSE
"HLX",0.382349405024723,0.00308289122492236,0.00664491470475528,FALSE
"SPATA31H1",-0.368286415042619,0.00309072849264925,0.00666071068736857,FALSE
"SLC25A45",0.301513590465935,0.00309402638913907,0.00666672045533389,FALSE
"SAFB",0.276069048255057,0.00309824689828376,0.00667471587828385,FALSE
"DDR2",0.205763721819667,0.00310014318348787,0.00667770229651582,FALSE
"ADH6",-0.228089535960392,0.00310558834181089,0.00668723068601778,FALSE
"IQSEC1",0.188830125236643,0.00310542095869629,0.00668723068601778,FALSE
"ZNF444",0.339967547933411,0.00311002742762459,0.00669568805828993,FALSE
"FLVCR2",0.280996832047507,0.00311090313692693,0.00669647219149085,FALSE
"IFI44L",-0.571507969448663,0.0031273974164073,0.00673087078342994,FALSE
"ZFYVE16",-0.301245375482123,0.00313585780909,0.00674797015723312,FALSE
"ATG14",-0.169634947449336,0.00314285551009255,0.00676191690026815,FALSE
"POLM",0.355765868975162,0.0031453794360726,0.00676623522462413,FALSE
"GOLGA2",0.169994635986105,0.00315260451824823,0.00677954966374932,FALSE
"SLC4A4",-0.225257953460792,0.00315220647256538,0.00677954966374932,FALSE
"LEPROT",-0.235000384110638,0.00315322097690304,0.00677976170629243,FALSE
"COL8A1",-0.568379930883338,0.0031554692725092,0.00678348172671437,FALSE
"LAT2",0.178231988496967,0.00315666249140425,0.00678493274297561,FALSE
"GBGT1",0.314511884476285,0.00316418477172672,0.00679998473923937,FALSE
"FDPS",0.712491125864021,0.00317693956571114,0.00682627487186776,FALSE
"TRIOBP",0.256004322226712,0.00317835153472445,0.00682818810183993,FALSE
"TNFSF4",-0.349238574615349,0.00318577507867623,0.00684301350779807,FALSE
"ZNF160",-0.326414408316659,0.00318759444866893,0.00684579831397204,FALSE
"TMTC1",-0.406453230992384,0.00319034566638257,0.0068505831497918,FALSE
"TTC39A",0.536639074323064,0.00319353482440436,0.00685630664498227,FALSE
"CABLES2",0.245811939829627,0.00319413382882122,0.0068564682877402,FALSE
"MELK",0.796187930675529,0.00320696663865879,0.00688288643169196,FALSE
"ZNF248",-0.18370161208339,0.00320903407904565,0.0068861947488716,FALSE
"ARHGEF19",0.488621031211965,0.0032109823009396,0.0068892461953296,FALSE
"PRPF4",0.159863013491461,0.00321209931274088,0.00689051355110661,FALSE
"SSR1",-0.18281138134613,0.00321737272237903,0.0069006952295849,FALSE
"TRMT10C",-0.236006960986769,0.00322780894347909,0.0069219450758441,FALSE
"POLI",-0.242852009351934,0.00323132458001936,0.00692834939430289,FALSE
"BLOC1S1",-0.453382989205274,0.00323926560848141,0.00694423863537557,FALSE
"LRAT",-0.349590952432211,0.00324387739098188,0.00695298670640713,FALSE
"AKNA",0.355698757712642,0.00324817655978968,0.00696106196116655,FALSE
"ZFAND2B",0.237153529073762,0.00324883579908434,0.00696133523430641,FALSE
"GCNT4",0.417152876982149,0.00324996210932086,0.00696260905502025,FALSE
"HYCC1",-0.169076357097158,0.00325760604604857,0.00697784331722316,FALSE
"PRKACB",-0.348799440302777,0.00326318549879718,0.00698865116150052,FALSE
"RAMP1",0.521171339130535,0.0032701378748301,0.00700239533157928,FALSE
"NPRL3",0.33682500417864,0.0032728190731169,0.00700699056504439,FALSE
"ETFB",0.302680335658875,0.00327694603262141,0.00701467911364936,FALSE
"ZNF85",-0.5510104553744,0.0032802285927926,0.0070205579102241,FALSE
"ANKMY2",-0.127854244233681,0.00329148891553616,0.00704350651882958,FALSE
"CARM1",0.214809190225476,0.00329236385759851,0.00704422742665137,FALSE
"DDX27",0.149195077848375,0.00330183135700485,0.00706332943233782,FALSE
"KLHL9",-0.179998130871728,0.00330377583654193,0.00706633446365086,FALSE
"RNF5",-0.197599377320645,0.00330524683441172,0.00706832596473673,FALSE
"CWF19L2",-0.175935226730144,0.0033113755944598,0.00708027589133884,FALSE
"SLC44A3",0.498456982373873,0.00331376728051094,0.00708423272966186,FALSE
"RFC5",-0.140656403552025,0.00331592792844804,0.00708769443905987,FALSE
"EGLN2",0.196344133989288,0.00332630290543316,0.00710871002904522,FALSE
"RTN4RL2",0.449306131369257,0.00333010020485623,0.00711566376399181,FALSE
"SCP2",-0.184976659956948,0.0033358616155917,0.00712681140197888,FALSE
"ENDOG",0.440174576733285,0.00333944579699768,0.00713330467846201,FALSE
"SNAI2",-0.355742780763584,0.00334079807799492,0.00713502910882699,FALSE
"HLA-A",0.309042443119244,0.00334314419030977,0.00713887518178691,FALSE
"CMAS",-0.195086994889187,0.003345128364822,0.00714194725248688,FALSE
"MYBL1",-0.570168922544082,0.00334732514116811,0.00714547215851506,FALSE
"GLYCTK",0.331884105532012,0.00335030398850689,0.00715066511534597,FALSE
"RMI2",0.53865710915768,0.00335171725636474,0.00715251545563604,FALSE
"RPL28",0.421105145678678,0.00335665190852199,0.00716187855058179,FALSE
"RCHY1",-0.250012187639437,0.00335968696012759,0.00716718619553371,FALSE
"AACS",0.552151504591449,0.00336086023067577,0.00716852103942768,FALSE
"CABLES1",0.219634204275474,0.00336906245345851,0.00718484535603174,FALSE
"IQCN",0.377776974231393,0.00337078522290763,0.00718734855672748,FALSE
"HSPB8",0.503517652656252,0.00337184442748577,0.00718843628800581,FALSE
"ZNF747",-0.228833597906225,0.00337401658473904,0.00719189598297029,FALSE
"TRDMT1",-0.378757648594642,0.00338048383223223,0.00720450827471664,FALSE
"SOCS5",-0.275460433256898,0.00338332972924844,0.00720939987228526,FALSE
"PNPLA4",-0.245363102067977,0.00338403838768322,0.00720973646404373,FALSE
"MRPS5",-0.0833769718173171,0.00338934817402249,0.00721957223338076,FALSE
"MYO10",0.155024140694207,0.00338975790701127,0.00721957223338076,FALSE
"METTL2A",0.184010505714769,0.00339261593342282,0.00722448402738638,FALSE
"ORC1",0.509209758007322,0.00339880882429706,0.0072364945727268,FALSE
"OSGEP",-0.188197815259068,0.0034044534980053,0.00724615594145429,FALSE
"YTHDF3",-0.179874557685028,0.00340413562761937,0.00724615594145429,FALSE
"PDS5B",-0.164479204605035,0.00340853867385961,0.00725367170321359,FALSE
"TYW3",-0.0854810015156628,0.00343666667647868,0.00731234196789516,FALSE
"KIAA2013",0.2312446924913,0.00343833002384253,0.00731469234191523,FALSE
"GBP5",0.321738605147691,0.00343897611244065,0.0073148781907511,FALSE
"EPHB4",0.278089869051115,0.00344844712335485,0.00733383199138429,FALSE
"EMSY",-0.192763004641935,0.00345373141297919,0.00734387715749937,FALSE
"PRR13",-0.292528461871229,0.00345547907903636,0.00734640014659696,FALSE
"CPXM2",0.571530027064171,0.0034586661212908,0.00735198195485293,FALSE
"SYPL1",-0.264554372845002,0.00346318527021522,0.00736039311000936,FALSE
"ZNF155",-0.23560171627219,0.00346961611893091,0.00737286385798466,FALSE
"ERLEC1",-0.219033600477841,0.00347421766266556,0.00738144395319985,FALSE
"FGL1",-0.385123574186806,0.00348061200979814,0.00739382969856842,FALSE
"SIGLEC15",0.591974029715596,0.00348744654660777,0.00740714636407996,FALSE
"CDC42BPA",-0.163066811313252,0.00348902674866664,0.00740930059911496,FALSE
"CDC42SE2",-0.2911378025616,0.00349159321641946,0.00741354823051632,FALSE
"IGSF6",0.263019948697185,0.00349218149491644,0.00741359496212842,FALSE
"DAD1",-0.200726233498319,0.00350619078211259,0.00744104632496869,FALSE
"MAP4K3",-0.360963303985927,0.00350624921927374,0.00744104632496869,FALSE
"ZNF608",-0.248098219733331,0.00352161144634907,0.0074724371240846,FALSE
"LSM11",-0.20402163429232,0.00352366467858718,0.00747558223498029,FALSE
"ZNF682",-0.418516709307835,0.00352846098909675,0.00748454492372888,FALSE
"FAM98C",0.291268942638035,0.00354391555748362,0.00751610926268842,FALSE
"ATP2A2",0.25828565126153,0.0035472877124746,0.00752204255453797,FALSE
"HEATR6",0.234687236355783,0.00354876056231864,0.00752394709018228,FALSE
"AFF3",-0.290215105446635,0.00355113228693672,0.00752775646058541,FALSE
"EIF3F",-0.202850094776501,0.00355613118620353,0.00753713282981651,FALSE
"IPCEF1",-0.489844409057576,0.00355943816342927,0.00754292075681708,FALSE
"ZBP1",-0.364833263124284,0.00356139609200148,0.00754584846034687,FALSE
"SPINT2",0.439645271239476,0.00356450168045078,0.00755120647256661,FALSE
"CAPRIN2",-0.182689808619492,0.00357216797461706,0.00756622279949629,FALSE
"NUDT3",0.115871526734852,0.00357403489675729,0.00756895258303889,FALSE
"PALS2",-0.216820776740283,0.00357512416769731,0.00757003487036928,FALSE
"KLHL32",-0.346140644046026,0.00357909306449037,0.00757721319539262,FALSE
"ADCK1",0.24964854575778,0.00359421428971945,0.00760676583915405,FALSE
"ZNF644",-0.238827840670869,0.00359413596066649,0.00760676583915405,FALSE
"SUPT5H",0.221940823491203,0.003604066387289,0.00762638389241758,FALSE
"DPP9",0.270020518735094,0.00361191462440504,0.00764175602176968,FALSE
"SELENBP1",0.258414077631524,0.00361550213747367,0.00764811019289146,FALSE
"NCEH1",0.409423072127387,0.00361782961393427,0.00765179730300929,FALSE
"SMARCD3",0.32998897924391,0.00363132631643502,0.00767910259001249,FALSE
"SCARF1",0.299654454602743,0.00363557053692965,0.00768683615463227,FALSE
"MLIP",0.593193925026456,0.00364045866805075,0.0076959284485904,FALSE
"FAP",0.742843145048743,0.00364208972611866,0.00769813346695924,FALSE
"ADGRA2",0.34158057304144,0.00364662837306936,0.00770648243102891,FALSE
"KRR1",-0.186721962470279,0.00365516756789143,0.00772328176223928,FALSE
"DDIT4",0.49129650841147,0.00365593266750487,0.00772365184492073,FALSE
"ARL1",-0.174296632759189,0.00365938600914595,0.00772970016646317,FALSE
"VEPH1",0.564406315274799,0.00366352289396513,0.00773719014805477,FALSE
"PPP1R3F",0.291968995675005,0.0036768791821468,0.00776414552462353,FALSE
"POMK",0.689434026297335,0.00367997116983907,0.00776942147323546,FALSE
"RBM43",-0.213456326437427,0.00368082316462676,0.0077699672478706,FALSE
"ANAPC4",-0.281514898502736,0.00369106312343513,0.00779032700499963,FALSE
"ADAMTS12",0.314059247045916,0.00369712442317149,0.00780186217733095,FALSE
"FBXO17",0.181106916712355,0.0037021997290565,0.00781131327200768,FALSE
"GUF1",-0.131131006905959,0.00370800202697402,0.00782229496247887,FALSE
"YWHAQ",-0.21886521156693,0.00371469990285674,0.00783516209573069,FALSE
"MEST",-0.213107007436635,0.00373518219951223,0.00787709493492495,FALSE
"RPS11",-0.263209858017395,0.00374142505418565,0.00788898966168442,FALSE
"CDON",-0.281447910155936,0.00374213677519172,0.00788921975214332,FALSE
"WDR20",-0.111812949452056,0.00374765580603626,0.00789958296773896,FALSE
"PFDN4",-0.499795752927631,0.00375513428086224,0.00791407244125056,FALSE
"SLC2A1",0.434152885654877,0.00375744746117793,0.00791767296986021,FALSE
"SLC25A19",0.267952045013037,0.00376004475113416,0.00792187091758101,FALSE
"ANGPT2",-0.74273331949607,0.00377378711074837,0.00794954478743648,FALSE
"STON1",-0.486625359401102,0.00378294482134314,0.00796755366811847,FALSE
"ZSCAN22",0.24977415200771,0.00378506524880537,0.00797073737129803,FALSE
"MAP3K3",0.17675249057721,0.00378707416163022,0.00797368525636264,FALSE
"PLP2",0.310990684814449,0.00380274317005017,0.00800443120785943,FALSE
"TMEM138",0.28276975445398,0.00380289964198638,0.00800443120785943,FALSE
"CARS2",0.217589290683842,0.00380708347570502,0.00801194934318118,FALSE
"PARP4",0.396465623386264,0.00381023050071266,0.00801728346437322,FALSE
"DPH5",-0.184604510936508,0.00381312902480886,0.00802209307292265,FALSE
"CCT8",-0.122382835951365,0.00381659451551789,0.00802809373347689,FALSE
"C19orf44",0.25512603857905,0.00382069413095751,0.00803542611445714,FALSE
"WIPF3",0.535758807357683,0.0038239857190025,0.00804105702428216,FALSE
"ADPGK",-0.205031418453969,0.00382718803457896,0.00804649843403047,FALSE
"MPHOSPH6",-0.312728380129146,0.00383896503411058,0.0080699631063866,FALSE
"ZNF195",-0.26445286968125,0.00383986365091463,0.00807055625586361,FALSE
"AFF4",-0.283801125821128,0.00386485355690635,0.00812103750453286,FALSE
"FAM50A",0.250595753712743,0.00386512257032877,0.00812103750453286,FALSE
"JAK3",0.168997351691154,0.00387363740979178,0.00813735346317157,FALSE
"PALD1",0.265571346707024,0.00387413108279471,0.00813735346317157,FALSE
"PFDN6",-0.203834619094928,0.00387618497501606,0.00813905592508586,FALSE
"RLIM",-0.186578619702176,0.00387588161136732,0.00813905592508586,FALSE
"CBLN3",0.714603038645941,0.00387811320681107,0.00814109353841877,FALSE
"TSPAN7",-0.408835774906247,0.00387839905278932,0.00814109353841877,FALSE
"NRDE2",0.224170772915448,0.00387997712521541,0.00814310043656945,FALSE
"GFPT1",-0.323828364460735,0.00388192369702838,0.00814587995536072,FALSE
"CD300LF",0.400607964945423,0.00388313253021302,0.00814630293861167,FALSE
"RRM1",0.265598808886945,0.0038833697402899,0.00814630293861167,FALSE
"MARK3",-0.165032770213609,0.00388756992704382,0.00815250127900973,FALSE
"VANGL2",0.613111037955466,0.0038873649862284,0.00815250127900973,FALSE
"HMCN1",0.364636547587913,0.00388861357757992,0.00815338388175469,FALSE
"AMDHD1",-0.393502243745002,0.00389277715083067,0.00816080679882709,FALSE
"HSPBAP1",-0.337707297856624,0.00389379846274576,0.0081616409661011,FALSE
"SNRNP70",0.349522305594981,0.0038980385647168,0.00816922056815629,FALSE
"ATRIP",0.274197773532147,0.0039042722194762,0.00818097501558617,FALSE
"SLC5A9",0.449213456755948,0.00390587002119788,0.00818301333293689,FALSE
"STXBP3",-0.315238150830113,0.00390958607024507,0.00818948813306376,FALSE
"IFT57",-0.198283119275195,0.00391226402312843,0.00819116593487885,FALSE
"KRAS",-0.141132432028238,0.00391145998938425,0.00819116593487885,FALSE
"REEP3",-0.237731506266361,0.00391210535471667,0.00819116593487885,FALSE
"AK1",0.338281019591516,0.00391481491849242,0.00819519618050891,FALSE
"SMAP2",-0.167225181600319,0.00391889849530692,0.00820243310960163,FALSE
"HAUS1",-0.22985440335401,0.0039198916190223,0.0082024500693081,FALSE
"PPCDC",0.236463327879222,0.00392015964586471,0.0082024500693081,FALSE
"ABCC1",0.184477361103965,0.0039263801190935,0.00821415284742284,FALSE
"RFXANK",0.297562466153596,0.00393218901611074,0.00822480911334423,FALSE
"SLC25A3",0.166382327368863,0.00393273029709249,0.00822480911334423,FALSE
"CFHR1",-0.509438412393493,0.00393918256470376,0.00823698740410504,FALSE
"FAM118B",0.222249776229824,0.00395148629660022,0.00826139549586236,FALSE
"EIF5",-0.114083402975625,0.00395656650777333,0.00827069594759196,FALSE
"CLHC1",-0.43550309788859,0.00395902956389889,0.00827452347550515,FALSE
"GOLGA7",-0.173627517510377,0.00396286151802341,0.00828121037413607,FALSE
"LYST",-0.213552039352715,0.0039730382018823,0.00830115163406369,FALSE
"MDK",0.478884956572923,0.00397408339878508,0.0083020105085199,FALSE
"ATXN1L",0.256091625530097,0.00397813460478183,0.00830914777374023,FALSE
"DIS3L2",0.217062616963348,0.0039789793810611,0.00830958654599649,FALSE
"IQSEC2",0.281370296894313,0.00398830633164835,0.00832773628292508,FALSE
"NDUFB3",-0.197142805611769,0.00399110858525873,0.00833225858686131,FALSE
"GPRASP2",-0.157942662140668,0.00402467713433504,0.0084010001662491,FALSE
"ITPR1",0.250618394001719,0.00403782305314922,0.00842709698897331,FALSE
"LRRC37B",-0.345754831338114,0.00405845717132204,0.00846881117101501,FALSE
"SYNJ1",-0.264743668573742,0.00406798092453693,0.00848733167554382,FALSE
"CLEC14A",0.319660466923364,0.00407386474839968,0.00849825323232131,FALSE
"CLIC6",0.697934849553315,0.0040928371298556,0.00853647024120911,FALSE
"PPARGC1B",0.387471468326905,0.00409815094950752,0.0085461918176095,FALSE
"MDFIC",-0.408978728028057,0.00410048936064779,0.0085497064356746,FALSE
"CCNY",-0.143242270100956,0.00410181000928765,0.00855109819133661,FALSE
"MEP1B",0.657366616384757,0.00410349469782166,0.00855324830184385,FALSE
"EID1",-0.336972278841511,0.00410556199966585,0.0085561951129617,FALSE
"BMS1",0.161012184070358,0.00411804661771521,0.0085808477350195,FALSE
"BTN3A3",0.219577513251842,0.00412021718911216,0.00858400436662259,FALSE
"UBXN8",-0.121086783662772,0.00412173431685877,0.00858579883473588,FALSE
"DCLRE1B",0.254359078274644,0.00412255175070564,0.0085861354629714,FALSE
"SNRNP40",0.173889748898981,0.00413470436948325,0.00860918090590734,FALSE
"WDR44",-0.18381613114434,0.00413493198413881,0.00860918090590734,FALSE
"SIGLEC14",0.533969007284137,0.0041440031755174,0.0086266957503377,FALSE
"FUOM",0.341273639499463,0.00414794260776155,0.00863352378709288,FALSE
"RASAL3",0.449662714611262,0.00415270302076342,0.00864205817005796,FALSE
"TMEM134",0.334477033938358,0.00415676001180173,0.00864775179954048,FALSE
"TNIK",-0.404697225778599,0.00415628044181716,0.00864775179954048,FALSE
"ZNF335",0.250488620512204,0.00415812452642896,0.00864921612647091,FALSE
"PCYT2",0.324755273863733,0.0041592589381547,0.00865020143261658,FALSE
"SNAPC5",-0.170452892871367,0.00415998009877835,0.00865032710502004,FALSE
"PNPLA7",0.411930774156466,0.00416097616064496,0.00865102428063583,FALSE
"SPATA25",0.693187255643032,0.00416689728446936,0.00866195923281564,FALSE
"ARHGEF12",-0.105751819009039,0.00416872986201355,0.00866301767515577,FALSE
"EPRS1",0.284164047362549,0.00416830834659859,0.00866301767515577,FALSE
"SNRPB",0.278210493204927,0.00417469406395815,0.00867403502385973,FALSE
"POLR3G",-0.341427343411429,0.00417705397942917,0.00867756120258437,FALSE
"KAT2A",0.163535954902575,0.00418538937457329,0.00869349796793804,FALSE
"EMP1",0.47999718646942,0.00419948960812882,0.00872140195901372,FALSE
"FAM151A",0.852394648241331,0.0042121620140656,0.00874633228995193,FALSE
"CERCAM",0.458414186388677,0.00422046557319666,0.00876137169746835,FALSE
"WASF2",0.183711027105331,0.00422074330094202,0.00876137169746835,FALSE
"PPP1R10",-0.229317339272975,0.00422631807622053,0.00877047451985792,FALSE
"RTN1",0.48369894887396,0.00422646835821751,0.00877047451985792,FALSE
"RARRES1",-0.492595974099127,0.00423169803982405,0.00877993514063019,FALSE
"TTC22",0.299385245926369,0.0042341482885569,0.00878362690441878,FALSE
"SCRN1",0.370218120697615,0.00424418249613853,0.00880304772488048,FALSE
"TIGD1",-0.258785504513508,0.00424506445655365,0.00880348231667993,FALSE
"PPP4R1",0.155785897509555,0.00424756471854884,0.00880727229889791,FALSE
"IAPP",-0.690791028197888,0.00426321187406305,0.00883831668333072,FALSE
"RWDD2B",-0.144010742988225,0.0042864821425248,0.00888515266148428,FALSE
"TEFM",-0.139281073801039,0.00429066972826505,0.00889242489828179,FALSE
"HCLS1",0.118581162041432,0.00429614642505534,0.00890236609636349,FALSE
"UBE3C",0.206421226191528,0.00429873575173146,0.00890632195943477,FALSE
"BLVRB",0.326038250214079,0.00430017391257483,0.00890789190877052,FALSE
"BPGM",-0.158357336253887,0.00430488808006901,0.00891624659773193,FALSE
"HNRNPK",-0.133587484594778,0.00430860917903187,0.00892254213411661,FALSE
"SEPHS2",-0.145561935224403,0.00430995285140455,0.00892391313151801,FALSE
"CCDC8",0.377760875151174,0.00431251182033126,0.00892779961286794,FALSE
"ITPKB",0.159812166996952,0.00431425739665933,0.0089300012390615,FALSE
"TMEM8B",0.286302684941801,0.00432007356748268,0.00894062648521709,FALSE
"CYS1",0.412993257065392,0.00434084829554742,0.00898078158743787,FALSE
"SMAD1",0.32657258931384,0.00434022593230289,0.00898078158743787,FALSE
"CYB5R1",0.144869315581241,0.00434606635566062,0.00899015653789048,FALSE
"METTL22",0.236805242851404,0.00434714448716542,0.00899096613364449,FALSE
"NGRN",0.204382876412957,0.00434846306344431,0.00899227269414198,FALSE
"FBRSL1",0.502505211742183,0.00435240268798166,0.00899899810345166,FALSE
"TRMT10B",-0.308714841900141,0.00436562715380871,0.00902491563203278,FALSE
"DNAAF8",0.539613594479103,0.00438661574211372,0.00906544171992941,FALSE
"SYTL4",0.299198571833564,0.00438609818035848,0.00906544171992941,FALSE
"CLDN1",-0.223496708773866,0.00439420803164965,0.00907969879267001,FALSE
"ABCG1",0.248399871815663,0.00439523158081208,0.00908038059902032,FALSE
"CTNNBL1",0.205135180014214,0.00439856110809852,0.00908582550129786,FALSE
"MATK",0.561378273513146,0.00440030489266436,0.00908799363539387,FALSE
"DNAH2",0.418632175987248,0.00440685831805834,0.00909884188422333,FALSE
"HNF4G",-0.178634483887287,0.00440694747844944,0.00909884188422333,FALSE
"ASTN2",0.351756877854099,0.00441415114409876,0.00911227795309696,FALSE
"SYNM",0.329438193184966,0.00442145793233171,0.00912592263126073,FALSE
"PRELID3B",-0.250348725468977,0.00442588659743643,0.0091336234762985,FALSE
"DCLRE1A",-0.139183069600055,0.00443104133081451,0.00914137931027789,FALSE
"TXN2",0.184566612237332,0.00443070135080724,0.00914137931027789,FALSE
"HFE",0.259552365348697,0.00444732514930107,0.00917352778551278,FALSE
"NCAPD2",0.200525849507667,0.00444934572809901,0.0091762498853611,FALSE
"ERO1A",-0.232828201249137,0.00445107334740625,0.00917836702854663,FALSE
"SAMTOR",-0.426709227602799,0.00445536033401505,0.0091857602351063,FALSE
"PCYOX1L",0.208790446363817,0.00446415373269337,0.00920244066578831,FALSE
"GALNT3",-0.445326583549168,0.00447389789652824,0.00922107545046407,FALSE
"MMRN2",0.27292080772349,0.0044820596095318,0.00923644331937516,FALSE
"ATG4A",0.184462394621211,0.00450066040791322,0.00927303081033604,FALSE
"RHEB",-0.135466522372878,0.00450123058353846,0.00927303081033604,FALSE
"RESF1",-0.165481722774365,0.00451118371924891,0.0092920731989312,FALSE
"CLINT1",-0.179783060001462,0.00451523728304258,0.00929749709178883,FALSE
"HID1",0.313259251056503,0.0045146031921428,0.00929749709178883,FALSE
"ARAP2",-0.306993332146785,0.00452132589202668,0.00930857030640247,FALSE
"CNOT6",-0.211513207240689,0.00452885867629917,0.00932261286007998,FALSE
"CASP10",0.180247346137681,0.00453004804246374,0.00932359518502363,FALSE
"STAT5B",-0.114727546570418,0.00453112722176593,0.00932435045384464,FALSE
"SRSF7",-0.279066248446123,0.00453345597713314,0.00932767651306412,FALSE
"ZNF577",-0.316380235591131,0.0045355690958805,0.00933055792006088,FALSE
"CD86",0.334849438267736,0.00453719089243667,0.00933096185419116,FALSE
"NUP37",-0.163320621061882,0.00453705077775716,0.00933096185419116,FALSE
"PRKAR1A",-0.396403315274452,0.00454358845586447,0.00934265118017553,FALSE
"CTDSP1",0.282816864253382,0.00454676502322094,0.00934771477449883,FALSE
"ASXL3",-0.376604026153398,0.00455768400990331,0.00936869195441264,FALSE
"CERK",0.184009903274978,0.00457380589763601,0.00940035585743339,FALSE
"CDCA8",0.497118533567996,0.00458339641563862,0.009418588270843,FALSE
"ATP6V1F",0.24561849918576,0.00458420973529045,0.00941878120753649,FALSE
"PNISR",-0.212403161900701,0.00459380495803464,0.00943701467293103,FALSE
"CSNK2A2",-0.132082267186217,0.00460441198246375,0.00945616910255401,FALSE
"RPRD1A",-0.136031589918878,0.00460520834216136,0.00945616910255401,FALSE
"TTC1",-0.145401502750017,0.00460548653045538,0.00945616910255401,FALSE
"UBE2T",0.48558086229652,0.00460601820707202,0.00945616910255401,FALSE
"DENND2C",-0.111889091374315,0.00460745583620834,0.00945763747375973,FALSE
"EML4",-0.208913940762863,0.00461139741654913,0.00946424439214003,FALSE
"ZBTB12",0.408069186002116,0.00461344189745645,0.0094669563199843,FALSE
"VPS9D1",0.55071117528244,0.00462074908414212,0.00948046497564466,FALSE
"GCLM",-0.30948490590665,0.0046236542283019,0.00948493907190982,FALSE
"CLASRP",0.255552963439269,0.0046282333880701,0.00949284529478517,FALSE
"PTAR1",-0.197740724449463,0.00463037498499675,0.00949575020419446,FALSE
"FHOD1",0.247669608121092,0.00463785208719727,0.0095095942874842,FALSE
"JAML",0.267128527666568,0.00464068646373007,0.00951391593848327,FALSE
"HSD11B1",-0.20016525855,0.00464212646444685,0.00951537806051952,FALSE
"LGR6",0.566810757536378,0.00465085243212422,0.00953177207911245,FALSE
"PBXIP1",0.183017326703463,0.00465266878933147,0.00953400215838591,FALSE
"PTMA",-0.162104618624549,0.0046601418834587,0.00954782121099239,FALSE
"EVC2",0.49440028896968,0.00466614011207591,0.0095572701826035,FALSE
"ZNF493",-0.300012136606467,0.00466621379523385,0.0095572701826035,FALSE
"NFKBIB",0.234742735578514,0.0046727401590002,0.00956914033499618,FALSE
"HOOK1",-0.366179949339852,0.00469152438927592,0.00960610530253369,FALSE
"PPFIA1",0.126570248460094,0.00469409944253855,0.00960987488689831,FALSE
"BICD2",0.128343161818355,0.00470003428046852,0.00962052045026483,FALSE
"FBLN1",-0.732449722422214,0.00470178605211428,0.00962260168739725,FALSE
"RPS14",-0.311075582077314,0.00470484708676535,0.00962736137229322,FALSE
"HEATR5B",-0.176189326441038,0.00470917968350335,0.00963472111524079,FALSE
"C5orf24",-0.401854371771858,0.00471047735800858,0.00963587024547629,FALSE
"CYP2S1",0.464920386151022,0.00471190060680845,0.00963727585445027,FALSE
"ENHO",0.374948315225039,0.00471444392849899,0.00964097155762398,FALSE
"SHPK",-0.405895149307352,0.00471821802839175,0.00964718263746756,FALSE
"RTN4IP1",0.272372801649223,0.00473667211528543,0.00968340276910007,FALSE
"NR2F2",-0.206944490499866,0.00474407395550757,0.00969702048797895,FALSE
"KIFAP3",-0.183426771591829,0.00474617431272006,0.00969979926664548,FALSE
"ANKRD42",-0.196048844949138,0.00474810792382689,0.00970223645056058,FALSE
"SLC1A5",0.410989542320355,0.00474928680233683,0.00970313090140353,FALSE
"PCNT",0.227756526579609,0.00477146343841504,0.00974539771228233,FALSE
"ZNF71",0.411494423327803,0.00477095227636757,0.00974539771228233,FALSE
"PAIP2B",-0.11580984847452,0.00478186275673437,0.0097651142116934,FALSE
"DUSP23",-0.412917358335347,0.00479276274109411,0.00978584681946415,FALSE
"C1orf35",0.288294347501732,0.00479579448742269,0.00979051012464335,FALSE
"PPP1R18",0.255465799822754,0.00481955143875962,0.0098374754343999,FALSE
"SCOC",-0.505935295629947,0.00482269279736854,0.00984235293891644,FALSE
"ZFP36L1",-0.242330085118337,0.004824213728978,0.0098439224033323,FALSE
"DNAAF2",-0.197087268743121,0.00482549414867402,0.00984500068481226,FALSE
"PCK2",0.271254953049825,0.00483875395749587,0.00987051524018945,FALSE
"MPP3",0.558028672872309,0.00484807211919628,0.0098879825805449,FALSE
"STX7",-0.275304343162671,0.00485904737667695,0.00990882371580291,FALSE
"PDPK1",0.19534759377775,0.00486097484180488,0.00991121050130969,FALSE
"BCO2",-0.38431135347091,0.00486856287946737,0.00992513628433305,FALSE
"ILF3",0.15781964555727,0.00487827396669544,0.00994338514276454,FALSE
"BMPR1B",-0.55744062782093,0.00489550557235231,0.0099769550051738,FALSE
"GDI2",-0.144555404893475,0.00490991717069987,0.0100047681865841,FALSE
"TACC2",0.286261853953213,0.0049283148818112,0.0100406938114958,FALSE
"TNFSF13B",-0.454633226964327,0.0049334502821406,0.0100495925149813,FALSE
"ZNF420",-0.152312946541611,0.00494654771161951,0.010074704828955,FALSE
"ATP5F1B",0.231128644414163,0.00495645958422702,0.0100933222704464,FALSE
"COX7A2",-0.241441684014717,0.00497508515723107,0.0101296757198241,FALSE
"PRKACA",0.195434650264846,0.00497594716439196,0.0101298554309158,FALSE
"SMAD9",-0.53339445868885,0.00497804678914212,0.0101325541920785,FALSE
"MPDZ",-0.164435549337456,0.00498458905424806,0.0101442934708869,FALSE
"PSMG4",-0.215565111553861,0.00498950208300532,0.0101527139059225,FALSE
"LCMT2",-0.192502624802916,0.00499752856109624,0.0101674660329249,FALSE
"SETD3",-0.115969576937756,0.00499848458325832,0.0101678309763856,FALSE
"MT1A",-0.725826845157327,0.00500175059613389,0.0101728940196652,FALSE
"STKLD1",-0.385403463823597,0.00500516293632984,0.0101782530541209,FALSE
"CD59",0.183880077471753,0.00502516483694293,0.0102173408984713,FALSE
"ADCY4",0.326179267379034,0.00503607298376664,0.0102379297365641,FALSE
"KCTD10",0.186184278201572,0.00504009329448595,0.0102445119409114,FALSE
"USP42",-0.186807497894842,0.0050422023812799,0.0102472079440727,FALSE
"ASPDH",0.400496829761358,0.00504376866357748,0.0102488001464467,FALSE
"GUCY1B1",-0.294330014669327,0.00504529527685608,0.0102503112608007,FALSE
"MTTP",-0.198632825147651,0.00505635003725898,0.0102711768328618,FALSE
"ZFP14",-0.199570120488816,0.00506170664314491,0.0102804628253263,FALSE
"GEMIN8",-0.173349573237562,0.00508948693327158,0.0103336791145148,FALSE
"PRDM15",0.25862272524895,0.00508935467172062,0.0103336791145148,FALSE
"ZNF703",0.396472120136908,0.00509705769315866,0.0103474460100532,FALSE
"SMC4",-0.239794604614523,0.00510354066043546,0.0103590006707629,FALSE
"EGR2",-0.722590138847825,0.00510728088127263,0.0103649854747514,FALSE
"IP6K2",0.202572545809362,0.00511240868398802,0.010372475893109,FALSE
"PORCN",0.351219657606045,0.00511255628920196,0.010372475893109,FALSE
"GALNS",0.223085514257045,0.00514128461073805,0.0104291444257488,FALSE
"FCGR3B",0.591401444315493,0.00515216934148825,0.0104496051152229,FALSE
"FBXO48",-0.253987105485226,0.00515539962429612,0.0104545371563328,FALSE
"FAAH2",-0.254261800029794,0.00516859063179024,0.0104796637062719,FALSE
"AP3M2",0.216975689896198,0.00516948694892152,0.0104798580265222,FALSE
"C5orf22",-0.153025761920403,0.00517475627935842,0.0104889161184952,FALSE
"PRR18",-0.535613759192005,0.00520115230858339,0.0105407873102127,FALSE
"GID4",-0.145604635644101,0.00521370830168644,0.0105620556640658,FALSE
"MT1X",-0.651226536224984,0.00521406704528395,0.0105620556640658,FALSE
"PTPRE",0.269517964766942,0.00521278397080227,0.0105620556640658,FALSE
"HRAS",0.476977593422089,0.00523481041463877,0.0106012802215222,FALSE
"TUBA1A",0.317976635799796,0.00523505015522005,0.0106012802215222,FALSE
"TTLL3",0.202751547295958,0.00524592350987134,0.010621656447763,FALSE
"GPR146",0.250650366876495,0.00525300214048003,0.0106343442126434,FALSE
"CBS",0.547138385939484,0.00525486082635196,0.0106364622663265,FALSE
"EIF4A2",-0.17153193697168,0.00525633997481279,0.0106378115551475,FALSE
"TRMT6",-0.168997333965194,0.00526326045871982,0.0106501709313076,FALSE
"MNAT1",-0.201622610693005,0.00527235972040183,0.0106669345479062,FALSE
"MYH2",2.96615536996766,0.00527976741157223,0.0106802711607391,TRUE
"C12orf57",0.402735449760181,0.00529320723810742,0.0107058039798088,FALSE
"USP14",-0.171770526064145,0.00529939646857318,0.0107166664452518,FALSE
"WWOX",-0.166951314585218,0.00530289861582117,0.0107220924599739,FALSE
"EIF4G3",0.19017910403336,0.00533428739994365,0.0107822279821001,FALSE
"IFNAR1",-0.147611931737333,0.0053341421330307,0.0107822279821001,FALSE
"STX3",0.182928342608575,0.00534097205504155,0.010794073193054,FALSE
"DENND3",0.19726076866412,0.0053453398182153,0.0108012330452346,FALSE
"ZNF672",0.178003434153793,0.0053466768398409,0.01080226746716,FALSE
"STAT4",-0.468911174774863,0.00536578738109502,0.0108392051216318,FALSE
"ZFR",-0.0889803222648742,0.00538134059697831,0.0108689464818945,FALSE
"CIAO1",0.12004551365668,0.00538339609112008,0.0108714208892402,FALSE
"ATXN7L2",0.35865489558341,0.00538839233850319,0.0108798322787915,FALSE
"CHMP7",0.12932132544446,0.00540972967421895,0.0109212306699884,FALSE
"PDCL3",0.181942812522453,0.00544384571156826,0.010988410122703,FALSE
"ENPP3",-0.325317973445013,0.00549658827708704,0.0110931607405,FALSE
"ZMYM2",-0.227552899387307,0.00550176960312658,0.0111019062336827,FALSE
"BTF3L4",-0.308082411795666,0.00552182542066772,0.0111406593323134,FALSE
"ABI1",-0.238298445111147,0.00553358790716646,0.0111626707057971,FALSE
"TMEM231",-0.312323480917552,0.005541071188945,0.0111760443699997,FALSE
"WASHC5",0.310764531668427,0.00554199607890776,0.0111761880260413,FALSE
"HAGH",0.27371675229739,0.00554561348792135,0.0111817606320447,FALSE
"CCDC82",-0.28957043823579,0.00554914573987999,0.0111871598439342,FALSE
"TET2",-0.259725208140909,0.00556350224339113,0.0112143758846,FALSE
"OTUB2",0.365660879154338,0.00556787724468557,0.0112214668853792,FALSE
"MFSD13A",0.280979954669755,0.00558379060314504,0.0112518064608858,FALSE
"RNF25",0.26178815855359,0.0055850149131177,0.0112525415885714,FALSE
"ZSCAN12",-0.173243928839736,0.00558666409242747,0.011254132373913,FALSE
"ZNF284",-0.346506402803404,0.00559116514327456,0.0112614667778078,FALSE
"POP5",-0.181352253485215,0.00559326223635483,0.0112639577293274,FALSE
"PCOLCE",0.492989110801154,0.00560319189187991,0.0112822190477533,FALSE
"KLRF1",-0.5042078406739,0.00560918424131255,0.011292548068163,FALSE
"TM9SF3",-0.223015129709792,0.00562059478502977,0.0113137802776153,FALSE
"RASSF6",-0.480884009389473,0.00563369506071161,0.0113384067232646,FALSE
"CD93",0.281650274089885,0.00563651235887561,0.0113423332004918,FALSE
"TPSB2",0.584462112454017,0.00564148625029934,0.0113505975086705,FALSE
"CDH6",0.439747850662371,0.00565755155337911,0.0113811716252058,FALSE
"A1BG",0.388887107633334,0.00566218840459336,0.0113887495149695,FALSE
"BAALC",-0.4316439035168,0.00566744797615636,0.0113975774045836,FALSE
"GNL2",0.148641246924885,0.00567574194149862,0.0114125039929504,FALSE
"DBI",-0.152391114812351,0.00567731908326213,0.0114139222110055,FALSE
"ETS2",-0.279501582969677,0.00567873468598966,0.0114150152785163,FALSE
"LGALS1",0.322261717689938,0.00569094470081641,0.0114378028896359,FALSE
"MACIR",-0.465677815544631,0.005696272675469,0.0114467539320399,FALSE
"LRP4",-0.563298112194995,0.00570001874935865,0.0114525238592086,FALSE
"MOGAT2",0.303548964631992,0.00570097991588547,0.0114526974158006,FALSE
"USP48",-0.144552068604429,0.00570665105815506,0.0114623313368159,FALSE
"HELB",-0.284246659181443,0.00571625395866001,0.0114798583872951,FALSE
"LGALSL",-0.234875239789354,0.00573333795891015,0.0115124019260815,FALSE
"DLL1",0.337121865230332,0.00573802543374943,0.0115200473820959,FALSE
"CBX5",0.209583132313968,0.00577768889306063,0.0115978998754906,FALSE
"PLAAT3",-0.264109318239472,0.00578361950405082,0.0116080249190608,FALSE
"SFXN2",-0.195342886333647,0.0057965493407003,0.0116321925150902,FALSE
"CDK1",0.484373830836189,0.00581696256953315,0.0116695792154962,FALSE
"IL1R1",-0.200504643677283,0.0058160736392307,0.0116695792154962,FALSE
"ZNF784",0.269553120123161,0.00582577084870386,0.0116854591621313,FALSE
"GMIP",0.246272363801537,0.00582775280750697,0.0116858538452874,FALSE
"ITGB1",0.448169543166551,0.0058271378643614,0.0116858538452874,FALSE
"CD109",0.516141476007036,0.00583471084900426,0.0116980144617402,FALSE
"CYB561D2",0.231046434692539,0.00583924516175971,0.0117053127633989,FALSE
"DBR1",-0.13493258311071,0.00584187184551219,0.0117087853951999,FALSE
"OTUD5",0.203260422126589,0.00584845647536011,0.0117201886079006,FALSE
"LCK",0.200843682556777,0.0058513043836699,0.0117241011617702,FALSE
"MTRES1",-0.147809541625677,0.00585557067507427,0.0117308540593837,FALSE
"RELA",0.274139623590323,0.0058637633005292,0.0117454695732142,FALSE
"PDE7A",-0.325257540339981,0.00586605963939728,0.0117464748851314,FALSE
"UTP4",0.140896700757945,0.00586561083726129,0.0117464748851314,FALSE
"SAP30BP",0.214681471882121,0.00588077766354373,0.0117697960677336,FALSE
"SMPD2",0.231773501276324,0.00588130200695948,0.0117697960677336,FALSE
"SULT1B1",-0.208631908813316,0.0058811708849982,0.0117697960677336,FALSE
"ZNF43",-0.33384491530448,0.00588110256502141,0.0117697960677336,FALSE
"RGS4",0.437421719104656,0.00589347315187176,0.0117923506807741,FALSE
"GALNT6",0.26529639861152,0.00589656209296034,0.0117967284414787,FALSE
"PA2G4",-0.167926591893903,0.00590696729850656,0.0118157396290371,FALSE
"GNS",0.237160481530982,0.00590840830941497,0.0118168166188299,FALSE
"NIPSNAP3B",-0.364982838526309,0.0059205584841529,0.0118393083358072,FALSE
"PFN1",0.20905384427223,0.00593093890042432,0.0118582547471526,FALSE
"ZNF273",-0.391068992314224,0.00593690289177136,0.0118683665687999,FALSE
"ATAD2B",-0.187677141466334,0.00595865629007401,0.0119100348320075,FALSE
"CR1",0.599548507405066,0.005971516284633,0.0119309606745671,FALSE
"LRRC2",-0.161627324997792,0.00597062050986406,0.0119309606745671,FALSE
"MYDGF",0.223562661910818,0.0059718595554872,0.0119309606745671,FALSE
"SYDE1",0.309277980642666,0.00597378919502166,0.011932994833876,FALSE
"SLC3A1",-0.552095475283042,0.00599571514396369,0.0119749660815824,FALSE
"BRCC3",-0.123431200619361,0.00599808482728198,0.0119778716532605,FALSE
"B3GALT4",0.288819678407466,0.00602677584637966,0.0120333306970875,FALSE
"PALS1",-0.0695598779203717,0.00603070489892305,0.0120393395145929,FALSE
"TMEM70",-0.344671503411966,0.00603191622033224,0.0120399218107318,FALSE
"CHRNB1",0.171470190154184,0.00604914343489929,0.0120724673551374,FALSE
"ZFPM2",-0.40879702738378,0.00606989716901463,0.012112039892812,FALSE
"FGD1",0.209688022551101,0.00608987787502176,0.0121500580828688,FALSE
"HTT",0.24682904612482,0.00609941640447844,0.0121672344305092,FALSE
"FCRL3",-0.400437689609775,0.0061077233529178,0.0121819491371724,FALSE
"GGA2",0.120389718542519,0.00610954678678681,0.0121837298602609,FALSE
"DEFB1",0.328044909672542,0.00611286252398045,0.0121884855564959,FALSE
"EXOSC6",-0.262856262442368,0.00612809713201623,0.0122170013175509,FALSE
"CASP4",0.192903779578088,0.00614142286816353,0.0122417034394027,FALSE
"CHMP4C",-0.218611986213564,0.0061712705620395,0.0122993262594339,FALSE
"ZNF91",-0.114026221035783,0.00618613473102555,0.0123270739571669,FALSE
"CTDSP2",0.267176689616538,0.00622315727939743,0.0123989613608083,FALSE
"SFXN4",-0.213565682150374,0.00624683588493334,0.0124442445839238,FALSE
"SPAG4",0.397813360244158,0.00626058795699254,0.0124697425122389,FALSE
"IQCB1",-0.269556860878562,0.00628010627753815,0.0125067160610784,FALSE
"NAGS",0.374144939673505,0.00630408352601237,0.0125525568855595,FALSE
"ZNF443",-0.236744712523149,0.00631212784267162,0.0125666632780196,FALSE
"PCDH12",0.380615869538428,0.00631835957968002,0.0125771573083732,FALSE
"GPALPP1",-0.18677835873681,0.00636383151080173,0.0126657467527237,FALSE
"HES1",-0.36635665116369,0.00638000981828518,0.0126960158901033,FALSE
"USP45",-0.263539739911812,0.00638384124263784,0.0127017096578442,FALSE
"SLC39A4",0.507493388652627,0.00639301079044167,0.0127180211622037,FALSE
"SH3BP4",0.293023194108774,0.00640417097694859,0.0127382872121256,FALSE
"NUDT21",-0.159740637554829,0.00643214118386025,0.0127919781830622,FALSE
"PIGM",-0.123720645774881,0.00643838002073972,0.0128024409525402,FALSE
"TIMM10",-0.283988779586145,0.00644011604480692,0.0128039482549145,FALSE
"KIF7",0.46808702463189,0.0064441553857029,0.0128100337548774,FALSE
"GRAMD4",0.354079437372914,0.00644932661070547,0.0128183670847664,FALSE
"KCTD20",0.29627808579585,0.00646009538786731,0.0128378216177837,FALSE
"ZNF782",-0.169772271300145,0.0064748426789165,0.0128651753456328,FALSE
"CCL21",0.383206239772797,0.0064955202595554,0.0129043021605614,FALSE
"NOP53",0.264702591597314,0.0064979264789882,0.0129071238754231,FALSE
"DENND4B",0.21477471207403,0.00650538124117275,0.0129199713606544,FALSE
"PCBP1",-0.188922214299178,0.00650912864933976,0.0129254530983097,FALSE
"SCG5",-0.291343324879855,0.00651266486375461,0.012930513860521,FALSE
"ZBTB4",0.146919509725033,0.00651487653045204,0.0129329436750081,FALSE
"MROH7",-0.406502058445561,0.00652383296114048,0.0129467971998259,FALSE
"SERTM2",-0.580460574068922,0.00652336760164545,0.0129467971998259,FALSE
"PPP2R5B",0.243074891802649,0.006530607060703,0.0129582763926529,FALSE
"UBE2S",0.419517966360416,0.00653771907777065,0.0129704225134374,FALSE
"INPP1",-0.186077047999972,0.00654346249737838,0.0129798501538906,FALSE
"WARS1",0.207794156012992,0.00654572974683726,0.0129823805250104,FALSE
"MSRB1",0.291299593655871,0.00654988168681915,0.012988647537691,FALSE
"EHF",0.656232723640391,0.00656344488502724,0.0130100482274368,FALSE
"MTA1",0.289592745843573,0.00656349504129239,0.0130100482274368,FALSE
"PTOV1",0.325017667579056,0.00656365479240912,0.0130100482274368,FALSE
"ZNF700",-0.172568510574747,0.00657271043836828,0.0130260255917526,FALSE
"KALRN",-0.256835674559427,0.00658661101435797,0.0130515985167208,FALSE
"BASP1",-0.557912390425635,0.00662655001427409,0.01312875193506,FALSE
"NAP1L4",0.141531183314394,0.00665101501885999,0.0131752290251044,FALSE
"PCK1",-0.934659170254546,0.00665934160274193,0.0131897277251282,FALSE
"KLHL26",0.28576053701683,0.00667207178495605,0.0132129426423604,FALSE
"CUL4A",-0.110738480573386,0.0066793692199065,0.0132233935924718,FALSE
"KCTD15",0.398468328776656,0.00667878188009957,0.0132233935924718,FALSE
"CD72",0.122171977333219,0.0066848560331812,0.0132322550931975,FALSE
"BTBD9",0.247412236676931,0.00668664617450538,0.013233797689588,FALSE
"RPS28",0.624928566365542,0.00668962826931158,0.0132376985039038,FALSE
"CHST11",0.215157690679345,0.0066996497565469,0.0132555258595605,FALSE
"GDAP1",-0.342604214755495,0.00671523906747543,0.0132843623256858,FALSE
"SETD9",-0.239297456546099,0.00673401636405105,0.0133194957301943,FALSE
"STK36",0.253025272145542,0.00675220258511463,0.0133534495837342,FALSE
"GIMAP6",0.2882517650925,0.0067693800845494,0.0133813564950809,FALSE
"PTPN3",-0.0877097979707423,0.00676886519084972,0.0133813564950809,FALSE
"TIMM21",-0.118286996687116,0.00676781917346706,0.0133813564950809,FALSE
"IL10RB",-0.187235593400958,0.00677219638885801,0.0133849026453697,FALSE
"FPR2",0.573524785541316,0.00677834937497285,0.0133950415120218,FALSE
"PLPP5",-0.207465913574364,0.00678277451615406,0.0134017633512661,FALSE
"FBXO46",-0.337715830075267,0.00680004084991327,0.0134338516383076,FALSE
"KYAT1",0.26302183523564,0.00681014759884414,0.0134517882263228,FALSE
"UTP20",0.330809087296281,0.00681611684771226,0.013461548011804,FALSE
"MOB1B",-0.304758783158973,0.00682158166629792,0.0134703087745358,FALSE
"EMC9",0.222972551698475,0.00683161752767279,0.0134880917919307,FALSE
"AP1S1",0.178833665024999,0.00683763111072591,0.0134979292071206,FALSE
"NT5C",0.286628502271651,0.00685319629486542,0.0135266162961523,FALSE
"CCDC69",0.265544809534275,0.00686213781808819,0.0135422231405503,FALSE
"KBTBD2",-0.205833359960317,0.00687826700517129,0.0135720077817185,FALSE
"SLC34A1",0.519325869775404,0.00688723894492728,0.0135876630902634,FALSE
"MROH2A",0.728795316499687,0.00690037463477012,0.0136115270029246,FALSE
"EAPP",-0.142623763655285,0.00690816492096553,0.0136227888455009,FALSE
"SNAPC3",-0.169254426492389,0.00690720633993421,0.0136227888455009,FALSE
"TINAGL1",0.266777779076793,0.00692040597588892,0.0136448727464364,FALSE
"DNAAF9",0.156306674088566,0.00693369774786142,0.0136690213695229,FALSE
"RHOJ",-0.366232284208846,0.00693766021631389,0.0136747737958418,FALSE
"ZBED5",-0.267205310656676,0.00693942388287126,0.0136761910995861,FALSE
"TMEM19",0.293093111748024,0.00694216421402422,0.0136795324939803,FALSE
"TIGD6",-0.158710842153281,0.00694668637141032,0.0136863834423633,FALSE
"KDM5D",1.1768104428615,0.00694975268837496,0.0136897858950253,TRUE
"TRA2B",-0.178161906287489,0.00695055302620998,0.0136897858950253,FALSE
"ZCCHC17",-0.15141736793461,0.00695155030783136,0.0136897858950253,FALSE
"SEC14L2",0.27118933671097,0.0069649157388659,0.0137140437439062,FALSE
"MRM3",0.168109090796895,0.00698956773677889,0.0137605144075052,FALSE
"SCARB2",-0.11991728997674,0.00699405640098088,0.0137672810707625,FALSE
"COQ7",-0.136147464742528,0.00701570136948666,0.0138078115347744,FALSE
"ARID3A",0.261954615127859,0.00702322441429534,0.0138191907875983,FALSE
"AVPR1A",-0.818041460252773,0.00702359421789485,0.0138191907875983,FALSE
"GLMN",-0.382747792377545,0.00705230144446321,0.0138735883562603,FALSE
"C21orf58",0.478090319754337,0.0070541506886503,0.0138751413485291,FALSE
"CREBRF",-0.384222342307206,0.00706565884057341,0.0138956895810105,FALSE
"NSUN2",-0.130076664471332,0.00707098893417546,0.0139040833773243,FALSE
"MEFV",0.358616527681147,0.00707329281902315,0.0139065249416806,FALSE
"NOL9",-0.177038560621482,0.00707612920174969,0.013910012538935,FALSE
"RBAK",-0.151761491583181,0.00709284912460652,0.013940786779665,FALSE
"CERS5",-0.176222257731439,0.00710255985345739,0.0139577774844587,FALSE
"LAMB1",0.246010300254738,0.00711556064427161,0.0139812276684382,FALSE
"TTC19",-0.0941280393412169,0.00712657754717843,0.0140007732964676,FALSE
"HGF",0.276567584515851,0.0071559870455803,0.0140564414704782,FALSE
"HNRNPUL1",0.151311407237931,0.00716022062057147,0.0140626475194302,FALSE
"CDA",-0.284892318544922,0.0071693306399365,0.0140763162474578,FALSE
"PHLDB1",0.233260778340043,0.00716897529484368,0.0140763162474578,FALSE
"TTC33",-0.221781362438683,0.00717562788210631,0.0140865677361727,FALSE
"LHX2",-0.414356750074711,0.00718870381696054,0.0141101214949996,FALSE
"DEF6",0.243911524980902,0.00719306144829317,0.0141165583092571,FALSE
"PLCXD1",0.414196147300474,0.00719437574785594,0.0141170214764583,FALSE
"CLSTN1",0.213693425821964,0.00720208498431065,0.0141300309627746,FALSE
"ATXN2",-0.151791650403466,0.00721602934713991,0.0141552676375121,FALSE
"CCND3",0.23964568817004,0.00722339259813649,0.0141675888980978,FALSE
"KIF20B",-0.18415442356852,0.00722652301898046,0.0141716056567544,FALSE
"NOS2",0.663193312158272,0.00723564878309149,0.0141873766464331,FALSE
"EIF2B4",0.165354845791067,0.00725318320490327,0.0142196278105112,FALSE
"SNX13",-0.132838192796925,0.00725662481756728,0.014224244963556,FALSE
"ATP2A1",0.848500301333821,0.00725841674367661,0.0142246622820178,FALSE
"NSRP1",-0.186425039703762,0.00725901074749166,0.0142246622820178,FALSE
"ACADM",-0.22821242920801,0.00729889414331125,0.0143006767620819,FALSE
"MRPL34",-0.25214829560555,0.00730628748636127,0.0143130204655756,FALSE
"PHACTR4",-0.192411201035958,0.00732392692818494,0.0143454295846495,FALSE
"FASTKD1",-0.185250863767331,0.00732707714480047,0.0143494531009316,FALSE
"PPP1R3C",0.710916318309549,0.00733646627121143,0.0143656919567305,FALSE
"TK2",0.10990144033489,0.00734577026652477,0.0143817592835864,FALSE
"CORO7",0.245012872195939,0.00735596375399876,0.0143974102956125,FALSE
"FAM114A2",-0.126262665584911,0.00735534475321636,0.0143974102956125,FALSE
"INTS4",-0.126618541172868,0.00736596883757259,0.014410652813883,FALSE
"PPT1",0.236306383124093,0.0073660318232894,0.014410652813883,FALSE
"RAB11FIP1",0.188589609685492,0.00736491126837068,0.014410652813883,FALSE
"BSPRY",0.554534733614162,0.00737658572776952,0.0144291439336558,FALSE
"MNDA",0.32451173137643,0.0073818499397544,0.0144372840470966,FALSE
"TNFRSF1B",0.237030248777604,0.00739016055619797,0.0144513789397676,FALSE
"KCND3",-0.190034592080603,0.00741403220477727,0.0144944398860568,FALSE
"VPS37B",0.137597958751372,0.00741439534959686,0.0144944398860568,FALSE
"GEMIN2",-0.163716746666899,0.00741900591393055,0.0145012877612987,FALSE
"LTF",0.421069371433809,0.00742019302826733,0.0145014430700218,FALSE
"ZNF865",0.375283843654651,0.00743497252651856,0.0145281582562957,FALSE
"MED29",0.150551600446133,0.00743743065229954,0.0145307927324139,FALSE
"BUB1",0.58559630189089,0.00744106120970537,0.0145357167050825,FALSE
"TUBGCP3",-0.110520138084919,0.00745659418909922,0.0145638864871978,FALSE
"DNAJB9",-0.340437521538272,0.00746518077495817,0.0145784825038414,FALSE
"VWA8",-0.153951968677983,0.00748766973346674,0.0146202195601113,FALSE
"KCND1",0.522892420956883,0.00750483618069174,0.0146515531281861,FALSE
"DNAJA3",0.1526159070557,0.00751610341180699,0.0146713621391646,FALSE
"ECT2",0.395425767577863,0.00751959410225589,0.0146759877738125,FALSE
"MAZ",0.228396427634437,0.00752676198561002,0.0146877877352223,FALSE
"MED14",-0.102656656901859,0.00752843546835815,0.014688863957041,FALSE
"CYP39A1",-0.249934728002853,0.0075365899855009,0.0147025832350138,FALSE
"ONECUT1",0.562554737885965,0.00755211487144348,0.0147306745972792,FALSE
"MAU2",0.212610172170343,0.00756861693957112,0.0147606633357463,FALSE
"SLC5A1",0.562153249750091,0.0075783375143356,0.0147774195319752,FALSE
"PHETA1",0.281820375391623,0.00758089564309985,0.0147802063677533,FALSE
"MX2",-0.38870455848188,0.00759929226925932,0.0148138675385859,FALSE
"GNPAT",-0.114033582657932,0.00762710488130307,0.0148658712380556,FALSE
"TNIP1",0.197626386375712,0.00762927154089718,0.0148678807700842,FALSE
"POC1A",0.247584419316223,0.00763071345434716,0.0148684775330128,FALSE
"SEMA6B",0.462988087739521,0.00766101760859449,0.0149253039481725,FALSE
"PPP1R16B",0.366541797635649,0.00766393162846707,0.0149287595417186,FALSE
"UPK3B",0.672440431916141,0.00770406863025216,0.0150047108758199,FALSE
"SLC22A15",0.561931517914199,0.00770910864939955,0.0150122936840605,FALSE
"ZHX3",0.160458670383657,0.00771489794448041,0.0150213331185511,FALSE
"NOL8",-0.153097593917263,0.00771942100517226,0.0150279048029316,FALSE
"CES3",0.255617112933012,0.00773859428616502,0.0150629908406887,FALSE
"ZBTB41",-0.342141437037401,0.00775413436816814,0.0150909955623692,FALSE
"ABHD16A",0.249033818523246,0.00776229137278646,0.0151023805398306,FALSE
"KIF3C",0.484423477642973,0.00776128317647852,0.0151023805398306,FALSE
"ZNF696",0.298900007205025,0.00777191034805699,0.0151188484809453,FALSE
"CLEC2B",-0.423777495525034,0.00777331250802055,0.0151193295728725,FALSE
"SPAG1",-0.257935683542652,0.00779161574363411,0.0151526787456414,FALSE
"C2orf88",-0.185422537117194,0.00779483448488915,0.0151566869265066,FALSE
"TASOR",-0.217017336697195,0.00780335373291001,0.0151709989710808,FALSE
"B3GALNT1",-0.458245442217868,0.00780653784506895,0.0151726831157427,FALSE
"RARRES2",0.251576856780864,0.00780595523011796,0.0151726831157427,FALSE
"POFUT1",0.249134600799337,0.00781216125565895,0.0151813589370769,FALSE
"TXNL4A",-0.156597262993261,0.00781930991617069,0.0151929957587573,FALSE
"SCLY",-0.185902543153955,0.00782398162872362,0.015197561941135,FALSE
"ZBTB7A",0.27223655158115,0.00782381678576228,0.015197561941135,FALSE
"MFAP4",0.367791958239347,0.00782752799914012,0.015202195010346,FALSE
"GOLGA6A",0.575420941322031,0.00783985134361311,0.0152238703338153,FALSE
"SLAMF7",0.215767947990758,0.00785260457873179,0.0152463738906654,FALSE
"ZNF853",0.308402666459164,0.00787533221814852,0.0152882338967972,FALSE
"SLC35C1",0.356123384050243,0.00788249121352607,0.0152998628565579,FALSE
"SDCCAG8",-0.145556044818209,0.00788616599177912,0.0153047265289612,FALSE
"ZNF540",-0.223473628453895,0.00790344889424749,0.0153359942083131,FALSE
"SLC2A4RG",0.370975370063569,0.00793346482995385,0.0153919563654054,FALSE
"ODC1",0.272942970113814,0.00795999025993838,0.0154411309057806,FALSE
"WASHC4",-0.286721122368345,0.00796235113137239,0.0154434223721374,FALSE
"GANC",-0.197100172646117,0.0079723028343491,0.0154604338182933,FALSE
"NEK8",0.38328564501334,0.00797489926644392,0.0154631784947103,FALSE
"CHD6",-0.147252614647245,0.00798928673507452,0.0154887815690205,FALSE
"BAIAP3",0.376312530758206,0.00799876425909347,0.0155048595913609,FALSE
"ZNF689",0.156837839302715,0.00803670190668014,0.0155760919855302,FALSE
"DUS2",0.184181347143029,0.00804638693294148,0.0155925544295544,FALSE
"PRELID2",-0.35584160785278,0.00805280927105997,0.0156026903917,FALSE
"GSTO1",-0.200822655234012,0.00805801589280223,0.0156104681959998,FALSE
"MORN4",-0.228644855490522,0.00806588973027501,0.0156234100234888,FALSE
"TDRD15",0.724712613194509,0.00811224402960066,0.0157108726088065,FALSE
"AMER1",0.349892708622444,0.00811622417550526,0.0157162560132695,FALSE
"ITGAV",0.295741932670665,0.0081200098268302,0.0157212612618842,FALSE
"ORM2",-0.272287636957586,0.00813083129439958,0.0157398851554457,FALSE
"ECHDC1",-0.140526558841743,0.00817514285737796,0.015823324998343,FALSE
"CA14",-0.270620643110156,0.00819631208812008,0.0158619538592266,FALSE
"LIMCH1",-0.239158849052586,0.00819978036427544,0.0158663205038566,FALSE
"SAAL1",-0.166078414178665,0.00823015629187819,0.0159227436342943,FALSE
"APPBP2",-0.197647164187748,0.00824800717663709,0.0159549216838849,FALSE
"MAF1",0.223029121976452,0.00825636353138483,0.0159687267473615,FALSE
"LIN7A",-0.19625508310627,0.00825948974430337,0.0159724135498404,FALSE
"ATP11A",0.289138310749778,0.00827140578276905,0.0159930947434666,FALSE
"TNFRSF1A",0.189960169404606,0.00827649252312267,0.0160005670574014,FALSE
"SKA2",-0.25565513801206,0.00830206417481127,0.0160476338663265,FALSE
"WBP4",-0.128976004642759,0.00830353637189376,0.0160481101536512,FALSE
"CTSW",0.300140233981798,0.00830482363247347,0.0160482289293495,FALSE
"FUCA2",-0.13045686646842,0.00830893818779733,0.0160538103238847,FALSE
"WNT5A",-0.280726409953485,0.00831355358099305,0.0160603576040078,FALSE
"MUTYH",0.239367920674923,0.0083277417558774,0.0160853931938547,FALSE
"COL6A3",0.234587533839615,0.00833130156314964,0.0160898952743406,FALSE
"SLC37A4",0.211657714642131,0.00833445228747509,0.0160936060984696,FALSE
"MRPS12",0.260874894665518,0.00835037072935599,0.0161219663159901,FALSE
"TXNDC16",-0.243433012221443,0.00835207617105483,0.0161228813375774,FALSE
"RNF141",-0.207178114735226,0.00835743639406004,0.0161308502537276,FALSE
"EED",-0.171096925939046,0.00836691019308043,0.0161467553431322,FALSE
"ZBTB22",0.192022016024815,0.00838162172363269,0.0161727622116137,FALSE
"LEO1",0.199880539739549,0.00840636312718392,0.0162181117095626,FALSE
"ST3GAL2",0.2500644671932,0.00840855187683529,0.016219944183222,FALSE
"MCMBP",-0.159900367618779,0.00841641590624077,0.0162314884439758,FALSE
"RBMS3",-0.44530686913765,0.00841701612023768,0.0162314884439758,FALSE
"FOXP4",0.416010589228008,0.00842581457651475,0.0162460625089442,FALSE
"CDK10",0.213198663033179,0.00842783011122475,0.0162475558557141,FALSE
"CCL22",0.634424796955223,0.00843269969435365,0.0162545501175615,FALSE
"BTBD6",0.206956033044959,0.00844001613084478,0.0162662580870042,FALSE
"RASIP1",0.271456995636797,0.00845287603278644,0.0162886448368031,FALSE
"SULT2A1",-0.32500821559882,0.00848500762999866,0.0163481559811542,FALSE
"CHORDC1",-0.227741272225616,0.00848749852660226,0.01635054895678,FALSE
"GTF2H1",-0.104510706785556,0.00849722193844063,0.016366872093286,FALSE
"RPL26L1",-0.173783075756835,0.00849873387219908,0.0163673762657885,FALSE
"ARID5B",-0.338164133440966,0.00850011841689421,0.0163676349924958,FALSE
"INPP5B",-0.196808196523302,0.00851113687621607,0.0163864417622678,FALSE
"NUCKS1",-0.236312321603195,0.00852873788185316,0.0164179144756979,FALSE
"FAM186B",0.415317119538381,0.00854356814904289,0.0164440450172404,FALSE
"CNOT11",-0.151300374905313,0.00854765613068083,0.0164470773167069,FALSE
"MED10",-0.180109325629663,0.00854698891708789,0.0164470773167069,FALSE
"LYRM7",-0.248042142168063,0.00860082694506715,0.0165469546458221,FALSE
"CSTF3",-0.195169308959419,0.00864649108044503,0.0166323628012322,FALSE
"AGGF1",-0.120246292105538,0.00865443898257672,0.0166452056941229,FALSE
"SHISA4",0.358540296454776,0.0086559870631242,0.0166457377541748,FALSE
"LTBP1",0.191076754755157,0.00867243704834596,0.0166749222847621,FALSE
"CRISPLD1",-0.581973154956704,0.00867690170913911,0.0166810568540454,FALSE
"TRIP10",0.253477355352552,0.00868072487863597,0.0166859565572019,FALSE
"SLC27A2",-0.257460264627026,0.00870448723807574,0.0167291760013047,FALSE
"PUS1",0.327542722929602,0.00871062519552777,0.0167385153471084,FALSE
"RHCG",0.628315595672528,0.0087224480252483,0.0167587745151968,FALSE
"KIAA1549",0.578241340360549,0.00872657557564768,0.0167642446715157,FALSE
"HNRNPUL2",-0.22910686000342,0.00874723820966427,0.0168014733921544,FALSE
"ARMCX4",-0.264902881465111,0.00876721716840828,0.0168373781969783,FALSE
"CACUL1",-0.15798341084628,0.00878118637007138,0.0168617324665554,FALSE
"NAV1",0.218376488189383,0.00878625628617848,0.0168689935912375,FALSE
"METTL14",-0.160624837406069,0.00879568516366266,0.0168846202584562,FALSE
"JAKMIP2",-0.321037790087273,0.00881535036673399,0.0169198896058175,FALSE
"SCN8A",-0.218513407319911,0.0088287339754918,0.0169430936979095,FALSE
"RANBP17",-0.439630198305051,0.00883358765062379,0.0169474398478849,FALSE
"THOC5",0.171370173626228,0.0088324886214773,0.0169474398478849,FALSE
"MATCAP1",0.348198631977634,0.0088350720744176,0.0169478041902235,FALSE
"PYCARD",0.416353363530864,0.00884123202258078,0.0169571358979824,FALSE
"CLCN4",0.226493365008702,0.00887500123796658,0.0170194106060434,FALSE
"FCGR3A",0.394217454275286,0.00887679307039386,0.0170203536727587,FALSE
"LILRA1",0.357001468218862,0.00889448435029781,0.0170493027406907,FALSE
"MAPRE1",0.13791159331804,0.00889449570110886,0.0170493027406907,FALSE
"ABITRAM",-0.189772743005441,0.00889717062188381,0.0170519335063245,FALSE
"METAP1D",-0.247738183211278,0.00890131856393972,0.0170573862176667,FALSE
"RGS11",0.499375956080935,0.00891995675524405,0.0170880997716791,FALSE
"THEMIS",0.317772312295578,0.00891927246873686,0.0170880997716791,FALSE
"TMC8",0.273043794901347,0.00892410190833245,0.0170935394563114,FALSE
"MLXIPL",0.369966830235922,0.00893261531872637,0.0171073434395503,FALSE
"MOB3C",0.12423596180247,0.00893524934780407,0.0171098851047902,FALSE
"NXT2",-0.351749857874929,0.00895397539830319,0.0171432357289537,FALSE
"CDC42EP2",0.349491287250797,0.00897841410559979,0.017187512424406,FALSE
"KMT2E",-0.132503484630459,0.00898800435304344,0.0172033557002989,FALSE
"GALNT16",0.365581920230336,0.00900411199692041,0.0172316670462918,FALSE
"TTYH2",0.31206870483793,0.00903148854852931,0.0172815328964259,FALSE
"AKR7A3",0.289972366135225,0.00903976695103837,0.0172948456704653,FALSE
"DNAH6",-0.270137711827433,0.00905208104390454,0.0173146685515438,FALSE
"SLC66A3",-0.271858256826596,0.00905277316187881,0.0173146685515438,FALSE
"ABL1",0.246514554396055,0.00905937808778909,0.0173222400942507,FALSE
"ZCCHC2",-0.157547815381283,0.00905935245429671,0.0173222400942507,FALSE
"MIS18A",-0.221378740196334,0.00907287116455734,0.0173455066130819,FALSE
"ATP5PO",-0.247995793054893,0.00909642064695956,0.0173879893575697,FALSE
"MOSPD1",-0.283824334201417,0.00910881385079502,0.0174091373627166,FALSE
"MCTS1",-0.207985072431709,0.00911219073933053,0.0174130493591177,FALSE
"ETFA",-0.151123276340471,0.00911559437580492,0.0174170113204959,FALSE
"ARB2A",-0.255221167656879,0.00912685640890977,0.0174359848395515,FALSE
"PRF1",0.280665010021888,0.00918603533453404,0.0175464800991712,FALSE
"ADGRE2",0.317873871960289,0.00919520539431881,0.0175614338471804,FALSE
"CMSS1",-0.155930734668499,0.00919661744406887,0.017561568783219,FALSE
"UQCRC1",0.203798321278068,0.00922132990637823,0.0176061909193968,FALSE
"USP35",0.199199027472621,0.00922807152548815,0.017616493498351,FALSE
"EXOC3L4",0.406279355267683,0.0092299917345857,0.0176175902885546,FALSE
"PAIP1",-0.183016498155964,0.0092437341865496,0.0176412489752635,FALSE
"VKORC1",-0.445456877407586,0.00925187969259266,0.0176542208038804,FALSE
"ROCK2",-0.156086663814759,0.00926613868589827,0.0176788527653425,FALSE
"TSPAN6",-0.187280453010452,0.00927749431161618,0.0176969027611275,FALSE
"ZNF749",0.462958080197096,0.009278302822516,0.0176969027611275,FALSE
"NELFA",0.250487188393075,0.00928970989015286,0.0177160789339958,FALSE
"EDF1",0.253865879644115,0.00931600452545075,0.0177636369424994,FALSE
"RLF",-0.178048691291248,0.00934424672040124,0.017814894140599,FALSE
"IRF1",0.167531609170293,0.00934628354636493,0.0178156896705101,FALSE
"TOR3A",0.30952553841109,0.00934738560546393,0.0178156896705101,FALSE
"TLCD2",0.485159334011718,0.00934886450811606,0.0178159147220168,FALSE
"CHEK1",0.373826097750681,0.00935154301408773,0.0178184254315873,FALSE
"GSTM4",-0.231473322180201,0.00937095761682845,0.0178528197205352,FALSE
"AOC3",0.195150848224991,0.00938323484323532,0.0178736084050104,FALSE
"MED21",-0.183814876121341,0.00939251245934221,0.0178886780793873,FALSE
"CREG1",-0.242560660590531,0.00940061801712051,0.0179015114298388,FALSE
"MMP25",0.379163675430525,0.00940433651622925,0.0179059880265377,FALSE
"STX1B",0.355508601760145,0.00941749218764199,0.0179284292163166,FALSE
"FAM3A",0.263312881532124,0.0094192281867831,0.0179291269876947,FALSE
"CITED2",-0.164139579381484,0.00942225640435726,0.0179322838851352,FALSE
"RBM28",0.144667844019442,0.00943459550604606,0.0179531576112144,FALSE
"AK4",-0.150141361996716,0.00944972974445914,0.0179793433824239,FALSE
"SMAD6",0.22464475349096,0.00947496879466517,0.0180247444725017,FALSE
"KPTN",0.291458622118493,0.00952829295559068,0.0181235524298406,FALSE
"LRRC1",0.460768557930585,0.00952969950617184,0.0181235947029055,FALSE
"CNIH1",-0.207718398134701,0.00954153953410362,0.0181434764822781,FALSE
"FKBP1A",-0.164599060830961,0.00954411932633403,0.0181457464740582,FALSE
"GNB4",0.435425517059722,0.0095541694203869,0.0181622166475541,FALSE
"PARD6A",0.392128917721873,0.00955806378240889,0.0181669818582023,FALSE
"RCAN1",-0.224389287448606,0.00957065625376802,0.0181882757547294,FALSE
"ZFYVE28",0.300888992523958,0.00957241207469678,0.0181889722615283,FALSE
"SMYD4",0.198102478875383,0.00958130525620536,0.0182032286191033,FALSE
"GSTA1",-0.211386486689347,0.00960400404479966,0.0182427072897445,FALSE
"RBPMS2",0.342246392336957,0.00960487178033984,0.0182427072897445,FALSE
"MELTF",0.518112873793764,0.00963913430153114,0.0183024722662285,FALSE
"ZNF10",-0.386256738989901,0.00963842370526078,0.0183024722662285,FALSE
"ZNF692",0.145933112494519,0.00964478583405246,0.0183105475840219,FALSE
"UBAP2L",0.155800806495035,0.00965383103274352,0.0183250624736376,FALSE
"SLC2A9",0.3985677688198,0.00965991801631312,0.0183339586357743,FALSE
"DDT",-0.367488950303611,0.00966333137234487,0.0183375779571198,FALSE
"HLF",-0.267362113765538,0.00966462632937111,0.0183375779571198,FALSE
"LRRIQ3",-0.439550956878306,0.00966820230420115,0.0183417047625853,FALSE
"ZSWIM4",0.357008648833038,0.00967434574405833,0.018350700446423,FALSE
"RARG",0.288256432289875,0.00968719301683607,0.0183724077902967,FALSE
"YIPF6",-0.142817934918158,0.00969649830756885,0.0183873922135996,FALSE
"YEATS2",0.201759717257097,0.00970502083249558,0.0184008881591647,FALSE
"NEK10",-0.309879944616839,0.00971445896377178,0.0184161159504344,FALSE
"PPIL1",0.229212422350793,0.00973072614768281,0.0184442835855601,FALSE
"TWF1",-0.295093839484733,0.00973998368133506,0.0184591584186506,FALSE
"SIN3B",0.22033167571602,0.00974426535259375,0.0184646000862871,FALSE
"RBM5",-0.170717981831238,0.00975251175324102,0.0184748782916266,FALSE
"ZNF799",-0.287353835762137,0.00975113893022071,0.0184748782916266,FALSE
"HSD17B6",-0.215230498851621,0.009758198311361,0.0184829763154424,FALSE
"RPS27",-0.253506690417524,0.00976905168503811,0.0185008570317545,FALSE
"BUB3",-0.202651829345453,0.00977742149949023,0.0185140298338626,FALSE
"SRSF1",-0.137754696286588,0.00979479204401637,0.0185442396876735,FALSE
"ATP8B3",0.259045804614562,0.00980499649554615,0.0185581920080512,FALSE
"BRD7",-0.0874793282916195,0.00980462333580827,0.0185581920080512,FALSE
"CENPX",0.29656894453113,0.00980973636498874,0.0185617962842076,FALSE
"POU6F2",-0.539108290975081,0.00980844984325442,0.0185617962842076,FALSE
"ZNF277",-0.243843166656797,0.00982222697714784,0.018582745026708,FALSE
"COX14",-0.290876949719353,0.00982781825581931,0.0185906367006482,FALSE
"CCN2",-0.614219128649932,0.00986140985765664,0.0186514848102341,FALSE
"VTA1",-0.180592901106813,0.00989343054798036,0.0187093446098742,FALSE
"GLOD4",-0.116703012970887,0.00990968022021887,0.0187373676260984,FALSE
"BCLAF3",-0.20128128313313,0.00995727962040438,0.0188246505112396,FALSE
"MMP19",0.508132648036097,0.0099775664258164,0.0188602800529582,FALSE
"FRMD4A",0.105511863481746,0.00999153676218455,0.0188824567773401,FALSE
"GARS1",0.126921126171619,0.00999218305479776,0.0188824567773401,FALSE
"GPR153",0.435624298384677,0.0100294409838296,0.0189501286419826,FALSE
"SAXO2",-0.833328445669006,0.0100613173806297,0.0190076143069558,FALSE
"TMEM106C",0.184718963436258,0.0100939632650737,0.0190665368729396,FALSE
"ZNF33A",-0.0892631024122119,0.0101147011252825,0.0191029525580205,FALSE
"ZC3HAV1",0.224111312553325,0.0101170560963947,0.0191046442252992,FALSE
"RBBP8",0.23020324422738,0.0101318030860038,0.0191297326221462,FALSE
"SGPP1",-0.519131907067256,0.0101501948495267,0.0191616944441246,FALSE
"TNRC18",0.267930967070763,0.0101604637233138,0.0191783147441788,FALSE
"TNFSF10",-0.19815449367333,0.0102108332226024,0.0192706110062433,FALSE
"TBC1D25",0.206073800146336,0.0102248896974408,0.0192943580165602,FALSE
"LILRA6",0.245405426773834,0.0102273430380032,0.0192962062333964,FALSE
"HAUS5",0.262457275761022,0.0102314400198834,0.0193011545735322,FALSE
"VPS33A",-0.131642682095333,0.0102346368133856,0.019304403567331,FALSE
"NCAM2",-0.482156193683572,0.0102485343468877,0.019327832277363,FALSE
"ATP13A3",-0.184486133652378,0.010274730310308,0.0193721139815364,FALSE
"HLA-B",0.17483787296394,0.010274973990818,0.0193721139815364,FALSE
"MIGA1",-0.192847194265738,0.0102833877493472,0.0193851853728515,FALSE
"LIN52",-0.214478513743328,0.0103000095047656,0.0194137236447439,FALSE
"PRKCI",-0.214941646477108,0.0103042853107099,0.0194189870861975,FALSE
"PPP6C",-0.219727128420756,0.0103059028190767,0.0194192400269648,FALSE
"SF3A2",0.477998490116297,0.0103086790717868,0.0194216759832829,FALSE
"ITSN2",-0.17823941116154,0.0103106779958368,0.0194226469527331,FALSE
"JAM2",-0.317736485830504,0.0103288810257985,0.0194513392390325,FALSE
"SMARCC2",0.285519864103056,0.0103284393801885,0.0194513392390325,FALSE
"MAFB",-0.222855287039001,0.0103328390513238,0.0194559943707653,FALSE
"RAB20",0.258028420027421,0.0103506796559252,0.0194867843047703,FALSE
"WHRN",0.43516895337973,0.0103828714842238,0.0195445799383837,FALSE
"KIF26A",0.426195211515923,0.0103904900257564,0.019556109174411,FALSE
"DMXL1",-0.195562795059098,0.0104149443757878,0.0195993174885458,FALSE
"PDIA6",0.252212966121973,0.010458022566766,0.0196775555395372,FALSE
"STEAP4",0.300613000300392,0.0104673151184829,0.0196922100202871,FALSE
"XRN2",0.305332174158586,0.0104708054405605,0.0196959460959509,FALSE
"VAMP7",-0.222476672074829,0.0104889825782721,0.0197273035360923,FALSE
"SYVN1",0.227138318054671,0.0105111450734438,0.019766146409297,FALSE
"MRPL41",0.382502526556011,0.0105167478302269,0.0197738421073289,FALSE
"CLDN4",0.617437790238506,0.0105304821304965,0.0197939801941795,FALSE
"TRIM44",0.139722420063811,0.0105291621852416,0.0197939801941795,FALSE
"F13A1",0.466954682587563,0.0105334642280416,0.0197967432778526,FALSE
"HIC2",0.234812070433139,0.010538705134517,0.0198037501967988,FALSE
"TOP1",-0.130298803684138,0.0105653015246489,0.0198508793858645,FALSE
"GRAP2",0.351657236250471,0.0105697663115134,0.0198564185034199,FALSE
"HIRA",-0.274481782984653,0.0105720695473562,0.0198578959130541,FALSE
"ZNF354B",-0.22756158672871,0.0106077582979997,0.0199220731082215,FALSE
"SLC25A13",-0.151258474770195,0.0106238248303187,0.0199493853526295,FALSE
"GPR88",-0.500964343030856,0.0106340571907016,0.0199646556307598,FALSE
"TRPM7",-0.150641780021946,0.010635006749841,0.0199646556307598,FALSE
"ZSWIM9",0.250736268409519,0.0106431191251101,0.0199770201556906,FALSE
"OGN",-1.11731927828445,0.010650538271372,0.0199880801388765,TRUE
"VIPR1",0.257294873483552,0.0107058695353787,0.020089041702333,FALSE
"SLC38A4",-0.191455807010431,0.0107234354176761,0.0201191195884516,FALSE
"ABRAXAS2",-0.120428608514742,0.0107338767201779,0.0201358237599326,FALSE
"CERS6",-0.175168603886907,0.010736131701777,0.0201371685157112,FALSE
"DEGS1",-0.215904206826289,0.0107447535094375,0.0201504530791513,FALSE
"HEMK1",0.177463793972529,0.0107607244497546,0.0201775142503849,FALSE
"MYORG",0.24068305160898,0.0107847030309932,0.0202195807076848,FALSE
"F2RL1",0.319425176720165,0.0107908704567106,0.0202196693064994,FALSE
"NR5A2",-0.251107419708377,0.0107895540883462,0.0202196693064994,FALSE
"SPATA1",-0.216464797724542,0.0107909280052331,0.0202196693064994,FALSE
"ZDHHC7",0.152346999177571,0.0107886649831138,0.0202196693064994,FALSE
"RAD23B",-0.161182606798904,0.0108037749189834,0.0202408444818733,FALSE
"NRG1",0.405587364634376,0.0108119479512996,0.0202532583457453,FALSE
"SPOPL",-0.187484608429463,0.0108490117359795,0.0203197799209504,FALSE
"VCAM1",0.331893173929268,0.0108946400880034,0.0204023212748019,FALSE
"ABCA1",-0.311786666189414,0.0109252834808325,0.0204556182023299,FALSE
"AKAP1",0.163085011889212,0.0109286004207768,0.0204556182023299,FALSE
"IMPACT",-0.19719003475183,0.0109263770255625,0.0204556182023299,FALSE
"MTA3",-0.107685282132539,0.0109309123849297,0.0204556182023299,FALSE
"PCF11",-0.126524428899411,0.0109295453849639,0.0204556182023299,FALSE
"LRRN3",-0.330863989692758,0.0109508169278999,0.0204899378619501,FALSE
"ZFAND3",0.228074208203306,0.0109578442846287,0.0205001568125692,FALSE
"UXS1",0.192179273969675,0.0109596992878271,0.0205006976819878,FALSE
"RAB4B",0.147422955313505,0.010984697042293,0.0205445219539571,FALSE
"B9D2",0.285201963944713,0.0109882118960998,0.0205481602833508,FALSE
"MTHFD1L",0.281306087308308,0.0109968217697587,0.0205613239945275,FALSE
"DNASE1",0.278556298899469,0.0109994354244149,0.0205632741077309,FALSE
"PHOSPHO2",-0.279907876654687,0.0110170385272309,0.0205932422042414,FALSE
"EPS8",-0.120044987249095,0.0110216848910703,0.0205989862375293,FALSE
"COTL1",0.174451476231592,0.0110449085969096,0.0206394438125522,FALSE
"FNBP4",-0.236351691708104,0.0110642353397952,0.0206696588282818,FALSE
"NUSAP1",0.233534543646627,0.0110640069842316,0.0206696588282818,FALSE
"PIK3R4",-0.104185241982316,0.0110714686841771,0.0206791131442619,FALSE
"PTER",-0.164482444337945,0.0110724551742496,0.0206791131442619,FALSE
"ADAMTSL1",-0.377319830072417,0.0110786170931697,0.0206876700875449,FALSE
"FCGRT",0.243926179773659,0.0110821826389881,0.0206913769409058,FALSE
"ZDHHC5",0.21675857190376,0.0110837782695151,0.0206914052622974,FALSE
"ENDOV",0.213257636795618,0.0111275645879547,0.0207643592191214,FALSE
"RAB40B",-0.26584598170095,0.0111276156646315,0.0207643592191214,FALSE
"RUNDC1",0.110243962645133,0.0111259550150611,0.0207643592191214,FALSE
"TYW5",-0.097305779983415,0.0111370181278594,0.0207789427575795,FALSE
"CFAP44",-0.28336480888215,0.0111443223183838,0.0207866459313693,FALSE
"MARCKSL1",-0.309801043815669,0.0111432492749203,0.0207866459313693,FALSE
"PKHD1",0.373216380793358,0.0111589359267042,0.0208109386256996,FALSE
"B3GLCT",-0.249886501618125,0.0111642333162721,0.020817130111535,FALSE
"GHDC",0.206284140399845,0.0111654359641918,0.020817130111535,FALSE
"GTDC1",-0.157405097293578,0.0111782699828297,0.0208380906471887,FALSE
"TSPAN15",0.230772108865626,0.0112167923129711,0.0209069255355093,FALSE
"CD2",0.331229057042046,0.0112229706383075,0.020915463572487,FALSE
"WDHD1",0.40387753056948,0.011275617020735,0.0210105861137863,FALSE
"PTPN7",0.228341570265501,0.0112917995661666,0.0210377458261353,FALSE
"DOCK4",-0.212033310825039,0.0112981909453147,0.0210466584883409,FALSE
"BAAT",-0.232084386294777,0.0113043890228954,0.0210539069565135,FALSE
"SEC23B",0.268174449289374,0.0113052983428269,0.0210539069565135,FALSE
"ADGRL2",-0.151782013520356,0.0113378899009327,0.0211115992864474,FALSE
"TMTC3",-0.257091929566729,0.0113536287528891,0.0211378992651911,FALSE
"LTB4R",0.31206581178285,0.0113621723125789,0.0211507976562324,FALSE
"OAF",0.196224414792021,0.0113996962295733,0.0212176319359643,FALSE
"RDH16",0.250911549704797,0.0114035572193103,0.021221801153548,FALSE
"NHLRC1",0.344375147460657,0.0114165348370333,0.0212429326444627,FALSE
"PELI3",0.267573477986273,0.0114276124120104,0.0212605231914224,FALSE
"EFEMP1",0.511223183385702,0.0114487117045164,0.0212967510138575,FALSE
"NF1",-0.144246847652948,0.0114666503636456,0.0213270900072238,FALSE
"TBX15",0.348362287112868,0.0114727524627419,0.0213354084150876,FALSE
"HLA-E",0.195094034680523,0.0114779181113209,0.0213419832287193,FALSE
"ALDH7A1",-0.173504559265978,0.0115206634648556,0.0214173641752227,FALSE
"RSAD2",-0.367772513035868,0.011521730513756,0.0214173641752227,FALSE
"ARMT1",-0.203521200575054,0.0115341755953231,0.0214374541303194,FALSE
"HERC1",0.304129930134226,0.0115438299442016,0.0214523522540082,FALSE
"GJB1",0.175766580014684,0.011554354950357,0.021468863895838,FALSE
"ACE",0.244999539655981,0.0115832977302176,0.0215195876094805,FALSE
"SMARCAD1",-0.221877147438416,0.0116027941914816,0.0215527499368441,FALSE
"METTL16",0.205836027695023,0.0116048075728708,0.021553431797989,FALSE
"PAM16",0.250758848305624,0.0116147563009877,0.0215688495734087,FALSE
"DZIP1L",0.319482556638572,0.0116327260317344,0.021599156035664,FALSE
"AGAP4",-0.306388697921069,0.0116533647270288,0.0216337287623622,FALSE
"ZCCHC10",-0.287725916630397,0.0116546508525008,0.0216337287623622,FALSE
"FHL2",0.181821154682714,0.0116608644674044,0.0216421941603712,FALSE
"PHF8",-0.251123270579474,0.0116687195353467,0.021653703211447,FALSE
"NUTM2D",0.28455869982721,0.0117156919334724,0.0217347086287403,FALSE
"SLC9A7",-0.190162750820615,0.0117141357154641,0.0217347086287403,FALSE
"CCNL2",0.172488589130781,0.0117276369644083,0.0217537862196138,FALSE
"CEMIP2",0.294569655302482,0.0117423760746594,0.0217780404546594,FALSE
"POLL",0.207918715150376,0.0118594132685212,0.0219919884577166,FALSE
"SULF1",-0.432942848608841,0.0118664839522481,0.0220019838412168,FALSE
"LILRB1",0.280212367615757,0.0118794286939271,0.0220228661088777,FALSE
"KCNC4",-0.371317387635337,0.0119089110284857,0.0220743965998775,FALSE
"TBX2",0.339907533844243,0.0119464521769303,0.0221408482305169,FALSE
"CYP7B1",-0.107807052032263,0.0119566830480844,0.0221566729604418,FALSE
"PCBD1",-0.18522335187924,0.0119651957839991,0.0221693098222638,FALSE
"PAQR8",0.149226009842529,0.0119685458403815,0.0221723789645217,FALSE
"SDAD1",0.166372149962998,0.0119708171539826,0.0221734490916723,FALSE
"ZNF185",0.222179964718041,0.0119805042910711,0.0221882532435569,FALSE
"CHD9",-0.19834532749049,0.0119936445914923,0.0222094476650378,FALSE
"PRKD3",-0.15681190352681,0.0120111885188492,0.0222387894341358,FALSE
"RFK",-0.29289362577481,0.0120855334930358,0.0223732755218926,FALSE
"IRGQ",0.203340828598172,0.0120953009552063,0.022388191729897,FALSE
"PUS7",-0.263882520819631,0.0121300058809894,0.0224462279211126,FALSE
"SCRN3",-0.0469365189258181,0.0121300842149306,0.0224462279211126,FALSE
"AFF1",-0.133085523274577,0.0121636009331967,0.0225050683178931,FALSE
"PRELP",0.239886546102819,0.0121684792894163,0.022510912937267,FALSE
"PPIG",-0.103343300736723,0.0121822121221257,0.022533133809391,FALSE
"DUSP18",0.469953519158757,0.0122209868543526,0.0225990891007562,FALSE
"VIM",0.232934142643327,0.0122213222451386,0.0225990891007562,FALSE
"SPIRE1",0.389519569443621,0.0122577833638333,0.0226633102385687,FALSE
"APOA2",-0.248769702723577,0.012300039521127,0.0227382261240602,FALSE
"GALK1",0.451582369945669,0.0123255900062047,0.0227822426035905,FALSE
"LRRCC1",-0.272922359208572,0.0123531701224715,0.0228299976345846,FALSE
"TEAD4",0.380893963551033,0.0123603157640391,0.0228399793906563,FALSE
"PARK7",-0.152311670508913,0.0123691604978565,0.0228530975498077,FALSE
"NFYC",-0.120719196371131,0.0123772835765481,0.0228648788745827,FALSE
"GDPD3",0.405989025017422,0.0124065812395618,0.0229157677184458,FALSE
"PTPN12",-0.232449774286643,0.0124457683247784,0.0229849060386513,FALSE
"APOOL",-0.108878125136135,0.0124568262920598,0.0230020831897951,FALSE
"SF3B1",-0.1466761734434,0.0124636047869193,0.0230113543746082,FALSE
"P3H3",0.320504117241964,0.0124659514442149,0.023012441667747,FALSE
"LMO7",-0.108679466016448,0.0125016104269341,0.0230717625753344,FALSE
"RPF1",-0.155934629462728,0.0125009686114917,0.0230717625753344,FALSE
"NFIC",0.264360323916243,0.0125184885365891,0.0230996549571565,FALSE
"ZNF599",-0.168534427308119,0.0125417799867406,0.023139371982301,FALSE
"TNFRSF25",0.324517370244377,0.0125485506403254,0.0231486015193942,FALSE
"MRPL17",-0.209072806187244,0.0125534917461765,0.0231511922722838,FALSE
"RPS21",-0.30728050479333,0.01255195559176,0.0231511922722838,FALSE
"PEX5",0.159822163212728,0.0125556161258823,0.023151848777472,FALSE
"VANGL1",0.213690929404912,0.0125580438902543,0.0231530644432064,FALSE
"STK16",0.158330375596731,0.0125633946431948,0.0231596680750079,FALSE
"SLC16A12",-0.56515628254615,0.0125702570296277,0.0231690560371514,FALSE
"HECA",-0.430403773399639,0.0125958045705115,0.0232096092100122,FALSE
"IFI35",0.22232031887498,0.0125949148138029,0.0232096092100122,FALSE
"NEPRO",-0.13604389074986,0.0125996577611074,0.0232134420783026,FALSE
"CLEC4M",-0.462342378700314,0.0126219955410983,0.0232513248380554,FALSE
"TARS2",0.17922734505786,0.0126451580965123,0.0232907160663392,FALSE
"PYGL",0.171552615861547,0.0126925384190739,0.0233746958760044,FALSE
"CEP89",0.160958789595984,0.0127554762068177,0.0234872988044526,FALSE
"S100A4",0.133131982071759,0.0127619676628857,0.0234959472145268,FALSE
"NNMT",-0.725992161649985,0.0127758614229256,0.0235182195934958,FALSE
"UGT2B17",-0.94105481073146,0.0127926878666734,0.0235446902172721,FALSE
"XK",-0.39856198580599,0.0127938379319947,0.0235446902172721,FALSE
"PTP4A1",-0.32244002274334,0.0128212466190651,0.0235918145800142,FALSE
"TENM1",-0.278817737666959,0.0128446832225155,0.0236316178680681,FALSE
"BRIP1",-0.217262063658762,0.0128571340007596,0.0236512011153499,FALSE
"TRIB3",0.329366602314999,0.0128738062514613,0.0236785433329772,FALSE
"PTCD3",-0.111460229360372,0.0128783712886178,0.023683612433008,FALSE
"HMGCR",0.638327147373481,0.0128927915227882,0.0237068014910594,FALSE
"FBXO5",-0.165553750734934,0.0128965058708361,0.0237103012022169,FALSE
"AGAP2",0.411981953632101,0.0129330220839046,0.0237740978829652,FALSE
"TLR4",0.346946133131288,0.0129392626688136,0.0237822303608181,FALSE
"PEAR1",0.268669686202633,0.0129446161812235,0.0237887303543765,FALSE
"C14orf93",-0.217841449622994,0.0129590777415739,0.0238119643217805,FALSE
"TMEM30A",-0.209608453402971,0.012966356285522,0.0238219950168473,FALSE
"PPP1R21",-0.147223824025449,0.012973787388768,0.0238323031421005,FALSE
"TMEM258",-0.344348240600259,0.0129905384810662,0.023859726402093,FALSE
"SMTN",0.232197288740625,0.0129947120353781,0.0238640440408431,FALSE
"MDH1",-0.158563234990194,0.0130023471117922,0.0238747164638968,FALSE
"PDIA5",-0.133801851598102,0.0130167183343966,0.0238977529706802,FALSE
"LAMTOR1",0.156153044562217,0.0130446926132496,0.0239457537426618,FALSE
"COL25A1",-0.423128279779161,0.0130639799095061,0.0239777968561971,FALSE
"PAICS",-0.0725800223369354,0.0130697560417235,0.023985035898268,FALSE
"RBM17",-0.112589788020141,0.0130884412284949,0.0240159597145698,FALSE
"ZNF572",-0.1746079570564,0.0131179552379158,0.024066741868665,FALSE
"BRD8",-0.155332738630381,0.0131307274664393,0.0240834244873387,FALSE
"STUB1",0.301332666014426,0.0131300697210456,0.0240834244873387,FALSE
"SLC16A9",-0.661409033121328,0.0131332686252226,0.0240847111418145,FALSE
"KIF1A",0.608806778290507,0.0131510289578674,0.0241139035177031,FALSE
"FAF1",-0.0929290196475493,0.0131607481094988,0.024128345364733,FALSE
"AHSA1",0.169388074370791,0.0131698071432332,0.0241415731054619,FALSE
"PPARGC1A",-0.576092499946024,0.0131839265939556,0.0241640720940875,FALSE
"TMEM167B",-0.110697001949884,0.0131923270295345,0.0241760841924225,FALSE
"DPYSL3",0.31086771869441,0.0131979376686522,0.0241829810997892,FALSE
"MRPS2",0.249437118170276,0.0132247735634605,0.0242287623135774,FALSE
"GSTK1",0.128795129575218,0.0132624550661285,0.0242909991222377,FALSE
"TPM4",0.195985867094515,0.0132615189264599,0.0242909991222377,FALSE
"ZNF581",0.256024379237058,0.0132661593823276,0.0242943850375483,FALSE
"RAB22A",-0.180891454332033,0.0132898818212257,0.0243344241683199,FALSE
"TOGARAM1",-0.135724116875136,0.0133080886426879,0.0243643541476814,FALSE
"TIFA",-0.236090329282702,0.0133369080010329,0.0244137023978639,FALSE
"C2orf42",-0.148688938726103,0.0133388335195899,0.024413813566122,FALSE
"ZNF667",-0.314439670139461,0.0133662874553699,0.0244606423491337,FALSE
"RSPH3",-0.186969992094984,0.0133731440529072,0.024469769663265,FALSE
"TMEM245",-0.179856637543347,0.0133995528311591,0.0245146654088227,FALSE
"ZFP30",0.214444144090903,0.0134786195288433,0.0246558735324322,FALSE
"C3orf70",-0.453201818263826,0.0134871324677549,0.0246647836967795,FALSE
"ILDR1",0.483425274498913,0.0134872583627593,0.0246647836967795,FALSE
"DPM2",0.208036537662921,0.0135190499972254,0.0247194696317982,FALSE
"B3GALT6",0.199883711203796,0.0135259639072898,0.0247286579352379,FALSE
"RPS6KA3",-0.161621964108614,0.0135297516575525,0.0247321291120744,FALSE
"H3-3B",-0.121382112694788,0.0135485194374364,0.0247629787065359,FALSE
"TBC1D1",0.174739268651071,0.013551178291629,0.0247643810991076,FALSE
"SPTLC2",0.199481254880484,0.013568565591426,0.0247926951462594,FALSE
"CAMSAP2",-0.277655191555209,0.0135781583691875,0.0248067610060567,FALSE
"ZNF426",0.259773910036204,0.0136313787207868,0.0249005176799973,FALSE
"CBX4",0.305001506458068,0.0136414675571763,0.0249154705996864,FALSE
"SAMD8",-0.254436489648125,0.0136658119683275,0.0249564528231753,FALSE
"ZFP64",0.172193796670996,0.0137009327368325,0.0250171006123586,FALSE
"PDP2",0.63720345480643,0.013710321326096,0.0250300576889961,FALSE
"PTRHD1",-0.233164570110031,0.0137118525622884,0.0250300576889961,FALSE
"DNAJC2",-0.15800279467801,0.013718021034361,0.0250378267645133,FALSE
"C9orf40",-0.371916878378478,0.0137264088605357,0.0250496438252207,FALSE
"ZNF787",0.267819392536963,0.0137479836365285,0.0250855194103736,FALSE
"RGMB",-0.198908404452036,0.0137626707980243,0.0251088191315125,FALSE
"AKAP9",-0.0361878900276637,0.0137987013901019,0.0251640337928979,FALSE
"EEIG1",0.260192009140404,0.0137949010431725,0.0251640337928979,FALSE
"TMEM167A",-0.227090004089084,0.0137979166406477,0.0251640337928979,FALSE
"KCTD18",-0.114221869416887,0.0138030799856065,0.0251685129765405,FALSE
"SF3B5",0.258181626002922,0.0138103372262595,0.0251782390984806,FALSE
"RNF19A",-0.278175548502993,0.0138323862698965,0.02521492634997,FALSE
"LONRF3",0.38110442893493,0.0138360627047741,0.0252181167939444,FALSE
"FAM219B",0.181868618788451,0.0138395194739557,0.0252209060346643,FALSE
"SRSF3",-0.307746873898906,0.0138447676866021,0.0252269587408482,FALSE
"MIDN",0.283366589590438,0.0138532755942678,0.0252389485221479,FALSE
"AP2S1",0.192108177139751,0.0138602155888715,0.0252445662895806,FALSE
"NRAS",-0.21190766737493,0.013859098981731,0.0252445662895806,FALSE
"ST3GAL3",0.188062957420219,0.0139048454802435,0.0253223309260464,FALSE
"PPP3CC",-0.142189010027804,0.0139075252369258,0.0253236885120769,FALSE
"RAB13",-0.16840452879036,0.0139139269042427,0.0253318218648791,FALSE
"ZNF76",0.246190930721489,0.0139308584817802,0.0253591211406378,FALSE
"CPA3",0.668263338606578,0.0139401354634699,0.0253724806739536,FALSE
"SLC1A4",0.178856958236179,0.013980659075346,0.0254427006692285,FALSE
"FAM98B",-0.27175017898272,0.0140369491628018,0.0255386749715494,FALSE
"TTC38",-0.174325925363903,0.0140372979755018,0.0255386749715494,FALSE
"STRBP",-0.134319025997917,0.014043047462739,0.0255455852969541,FALSE
"NMRAL1",0.240112228505496,0.0140548012338966,0.025563414525448,FALSE
"MAN1A2",-0.108673845990041,0.0140708195443332,0.0255889942317559,FALSE
"CD33",0.278116425320315,0.0140767831457194,0.0255962840199664,FALSE
"ITPA",0.158752561787472,0.0141136675743184,0.0256597883464764,FALSE
"GPR68",0.461672819620093,0.0141814530323029,0.0257794478060135,FALSE
"CHKA",-0.335094166601483,0.0141983822835682,0.0258066390193634,FALSE
"PDE5A",-0.24452821741709,0.0142021380828527,0.0258098822571777,FALSE
"CCDC150",-0.224290886896896,0.0142156446387888,0.0258308424165195,FALSE
"DENR",-0.166549405909113,0.0142414338243246,0.025874112077166,FALSE
"RGS14",0.287857633325834,0.0142899525776823,0.0259586595181097,FALSE
"CLIC4",-0.151289942235013,0.0143244534649601,0.026017722636412,FALSE
"SLC16A1",-0.410304933797837,0.0143413261059745,0.0260447553584988,FALSE
"FAM53A",0.465656244283977,0.0143556630876533,0.0260671763028512,FALSE
"ZNHIT6",-0.172874863277231,0.0143715629570058,0.026092428544324,FALSE
"DLG4",0.188774328725004,0.0143861712173914,0.0261153291150983,FALSE
"PHC2",0.1518093663916,0.0144126910641939,0.0261598435342335,FALSE
"CYP2B6",-0.358570213606678,0.0144180207131672,0.0261658895448828,FALSE
"NCS1",0.248189561846063,0.0144221679458753,0.0261697883225778,FALSE
"TMEM116",-0.141381343572757,0.0144373416788447,0.0261936914162188,FALSE
"WDR7",-0.115880398395899,0.0144815323079348,0.0262702259907833,FALSE
"SLC35E2B",0.199094285099408,0.0144883652791492,0.0262789800823804,FALSE
"COPS9",-0.358402458236365,0.0145014768694203,0.0262991183230988,FALSE
"AVIL",-0.295251672087574,0.0145087797407371,0.0263087180561952,FALSE
"LRIG1",-0.158400256530171,0.0145162589069555,0.0263186347610942,FALSE
"RIPOR3",0.171816069909044,0.0145228431758002,0.02632692645494,FALSE
"COPS8",-0.137062137270484,0.0145550138024149,0.0263815922333124,FALSE
"KAT6B",-0.186474011536451,0.0145935829336093,0.0264478388381525,FALSE
"RAPGEF5",0.220654132756338,0.0146106731244847,0.0264751463731147,FALSE
"GPR171",-0.508442450904778,0.014625853160582,0.0264989855491751,FALSE
"TUBB1",-0.431149539750223,0.0146387674195827,0.0265187135820086,FALSE
"F2R",0.226850792718946,0.0146437380071623,0.0265203787508326,FALSE
"F7",0.168227019229157,0.014643605702467,0.0265203787508326,FALSE
"EFCAB2",-0.222661669952205,0.0146548202002883,0.0265367781552108,FALSE
"SLU7",-0.144185129743338,0.0146586087502622,0.0265399676059235,FALSE
"TLE6",0.453815516750543,0.0146665699018386,0.0265507097835829,FALSE
"ZNF75D",-0.120872220338076,0.0146730047574774,0.0265586863382959,FALSE
"EIF2A",-0.132368303334873,0.0146907957862988,0.0265872129436305,FALSE
"SLC30A10",-0.238275421695914,0.0147067471017351,0.0266124026338515,FALSE
"DDX31",0.230913642599398,0.014711437154793,0.0266135325729653,FALSE
"TSPAN13",-0.555975097754481,0.0147112614133518,0.0266135325729653,FALSE
"NHLRC3",-0.134481692213252,0.0147538545201863,0.0266865796322574,FALSE
"TENT4A",-0.242344892371815,0.0147987474056009,0.0267640835797937,FALSE
"ARHGAP25",0.0373901522608098,0.0148212543158934,0.0268010858430492,FALSE
"NDUFB10",-0.185726314664358,0.0148355195042789,0.0268231765432978,FALSE
"THUMPD1",-0.153338531256812,0.0148395553742513,0.026826768704736,FALSE
"ZNF417",0.306500590422559,0.0148429146643073,0.0268291369301547,FALSE
"DMTF1",-0.263254235674371,0.014871674576374,0.0268774107611663,FALSE
"FAM217B",-0.279914874853916,0.014880581483933,0.026889796105956,FALSE
"KIAA1143",-0.171838351072355,0.0148944728796904,0.0269111839554108,FALSE
"DZIP1",0.252433740029571,0.0149012334732707,0.0269159697340039,FALSE
"MBNL2",-0.377045602213837,0.0148993986690625,0.0269159697340039,FALSE
"UTP23",-0.203549588959591,0.01490584042723,0.0269205770276307,FALSE
"MED27",0.157758517880519,0.0149125339879479,0.0269289510303743,FALSE
"C1orf56",0.22983247301341,0.0149201022655857,0.0269389020633081,FALSE
"PSMD8",0.130635319135664,0.0149282542161296,0.0269499040537188,FALSE
"ZNF135",0.295779343839909,0.0149678948952096,0.0270177416197552,FALSE
"ZNF736",-0.189981558908497,0.0149753708198244,0.0270275096185747,FALSE
"LSG1",0.18130468977415,0.0149935496218513,0.0270565887869438,FALSE
"ATP5ME",-0.336970792513308,0.0150405195963737,0.0271376078494659,FALSE
"H1-0",0.179867500786485,0.0150487919235086,0.0271487920438989,FALSE
"INTS6",-0.171696607986714,0.0150784213365266,0.0271984971256277,FALSE
"PABIR1",-0.152059369476941,0.0150808090849443,0.0271990566937719,FALSE
"TTC7B",0.194990918692962,0.0150933877727184,0.0272179934876625,FALSE
"SOAT1",-0.176138484925742,0.0151302354350533,0.0272806834204267,FALSE
"IPO5",-0.0771729511187929,0.0151598940384085,0.0273303955867315,FALSE
"RBM33",-0.0732774992740622,0.0151819316796353,0.027366356815336,FALSE
"NUMB",-0.0883702327628968,0.0152003125744925,0.0273957175420231,FALSE
"ZNF630",-0.265552382698561,0.0152157610368796,0.0274197857529013,FALSE
"RAB3A",0.363419563954401,0.0152508934263816,0.0274793141671054,FALSE
"TM4SF5",0.318281942384864,0.0152683726014483,0.0275070227188883,FALSE
"EBI3",0.55520689561519,0.0152787910976391,0.0275220050977285,FALSE
"PCDHGB4",0.843778889096635,0.0152866515130769,0.0275323760639982,FALSE
"RNF220",0.139907342469881,0.0153194737396374,0.0275876960384227,FALSE
"DYNC1I2",0.197159145912644,0.0153341557497548,0.0276085606295342,FALSE
"ENTPD4",0.151973378253813,0.0153352774899154,0.0276085606295342,FALSE
"SH3BGR",-0.24449240353564,0.0153410589564551,0.0276151717115234,FALSE
"CDH1",0.206742241418077,0.0153748612413876,0.0276722138262643,FALSE
"GABRE",0.544206165024674,0.0153825710841746,0.0276822846232321,FALSE
"FAR2",-0.243783244826083,0.0153978833832497,0.0277060320579308,FALSE
"CDK2AP2",0.323975163837213,0.0154050054532879,0.0277112299250406,FALSE
"NIT1",0.172815667615104,0.0154035893996849,0.0277112299250406,FALSE
"CCM2L",0.306857345633381,0.0154345036170032,0.0277566650211271,FALSE
"PGAP2",0.134685328038877,0.0154327599560615,0.0277566650211271,FALSE
"ARHGEF15",0.367528695795571,0.0154397468085561,0.0277622806232134,FALSE
"CCDC158",-0.236067193334056,0.0154692814083269,0.0278115671790464,FALSE
"TMEM120B",0.328515776440151,0.0154863159652615,0.0278383699872585,FALSE
"PHF14",-0.122307501917037,0.0155017199808622,0.0278622347596717,FALSE
"MRPL51",-0.168009938103288,0.0155092679728901,0.0278693708651597,FALSE
"SLFN12L",-0.27693497835837,0.0155099477637912,0.0278693708651597,FALSE
"SELENOH",0.41793430733718,0.015548794249525,0.0279353388657584,FALSE
"DIAPH1",0.13041341987247,0.0155522184717658,0.0279376570022446,FALSE
"ZXDB",-0.280568817139356,0.0156011546637443,0.0280217199695074,FALSE
"ATP6V1D",-0.133758392940413,0.015604620478594,0.0280241003162898,FALSE
"SDHA",0.18015820027841,0.0156198685696392,0.0280476367183811,FALSE
"HPSE",0.312765052258007,0.0156296570413724,0.0280613645070827,FALSE
"PROSER3",0.268193494676071,0.015635915571543,0.0280649035731617,FALSE
"TOM1L2",0.222808074871122,0.0156351997139296,0.0280649035731617,FALSE
"DOCK11",0.247597153526178,0.0156589532502237,0.0281008572568741,FALSE
"LACTB2",-0.216839197508575,0.0156602394245458,0.0281008572568741,FALSE
"PAPLN",0.422806715682067,0.015664944078414,0.0281054471528842,FALSE
"KIAA0319L",0.221116339076355,0.015680325226441,0.028129188526249,FALSE
"CD180",0.404967908114989,0.015721498726911,0.0281991863724783,FALSE
"CBFA2T3",0.378855565127008,0.0157332853872898,0.0282164619575888,FALSE
"SLC25A17",-0.123937807242895,0.0157895699524553,0.0283135255194555,FALSE
"CCSER2",-0.256638754462481,0.0158022324237983,0.028332350984986,FALSE
"NUP160",-0.14381587334013,0.0158363552776383,0.0283896430637876,FALSE
"KCNJ15",0.410073944967885,0.0158504303506963,0.0284109849604758,FALSE
"FAM3B",0.587554812302168,0.0159392945436685,0.0285663578597821,FALSE
"DHODH",-0.222346992216837,0.0159428402149699,0.0285688015459056,FALSE
"HMGXB3",0.0957053472698979,0.0159681382538446,0.0286102184233384,FALSE
"IK",0.117167003621604,0.015980838414648,0.0286290553536633,FALSE
"ZNF624",-0.296500185154362,0.0160548299159669,0.0287576731782512,FALSE
"TYROBP",0.384778821915311,0.0160871295674705,0.0288115869079787,FALSE
"FXR2",0.15925138604221,0.0160908578382966,0.0288143223661578,FALSE
"TLCD3A",0.219427176300144,0.0161347581468515,0.0288889843624973,FALSE
"AHDC1",0.358371466225825,0.016201206651562,0.029000027000581,FALSE
"NIT2",-0.154224933810286,0.0161991986301626,0.029000027000581,FALSE
"ZNF146",-0.0936610257285836,0.016281822453445,0.029140344437526,FALSE
"FNBP1",-0.169587853596098,0.016341133486238,0.029242498578708,FALSE
"LILRB2",0.27865432622236,0.0163622798905397,0.0292763384347337,FALSE
"FKBP11",0.184723286702869,0.0164218688806977,0.0293789433432762,FALSE
"CXCR1",0.544679388312399,0.016425150691015,0.0293807996784763,FALSE
"PELP1",0.223634159416016,0.0164303005946947,0.0293859966373966,FALSE
"BZW1",-0.249609915080951,0.0164547127805963,0.0294216197382636,FALSE
"H2BC21",0.215755690192199,0.0164546111337296,0.0294216197382636,FALSE
"DYRK2",0.166838202125327,0.0164797797648351,0.0294624165889964,FALSE
"DDX18",-0.0937550131014766,0.0164894682099346,0.0294757124255139,FALSE
"ZEB1",-0.212703867366738,0.0165070391555851,0.0295022607641224,FALSE
"ZNF92",-0.270475135909838,0.0165088269445433,0.0295022607641224,FALSE
"CALD1",-0.18133600097978,0.0165313941470721,0.0295385576871118,FALSE
"IL11RA",0.274829480166871,0.0165430326164675,0.0295553197345513,FALSE
"KDELR1",-0.167504987121385,0.0165878108869789,0.0296272333059109,FALSE
"OSBPL8",-0.291638207320712,0.0165863265091266,0.0296272333059109,FALSE
"CTBP1",0.209821794641442,0.0166486717713468,0.0297312760341312,FALSE
"PHF1",0.0872137801111026,0.0166506046350634,0.0297312760341312,FALSE
"MCC",-0.207589091313954,0.0166593362071172,0.0297428105309667,FALSE
"GRIA3",0.258332560601032,0.0166799429127998,0.0297755403073869,FALSE
"TRIM16",-0.178573775352869,0.0166915826705649,0.0297922563494254,FALSE
"KTN1",-0.139275688308572,0.0167105501327323,0.0298220450296799,FALSE
"APCS",-0.205626293259983,0.0167201129037716,0.0298350440420032,FALSE
"PRKCH",-0.231108127742371,0.0167445185941593,0.0298745213184428,FALSE
"WASF3",0.344181729147047,0.0167734072784239,0.029921985023726,FALSE
"ACSS2",0.593578352432669,0.016787245846943,0.0299425916387163,FALSE
"HSP90AA1",0.241198487546496,0.0167999554060316,0.0299590558281261,FALSE
"TNPO3",0.157375595525442,0.0168010531538422,0.0299590558281261,FALSE
"SLC15A4",-0.146194854425752,0.016833252128416,0.0300123841570505,FALSE
"PLAT",0.266651652037633,0.0168377141864076,0.0300162519238083,FALSE
"TDG",-0.172531961747335,0.0169066161125746,0.0301349786447688,FALSE
"PGF",0.190164805260658,0.016914757816907,0.0301453865149668,FALSE
"B3GNT5",0.329981295432764,0.0169374292491554,0.0301816828269965,FALSE
"LEPROTL1",-0.19455559010381,0.0169596883423838,0.03021723459152,FALSE
"TOP1MT",0.209208059530849,0.0169941088787333,0.0302744418887436,FALSE
"OXR1",-0.163012867534904,0.0170436433960897,0.0303585550124634,FALSE
"PCDH18",0.253575356438245,0.0170517422370391,0.0303688490501042,FALSE
"ELAPOR2",0.35066309840325,0.0170555741457182,0.0303715419907159,FALSE
"AGBL3",-0.284452101017835,0.017064730391805,0.0303829878878455,FALSE
"CA3",-0.393158243315633,0.0170666432116725,0.0303829878878455,FALSE
"TGFA",-0.319958024529944,0.0170719260336484,0.0303845285613373,FALSE
"ZNF436",0.289316463655186,0.0170721503282307,0.0303845285613373,FALSE
"GPX3",0.206034328927223,0.0170800357239122,0.03039443084103,FALSE
"DOK5",0.705317773955488,0.0171182730192444,0.0304583351954265,FALSE
"VPS41",0.202378860549676,0.0171329765114186,0.030480354462222,FALSE
"ZNF490",0.591132890645836,0.0171396403095414,0.0304880667027874,FALSE
"GFRA2",0.388722525882988,0.0171718022606839,0.0305369784293498,FALSE
"TMEM200B",0.322739024208638,0.0171710165982235,0.0305369784293498,FALSE
"SPC24",0.381369342668207,0.0172160581000036,0.0306115214783712,FALSE
"F2RL2",-0.307432552809293,0.0172234113835491,0.0306204375113288,FALSE
"DNAJB14",-0.303280505163127,0.0172892790129189,0.0307333660335552,FALSE
"CHP1",-0.129611829736676,0.0173100024197351,0.0307660265651876,FALSE
"BPI",-0.584359853359943,0.0173237039159675,0.0307778438957588,FALSE
"C1GALT1C1",-0.155785301613801,0.0173231399654868,0.0307778438957588,FALSE
"CPSF4",0.167264392359196,0.0173217735138327,0.0307778438957588,FALSE
"ARRB2",0.0992799180056485,0.0173331417013528,0.0307904329924166,FALSE
"SUV39H1",0.191943406187959,0.0173383998475278,0.0307955950079818,FALSE
"FBXO32",-0.312042925520474,0.0173538606054357,0.0308188745315198,FALSE
"PLB1",0.305449493154581,0.0173990772446294,0.0308949843058034,FALSE
"GAS2",-0.249268475738773,0.0174445241816665,0.0309714823143989,FALSE
"DMAC1",-0.160948139599101,0.0175214329323824,0.0311038101628137,FALSE
"FYN",-0.1737730072055,0.0175899658864529,0.0312212355457485,FALSE
"SC5D",-0.256153047785796,0.0176163645403644,0.031263853133042,FALSE
"LSMEM1",-0.341340954313968,0.0176629011809202,0.0313421933126332,FALSE
"CBLL1",-0.16429292742511,0.0177220358160815,0.0314428639252119,FALSE
"CFAP70",-0.210945539116438,0.0177428615946432,0.0314755479670825,FALSE
"NAA30",-0.182363979621339,0.0177485040318587,0.0314812918012591,FALSE
"ZBTB38",0.207447771768055,0.017795000855705,0.0315594894612421,FALSE
"TMEM267",-0.362791064487078,0.0178337548901335,0.0316239359368316,FALSE
"OAZ1",0.269557543427776,0.0178604615151794,0.0316670046257758,FALSE
"NT5DC3",-0.240158506269107,0.0178855597161392,0.0317072102645489,FALSE
"VCL",0.224245072218803,0.0178986134377219,0.0317260020805045,FALSE
"ZNF300",-0.483604081091283,0.0179010065206757,0.0317260020805045,FALSE
"TTN",0.68083063725382,0.0179283133193803,0.0317700971815548,FALSE
"C1orf43",-0.127095329349574,0.0179358697472897,0.031779186186428,FALSE
"TLR7",0.479733069212941,0.0179410722539183,0.0317841025640457,FALSE
"TGFBR2",0.211511869465269,0.0179576028456348,0.0318090835414762,FALSE
"PIM1",-0.331032240789426,0.0179701270576532,0.0318269620452917,FALSE
"BUD23",0.13264397636477,0.017978776167593,0.0318379734324534,FALSE
"CLEC4A",-0.329441710861345,0.0179863572907407,0.0318470908372163,FALSE
"CHMP2B",-0.273115087409898,0.0179918377935322,0.0318524868685495,FALSE
"PPHLN1",-0.135411240656444,0.0180811641885846,0.0320063009135951,FALSE
"NAPB",-0.160413136024995,0.0180905492658521,0.0320185846949488,FALSE
"ELMOD3",0.175147942768853,0.0181942317891667,0.0321977402789633,FALSE
"C14orf119",-0.126395152789639,0.0181968537876118,0.0321980280831752,FALSE
"PMEPA1",0.449111760702055,0.018214697098774,0.0322252451915067,FALSE
"FRS2",-0.0853605700500872,0.0182895216803379,0.0323532519712178,FALSE
"SNRNP25",-0.211612905405922,0.0183420175800539,0.0324417311750967,FALSE
"RND2",-0.416783100528494,0.0183600079905801,0.032469164475574,FALSE
"CLIP3",0.312909857779214,0.0184520139843074,0.0326274671910524,FALSE
"PLA2G15",0.23583822585916,0.0184749587250858,0.0326636272287405,FALSE
"PLSCR1",-0.233377341217319,0.018488451454304,0.0326799433592841,FALSE
"TMEM71",-0.350275317735564,0.018489179687001,0.0326799433592841,FALSE
"NABP2",0.126269078488611,0.018494806927696,0.0326854768220027,FALSE
"EFHC1",-0.207867614900097,0.0185536490843029,0.0327850416806173,FALSE
"TFDP2",0.00335105404596097,0.0186739282927524,0.0329931267488144,FALSE
"NPC2",0.191837681001693,0.0186852374845132,0.0330071223001314,FALSE
"RPS16",-0.226376612095546,0.0186868920324301,0.0330071223001314,FALSE
"SLC46A3",-0.157363848714499,0.0188332326135981,0.0332611198404461,FALSE
"AZIN2",0.322179555215641,0.0188437908392095,0.0332752778077867,FALSE
"SLC44A2",0.225258524745477,0.01885079583856,0.0332831583436855,FALSE
"TSC22D1",0.187557399908473,0.018865642935421,0.0333048809749908,FALSE
"KAT14",0.135227693499438,0.0188855866649536,0.0333312621549079,FALSE
"PSMF1",0.139580757842671,0.0188856784803778,0.0333312621549079,FALSE
"ARMH3",0.0890718440716532,0.0188900643425852,0.0333345090137655,FALSE
"ACTR8",0.171681507407207,0.0188959521595244,0.033335912366594,FALSE
"CFAP74",1.1585651697849,0.0188941935943063,0.033335912366594,TRUE
"KLC1",0.196479409475722,0.0189041286639114,0.0333458437709415,FALSE
"AP1S3",0.445855841075362,0.01891164354467,0.0333546055889559,FALSE
"CORO2B",0.205410816011565,0.0189281920740545,0.0333792956133515,FALSE
"PHGDH",0.226185731132891,0.0189477653609096,0.0334093123373776,FALSE
"MRPL46",-0.217003956418331,0.0189556548951369,0.0334187225810843,FALSE
"ZSCAN25",0.13071861272208,0.0189600681181797,0.0334220023970928,FALSE
"CDKL1",0.361614254755764,0.0189831919562667,0.0334582591668611,FALSE
"HDAC9",-0.490239483408354,0.0189977835930908,0.0334794700229835,FALSE
"STAT1",0.332908826240546,0.0190130848538001,0.0335019255593473,FALSE
"CNIH4",-0.153363258064998,0.0190335187209267,0.0335334177222947,FALSE
"SUGCT",-0.140599819088738,0.0190421874764829,0.0335441763242887,FALSE
"IWS1",0.100058811479023,0.019060356297363,0.0335716648251146,FALSE
"ABRACL",-0.330111492145949,0.0190727318418859,0.0335889434051614,FALSE
"ACOT1",0.358459565679545,0.019117532133616,0.0336563306901271,FALSE
"IL7",-0.304064931979191,0.0191166140114505,0.0336563306901271,FALSE
"IRF4",0.30375063277827,0.0191187084740662,0.0336563306901271,FALSE
"RIN3",0.235038373439869,0.019132433345125,0.0336759636131186,FALSE
"MRPS28",0.306545897180061,0.0191782550346856,0.0337520788969088,FALSE
"NGDN",-0.137435188514788,0.0191889322731328,0.0337663308225611,FALSE
"BLOC1S5",-0.155568626766139,0.0191954970705788,0.0337733433205238,FALSE
"LRRC25",0.337839396468739,0.0192148828373106,0.0338029086409661,FALSE
"GRPEL2",-0.251607405099442,0.0192412405174726,0.0338447293906693,FALSE
"LTV1",-0.186076942221863,0.019255197794818,0.033864729920709,FALSE
"SPAST",-0.202968245669774,0.0192664466824132,0.0338750267244551,FALSE
"SPINK1",0.689704616486538,0.0192648840423401,0.0338750267244551,FALSE
"VMA12",-0.175957479803168,0.0192688148500624,0.0338750267244551,FALSE
"ARIH2",0.103221234631763,0.0192837473627912,0.0338967267016195,FALSE
"EPDR1",0.170472952181598,0.0192918003134815,0.0339063296689622,FALSE
"DBT",-0.0942714789174925,0.019299937348644,0.0339160778212682,FALSE
"BCL10",-0.189329776380927,0.0193324334355319,0.0339684405351089,FALSE
"F9",-0.123043938583885,0.0193349235309832,0.0339684405351089,FALSE
"PYM1",-0.205948836313279,0.0193462567436083,0.0339837908610386,FALSE
"RARS1",-0.0742292409277727,0.0193598480744826,0.0339972918466594,FALSE
"SOCS3",-0.733348419456063,0.0193617329673612,0.0339972918466594,FALSE
"ZNF329",0.255742518019742,0.0193579863779017,0.0339972918466594,FALSE
"NSDHL",0.469396740431492,0.0194245616300823,0.0341030388709987,FALSE
"RNF10",0.118630627978584,0.0195213344576931,0.0342683441566263,FALSE
"CD58",-0.348742556912118,0.0195262560051745,0.0342723882048189,FALSE
"STN1",0.122250357824379,0.0195437134531354,0.0342984311700333,FALSE
"CCDC14",-0.186695164169777,0.0195488442709474,0.0343007836644858,FALSE
"NOD2",0.323275571705617,0.0195502938973719,0.0343007836644858,FALSE
"SIGLEC10",0.143690885912631,0.0196156037421778,0.0344107576299868,FALSE
"TMEM185B",0.204129862214898,0.0196551488754563,0.0344755103265641,FALSE
"TGFB3",0.3211334376895,0.0196587631824959,0.0344772307548876,FALSE
"B3GNT7",0.281880336767373,0.0196719625828643,0.0344911388957894,FALSE
"ZNF585A",-0.0882364816595747,0.0196716953916361,0.0344911388957894,FALSE
"APBB1IP",0.280582260851611,0.0197137817589185,0.0345552056216042,FALSE
"ZSCAN16",-0.148105111191569,0.0197135061266266,0.0345552056216042,FALSE
"ATP11C",-0.19251530162647,0.0197832627872016,0.0346723529330714,FALSE
"PLEKHH1",0.350144446868605,0.0198284233399152,0.0347468502698662,FALSE
"MAP1B",0.356468326525602,0.0198521806129354,0.0347791714953233,FALSE
"NR3C2",-0.0841427615189471,0.0198507435460773,0.0347791714953233,FALSE
"TUFM",0.155891481845397,0.0199153042074158,0.0348850900031426,FALSE
"HSPD1",-0.14312908031476,0.0199188748893197,0.0348866769298961,FALSE
"HPS4",-0.100409761311478,0.0199622099364885,0.034957898941748,FALSE
"EMD",0.190903291774455,0.0199827059588472,0.0349891114635854,FALSE
"RNF112",0.421347870101159,0.0199933068247818,0.0350029918360582,FALSE
"S1PR1",-0.195863668919247,0.0200103546869647,0.0350281539726891,FALSE
"RBM45",-0.167071751289685,0.0200923290904442,0.0351669481887828,FALSE
"HECTD1",-0.0679585088367409,0.0201001005018702,0.0351758475832757,FALSE
"FAHD2A",0.173743098660619,0.020125533852852,0.0352156494522237,FALSE
"XXYLT1",0.179226064345302,0.0201415205566108,0.0352389131534343,FALSE
"SMARCA2",-0.110139351772524,0.0201531601754252,0.0352545661433281,FALSE
"MED28",-0.105280986733744,0.0201600853178125,0.0352619688685106,FALSE
"ZBTB48",0.246986371018594,0.0201632269909473,0.0352627528407003,FALSE
"COG7",0.129820597618688,0.020204299552585,0.0353298637294567,FALSE
"ENAM",0.339976081378463,0.0202215763347653,0.035355352213508,FALSE
"XIAP",-0.176934770922009,0.0202243869989425,0.0353555447443123,FALSE
"IGFBP6",0.443668885658235,0.0203008789075211,0.0354845269235335,FALSE
"ARL5B",-0.404241695675813,0.0203341451269007,0.0355379292486162,FALSE
"HYI",0.277427892804619,0.0203421516178153,0.0355471768527012,FALSE
"NOSTRIN",-0.29561194404725,0.0203891588071179,0.035624565207899,FALSE
"ZNF276",0.198661461323083,0.0204170062142539,0.0356684608162547,FALSE
"ZNF69",-0.150748094817754,0.0204671389193546,0.035751271878878,FALSE
"ZNF836",0.289070336870164,0.0204779850202675,0.0357654455556752,FALSE
"AHCY",-0.175448738424861,0.0204964150663441,0.0357928592835237,FALSE
"CLDN14",-0.283524753136817,0.0205099592744079,0.0358110398217726,FALSE
"TMOD1",-0.302421152502778,0.0205122966409619,0.0358110398217726,FALSE
"CLK3",0.167836265434742,0.0205212670308111,0.0358219237289839,FALSE
"SV2A",0.242605324751458,0.0205301992105561,0.035832738043541,FALSE
"CROCC2",0.49418054595325,0.0205621726626224,0.0358837595973143,FALSE
"BLOC1S4",-0.256794360786251,0.0206170486958684,0.0359747303113834,FALSE
"TLR6",-0.273384086104861,0.0207118187800533,0.0361352787138137,FALSE
"PHAX",-0.11714444207606,0.0207408721298815,0.0361811456261703,FALSE
"FAM167B",0.433911009348425,0.0207771008418748,0.036239515617083,FALSE
"VDAC2",-0.11585684284047,0.0207991090425463,0.036273069879448,FALSE
"LRMDA",-0.183574186992808,0.0208112009716538,0.0362893238040611,FALSE
"EFCAB7",-0.253669121964853,0.0208466852877997,0.0363463582085329,FALSE
"HDAC7",0.193044625769196,0.0208701890240646,0.0363776480765615,FALSE
"MISP3",0.412762392638845,0.0208691603041071,0.0363776480765615,FALSE
"C8B",-0.122171519848853,0.0209186166135589,0.0364572056316178,FALSE
"CNOT4",-0.0997492754365682,0.0209426385129453,0.0364942131520671,FALSE
"HNRNPA1",-0.0963964297336911,0.0209620996738012,0.0365157820943977,FALSE
"KIF26B",0.224685617084059,0.0209661727775426,0.0365157820943977,FALSE
"S100A11",0.321077396572878,0.0209654239465662,0.0365157820943977,FALSE
"USP12",-0.130405966272268,0.0209649112598334,0.0365157820943977,FALSE
"QSOX2",0.180789457401181,0.0209782220952784,0.0365319079105326,FALSE
"C2orf69",-0.343168907435426,0.0210000504542102,0.0365650565961591,FALSE
"PCNX4",-0.102647979606642,0.0210265686961556,0.0366063613524028,FALSE
"ATAD1",-0.139942257579129,0.0210470317555804,0.0366371147113493,FALSE
"MRPL43",-0.148846212240238,0.0210620449167574,0.0366583743751912,FALSE
"DUSP2",-0.290863733481612,0.0210794189326031,0.036678861332488,FALSE
"TSN",-0.17751763880476,0.0210782882556655,0.036678861332488,FALSE
"HNRNPLL",-0.1821717582717,0.0211011954418745,0.0367069958444089,FALSE
"OSGIN2",-0.249385753349132,0.0210988939102175,0.0367069958444089,FALSE
"TFAM",-0.195980351535744,0.0211042537147403,0.0367074385058297,FALSE
"FAM135A",-0.267879970079234,0.0211134818340015,0.036718611074754,FALSE
"UBE2D4",-0.125458066600639,0.0211173287530409,0.03672042343403,FALSE
"HBS1L",-0.0759706930652687,0.0211769581363751,0.0368192212379047,FALSE
"G3BP1",-0.106203800581333,0.0211904075421201,0.0368377128590408,FALSE
"ETHE1",0.216637197291299,0.0212029155743908,0.0368545632899527,FALSE
"AMOTL1",-0.169413444611293,0.0212071593937464,0.0368570464334168,FALSE
"CD44",0.224127200442545,0.0212174239682073,0.0368699913182599,FALSE
"PCNX2",0.281074573461496,0.0212522913343807,0.0369256799136978,FALSE
"CCNDBP1",0.114193347933138,0.021275526294212,0.0369464372256033,FALSE
"CEP290",-0.210087486183923,0.0212712315302025,0.0369464372256033,FALSE
"SLC30A4",-0.129552232105185,0.0212724917553517,0.0369464372256033,FALSE
"SUPT20H",-0.110352937487925,0.0212733913451297,0.0369464372256033,FALSE
"NAA10",0.166033015398335,0.0213577517600061,0.037084308493634,FALSE
"ZNF382",0.36724322866504,0.0213854766490656,0.0371275242394333,FALSE
"HEXB",0.14392562975387,0.021412556748887,0.0371696092490624,FALSE
"TAFAZZIN",0.222037425600158,0.0214241468676585,0.0371847979307153,FALSE
"CA9",0.609807071504136,0.0214642517730388,0.0372494676846003,FALSE
"FZD7",-0.586876696383694,0.0214746210478261,0.0372625233609196,FALSE
"CEP70",-0.106932538614118,0.0215586439090827,0.0374033615236828,FALSE
"VPS26B",0.105622104419671,0.0215622159690029,0.0374046020228151,FALSE
"CRKL",0.160342571546987,0.021573042439739,0.0374184249630449,FALSE
"CAP1",0.147890260299401,0.0215852138101626,0.037434576659511,FALSE
"GOLGA6B",0.6847826784648,0.0216005651562666,0.0374562382815685,FALSE
"NDUFAF8",0.199697825871115,0.0216720542724084,0.0375752263984069,FALSE
"MAN1C1",-0.223798403217964,0.0216989470623312,0.037616871681679,FALSE
"IL18RAP",-0.377730374148226,0.0217220122423148,0.0376518713460062,FALSE
"NAALADL2",-0.194744858995635,0.0217261056413609,0.037653981341898,FALSE
"ROMO1",0.350389992877589,0.0217372384680654,0.0376682893479698,FALSE
"CAVIN3",0.396096717600873,0.0217458357769633,0.0376782003695081,FALSE
"RAPGEFL1",0.365397043281627,0.021750075281252,0.0376805591613274,FALSE
"DCK",-0.421975500751766,0.0217603663027703,0.0376927236427338,FALSE
"FAM161B",0.241876541911049,0.0217657340925044,0.0376927236427338,FALSE
"SH3PXD2B",0.227992919974674,0.0217642141415311,0.0376927236427338,FALSE
"TSPAN33",-0.201575889312833,0.0217788110077284,0.0377103813930936,FALSE
"ATE1",-0.128262862818246,0.0217852790816252,0.0377165926655166,FALSE
"ABCA6",-0.13495785249224,0.0218072571704196,0.0377496510478822,FALSE
"THAP2",-0.230591598192139,0.0218697192840542,0.0378527716640452,FALSE
"KLF3",-0.0925193995382489,0.0219055542726815,0.0379097840763974,FALSE
"ERLIN1",-0.115119375885878,0.0219237601039656,0.0379362764051172,FALSE
"FBLIM1",0.273089568978302,0.0219306129075598,0.0379394897442644,FALSE
"VPS50",-0.130639819871443,0.0219314129532992,0.0379394897442644,FALSE
"SPTLC1",0.203898226658287,0.0219401740356733,0.0379496311897258,FALSE
"GPX8",0.261756720380686,0.0219730622616976,0.0380014968467827,FALSE
"HMMR",0.393120749194787,0.022006144125108,0.0380536836462704,FALSE
"YBX2",0.496057947924757,0.0220238694455081,0.0380793051744046,FALSE
"DDR1",0.324891464119439,0.0220372293429933,0.0380973731095297,FALSE
"NUDT15",-0.122899651077684,0.0220701463772017,0.0381492416649492,FALSE
"CREB1",-0.196455156733876,0.0220835943868631,0.0381674478828794,FALSE
"AURKA",0.252696099252109,0.0220876971255499,0.0381694998373415,FALSE
"HSD17B13",-0.278302747014073,0.0221095873269661,0.0382022855067493,FALSE
"RRP36",0.142085968434678,0.022124133853466,0.0382223753509603,FALSE
"MRPL55",0.337721163176723,0.0221446060018826,0.0382526958406975,FALSE
"SLC25A26",-0.126100958726635,0.0221702324985341,0.0382919108008982,FALSE
"EFCAB14",-0.119067666440379,0.0221794546798981,0.0383027860004256,FALSE
"SFPQ",-0.153292780504119,0.022183942661866,0.0383054836888881,FALSE
"MYG1",0.171084720804831,0.0222026058862425,0.0383326541293271,FALSE
"CA5A",0.221586022930022,0.0222560087493733,0.0384197872556429,FALSE
"RPGR",-0.229783319548755,0.0222989479928411,0.0384888367992453,FALSE
"FUT6",0.330387399123825,0.0223216821948106,0.0385229980614896,FALSE
"TECTB",0.787532012948937,0.0223619415459076,0.0385873914220406,FALSE
"FBXO38",-0.108931683949647,0.0223708014184204,0.0385975925368951,FALSE
"ZNF264",-0.124183606147965,0.0224132481103688,0.0386657325419619,FALSE
"C5AR1",-0.452921635692883,0.022429740147962,0.03868034064745,FALSE
"INPP5D",0.0980206107864536,0.0224259649987454,0.03868034064745,FALSE
"PODXL2",0.453565567411116,0.0224305794527529,0.03868034064745,FALSE
"MTURN",-0.307454026313424,0.0224996380566512,0.0387943186405476,FALSE
"DNAJC17",0.136689013712551,0.0225074226880588,0.0388026307390132,FALSE
"PIGN",-0.0701456800178678,0.0225172692746079,0.0388093851162674,FALSE
"ZDHHC16",-0.108498252762919,0.0225153421487474,0.0388093851162674,FALSE
"MYOM2",-0.343504884186703,0.02255368838235,0.0388670380810487,FALSE
"GFM2",-0.017242097104029,0.0225636322444883,0.0388790567708398,FALSE
"IP6K3",0.445959149319132,0.0226079753531644,0.0389503373238095,FALSE
"RRAS",0.321925504336052,0.0226155301561196,0.0389582264215682,FALSE
"RAPGEF2",-0.0696004684465885,0.0226264000941456,0.0389718234485665,FALSE
"TNFAIP8",0.0501061102351449,0.0226336898085758,0.0389780067779908,FALSE
"USP2",0.405912786745594,0.0226359445106221,0.0389780067779908,FALSE
"SPCS3",-0.212849860713981,0.0227319898548783,0.0391382445002719,FALSE
"MT-ATP8",0.326299573035729,0.0227528435624636,0.0391689977540794,FALSE
"SLC34A2",0.665389031724334,0.0227691351181541,0.0391918902138935,FALSE
"OCRL",-0.0925016910963627,0.0227967916035616,0.0392291792420911,FALSE
"PIGB",-0.145344169121011,0.0227966679910837,0.0392291792420911,FALSE
"ZNF214",-0.177560377958353,0.0228112257999668,0.0392488590055416,FALSE
"LPP",-0.15102142726996,0.0228177098700029,0.0392548564544123,FALSE
"C3orf33",-0.224468995791767,0.0228410188500619,0.0392897935599803,FALSE
"ALKBH2",-0.254494888684325,0.0228490927197033,0.039298518377083,FALSE
"VPS26C",0.151643836152701,0.0228589878238062,0.0393103728608,FALSE
"PRSS53",0.411749414959059,0.0229012119434655,0.0393778128137444,FALSE
"ARFGAP3",-0.171419867194472,0.0229673029900646,0.0394862679902726,FALSE
"ADRA1A",0.414788244338209,0.022984242217892,0.0395102020898953,FALSE
"ACSM1",0.762166467314694,0.0230566594737172,0.0396190820094377,FALSE
"ATP2B1",-0.225242817794005,0.0230515943267335,0.0396190820094377,FALSE
"KIAA0232",0.23113765442676,0.023055441441418,0.0396190820094377,FALSE
"EIF4H",0.137305395527456,0.0230740653968002,0.0396385860352851,FALSE
"GDF7",-0.167864029092107,0.0230732758800182,0.0396385860352851,FALSE
"HAPLN3",0.467239604371292,0.0230843984834469,0.0396491537254064,FALSE
"MMUT",-0.133325644644894,0.0230862739725613,0.0396491537254064,FALSE
"HLTF",-0.102569030201513,0.0231026660861767,0.0396721018363359,FALSE
"TRAPPC13",-0.19484148615087,0.0231783608683959,0.0397968656379067,FALSE
"MYD88",0.126711195236202,0.0231978361393862,0.0398250813974356,FALSE
"DR1",-0.178643090775048,0.023238704233602,0.0398795537850723,FALSE
"RFC3",-0.172192728732562,0.0232384214588429,0.0398795537850723,FALSE
"ZCCHC24",0.154800736946854,0.023236437937628,0.0398795537850723,FALSE
"LYRM9",-0.19021714045372,0.0232514372218509,0.0398961751125128,FALSE
"UQCC6",-0.1407829326652,0.0234082352098533,0.0401599548378194,FALSE
"SPG7",0.160026193109689,0.0234430200166212,0.0402143629530405,FALSE
"SORL1",-0.196986563799905,0.0234745879140774,0.0402632392206343,FALSE
"SIGLEC7",0.211670924997232,0.0235076236195431,0.0403146199144692,FALSE
"FCRL6",0.163195682160593,0.0235775995709092,0.0404288364608829,FALSE
"PNPLA8",-0.179688657433676,0.0235803998789567,0.0404288364608829,FALSE
"ANKS1B",0.452002707096305,0.0236229303442004,0.0404964520186292,FALSE
"KIFC3",0.467293528804302,0.0236566284835771,0.0405489107236176,FALSE
"ZFP2",-0.295757580642907,0.0236623019712464,0.0405533260122473,FALSE
"TMEM106A",0.198566667983348,0.0236787047705989,0.0405761260283614,FALSE
"MED31",-0.165478982204562,0.0237001356732062,0.0406075351699537,FALSE
"NCOA1",-0.0827597606621888,0.0237056748650581,0.0406117109831643,FALSE
"LBR",-0.271520077506876,0.0237132961756968,0.0406141383480144,FALSE
"ZNF615",-0.145736725992098,0.0237120898262119,0.0406141383480144,FALSE
"ACTR10",-0.124708355289858,0.023747320959355,0.0406670930019458,FALSE
"VPS13A",-0.180666419631894,0.0237626990271472,0.040688105632149,FALSE
"HDAC3",0.136087237941737,0.0237676475671944,0.0406912569569386,FALSE
"RGL2",0.154614258161542,0.0238030173954751,0.0407464832298065,FALSE
"CD8A",0.199996321351863,0.0238498586268717,0.0408213294735265,FALSE
"NDUFA1",-0.259799341358906,0.0238809371609985,0.040869180302195,FALSE
"GSKIP",0.198734990689922,0.0239345490193754,0.0409555764947932,FALSE
"SFSWAP",0.236432784154469,0.0239415405769303,0.0409621862562954,FALSE
"USP10",-0.099386841082635,0.0239802806869596,0.0410231065926663,FALSE
"JUP",0.211512899649418,0.0240214516637137,0.04108816895497,FALSE
"WDFY2",-0.138792676343973,0.0240540515170474,0.0411385555141979,FALSE
"ATP10D",0.280202859973085,0.0241714468286048,0.0413339318025202,FALSE
"RILPL1",0.204290703632784,0.0242157392577161,0.041404265164166,FALSE
"GGACT",-0.320875245305198,0.0242251799818501,0.0414149982139438,FALSE
"LONRF2",0.374797074365865,0.0242496615758551,0.0414514387454099,FALSE
"CFTR",0.603562583226008,0.0242692845936721,0.0414795657833363,FALSE
"ATF7IP",-0.147869099982425,0.0242848362036807,0.041500713575239,FALSE
"CD8B",0.380765776259731,0.0242879978164895,0.041500713575239,FALSE
"SLC31A2",-0.257108982637143,0.0243040508893449,0.0415227240301844,FALSE
"THAP6",-0.123323957548712,0.0243431344170014,0.0415840704315478,FALSE
"LCLAT1",-0.113193200571541,0.0244061913994918,0.041686348049856,FALSE
"LRP6",-0.161058087382822,0.0244309936958364,0.0417232676057775,FALSE
"AKR1C2",0.349855717311723,0.0244762748266232,0.0417951467366832,FALSE
"IFI44",-0.284692730774395,0.0245106228085434,0.0418483403507368,FALSE
"POGZ",-0.2065004351918,0.0245144139651064,0.0418493555393367,FALSE
"THAP10",-0.354696584296909,0.0245185017785055,0.0418508768297515,FALSE
"TCOF1",0.139125213277717,0.0245225824637552,0.0418523855580085,FALSE
"MPDU1",0.123323083545106,0.0245677240478118,0.0419239628824233,FALSE
"NKTR",-0.19610603918013,0.0245719272197811,0.0419256706843965,FALSE
"RGL3",0.215778402938856,0.0245754003987636,0.0419261326584067,FALSE
"HSPA4L",0.337701903590244,0.0245892404278988,0.0419442782647623,FALSE
"FMN1",0.353390601158499,0.024594342415283,0.0419475157505061,FALSE
"TIRAP",0.255865736867581,0.0246278265887268,0.0419991540575239,FALSE
"ZCWPW1",-0.175623243379264,0.0246816014269302,0.0420853771661072,FALSE
"PISD",0.156721785741131,0.0247100182889818,0.0421283447635564,FALSE
"TOR1A",-0.071310358203854,0.0247523562549121,0.0421950323032954,FALSE
"WAS",0.317399118137672,0.0247761187457088,0.0422300412210415,FALSE
"ECM1",0.20522819429445,0.0247946479326636,0.0422561221992232,FALSE
"DCAF1",0.15884057225617,0.0248225549331139,0.0422981763873913,FALSE
"ATXN7",-0.136400189955801,0.0248441543009054,0.0423294726844682,FALSE
"LRRFIP1",-0.175532602297637,0.0249305631027068,0.0424711687886321,FALSE
"HNRNPAB",0.118803111870557,0.0249789289437697,0.0425424922247734,FALSE
"RAB3GAP1",0.200045383836443,0.0249780142229758,0.0425424922247734,FALSE
"JAK2",-0.234554144475052,0.0250142307983997,0.0425970746114268,FALSE
"KIF22",0.192874894129457,0.0250221345088534,0.0426049921953321,FALSE
"KIF12",0.26503504732602,0.0251086586130197,0.042746756640007,FALSE
"ATXN1",-0.124480425309468,0.0251372127712805,0.0427884361433961,FALSE
"TMEM205",0.228927268495962,0.0251396769641768,0.0427884361433961,FALSE
"SVBP",-0.222701018381111,0.0251518031853481,0.0428035106333781,FALSE
"TBX21",0.266599821380449,0.0252672770402948,0.042994436055568,FALSE
"KIF6",-0.362107474664104,0.0253276183017725,0.0430915112159591,FALSE
"PPM1E",-0.224785539004412,0.025335243103526,0.0430988828886905,FALSE
"LTN1",-0.10529327366671,0.0253437256941707,0.0431077116783271,FALSE
"EGFR",-0.155392885869575,0.0254771828238479,0.0433290825577834,FALSE
"EIPR1",0.202973299899774,0.0254843430997209,0.0433356305833935,FALSE
"STK32C",0.181173675874556,0.0255061420016509,0.043367066374755,FALSE
"PHAF1",-0.10521145685066,0.0255146305527238,0.0433758658870614,FALSE
"S100PBP",-0.206548995115291,0.0255252039047423,0.0433882068970249,FALSE
"FLNB",0.145090550411508,0.0255346375649003,0.0433986076852752,FALSE
"SETD1A",0.297443705486688,0.0255605871467382,0.0434370725499866,FALSE
"C5",-0.0939944717548697,0.0256556754084223,0.0435930048600993,FALSE
"GLOD5",-0.19249488405496,0.0256624740704021,0.0435932412780206,FALSE
"HNRNPM",-0.0949783635034315,0.0256601850202781,0.0435932412780206,FALSE
"SLC44A1",-0.106490694723947,0.0256856203637049,0.0436268995591107,FALSE
"NPL",-0.213801774295464,0.0257165314674807,0.0436737358895132,FALSE
"ZNF626",-0.20356370366537,0.0257317930143056,0.0436939862702061,FALSE
"ZNF433",-0.209056385578154,0.0257428888603988,0.0437071587291325,FALSE
"SP3",-0.152745213546322,0.0257652289580475,0.0437394161720381,FALSE
"ZNF775",0.269828696674335,0.0257841502483976,0.0437658621874785,FALSE
"MYL5",0.189364835765246,0.0258039916927932,0.0437881865511404,FALSE
"PPP1R3B",0.276737106656151,0.0258031603335243,0.0437881865511404,FALSE
"FAM184A",-0.184352711338913,0.0258693974872302,0.0438934878049271,FALSE
"TTC14",-0.153232314090676,0.0258943944057994,0.0439302075367016,FALSE
"PRSS36",0.363486987969491,0.0259026330511536,0.0439384907885078,FALSE
"XYLT1",0.315415142625764,0.0259072401264121,0.0439406124802418,FALSE
"HADHA",0.241941326607927,0.0259367723908156,0.0439850031270153,FALSE
"MAPKAPK3",0.147787270197333,0.0259593344520456,0.0440175633526979,FALSE
"ZNF674",-0.188197552692703,0.0259807632889803,0.0440481938590171,FALSE
"CSTA",0.392306752998309,0.0260449008705539,0.0441512161332762,FALSE
"CDC16",-0.11567741199874,0.0260553031795717,0.0441631316969125,FALSE
"ENO2",0.241237082865118,0.0260741566484131,0.0441893668402621,FALSE
"SLC16A5",0.248102683467647,0.0261174874427895,0.044257072948615,FALSE
"COPB1",-0.120952100845122,0.026235284970912,0.0444509319061964,FALSE
"CLYBL",-0.11801800022906,0.0262509812202417,0.0444717709802542,FALSE
"OSBPL1A",-0.175180701021991,0.0262864305104565,0.0445260639465515,FALSE
"COG6",-0.184559936060581,0.0263296347785651,0.0445934771695957,FALSE
"NDUFS3",-0.190008079770043,0.0263572675864387,0.0446287308900227,FALSE
"UBXN1",0.164340202381833,0.0263546031130999,0.0446287308900227,FALSE
"ZNF354C",-0.143974565259656,0.0263925576733825,0.0446827059433498,FALSE
"CNOT1",0.277513904998373,0.0264080313548191,0.0447031221227427,FALSE
"PAK2",-0.148749480930744,0.0264458506140566,0.044761354394212,FALSE
"PARVB",0.318588688949073,0.026465347818324,0.0447885643274946,FALSE
"MCTP1",0.211491684546889,0.0264919475037446,0.0448277855394887,FALSE
"ID1",0.322983326257448,0.0264994666454406,0.0448347140504147,FALSE
"VAMP5",0.234051733045255,0.0265651703924161,0.0449400711690803,FALSE
"TYW1",0.182090347011827,0.0266166039463349,0.0450212634193045,FALSE
"TMEM268",0.170896185813385,0.0266702795960615,0.0451062266466396,FALSE
"BHLHE40",0.257808672174378,0.0267020705632249,0.0451483285307685,FALSE
"GOT2",-0.145282036226981,0.0267003858408415,0.0451483285307685,FALSE
"INTS14",-0.0852880241322472,0.0267682834543165,0.0452544378853191,FALSE
"AMMECR1L",0.136744693208084,0.0267767700457373,0.045262940405267,FALSE
"PNMA8B",0.418375120300472,0.0267934292570286,0.04528525378686,FALSE
"MTARC1",-0.152211957021098,0.0268161689504609,0.0453178370852504,FALSE
"RANGRF",0.129955057159278,0.0268289268936357,0.0453335455461381,FALSE
"ARSD",-0.125146992474233,0.0269057331145039,0.0454574600509852,FALSE
"RAB30",-0.183470631681263,0.026931569852549,0.0454952403238157,FALSE
"MRPS14",-0.0844993622989049,0.0269815874835349,0.0455738541264919,FALSE
"BBS5",0.131339024451994,0.027047286959602,0.0456789320014331,FALSE
"HMGCLL1",-0.379688697531672,0.0270680336635123,0.0457080738711083,FALSE
"MYO1D",0.188517102371563,0.027111851593638,0.0457761621181208,FALSE
"CD300E",-0.284385772520045,0.027174988763565,0.045876847568355,FALSE
"AGXT",0.265676940531141,0.0271974940155761,0.0459030026623594,FALSE
"KCTD14",-0.239347881877127,0.0271941130770433,0.0459030026623594,FALSE
"TMEM192",-0.0999564973663614,0.0272273095762631,0.0459474010018609,FALSE
"RASD1",-0.609783116181579,0.0272345224844782,0.0459536497443986,FALSE
"CRIP3",-0.365073315394437,0.027271068079294,0.0460093844451182,FALSE
"LCOR",-0.293589776677695,0.0272816380668991,0.0460212866346918,FALSE
"DCLRE1C",-0.270688221816737,0.0273145587168168,0.0460648021353303,FALSE
"FRMPD1",0.238870826306333,0.0273187189612365,0.0460648021353303,FALSE
"GSTM5",-0.662234446393125,0.027314730756773,0.0460648021353303,FALSE
"KIAA1191",-0.128719190176502,0.0273215084464436,0.0460648021353303,FALSE
"PLK4",0.324594653514907,0.0273481832174367,0.0461038391298842,FALSE
"TRIM8",0.174968749802658,0.0273526089316775,0.046105363220487,FALSE
"ZNF131",-0.137383929411393,0.0273891065225268,0.0461609400866273,FALSE
"DCAF5",0.131494907468734,0.0274447971500985,0.0462428937308996,FALSE
"SMUG1",-0.158929280109748,0.0274418592086389,0.0462428937308996,FALSE
"YWHAB",-0.12818048110318,0.0274681865478414,0.0462763477395882,FALSE
"POLR3H",0.172031137025979,0.0274762457383709,0.0462839692751867,FALSE
"SYT1",-0.239996271987858,0.0275617112168443,0.0464219636242024,FALSE
"MRGBP",0.163795967818041,0.0275681313310877,0.0464268041402882,FALSE
"OXSR1",-0.0989418662510965,0.027706329983112,0.0466535398249392,FALSE
"ZNF432",-0.239687952057441,0.0277952937308032,0.0467973232412134,FALSE
"SCARA3",-0.272584658978311,0.0278477230977185,0.0468795667732198,FALSE
"ARL17A",-0.307714545805084,0.02787918254377,0.0469264923968935,FALSE
"AASS",-0.145549691279318,0.0279506024264217,0.0470406590778651,FALSE
"NOS1AP",0.544687889768953,0.0279664926648133,0.0470613524380123,FALSE
"LOC112267992",0.81082832263575,0.0279834494051109,0.0470838349327479,FALSE
"SENP8",-0.169721764284821,0.0280024016901849,0.0471096688419302,FALSE
"SLX4",0.326375508423661,0.0280199097602996,0.0471330667585561,FALSE
"SLMAP",-0.108666691896278,0.0280613550532124,0.0471967189564051,FALSE
"FERRY3",-0.151764498150233,0.0281406180184037,0.0473239526136084,FALSE
"FRY",0.168866559881436,0.0281779698009642,0.0473806807904217,FALSE
"XRRA1",0.357599264935578,0.028247835603823,0.0474920590375306,FALSE
"POLG2",-0.170225060712714,0.0282616375010251,0.0475030630585981,FALSE
"TMEM62",-0.101118084189349,0.0282607183073794,0.0475030630585981,FALSE
"NHP2",0.176014231767631,0.0282781954858381,0.0475247927215138,FALSE
"RPS6KA2",0.155552674531694,0.0283086925756565,0.0475699400847767,FALSE
"RXYLT1",-0.12678985883415,0.0283289968105959,0.0475979499800207,FALSE
"ZNF554",-0.119458956466528,0.028390112347865,0.0476945144178428,FALSE
"IRF9",0.237412691534248,0.0284060870226853,0.0477152285477285,FALSE
"SUDS3",-0.122075918302315,0.0284409641413301,0.0477674033394418,FALSE
"TSC22D3",-0.36816406372879,0.02844444519052,0.0477674033394418,FALSE
"F2",0.180194660994266,0.0284498468241744,0.0477703468798372,FALSE
"MROH8",-0.190257449132755,0.0284638447008621,0.0477877218291468,FALSE
"ENPP2",0.508915891849803,0.0284679291458728,0.0477884508754669,FALSE
"ENDOD1",0.177892933726222,0.0284724797879931,0.0477895265386795,FALSE
"PCDHB5",-0.340464694353415,0.0284758704955881,0.0477895265386795,FALSE
"BEST1",-0.518132093130325,0.0284970103290303,0.0478188745485343,FALSE
"GABPB2",-0.191315487388416,0.0285132817115074,0.0478400466701339,FALSE
"XCL1",0.354213116710651,0.0285742678363806,0.047936226872616,FALSE
"ZBTB5",-0.086840661313074,0.0286310693675804,0.0480253632492457,FALSE
"NDUFA11",0.313465295864638,0.0286428031759302,0.0480388904918368,FALSE
"ARMC9",0.327744815818562,0.0286683943378578,0.0480756524492422,FALSE
"CHM",-0.203359150180046,0.0287546598991886,0.0482141402920309,FALSE
"ABHD11",0.142098336731635,0.0288293702284748,0.0483332200065555,FALSE
"DNAH1",0.285729479257234,0.0288547934152649,0.0483696485778039,FALSE
"PRR3",-0.217609071293583,0.0289067001344882,0.04845045681228,FALSE
"PLRG1",-0.11712851646183,0.0290085310277868,0.0486149114459529,FALSE
"CHRDL1",-0.88048972682384,0.0290571609251729,0.0486901767352315,FALSE
"AQP9",-0.132379355103835,0.0291111418348426,0.0487619074848719,FALSE
"SESN2",0.189725358846547,0.0291093237440669,0.0487619074848719,FALSE
"SLC25A15",0.381253849145575,0.0291041079110841,0.0487619074848719,FALSE
"SLTM",-0.0532421634531996,0.0292052847650543,0.0489133411979137,FALSE
"UGT2B4",-0.11657546605381,0.0292174148877335,0.0489273977628814,FALSE
"HPCAL1",0.214061903081635,0.0293083384912184,0.0490733811903097,FALSE
"TSEN54",0.191818761817679,0.0293169769523196,0.049081568063909,FALSE
"PLEKHA6",0.242611032059603,0.0293408542279984,0.0491152619297987,FALSE
"BCO1",0.469367200275332,0.0293562903379975,0.0491348188577171,FALSE
"SEC31B",0.199325347488003,0.0293652380706975,0.0491372311888512,FALSE
"UAP1",-0.221434584261972,0.0293615364907106,0.0491372311888512,FALSE
"TEF",0.290542405158898,0.0293738323316684,0.0491453307202814,FALSE
"NUP214",0.140000730118251,0.0294141290773368,0.0492001760419693,FALSE
"TIPIN",-0.162057046781401,0.0294137669269255,0.0492001760419693,FALSE
"GBA3",-0.154669891828249,0.0294531498712813,0.0492591515220765,FALSE
"PFDN1",-0.112364837578146,0.0294726400614384,0.0492854519969794,FALSE
"FAM120AOS",-0.0851931591756377,0.0295285790145844,0.0493726892029296,FALSE
"RBM18",-0.168796360649132,0.0295870016161173,0.0494640563348496,FALSE
"ZNF322",0.275037894830942,0.0295979661666985,0.0494760690825354,FALSE
"ZDHHC20",-0.174570074650767,0.029620127457761,0.0495067928861237,FALSE
"MED23",-0.088464339653526,0.0296285707935961,0.0495145837158234,FALSE
"ZNF592",0.129559138084323,0.0296347258724501,0.0495185489626185,FALSE
"ZNF571",-0.186929753093181,0.0296447614333905,0.0495289965142865,FALSE
"CDC42EP3",-0.31091706938658,0.0296759750121711,0.0495748200662682,FALSE
"ATP10A",0.336376961524987,0.0296830295006267,0.0495802784156934,FALSE
"ADGRE1",-0.505441009257718,0.0297354785012056,0.0496615492457947,FALSE
"NFS1",-0.0739431032143144,0.0297620078029314,0.0496995160913237,FALSE
"BICC1",0.275889914827883,0.0297761053173399,0.0497167160839961,FALSE
"RAB42",0.174056598109367,0.0297912795051184,0.0497357091661578,FALSE
"CLCN2",0.285803182441089,0.0298169498924367,0.049772218282772,FALSE
"PDZRN3",-0.422363676972411,0.0298299259814437,0.0497875307176264,FALSE
"TFAP4",0.231021838162313,0.02984490788043,0.0498061866119298,FALSE
"DENND10",-0.113163132050825,0.0299035845848978,0.0498977478186952,FALSE
"LAMTOR4",0.201389901134063,0.0299403203379611,0.0499526792232174,FALSE
"PPIC",0.158191390736528,0.0299641014337493,0.0499859857251077,FALSE
"C18orf32",0.304093168003624,0.0300343420747352,0.0500967774802438,FALSE
"ZGLP1",0.257234872413577,0.030174628800012,0.0503243618152556,FALSE
"ADAM10",-0.188845136978143,0.0302010507138452,0.0503620119660759,FALSE
"NSMCE3",-0.121612050848129,0.0302273091538398,0.0503993799595098,FALSE
"TRUB2",0.120392778387515,0.0302683330299606,0.0504613543904552,FALSE
"MAOA",-0.112859121111667,0.0303323857749127,0.0505617003520699,FALSE
"ORC3",-0.0820703427167618,0.030342413677814,0.0505655396983123,FALSE
"SHLD3",-0.400536463353334,0.0303393846658317,0.0505655396983123,FALSE
"HSPA1B",0.28636853152631,0.030376293912046,0.0506155580878842,FALSE
"ALG10B",-0.299047997946587,0.0303837477406967,0.0506215354315603,FALSE
"IL3RA",0.192362154204032,0.0304194089478792,0.0506745008201596,FALSE
"CIRBP",0.132977356911882,0.0304462246098892,0.0507095538681975,FALSE
"MTMR6",-0.214112228093693,0.0304481975983731,0.0507095538681975,FALSE
"MFAP3",0.786457742357763,0.0304920670576781,0.0507761564384535,FALSE
"OVGP1",-0.158929502409195,0.0304991723170332,0.0507815291841025,FALSE
"PTPRG",-0.154521372669487,0.0305396555089999,0.0508424681998762,FALSE
"RPP25",0.182114982990692,0.0305507448495093,0.0508544630095074,FALSE
"GPR34",0.194492843740291,0.0305617185797109,0.0508662623500604,FALSE
"IFI27",0.267000337908453,0.0305932052371614,0.0509121956228443,FALSE
"RASSF2",0.0534423097450566,0.0306212966916956,0.0509524677538993,FALSE
"MRPS18A",0.145554926338904,0.030634958636359,0.0509687226416586,FALSE
"HSD17B3",-0.354403090223097,0.0306560504928436,0.0509908541547845,FALSE
"TMEM237",-0.20552331958443,0.0306522863813362,0.0509908541547845,FALSE
"CCR1",0.238786203672196,0.0306934607213795,0.0510452051200259,FALSE
"NIPAL2",0.317019399146834,0.0306965245882955,0.0510452051200259,FALSE
"SNX18",-0.208097451619387,0.0307015896516945,0.051047143982726,FALSE
"TRAPPC1",0.14226301197106,0.0307159059563916,0.0510644623214069,FALSE
"SLC27A5",0.218898455938356,0.030724577810749,0.0510723936894776,FALSE
"RSRC2",-0.104708083166213,0.0307534777724867,0.0511139432521766,FALSE
"MEDAG",-0.669419150744855,0.0307889477426379,0.0511664005898218,FALSE
"TTF2",0.183052482775194,0.0307930241712586,0.0511666800926663,FALSE
"ZNF821",0.179591759185204,0.0308383080283955,0.0512354224248419,FALSE
"TANGO2",0.190144756546826,0.0308552962543355,0.0512571423121128,FALSE
"ELL",0.254129544475298,0.0309388710721828,0.0513894570003828,FALSE
"ARSG",0.270739023724067,0.0309470261408452,0.0513964818262014,FALSE
"COQ9",0.134116528245423,0.0309796233186341,0.0514440929081123,FALSE
"CSRNP3",-0.327301661098101,0.0310183206363205,0.05149384799637,FALSE
"MYO5A",0.227933461121183,0.0310145158009513,0.05149384799637,FALSE
"RBM12",-0.15975680306854,0.0310213855138535,0.05149384799637,FALSE
"RNF168",-0.138196655056467,0.0310643239404808,0.0515585863373193,FALSE
"SCAMP1",-0.425219499021512,0.031088888942428,0.0515859265197858,FALSE
"ZNF519",-0.240657261476836,0.0310880884557512,0.0515859265197858,FALSE
"ZZEF1",0.231756362784314,0.0310926173363604,0.0515859265197858,FALSE
"SCIMP",0.250451112526016,0.0311209889119369,0.0516264555036845,FALSE
"BRAP",-0.0677606073818931,0.0311354485674331,0.0516438987260654,FALSE
"C22orf39",-0.0909157476738826,0.031193155123805,0.0517330614239746,FALSE
"GBP1",-0.254897423241752,0.0311971762148454,0.0517331768213751,FALSE
"SMG1",-0.177437189362434,0.0312346607962893,0.0517887764874645,FALSE
"CCDC167",0.180109080864105,0.0312561305623542,0.0518137893721075,FALSE
"PIGK",-0.174384430863953,0.0312576618133903,0.0518137893721075,FALSE
"AKAP13",0.206747103621309,0.0313585120551594,0.0519604939848796,FALSE
"ANO3",0.417814359969289,0.0313620396783164,0.0519604939848796,FALSE
"CDIPT",0.206782836816972,0.0313619125372515,0.0519604939848796,FALSE
"NFIX",0.323427327474197,0.0313572818207422,0.0519604939848796,FALSE
"MANEAL",0.218537374084641,0.0313744564093618,0.0519744885880507,FALSE
"SRGAP3",0.219280832999101,0.0313946057618397,0.0520012877826424,FALSE
"FAM169A",0.364318919638067,0.0314021661692253,0.0520072308017075,FALSE
"UGT3A2",0.550200372228755,0.0314364466110691,0.0520574195588309,FALSE
"FNDC1",0.357989848320903,0.0314985937197328,0.0521537358010296,FALSE
"RETREG2",0.105546429212289,0.0315133774745441,0.05217161581901,FALSE
"NBPF3",0.375363681186052,0.0315179851009534,0.0521726464713215,FALSE
"PNO1",0.225079383840597,0.0315221004835738,0.0521728621404486,FALSE
"GORAB",-0.219010712370317,0.0315304448940379,0.0521800764192573,FALSE
"CTTNBP2NL",0.114402965654475,0.0315945034756174,0.0522794792091485,FALSE
"IFNGR1",-0.215544064656075,0.0316067094782106,0.0522930671665277,FALSE
"GOLGA3",0.147523975552096,0.0316511982450251,0.0523600565357429,FALSE
"PHACTR1",-0.472643801607274,0.0316559557482054,0.0523613105060651,FALSE
"SNW1",0.0937917985367129,0.0316902969834581,0.0524114916760274,FALSE
"CLCN3",-0.0193011776849457,0.0317231290511707,0.0524591645241793,FALSE
"PRP4K",-0.0958682736996049,0.0317418529555893,0.0524834982185622,FALSE
"WDR35",-0.208278158580078,0.0317614088329654,0.0525092012174748,FALSE
"PJA2",-0.100565242984037,0.031830475013242,0.0526167397567379,FALSE
"LSM14A",-0.147651369254933,0.031845704085875,0.0526352680081146,FALSE
"EPO",-0.735504396668365,0.0319339677220616,0.0527678285267236,FALSE
"SYNE2",0.141157831970721,0.0319310860489556,0.0527678285267236,FALSE
"TMED2",-0.139251376881539,0.0319932498460462,0.0528591149652243,FALSE
"RASGRP4",0.153579749388863,0.0320150124058817,0.0528883965195967,FALSE
"NSUN3",-0.155394899436499,0.0321041232403899,0.0530289151480172,FALSE
"PTGR1",0.22763856614627,0.0321227291998379,0.0530529545457648,FALSE
"ZNF622",0.155941733453482,0.0321286301535278,0.0530560073120568,FALSE
"APOA4",0.514961591142102,0.0321711944095306,0.0531195960662851,FALSE
"CLCC1",0.110801943977527,0.0321794424760726,0.0531198160253111,FALSE
"DRD1",-0.335444328067805,0.0321793802052925,0.0531198160253111,FALSE
"PXDC1",-0.181967895513103,0.0321945344362282,0.0531380288501135,FALSE
"TRIM15",0.262172198378721,0.0322048943876102,0.0531484277477112,FALSE
"TSPYL5",-0.406547705178904,0.0322657025407147,0.053242069279435,FALSE
"UMPS",0.132236726228195,0.0322737600789105,0.0532486536802893,FALSE
"CDK2AP1",0.15903112179238,0.0323353317877432,0.0533367977529462,FALSE
"ZC3H8",-0.121512578171212,0.0323342492551005,0.0533367977529462,FALSE
"PDHA1",0.110735814753217,0.0323587357975842,0.0533686783902712,FALSE
"RAI14",0.171856064946966,0.0323739317859391,0.0533870153598079,FALSE
"PER1",0.271828302249771,0.0324121559398647,0.0534433180811976,FALSE
"DOP1B",-0.350595714085933,0.0324719408972121,0.0535351530318979,FALSE
"ST6GAL2",-0.295522111775741,0.0324971251991889,0.0535699273618461,FALSE
"CD69",-0.395245876912771,0.0325647179437343,0.0536745923856691,FALSE
"RTKN",0.193481799288335,0.0325756689348968,0.0536858833957287,FALSE
"HSPB6",0.34796000551406,0.0326277857960604,0.0537619305591007,FALSE
"NDUFA8",-0.130613903695612,0.0326300259870619,0.0537619305591007,FALSE
"ZNF543",0.0904804009357822,0.0326815727374814,0.0538400843436652,FALSE
"CIAO2B",-0.179621954634934,0.0327226995226509,0.0539010546238734,FALSE
"SAMD1",0.154503761169802,0.0327960996312753,0.0540151637152669,FALSE
"CDK12",0.201625354824148,0.0328205030400077,0.054048556704375,FALSE
"NDUFAF3",-0.168390519852546,0.0328492474893939,0.0540890891876675,FALSE
"NOMO1",0.13051812795148,0.0328752141848415,0.0541250382429508,FALSE
"SAA2",0.522018237011554,0.0329286895447459,0.0542062622305814,FALSE
"LRRC17",-0.278711194247529,0.0330368255619994,0.054370599655273,FALSE
"SCO1",0.168336013115925,0.0330350960875532,0.054370599655273,FALSE
"CHERP",0.228869531270474,0.0330565101188111,0.054396157676656,FALSE
"ANO7",-0.276365473560041,0.0331043571617471,0.0544633232834211,FALSE
"NUDT17",0.284128554311588,0.0331056467071085,0.0544633232834211,FALSE
"INHBA",-0.382309059064949,0.0331131840087844,0.0544688786333717,FALSE
"TRIAP1",-0.156400371826028,0.0331188968640899,0.0544714318774704,FALSE
"CNPY4",0.1309542878096,0.0331543459996236,0.0545228862990921,FALSE
"KCNK5",0.337417383776286,0.0331909595956721,0.0545762425303364,FALSE
"CEP19",0.266213143106335,0.0331974366536455,0.0545800377583231,FALSE
"ZBTB8A",-0.431146142055426,0.0332393943919525,0.0546421586362936,FALSE
"RENBP",0.20836459163427,0.0332477949197318,0.0546491062258794,FALSE
"MPHOSPH8",-0.11424746931438,0.0332549610038373,0.0546540232817272,FALSE
"RRP15",-0.166933717745277,0.0333640524204765,0.0548192281341741,FALSE
"TMTC4",-0.162602185756826,0.0333680437672803,0.0548192281341741,FALSE
"ZNF587",0.315538976916624,0.033362080150934,0.0548192281341741,FALSE
"BLMH",-0.194240303034668,0.0333843465342028,0.0548391298401233,FALSE
"DPCD",0.147969116624693,0.033394681667658,0.05484922498971,FALSE
"IRAK2",0.199403419299033,0.0334016435734706,0.0548537779307423,FALSE
"CGREF1",0.377144359337734,0.03350163230612,0.0550110836763731,FALSE
"RRS1",0.331840987770098,0.0335294686495095,0.0550498875795559,FALSE
"ALKBH3",-0.0939488952657961,0.0335484000733186,0.0550640610921358,FALSE
"BPHL",-0.128990014098032,0.0335549250987671,0.0550640610921358,FALSE
"GJA1",-0.552367689021873,0.0335532360787966,0.0550640610921358,FALSE
"TSTD1",-0.209939385186468,0.0335436652948614,0.0550640610921358,FALSE
"SLC35G1",0.34318144286326,0.0335783675179976,0.0550956244574037,FALSE
"SLC23A3",0.368942598919032,0.0336317478854661,0.0551762961549527,FALSE
"LRIG2",-0.156380175961493,0.0336492902263872,0.055191243753929,FALSE
"SORBS1",-0.127814690043063,0.0336455331615819,0.055191243753929,FALSE
"KPNB1",0.112495387418026,0.0336569587666491,0.0551969064478229,FALSE
"MAMLD1",-0.19789674133818,0.0337475194657753,0.0553384925909232,FALSE
"SEC63",-0.137616983027971,0.0337852254217018,0.0553933839976104,FALSE
"DPH7",0.114525627239867,0.0337967973208268,0.0554054182975538,FALSE
"RFX1",0.296699928659315,0.0338050897270318,0.05541207395847,FALSE
"DNAI4",-0.255804704189245,0.0338922100430097,0.0555409705699191,FALSE
"MKS1",0.159215119446805,0.0338896085931837,0.0555409705699191,FALSE
"SERPINB6",0.0408637095062898,0.033933194350065,0.0556011740214082,FALSE
"OSTF1",-0.133088148620535,0.0339418739092591,0.0556084361431635,FALSE
"KANSL1",0.122108712980972,0.0339496947678993,0.0556142897774446,FALSE
"HAPSTR1",-0.0887791958733538,0.0340432878540529,0.0557606311253922,FALSE
"KDM2B",-0.224115030703914,0.0340868944460211,0.055825071564587,FALSE
"RUNX2",-0.351867575545915,0.0341536163455666,0.0559273477418583,FALSE
"MTHFR",0.166621163873115,0.0342064121415714,0.0560067968681156,FALSE
"CD34",0.307327128479448,0.0342268848295149,0.056032309931006,FALSE
"PTPRN2",0.218098963211674,0.0342305541420857,0.056032309931006,FALSE
"C8orf58",0.115318521465044,0.0342709424369213,0.0560843972980217,FALSE
"FILIP1L",-0.539765042198169,0.0342692975932233,0.0560843972980217,FALSE
"USP38",-0.201889402016139,0.0342992020398554,0.0561236286846378,FALSE
"FGFR2",0.178312465445298,0.03430779412462,0.0561266920495643,FALSE
"TSPOAP1",0.209898590453495,0.0343096483709642,0.0561266920495643,FALSE
"CD46",-0.11820744475633,0.0343312714982816,0.0561550482827965,FALSE
"UPF3B",0.172454706081592,0.0344058367333154,0.056269983074649,FALSE
"GAL3ST1",0.376774664940635,0.0344115170844085,0.05627224352599,FALSE
"NDUFA10",0.107757704810077,0.0344831625541717,0.0563823609540672,FALSE
"EDRF1",-0.128231381935797,0.034492159174152,0.0563900284600397,FALSE
"PCED1B",0.180643592088214,0.0345707193287355,0.0565114068487708,FALSE
"ZC3H15",-0.141762620903078,0.0346708203591922,0.0566679625646122,FALSE
"DDX51",0.156730293218038,0.0346971246335346,0.0567038766324098,FALSE
"ZNF620",-0.190342723774543,0.034705149876574,0.0567099129036579,FALSE
"PLCE1",0.381110901022715,0.0347190821060028,0.0567216828934537,FALSE
"SLK",-0.171143951642051,0.0347210179275999,0.0567216828934537,FALSE
"BICRA",0.303857255415541,0.0348275153762225,0.0568885628578296,FALSE
"PCNX1",-0.0343669417838587,0.0348500176926674,0.0569182175190121,FALSE
"MRFAP1",-0.0975360647694514,0.0349385848148935,0.0570486346216744,FALSE
"UBAP1L",0.371668473607756,0.034935816781912,0.0570486346216744,FALSE
"C4orf46",-0.287219764083733,0.0349805379601676,0.0571100140883545,FALSE
"FBXL20",-0.117456136089392,0.0349866093114189,0.0571128041278174,FALSE
"BATF2",0.199586054437312,0.0350375152576676,0.0571887731895504,FALSE
"AKR1D1",-0.199089419955681,0.0350638643452182,0.0572218328106264,FALSE
"SLC17A4",0.274902537583287,0.0350665112007069,0.0572218328106264,FALSE
"PLBD1",0.253161626086891,0.035088405005024,0.0572432895109999,FALSE
"ZNF845",0.316433916443217,0.0350874008203975,0.0572432895109999,FALSE
"ZDHHC24",0.16172698255132,0.0350956404688213,0.0572479597580125,FALSE
"SKP2",-0.148826753511182,0.0351677957888435,0.0573585128276491,FALSE
"FLT4",0.196855474465092,0.0352379784918944,0.0574658214269907,FALSE
"JARID2",-0.131254171051188,0.0352544609616083,0.0574855402801564,FALSE
"UBE2L3",0.093751476661959,0.0352824738129758,0.057524053195452,FALSE
"ZNF549",-0.179549931522742,0.0353344759455292,0.0576016634390323,FALSE
"DTWD2",-0.140322727428138,0.035413098152687,0.0577226445486776,FALSE
"NPIPB15",-0.760262352043827,0.0354391665578915,0.0577579445507177,FALSE
"RBKS",-0.0760538950043595,0.0354760947119103,0.0578109325327769,FALSE
"FECH",0.207703717572718,0.035575815850517,0.0579662204250116,FALSE
"CD1E",-0.498524340197857,0.0357315949422576,0.0582127975341011,FALSE
"ALB",-0.122409594168048,0.0358117195831745,0.0583360747521364,FALSE
"MAP3K20",-0.103949694026395,0.0358477632739794,0.0583875238595344,FALSE
"FLYWCH1",0.292285016147661,0.0358622626331077,0.0584038739137512,FALSE
"ARID4B",-0.288133300361654,0.0358847461906863,0.0584265128382463,FALSE
"PINX1",0.279787318400036,0.035885089347108,0.0584265128382463,FALSE
"LRRK1",0.163421670474619,0.0359321096544403,0.0584885216456463,FALSE
"TMF1",-0.196288852935809,0.0359277314243821,0.0584885216456463,FALSE
"GPAT2",0.360302004366775,0.0359623658400102,0.0585304939802851,FALSE
"DOK6",-0.561139928081433,0.035990383153398,0.0585688124604458,FALSE
"ZSCAN29",0.111521891520088,0.036048470016283,0.0586560489004694,FALSE
"KMT5A",0.189926762745315,0.0360834795664035,0.0587057182159009,FALSE
"TUFT1",0.16454669249635,0.0361169690471141,0.0587529024310161,FALSE
"PC",0.235463089526757,0.0361265485832542,0.0587611845014242,FALSE
"NDUFA4",-0.156797565959319,0.0361512116890535,0.0587939954575265,FALSE
"CYP17A1",-0.579302742420612,0.036209732649774,0.0588818556515764,FALSE
"CEP295",-0.215702028034012,0.0362794170743123,0.0589878450492916,FALSE
"CCDC77",0.187895294851684,0.0363221796291705,0.0590500404451881,FALSE
"PRKAR1B",0.253558237847442,0.0363460477626655,0.0590815069914101,FALSE
"CYSTM1",-0.125067177605629,0.0363575069152735,0.0590882376416017,FALSE
"TFR2",0.192367825607708,0.0363592149740867,0.0590882376416017,FALSE
"DPT",0.293251573101522,0.0363920804992912,0.0591343077940574,FALSE
"WSB2",0.172033550327315,0.0364085558970597,0.059153737131336,FALSE
"SETMAR",-0.115996908486895,0.036439923089192,0.0591973536522771,FALSE
"PDP1",-0.335420656929014,0.036458436465556,0.0592127341777769,FALSE
"PKD2L1",0.384525415049352,0.0364541540569844,0.0592127341777769,FALSE
"TMEM42",-0.17763070453003,0.0365216475515151,0.059308038916452,FALSE
"TEX264",0.146757104566165,0.0367551305304862,0.0596797927452716,FALSE
"SCAND3",-0.273937355139646,0.0368694647898018,0.0598580150084431,FALSE
"ANXA2R",0.0584096610926529,0.0369123242594367,0.0599201672913261,FALSE
"FAAH",0.189242990581912,0.0369355511663062,0.0599504383671313,FALSE
"NDC80",-0.275870649695338,0.0370785526485131,0.0601750850718153,FALSE
"TRIM5",0.198537451737363,0.0370838873899005,0.0601762833054756,FALSE
"STIMATE",-0.2811724430345,0.037184385520906,0.0603318844019954,FALSE
"PEX10",0.223477092933228,0.0371965373982487,0.0603441223813967,FALSE
"RCN2",-0.180349098037704,0.0372029424496358,0.0603470353798329,FALSE
"RANBP6",-0.094349235911833,0.0372708920156424,0.0604497668816638,FALSE
"OLA1",-0.120038884238538,0.0373257478934152,0.0605312388728592,FALSE
"NAMPT",-0.384685531088745,0.0373511597956283,0.0605649472435429,FALSE
"INTS9",0.1284360176548,0.0374919566209925,0.0607781941656803,FALSE
"TIAM2",-0.317351804849356,0.0374883688415869,0.0607781941656803,FALSE
"ARHGAP33",0.518460915841896,0.0375232892008358,0.0608212441016418,FALSE
"H1-10",0.366079454394126,0.0375278039912208,0.0608212441016418,FALSE
"NDUFAF6",-0.162353148681439,0.0375466617401132,0.0608434399544047,FALSE
"NRG3",0.254941941845015,0.0375507939834701,0.0608434399544047,FALSE
"G6PC1",-0.569150667997837,0.0375588530859444,0.0608489672814237,FALSE
"PTPRK",-0.0473597264680974,0.0375719327924441,0.0608626260973371,FALSE
"CDC27",-0.126135282728273,0.0376081965349666,0.060913832616081,FALSE
"CCNJ",-0.047569497848167,0.0376288336153104,0.0609397191602727,FALSE
"SELP",0.237336226627526,0.0376524461159586,0.0609704173840606,FALSE
"ZNF484",-0.153541043905018,0.0376608103128033,0.060976419566562,FALSE
"ARHGAP21",0.187659575372063,0.0376972701271994,0.0610203586183598,FALSE
"UBE2D1",-0.49897642663741,0.037692912163411,0.0610203586183598,FALSE
"MDM2",-0.21961551118622,0.0377239201151296,0.061055947848594,FALSE
"NIPSNAP1",0.184047808023176,0.0377568633930793,0.0610975429887167,FALSE
"PREPL",-0.0534779895591623,0.0377589535839984,0.0610975429887167,FALSE
"EGLN1",-0.116543178963953,0.0378067607996937,0.0611597815877412,FALSE
"KPNA3",-0.159069993869828,0.0378043898512245,0.0611597815877412,FALSE
"DNMT3L",0.351195059575536,0.0378939492837124,0.0612932522884066,FALSE
"HDGFL3",-0.369603043135214,0.0379119460609839,0.0613074883137418,FALSE
"UGT2B11",-0.198825706013089,0.037912116207459,0.0613074883137418,FALSE
"MLPH",0.219303586126307,0.0379176804893489,0.0613089135440973,FALSE
"SRSF4",-0.221636070136963,0.0379308707005759,0.06132266722795,FALSE
"PTPRT",-0.592770486729486,0.0379505696305166,0.0613469388322909,FALSE
"ST8SIA6",0.513438612589571,0.0380278586742928,0.0614642871313385,FALSE
"C14orf132",0.292808838217321,0.03807182593784,0.061527755237403,FALSE
"MYL6",0.108647402152888,0.0381355097024921,0.061623067517283,FALSE
"SRP72",-0.0832593853870412,0.0381745049888189,0.0616784671496504,FALSE
"PTPN4",-0.141338553035808,0.0382780270075597,0.0618380959505147,FALSE
"ZNF385A",0.29383790267657,0.0382883824198429,0.0618471934164816,FALSE
"LAP3",0.160472828232775,0.0382936506325403,0.0618480723021487,FALSE
"ZNF511",-0.344037104578013,0.0383198131010177,0.0618826931193442,FALSE
"PPIE",-0.0808667188878682,0.0383568629945993,0.0619348853385907,FALSE
"RNASEH2A",0.157033924569701,0.0384556140523465,0.0620866813630929,FALSE
"PRSS12",-0.294529211399749,0.0385200706083994,0.0621830782250511,FALSE
"YOD1",-0.250372049465676,0.0386820152885295,0.0624368073181394,FALSE
"C1R",-0.153666331259054,0.0387060991829528,0.0624679795985229,FALSE
"ZNF521",-0.404765613255365,0.0387861735976587,0.0625894964551396,FALSE
"CDH23",0.331591196711077,0.038796330170026,0.0625903104598772,FALSE
"EGFLAM",-0.379747727902525,0.0387918499918827,0.0625903104598772,FALSE
"SOX4",0.101651404831472,0.0388010204470183,0.0625903104598772,FALSE
"KCNK6",-0.350340141752831,0.0388547032614044,0.0626691850558465,FALSE
"TFG",-0.104028496855099,0.0389322035089381,0.0627864508917243,FALSE
"FGF21",0.333049729639854,0.0389541999102997,0.0628141871197984,FALSE
"MCUB",-0.419038909218173,0.0390204827074112,0.0629133201484517,FALSE
"KDM5C",0.211265660971602,0.0390896609698591,0.063017096591232,FALSE
"GAL3ST4",0.444424042888462,0.0391612165121234,0.0631246794603201,FALSE
"OSER1",-0.10653634942242,0.0392475989902127,0.0632561327071112,FALSE
"HPD",0.210014434248242,0.0392759425841379,0.0632940226872886,FALSE
"AMMECR1",-0.15871806189451,0.0392974494024849,0.0633208870864408,FALSE
"AFG1L",-0.0536295126262366,0.0393106995870258,0.0633344424062689,FALSE
"PAMR1",0.155020265079968,0.0393386301421369,0.0633716433888096,FALSE
"DHPS",0.137583371607629,0.0393536129918555,0.0633810856351102,FALSE
"HOMER3",0.213893554467873,0.0393541739327689,0.0633810856351102,FALSE
"PSMG3",0.139701809593421,0.0394199173920056,0.0634791584866097,FALSE
"RGN",-0.152011205362368,0.0394256396425134,0.063480565022726,FALSE
"WNK1",0.151113606170219,0.0394392042380464,0.0634945968869286,FALSE
"LAMTOR2",0.178128045916305,0.0395993664806781,0.063744609119026,FALSE
"ELF3",0.268786793853255,0.0396784471192338,0.0638640557763718,FALSE
"ZNF669",0.255321282206214,0.039789662658887,0.0640351891247878,FALSE
"ELOVL7",0.249226100231272,0.0398100446295576,0.0640601160631967,FALSE
"ATAD5",-0.22291516473966,0.0398216727497502,0.0640709523951985,FALSE
"KLHL5",0.279845096489926,0.039884855592491,0.064164724676443,FALSE
"GBP3",-0.234145087448147,0.0400081712619253,0.0643552006586959,FALSE
"PRPF40A",-0.135771341228034,0.0400761922103638,0.0644566963658578,FALSE
"DAZAP1",0.156336997791669,0.0401195006968309,0.0645184256384855,FALSE
"CSDE1",-0.0289517473220152,0.0401405741520929,0.0645443867353476,FALSE
"FLI1",0.0752967728045762,0.040223348001814,0.0646695409603032,FALSE
"AKIRIN1",0.208113117953803,0.0402677840407751,0.0647330339712461,FALSE
"B3GNT2",-0.18585993838284,0.0403415756678918,0.0648436965799925,FALSE
"ACAD11",0.851307173488711,0.040432671067075,0.0649741659028042,FALSE
"TM4SF1",-0.273712930886482,0.0404299964045671,0.0649741659028042,FALSE
"USE1",0.119594448114538,0.0404466472519568,0.0649886482354711,FALSE
"TPR",0.155679633717186,0.0404643721299503,0.0650054077271402,FALSE
"TPRN",0.416311506848403,0.0404670083238766,0.0650054077271402,FALSE
"PANK3",-0.196046304421835,0.0405441786175939,0.0651213822183215,FALSE
"ROBO4",0.214831777847857,0.0405530773620173,0.0651276850863015,FALSE
"HSPA12B",0.258088486940638,0.0406071706724231,0.0651914440730478,FALSE
"SRP68",0.109125864533866,0.0406071347847351,0.0651914440730478,FALSE
"TNFRSF21",0.0705588969776222,0.0406126961396103,0.0651914440730478,FALSE
"UGT1A4",0.568133280198481,0.0406090931191614,0.0651914440730478,FALSE
"SNRPD3",-0.0951082288633639,0.040681318694294,0.0652855876864057,FALSE
"THAP1",-0.175534799448884,0.0406800891160917,0.0652855876864057,FALSE
"ZKSCAN7",-0.189341223895636,0.0406959221935341,0.0653010189187092,FALSE
"C11orf68",0.187631321464223,0.0407209437486496,0.0653331612202599,FALSE
"ACSL1",-0.114569780056538,0.0408252305486622,0.0654924541530554,FALSE
"GASK1A",-0.234285967377853,0.0408504011108037,0.0655247753690887,FALSE
"PPARG",-0.181623896817173,0.0408553881254103,0.0655247753690887,FALSE
"ANKRD24",0.314300195809898,0.0408780679827456,0.0655531193079501,FALSE
"SND1",0.149258670337961,0.0409296920118649,0.0656278662362933,FALSE
"ADM",0.00951627393123508,0.0409413396594161,0.0656385034069405,FALSE
"PCMT1",-0.107420279571771,0.04095500606743,0.0656523741196025,FALSE
"SMIM10L2B",0.23473549253725,0.0410325366245081,0.065768605471114,FALSE
"HP",-0.195132525560655,0.0410883680110305,0.0658500323173475,FALSE
"PLCD4",0.348473518875419,0.0411168506275872,0.0658795506567583,FALSE
"POSTN",-0.323912727818838,0.0411162525383099,0.0658795506567583,FALSE
"POLE",0.214785224331743,0.0411537953570728,0.0659306765558978,FALSE
"SIRPB1",0.451428387611081,0.0411901134938563,0.065980786230462,FALSE
"SRGAP2B",0.121394447050429,0.0412407734401262,0.0660538544015331,FALSE
"RIOK3",-0.0878702813693313,0.0412601193636529,0.066076756294672,FALSE
"BPTF",-0.074313934593375,0.0415155177069369,0.0664776367195717,FALSE
"ZNF621",-0.171353227824367,0.0415224603482462,0.0664806225852071,FALSE
"EFNA5",-0.405718293322051,0.0415933620630786,0.0665697183532794,FALSE
"IREB2",-0.168403829815202,0.0415846556815284,0.0665697183532794,FALSE
"TBC1D8B",-0.160806993047906,0.0415916274439726,0.0665697183532794,FALSE
"TAT",-0.456756364883314,0.0416161800843181,0.066598096768597,FALSE
"CD5L",0.384013839835796,0.0416265437974842,0.066606540136478,FALSE
"SYCP2",-0.488317425635714,0.0416355484107142,0.0666128070136954,FALSE
"UGT2B7",-0.14682599455747,0.0417172003883605,0.0667352868382717,FALSE
"PCDHGB6",-0.0923826102228318,0.0417380649967619,0.06675235120176,FALSE
"SLC25A35",0.359641154196532,0.0417336623684624,0.06675235120176,FALSE
"DZIP3",-0.126066547182056,0.0417735087279649,0.0668008765440963,FALSE
"GMPS",-0.0923635219958696,0.0418846184631442,0.0669703743184518,FALSE
"SNX9",-0.110635570642313,0.0418968654687606,0.0669817758843588,FALSE
"CREBBP",-0.183401756685587,0.0419983159903419,0.067135769590422,FALSE
"DGCR8",0.184651936613658,0.0420671600933519,0.0672376095644199,FALSE
"ARPC5L",0.133405097178288,0.0420952445853825,0.0672742849257602,FALSE
"ARFGEF1",-0.0886040256446815,0.0421070674453944,0.0672849660679975,FALSE
"CDHR3",-0.180102026458394,0.0421205919173434,0.0672918827886109,FALSE
"IRF6",-0.137961959946155,0.0421253610821051,0.0672918827886109,FALSE
"PLA2G6",0.185875889047236,0.0421268157145933,0.0672918827886109,FALSE
"ITIH1",0.171486751008782,0.0421842810665836,0.0673754553768102,FALSE
"STX6",-0.12845711705728,0.0422760971861673,0.0675138648891561,FALSE
"CENPF",0.34559749123386,0.0423315594392984,0.0675941915086346,FALSE
"PAQR9",-0.156350932406503,0.04250390441055,0.0678483458795638,FALSE
"PLXDC2",0.185723529176131,0.0424962701091856,0.0678483458795638,FALSE
"TMEM143",0.18137553952409,0.0425062735184985,0.0678483458795638,FALSE
"PHF6",-0.0422205231907516,0.0425474861600519,0.0679058501532854,FALSE
"SMCHD1",-0.172033567736454,0.0426173254505821,0.068009023013045,FALSE
"VDR",0.209601474192176,0.0426592217887528,0.0680675846018709,FALSE
"RAB11FIP2",-0.190805997209627,0.0426921541726524,0.068111830663949,FALSE
"USH1C",0.509972217654605,0.042885783468733,0.068412413448599,FALSE
"SLITRK6",-0.366590325229954,0.0429179935760058,0.0684554546658221,FALSE
"LMO2",-0.253768959398295,0.0429529806175516,0.0685029141484938,FALSE
"STXBP5",0.206388629242805,0.0430742799688726,0.0686879991903143,FALSE
"INO80",0.10486274035779,0.0432095141253028,0.0688952574507934,FALSE
"DDHD1",-0.17530902052296,0.0432201035456382,0.0689037500754378,FALSE
"CARMIL3",-0.362808417173954,0.0432423014181072,0.0689307451803067,FALSE
"CRYBG3",0.245991960490178,0.0432517280308066,0.0689372698180546,FALSE
"PURA",-0.155579904824733,0.0432569257222211,0.0689372698180546,FALSE
"UBA6",-0.219151321350325,0.0433319827590119,0.0690484808034303,FALSE
"RFX7",-0.122313910031078,0.0433936779931725,0.0691383755977382,FALSE
"CIDEB",0.170671720357864,0.0434473383664648,0.0692154482713261,FALSE
"NPY1R",-0.353531723322321,0.0434797671798894,0.0692502569244662,FALSE
"TRO",0.419829249163824,0.0434784917206534,0.0692502569244662,FALSE
"ACTB",-0.165687811734132,0.0435316501910759,0.0693244574019664,FALSE
"SLCO3A1",0.1482424731713,0.0435987716317807,0.0694229041842949,FALSE
"SPRYD4",-0.123377696957021,0.0437195048587595,0.0696066834015419,FALSE
"IFIH1",-0.112425328812741,0.0437541347181182,0.069653347729767,FALSE
"SETD5",-0.104330250318755,0.0437651746550649,0.0696624518643294,FALSE
"HACD1",0.468829932006992,0.0438097060702324,0.0697248567799031,FALSE
"MRPL30",-0.165732133540149,0.0438386775252577,0.0697624852510847,FALSE
"CLDN5",0.37534853109285,0.0439416778440069,0.0699178957624864,FALSE
"ZKSCAN3",0.158778902544874,0.0439652926772887,0.0699469694654349,FALSE
"NHS",-0.383364133216663,0.044030042390492,0.0700414720505858,FALSE
"OTULINL",0.226799024289493,0.0440475441255968,0.0700608003513928,FALSE
"HMBS",0.152335936670777,0.0440637750124785,0.070078102825968,FALSE
"ETNPPL",0.355783042167498,0.044097544804175,0.0701232912153843,FALSE
"MRO",0.236552157800777,0.0441678539151856,0.0702265658802053,FALSE
"ACY1",0.218660797369932,0.0442022972430393,0.0702642636602562,FALSE
"RAB1A",-0.160963488373583,0.0441970417602216,0.0702642636602562,FALSE
"MTMR3",0.132255888470125,0.0442830400888682,0.070384067117089,FALSE
"ESRP1",0.606021202386957,0.0443721970832022,0.0705172134272012,FALSE
"CRTAM",-0.338104386676417,0.0444090868911925,0.070558709414987,FALSE
"DCUN1D2",-0.141174028695117,0.04440786192015,0.070558709414987,FALSE
"SLC27A1",0.233725101940327,0.044447857009018,0.070611739347417,FALSE
"CXCL1",0.336927592257595,0.0444558105032753,0.0706158057642417,FALSE
"GPC5",-0.287737374681127,0.0445045926900071,0.0706847176389146,FALSE
"ARHGAP42",-0.0577160465603511,0.0446070578223035,0.0708216833627938,FALSE
"MGMT",0.193219877341351,0.0446044424715194,0.0708216833627938,FALSE
"SLC43A3",-0.186909220785764,0.044598742022968,0.0708216833627938,FALSE
"RPS9",0.200229163914362,0.044702026749669,0.070963857670264,FALSE
"TGFB2",0.403900245604584,0.0448159866988434,0.071136141835749,FALSE
"USP25",-0.0811205415236154,0.0448308004362755,0.0711510291322243,FALSE
"TIMM10B",0.186123619991944,0.0448836032182769,0.0712261979798402,FALSE
"CCDC107",0.254005417108332,0.0449497306682324,0.0713202289610404,FALSE
"UNKL",0.307481378447211,0.0449537526265281,0.0713202289610404,FALSE
"EIF2AK2",-0.112934936858235,0.0449791845772545,0.0713519307506866,FALSE
"RBM14",0.16847517012434,0.0450087043158438,0.0713901086628335,FALSE
"ARHGEF25",0.296974917845712,0.0450603295967952,0.0714633355640513,FALSE
"INO80D",-0.20875373994107,0.0450674427201534,0.071465959313499,FALSE
"TM2D2",-0.132272518156109,0.0451858318863673,0.0716450176887877,FALSE
"CD209",0.369381253393984,0.0452104098072167,0.0716753069987989,FALSE
"SH3GLB1",-0.146490305068945,0.0452530056376013,0.0717341506002514,FALSE
"MOSPD2",-0.225281562073366,0.0452849970721988,0.0717761721149185,FALSE
"ZBTB33",0.338132540673755,0.0453088396081635,0.0718052691139181,FALSE
"PIK3C2G",-0.142646214302698,0.0453168648053124,0.0718092948476337,FALSE
"ZW10",0.267028566610509,0.0453915925854887,0.071919004009345,FALSE
"IL15RA",0.202558835504001,0.0454501739908832,0.0720031071985289,FALSE
"FLNC",0.515112253760139,0.045578208905544,0.0721972064115404,FALSE
"DNAJB6",0.0999749315921637,0.0456704810184948,0.0723346161981773,FALSE
"RFNG",0.267157363103948,0.0457066965020059,0.0723832188949148,FALSE
"SELENOM",0.221607042742087,0.0457539531681945,0.072449293042816,FALSE
"GSTA2",-0.347402724000701,0.045842229023627,0.0725802953655007,FALSE
"CXCR2",0.521627449465317,0.0458676663336931,0.0726117881064946,FALSE
"CCDC15",-0.217515940906002,0.0459622561106917,0.0727452730503057,FALSE
"NEDD1",-0.225361624258576,0.0459630995013847,0.0727452730503057,FALSE
"TCEANC2",0.189128590845786,0.0460290520017159,0.0728408496079372,FALSE
"CTSO",-0.134989096628828,0.0460435757784027,0.0728462228508578,FALSE
"RECQL",0.14438286459743,0.0460404851576214,0.0728462228508578,FALSE
"EPHX1",0.216767431293601,0.04614587437428,0.072999249312237,FALSE
"LRRC59",0.162927159078662,0.0462050490407775,0.07308402827617,FALSE
"UBXN10",0.37826439484765,0.0462139405982985,0.0730892619368113,FALSE
"MYSM1",-0.141893367376571,0.046225178496829,0.0730982047204355,FALSE
"R3HCC1",0.150551923252746,0.0462910431058083,0.0731935188817925,FALSE
"TRIM31",0.63919460096422,0.0463472441801221,0.073273532279454,FALSE
"VAMP2",0.141621959264857,0.0463702562847708,0.0733010619753948,FALSE
"SEPHS1",-0.0780963239644232,0.0465051734777189,0.0735054607232036,FALSE
"GUSB",0.111382527863832,0.0465308737362007,0.0735372041229286,FALSE
"SENP2",-0.0868956036724974,0.0465474411051884,0.0735545080204136,FALSE
"SLC30A9",-0.0744206375407092,0.0466570971282996,0.073718889162889,FALSE
"TXNDC17",-0.166009627264101,0.0466905915230463,0.0737629086786198,FALSE
"ANXA7",-0.118397368441951,0.0467290560564301,0.0738147685679034,FALSE
"CYP2D6",0.276705309080443,0.0467567821155213,0.073849655140114,FALSE
"ERAP2",-0.45662073472536,0.0468067067443908,0.0739195904339644,FALSE
"MGAT4A",-0.18366459465638,0.0468357997939521,0.0739566145100013,FALSE
"LHX6",0.429676112449895,0.0468481582936812,0.0739672079571725,FALSE
"UNC50",-0.10382416248462,0.0468632569969143,0.0739821247562526,FALSE
"STARD4",-0.31940339608912,0.0468785758972515,0.0739973855373543,FALSE
"OPHN1",0.270013642563864,0.0468971094175814,0.0740177162742587,FALSE
"H6PD",0.205325230875458,0.0469070316593018,0.0740244525655231,FALSE
"NAXD",0.131690548355902,0.0470420868694993,0.0742286370128341,FALSE
"ROPN1B",-0.353080921744858,0.0470624950991867,0.0742518903155643,FALSE
"BBOF1",-0.122686623753802,0.0471184723481126,0.0743312495459079,FALSE
"DNAJC30",-0.191404902285714,0.0471491196417354,0.0743706354638072,FALSE
"NKG7",0.254162503745417,0.0471863554220471,0.0744204029858379,FALSE
"MACROH2A1",0.0804428498663451,0.0472737510197816,0.0745492590160179,FALSE
"GADD45GIP1",0.240895942872097,0.0472986397535132,0.0745787318157205,FALSE
"RNASE6",0.211096927096598,0.0473038335623085,0.0745787318157205,FALSE
"E2F6",-0.121781779085406,0.0473543584626036,0.0746493992766293,FALSE
"SRA1",0.171827749493416,0.0473602278898943,0.0746496633198285,FALSE
"GBE1",-0.114455332350036,0.0473906799544778,0.0746886700329871,FALSE
"CAMK1",0.150919381231971,0.0474183583935442,0.0747232965922341,FALSE
"UBE2L6",0.175826521108357,0.0474613577151395,0.074782055025467,FALSE
"NRCAM",0.497280480251297,0.0474779507433591,0.0747962735407564,FALSE
"TPM3",0.0935168965831161,0.0474818079282941,0.0747962735407564,FALSE
"HUS1",-0.108227236153436,0.0475123010471246,0.0748353038148407,FALSE
"SETX",0.153203802124375,0.0475255837859464,0.0748472203687731,FALSE
"NUP205",0.239199280759984,0.0475710828722616,0.0749098649222575,FALSE
"HCAR3",0.486613489919607,0.047613867408624,0.0749682203383891,FALSE
"DDIAS",0.374584063121499,0.0476466636066536,0.0750108369334185,FALSE
"MSH6",0.164800010660382,0.0477483490569659,0.0751618835943005,FALSE
"POLR2J",0.332184101381956,0.0477552192236682,0.0751636607449224,FALSE
"RASA1",-0.139665794129685,0.0477731659268239,0.0751828691325855,FALSE
"RASSF3",0.136055805675476,0.0478249230995852,0.0752552756273761,FALSE
"SAMD4B",0.222729356016046,0.0478396479750964,0.0752693992657087,FALSE
"TCF12",-0.137303309101482,0.0479347530943508,0.075409972063355,FALSE
"RPUSD4",0.105685107721232,0.0480147588378289,0.0755267599068672,FALSE
"CDC20",0.468349088109152,0.0480259151594898,0.0755352332133638,FALSE
"CYB5B",-0.111650205614863,0.048039147047309,0.0755469685457501,FALSE
"GPBP1L1",-0.0865635866569458,0.0480689176650142,0.0755847069505604,FALSE
"ERBB3",-0.168305580016871,0.0481254264716368,0.075662779673902,FALSE
"VEGFB",-0.344990617795347,0.048130127491923,0.075662779673902,FALSE
"MECOM",-0.303251379387882,0.0481535293379041,0.0756904797805067,FALSE
"SRPK2",-0.151207533475275,0.0482142511155542,0.0757768278037018,FALSE
"RIGI",-0.10301263527647,0.0482581068456872,0.0758366504409719,FALSE
"ANGPTL3",-0.231472643909071,0.048345808239375,0.0759603285670827,FALSE
"TMEM17",-0.152475236441087,0.0483484126145356,0.0759603285670827,FALSE
"GNG7",0.172540178787737,0.0484615099841289,0.0761288803350391,FALSE
"B3GNT9",0.107081090565097,0.0484755704008759,0.0761418317562408,FALSE
"SFRP1",-0.246491544842708,0.0485750479411671,0.0762889308596161,FALSE
"LACTB",-0.142250787917313,0.0486449142330746,0.076381865344245,FALSE
"LIPG",-0.187063148551594,0.0486458901039043,0.076381865344245,FALSE
"METTL9",-0.132914983938726,0.0486714140229938,0.0764127775979176,FALSE
"GNMT",-0.369076977486041,0.0486881807691546,0.0764207724049601,FALSE
"TWSG1",-0.406160116075563,0.0486840760498306,0.0764207724049601,FALSE
"TTR",-0.181918956557666,0.0487086094256934,0.0764436723329152,FALSE
"CYTH4",0.18302077122006,0.0487354983167285,0.0764767042985268,FALSE
"LMCD1",0.265601699806666,0.048765842475647,0.0765151497712332,FALSE
"NR1D2",-0.221698522622587,0.0487913648221735,0.076546021360323,FALSE
"DESI2",-0.197770604274056,0.048890006985211,0.0766915853642922,FALSE
"ADAT2",-0.197280433867165,0.0489166962606612,0.0767242587090664,FALSE
"C19orf18",-0.43901416725323,0.0490830026344188,0.0769758829048648,FALSE
"MLLT10",-0.140403367706536,0.0492507462549941,0.0772112046426036,FALSE
"PRRC1",-0.182551177952878,0.0492472691857373,0.0772112046426036,FALSE
"TDRD10",-0.421931935749654,0.0492441857431571,0.0772112046426036,FALSE
"ETV4",-0.265517272056021,0.0492603969376453,0.0772170877284066,FALSE
"PID1",0.211268392874367,0.0493901945973278,0.0774112806977392,FALSE
"ZC3H7A",-0.0824441362721868,0.04949584707309,0.0775675879675478,FALSE
"FAM114A1",-0.108789322107474,0.0495065643925152,0.077575097669277,FALSE
"MYOM1",-0.456220991963578,0.0495144963664456,0.0775782415545124,FALSE
"MARCHF8",0.157375124486331,0.0495312156226701,0.0775951507636708,FALSE
"SRRM2",0.28240824324422,0.0496589618174052,0.0777859689056555,FALSE
"CIP2A",0.325270805405291,0.0496902378052601,0.0778256482051041,FALSE
"BSN",0.371120992719574,0.0497125469535665,0.0778512756837432,FALSE
"EDEM1",-0.098514995383993,0.0497253127196321,0.0778573335474181,FALSE
"WDPCP",0.384217862668601,0.0497283091295074,0.0778573335474181,FALSE
"ZNF614",-0.187785788623476,0.0497351102137175,0.0778586706825289,FALSE
"KMT2C",-0.0830219593617771,0.0497773556104087,0.0779154877632079,FALSE
"KIAA1328",-0.164821863612531,0.0498364745353416,0.0779986998944043,FALSE
"ZBED1",0.13019161725777,0.0499333577788039,0.0781409897250897,FALSE
"LAPTM4A",-0.13591523008821,0.0502308651546332,0.0785971658425312,FALSE
"ADAMTS13",0.124685824320715,0.0502633114183636,0.0786385364590364,FALSE
"STX11",0.150600946438898,0.05027492683591,0.078647310567061,FALSE
"UBE2J2",0.173072067643264,0.0503173386123041,0.0787042529405359,FALSE
"ROGDI",0.229707687465014,0.0505050201363627,0.0789883793603225,FALSE
"NAA35",0.192535657592178,0.0507377630580962,0.0793429041993066,FALSE
"SLC24A3",0.213448238267757,0.0507485939125332,0.0793503632512701,FALSE
"UQCRC2",0.197383463954032,0.0507563022139061,0.079352938689331,FALSE
"FDXACB1",-0.294458010574837,0.0508563378042742,0.0794998417353501,FALSE
"SULT1A1",-0.286220391401959,0.0509749436443633,0.0796757356962755,FALSE
"CCDC25",-0.119919637763951,0.050981088057736,0.079675827247449,FALSE
"ELP4",-0.128859028991641,0.0510000701302316,0.0796959797260674,FALSE
"YTHDF2",-0.113141448282895,0.0511408881686155,0.0799064933647827,FALSE
"SAR1A",-0.0899123105729737,0.0511743885563083,0.0799492953435785,FALSE
"SP4",-0.34433627366841,0.0512042903813952,0.0799864657765453,FALSE
"SH2D2A",0.148323620021184,0.051239969968555,0.0800326517332764,FALSE
"C20orf96",0.193601489928365,0.0512748732801704,0.0800776143366326,FALSE
"MED20",0.118519955913785,0.0512926160281517,0.0800957692080822,FALSE
"R3HDM1",-0.117024536272887,0.0513882505753105,0.0802259690593805,FALSE
"TBXAS1",0.22825365223885,0.0513872167470587,0.0802259690593805,FALSE
"FUT1",-0.235724587331648,0.0514124799924466,0.0802542253560404,FALSE
"CLDN11",0.180919443495278,0.0514683386864259,0.0803318419268822,FALSE
"PDE7B",-0.285563272949374,0.0515041472018313,0.0803781493820926,FALSE
"MTNAP1",0.116778285497534,0.0515310095016171,0.0804104858635483,FALSE
"DBP",0.330253180977034,0.0516355785285419,0.0805640560237958,FALSE
"METRNL",0.382844332479195,0.0516708493411364,0.0806094804068348,FALSE
"ALKBH5",0.105059811082211,0.0519096753935139,0.0809724139463701,FALSE
"CCDC186",-0.170955631547278,0.0519205915622913,0.0809796290814684,FALSE
"ZNF24",-0.105661818380033,0.0519266717185249,0.0809796290814684,FALSE
"POLR2D",0.270659342917555,0.0519484990671417,0.0810040197459528,FALSE
"NDUFAF4",-0.164786970900239,0.0519585349616277,0.0810100202116983,FALSE
"COX7A1",0.28361862611062,0.0519809093466849,0.0810352542470587,FALSE
"PSPC1",-0.0937014998791629,0.0520464706320472,0.0811278001565379,FALSE
"C1orf54",-0.332457698920779,0.0520859834942375,0.0811797257031616,FALSE
"CTR9",0.213492360672546,0.0521269534435136,0.0812339095920104,FALSE
"IKBIP",-0.324942038196904,0.0523931987561404,0.0816293892794705,FALSE
"REC8",0.108518873792839,0.0523885685987919,0.0816293892794705,FALSE
"NRG4",-0.246286275824195,0.0524436845549207,0.0816983243923158,FALSE
"RHOF",0.406706474457598,0.0524599364859713,0.0817041980102709,FALSE
"SKIC3",-0.100466110474021,0.0524555241601736,0.0817041980102709,FALSE
"NCOA7",-0.266745382537213,0.0525271075403771,0.0817893544146786,FALSE
"TRAPPC8",-0.0875741873211271,0.0525224543198075,0.0817893544146786,FALSE
"DCAF17",-0.133389739610597,0.0525555167845804,0.0818238584544805,FALSE
"FPGS",0.179886085220518,0.0526658979838442,0.0819762140535594,FALSE
"STAG3",-0.366401029728386,0.0526600842774889,0.0819762140535594,FALSE
"ZNF789",-0.26389147991013,0.0527837533573705,0.0821498928857221,FALSE
"CPD",-0.167718844509526,0.0528080556119798,0.0821779465199143,FALSE
"ZNF827",0.251732946407246,0.0528283272691015,0.0821997219642354,FALSE
"BDH1",0.165688158528494,0.0528595888897965,0.0822385903440541,FALSE
"ACAT1",-0.141311994865512,0.0528846945993574,0.0822617512463636,FALSE
"TMEM50B",-0.179930155468037,0.0528870424870641,0.0822617512463636,FALSE
"RNF14",-0.06320338477432,0.0529100631230432,0.0822877817066859,FALSE
"MRI1",0.190615412515644,0.052941009629567,0.0823261311403125,FALSE
"BEND3",0.278557195137136,0.052957542775843,0.0823414574864671,FALSE
"RNF2",-0.223459232270399,0.052963444354838,0.0823414574864671,FALSE
"MTMR2",-0.200488454642581,0.0530157939074028,0.082413057923975,FALSE
"NME1",-0.28017399430918,0.0530241795166096,0.0824163075188712,FALSE
"TOMM5",-0.179752859982014,0.0530638884828138,0.0824682369440882,FALSE
"ADCY7",0.22850495022232,0.0530952701103368,0.082507213802318,FALSE
"HOOK2",0.311916756563532,0.0531300253765663,0.082551423241159,FALSE
"CDK20",0.182180276074742,0.0531408568702062,0.0825584547460235,FALSE
"RNF41",0.0985941553040226,0.053346992718599,0.0828593671315789,FALSE
"SLC30A1",-0.223520931668711,0.0533472048237152,0.0828593671315789,FALSE
"FAM136A",-0.0553045737449879,0.0533664015565651,0.082879351029484,FALSE
"KLF8",-0.110940799811235,0.0533815249783817,0.0828930049836286,FALSE
"CENPU",0.224200164178932,0.0534264347681131,0.0829529036983084,FALSE
"MRPS22",-0.100064327563164,0.0534508415188167,0.0829809578043813,FALSE
"F11",-0.094657017104587,0.0534646084329574,0.0829924891634193,FALSE
"SLAMF1",0.178034498329953,0.053561330577221,0.083122918434919,FALSE
"TMEM91",0.0482893013270627,0.0535603296043433,0.083122918434919,FALSE
"RMDN3",0.108527223485599,0.0535918100009205,0.0831603622771188,FALSE
"DAZAP2",-0.0898765885162292,0.0536906268933757,0.0833038264147991,FALSE
"EIF4E",-0.119741998462071,0.0537926971452711,0.0834523037120381,FALSE
"FAM131A",0.0792580614012145,0.0538066081663149,0.0834639945631984,FALSE
"DBF4B",0.297095267772787,0.0538243903401371,0.08348168680643,FALSE
"FXYD5",0.166085664497093,0.0538908764713182,0.0835749057998695,FALSE
"LYSMD4",0.248035353434509,0.0539898656978089,0.0837185031050235,FALSE
"QDPR",-0.135512929406815,0.054165296194519,0.0839805847677218,FALSE
"FRS3",0.212021739974026,0.0543412688968649,0.0842434449257258,FALSE
"S100A16",0.161496392362966,0.0543579113191471,0.0842592676995351,FALSE
"RPLP1",0.364323572422606,0.0544291673873795,0.0843597323825705,FALSE
"RNF122",-0.223183654303477,0.0544367940630958,0.0843615657994851,FALSE
"SAMHD1",0.0892825245314964,0.0544457496783453,0.0843654580173862,FALSE
"COQ4",0.0722004428980118,0.0544551346971439,0.0843700146100601,FALSE
"CD160",-0.324325976082728,0.0546511641070372,0.0846536962244831,FALSE
"GOLGA7B",0.419016734819143,0.0546488838864407,0.0846536962244831,FALSE
"PTPN9",-0.156038558532207,0.054680029902717,0.0846883889135658,FALSE
"AHCYL2",0.184274215975269,0.0547717618605767,0.0848204289423551,FALSE
"UGT1A1",0.74571576986168,0.0548397608586023,0.0849156888422023,FALSE
"SLC25A34",0.285287607571766,0.0549250083180926,0.0850376311377092,FALSE
"APMAP",0.130297667747653,0.0549411970758772,0.0850526371192366,FALSE
"PPP4R4",-0.160167278161885,0.0549503086515629,0.0850566848978791,FALSE
"L2HGDH",-0.0293885411476628,0.0549713804312066,0.0850792425352119,FALSE
"ITIH5",0.22407165444275,0.0550467966059787,0.0851758256902817,FALSE
"PPARA",-0.140060138893996,0.0550441984375922,0.0851758256902817,FALSE
"KANSL3",0.124913770778855,0.0550705644177964,0.085202532422334,FALSE
"NAA50",-0.0354752267228167,0.0551311136734445,0.0852861326022374,FALSE
"PHKA2",0.171082638646988,0.055240517440539,0.0854452805212118,FALSE
"IFT22",0.09714313653874,0.0553063520490933,0.0855370066186332,FALSE
"PDE11A",0.446266841208821,0.0554552690183381,0.0857571913522421,FALSE
"ACSM2A",-0.150932035548637,0.055535054646205,0.0858704305454253,FALSE
"STEEP1",0.176778849580046,0.0556698854367979,0.0860687458831552,FALSE
"PLS1",0.00668284271099972,0.0556980747143143,0.0860919945879342,FALSE
"VGLL4",0.130516571552296,0.0556961096196628,0.0860919945879342,FALSE
"UPF2",0.200652152019243,0.0557577886948849,0.086174119890619,FALSE
"C11orf58",-0.14508021620846,0.0558161626630726,0.086254155050159,FALSE
"SYTL3",0.203305234983773,0.0559805769831563,0.0864980188674002,FALSE
"FBXO3",-0.112880217117343,0.0560152446674803,0.0865413716292958,FALSE
"EXO5",0.155445078189241,0.0560588331902406,0.0865984948821982,FALSE
"TMEM107",0.150702857903322,0.0562609482706002,0.0869004642235367,FALSE
"ZDHHC11",-0.486384691768261,0.0563218355790255,0.0869842481303057,FALSE
"TRPC1",-0.372345089235515,0.0564051259959802,0.0871026078720657,FALSE
"ACTR6",-0.18000198069474,0.0564368241869817,0.0871412787187127,FALSE
"CCDC6",-0.103414087807952,0.0564456430224688,0.0871446177417644,FALSE
"POFUT2",0.0717784600333557,0.0565085652129602,0.0872314745629141,FALSE
"CASP2",0.118858690754664,0.05654273671033,0.0872533603266903,FALSE
"KCTD9",-0.128124610359486,0.0565353784165296,0.0872533603266903,FALSE
"RPL7A",-0.143602672353256,0.0565408350624307,0.0872533603266903,FALSE
"TOB2",0.126920717017035,0.0565626715483684,0.0872738356996157,FALSE
"DENND11",0.371439999991702,0.0565732183814325,0.0872783575408469,FALSE
"MRPL11",-0.168855183575075,0.0565789352619285,0.0872783575408469,FALSE
"AKR1C3",0.372499659582522,0.0566315691763181,0.087349258206451,FALSE
"LIN7B",0.242693935425489,0.0567081205606604,0.0874570284344642,FALSE
"TMX4",-0.14971733765374,0.0567265467778223,0.0874751413916667,FALSE
"ANKS6",0.205872998788881,0.0567631212682734,0.0875212323217802,FALSE
"CTNND2",0.357302869961471,0.0567776718904942,0.0875333585009833,FALSE
"FHIT",-0.164315637182551,0.0568030259478879,0.0875621353714528,FALSE
"CCNB1",0.201703963874464,0.056810633945392,0.0875635530507503,FALSE
"OPA1",-0.0366181709852774,0.0568188655034453,0.0875659313915369,FALSE
"BTC",-0.29644892967131,0.0568485330655956,0.0876013412070124,FALSE
"PPP2R3C",-0.170898001864516,0.0568657268882537,0.0876175234107352,FALSE
"ZNF287",0.245882280409888,0.0569441496829633,0.0877280310248712,FALSE
"ZNF583",-0.23016200600646,0.0571516375483035,0.0880373266010577,FALSE
"TRMO",-0.0938602580101651,0.0572072996250212,0.0881127019636209,FALSE
"SHTN1",-0.139403410587226,0.0572297361011142,0.0881368903700491,FALSE
"IBTK",-0.0865094593154564,0.0572716202183629,0.088191019983393,FALSE
"ST6GALNAC6",0.165709708621428,0.0573000864159317,0.088224477402961,FALSE
"RAD51B",-0.191092426108154,0.0574705817036033,0.0884765822746442,FALSE
"TMEM150A",0.163161784109661,0.0575892984962727,0.0886489236817404,FALSE
"NUP58",-0.207672196694392,0.0576273544343033,0.0886970755059839,FALSE
"ZNF440",0.138350628309518,0.0576702179514347,0.0887526147196642,FALSE
"PRAM1",0.235427183967217,0.0577391923717911,0.088848319996649,FALSE
"OBI1",-0.0742626299333202,0.0577985716987039,0.088929239708477,FALSE
"BRMS1L",-0.23038251795444,0.0579065882873227,0.0890849652006614,FALSE
"CNPY3",-0.195592217427612,0.0580913336621799,0.089358681741894,FALSE
"SDE2",-0.189301780615502,0.0581056750155425,0.0893702416944882,FALSE
"TOPORS",-0.0806800737652572,0.058153183701208,0.089432806415625,FALSE
"CLOCK",-0.141816193548622,0.0581854388090559,0.089461393410236,FALSE
"KDM3B",-0.0815159112793593,0.058179871028344,0.089461393410236,FALSE
"MTHFS",0.923942315156903,0.058304866930662,0.0896344901193314,FALSE
"FGA",-0.178269941255777,0.0584261619442636,0.089810415894599,FALSE
"FAM111A",-0.131429089787118,0.0584722400246463,0.0898706934025204,FALSE
"CCDC191",-0.199540346892316,0.0586303080394314,0.0901030629008377,FALSE
"RPE",-0.119139466877509,0.0586420319153415,0.0901105025628699,FALSE
"PRG4",-0.147331367719309,0.0587437901499447,0.0902562728134111,FALSE
"THBS1",-0.559528899757402,0.0588346503352987,0.0903852666263471,FALSE
"MOCOS",0.190242572707763,0.0588620520427937,0.0904167529442983,FALSE
"PGBD5",0.22199261564563,0.0589886480176708,0.0906005842148458,FALSE
"KLF10",-0.37161484192047,0.0590501622457786,0.090684425116919,FALSE
"PSMC1",0.102137956129022,0.0590631973302431,0.090693804767481,FALSE
"GEM",0.350628519087591,0.0592353732017814,0.0909475203421745,FALSE
"TRAF3IP2",-0.202085876752373,0.0592773318061918,0.0910012697005937,FALSE
"SUGP1",0.205303844826659,0.0592944534950464,0.0910168818334092,FALSE
"PRDM4",0.0942494109448107,0.0593565443491091,0.0911015098028765,FALSE
"FGF14",-0.846412730509277,0.0595159057008313,0.0913353929709628,FALSE
"CFD",0.452963240921401,0.0595454874200114,0.0913700798526476,FALSE
"NXN",0.218894457308086,0.0595689216545485,0.0913953266496366,FALSE
"SIKE1",-0.151605207901895,0.0599165215033822,0.0919178696417014,FALSE
"RPAP3",-0.140731662002396,0.0599409216982343,0.0919445280460789,FALSE
"MTREX",-0.115285167178121,0.0599496607928416,0.0919471601569684,FALSE
"UNC5C",0.16820042249494,0.0599607805376466,0.0919534425206594,FALSE
"ENPP5",0.243747416882396,0.0599831838954994,0.0919693210986974,FALSE
"ZNF217",-0.23145277892016,0.0599851843004718,0.0919693210986974,FALSE
"CXCL14",-0.289207524256915,0.0600711133026542,0.0920902828288465,FALSE
"LPIN3",0.195346206834916,0.0601282206004422,0.0921670371269159,FALSE
"DDX46",-0.077156301123447,0.0602460411774804,0.0923368263984515,FALSE
"COL9A3",0.465116626488711,0.0603157567118419,0.0924328557733154,FALSE
"MEA1",-0.112411428403264,0.0604673214075616,0.0926542804152384,FALSE
"MARVELD2",-0.0476704725560734,0.0605067160259075,0.0927037947584765,FALSE
"PDAP1",0.146940112553681,0.0605263327495101,0.0927229988715875,FALSE
"UBE2J1",-0.162936174044499,0.0606747188846106,0.0929394430370098,FALSE
"UTP18",-0.108816829613166,0.060693476105827,0.0929572986871182,FALSE
"P4HA3",-0.302617167939888,0.0607266990919804,0.0929973031362975,FALSE
"STIM2",-0.104386298678927,0.060832526139972,0.0931484716052063,FALSE
"EIF5A2",-0.369806719070581,0.0608425434248627,0.0931529152752078,FALSE
"PLLP",-0.235198031865794,0.0609128494825049,0.0932496521778478,FALSE
"SNX20",0.0595626215336415,0.0609691192069087,0.0933248811711504,FALSE
"SAFB2",0.260892557349867,0.0610040626800265,0.0933674524908705,FALSE
"KPNA4",-0.137867897864045,0.0610655905382823,0.0934506968237512,FALSE
"MAP4K1",0.17978211593049,0.0610882412444291,0.0934744336573242,FALSE
"BTRC",-0.0932575987155048,0.0611148066102323,0.093504154276167,FALSE
"ACP6",-0.098193380021409,0.0611421098177679,0.0935349966971509,FALSE
"ANK3",0.188463202475558,0.0612396085675197,0.0936622611408841,FALSE
"ZNG1B",0.141820503949444,0.0612336916640428,0.0936622611408841,FALSE
"STT3A",0.187418353174333,0.061297999219991,0.0937406150903074,FALSE
"CDK9",0.112071498467784,0.0614300489969618,0.0939231905345811,FALSE
"IGHMBP2",0.215278304860522,0.0614317354527664,0.0939231905345811,FALSE
"DHRS2",-0.514886396337528,0.0614427029250883,0.0939289895720757,FALSE
"RXRB",0.115088008958218,0.0614658102241374,0.0939533435440055,FALSE
"ANKRD36",0.266107603351011,0.0614873659592336,0.0939753204690972,FALSE
"TSGA10",-0.185619944586502,0.0617473278827201,0.094361622112825,FALSE
"KCNJ8",-0.170376943286125,0.061806140345277,0.0944404749533574,FALSE
"APTX",-0.0859972733143778,0.0619787802830542,0.0946821693658979,FALSE
"SNX7",0.155052046855868,0.0619773282898701,0.0946821693658979,FALSE
"RPL19",-0.116209174610565,0.0620023971494974,0.0947071967659806,FALSE
"TAOK3",-0.0963164667164642,0.0620687559812113,0.0947974980524987,FALSE
"SPR",-0.128649998162025,0.0621271520449691,0.0948607344424414,FALSE
"TATDN2",-0.141303147035941,0.0621318971772025,0.0948607344424414,FALSE
"ZBTB20",-0.0421301157316851,0.0621247919253488,0.0948607344424414,FALSE
"KDM3A",-0.147684739079297,0.0621566883577535,0.0948875191207683,FALSE
"CENPE",0.365156105612146,0.0623312589453703,0.0951429220138496,FALSE
"PSMB1",-0.110558115492724,0.062357001114787,0.0951711189781757,FALSE
"ANAPC7",-0.0820439167115865,0.0623802247336181,0.0951954659298902,FALSE
"INMT",0.153305640490604,0.062399936991237,0.0952144493111043,FALSE
"MFSD6",0.21822303116411,0.0624743467896804,0.0953168801037753,FALSE
"PSD4",0.163406568399569,0.0625192606191925,0.0953742903782881,FALSE
"TCP1",0.0963131210411287,0.0625654602841368,0.0954336486123639,FALSE
"SORD",0.263306296385954,0.0625937980406282,0.095465750692906,FALSE
"SEC11C",0.17773083650299,0.0626438142869942,0.0955309046762175,FALSE
"NFATC3",-0.0615577417028695,0.0626678027369809,0.0955452280694717,FALSE
"PPP1R26",0.179552206208806,0.0626643492619641,0.0955452280694717,FALSE
"USP47",-0.0738494623983174,0.062746611261203,0.0956542425048521,FALSE
"ZNF442",0.265057967960013,0.0628452029990682,0.0957933866182094,FALSE
"CD22",0.271619887263958,0.062907510273908,0.0958764035784511,FALSE
"NAP1L2",-0.339675053878719,0.0629143127973169,0.0958764035784511,FALSE
"C1orf21",-0.136928389748126,0.0629451482223287,0.0959122300426825,FALSE
"TC2N",0.157560745320615,0.0631029675393449,0.096141516469813,FALSE
"ZNF419",-0.124089765825435,0.063121246036125,0.0961581746689491,FALSE
"PEX12",-0.105301728769348,0.0632591258187527,0.0963570070062955,FALSE
"ARL2BP",0.137476316116335,0.0633340084067012,0.0964598462145803,FALSE
"POLQ",0.378254202465674,0.0634408982979707,0.096611404038273,FALSE
"CKS1B",-0.100889766819731,0.0635043091872357,0.0966967220143393,FALSE
"OXER1",0.325777889540227,0.0635143357668643,0.0967007423956026,FALSE
"CLDN16",0.200564754958096,0.0635287252957922,0.0967114036712223,FALSE
"TRIM52",-0.231039000727302,0.0635429613800558,0.0967218289021847,FALSE
"ZNF266",-0.290778899730554,0.063611404125072,0.0968147527093051,FALSE
"RPH3AL",0.19200263384913,0.0637108116859489,0.096954777007142,FALSE
"EIF1AD",0.0867751184457384,0.0637734353354329,0.0970387977000799,FALSE
"ALDH1L1",0.240620209978906,0.063785405727098,0.0970457329202983,FALSE
"TESK2",-0.123174031809031,0.063792872113364,0.0970458147464747,FALSE
"PDCD2L",-0.191046298717101,0.0639228000481958,0.0972321712827906,FALSE
"CTXND1",-0.09578976909461,0.0639429220545812,0.0972514795002994,FALSE
"SERPINA3",-0.260752992909681,0.064008226342361,0.0973394934689499,FALSE
"CASK",0.144259988971639,0.0640461308451867,0.0973858240447369,FALSE
"PRMT9",-0.11558422120323,0.0640688818000342,0.0974091046946984,FALSE
"CPNE3",-0.182381880362461,0.064096403530493,0.0974396324920127,FALSE
"CNTNAP1",0.28420935292566,0.06416087540022,0.0975263184418531,FALSE
"TBC1D30",0.409021259993862,0.0643340922564656,0.0977782604854479,FALSE
"ZNF394",-0.20292276058867,0.064449891405782,0.0979428877869412,FALSE
"COL21A1",-0.363231931312296,0.064476688086054,0.0979722377463578,FALSE
"FKTN",-0.10430728234325,0.0644873489424358,0.0979770653770882,FALSE
"METTL4",-0.21478161239162,0.0645046620289819,0.097991997596128,FALSE
"CACNB2",-0.132758611942219,0.0645574481750467,0.0980608088534298,FALSE
"TES",0.0970744403437528,0.0645747796806404,0.0980757558676269,FALSE
"FAM193A",0.12136393760845,0.0646025910043762,0.0981066142476851,FALSE
"FGF7",-0.64977715809226,0.0646299976779094,0.0981368510321492,FALSE
"MCAM",0.309626517819487,0.0646881382822604,0.09821364542933,FALSE
"SLFN11",0.130495563315315,0.0646955757854065,0.09821364542933,FALSE
"ZBTB46",0.133618159486315,0.0647141367026359,0.0982304321983663,FALSE
"COPS4",0.160243271238374,0.0647693800609895,0.0983028893761274,FALSE
"HNRNPA0",-0.107765336109319,0.0648226707813963,0.0983723665086404,FALSE
"C4orf36",-0.122812683384187,0.0648876263252298,0.0984532626139561,FALSE
"ST3GAL1",-0.0245971196852654,0.0648910176516825,0.0984532626139561,FALSE
"SMAD5",-0.204550406306751,0.0649238092422095,0.0984916003011595,FALSE
"EDA",-0.222215388401154,0.0649860961094112,0.0985746692462532,FALSE
"PFKFB3",-0.391388354646418,0.0650386403768961,0.0986429425178781,FALSE
"IFI27L2",0.128399475167429,0.0650684143425279,0.098676668663544,FALSE
"FBXW4",0.101202753551143,0.0650963597575119,0.0986961832015456,FALSE
"ZNF23",-0.187773450558746,0.065092382093284,0.0986961832015456,FALSE
"NAA40",0.10391416160518,0.0651809190717855,0.0988129449383761,FALSE
"PRKG1",-0.409066313582029,0.0652052320989818,0.0988383580687588,FALSE
"TOMM40L",0.227388658524013,0.0653312897255382,0.0990179723416005,FALSE
"NELL2",0.27058742280045,0.0653439398438224,0.0990252737388588,FALSE
"ZNF12",-0.106712400985759,0.0653512347314192,0.0990252737388588,FALSE
"ASIC3",0.447347515022526,0.0654310777244636,0.0991260412788782,FALSE
"CCL2",-0.363070491043091,0.0654328787604694,0.0991260412788782,FALSE
"CHRD",0.122835726557931,0.0654844849570967,0.0991927429200868,FALSE
"CSRP1",0.151099517765421,0.0654982393517687,0.0992020996753072,FALSE
"MYADM",0.175326873182768,0.0655142107499916,0.0992148116991197,FALSE
"PDE10A",-0.35992404231823,0.0655472624866631,0.0992533842789028,FALSE
"CALML4",0.180222286961187,0.0655747295185551,0.0992834924085721,FALSE
"PBDC1",-0.0962807514485778,0.065583960382064,0.0992859862768248,FALSE
"MRE11",-0.156228050529507,0.0656105320040936,0.0993147282920099,FALSE
"UGGT1",0.194379835675782,0.0656803524071677,0.0994089218167213,FALSE
"MYO5C",0.197498476081707,0.0657306613521133,0.099473565879305,FALSE
"C6orf136",0.153032078796209,0.0658422271915086,0.0996308874700913,FALSE
"ZNF358",0.261658056476772,0.0659470424919724,0.0997779591245698,FALSE
"MMP24OS",0.155358162266684,0.0661343852409415,0.10003828672148,FALSE
"SELENOP",-0.125947195347253,0.0661308394257836,0.10003828672148,FALSE
"HMGCL",-0.079084481558815,0.0661763210105779,0.100090156500749,FALSE
"DIABLO",0.297073993784118,0.066324420020226,0.100279397956438,FALSE
"MPPED1",0.319620368015762,0.0663174697836187,0.100279397956438,FALSE
"ZBED3",-0.153572026275943,0.066322869812022,0.100279397956438,FALSE
"NXF3",0.326450075089716,0.0663432938941412,0.100296351462136,FALSE
"SHISA5",0.151494946330654,0.0664280707607545,0.100412920263226,FALSE
"CYP8B1",0.180213372047754,0.0666417660099121,0.100712686205907,FALSE
"RAB32",0.143127625114945,0.0666359825151793,0.100712686205907,FALSE
"RPS19",0.145860367968837,0.0666508523274103,0.100714792090311,FALSE
"SLC17A2",-0.114422510501534,0.066729116846066,0.100819441496871,FALSE
"ZNF746",0.169199240727359,0.0667355087085155,0.100819441496871,FALSE
"KIF23",0.4374044755951,0.0667602302711345,0.100845152268339,FALSE
"ASPM",0.353382611526358,0.0667894809450483,0.100877697800251,FALSE
"IKZF4",-0.219293988849259,0.0668120638170522,0.10089201975864,FALSE
"ZBTB49",-0.15023736535092,0.0668143760546445,0.10089201975864,FALSE
"ITGA1",-0.0752028619213133,0.0669797282391528,0.101130042913965,FALSE
"MTRF1L",-0.089849933010419,0.0670425973094073,0.101213293816278,FALSE
"ITGA6",0.218486088418719,0.0670617816062179,0.101230582818933,FALSE
"POLR1F",-0.197343348173053,0.0671336012418752,0.101327312365533,FALSE
"SMIM12",0.119157786236082,0.0671461510355245,0.101334571683814,FALSE
"APAF1",-0.160057420903909,0.0672582354680631,0.101480329462704,FALSE
"HNRNPH1",0.121115396473962,0.0672581249394184,0.101480329462704,FALSE
"MSTO1",0.142428636009527,0.067289394146498,0.101515642793956,FALSE
"THOC2",-0.11813842796881,0.0673527982149963,0.101599589149756,FALSE
"NIPA2",0.164576993298406,0.067370296004595,0.101614275955318,FALSE
"COX5A",-0.114025901141335,0.06750203637121,0.101801251027748,FALSE
"MRPS11",0.110034110086949,0.0677111805588215,0.102104903924913,FALSE
"IQCC",0.216825721442378,0.0678317516875761,0.10227493874165,FALSE
"POLE3",0.129954942577654,0.0678923627851137,0.102354538643794,FALSE
"TRHDE",-0.304804375300333,0.0679610082909926,0.102446231496336,FALSE
"ZNF449",-0.169811582879912,0.0679700345372708,0.102448041925161,FALSE
"LPIN2",-0.174877623649489,0.0680341914071934,0.102532938172324,FALSE
"ANGPTL4",0.156302321385122,0.068067072873045,0.102547079177665,FALSE
"EIF2AK4",-0.140360779901586,0.068059466476558,0.102547079177665,FALSE
"TMEM144",0.236020404762322,0.0680515181986839,0.102547079177665,FALSE
"IL27",-0.345429104841979,0.0681482539105362,0.102645759341549,FALSE
"ZBTB40",0.220776735223422,0.068145813497024,0.102645759341549,FALSE
"IL6ST",-0.259875700282373,0.0681930960144783,0.102701485450541,FALSE
"XCR1",0.307347065571226,0.0682674876634058,0.102801696398586,FALSE
"MTCH2",0.110147156272119,0.0683702682837069,0.102944629369786,FALSE
"ARL11",-0.314526642083548,0.0683855211651249,0.102952117530604,FALSE
"PPOX",0.0957300800353563,0.0683909690011966,0.102952117530604,FALSE
"MFHAS1",0.120802722817003,0.0684004645107717,0.102954573623249,FALSE
"IL20RA",-0.35335866868615,0.0684748841375666,0.103054739984943,FALSE
"MBTPS1",0.0733413219451502,0.068594489092914,0.103222879448785,FALSE
"CD163",0.605338007895336,0.0686324631869452,0.103268154010285,FALSE
"RCSD1",-0.00641585486880629,0.0689342950856266,0.103710387412207,FALSE
"PODXL",0.173524955325383,0.0689551023374538,0.103729771320458,FALSE
"FDFT1",0.463014466234894,0.0690135976613174,0.103805838761715,FALSE
"LIPT2",-0.168869924986645,0.0690607054092366,0.103864762230641,FALSE
"ORC6",-0.130770758952412,0.0690803935788258,0.103882438862163,FALSE
"CAMK4",-0.295785973301669,0.0691235195990065,0.103935353002204,FALSE
"TLR5",0.230846855130971,0.0691763586042248,0.104002857929089,FALSE
"PRRC2C",-0.103953473812303,0.0691997953693974,0.104026147775422,FALSE
"ZNF202",0.14717652577302,0.0692560461527065,0.104098755020808,FALSE
"NMT2",-0.0481537658081384,0.0692977995737235,0.104149557113901,FALSE
"TMEM241",0.214596595308694,0.0696023201004796,0.104595222079371,FALSE
"PXMP2",-0.159936177549418,0.0698251038740097,0.104916426395091,FALSE
"RNF144B",-0.203897415255628,0.0698320913234665,0.104916426395091,FALSE
"TUBA4A",0.231230672773666,0.0699197806140833,0.105036117934547,FALSE
"UBXN2B",-0.0456639584061068,0.0699432986894471,0.105059392662029,FALSE
"SMYD2",0.108298025641153,0.0700478877558437,0.105204421991454,FALSE
"COL6A6",-0.215284769438577,0.0701832448838184,0.105377958326616,FALSE
"ELP1",0.152607160429592,0.0701875799425673,0.105377958326616,FALSE
"WDR45B",0.0603096787690615,0.0701748386612509,0.105377958326616,FALSE
"IGF2BP2",-0.242545846806775,0.070196732837533,0.105379615446506,FALSE
"MAPK4",-0.651178174597926,0.0702704841068447,0.105478236405275,FALSE
"MRPS9",-0.0705024019871598,0.0704832500367625,0.105785476267488,FALSE
"TMEM177",0.143567902699905,0.0705170797283457,0.105824118271837,FALSE
"DYNC1LI1",-0.122695813100369,0.0706689939222021,0.106039939075011,FALSE
"MAPK1IP1L",-0.124716163552787,0.070744845649484,0.106117268474226,FALSE
"PACRG",-0.15238039319053,0.0707377275010904,0.106117268474226,FALSE
"TMPRSS2",-0.185325635509017,0.0707341947420796,0.106117268474226,FALSE
"ADGRL3",-0.448096808106656,0.070792254613996,0.106176216909891,FALSE
"SLC2A4",0.429198711198781,0.0708578833523364,0.106262475240411,FALSE
"LIMS1",-0.297819766541825,0.0709231738404197,0.106348206610786,FALSE
"TMEM140",-0.0682403764344105,0.0710374259463919,0.10650732712897,FALSE
"G0S2",0.290682673163536,0.0711651632335006,0.106686627396426,FALSE
"WDR36",-0.15145459116348,0.0713139735603487,0.106897474450662,FALSE
"GON4L",0.161781782174806,0.0713964850871048,0.107008904723569,FALSE
"PLAAT4",-0.239411885086001,0.0714658661898207,0.107100631886119,FALSE
"PSEN1",0.183884301788764,0.0715154253647388,0.107162635787474,FALSE
"HNRNPF",0.10729502611125,0.0715831860331638,0.107251896491895,FALSE
"BABAM2",0.087709065269994,0.0716252797338811,0.107302684778118,FALSE
"TET1",-0.188284517748629,0.0716671097970459,0.107353066528939,FALSE
"ATP13A4",0.537854956317225,0.0716901895036237,0.107375353046727,FALSE
"ERP29",0.120827551244057,0.0717019948204818,0.10738074996451,FALSE
"LOC400499",0.371040201690248,0.0717213861729746,0.10739750517861,FALSE
"XAF1",-0.328651965193232,0.0717297722824028,0.107397778902244,FALSE
"TRAF3IP1",0.108356447143949,0.0718303042106157,0.107536002598671,FALSE
"DIPK1A",-0.0523916869274578,0.0718569855311576,0.107563646761253,FALSE
"LRCH3",-0.101502657926574,0.0719739563514941,0.10772642466603,FALSE
"CTSC",0.145818080104544,0.0719966178461725,0.107748024787619,FALSE
"THSD1",0.160515041338007,0.0720182485304611,0.10776807746723,FALSE
"ERCC6",-0.0829901482577065,0.0720474475315259,0.10779944949517,FALSE
"STK17B",-0.40269808053631,0.0720842527021195,0.10784219362086,FALSE
"AAK1",0.0950460901179612,0.0721737695405146,0.107963778659097,FALSE
"GDF15",0.36873635205072,0.0722683450013284,0.108092902177241,FALSE
"ECI2",-0.0789091849313807,0.072389546900763,0.108261817229242,FALSE
"THAP3",0.18978311119232,0.0725758242002482,0.108528005760097,FALSE
"SFTPD",0.28650146831435,0.0726321544319003,0.108599836206309,FALSE
"PALB2",-0.109570433857576,0.0727210890988905,0.108720394939211,FALSE
"MANBAL",0.107135954848889,0.072773320837533,0.108786060333978,FALSE
"BEX1",-0.383457662968681,0.0728403572611354,0.108873839166889,FALSE
"MAX",-0.0669875113413266,0.072869485179834,0.10890494291945,FALSE
"CSNK1G1",0.113694546379405,0.072886349686269,0.108917713741883,FALSE
"SESTD1",-0.134416234137601,0.0729600619182623,0.109015422350364,FALSE
"DSC2",-0.133627598598366,0.0729941272932738,0.109053875901351,FALSE
"ART4",-0.145725868379469,0.0730659763474674,0.109148763388983,FALSE
"CAPZA1",-0.199559654568199,0.0731426064710884,0.109250770555561,FALSE
"RPAP2",-0.128962300072395,0.0733338305902315,0.109523900306561,FALSE
"ARL8B",-0.203521453586725,0.0734186766201993,0.109638110449601,FALSE
"DDX3Y",0.964100649522542,0.0734380197308066,0.109654488402796,FALSE
"NDUFAF1",-0.108352064977038,0.0734774053237451,0.109700785779276,FALSE
"ISG20",0.323292620505433,0.0735283065851241,0.109764263376561,FALSE
"AVEN",-0.135625526788893,0.0735782284375054,0.109810571244943,FALSE
"POU5F1",0.121461570302809,0.0735919587483747,0.109810571244943,FALSE
"ZFYVE19",0.162773372655686,0.0735928774903094,0.109810571244943,FALSE
"ZNF562",0.118676675987634,0.0735825208368372,0.109810571244943,FALSE
"ALPK2",0.267578103863337,0.0736867415715569,0.109938099219923,FALSE
"NR1H3",0.130120470979667,0.0738478096903619,0.110150633418203,FALSE
"PSMB4",-0.111497273617262,0.0738544347803989,0.110150633418203,FALSE
"TLN2",0.203649077408014,0.0738436681272973,0.110150633418203,FALSE
"SLC13A3",0.240034859809241,0.0739401778965735,0.110265953869682,FALSE
"SYT11",0.1490574618949,0.0742687316870521,0.110743306975727,FALSE
"GZMH",0.152191659896556,0.0743248345595775,0.110814341652886,FALSE
"DCP2",-0.17538544083032,0.07433977907685,0.110824002240278,FALSE
"APH1B",0.187063194098129,0.0743979073641426,0.110898030651412,FALSE
"OLR1",0.488084281833619,0.0744372885246212,0.110944100792844,FALSE
"BRD4",0.124565829965146,0.0745004191357189,0.111025553480345,FALSE
"CHCHD10",-0.288084499718148,0.0745622220906313,0.11106843174426,FALSE
"PRKN",0.0984947850317584,0.0745448814569749,0.11106843174426,FALSE
"SMYD3",-0.0950138121909538,0.0745631260770163,0.11106843174426,FALSE
"ZSWIM3",0.119873638126632,0.0745570753225678,0.11106843174426,FALSE
"TMEM43",0.0722583216103743,0.0746138061491383,0.111131279875372,FALSE
"SELL",0.252910996345665,0.0747321222108507,0.111294840630697,FALSE
"HSPA2",0.323289824253267,0.0747480111249893,0.111305841861733,FALSE
"JAG1",0.133355425914773,0.0747928066856369,0.111347216866995,FALSE
"UNC5CL",0.180703734212375,0.074784642723177,0.111347216866995,FALSE
"MRPS10",-0.0596954612826089,0.0748212755852373,0.111376934617615,FALSE
"ASCC3",0.299082789092242,0.0749679485363538,0.111582580972936,FALSE
"HEPH",0.161427592614503,0.0750307240990212,0.111663321576036,FALSE
"PATJ",-0.0937175177035662,0.0751247936416768,0.111790611315848,FALSE
"CAV1",-0.25500263408677,0.0752794801552936,0.112008063892841,FALSE
"IL18R1",-0.119263164030002,0.0754361190291531,0.112215619853388,FALSE
"STK35",0.148760563324605,0.0754333175838508,0.112215619853388,FALSE
"EFR3A",-0.107579737117311,0.0755223094545741,0.112331069686354,FALSE
"CNEP1R1",-0.219413738562778,0.0755627861977666,0.112378506975027,FALSE
"SSPN",-0.490181289620929,0.0756437961300635,0.112486208420581,FALSE
"PHYHD1",0.169842758722871,0.0757523397378232,0.112634824741349,FALSE
"SLC39A1",0.0908196536957036,0.0757639740902466,0.112639331000398,FALSE
"ZNF813",0.278054129488785,0.0758903720798247,0.112814437523455,FALSE
"TMEM254",-0.105246821049327,0.0759427770730852,0.112879522870212,FALSE
"ZNF330",-0.0912829817416695,0.0759555598311722,0.112885706585277,FALSE
"TRAM1",-0.192670802033925,0.076111927410504,0.113105261482216,FALSE
"APOH",-0.131110714395334,0.0761496986032373,0.113148547737326,FALSE
"SLC22A5",0.140551580683532,0.0761983885726311,0.113208046208907,FALSE
"CDK5RAP3",0.0898782283583881,0.0762548942850843,0.113279141720223,FALSE
"ELK4",-0.0835848153552597,0.0762643121517453,0.113280278499053,FALSE
"ZNF567",-0.113235583811977,0.0763582494421218,0.113406942903716,FALSE
"ODF2",0.045020896016145,0.076572922013476,0.113712873752317,FALSE
"LCA5",-0.293649551448055,0.0765888553588226,0.11372363551749,FALSE
"RBP5",-0.154020801726548,0.0768186907054639,0.114051973090943,FALSE
"POU2AF1",-0.441876856550812,0.0768559827179487,0.114094401376957,FALSE
"C1orf162",-0.215475934602014,0.0768690248335643,0.114100824616896,FALSE
"TIMP2",0.0799543260072952,0.0768810868971917,0.114105791821566,FALSE
"STAG1",-0.097773834177876,0.0770302051460693,0.114314151640483,FALSE
"OSBPL11",-0.343536689862211,0.0770590173248261,0.114343948182775,FALSE
"ANKHD1-EIF4EBP3",-0.168250816322775,0.077071769490888,0.114349910037931,FALSE
"GCKR",0.191474087165959,0.0771321695916792,0.11442655686054,FALSE
"AMACR",-0.174793248201353,0.0771623176408895,0.114458312095459,FALSE
"TMEM47",-0.359621854327892,0.0774356400724601,0.114850730693174,FALSE
"FUT4",0.101264168480414,0.0775818415465561,0.115054538913402,FALSE
"RPS27L",-0.205853953198551,0.0776907598765411,0.115203016004494,FALSE
"ZNF318",0.113471411865887,0.0777744229936203,0.115314014250564,FALSE
"USP3",-0.0771707080791609,0.0778133335632459,0.115358641491339,FALSE
"SLC7A2",-0.0870391754409182,0.0778417011807031,0.115387630418678,FALSE
"NTHL1",0.249931640916422,0.0780374142487183,0.115664647044517,FALSE
"NSF",0.171538130657474,0.0780471403654205,0.115665968039856,FALSE
"RAB5C",0.127093308162496,0.0782296815374986,0.115923371894616,FALSE
"KCNAB1",-0.447809716010337,0.0782446953725271,0.115932497942183,FALSE
"CRACR2A",0.188506722315842,0.0782752005711115,0.115964572352268,FALSE
"PLEKHB1",0.409699309881159,0.0783253865143643,0.116012666619081,FALSE
"U2AF1L4",0.177011903312929,0.0783252098621336,0.116012666619081,FALSE
"FABP1",-0.157252609538472,0.0784285729581739,0.116152361670635,FALSE
"TDRKH",0.258651547151568,0.078477135686147,0.116211136794824,FALSE
"IFITM10",0.128797300918362,0.078527957433562,0.116260094845663,FALSE
"SH3BP5",-0.260467864411233,0.0785202809600637,0.116260094845663,FALSE
"EDC3",0.128313288199923,0.0786669286687811,0.116452671882823,FALSE
"AIDA",0.033770460185266,0.0787069873391435,0.116498799123128,FALSE
"MRPL21",-0.152006726282791,0.0788364761723122,0.116677271766664,FALSE
"ZNF891",-0.121083447840904,0.07889816062042,0.116755365529845,FALSE
"TBL2",0.0902702807291838,0.078923020359243,0.116778953723238,FALSE
"TIPRL",-0.190898627757871,0.0789349103622268,0.116783348001161,FALSE
"GNAS",-0.113180355157532,0.0791727516643492,0.11712199602143,FALSE
"CCDC157",0.283413108175981,0.0792255903576233,0.117186920004746,FALSE
"NDN",-0.286338999134825,0.0792476502044748,0.117206307780952,FALSE
"ADPRH",0.127076528468243,0.0794316655402408,0.117465194312982,FALSE
"PRPF40B",0.0921738855924366,0.079446747991599,0.117474229128757,FALSE
"EOGT",-0.215337034234568,0.0795583462209616,0.117625959200997,FALSE
"SPATA6L",-0.24014008368258,0.0796071145497158,0.117684772322141,FALSE
"PRKRIP1",0.055110104877133,0.0799761081046872,0.118216914000967,FALSE
"GOLGA8B",-0.544102061863987,0.0801188441042099,0.118414530030742,FALSE
"SLC7A9",0.134121245704601,0.0801644870349131,0.118468615448818,FALSE
"TADA3",0.137208193229621,0.0804623979456409,0.118895453036606,FALSE
"XPC",0.143467377341876,0.0805128349500209,0.118956555147915,FALSE
"THOP1",0.187761241706455,0.0806440680985869,0.119137005139551,FALSE
"BDH2",-0.119084633783561,0.0808777771258316,0.119429446158284,FALSE
"FAM229A",0.244827518635552,0.0808575821010796,0.119429446158284,FALSE
"LYG1",-0.293139371397156,0.080878511277066,0.119429446158284,FALSE
"NCOA2",-0.0822386142498107,0.0808702903659114,0.119429446158284,FALSE
"ZNF677",-0.369326761234255,0.0808989216716701,0.11944611283698,FALSE
"MAP2K4",-0.0845342712402962,0.0809295176525689,0.119477812934983,FALSE
"AXIN2",0.189234476675589,0.0809865387586499,0.119548513409431,FALSE
"EIF3I",-0.0968236368630541,0.0810210051923438,0.11958590755109,FALSE
"CNN2",0.113367628636576,0.0810337916430163,0.119591297507651,FALSE
"CPE",0.331026087948666,0.0810470140526131,0.119597329573581,FALSE
"CD63",-0.13058403140125,0.0812721472828224,0.119916032032764,FALSE
"DYNC2I2",0.23333277310484,0.081339334338619,0.120001641329862,FALSE
"NOL11",-0.0420705264004572,0.0813841485399513,0.120054227908174,FALSE
"ARHGAP11A",0.228596892088502,0.0813964385977849,0.120058829892091,FALSE
"ZNF182",-0.144034349513441,0.0814868642299836,0.120178666948175,FALSE
"HINT3",-0.121474456606853,0.0816936824399534,0.120470116073876,FALSE
"ANLN",0.266211785248288,0.0817603580032934,0.120554137822373,FALSE
"E2F3",0.0875482592202447,0.0817690760665042,0.120554137822373,FALSE
"HAUS4",-0.0823238108666008,0.0818163325966559,0.120610227041484,FALSE
"APOBEC3D",0.143811615409867,0.0820915208084114,0.121002273184387,FALSE
"BCL2L11",-0.168339260372162,0.0823753526192255,0.121406970222999,FALSE
"FAT4",-0.119652378666811,0.0824327963195152,0.121477956935512,FALSE
"SYNJ2",-0.200512206205078,0.0826253702108777,0.121748041283153,FALSE
"GOLGB1",0.197244734469827,0.0827075601103065,0.121855432924165,FALSE
"ENTPD5",-0.0442197552587032,0.0827342485140348,0.121881037644396,FALSE
"TXNDC11",0.104479519109668,0.082745132805258,0.121883357187943,FALSE
"BNIP3L",-0.270051056313297,0.0827787641355681,0.121919178767337,FALSE
"PDCD10",-0.171978673027848,0.0830868631392746,0.122356014560656,FALSE
"SH3RF3",0.108013103749324,0.0830940517460125,0.122356014560656,FALSE
"NDRG1",0.127962345066075,0.0831579450946394,0.122436326718288,FALSE
"ZBTB6",-0.161848858748469,0.0831967180388984,0.122479639330401,FALSE
"GPR162",0.257854013774776,0.0832195514604628,0.122499479168021,FALSE
"SSR4",0.226028066682525,0.0832822231083921,0.122577949964595,FALSE
"LNX1",-0.188448095206557,0.0833238879105543,0.122625487918725,FALSE
"CSTB",0.130566582320964,0.0833544515903955,0.122656679804592,FALSE
"FOXD2",0.363662584138684,0.0834101978830944,0.12272491691228,FALSE
"STARD9",0.204623944617638,0.0834218492074527,0.122728267201255,FALSE
"FOXM1",0.418741726612399,0.0834321237310511,0.122729591447969,FALSE
"CWF19L1",0.112632721706813,0.0835320408740395,0.122862765882814,FALSE
"RAN",0.0999551244736728,0.0836218255460803,0.122981008767612,FALSE
"SLC25A4",-0.0976528701595434,0.0836701371724095,0.123038238331033,FALSE
"NOTCH3",0.166185008403879,0.0837021233114128,0.123071450852765,FALSE
"ARMH1",-0.338975337739034,0.0837198209873389,0.123079530279002,FALSE
"NFXL1",-0.105640905370589,0.0837264204601891,0.123079530279002,FALSE
"BMAL2",0.224945335118526,0.0838239215168259,0.123193716181504,FALSE
"SLC7A1",0.282008789890304,0.0838239307884517,0.123193716181504,FALSE
"TRNAU1AP",-0.150067113919101,0.0838323264177377,0.123193716181504,FALSE
"SGCE",-0.21345760547253,0.0838476241445279,0.123202367598222,FALSE
"ACBD3",-0.137576142923574,0.0838783930077598,0.123233747195331,FALSE
"NBN",-0.0948363259344564,0.083993748615194,0.123389380259215,FALSE
"UPF3A",-0.146603469230836,0.0840034915931743,0.123389847631307,FALSE
"BIRC5",0.218345919273074,0.0841890689813869,0.123648563058595,FALSE
"ZNF106",0.240902696191558,0.0842459959172815,0.123718292602249,FALSE
"YJEFN3",0.343781589447071,0.08445131469781,0.124005900855061,FALSE
"ALG10",-0.108790419542677,0.0846085354881419,0.124222826803942,FALSE
"SGK2",0.168658590895921,0.0847505473502361,0.12441737675592,FALSE
"RNF181",-0.162890521705866,0.0847638011337096,0.124422881987053,FALSE
"GTF2H2",-0.256963040549666,0.0848602249615309,0.124550455739503,FALSE
"TMEM218",-0.111248392019435,0.0849884738828399,0.124724705758787,FALSE
"TBCC",-0.0783156453505917,0.0850253391781039,0.12476482184709,FALSE
"CCS",0.110954999304072,0.0852239343232622,0.125042222140552,FALSE
"MMD",-0.325166223269144,0.0853026560865067,0.125143699404364,FALSE
"PNMA6A",-0.293896284971446,0.0853202515302342,0.125155488295107,FALSE
"SMOC1",-0.141299238507523,0.0853721956526853,0.125217654658857,FALSE
"PAFAH1B1",0.084854751093234,0.0854611919443477,0.125334146402532,FALSE
"FAM168A",0.120961274203679,0.0855227701642462,0.125410406248915,FALSE
"CHD7",0.132708386423942,0.085536365677749,0.125416295156579,FALSE
"ERI1",-0.1766095364898,0.0855596057111924,0.125436322281179,FALSE
"NAIF1",0.135833077111864,0.0856360340082323,0.125534313877033,FALSE
"TRIM66",0.31062486514683,0.0856589990486672,0.125553920235686,FALSE
"SULT1C4",0.127419959439943,0.0857162907054163,0.125623830506583,FALSE
"CD96",0.117516494752682,0.0858090413051715,0.125735722386022,FALSE
"NCALD",-0.106431084414204,0.0858118453650402,0.125735722386022,FALSE
"PRR5",0.131271696477617,0.0859257214709304,0.125888489872138,FALSE
"VRK1",-0.13292510415869,0.085951038765578,0.125911491498148,FALSE
"MTIF2",-0.0606749981291455,0.0860064040937425,0.125978501051161,FALSE
"OCEL1",-0.162330088946854,0.0860380949358712,0.126010822116615,FALSE
"BCOR",0.146283775331645,0.0861316212488074,0.126133689640871,FALSE
"MIS12",-0.158129131295474,0.0861693705043302,0.126174857246694,FALSE
"MAPK1",0.129980343602325,0.0862395485787684,0.126263494743149,FALSE
"ZNF239",-0.225743796755514,0.0863619553299418,0.126428571975802,FALSE
"CEP68",-0.108317594749089,0.0864902058911399,0.126602166315609,FALSE
"VEGFD",-0.334841039570224,0.0865267737354549,0.126641534012809,FALSE
"TCEAL4",-0.0470851532098715,0.0865426409976504,0.126650598696763,FALSE
"CKAP2",0.260319665216268,0.0866129014625645,0.126739254045814,FALSE
"RPUSD2",0.1097508262974,0.0866311998326436,0.126751862785982,FALSE
"AQP11",-0.0650672577365352,0.0866652090360438,0.126787452977974,FALSE
"RUFY1",0.0903889480289464,0.0866833323407434,0.126799797430728,FALSE
"ARK2N",-0.143259542665351,0.0867045641398335,0.126802519405574,FALSE
"S100A8",0.282159377760191,0.086703765257304,0.126802519405574,FALSE
"CHST10",0.281187206807612,0.0867750725720806,0.126881072173244,FALSE
"TMEM131",0.216504131386663,0.0867776596577474,0.126881072173244,FALSE
"USP32",0.257365159104514,0.0869477816929223,0.127115617858597,FALSE
"ATP6V1B2",0.0879396821908103,0.0870402524945162,0.127236599559871,FALSE
"NIPA1",0.127253607195219,0.087181378119208,0.127428670574598,FALSE
"GC",0.202920736594933,0.0872194782183933,0.127458484525107,FALSE
"GSK3B",-0.0948390005155702,0.0872212467812737,0.127458484525107,FALSE
"UBE2V1",-0.0553128353514888,0.0873337323751344,0.127608618778489,FALSE
"UBLCP1",-0.180827121093787,0.0873688174751462,0.127645637583374,FALSE
"YLPM1",0.145896478325528,0.0874111879348498,0.127693290832744,FALSE
"CLEC1B",-0.263176843805351,0.0874414271450965,0.127723213676627,FALSE
"CBY1",-0.118625407128255,0.0875000242359104,0.127794546775607,FALSE
"RPL17",0.220798493624545,0.0875356298167238,0.127832288406085,FALSE
"CLDN7",0.237005302095549,0.0876462198873286,0.127966751856134,FALSE
"PHKA1",-0.150090549766635,0.0876472551095288,0.127966751856134,FALSE
"TMEM45B",0.356414192812908,0.0879123937977142,0.128339547234576,FALSE
"CSTF2T",0.16363193123139,0.0881298779694709,0.128642698447576,FALSE
"CEP170",-0.254031666795428,0.0882707294520713,0.128833934223692,FALSE
"MTM1",-0.0651425795258641,0.0882813660391298,0.128835095773524,FALSE
"AKAP6",-0.112484532915083,0.0883356284674911,0.128886369033905,FALSE
"GLCE",0.0119468931309553,0.0883361892255752,0.128886369033905,FALSE
"TRIM29",0.398952098475641,0.0884228753271947,0.128998471560467,FALSE
"MRPL54",0.205945568167363,0.0885589975213804,0.129182662456815,FALSE
"TTC21A",0.0681022942853434,0.0886830646583859,0.129349229334624,FALSE
"SLC35A5",-0.118510009340817,0.0887123876834251,0.129377584889317,FALSE
"KCNJ10",0.465205812948488,0.0887607630980062,0.129433716916807,FALSE
"RTL5",0.208824346513125,0.0888069336744327,0.129486621635558,FALSE
"LDLR",0.107893699836936,0.0888605152770427,0.129550319154459,FALSE
"BCL2L2",0.0817300855797788,0.088894366222765,0.129556389022424,FALSE
"CLN3",-0.405442306698711,0.0888883495545489,0.129556389022424,FALSE
"STAM",-0.140197047503061,0.0888750621439492,0.129556389022424,FALSE
"UST",-0.251676747674304,0.0889408959158026,0.129609773968131,FALSE
"TSTD2",0.124725728833016,0.0889829077948998,0.129656564145891,FALSE
"ETF1",0.0953899783222428,0.0891318796050271,0.129859177363567,FALSE
"CC2D2A",-0.109875935963034,0.0892733499270384,0.130035049239451,FALSE
"CCNG2",-0.311140444885083,0.0892747881511538,0.130035049239451,FALSE
"ERG",-0.197214550561739,0.0892823905906985,0.130035049239451,FALSE
"RAPGEF4",-0.0896491786482367,0.0893089825026925,0.130059310225278,FALSE
"BRI3BP",0.164150154526693,0.0895016233173287,0.130319040198796,FALSE
"TTC5",0.111731064122969,0.0895072417864017,0.130319040198796,FALSE
"NUDT8",0.329953728158774,0.0896014162062175,0.130441648056466,FALSE
"GOLGA4",0.151662863388709,0.089626949224988,0.130464311680403,FALSE
"ATP1B3",-0.0760471114268421,0.089651410346673,0.130485410145486,FALSE
"IGSF10",-0.362996315237072,0.0897721968308791,0.13062085339988,FALSE
"MPP7",0.146800209174437,0.0897572864138938,0.13062085339988,FALSE
"TTC36",-0.198841247919394,0.0897743995487413,0.13062085339988,FALSE
"TOMM7",-0.168782336305693,0.0898298940128296,0.130687073276582,FALSE
"KIF11",-0.217517324975871,0.0898563605182715,0.130711052433912,FALSE
"GZMK",0.250858467749936,0.0899234331534128,0.130794088084044,FALSE
"TRIM45",0.173642700076098,0.0899822350883272,0.130865076846965,FALSE
"EAF1",0.129369283837425,0.0901095485101086,0.131035678006702,FALSE
"KATNAL2",-0.0866857527793701,0.0901764133916753,0.131118347859153,FALSE
"HDAC4",0.165003045103975,0.0902247015702743,0.131173991444534,FALSE
"SOX7",0.0838507036891786,0.0903558127205783,0.131350022222719,FALSE
"NLRP1",0.0119390209483149,0.0904198852315726,0.131428570828439,FALSE
"GNAI3",-0.135987376062719,0.090554051853974,0.131594366397184,FALSE
"GPC4",0.18449310820156,0.0905533879760756,0.131594366397184,FALSE
"WRNIP1",-0.0713956389018318,0.0906179094628493,0.131672549465885,FALSE
"NFE2L3",-0.129700499374793,0.0906947163579522,0.131769529082045,FALSE
"LARP4B",0.0713901661840537,0.0908930644458498,0.132043053675662,FALSE
"EXOC2",0.165581172303399,0.0909526186812541,0.132114909993895,FALSE
"ARL6",-0.163935548295647,0.0909629577812523,0.13211526994366,FALSE
"RAB15",0.177686900157398,0.0910822772767293,0.132273896184907,FALSE
"UEVLD",-0.127108051557146,0.0911602427235312,0.132372437637142,FALSE
"ARHGEF3",0.0873301355477327,0.0912468888684189,0.132440238353108,FALSE
"CRYBG1",-0.0626139155667053,0.0912473991708703,0.132440238353108,FALSE
"FOLH1",-0.139077815047958,0.0912329856967008,0.132440238353108,FALSE
"PSME2",0.115190564008366,0.0912287747798506,0.132440238353108,FALSE
"SRGAP2C",-0.275382993729504,0.0912962210116654,0.13249641120549,FALSE
"C2CD3",0.164367477429351,0.0913189692924933,0.132514735754525,FALSE
"ZNF45",0.114164766027943,0.0914069291209194,0.132627675501616,FALSE
"LOXL2",0.161960432980021,0.0915039968780006,0.13273909441848,FALSE
"PPA2",-0.131591275422941,0.0914979228480033,0.13273909441848,FALSE
"KLB",-0.0973561322591038,0.0915237638694065,0.132753059669651,FALSE
"SERP2",-0.19804869531267,0.0915638645815049,0.132796512141471,FALSE
"XPOT",-0.0673480425361811,0.0916272686110135,0.132873748411098,FALSE
"GOLGA5",-0.0673905550418942,0.0917339173093458,0.133013672102553,FALSE
"BTBD19",0.145118766583835,0.091768054752274,0.133048435527882,FALSE
"LRRC23",-0.194988993204079,0.0918313735223659,0.133125494646752,FALSE
"ROBO3",0.202077474798349,0.091879556885233,0.133180597734884,FALSE
"PIP4P2",-0.392458792905035,0.0919455399116761,0.133261486607291,FALSE
"RNF20",0.100315547200305,0.0919686901473124,0.133280284636774,FALSE
"PRRG2",0.258027306699416,0.0920450982653176,0.133376250856617,FALSE
"CKAP2L",-0.147432211414124,0.092403305858316,0.133868697481335,FALSE
"ELMO1",-0.0660574108212698,0.0924053940680437,0.133868697481335,FALSE
"MSMO1",-0.195088041967025,0.0925887157547967,0.134119436452954,FALSE
"CYP2U1",-0.0162933788650631,0.0927420750906401,0.13432672276653,FALSE
"ZNF44",-0.106756301923933,0.0927782130242271,0.134364199658538,FALSE
"TIMM29",-0.190326850842902,0.0928006251992909,0.134381792402291,FALSE
"LNPEP",-0.127717661811967,0.0928164655387107,0.134389865829772,FALSE
"ACOX2",-0.0982439554752124,0.093024408536922,0.134676054026914,FALSE
"EIF4E2",0.0403516039951846,0.0930495992801264,0.134697628679281,FALSE
"CBR1",-0.141697069284416,0.0931022202793886,0.134758901923467,FALSE
"MYO9A",-0.161370813496301,0.0931215050233336,0.134771915074672,FALSE
"SHB",0.118916780155294,0.0932853882938594,0.13499417525624,FALSE
"RAB34",0.154426613294849,0.0933999825813245,0.135145067634251,FALSE
"C7",0.215572473312004,0.0934213403271096,0.135161032993979,FALSE
"NOD1",-0.209323118975482,0.0934373156836995,0.135169208500662,FALSE
"FARSB",-0.0658895620470028,0.0936049127738967,0.135387719914591,FALSE
"NOCT",0.150450772678152,0.0936090467970424,0.135387719914591,FALSE
"NCBP2AS2",-0.147535906030071,0.0936486772910506,0.135430076559642,FALSE
"ETS1",0.0765299496787641,0.0937015743810628,0.135489750355921,FALSE
"ZNF226",-0.116692443203331,0.0937106392814589,0.135489750355921,FALSE
"ASCC1",0.193704334997512,0.0937239876230267,0.135494086347247,FALSE
"IRAK1BP1",-0.110533264480911,0.0939089093140982,0.135731446317087,FALSE
"TRAF3IP3",0.11113981339162,0.0939001416260626,0.135731446317087,FALSE
"CPED1",-0.0192846943011614,0.094131032529731,0.13603747410081,FALSE
"ELAVL1",0.0879350245868934,0.0942245384126153,0.136157578024057,FALSE
"ABCG5",-0.203568747385264,0.0943977589356692,0.136389910541395,FALSE
"DBF4",-0.214482125578062,0.09440615408846,0.136389910541395,FALSE
"ATAT1",0.189981862193084,0.0944444369450676,0.136430163134153,FALSE
"ZNF597",-0.137907508993989,0.0945362276529105,0.136547693339795,FALSE
"SNX30",0.164117895630243,0.0945660960546092,0.136575767186646,FALSE
"EPM2A",-0.1025502045952,0.0945788103498275,0.136579062993596,FALSE
"H2AX",0.198162897189234,0.0945903508998731,0.136580663282358,FALSE
"ZNF101",-0.17874255039008,0.0946657517165179,0.136674462006248,FALSE
"LMOD1",0.106913871550524,0.0947679374361044,0.136806906705643,FALSE
"PLEKHO1",-0.0277315959892157,0.0949239934771905,0.137017080772147,FALSE
"PHACTR2",-0.243307788408581,0.094940840866735,0.137026291327009,FALSE
"KIF13A",0.0950323426534268,0.0949868062583303,0.137077520671744,FALSE
"NQO1",0.481812614111141,0.0950183740769954,0.137107963563984,FALSE
"GHITM",-0.0957430170657379,0.0950863867090181,0.137190982454757,FALSE
"RPL10",0.143427791032652,0.0951291025785036,0.137237488810773,FALSE
"PSMA7",0.0974134432909286,0.0952414951755828,0.137384492600125,FALSE
"SLC12A1",0.786766305659164,0.0953360943739782,0.137505800104013,FALSE
"ROBO2",-0.315248513510995,0.0953724241624793,0.137543046611057,FALSE
"VWA5A",0.118455976140874,0.0954050770944111,0.13757498285274,FALSE
"CELF2",0.00295104734036597,0.0955215269148719,0.137727734622192,FALSE
"AMIGO1",0.260654661695951,0.0956492441019132,0.137896696815576,FALSE
"TFF3",0.470653375836266,0.0958577523542101,0.138182084763413,FALSE
"PIWIL2",-0.117087140484998,0.0959682602707806,0.138326154735777,FALSE
"CRP",-0.65235624117124,0.0960672536990355,0.138453598131635,FALSE
"DFFB",-0.212886371460664,0.096083070089517,0.138461150645235,FALSE
"LRRC27",0.138345476209936,0.096149489477514,0.138541615258597,FALSE
"FKBP4",0.149568600545236,0.0962871386531015,0.138724685731969,FALSE
"CNTN3",-0.156954668023862,0.0964906813778564,0.13900264091097,FALSE
"MBP",0.146253348391176,0.0966405860954568,0.139203273535232,FALSE
"C14orf180",0.268356928580116,0.0966758807645748,0.139238793286008,FALSE
"STOML2",0.103834676000748,0.0967200623055332,0.139287103256412,FALSE
"TSPAN8",0.403718159518327,0.0967821276723937,0.139361154365044,FALSE
"ATRN",0.286573729522561,0.096865635824718,0.139450726216979,FALSE
"MAP6",0.247123289363003,0.0968650102695074,0.139450726216979,FALSE
"CFAP46",0.48365587150865,0.0969080494817628,0.139496446818608,FALSE
"LOC124900372",0.327411281445546,0.0969360551492488,0.139521419746478,FALSE
"SLC25A20",0.129006030107871,0.0969611702404387,0.13954222719444,FALSE
"CYTIP",-0.309861749788671,0.0970026267859287,0.139586545381554,FALSE
"ROCK1",-0.0737218916043039,0.0970275989940302,0.139607135512677,FALSE
"ZUP1",-0.126189265843193,0.0973930884148091,0.140117616871064,FALSE
"JUN",-0.178911649358463,0.0974121729457564,0.140129674563877,FALSE
"MPV17L",-0.143780105876496,0.0974565025708059,0.140178041271917,FALSE
"EML1",0.113021448416457,0.0975113498820955,0.140241523965329,FALSE
"TRAIP",0.242153625379454,0.0975881581784317,0.14033657368981,FALSE
"AOPEP",-0.120875999180758,0.0976128377352541,0.140356647076326,FALSE
"CFP",0.265682078887553,0.0977107853986221,0.140482056055212,FALSE
"MYEF2",-0.172216445339702,0.0977376066728135,0.140505187939,FALSE
"MRFAP1L2",-0.134077759094072,0.0979009955848849,0.140724619477088,FALSE
"C6orf120",-0.00995580289712785,0.0981013894714134,0.140997188600257,FALSE
"BST1",-0.188399030260731,0.0981284475056252,0.141020596569006,FALSE
"KIF24",0.276981645756212,0.0981906770106438,0.141094538845719,FALSE
"GPAM",0.302719670690357,0.0982167540505962,0.141116521513433,FALSE
"GUCA1B",0.219697457408385,0.0983045890023669,0.14122722256326,FALSE
"ANXA3",0.183371674501559,0.0983304663566842,0.141248899006113,FALSE
"FAM50B",0.211649822055022,0.098406518106096,0.141342636867253,FALSE
"RMC1",-0.0669442525635371,0.098471449292414,0.141420383297091,FALSE
"EDAR",0.478322306251763,0.0985288396656149,0.141487284073953,FALSE
"SLC16A7",-0.195642505812398,0.0988491440929804,0.141931673005626,FALSE
"GRB2",0.0748304913818672,0.0990740285817453,0.14220778228179,FALSE
"PSME3IP1",-0.0574384539080807,0.0990718496785889,0.14220778228179,FALSE
"TDP1",0.0959166324156058,0.0990638373140929,0.14220778228179,FALSE
"IFNAR2",0.119008878263605,0.0991231770505043,0.142262731193291,FALSE
"TMEM98",0.197687884729077,0.0991991779070101,0.142356202691941,FALSE
"KCNE3",0.0691992340178633,0.0993664481800313,0.14258061591111,FALSE
"CTDSPL",0.0953214769462164,0.0995157913601481,0.142779259231458,FALSE
"CENPH",-0.284340380799157,0.0997058297048703,0.143036239589761,FALSE
"ARHGEF6",0.0865584413246359,0.0997808111843179,0.143112443035176,FALSE
"EXT2",0.12064423133334,0.0997736311031853,0.143112443035176,FALSE
"SDHB",-0.107592216221865,0.0998087596967587,0.143136847622956,FALSE
"KLHL13",-0.23644847289254,0.0999498773788117,0.143323526247908,FALSE
"PRKCB",0.13074657891707,0.0999927692041891,0.143369328049638,FALSE
"BTBD1",-0.0697598389394624,0.100113057267402,0.143526078158653,FALSE
"NOL10",0.086329080291845,0.100141357107486,0.143550930389928,FALSE
"ST7",-0.0657823260413233,0.100366506636797,0.143857926963975,FALSE
"ZNF232",0.124585178434344,0.100459332818962,0.14397521458849,FALSE
"INCA1",0.0400408542172841,0.10069122346968,0.144291757625334,FALSE
"MT1M",-0.620266316267026,0.100720830348559,0.144318387974536,FALSE
"GPR161",0.2566524967309,0.100762143587875,0.144361784181709,FALSE
"CPT2",0.142171016918851,0.100807680071533,0.144411220866234,FALSE
"KCNE1",0.706167200442134,0.100847436273778,0.144452367144016,FALSE
"ZNF611",0.156424921313638,0.100923482745306,0.144545480374307,FALSE
"CAP2",0.226186868289885,0.100956964446275,0.144577617428422,FALSE
"CAND2",0.215481752243803,0.101048693383891,0.144677328716306,FALSE
"RDH13",0.167180185494205,0.10104775832183,0.144677328716306,FALSE
"MZB1",0.0303034165593478,0.101167190347767,0.144815313364636,FALSE
"SP1",-0.0635899249023084,0.101161315178085,0.144815313364636,FALSE
"LONP2",-0.0903262187772124,0.101292721136523,0.144974923939178,FALSE
"TMEM255B",0.152257872752744,0.101300840528231,0.144974923939178,FALSE
"USP9Y",0.551289393267757,0.101403923578358,0.145106587330622,FALSE
"TAF1B",-0.0790415182711924,0.101434998755152,0.14513519166147,FALSE
"KCNB1",0.37784946042053,0.101693401266145,0.145489018618334,FALSE
"IPP",0.244214976290349,0.101785988002845,0.145605567628196,FALSE
"LEF1",0.208141201651903,0.101799615500534,0.145609151768054,FALSE
"SPIN3",-0.0458801335744439,0.101929909621617,0.145779591082173,FALSE
"NAE1",-0.123722751902663,0.10202589178222,0.145900925746895,FALSE
"PRUNE1",0.126196344689761,0.102204561781015,0.146140467762893,FALSE
"GSDMB",-0.347655646967579,0.102252846799617,0.146193542677798,FALSE
"ZNF563",0.19127591607115,0.102359143374118,0.146329537568678,FALSE
"CWC27",-0.096870425797777,0.102454224690707,0.146449471519897,FALSE
"DDX50",0.0851204686575576,0.10252323624965,0.146516123674317,FALSE
"ERCC8",-0.0613153867461325,0.102519616738171,0.146516123674317,FALSE
"RBM3",-0.149271829759532,0.102707186606352,0.146762987017067,FALSE
"TMEM179B",-0.107591655294599,0.10286882561661,0.146977918255228,FALSE
"COMMD2",-0.124616202274961,0.103023386188769,0.147182690089848,FALSE
"ALAD",0.0936540569266928,0.10304656891037,0.147199746882113,FALSE
"PIGX",-0.10836257589891,0.103085071235986,0.147238681280987,FALSE
"STEAP3",0.151283100944751,0.103149528721048,0.147314675468088,FALSE
"NTRK2",-0.518368824914329,0.103161202355041,0.147315277185013,FALSE
"RGPD8",-0.239506694115395,0.103228130675574,0.147394774436101,FALSE
"TMEM216",-0.162463098370171,0.103416263162556,0.147647297418123,FALSE
"LACC1",0.181208479369822,0.103460681364853,0.147694606959837,FALSE
"TNN",0.123218325848676,0.103735314097031,0.148070511574175,FALSE
"SIGMAR1",-0.122236918572817,0.103795614470499,0.148140432208412,FALSE
"KCNMA1",-0.137998900878093,0.10382850130539,0.148171216382186,FALSE
"DCST2",0.169578322134511,0.104044848235987,0.148463776905237,FALSE
"MIER3",-0.222831184260586,0.10407912528739,0.148496502644126,FALSE
"KLHDC10",-0.0633373147781324,0.104109327167594,0.148523407570899,FALSE
"JCAD",0.154600695561782,0.104150786646141,0.148566365087305,FALSE
"BTN2A1",0.0833582237662287,0.104194946647078,0.148613164996573,FALSE
"NOP16",0.116062579338178,0.104288458606619,0.148730337699113,FALSE
"SMC2",0.183995680280798,0.104373089036771,0.148834819918245,FALSE
"NEU3",0.245345689294389,0.104860818132655,0.149514030820379,FALSE
"FAM117A",0.139317064435272,0.104904621833329,0.149560199176952,FALSE
"SLCO1B1",-0.040535930348761,0.104926972935994,0.149575776315116,FALSE
"FOXN3",-0.110983074374116,0.105026696670018,0.14970163449144,FALSE
"ST6GALNAC2",0.249687212591912,0.105070884313584,0.149748314547512,FALSE
"SOX6",-0.257691462018194,0.105097401291802,0.149769802733457,FALSE
"CDH5",0.112710574767296,0.105119492836776,0.149784980433072,FALSE
"RABEP1",-0.0658968745367807,0.105175640089991,0.149832369973684,FALSE
"SLC10A1",-0.125609280578377,0.105167485017124,0.149832369973684,FALSE
"SAMD4A",0.117662166396942,0.105370297856724,0.150093345614213,FALSE
"ZNF558",-0.130724634865803,0.105399118477196,0.150118065611776,FALSE
"CASC3",0.085203267451534,0.105454983149371,0.150181294396994,FALSE
"EDN1",-0.538257440541608,0.105620416151114,0.15040053167831,FALSE
"RIPK4",0.157757001668798,0.105632767178322,0.150401760510994,FALSE
"PKD2",-0.223510428316334,0.105698942815708,0.150479617153464,FALSE
"SRRM1",-0.0975859142651857,0.105727274320058,0.150503585451582,FALSE
"SSX2IP",-0.108159684705622,0.105776384378701,0.150557123753637,FALSE
"NLN",0.210974442845062,0.105849307583123,0.150632863706027,FALSE
"TMEM41A",0.155425713541242,0.105852608164944,0.150632863706027,FALSE
"CCDC117",0.666857604347659,0.105901740604839,0.150679850524655,FALSE
"PTCH1",-0.210994067328509,0.10590864531988,0.150679850524655,FALSE
"LY9",0.0899231008054776,0.106042945904066,0.150854530889496,FALSE
"LGR5",-0.288770036941139,0.106110610889457,0.150917992152609,FALSE
"TEAD2",0.30124895184974,0.106108113092267,0.150917992152609,FALSE
"TOX4",0.0462953231224493,0.106296519814018,0.151165982772662,FALSE
"PKIB",-0.40305464696402,0.106336618178232,0.151206582512156,FALSE
"ZNF512",-0.138071093845842,0.106392828589721,0.151270081656888,FALSE
"ADIPOR1",-0.0859448649311904,0.106458197662804,0.151346587447218,FALSE
"FCN3",0.275160867326622,0.106639663779908,0.151588108382905,FALSE
"INIP",0.121970599846512,0.106733299827336,0.151704740130222,FALSE
"KCTD1",0.158777966757668,0.10691140286126,0.151941119568893,FALSE
"PTPRA",0.0828815865227677,0.106922818101758,0.151941119568893,FALSE
"PLGLB1",0.0632560200291091,0.106998595258298,0.152032299665903,FALSE
"ACAP2",-0.187580681810872,0.107057371356728,0.152099306109851,FALSE
"FKBPL",0.132390337373515,0.107285720270328,0.152407188561104,FALSE
"PARP6",0.11758378844898,0.107340124606251,0.152467930058048,FALSE
"EPSTI1",0.161319576473876,0.107382861522712,0.15251208755211,FALSE
"C1orf226",0.193157721245184,0.107438568080584,0.152574653792277,FALSE
"ZNF850",0.167137609703775,0.10763465462802,0.152836539955536,FALSE
"RHOA",0.0614252202748597,0.107681121599906,0.152885939050642,FALSE
"KDM2A",0.107572908833273,0.10785704127987,0.153119104796797,FALSE
"ADCY5",0.200682832802591,0.10795175852706,0.153236953554837,FALSE
"FBF1",0.149501720043474,0.107985245991315,0.153251256424748,FALSE
"UQCC5",-0.21890326913668,0.107974685256526,0.153251256424748,FALSE
"LRRC57",0.103831826490558,0.108024820428388,0.153290803061831,FALSE
"ING4",0.0789836550837808,0.108080734799449,0.153353525522314,FALSE
"FGF13",-0.399597616928167,0.108113742151933,0.153383735614771,FALSE
"EDEM3",-0.0975288306218813,0.10820902586476,0.153502282654832,FALSE
"SOBP",-0.321200045278233,0.108708066770155,0.154193500558491,FALSE
"THBD",0.196057922823077,0.108768193450879,0.154262072219576,FALSE
"ARAP3",0.0272473766046698,0.108801765720148,0.154292971924629,FALSE
"WDR19",-0.0451736354362352,0.108831249358161,0.154318067431717,FALSE
"SLC6A1",0.15068064283319,0.108902010404488,0.154401680768417,FALSE
"LGALS8",-0.0899574504007783,0.109075847460918,0.154631401728029,FALSE
"TRIM4",-0.0615969351029211,0.10916971164238,0.154747711652452,FALSE
"DHRS1",0.145679245574057,0.109228584088661,0.154814401092211,FALSE
"GINS1",0.316675816329205,0.109268226619478,0.154837062766773,FALSE
"RBM23",0.115467728720474,0.109262967117392,0.154837062766773,FALSE
"MFSD14B",-0.0817583382660946,0.109292533347449,0.154837987943384,FALSE
"SLPI",0.166611908660953,0.109281227096158,0.154837987943384,FALSE
"GSE1",0.0434581371616287,0.109320391985684,0.154860698103936,FALSE
"MSH3",-0.0513861600886127,0.109413659811894,0.15497605044437,FALSE
"RAD51",0.237794700907601,0.109700002309841,0.155364823695417,FALSE
"DIDO1",0.0602164737587131,0.109727677775275,0.155387210106425,FALSE
"HSD3B2",-0.363386361656278,0.109778512818085,0.155391965597835,FALSE
"MYL6B",0.173332429768883,0.109769309009281,0.155391965597835,FALSE
"RAPGEF3",0.0943058432760364,0.109775282508299,0.155391965597835,FALSE
"TRNT1",-0.0995797574600939,0.10975454517455,0.155391965597835,FALSE
"ALDOC",0.259241955051958,0.109912683398831,0.155548248952275,FALSE
"LARS1",-0.072356606268987,0.109911304970488,0.155548248952275,FALSE
"CRISPLD2",0.104045799179676,0.110223544257584,0.155971318787321,FALSE
"HJURP",0.28622669528341,0.110296058950525,0.156057062982845,FALSE
"ST6GAL1",-0.0627467364804737,0.110410416072655,0.156201984787464,FALSE
"SPATA2",0.116631829577242,0.11048876159941,0.156295933750348,FALSE
"MARVELD3",-0.0936237023367272,0.110750959965693,0.15663298777907,FALSE
"PCDHAC2",0.837822402008795,0.110750135412935,0.15663298777907,FALSE
"NDUFS6",0.148115236515315,0.110939421611801,0.15688257806672,FALSE
"RFTN1",-0.116883992636241,0.110992915035071,0.156941272668663,FALSE
"SMG7",0.0587706369696962,0.111268748682586,0.157314304292917,FALSE
"EVA1C",-0.346130422510386,0.111358675940548,0.157424445029009,FALSE
"LOX",-0.438668049946054,0.111402866605111,0.157469912502064,FALSE
"FITM2",0.188264571617727,0.111681455931277,0.157846661022593,FALSE
"PARD6G",-0.188418992737967,0.111921427250266,0.158168752759119,FALSE
"BRI3",-0.185626906371599,0.112162172207698,0.158491868164402,FALSE
"CIB1",0.0884042389217682,0.112287884806391,0.15863526361123,FALSE
"TPM2",0.139055701743446,0.112283236332291,0.15863526361123,FALSE
"BPNT1",0.0982072663230911,0.112443980418543,0.158838648213159,FALSE
"CYTH1",0.109446685752086,0.11251324000305,0.158919337374035,FALSE
"HEATR4",-0.144170810006355,0.11255609886986,0.15896272345245,FALSE
"CD28",0.149583587733725,0.112621251851191,0.159037582702599,FALSE
"CEP85L",-0.272122294278006,0.112867537557725,0.159368183963086,FALSE
"CTSB",0.144145806230666,0.113060210502289,0.159623021233254,FALSE
"VNN2",0.16865045169926,0.113133520179243,0.159709299782903,FALSE
"SERPINA7",-0.104807412783526,0.113211229441126,0.159801769902235,FALSE
"BEND7",-0.090677895526749,0.113335536201533,0.159942744416349,FALSE
"PCP4L1",-0.00189545907378442,0.113327567282125,0.159942744416349,FALSE
"BCL11B",0.0759052187627482,0.113364019517997,0.159948458188341,FALSE
"ZNF222",-0.166333149054874,0.113362123526389,0.159948458188341,FALSE
"ZNF35",0.190934641790164,0.113437850368855,0.160035381145371,FALSE
"TRPV3",0.440004804942044,0.113608784254737,0.16025926122864,FALSE
"BCL2L10",-0.210756864605742,0.113692143317558,0.160359571246872,FALSE
"BFAR",-0.0607481034694393,0.113730793313853,0.160396805565546,FALSE
"CD6",0.15639368921789,0.113832318010152,0.160522695754944,FALSE
"PARP11",-0.0864767174978029,0.114007420159977,0.16075230422557,FALSE
"SPTSSA",-0.207552907971547,0.114077783064576,0.160834195119688,FALSE
"ZEB2",0.0458952423829927,0.114159529427497,0.160932115781716,FALSE
"WHAMM",-0.116557102752963,0.114483955409754,0.161372087018141,FALSE
"FTO",0.233840608041603,0.114564105002225,0.161467678188086,FALSE
"ZNF831",0.0368251718374622,0.114756761935741,0.161721800566493,FALSE
"TPST1",-0.116644065823985,0.114783097045061,0.161741503230431,FALSE
"VSIG10",-0.103223058419876,0.11484776020562,0.161815204112352,FALSE
"ZNF844",-0.17089415195615,0.115114961862304,0.16217422583679,FALSE
"NT5M",0.235567768117684,0.115268944214291,0.162373683844793,FALSE
"CD48",0.0867850341298199,0.115525101310455,0.162717011980256,FALSE
"SPIN4",-0.294776563548665,0.115548615648954,0.162732624362748,FALSE
"ANXA11",0.0974165186045268,0.115596249858439,0.162782198897136,FALSE
"ATP2C1",-0.0557230957037138,0.115622936976255,0.162802268325783,FALSE
"ARL3",-0.0665684018567936,0.115888333738102,0.163156324499278,FALSE
"EXOSC2",-0.0889687152793895,0.115899313920202,0.163156324499278,FALSE
"FAU",-0.243543916346234,0.116048645499353,0.163348980419044,FALSE
"UTP6",-0.0863836127398683,0.116293699510507,0.163676318425238,FALSE
"GPR65",0.0465064654803054,0.116331552815304,0.163711994997094,FALSE
"PPFIBP1",-0.104948796820311,0.116425683332738,0.163826853632008,FALSE
"PTPN14",0.14681572923527,0.11646006342309,0.163857619595389,FALSE
"ACKR2",0.238518715623208,0.116482249131679,0.163871223472163,FALSE
"CHRM2",-0.367695917319361,0.116560949243145,0.163957133071725,FALSE
"ZMYM3",0.13754617086673,0.116568361948642,0.163957133071725,FALSE
"ZNF792",0.148490691140348,0.116605237577066,0.163991381497363,FALSE
"TTPA",-0.0911728905840391,0.116767458884914,0.164201887402932,FALSE
"DNAAF5",0.154317866598734,0.116799712213792,0.164229602867895,FALSE
"IL12RB1",0.213412845075565,0.116871775651255,0.164313282519999,FALSE
"ZNF566",-0.112948977334059,0.116909531523438,0.164348715419828,FALSE
"MRPL38",0.148655770551928,0.116962602266779,0.164376086479263,FALSE
"NMNAT1",0.295858331262451,0.116966668319646,0.164376086479263,FALSE
"PDK1",-0.160251223556686,0.116962479793423,0.164376086479263,FALSE
"ELOF1",0.0992370182008729,0.116997652526681,0.164401982062822,FALSE
"POP4",0.0780873998762292,0.117087351174604,0.164510367200893,FALSE
"ZNF584",0.122165908133847,0.117319090544935,0.16481827807858,FALSE
"ACOX1",-0.106975906209198,0.117568797305101,0.165151362051329,FALSE
"ZNF596",-0.143138964844265,0.117609176025016,0.165190358600956,FALSE
"SEC14L1",0.0949798677404498,0.117635201037213,0.165209188154816,FALSE
"SEC16A",0.103889743978579,0.117706255240623,0.16529124676716,FALSE
"TMTC2",0.0765668596799464,0.117775933378059,0.165371355618356,FALSE
"CCT6A",0.101771970417573,0.11782842077169,0.16542731203678,FALSE
"ACTR3C",-0.0447851170296408,0.117873126368267,0.16546148017979,FALSE
"SFRP4",0.226177775810495,0.117878034344401,0.16546148017979,FALSE
"LDOC1",0.242473984873115,0.117936434379152,0.165525707428372,FALSE
"ANTXR2",-0.0912591821854834,0.11800351766348,0.165602106683491,FALSE
"DIP2C",0.0799432432308841,0.118089251468691,0.165704660260247,FALSE
"PROS1",-0.0579179003217922,0.118275154272174,0.165947735476509,FALSE
"SHQ1",-0.0692605893784863,0.118346206719055,0.166029633343963,FALSE
"FREM2",0.383716449591964,0.118568602172101,0.166323812240132,FALSE
"CETN2",-0.139457415286885,0.118605186330241,0.166357306560479,FALSE
"ZFP37",-0.234380269203186,0.118648511526056,0.166400247766376,FALSE
"LPCAT2",0.0442767343011804,0.118746517194133,0.166519858944472,FALSE
"CPSF6",-0.141074190091317,0.1188273543695,0.16661537146894,FALSE
"MAPK14",-0.0455402270967369,0.11894120406708,0.166740686512573,FALSE
"ZBED6",0.826377632934727,0.118949778607974,0.166740686512573,FALSE
"ZNF662",-0.175018211984644,0.118954935229715,0.166740686512573,FALSE
"ABCB10",-0.142652770272167,0.119012756232558,0.166803875880167,FALSE
"HSPA5",0.197154037699094,0.119044548478088,0.16683057468156,FALSE
"CTSK",0.100840665667261,0.119203635474603,0.1670356411895,FALSE
"PRXL2A",0.131336729932422,0.119226076247353,0.167049207002391,FALSE
"CEP76",-0.123457091639009,0.119307552952832,0.167145477074209,FALSE
"VCF1",-0.088661585673976,0.119477518442726,0.167365682800361,FALSE
"TAX1BP1",-0.0782202191005525,0.119655484873749,0.167597048033285,FALSE
"APPL2",-0.0632739637889057,0.119688507971611,0.167625368673977,FALSE
"TBC1D31",0.141634500413521,0.119763671808911,0.167712695616885,FALSE
"EPB41L2",0.118534744759272,0.119993728920966,0.168016887597143,FALSE
"PAFAH1B3",0.224331983461316,0.120143343265931,0.16820838948108,FALSE
"ABCB9",0.24325531732152,0.120260667327277,0.168354646775952,FALSE
"EIF2B5",0.0991598707077263,0.120319257044465,0.16841865852947,FALSE
"TAF4",-0.145776506856291,0.120378023671838,0.168482904202662,FALSE
"SLC17A5",0.219611386819397,0.120445045292314,0.168558688719079,FALSE
"ATAD3C",-0.42584397491236,0.120498226514674,0.168615089945502,FALSE
"VEZT",-0.035597334428176,0.120659965286609,0.168823369192292,FALSE
"RABL2B",-0.177429931720431,0.120803594073703,0.169006267750899,FALSE
"PLD1",-0.0388606532318332,0.12087909642739,0.169093827377647,FALSE
"SEMA3D",-0.530013764700004,0.120978023499257,0.169196056367084,FALSE
"TGM1",0.235174665010812,0.120968656791659,0.169196056367084,FALSE
"HECW2",-0.239459722727001,0.121197946210663,0.169484411691509,FALSE
"RBMS2",-0.169559585823579,0.121210093695967,0.169484411691509,FALSE
"ZNF528",-0.114197869275049,0.121545419707218,0.169935138274978,FALSE
"PSMD10",-0.184893585160148,0.121740303647356,0.170189434634403,FALSE
"TDRD6",-0.272101493929274,0.121843071586728,0.170314914927764,FALSE
"MORF4L1",-0.136347313447356,0.121864775089869,0.170327066881239,FALSE
"MFSD4B",-0.0299385584680357,0.122079773420124,0.170609350300626,FALSE
"EYA3",0.0958019697798725,0.122262666275671,0.17084671009511,FALSE
"SUCLG2",-0.110505057734098,0.122429636500552,0.171061771725211,FALSE
"EPB41",0.116610684810913,0.122482771949009,0.17111775161204,FALSE
"IPPK",-0.170540959212832,0.122496853223311,0.17111916372168,FALSE
"GLT8D2",-0.292159166881184,0.122546064225595,0.171169643960471,FALSE
"DCAF8",-0.122158486408371,0.122612416043687,0.171244052788986,FALSE
"IGFLR1",-0.355969889107267,0.122667334915913,0.171302479863374,FALSE
"DHRS4",0.183041773645973,0.122914869121551,0.171629849246944,FALSE
"UROD",0.089983919926519,0.123062806706589,0.171818093782943,FALSE
"FAM83D",0.350544047671586,0.123102193680736,0.171854757908743,FALSE
"LAMA1",0.484679729691866,0.123165026496217,0.171924141900892,FALSE
"RWDD2A",-0.0865349047129727,0.123335049434359,0.172143120170003,FALSE
"SP140L",-0.115593022012075,0.123438018184089,0.172250110218087,FALSE
"SWI5",0.110701930741461,0.123429903325476,0.172250110218087,FALSE
"NPAT",-0.0675383001308669,0.123483132234678,0.172294699692679,FALSE
"SCML2",-0.126602993514175,0.123513005021467,0.172318015957059,FALSE
"DMKN",0.224645901798196,0.123569876285935,0.172378989913208,FALSE
"CKS2",0.133137323090578,0.123630221485579,0.17244479647232,FALSE
"C8orf48",-0.208697480683056,0.123670981903323,0.172483274217354,FALSE
"MAP2K5",0.154543835361829,0.123739246751899,0.172560099965473,FALSE
"UBR5",-0.0412441694491069,0.123775716131146,0.172592573819253,FALSE
"IPO11",-0.0455963630789951,0.12395078375866,0.172818281253288,FALSE
"ZNF431",-0.293469360037169,0.124117662531915,0.173032524530703,FALSE
"RPS29",-0.257904511142685,0.124276956474225,0.173236149293074,FALSE
"SMIM10",-0.275240226760883,0.124455485778786,0.173466541021597,FALSE
"MYO1E",0.231890996219528,0.124485525432895,0.173489940277567,FALSE
"CELF5",0.297914200158249,0.124750198611957,0.173833273657456,FALSE
"USP46",0.215620072144978,0.124758435631337,0.173833273657456,FALSE
"ZBTB24",-0.0702641931483382,0.12480789275678,0.173883679043499,FALSE
"ASNSD1",-0.0702222219072176,0.124865880216799,0.173945956990672,FALSE
"ADGRG3",0.249245214067106,0.124984891389884,0.174081858401011,FALSE
"GLT1D1",0.218523896607457,0.124990029710473,0.174081858401011,FALSE
"ETV6",-0.107612704486834,0.125451328394209,0.174695600959039,FALSE
"HERC6",-0.123764492762187,0.125457381623655,0.174695600959039,FALSE
"KLLN",0.149874186342958,0.12568705155894,0.174990088697992,FALSE
"NR2C2",-0.142097415999848,0.125695599917195,0.174990088697992,FALSE
"INTS10",-0.0804635405284434,0.125929788497652,0.175278842335877,FALSE
"PLEKHG3",0.198170717065413,0.125923297503065,0.175278842335877,FALSE
"RERE",-0.205756282032664,0.126102527546636,0.17550061556719,FALSE
"B3GALT5",0.398223289288225,0.126457295190478,0.175975649302055,FALSE
"ALDH1A1",-0.109061894995547,0.126756463919828,0.176373219857411,FALSE
"GAPVD1",-0.0814433930577996,0.126907967191111,0.176565261048462,FALSE
"HLA-DQB1",0.28361372155628,0.126966210836787,0.176627524415601,FALSE
"HMGCS2",-0.133137917590431,0.127157544148669,0.176874900976878,FALSE
"GATA2",0.142874553059806,0.127209003690919,0.176927682600819,FALSE
"SERPINE2",0.0790982819217149,0.127276285318846,0.177002456702181,FALSE
"NEK9",-0.0925675846302035,0.12741327280827,0.177174144196057,FALSE
"HEATR3",0.104866754281801,0.127854010825134,0.177749252386392,FALSE
"TMOD3",-0.0642869547818378,0.12785173769101,0.177749252386392,FALSE
"PSRC1",-0.421541302015063,0.127962930900415,0.177881789270359,FALSE
"DEDD",0.0560977194982733,0.128045002893484,0.177967881338538,FALSE
"RFT1",0.0747511781516555,0.128052050275667,0.177967881338538,FALSE
"NRP1",0.0299970433162767,0.128066140487507,0.177968571410937,FALSE
"DEPDC4",-0.109219794765194,0.12811715126471,0.178015760179309,FALSE
"GRK3",0.146727344927994,0.128127292099727,0.178015760179309,FALSE
"GPR180",-0.148061346708878,0.128168078229803,0.178053531428754,FALSE
"PSTK",-0.0854816722672959,0.128420315538575,0.178385015494008,FALSE
"GDPD4",0.391196956240118,0.128456735555537,0.178416675354667,FALSE
"ZNF234",0.10618587470234,0.12869471264322,0.178728246305828,FALSE
"FRRS1",0.0931557296022288,0.128715561071128,0.178738239875181,FALSE
"DEDD2",0.11989850363787,0.128753670396483,0.178772197776091,FALSE
"NR2C2AP",0.115701310766238,0.128809801655265,0.17883116895766,FALSE
"MORC4",0.071149276610448,0.128937199191015,0.178989058616134,FALSE
"ZNF619",0.269659802264667,0.12897049186268,0.179016293412447,FALSE
"DNTTIP2",-0.0708801913553238,0.128999122078699,0.179037051442206,FALSE
"ANXA4",0.102465317375549,0.129105808138868,0.17914713727123,FALSE
"TNKS",-0.123258693372256,0.129096973048729,0.17914713727123,FALSE
"TGFB1I1",0.163313652678345,0.12922638198224,0.179295442233095,FALSE
"HRH1",0.251064700686707,0.129336933544305,0.179429811800577,FALSE
"CDK5R1",0.158166910254396,0.129365406144913,0.179450296381564,FALSE
"SLC51A",0.229305422565963,0.129423368490366,0.179511679232532,FALSE
"SH3PXD2A",-0.214136330174231,0.129579948287954,0.179690783072332,FALSE
"ZNF593",0.156660793350283,0.129571116790741,0.179690783072332,FALSE
"BRK1",-0.110107821162072,0.129614101827879,0.179719108359521,FALSE
"NOL4L",0.127033724248916,0.129632654925117,0.17972579882237,FALSE
"FAM222A",0.263958844833201,0.12966495899268,0.179751550522253,FALSE
"DSP",0.260276913915886,0.129693217328077,0.17977168885751,FALSE
"CD83",0.0336655330910942,0.129735331332436,0.179811026657235,FALSE
"REXO5",0.200946740707772,0.12986914863593,0.179977441933058,FALSE
"CEP72",0.12773953044748,0.130063161003359,0.180227233685011,FALSE
"HCAR2",0.318437056214865,0.130116156711324,0.180281587857408,FALSE
"SLC10A7",-0.12396501186304,0.130152730605309,0.180313179797324,FALSE
"SPDYC",0.217934831782827,0.130381901485332,0.180611560072582,FALSE
"DNM1L",-0.123945966607766,0.130692433891655,0.181003421613196,FALSE
"ZNF580",0.193627346969968,0.130686113245798,0.181003421613196,FALSE
"AIF1L",0.168038957510892,0.130742974650547,0.181054265297754,FALSE
"PTGFR",0.300899557284513,0.130801727039288,0.181116468577299,FALSE
"DENND1C",0.126985746677492,0.130841565077836,0.181152471446598,FALSE
"ZNF250",-0.0745659981699934,0.130992254306326,0.181341925915028,FALSE
"GRPEL1",-0.0918862368283745,0.131059962074581,0.181416475309834,FALSE
"KLF5",-0.420081477751619,0.131242042546252,0.181649309759545,FALSE
"FCRL5",-0.15847253010048,0.131261728832974,0.181657352418742,FALSE
"CHSY3",-0.247515987109989,0.131331852761754,0.181735188284207,FALSE
"SRBD1",-0.0707987586302889,0.131396081731434,0.181804851197203,FALSE
"ZNF816",0.113419763775604,0.131484592176568,0.18190809265303,FALSE
"FUT11",0.0343103308797736,0.131598601350605,0.182046585892024,FALSE
"SLC27A3",0.120169424667771,0.131623117383886,0.182061262840975,FALSE
"ZDHHC18",0.103990499031176,0.131670388230651,0.182107407850801,FALSE
"ENTREP3",0.11373666943561,0.131765840746463,0.182220173978314,FALSE
"KIF13B",0.13710388399554,0.131781958508011,0.182223215123245,FALSE
"ZNF83",0.0242150754818251,0.132185626546237,0.182762089211462,FALSE
"HCCS",0.0972449284914638,0.132305104022099,0.182907964293275,FALSE
"NAPSA",0.221585726327676,0.132366576075261,0.182973626225036,FALSE
"JCHAIN",-0.458127292632687,0.13246563407343,0.183091224798284,FALSE
"UBAC1",0.102072904769083,0.13249493522745,0.183112392272541,FALSE
"STK24",-0.0633102452295985,0.132545933940688,0.18316353885914,FALSE
"ELP6",0.0835475864222958,0.132673609132638,0.18332062171657,FALSE
"ROBO1",0.0560584254400275,0.132858935872267,0.183557322545348,FALSE
"ADAMTS17",0.186123382357468,0.1329470908476,0.183659735504567,FALSE
"KIDINS220",0.0211004761949231,0.133003245952776,0.183717925302146,FALSE
"ZNF165",-0.225582469024665,0.133265747089268,0.184061099366251,FALSE
"EXOC6B",0.124613821188433,0.133367269309068,0.184181887109105,FALSE
"ZNF780A",-0.0507025256353447,0.133419295011905,0.184234301265253,FALSE
"GOLPH3L",-0.00380045956028373,0.133495818946398,0.18432052959779,FALSE
"S1PR3",0.109568299758641,0.133683838975958,0.184560668551433,FALSE
"RACK1",0.127171042655728,0.133861106629549,0.184771195209041,FALSE
"STX12",-0.165945793710367,0.13386455748226,0.184771195209041,FALSE
"ZNF337",0.0877968857171616,0.133937348312277,0.184852178379119,FALSE
"NXF1",0.190925929806027,0.13417895005017,0.185166102461983,FALSE
"PLIN2",0.147567520760623,0.134334333647221,0.185360992423,FALSE
"NOL4",0.349083731768062,0.13445101617514,0.18550244533301,FALSE
"PIPOX",0.0905060175945041,0.134530202251313,0.185592139923518,FALSE
"CCNB2",0.280780178683003,0.134650225337601,0.185738146677891,FALSE
"TXNRD2",0.155551052069635,0.134674625639849,0.185752233341435,FALSE
"SLC8A1",-0.0389271339940174,0.134771326038065,0.185866027650937,FALSE
"CDCA7L",-0.158097611810439,0.134866230626391,0.185957734740464,FALSE
"TNFAIP8L1",0.0984764112830712,0.134859146894278,0.185957734740464,FALSE
"COX10",-0.071222438301877,0.134944552497512,0.186046133245307,FALSE
"UBE2G1",-0.0588936747242706,0.135047954817926,0.186169087551468,FALSE
"SP110",-0.111466523073473,0.135134921565358,0.186269361248017,FALSE
"CLIP1",0.00538690109702408,0.135358786681273,0.186558294055292,FALSE
"WAPL",-0.0608605087143593,0.135488222707065,0.186717032808515,FALSE
"LARP1",0.0875587650467893,0.13551637749823,0.186736176634757,FALSE
"KIF17",0.241485007290627,0.135739321833344,0.187023700425399,FALSE
"RBM41",0.0548711726410863,0.135771605743339,0.187048496516026,FALSE
"TNFSF8",0.127286009746257,0.135939899817674,0.187260644824598,FALSE
"ZNF268",-0.0469408935391306,0.135970433388237,0.18728299988625,FALSE
"NUP98",0.139369411862535,0.136019299946746,0.187330599085084,FALSE
"NAF1",-0.111965342536087,0.136073723645032,0.187385840955166,FALSE
"ANKLE2",0.0654408751086949,0.136860548842379,0.18844954832188,FALSE
"FARS2",0.101365890458026,0.136886659636367,0.188465679667611,FALSE
"ARSB",-0.157716857194484,0.137006901632304,0.188594356578543,FALSE
"RFPL1",-0.483553015991685,0.137008931058549,0.188594356578543,FALSE
"PREX2",-0.343661300045375,0.137037971832925,0.18861450034027,FALSE
"FN3K",0.264157241989649,0.137103717251295,0.188685153606008,FALSE
"TAGLN",0.214254357616711,0.137436049461739,0.189122636068224,FALSE
"SARDH",0.1545343911545,0.137609327814515,0.189341179164228,FALSE
"DCUN1D5",-0.126951473477237,0.137704121137878,0.189451697555391,FALSE
"MAPK6",-0.0834363757951003,0.137890890826338,0.189688719417718,FALSE
"RSU1",0.10617547434158,0.137952134599974,0.189753030697925,FALSE
"PNPT1",-0.0783815527846765,0.138087194405258,0.189918851681232,FALSE
"YWHAZ",-0.173526348101246,0.138159827643954,0.189998788184312,FALSE
"MRPL15",-0.0738802372578454,0.138175724286748,0.190000691351969,FALSE
"BRD1",0.0734186027378075,0.138325645019905,0.190186866687733,FALSE
"BMPER",-0.245898154592119,0.138386283477925,0.19025025971784,FALSE
"HINFP",0.113580608090664,0.138456684796258,0.190327059780828,FALSE
"FAM110A",0.151569697333586,0.138541401358878,0.190383544304654,FALSE
"NDST3",-0.313939789388213,0.138533264050303,0.190383544304654,FALSE
"PMEL",0.139020932485365,0.138537406036771,0.190383544304654,FALSE
"C6orf141",-0.18325753393877,0.138569066305891,0.190401575994618,FALSE
"MRPL20",-0.13663404524422,0.138705944298386,0.190569652928374,FALSE
"CDH2",-0.0894981087704599,0.138872985980088,0.190739103278568,FALSE
"HNRNPL",-0.0566626974182993,0.138855329563725,0.190739103278568,FALSE
"OTUD3",-0.169490675815752,0.138861053360818,0.190739103278568,FALSE
"TNFRSF11B",0.15412342810454,0.13902899820099,0.190933351982309,FALSE
"CBX7",0.108251138968136,0.139130681347819,0.191052955758931,FALSE
"ZBTB1",-0.114158863655113,0.139489824641046,0.191526039244947,FALSE
"ZNF395",-0.13080813748052,0.139526453429933,0.191556242481615,FALSE
"DAP",0.126030507995017,0.139546114960578,0.191563147432515,FALSE
"GIGYF2",0.129418769496085,0.13963307662434,0.191662428094555,FALSE
"ULK4",-0.103424803774535,0.139776060466416,0.191838576750846,FALSE
"CEP78",-0.117712696342161,0.139827001511191,0.191888375658754,FALSE
"WFDC1",0.132200852743929,0.13990322677403,0.191972858707222,FALSE
"P2RY13",0.142285659764787,0.140441836976478,0.192691734405371,FALSE
"HENMT1",0.0801457178130335,0.140547822039283,0.192816942904568,FALSE
"SLC38A9",-0.0679430957991121,0.140676504221849,0.192973259982445,FALSE
"GNLY",-0.419538293314298,0.14070612822095,0.192993675292686,FALSE
"ANP32A",-0.0570361461827211,0.140783616219632,0.193056564714158,FALSE
"GLRB",-0.289764680949665,0.140796217529085,0.193056564714158,FALSE
"YBX3",-0.230155696177572,0.140778029490931,0.193056564714158,FALSE
"RAP2A",0.0863181103838657,0.140885606044092,0.193138675845995,FALSE
"SYNPO2",-0.268066363664155,0.140885141717669,0.193138675845995,FALSE
"CTNNB1",0.156502160804722,0.140947579949081,0.193203404532862,FALSE
"CSTPP1",-0.101823038142521,0.141160669227597,0.193458216678109,FALSE
"ZNF516",0.118703158589485,0.141163026575464,0.193458216678109,FALSE
"POM121",0.0989741276999294,0.141223901308182,0.193521385380649,FALSE
"CEP83",-0.134215019185226,0.141293629948105,0.193596672242867,FALSE
"LPCAT1",0.115343719610459,0.141530998747214,0.193881326315635,FALSE
"TTI2",0.0757762369862399,0.141520346400693,0.193881326315635,FALSE
"LRBA",0.213344237231738,0.141678802876139,0.194063495213896,FALSE
"AOC2",0.174360840324921,0.141937884634538,0.194377697242194,FALSE
"QPCTL",0.13249420286946,0.141924887974415,0.194377697242194,FALSE
"NUP62",0.072005013833483,0.142285309231271,0.194833099932622,FALSE
"ABT1",-0.0765459161409281,0.142328421420084,0.194863980485182,FALSE
"SLC25A51",0.0715805255371443,0.142337629497387,0.194863980485182,FALSE
"IL4R",0.0927788035072725,0.142471368942392,0.194985904473531,FALSE
"PPP1R3E",-0.0688349181978601,0.142466862131672,0.194985904473531,FALSE
"RFFL",-0.120679273304499,0.142461510942585,0.194985904473531,FALSE
"CASP8AP2",-0.061934351007823,0.142583573909871,0.195119070725205,FALSE
"FBXO34",-0.0962199999451512,0.142669826870019,0.195196297772211,FALSE
"PPIA",-0.0951751227236042,0.142661596995426,0.195196297772211,FALSE
"SELENOI",-0.0649719846424352,0.142715226217694,0.19523800853104,FALSE
"QPCT",-0.315769156148096,0.142742967065909,0.195255555827697,FALSE
"ARMC5",0.195907369616061,0.142789871113339,0.195299309717492,FALSE
"CASP3",0.101807275228673,0.142808440553504,0.195304304160293,FALSE
"NUPR1",0.125167998393935,0.142937795968888,0.195460792231532,FALSE
"TMEM234",0.0496190605088336,0.143036848216401,0.195575813770144,FALSE
"BOC",0.024740259153892,0.143212436572877,0.195795448998758,FALSE
"FBXO36",0.137545352266843,0.143411782514781,0.196047515577269,FALSE
"GPS2",0.153726778852749,0.143555993471431,0.196208991781356,FALSE
"LNX2",-0.0634943753399987,0.143559878725451,0.196208991781356,FALSE
"FAM229B",-0.127875222346168,0.143616414878157,0.196265772816789,FALSE
"MDM1",-0.096742912912753,0.143645634813082,0.19628521563228,FALSE
"IGF1R",-0.202603465801722,0.143728632754678,0.196346139325942,FALSE
"KLHL31",-0.0153821919779732,0.143735212289935,0.196346139325942,FALSE
"NAA38",0.205549871572599,0.143707933498354,0.196346139325942,FALSE
"GTPBP8",-0.108011613500652,0.143792248403799,0.196397702992712,FALSE
"OLFML2B",0.210102944628084,0.143802962182107,0.196397702992712,FALSE
"INPP4B",-0.253214485771786,0.143966658820373,0.196600761163693,FALSE
"RIPPLY1",-0.204832039088162,0.144071106550715,0.196722875152478,FALSE
"C2orf49",-0.0387463763868211,0.144125907742125,0.196777180536021,FALSE
"ANKRD13A",0.0574525099830571,0.144242406721288,0.196874644369798,FALSE
"ANKZF1",0.18102539684055,0.14421885754419,0.196874644369798,FALSE
"FHL1",-0.234641505617775,0.144229695083564,0.196874644369798,FALSE
"AP4E1",-0.0836623362353075,0.144419973918517,0.197096455596917,FALSE
"ATF1",-0.0851920275112591,0.144497296586736,0.197137414933845,FALSE
"EIF2B1",-0.0638412505441796,0.144510217775749,0.197137414933845,FALSE
"IMPA2",-0.107625650353628,0.144503263611603,0.197137414933845,FALSE
"THRSP",0.223339198563161,0.144494765845512,0.197137414933845,FALSE
"GNPTAB",-0.0179621543991483,0.144587723811604,0.197222596388989,FALSE
"PACSIN3",-0.2498634539546,0.144647314090331,0.197283324937036,FALSE
"RBM12B",-0.0791655233770163,0.144853200904971,0.197543552734154,FALSE
"CNDP1",-0.112621392040485,0.144980272504662,0.197675664198192,FALSE
"DIO1",0.130727884708578,0.144973672994129,0.197675664198192,FALSE
"CYP4A22",0.176369060470216,0.145099180713902,0.197796592451729,FALSE
"MOB1A",-0.13120204992111,0.145085617180855,0.197796592451729,FALSE
"UBE2G2",-0.0526083928858909,0.145253685093898,0.197986595028559,FALSE
"XPR1",0.18168541770528,0.145336036339625,0.198078220670245,FALSE
"EHD3",0.247695466292619,0.145415548296764,0.198165957978686,FALSE
"NSMCE2",-0.0682718435648502,0.145471195280879,0.198221158265744,FALSE
"CHAC1",0.359673064090818,0.145657182962009,0.198441310990684,FALSE
"ZNF235",0.0992683567541903,0.145663076582682,0.198441310990684,FALSE
"MRPL23",-0.291939537423165,0.145727330344224,0.198508189456516,FALSE
"ARK2C",-0.171672938802096,0.145774932709694,0.198552374015325,FALSE
"FAM210B",-0.101074189664272,0.145866057034644,0.198655822188449,FALSE
"PIK3AP1",-0.202520779593698,0.14589847604916,0.198679306057375,FALSE
"DCTN4",-0.147642239049552,0.145954755618215,0.198735274108546,FALSE
"ZBTB3",-0.115454588144582,0.146055094040508,0.198851215804735,FALSE
"CPPED1",-0.0667424315930134,0.146199284285107,0.199026830597964,FALSE
"ACIN1",0.148395988726853,0.146393138390536,0.199261205162263,FALSE
"NAT14",0.164119083021554,0.146401889127391,0.199261205162263,FALSE
"DTX1",0.152254936534995,0.146613445476541,0.199507663255262,FALSE
"MATN2",-0.116885556703104,0.146610992071764,0.199507663255262,FALSE
"SEMA4F",0.160255697129059,0.146871180488426,0.199837611198761,FALSE
"PSMD4",0.0779122110976677,0.146950110838564,0.19992422852525,FALSE
"OGFRL1",-0.248109521115202,0.147047915212304,0.200036503112997,FALSE
"PDE2A",0.117088296749452,0.147183402187349,0.200200010538885,FALSE
"HMGN1",-0.125928846220463,0.147202917682632,0.200205755069709,FALSE
"ACY3",0.194340722077954,0.147254853818244,0.200255588053231,FALSE
"UTP11",-0.0819154252788786,0.147306563784716,0.200305103143903,FALSE
"DXO",0.0624699103312024,0.147501051468341,0.200548734637399,FALSE
"FGGY",-0.0120223169154492,0.148085039965341,0.201321842494937,FALSE
"PLXNA2",0.123622009481382,0.148171327129161,0.201418234324055,FALSE
"STPG1",0.181320082042935,0.148344565471388,0.201632791855421,FALSE
"RDX",-0.0120529719752414,0.148364002368375,0.201638276653874,FALSE
"LIMA1",0.0857811272844164,0.148496888756007,0.201797931035255,FALSE
"NR2F6",0.15298572211418,0.148579084351581,0.201888673827804,FALSE
"ATP5PB",-0.0838643845180879,0.148702036632385,0.202034772062182,FALSE
"XYLB",-0.0735569918506483,0.148840021185041,0.202201261528956,FALSE
"MKRN1",-0.0605382441369165,0.148923436186763,0.202293590636761,FALSE
"GALE",0.125830449119189,0.149036220956077,0.202425791550676,FALSE
"CYP26B1",0.288993375892932,0.149139225200913,0.202544682191945,FALSE
"KDM5A",0.1840003167584,0.149454988639052,0.202952464605587,FALSE
"RBFOX2",-0.0365108632176104,0.14948286401189,0.202969265260699,FALSE
"PDE4D",-0.3551613664577,0.149607887695717,0.203117957659683,FALSE
"TGFBR1",-0.148832613447214,0.149673649248571,0.203186169220478,FALSE
"PDZK1",0.0950092439439568,0.149695507268549,0.203194772541197,FALSE
"LAPTM4B",0.180736240497302,0.149764884776563,0.203267869738209,FALSE
"HIPK1",0.147617127257075,0.149886619803788,0.203412006475711,FALSE
"PLA2G2A",-0.702366237539518,0.149971829671975,0.20350654996533,FALSE
"ARHGAP20",-0.0786664374163979,0.150025619589029,0.203558442497624,FALSE
"NASP",-0.105817008029827,0.150070056960294,0.203597635826338,FALSE
"LAG3",0.158045123146783,0.150240077620478,0.203807180210061,FALSE
"FCER1A",-0.334926138124692,0.150372587091032,0.203965800890571,FALSE
"ERCC3",0.103316793890449,0.150497179251346,0.204092507847381,FALSE
"TRIM2",-0.160422168263344,0.150490469722633,0.204092507847381,FALSE
"SH2D1A",-0.306749974926056,0.150569824348844,0.20416987471518,FALSE
"P2RY6",0.201831577852664,0.150775750956169,0.204427934084317,FALSE
"MT-CO3",-0.209445585180572,0.150989620930137,0.204696708834768,FALSE
"EPN2",-0.0938276062801832,0.151058742330348,0.204769212527327,FALSE
"BACE1",0.0917073206484004,0.151287280486339,0.205057777836955,FALSE
"POLR1H",-0.182353275304352,0.151311535729149,0.205069422957145,FALSE
"DENND4C",-0.027061124381194,0.151597263383715,0.205435397186585,FALSE
"MYO15A",0.229386886478872,0.151949988629688,0.205892077327663,FALSE
"ARID1A",0.143001668664781,0.151980487226448,0.205912091355547,FALSE
"MXD1",0.100059352021927,0.152022700239845,0.205947970978895,FALSE
"CAPZA2",-0.183410441670337,0.152250585483804,0.20623535076606,FALSE
"RPS10",-0.287236601443083,0.152531766847131,0.206594857393197,FALSE
"RFPL4A",-0.17878043233227,0.152590663146497,0.20665324939629,FALSE
"EFCAB12",-0.0630909907401431,0.152722299419979,0.206810130741246,FALSE
"SPACA9",0.0618407950965984,0.152862258941107,0.206978249462919,FALSE
"VAMP8",-0.160781602686918,0.152907774920334,0.207018468382318,FALSE
"TUBGCP4",0.0935952031952296,0.153111039665134,0.207272229479467,FALSE
"EPHA2",0.199610480250645,0.153157747804157,0.207314023392475,FALSE
"SAMD12",-0.187772144563876,0.153237152044998,0.207400061467292,FALSE
"ADCYAP1R1",-0.688533505312865,0.153486309564833,0.207715811951912,FALSE
"MOGAT3",0.204269232976444,0.153782793125322,0.208095537736094,FALSE
"S100A6",0.0517701922724661,0.154010475855944,0.208382094864202,FALSE
"DLG2",-0.0759832377260423,0.154069200841335,0.208440010066628,FALSE
"BUD13",0.0847657804537571,0.154100363749809,0.208460628457584,FALSE
"FAM180A",0.0863262444110628,0.154171629604552,0.208535486598078,FALSE
"PTCD2",0.00857658209729804,0.154264306745287,0.208623782953146,FALSE
"SELENOS",-0.114591140020642,0.154268778091155,0.208623782953146,FALSE
"GZMA",0.0628089584170995,0.154399782653019,0.208763975899898,FALSE
"TP63",0.24769061671359,0.154404336895716,0.208763975899898,FALSE
"ZNF790",-0.105613809317606,0.154477173275144,0.208840887290189,FALSE
"CRLF3",-0.169017020152499,0.154677623334841,0.209090288559602,FALSE
"CPAP",-0.107840007403405,0.154784074491369,0.209212585509085,FALSE
"NT5DC1",-0.0352762351749862,0.154974257488485,0.209448020959971,FALSE
"TAMM41",-0.125716397355595,0.155192364204025,0.209721142873565,FALSE
"ARL10",-0.155318776721459,0.155464267609709,0.210066899736434,FALSE
"PPP2R2D",0.11391966321272,0.155508566839223,0.21008339253525,FALSE
"TLE3",0.0454941413495909,0.155504573341405,0.21008339253525,FALSE
"UCP2",0.0521210390442994,0.155557399401724,0.210127679835675,FALSE
"UPP1",0.0535253093736746,0.155580356540365,0.210137008957646,FALSE
"PRPF3",-0.0635106897139201,0.155667530014347,0.210233061991729,FALSE
"CLCN5",0.0159668802023293,0.1559306122891,0.210566640132945,FALSE
"FBXO42",0.0626885143136702,0.156163126082776,0.210858874450876,FALSE
"GPRASP3",0.156271942896417,0.15624094556133,0.210942194419813,FALSE
"C2CD2",0.0720633427707355,0.156339462985943,0.211053438792737,FALSE
"CAB39L",-0.116475052322127,0.156402840953071,0.211117227936654,FALSE
"GYPC",0.0974986047448355,0.156636474868937,0.211410796802487,FALSE
"CLK2",0.0327812396418848,0.156754008120141,0.211525816770654,FALSE
"STARD3NL",-0.138561357094815,0.156741325242503,0.211525816770654,FALSE
"TCF7L1",-0.222324517443691,0.15680381648521,0.211571221830812,FALSE
"FCSK",0.119653332040757,0.156943228498477,0.211737504895101,FALSE
"ACTA2",-0.314572840159131,0.157032644269859,0.211836308993405,FALSE
"FBXO8",-0.132351998530805,0.157215016264825,0.212060477327332,FALSE
"CRAMP1",0.100172264054675,0.157257721220617,0.212096228105524,FALSE
"ADGRG2",0.0571547209631971,0.157492541824164,0.212391054549027,FALSE
"TIMM17B",0.0534380373523335,0.157702422013484,0.212652189617935,FALSE
"BNIPL",-0.157294155650952,0.157906097367795,0.212882980819604,FALSE
"FSAF1",-0.0364679770517743,0.157890245244388,0.212882980819604,FALSE
"DDX3X",-0.0957961561179483,0.157946086936385,0.212914968098347,FALSE
"SCN7A",-0.573543002673599,0.158025710494213,0.213000370821603,FALSE
"ZNF880",0.0668073233734581,0.158084302334474,0.21305741055826,FALSE
"DONSON",-0.0748425923753594,0.158486445683407,0.213577410899348,FALSE
"SETD2",-0.0625728057473912,0.158538952293807,0.213626179850816,FALSE
"ZFYVE9",0.233314321049192,0.15858123710721,0.213661166636574,FALSE
"SGK1",-0.144843459599751,0.15909251643619,0.214327971309179,FALSE
"EFCAB6",-0.0508906858299015,0.159198986961595,0.214449340189443,FALSE
"SETD1B",0.046192802186906,0.159314500753905,0.214582864595692,FALSE
"ZNF70",0.161372444961501,0.159464600892077,0.214762941557357,FALSE
"CD1D",-0.124678334450829,0.15954186818845,0.214844902111005,FALSE
"SRGAP1",0.198456692114117,0.159669902092773,0.214995202941333,FALSE
"ASAH1",0.0755204632728768,0.159746364912183,0.215076039637011,FALSE
"CREB5",-0.264576544343274,0.160084197628687,0.215490922657812,FALSE
"HOMER2",-0.0907351195577568,0.160087436126633,0.215490922657812,FALSE
"CACNA1C",0.193561560631315,0.160250155373588,0.215682416054151,FALSE
"TP53",0.111944078346357,0.160262644620744,0.215682416054151,FALSE
"ARGLU1",-0.191428203236499,0.160525291375581,0.216013682258106,FALSE
"KANK3",0.1960497154835,0.160745844885012,0.216288242675702,FALSE
"SLC45A2",-0.18323718596575,0.160779386243612,0.216311142195188,FALSE
"HK2",0.211392502895426,0.160873716987712,0.216415814098143,FALSE
"YTHDF1",-0.105854757064078,0.160958273734719,0.216507317346649,FALSE
"WNT2",0.227764790426654,0.161115018339795,0.216695892757818,FALSE
"NR1I2",0.172447554617178,0.16135710661643,0.216999202857966,FALSE
"EPHB1",-0.225586927168991,0.161565466978454,0.217257096721643,FALSE
"BRWD3",-0.0712951484412277,0.162391443216337,0.218322938446116,FALSE
"POP1",0.118685914619394,0.162382169810236,0.218322938446116,FALSE
"MOB3B",-0.211897864946734,0.162481178430035,0.21842115083746,FALSE
"TRIM36",-0.306703620510149,0.162530093947965,0.218464475355931,FALSE
"TAL1",-0.188522439940171,0.162555446678398,0.218476122360496,FALSE
"CYP46A1",-0.0695081746010429,0.162813741656781,0.218800811514122,FALSE
"OSBPL10",-0.203647591220462,0.162905982277684,0.218902301137169,FALSE
"ANKS1A",0.063913755554078,0.163091307659033,0.219061393236079,FALSE
"MFSD2A",0.191682881547766,0.163083975347099,0.219061393236079,FALSE
"SH3YL1",-0.239117990257975,0.163067843805045,0.219061393236079,FALSE
"TTC13",-0.0807861820939219,0.163069199994655,0.219061393236079,FALSE
"DCAF12",0.0776261135450245,0.163112743511967,0.219067710100398,FALSE
"GK5",-0.0953509167702692,0.163133242217503,0.219072767167048,FALSE
"AGAP6",0.0201191578123401,0.163162772339412,0.219087840679601,FALSE
"ARHGEF9",0.121157847852204,0.163177935721569,0.219087840679601,FALSE
"SLC39A9",-0.0393485073104158,0.163430714692782,0.219404728953845,FALSE
"CDC42",-0.0911047777250496,0.163507636524138,0.219462987223089,FALSE
"CUL2",-0.0357149191832253,0.163503949771968,0.219462987223089,FALSE
"HEMK2",0.139961383841553,0.163934410130088,0.220013254476997,FALSE
"CNTN1",-0.336899441639921,0.164104016611892,0.220213941964024,FALSE
"RAD52",-0.141045953780781,0.16411758568156,0.220213941964024,FALSE
"MRTFB",0.161045833256473,0.164316676666624,0.220458488513982,FALSE
"MS4A4A",0.109494667598396,0.164480880879671,0.220633575048837,FALSE
"PALMD",-0.0439301610038655,0.164480317444123,0.220633575048837,FALSE
"FBXO30",-0.189542458760083,0.164564463254918,0.220723076829566,FALSE
"OTC",0.175880810448215,0.164706304893682,0.2208906928568,FALSE
"GFM1",0.0487484839081623,0.165030025115394,0.221302170317601,FALSE
"CDC73",-0.129720442318472,0.165079758283934,0.221323522319843,FALSE
"KBTBD4",0.0956630400349419,0.165067404440545,0.221323522319843,FALSE
"CNOT10",-0.0650470773317815,0.165177819866302,0.221432318010406,FALSE
"GSTM2",-0.177523376356519,0.165196125945274,0.221434184588464,FALSE
"MLYCD",0.144460433612599,0.165242312345617,0.221473418635219,FALSE
"AP3B1",-0.0141184962297541,0.165324638389606,0.22156107746921,FALSE
"STAC3",0.186341867808313,0.165656189625798,0.221982685218111,FALSE
"TRAK1",-0.109316646942596,0.165902274268525,0.22228969140554,FALSE
"EWSR1",0.153993735671824,0.165942482946859,0.222320813215337,FALSE
"BMP2",-0.240147827705266,0.166188371077054,0.222627458727187,FALSE
"ZNF785",0.109090366922815,0.166238524131185,0.222671859824583,FALSE
"ZNF793",0.123081265146368,0.166287403776594,0.222714546316437,FALSE
"ZFY",0.565531379925967,0.166344286132507,0.222767941289564,FALSE
"RFWD3",0.0878920023131364,0.16641553192598,0.222840558860073,FALSE
"ZNF772",-0.0618376201769678,0.166464412948069,0.222883216845584,FALSE
"RIC1",0.00952501282290337,0.167106584690729,0.22372015612752,FALSE
"GRB7",0.167797800434173,0.167149531683585,0.223732750984362,FALSE
"HGD",-0.0773050212709333,0.167154486720886,0.223732750984362,FALSE
"SERTAD3",0.171975415141995,0.167167260168731,0.223732750984362,FALSE
"SAP30L",0.124834383479211,0.167260629399918,0.223811954221559,FALSE
"ZNF7",0.0577861666837248,0.167252225162504,0.223811954221559,FALSE
"IHH",0.278522206837388,0.167305365760862,0.223848936999613,FALSE
"TRIM10",0.16764764340077,0.167452191175394,0.224022489972232,FALSE
"ABLIM3",0.126918151521949,0.167602533905134,0.224200712566263,FALSE
"AVPI1",-0.134577062164277,0.167762487198861,0.224391753413107,FALSE
"XPO4",-0.0518109709760793,0.168090152072653,0.224807055974581,FALSE
"MSI2",0.0977013901709791,0.168144226664136,0.224856406076289,FALSE
"GALT",0.110282510629913,0.168326615057974,0.225077320430906,FALSE
"HACD2",-0.000815886482475157,0.168474841556619,0.225252514875333,FALSE
"ARG1",-0.064126489442219,0.168555641827356,0.225337533217986,FALSE
"ELOVL2",0.249157328623253,0.168762080261866,0.225567448166243,FALSE
"SEMA4G",0.160702204437672,0.168753821610567,0.225567448166243,FALSE
"CLCN6",0.132036306833028,0.169180896778583,0.226104154820866,FALSE
"FTL",0.118598172641783,0.169687731041682,0.226735240298811,FALSE
"PTH2R",-0.310307270902855,0.16968773941703,0.226735240298811,FALSE
"JPT2",-0.0977576459360098,0.169777755769384,0.22683236845931,FALSE
"LRRC8B",-0.157887388187618,0.169832209916086,0.226881968594021,FALSE
"WASHC1",0.268743794755349,0.170113316281994,0.227234316576254,FALSE
"AFAP1L2",-0.166053176055789,0.170290057602816,0.227425615526254,FALSE
"TCF21",-0.174091739741522,0.170291270165281,0.227425615526254,FALSE
"WDR83OS",-0.159699177958619,0.170381574255234,0.227523007971187,FALSE
"DNAJA4",-0.17868087969848,0.170484098139404,0.227636696873134,FALSE
"DCAF11",0.104626997534841,0.170848916470374,0.228100552154818,FALSE
"MTRR",-0.060414391316898,0.171231254731956,0.22858770133076,FALSE
"RBMXL1",-0.104622842122257,0.171540682931197,0.228977428725045,FALSE
"RASSF9",0.148758310142057,0.171562575867377,0.228983305459853,FALSE
"SMARCA5",-0.0980392164979057,0.171646284590752,0.229071677661787,FALSE
"ZNF441",-0.0130261772783812,0.171834413578951,0.229299372395845,FALSE
"ECPAS",0.0882719684043713,0.171897832451434,0.229360621937849,FALSE
"FAM199X",-0.192827614192263,0.172080610680543,0.22958110211247,FALSE
"ARFGAP2",0.0958766528997467,0.172130560618794,0.229624342737034,FALSE
"CAPZB",0.0665821690434347,0.172338307690273,0.229878056472853,FALSE
"HBP1",-0.105941893828561,0.172366612008108,0.229892388387342,FALSE
"PEX1",-0.0532681879487646,0.172409950295334,0.229926766758329,FALSE
"WIPI1",0.112934324417183,0.172957769044474,0.230633847253031,FALSE
"SLC25A33",0.069850547051915,0.172998707044618,0.230664942726158,FALSE
"RBP1",0.0453292641415419,0.173107328239551,0.23078626693607,FALSE
"RGL1",0.0343999425961716,0.173219348902461,0.230912098139805,FALSE
"EIF1AY",0.47275706357654,0.173808015032318,0.231673236897078,FALSE
"VOPP1",0.0482572914759338,0.173913426650624,0.231790143714748,FALSE
"TBC1D9",-0.1477764084783,0.173981215608589,0.23185688871617,FALSE
"PYCR1",0.232003464644519,0.174128897016339,0.232030078344825,FALSE
"ABCE1",-0.136014845873713,0.174292835168262,0.232106784459656,FALSE
"MAPK13",0.192864237245259,0.174265774312052,0.232106784459656,FALSE
"MDC1",0.194061432296351,0.174279537831604,0.232106784459656,FALSE
"ORAI2",0.100042309417132,0.174252572615011,0.232106784459656,FALSE
"SIRPG",0.244346084194003,0.174263442691914,0.232106784459656,FALSE
"SPEN",0.0263092930304292,0.174223954895979,0.232106784459656,FALSE
"TIMM8A",-0.0744189560424467,0.174411546430711,0.232241249580032,FALSE
"DNAJC22",0.147588479566438,0.174496139524655,0.232330261228189,FALSE
"FBXO41",0.1942102650773,0.174582631282643,0.232421782464141,FALSE
"ADAMTS9",0.143019345678158,0.174669725735953,0.2325140873752,FALSE
"DNAJC28",-0.0812032551106765,0.1747410487369,0.232585381258998,FALSE
"RCCD1",-0.140751096030539,0.174877734502878,0.232743651531125,FALSE
"ZNF671",0.113934052691424,0.17501440289102,0.23290186650226,FALSE
"GATB",0.077728030065303,0.175032724926247,0.232902574929813,FALSE
"MME",-0.0656387699277856,0.175225991904561,0.233112355046694,FALSE
"YIPF1",-0.0567782453979023,0.175212479780232,0.233112355046694,FALSE
"ANKRD55",-0.214393805957944,0.175544072462975,0.233488062245785,FALSE
"FOSL2",-0.0741637861384442,0.175532041258057,0.233488062245785,FALSE
"PAX8",0.275168690210042,0.175574098804086,0.233504276873537,FALSE
"PLA2G4A",0.127021495797789,0.176018378894437,0.234071367850276,FALSE
"NAIP",0.278623869220893,0.176041417178478,0.234078228082534,FALSE
"ZNF141",-0.0043452930436669,0.17606630757212,0.234087549378917,FALSE
"PHYHIP",-0.27060257600919,0.17636392689315,0.234459436523672,FALSE
"CFAP20DC",-0.151036564483451,0.176477600749206,0.234586734593219,FALSE
"ATP5MC1",-0.131474091352228,0.176927923991591,0.235161459989635,FALSE
"CD36",0.156350630265004,0.176991704556945,0.235222352660595,FALSE
"TANC2",0.144720653597326,0.177230247129972,0.235515468476004,FALSE
"CXCL12",0.0360658266077493,0.177276900531498,0.235553555440818,FALSE
"GABBR1",0.0997598688960312,0.177440654749182,0.235747214529764,FALSE
"PDGFD",0.0403598955584351,0.177613815965881,0.235953331164415,FALSE
"ORC5",-0.00196932592475535,0.177933575374847,0.236354136445566,FALSE
"CPM",0.149017328079918,0.177980615415844,0.23636865662652,FALSE
"SGF29",0.133724717237225,0.177968072444984,0.23636865662652,FALSE
"MT-ND1",0.021239296831919,0.178170496697765,0.236595369764275,FALSE
"TFDP1",-0.0632388486627435,0.17818746913197,0.236595369764275,FALSE
"DDX17",-0.0594240674364063,0.178280488852341,0.236670874067618,FALSE
"GSTO2",0.182133187294567,0.178275134633129,0.236670874067618,FALSE
"NAV2",0.0693817797214416,0.178426824085805,0.236841121457098,FALSE
"FAM83H",0.128040466392581,0.17848538503452,0.23689483585482,FALSE
"POPDC2",-0.235386857325984,0.178551849736665,0.236959028560813,FALSE
"APP",0.0947936371014102,0.178749392306747,0.237197146166625,FALSE
"PCSK5",0.0592616589980788,0.179106165489979,0.237646490178859,FALSE
"PARP12",0.106863259529781,0.179239312579761,0.237799055562852,FALSE
"SUMO3",-0.0653955932107125,0.179374918161499,0.237954851410513,FALSE
"SUCNR1",-0.174739919729176,0.179982750135246,0.238736997443834,FALSE
"HPGDS",-0.531648127635394,0.180011129162435,0.238750451118893,FALSE
"BRD9",0.102892202995074,0.180254338191887,0.239048804255286,FALSE
"DDX21",0.140239117736786,0.180466621399392,0.239306088054375,FALSE
"CPAMD8",0.225904968484539,0.180653908172067,0.239530176806634,FALSE
"LOC124900276",0.185444896551078,0.180898084032329,0.239829642141899,FALSE
"L3MBTL4",-0.0290973419411433,0.18119837221546,0.240203431454516,FALSE
"GPR82",-0.398943144728538,0.181515170924483,0.240599029841383,FALSE
"CEP192",-0.0811090986325056,0.181586285421828,0.240668925768635,FALSE
"SORT1",0.137684094449916,0.181932215404288,0.241103002740453,FALSE
"PIGV",-0.0760645161265334,0.181992559585158,0.241158561749887,FALSE
"FBXO24",-0.0706739393668831,0.18202965125341,0.241183300699286,FALSE
"ZNF500",0.177816199852035,0.182133858741032,0.241296951896133,FALSE
"EMC6",-0.146943338131685,0.182179569101174,0.241333089008659,FALSE
"CHSY1",-0.057093037302178,0.18223090784536,0.241373455298019,FALSE
"MAT2A",0.159960367466661,0.182246914575383,0.241373455298019,FALSE
"ZNF783",0.0597332893378053,0.182669945011155,0.241909257544613,FALSE
"METTL1",0.0644403936041032,0.182796733199026,0.242052678369743,FALSE
"DAPK1",-0.111150967303116,0.182837061274145,0.242081594478267,FALSE
"PROM1",0.244005450408721,0.182862466211097,0.242090748067113,FALSE
"LRRC61",0.248687138327856,0.183021407438224,0.242269667706547,FALSE
"ZRSR2",-0.203451381177731,0.183034622921285,0.242269667706547,FALSE
"DCLK2",-0.237598817773988,0.183109544263428,0.242344334158592,FALSE
"ATF3",-0.00444043956740277,0.183276231023527,0.242540424194887,FALSE
"NAA60",0.525135423973038,0.183570516607355,0.242905316699362,FALSE
"AP3S2",0.0956768034584722,0.183769513626011,0.243085659502849,FALSE
"EHHADH",-0.0971765932705556,0.183799644318568,0.243085659502849,FALSE
"GLIPR1",0.0698138679830672,0.18378713107303,0.243085659502849,FALSE
"STYXL1",-0.0990992826733573,0.183788599682967,0.243085659502849,FALSE
"USP9X",-0.0373548495162838,0.183792401405506,0.243085659502849,FALSE
"BUD31",-0.0615735195337495,0.184212736674071,0.243607388741105,FALSE
"MGME1",-0.0690136916073889,0.184429961129775,0.243870018292194,FALSE
"DIP2A",-0.0109758157034065,0.184453071473451,0.243875945438337,FALSE
"SSC4D",0.220771422784962,0.184578370548901,0.244016967305485,FALSE
"UGDH",-0.0138985375753219,0.18479163931815,0.244274246966198,FALSE
"ARPP19",-0.146166001286742,0.185039737096872,0.244560913517231,FALSE
"GIMAP7",-0.00799519532240971,0.185045860777703,0.244560913517231,FALSE
"SLC6A13",-0.177621104024952,0.185277449854192,0.244842270464427,FALSE
"ACSL6",-0.14378593628242,0.185308566027279,0.244858674447834,FALSE
"NEBL",-0.139701404076375,0.185403385141544,0.244959240919678,FALSE
"CD3D",0.119940634449018,0.185783613517352,0.245436838362177,FALSE
"EBF4",0.149019665698833,0.185850361623134,0.245491309280215,FALSE
"SYNE1",-0.0645685947062508,0.185862347814352,0.245491309280215,FALSE
"MRPL36",-0.0938772226148724,0.185910957016586,0.245530742384863,FALSE
"COMMD7",-0.0880741867357984,0.185996869628482,0.245619428805335,FALSE
"NRL",-0.126650184232894,0.186198057771766,0.24586030986868,FALSE
"MBOAT2",-0.187261237606311,0.186233872693436,0.245864639494916,FALSE
"MN1",-0.250175463713877,0.186238896262686,0.245864639494916,FALSE
"RHOQ",0.00753570712121408,0.186625746848012,0.246350501888907,FALSE
"SNF8",0.0791069435387748,0.186821718919609,0.246584327461994,FALSE
"RAF1",-0.0365248078212528,0.186989936583731,0.246781476789739,FALSE
"STARD8",0.165425209340493,0.187167855794786,0.246977200957949,FALSE
"ZNF485",-0.073783852424455,0.187175969134186,0.246977200957949,FALSE
"PLAU",0.21682557141313,0.187197695475537,0.246980976435123,FALSE
"PSMB6",0.0881070392812596,0.187458670030286,0.24730037364334,FALSE
"GASK1B",0.0645598571747995,0.187553351002974,0.247389092337591,FALSE
"PIP5K1A",-0.0726972112025696,0.187563712995947,0.247389092337591,FALSE
"STK17A",0.115475857710401,0.187596778183268,0.247407778782648,FALSE
"ZNF649",0.145466387431311,0.187654956656543,0.247459578217914,FALSE
"TRIM27",0.0930045699653074,0.187797142930251,0.247622136694818,FALSE
"DNALI1",0.109326610261313,0.18807237020776,0.247960067548842,FALSE
"WDR27",-0.130016116105025,0.18811173439155,0.247986992916541,FALSE
"PIGZ",0.121804834185253,0.188227647946116,0.248091515147186,FALSE
"STAB1",0.061519763275098,0.18822891994783,0.248091515147186,FALSE
"ALMS1",0.139015192411772,0.188294882864962,0.248153473572385,FALSE
"CYP2E1",-0.119872628978501,0.188781778109585,0.248770109613556,FALSE
"RNGTT",-0.0687383016620285,0.188951440790917,0.248956913748289,FALSE
"SCNN1A",0.170468624449233,0.188961568279617,0.248956913748289,FALSE
"ZNF253",-0.0619340334889342,0.189075330300694,0.249081729150401,FALSE
"YDJC",0.178676513739636,0.189298695519619,0.249350892619263,FALSE
"AVL9",-0.0596301202508114,0.189470654989423,0.249552295283856,FALSE
"CCRL2",0.133513295373455,0.18980045827288,0.249936391038879,FALSE
"SGIP1",0.131782933172875,0.189798003442157,0.249936391038879,FALSE
"PRICKLE2",0.0478861483314831,0.190221806173942,0.250466045099994,FALSE
"COPB2",0.128472462905348,0.190313881957696,0.250562081917755,FALSE
"RAB27B",-0.253806265764137,0.190347807010851,0.250581547449578,FALSE
"ECRG4",-0.374716860187355,0.190413799687736,0.250643219938854,FALSE
"NRXN2",-0.505450778297719,0.190471784906803,0.250694340806259,FALSE
"ZNF616",-0.0368224621501946,0.190779227484261,0.25107374811258,FALSE
"DDX6",-0.00349838731159361,0.190850021715087,0.251135265316332,FALSE
"RPP21",0.134975563022633,0.19086433622804,0.251135265316332,FALSE
"PIK3CB",-0.089642374361575,0.190898346124737,0.251154773134866,FALSE
"ZSCAN5A",0.108749406466679,0.190984935152306,0.251243445640474,FALSE
"HCFC1R1",0.0366606500129109,0.191483487368784,0.251873989413456,FALSE
"SLC23A2",-0.0995391510686782,0.191665597735987,0.252088206304958,FALSE
"RPS12",-0.147182151788277,0.192766772073757,0.253511057758877,FALSE
"PAK4",0.169792717276176,0.192818210830807,0.253553235857465,FALSE
"DDTL",-0.130318863509942,0.193379854224043,0.254266250025226,FALSE
"TAF13",-0.163867850787913,0.193625607562949,0.254563813437851,FALSE
"CCDC146",0.110836863713176,0.193747321938224,0.254698256734133,FALSE
"PRTFDC1",-0.255516826109096,0.194060954260956,0.255072236308067,FALSE
"SMC1A",0.12229583839799,0.194070771911446,0.255072236308067,FALSE
"RAD1",-0.0861286526355084,0.194114461023579,0.255104047753533,FALSE
"B4GALT3",0.088766067780219,0.194139870009808,0.255111831593738,FALSE
"ARSF",0.301419546521298,0.194235347087465,0.255211678449327,FALSE
"DNAH11",-0.0418675216749441,0.194374096908827,0.255315433914877,FALSE
"FGD6",0.139969010751425,0.194380314300272,0.255315433914877,FALSE
"IARS1",0.145023934523922,0.19437836616299,0.255315433914877,FALSE
"POGLUT1",-0.135967976002633,0.194392319375458,0.255315433914877,FALSE
"A2M",0.345368028905704,0.194443710211725,0.255357313079738,FALSE
"FRK",0.00506773673817026,0.19492683327054,0.255966108443121,FALSE
"DDO",-0.0854004325912083,0.195155604072237,0.256240815215498,FALSE
"CARD16",0.0162517638190418,0.195259081759102,0.25635097256219,FALSE
"NAB2",0.12808615944746,0.195577607795027,0.256743411335856,FALSE
"NID1",-0.143084024997157,0.195613749205857,0.256765109745646,FALSE
"FABP3",-0.362116102008422,0.195751538530621,0.256920214781242,FALSE
"RIOX2",0.0720051867121239,0.196155770711467,0.257424954907229,FALSE
"PLEK2",-0.215059756183216,0.196359025524204,0.257665867712026,FALSE
"LANCL1",-0.0247232299250488,0.196463554541905,0.257777195436222,FALSE
"PIK3CD",0.0848495927731907,0.196755507681049,0.25813439288108,FALSE
"MPV17",0.00156975664243311,0.196813070596571,0.25816707769242,FALSE
"SHD",0.229879600787548,0.196819859643144,0.25816707769242,FALSE
"BTG2",0.163103151579647,0.196917661919747,0.258269488063848,FALSE
"EIF4A1",0.0694349177643687,0.196978914624698,0.258272203331652,FALSE
"GZMB",-0.314380605643727,0.196977588342737,0.258272203331652,FALSE
"SRF",0.154156339321731,0.196941578316014,0.258272203331652,FALSE
"HSD17B10",0.11833415493529,0.197041884987926,0.258277168428307,FALSE
"TNC",0.177916733036032,0.19704025943263,0.258277168428307,FALSE
"WNT5B",0.158326863615608,0.197029866206631,0.258277168428307,FALSE
"CEP104",0.142354319513504,0.197103198897542,0.258305813810472,FALSE
"NDUFAF5",-0.0568529842428503,0.19709420102419,0.258305813810472,FALSE
"SLC40A1",0.124696956529175,0.197179525045119,0.25837997616762,FALSE
"TMCC1",0.0853123778454632,0.197229018552543,0.258418966261998,FALSE
"PRKAR2A",-0.0388335486354438,0.197516543839322,0.258769798053078,FALSE
"EPHA4",0.223168777753501,0.197542373569268,0.258777742122159,FALSE
"STRAP",-0.0738818769004502,0.197836360144631,0.259127661516011,FALSE
"SVIL",0.125148155519276,0.197849076116258,0.259127661516011,FALSE
"DGKA",0.0850199698845932,0.197887522311976,0.25915208983779,FALSE
"IER3",0.348334044243715,0.198021191529262,0.259301204190948,FALSE
"NPHP1",-0.206513583566806,0.198131781562684,0.259420070428908,FALSE
"CD300LG",-0.410845916384663,0.198305362548314,0.259621380648253,FALSE
"PRADC1",0.106054599676738,0.198379464236228,0.259692425335536,FALSE
"ARHGAP32",-0.00920060928954945,0.198443991602426,0.259750923621172,FALSE
"GID8",0.0653272911209724,0.198469631181684,0.259758513588984,FALSE
"FYB1",-0.0295909242971249,0.198664978010903,0.259962208107821,FALSE
"PRELID1",0.0809423479004091,0.198663732272542,0.259962208107821,FALSE
"SCLT1",-0.107745302746181,0.198802111888071,0.260115655490568,FALSE
"HSPA14",-0.0524360354835679,0.198829393023412,0.260125353598731,FALSE
"SH2D1B",-0.255660064590898,0.199225304939066,0.260617275405901,FALSE
"IGFBP2",-0.416228088328596,0.199320762508154,0.260690052223451,FALSE
"YBEY",-0.0776821524249041,0.199308374344595,0.260690052223451,FALSE
"PTPRO",0.196426472449149,0.199354298785111,0.260707869313222,FALSE
"NRDC",-0.038948530462656,0.199384895602392,0.260721839115713,FALSE
"MEF2C",-0.299533425230204,0.200008959601414,0.261511764616171,FALSE
"NMUR1",0.191060485525726,0.200123059643303,0.261634820935702,FALSE
"ELF1",0.133181278143085,0.200619902485759,0.26225818905078,FALSE
"NPR1",0.0968623132002115,0.200776110722207,0.262436186259498,FALSE
"MID1",0.071654393747192,0.200933587978221,0.26261580651002,FALSE
"SCAF8",-0.0738460779387058,0.200988031816602,0.262660741918841,FALSE
"CNTRL",-0.095932583985342,0.201156659254948,0.26285487403591,FALSE
"FASTKD5",0.154293122584579,0.201496602204227,0.263272805993787,FALSE
"RUNX3",0.108401748182617,0.201957327053963,0.2638484508323,FALSE
"PEA15",0.0995513893940468,0.20198352139404,0.263856342256113,FALSE
"CSGALNACT1",-0.283721988677196,0.202006793075537,0.263860414541048,FALSE
"BNC2",-0.313844774719451,0.202667165812334,0.264696581685463,FALSE
"TPST2",0.0676109792502324,0.202754963875019,0.264784836613641,FALSE
"MSR1",0.094806331046174,0.202809213747031,0.264829266544597,FALSE
"GNL3",-0.0750377323418839,0.20297334071195,0.265017151351436,FALSE
"TADA2B",0.0843383915132122,0.2030747388599,0.265123103425789,FALSE
"FAF2",0.0763019809030488,0.203144327465674,0.265187509739815,FALSE
"L3MBTL1",0.0647943583277284,0.203220314885827,0.265260255482079,FALSE
"DCUN1D3",0.0407477960892936,0.203571355389957,0.265691973359118,FALSE
"MACC1",0.276233037716739,0.204256794055498,0.266560002768599,FALSE
"SETD7",0.00346484759578669,0.204346597220723,0.266650618041833,FALSE
"TPGS2",-0.0874861382248505,0.204522711369225,0.266853830700209,FALSE
"PPIL3",0.124832601556635,0.204967674575878,0.267407752421265,FALSE
"TUB",0.213704494963399,0.204991285413835,0.267411907995011,FALSE
"LY6G5B",0.318570094373231,0.205048395973991,0.267459758901215,FALSE
"CDAN1",0.106312690574762,0.205141135762331,0.267554069476035,FALSE
"MKRN2",-0.0384017122896882,0.205163494253905,0.267556576030693,FALSE
"ALG8",-0.0426766938318417,0.205297229535632,0.267683206092526,FALSE
"IRAG1",0.157294978111835,0.205301487349149,0.267683206092526,FALSE
"ATRX",-0.0750479914929572,0.205416368435215,0.267806322998789,FALSE
"SYTL5",-0.0810548127568107,0.205467892918438,0.267846824065338,FALSE
"ZNF486",0.0674163455333325,0.205528588876001,0.267899271760714,FALSE
"ALKBH1",-0.066515882885008,0.205675368009464,0.26806390422896,FALSE
"ZNF697",-0.141101892314999,0.20591204426168,0.268345658319124,FALSE
"KIAA1671",0.104491815702636,0.20595395044525,0.26837355620874,FALSE
"HADHB",-0.0958512040535759,0.206078213528048,0.268461340676428,FALSE
"IFITM3",0.161281443842331,0.206082834845562,0.268461340676428,FALSE
"ZNF285",-0.15469765418667,0.20607253497692,0.268461340676428,FALSE
"ECHS1",0.0949536479406551,0.206345503362362,0.26877677146752,FALSE
"RPS15",0.161296572675845,0.206378314344415,0.268792766752595,FALSE
"RHOH",-0.301841211742689,0.206607014745777,0.269063865219508,FALSE
"DNAJC7",-0.0610480784247012,0.20678935107965,0.269274535939405,FALSE
"FUT10",0.0746468102896881,0.206850476810604,0.269300561098293,FALSE
"LAMA4",-0.133252415084489,0.20683722454798,0.269300561098293,FALSE
"TMX1",-0.137518640198754,0.207201319510874,0.269730503632928,FALSE
"KCTD13",0.145955194642787,0.207349937196716,0.26989713439843,FALSE
"TMEM87B",-0.133380123121541,0.207514388360777,0.270084339638065,FALSE
"GIMAP4",0.0349919545202008,0.207592808404133,0.270159547477824,FALSE
"PHKG2",0.135876505860659,0.207646287051154,0.270202285068453,FALSE
"IGSF23",-0.262949723186681,0.207853057516634,0.270444467204112,FALSE
"PCM1",-0.0536993115566643,0.207876925293099,0.270448644135671,FALSE
"INPP5A",-0.0643693234205795,0.208258044540337,0.27091755953121,FALSE
"PTRH1",0.270011545218865,0.208592905012653,0.271326210871898,FALSE
"HCFC2",-0.0642894155764866,0.209046800512076,0.27188959987126,FALSE
"RAB23",-0.126547968605515,0.209147326438318,0.271993324498904,FALSE
"RNF24",0.083875659529889,0.209170357668785,0.271996257707562,FALSE
"CHCHD3",0.0921031838006947,0.209329639845072,0.2721742434471,FALSE
"SCARA5",0.172401967363925,0.20934881083962,0.2721742434471,FALSE
"FAM13C",-0.32633861963104,0.209417838865497,0.27223695228151,FALSE
"MBOAT1",0.172033317259341,0.20948681916651,0.272299586629066,FALSE
"EMCN",-0.271742771929866,0.209625444311108,0.27245272678656,FALSE
"ZMPSTE24",-0.00108841676682874,0.209758752570567,0.272598926807015,FALSE
"APOC3",0.229764551865115,0.209817319235604,0.272647974534245,FALSE
"ARPC5",-0.235909676907376,0.20995522726121,0.272791935203455,FALSE
"STK39",0.115914556608608,0.209969777806692,0.272791935203455,FALSE
"CD55",-0.154624216821921,0.210052098522742,0.272871807289118,FALSE
"CLPP",0.136366209157269,0.210082559726772,0.272884301214694,FALSE
"KDM5B",0.0904650178756464,0.210460548247703,0.27334816445029,FALSE
"ANAPC1",0.206375856355951,0.210496486719022,0.273367721865434,FALSE
"KLHL3",0.0720464765547088,0.210689230258563,0.273590894916198,FALSE
"HEPACAM",0.256118934875615,0.210781679453234,0.273683799206758,FALSE
"C3",0.136706717437627,0.210825008051033,0.27371291207895,FALSE
"DPY19L1",-0.0998681918827835,0.210922807922848,0.273812731911347,FALSE
"PTBP3",-0.176823488779382,0.211055756607241,0.273958156405116,FALSE
"MANF",0.1431060933185,0.211102550582697,0.27399173116176,FALSE
"RCE1",0.144847050840187,0.211236066745904,0.27413784554296,FALSE
"SYTL2",0.0992824657254836,0.211333481723868,0.274237084223301,FALSE
"MT1H",-0.521010371732323,0.21166324020447,0.274637774108714,FALSE
"FCER1G",0.0699652829845764,0.211751136128044,0.274724593616921,FALSE
"RAMP2",0.174962473849362,0.211985971347806,0.274997259271904,FALSE
"YARS2",-0.0786265163145524,0.212003310252928,0.274997259271904,FALSE
"EEF2K",-0.0730430858651172,0.212157407757888,0.275169881351919,FALSE
"HIGD1A",-0.0923233880383734,0.21235901215158,0.27540407994933,FALSE
"ICE1",0.113700044023548,0.212391687981783,0.275419173836916,FALSE
"ZPR1",-0.153940770572091,0.212444438258315,0.275460293718715,FALSE
"SLC29A2",0.138851013223367,0.212666264982263,0.275720612116041,FALSE
"NEU1",0.0777900196607156,0.212714084590584,0.275755302055642,FALSE
"KLF2",0.0990272288610077,0.212823230999459,0.27586947923217,FALSE
"ZNF623",0.130842238397281,0.212878842506236,0.27591424671732,FALSE
"REV3L",-0.021257583390472,0.213131219744707,0.276214009987894,FALSE
"SELE",-0.333086331844291,0.213406011082579,0.276542759288639,FALSE
"ZNF480",-0.0160827605803888,0.213600983357644,0.276768020003788,FALSE
"MAP2",0.115191925072067,0.213679101449769,0.276841840294941,FALSE
"RNASEK",0.113410030861297,0.213845261091698,0.27702970099075,FALSE
"BAG5",-0.0580404797162231,0.21407649806889,0.277301821778758,FALSE
"HIVEP2",0.125237747832892,0.214263329309948,0.277516373894523,FALSE
"LDLRAD4",0.0945803173797696,0.21433839184159,0.27758613374123,FALSE
"CDH13",-0.484074928934328,0.214467859423389,0.277726331906134,FALSE
"ZRANB3",-0.0587799787335603,0.214819152062655,0.278153727505121,FALSE
"TMCC3",-0.27301594174269,0.214950620213356,0.278296431945536,FALSE
"TPRG1",-0.153286162244985,0.215058665646775,0.278408785785383,FALSE
"GOLT1B",-0.271996705036674,0.215116292143742,0.278455852950946,FALSE
"MSL3",-0.064252664442301,0.215159790617963,0.278457095568443,FALSE
"PSME1",-0.0802866535048989,0.215143890922513,0.278457095568443,FALSE
"NKX3-1",0.155933970350772,0.215656904250111,0.279072866506124,FALSE
"MFSD14A",-0.123978228790206,0.21590271972939,0.27933574530064,FALSE
"OLFML1",0.10051006134407,0.215898306721221,0.27933574530064,FALSE
"SRPX",-0.267725394466102,0.216293505338984,0.279813692875294,FALSE
"STOM",-0.112019584153542,0.216364461429133,0.279877831146153,FALSE
"ZNF613",0.0930195074460491,0.216424717584962,0.279928117232002,FALSE
"INVS",-0.0250236681747704,0.216450167831265,0.279933379161012,FALSE
"ELP5",0.0949105921817785,0.216500024610915,0.279970201719291,FALSE
"SNX22",-0.28305401167946,0.216614156527856,0.280090127137056,FALSE
"TECTA",0.182231907653765,0.216701934981858,0.280175956229754,FALSE
"MTHFD2",-0.00269595365334803,0.216732753486027,0.280188131592679,FALSE
"TMEM9B",0.0865141393200288,0.216810060324217,0.280260397883556,FALSE
"ARL16",-0.21093152305592,0.216873476254065,0.280314695539364,FALSE
"PAPOLG",-0.155683077107293,0.217021503002701,0.280478333396976,FALSE
"DYNC2H1",-0.146675889350191,0.217188718129597,0.280666735539698,FALSE
"BAZ2A",0.103147009837822,0.21731510610891,0.280776936980901,FALSE
"BLZF1",-0.0872056260466145,0.217316888361402,0.280776936980901,FALSE
"ASB8",-0.0528951593397677,0.217515185568694,0.281005408472997,FALSE
"GBP4",0.12379619019339,0.217585886971821,0.281069011567349,FALSE
"SETDB1",-0.0476621646544766,0.2176470081951,0.281120228027846,FALSE
"FGG",-0.0912318808245824,0.217675208000256,0.281128916162509,FALSE
"BCL2A1",0.183173341002877,0.21779007989549,0.281221789722039,FALSE
"LILRB5",0.127064406239979,0.21778970314524,0.281221789722039,FALSE
"DRAM1",0.119363495805184,0.218011772493506,0.281480288509367,FALSE
"TNFAIP8L3",-0.336151031564987,0.218504466734609,0.282088598608569,FALSE
"CRIM1",0.0867351002666297,0.218556296981937,0.282102704656879,FALSE
"ENTREP1",0.238673664479246,0.218559816442866,0.282102704656879,FALSE
"EPOR",-0.0596617278936717,0.218595270105142,0.282102704656879,FALSE
"SH3RF2",-0.0955159891793776,0.218601584077608,0.282102704656879,FALSE
"SLC16A2",0.0665380977740223,0.218739460389728,0.282252810508804,FALSE
"ZC3H13",-0.0791308903725138,0.218833313853473,0.282346087017805,FALSE
"CEP350",0.00432394133748446,0.219059853184183,0.282610524033043,FALSE
"ZNF169",0.138913978164865,0.219115793830178,0.282654840164025,FALSE
"SGTB",-0.198460317657144,0.219231240531281,0.282775901579856,FALSE
"UBE2H",-0.0446568684982113,0.219386754193059,0.282948614510446,FALSE
"TIMD4",0.42577980925593,0.219587276745286,0.283179336795635,FALSE
"SERINC5",-0.0435851989149694,0.219694313384597,0.283289466249497,FALSE
"SUCLG1",0.124699717014799,0.219868070302992,0.283429773179083,FALSE
"SWT1",-0.0355613477575413,0.21986335066305,0.283429773179083,FALSE
"TLE5",0.112957808823126,0.219830645383431,0.283429773179083,FALSE
"SHROOM4",-0.146252614898362,0.220200260122066,0.283830048785871,FALSE
"BORCS8",0.096257727511234,0.220279549496764,0.283904298288209,FALSE
"RRBP1",0.10106533396267,0.220340789684022,0.283955273013409,FALSE
"PATL2",-0.249444468540968,0.220461042171264,0.284082279931712,FALSE
"LYN",-0.165347626363431,0.220892746482206,0.284610553778668,FALSE
"MMAB",0.181351848676497,0.221338341603913,0.285156619590477,FALSE
"EXD2",0.0682210322654245,0.221795330782903,0.285717255791575,FALSE
"CENATAC",-0.258322846698805,0.22184723667795,0.28575600379651,FALSE
"HDC",-0.449842144273203,0.22191566518255,0.285816024453512,FALSE
"PLEKHG1",-0.137173618589337,0.221989870740316,0.285883473119439,FALSE
"ERAL1",0.0686407928991631,0.222057939894846,0.285943006698467,FALSE
"NPR2",-0.0916460479411134,0.222089155485008,0.285955077066259,FALSE
"SEC24A",-0.0755404217087687,0.222448030070066,0.286388987085978,FALSE
"CAMK1D",0.0758677096613721,0.222520401933369,0.286453992341363,FALSE
"PSMD6",-0.0438355396861706,0.222640191066275,0.286559246041983,FALSE
"SLC25A36",-0.313864032572352,0.222645940325317,0.286559246041983,FALSE
"RSF1",-0.0822441274887303,0.222772044660492,0.286693365643877,FALSE
"ACER3",0.143456607045873,0.223289627080232,0.287331216604522,FALSE
"ELK3",-0.232604121608308,0.223476304033256,0.287543171734976,FALSE
"ATP5MC2",-0.120031385111,0.223601283760538,0.287675708234371,FALSE
"AFAP1",0.0927233647994677,0.223793495681953,0.28789470821147,FALSE
"FHOD3",0.0822529006296902,0.223871626321071,0.287966921968506,FALSE
"PLCL2",0.200021528453552,0.224100337922864,0.288232795371464,FALSE
"CEBPZ",-0.0923233228399064,0.224196197274556,0.288327761760166,FALSE
"PSMB2",0.0425118239272139,0.224264489075104,0.288387259696618,FALSE
"ODR4",-0.066309842050311,0.224291398840466,0.288393536988744,FALSE
"SERHL2",-0.238263336139502,0.224533307486848,0.288676231132064,FALSE
"PRKD1",0.152566788618683,0.224727441191952,0.288897452875593,FALSE
"RILP",0.091262084975848,0.224752191091005,0.288900901891354,FALSE
"ARFGEF2",0.17349490928797,0.224898108438418,0.289060085968562,FALSE
"BATF3",-0.259459546073953,0.225142106146411,0.289345288472446,FALSE
"RNASEH2C",0.0619497730947443,0.225279484409167,0.28949342460589,FALSE
"BCL7A",0.123558292366829,0.22537327478797,0.28958552493121,FALSE
"ZNF107",-0.152514723240192,0.225435754770139,0.289637379926463,FALSE
"DRG2",0.0793994546200379,0.225481038510283,0.28966713337029,FALSE
"SRSF5",-0.0511972231097814,0.225732320860473,0.289961493789768,FALSE
"FN1",0.164613436405876,0.225761564943597,0.289970608088057,FALSE
"SLC20A2",0.147858216899843,0.225875294930607,0.29008822456656,FALSE
"TNFAIP3",-0.136546540548171,0.225915317261123,0.290111165628507,FALSE
"MRPS23",0.0931686606243736,0.226052615467846,0.29025900762113,FALSE
"FBXO31",0.125206112158786,0.226146319889946,0.290350850249992,FALSE
"SLC1A2",-0.285549707527224,0.226301275754214,0.290521308312824,FALSE
"AOAH",0.209440720056707,0.226619236188571,0.290900974623079,FALSE
"ZDHHC19",0.34326844018326,0.22668174903358,0.290952691994865,FALSE
"AGK",-0.0626221150081074,0.227396420707375,0.29184138220772,FALSE
"CTDNEP1",-0.201301473690381,0.227439472411135,0.291868023211781,FALSE
"DNAJC13",0.197423477917674,0.227551924707363,0.291955095871109,FALSE
"TOP6BL",0.127450550599062,0.227541992559268,0.291955095871109,FALSE
"RFX2",-0.176640858236383,0.227639871947461,0.292039314408247,FALSE
"KBTBD8",0.132920435972327,0.227681786172809,0.292064466448601,FALSE
"PRCC",0.0573759040913471,0.22780438693259,0.292193106076366,FALSE
"RNF214",0.0855730733039742,0.227854039776641,0.292228163083443,FALSE
"ACOT12",0.096596185272939,0.227936302438476,0.292249343460376,FALSE
"ATMIN",-0.0397852358893916,0.227926923403055,0.292249343460376,FALSE
"GHR",0.00395435724903415,0.227937522614872,0.292249343460376,FALSE
"AMT",0.0893354707383724,0.228338612509815,0.29270626798967,FALSE
"MYL9",0.102760737938214,0.228326800236122,0.29270626798967,FALSE
"C2orf92",-0.315695627305621,0.228580990315777,0.292988283259658,FALSE
"RAB5IF",-0.160792879853376,0.228630676279984,0.293023280847532,FALSE
"RNF113A",-0.0757305544076791,0.228860931914276,0.293289675080433,FALSE
"SLFN12",-0.0830551604719961,0.229002575612409,0.293442470384424,FALSE
"TARS1",0.109743054691433,0.229883524444778,0.294542484050796,FALSE
"DNTTIP1",0.0743938242562436,0.230013969662269,0.294680779999846,FALSE
"ZNF461",0.121623507197329,0.230394407078293,0.295139293294424,FALSE
"KCNJ16",0.194400912506142,0.230551248537336,0.295311314533882,FALSE
"DNAH5",-0.388764154670258,0.230674372033836,0.295440117263449,FALSE
"SLC5A3",-0.232365379682848,0.231070917786378,0.295919050734545,FALSE
"LDLRAD3",0.0197294849489128,0.231153738468548,0.295996160409843,FALSE
"MIPEP",0.0775289870117268,0.231393249954475,0.296273880528507,FALSE
"NUGGC",0.13857335487121,0.231470356740378,0.296343625116861,FALSE
"NPIPB3",0.468845268488851,0.231780896047581,0.296683172766419,FALSE
"PPP1R13B",0.129767139444653,0.231772531388249,0.296683172766419,FALSE
"ASTE1",-0.115746356977286,0.231851407680069,0.296715408538363,FALSE
"ITPR2",0.0326124551852394,0.231835954093189,0.296715408538363,FALSE
"MS4A1",-0.31665629819674,0.232265700846296,0.297216553169749,FALSE
"COX6B1",-0.17327375068128,0.232386623846944,0.297342228245132,FALSE
"ELOA",0.0509774891794842,0.232689211133782,0.297700298266732,FALSE
"NOP10",-0.0793526408382099,0.232758501270986,0.297759849388289,FALSE
"DSG1",0.044527167831704,0.232935218686802,0.297927694709614,FALSE
"ZG16",0.0871501713655721,0.232933837357606,0.297927694709614,FALSE
"KAT7",0.0932799949907677,0.232961515187766,0.297932222021905,FALSE
"SNED1",0.11074592089651,0.233055232991186,0.298018820778707,FALSE
"TPM1",0.096317498774092,0.233074756030643,0.298018820778707,FALSE
"NIPBL",-0.0129796027747226,0.233148972886354,0.298084604787905,FALSE
"LEPR",-0.24059650677994,0.23323829885148,0.298169691296121,FALSE
"CRK",-0.0955363269063822,0.233289432457694,0.298205941196654,FALSE
"ELP3",0.0863954776805353,0.233371635009089,0.298281894517133,FALSE
"BTBD10",0.0802553798262403,0.233834620776901,0.298844480204137,FALSE
"CADPS2",-0.0400513456880934,0.233934578629586,0.298943045721674,FALSE
"TMEM52",0.187306492396935,0.234157392604703,0.299198573490218,FALSE
"PDSS2",0.0955777913340993,0.234272031515812,0.299315842354349,FALSE
"KIF2C",0.252493682822788,0.234345609548522,0.29938063233892,FALSE
"AGT",0.104078008013335,0.23442689608906,0.299455256473605,FALSE
"HNRNPH2",-0.131383061578907,0.234741758218969,0.299828204741731,FALSE
"NR1I3",-0.101442172766987,0.234897559540468,0.299980210343594,FALSE
"UBQLNL",-0.0783901435220847,0.234906593067715,0.299980210343594,FALSE
"DYNLT1",-0.0944093392787668,0.235108342635248,0.300208565471634,FALSE
"UGT2B10",0.191575779066288,0.235139874708458,0.300219547462759,FALSE
"FUZ",0.0480124540099257,0.235445499635211,0.300580446730784,FALSE
"SATB2",0.155036193273943,0.23551491744609,0.300639752262501,FALSE
"PLEKHH2",-0.180924675418454,0.235672133138023,0.300811111147801,FALSE
"CDYL",-0.0630347072106499,0.235709340746042,0.300829273644685,FALSE
"IFT56",0.127999777559001,0.235830572788535,0.300954660195681,FALSE
"REL",0.208468847687958,0.235856240637841,0.30095808015893,FALSE
"GSTZ1",-0.121374443271006,0.236205156285021,0.301373931009014,FALSE
"BDP1",-0.103556056381841,0.236321076009948,0.301492450508891,FALSE
"PGM2L1",-0.0712158139988756,0.236349424669173,0.301499236847785,FALSE
"ASCL1",0.614345819167666,0.236487178130102,0.301645570545527,FALSE
"TMEM156",-0.27360754503384,0.23673627407499,0.301933882142208,FALSE
"TASOR2",-0.0493944480866142,0.236890613652699,0.302101296896662,FALSE
"MAB21L4",0.326561413147407,0.236952304215718,0.302150537332442,FALSE
"UBE2Q1",-0.0411614334639103,0.237116749683032,0.302330783682338,FALSE
"ZNF133",-0.105252282825087,0.237168726809199,0.30236760847074,FALSE
"VHL",0.277291012344482,0.237327479165272,0.302540541113119,FALSE
"EFCC1",0.109982562999037,0.237551021748971,0.302796025385798,FALSE
"EFS",0.0350205337921621,0.237595671152877,0.30282345470536,FALSE
"TBCK",-0.0318120984932736,0.237709240673124,0.302938711076856,FALSE
"ITM2A",-0.211442408376953,0.23809881217739,0.303405650090168,FALSE
"SLC37A3",-0.100215050330911,0.238142505815233,0.303431794270854,FALSE
"CRADD",0.158363643777224,0.238518391562104,0.303881158264993,FALSE
"ASH1L",0.213870212302118,0.238561946517014,0.303900389138519,FALSE
"ZNF761",-0.0989842217663836,0.2385799113631,0.303900389138519,FALSE
"ANK2",-0.208286460891377,0.238608878151359,0.303907717945092,FALSE
"EIF4G2",-0.0354259041102746,0.238760307143414,0.304071005945679,FALSE
"GPX2",-0.250153666855902,0.239081552666854,0.304450509436286,FALSE
"AKTIP",-0.050654697211029,0.239276868294826,0.304669593436672,FALSE
"POU2AF3",0.337745916044781,0.239452314819786,0.304863338094003,FALSE
"DNAJB4",-0.197608262937249,0.239697969072302,0.305146422704646,FALSE
"SMAD2",-0.0713285613550402,0.240400827252397,0.306011437082001,FALSE
"PWWP3A",0.230976332443752,0.240488814512521,0.30609367680322,FALSE
"SHH",0.118000516986949,0.240672176713312,0.306297281766373,FALSE
"DNAJC8",-0.0580226547006191,0.240749123306236,0.306365427908752,FALSE
"ARMCX2",-0.0549263482723994,0.240842374399856,0.306454307089408,FALSE
"CEACAM19",0.330251405069815,0.240886481694198,0.306480643181773,FALSE
"GALK2",-0.044582476202046,0.241006373906384,0.306603386180389,FALSE
"PSMB5",0.0859246675323453,0.241159191939983,0.306767988814444,FALSE
"IL1RAPL2",-0.108057620622772,0.241249776862825,0.30685340315633,FALSE
"ATP7A",-0.109620985242077,0.241395705613212,0.307009187671281,FALSE
"TMEM123",-0.133364892488285,0.241666496160708,0.307323726832053,FALSE
"NUDT2",-0.108782396906807,0.24179286387256,0.307454562336787,FALSE
"XKR9",-0.135458364962947,0.241854534048859,0.307503113505649,FALSE
"IRF5",0.0785257314429648,0.241907681094903,0.307540819663475,FALSE
"ATR",-0.0722028869139137,0.242074100258756,0.30769263306676,FALSE
"RPL23A",-0.082996994518228,0.242057003531609,0.30769263306676,FALSE
"CEP164",0.0691261488765621,0.242160666072908,0.307772783246918,FALSE
"CCNT1",-0.0845360494495653,0.242329503085334,0.307957469849854,FALSE
"FAM220A",0.222060612531069,0.242596424884037,0.308266756729284,FALSE
"ZNF708",-0.133049839463925,0.242747327820872,0.308428572964951,FALSE
"KANSL2",-0.050418778102267,0.243088116241663,0.308831598043266,FALSE
"CYP4F11",0.159344962495463,0.243142543334024,0.308870772106447,FALSE
"GSTM1",-0.489944552824387,0.243222676198565,0.308912619013545,FALSE
"RINL",-0.15882895525965,0.243203992693167,0.308912619013545,FALSE
"TTLL4",0.0939820052457735,0.243353596422441,0.309048916903928,FALSE
"SAA1",0.200221941008333,0.243395381522164,0.309072001444051,FALSE
"METAP2",-0.0650288962093773,0.243507329547044,0.309184168211609,FALSE
"MEGF9",-0.00494169664289903,0.243584315707195,0.309251926031672,FALSE
"SEMA5B",0.111495962206874,0.243628132893468,0.309277563836059,FALSE
"PLIN5",0.0384753838812224,0.243694027729391,0.309331220771107,FALSE
"FLOT1",0.0504908197213826,0.244020894215885,0.309716097632028,FALSE
"ATOH8",0.0897591579137946,0.24431693399228,0.310061777804085,FALSE
"SNAPIN",-0.0601976018612787,0.244466496997593,0.310221515817824,FALSE
"TMEM176A",-0.10672970966492,0.244652740495297,0.310427764931617,FALSE
"ZNF134",0.196136060989646,0.244870690400851,0.310674200865195,FALSE
"VPS45",0.0786106591589075,0.244928832321887,0.310717855887417,FALSE
"NSD2",0.0754104981075042,0.24500379608612,0.310752731869743,FALSE
"PNRC2",-0.106527597865464,0.244993438521423,0.310752731869743,FALSE
"RASAL2",0.0778174443405583,0.245285277771081,0.311079614121767,FALSE
"TMEM65",-0.320623086420812,0.245353888505326,0.311136488600516,FALSE
"ARF4",-0.154355000161821,0.245789817194158,0.311659107671275,FALSE
"DSTYK",0.0994066257259283,0.246022467390346,0.311923895320008,FALSE
"CLN5",-0.0560701836251442,0.246559940612768,0.312575069478296,FALSE
"TMEM25",0.113547072151808,0.246590318199313,0.312583311954435,FALSE
"TMEM154",-0.28114152228418,0.246777023660151,0.312759418563282,FALSE
"ZNG1A",-0.0475723891150884,0.246764770995359,0.312759418563282,FALSE
"CDC7",0.0943942573726892,0.246862854387767,0.31283791401071,FALSE
"MEX3C",-0.142636285723327,0.247123212225486,0.313137543017428,FALSE
"CYP2C18",-0.0196418825316705,0.247398580776367,0.313456132732429,FALSE
"ANKRD44",-0.300993843331016,0.247792473990578,0.313894443104465,FALSE
"KDM1B",-0.0231481643321811,0.247775406341386,0.313894443104465,FALSE
"MYH7B",0.138519053444377,0.247862546871432,0.313922459479615,FALSE
"YME1L1",0.0149960258776655,0.247857960145589,0.313922459479615,FALSE
"B3GALT2",-0.217658888027919,0.248002082392997,0.314068800801811,FALSE
"TBC1D22B",0.0320557365913798,0.248081399067042,0.314138860294585,FALSE
"TMSB10",-0.0219478785686741,0.248160889559304,0.314209126316287,FALSE
"IFITM1",0.138340168568141,0.248926075215857,0.315147488320859,FALSE
"BNIP1",-0.0794778552030993,0.248988809495508,0.315196431436395,FALSE
"AASDH",-0.0411257311806182,0.249508691433015,0.315824015105968,FALSE
"EZH1",0.110103750490974,0.249832647682637,0.316203501881388,FALSE
"USP54",0.185781383952212,0.250151326422431,0.316576236396566,FALSE
"DDX47",-0.119728743525354,0.250312878287225,0.316750067904151,FALSE
"MRPL44",-0.0407843158751783,0.250434701617897,0.316873597524066,FALSE
"CES5A",-0.126283397107127,0.250479408902432,0.316892055700348,FALSE
"RBM15",-0.14024947687366,0.250521904712695,0.316892055700348,FALSE
"SEPTIN7",-0.157631187215147,0.250510122592993,0.316892055700348,FALSE
"THAP12",-0.0623434465285485,0.250756027801602,0.317157561199746,FALSE
"SKIDA1",0.110950356271277,0.251146232777355,0.31761608149991,FALSE
"TNFRSF10B",0.036718168481101,0.251167070865305,0.31761608149991,FALSE
"COL15A1",0.11394270697473,0.251546702557812,0.318065426877233,FALSE
"SRP54",0.0176369368249795,0.252121195075026,0.318761051272066,FALSE
"MLH3",-0.0631020068682133,0.252426852520794,0.319095288060187,FALSE
"ZMAT2",0.0617555067586566,0.252434303272178,0.319095288060187,FALSE
"EIF4ENIF1",0.0380519088889058,0.252513216579936,0.319164223929767,FALSE
"FAR1",-0.295062750927359,0.252968253711739,0.319708502518977,FALSE
"ARMCX3",-0.0426185397747579,0.253067868403204,0.319803526364358,FALSE
"MTFR1L",-0.0995276411058308,0.253225839881042,0.319972270603475,FALSE
"CACNB3",0.236508941352015,0.253328626153391,0.320040371861449,FALSE
"PTPN21",0.0705095362541392,0.253305333771263,0.320040371861449,FALSE
"PDLIM3",0.17873090408474,0.253392685051721,0.320090412263328,FALSE
"ZNF627",-0.0406256581542755,0.25369230243096,0.320437976210915,FALSE
"IFT43",-0.153330909499363,0.254004345152641,0.3208011659983,FALSE
"PROZ",-0.2140791858663,0.254051537124096,0.320829818079354,FALSE
"BAG1",0.0801627979650218,0.254089300366266,0.320846558680088,FALSE
"ARHGEF7",-0.105851669385519,0.254386082772213,0.321190336161039,FALSE
"ZNF283",0.128150162774768,0.25458440254191,0.321409739448283,FALSE
"MYLIP",0.040280066683277,0.254682706750289,0.321502844159173,FALSE
"SCAPER",-0.0861230043183248,0.254718672111653,0.32151724404992,FALSE
"C6",-0.0524570116799209,0.254813258017914,0.321605627491616,FALSE
"FBXO22",-0.00236133998975504,0.255048535013372,0.321840522447718,FALSE
"MAPK9",-0.0561990619047733,0.255035730061868,0.321840522447718,FALSE
"PAG1",-0.213609082391631,0.255354179344403,0.322195153814276,FALSE
"PDE3A",-0.29632468268431,0.255499504375424,0.322347452181078,FALSE
"XKR8",0.14730042873782,0.255798439521277,0.322693502622138,FALSE
"ABHD14B",-0.0665335795537782,0.256191349875881,0.323158026069471,FALSE
"CCDC80",0.0486969330433435,0.256246393139561,0.323196317821112,FALSE
"ARID1B",-0.0861112355196982,0.25635833667391,0.323275220933811,FALSE
"USP1",-0.0974710742925509,0.256344064042461,0.323275220933811,FALSE
"TEX2",0.104618409148438,0.256421735922837,0.32332402645688,FALSE
"SUSD4",-0.395340506217652,0.256482350187063,0.323369311310577,FALSE
"CRTC2",-0.110967624003621,0.257027692627441,0.324019589257814,FALSE
"GCNA",-0.104117096192813,0.257047620992336,0.324019589257814,FALSE
"RPRD2",0.0688790246441266,0.257532914081544,0.324600068465927,FALSE
"CST7",0.0379027509813152,0.257843538396219,0.324957838648517,FALSE
"ZFP90",-0.0504462393274161,0.257866405875301,0.324957838648517,FALSE
"ITPRIP",0.129114246396311,0.257981886374417,0.325072074727033,FALSE
"RAD51D",0.21027759597838,0.258077736275983,0.325161555511998,FALSE
"ADAMTSL3",-0.0464664514260362,0.258481576613291,0.325639030121363,FALSE
"HMGCS1",0.503926813401334,0.25866001435352,0.325832474542123,FALSE
"TNFRSF10A",0.133437813604605,0.258922367042031,0.326131578729486,FALSE
"RUNX1",0.0840067248627492,0.259256844594913,0.326521463149265,FALSE
"AGBL2",-0.100347521500873,0.259284013396795,0.326524269275764,FALSE
"ZFP82",0.0500833972896551,0.259399041776055,0.326637708467068,FALSE
"MEI1",0.0744881413437395,0.259626667248396,0.326892895519907,FALSE
"COPA",0.0103319824632851,0.259751652813723,0.326978452735661,FALSE
"REPS2",-0.00893727894111563,0.259769545287474,0.326978452735661,FALSE
"UBQLN1",-0.0249128058636748,0.259757873140147,0.326978452735661,FALSE
"RBPMS",-0.197994849752088,0.259893694818018,0.327103273654825,FALSE
"CCDC149",0.10871770081187,0.26012068066273,0.327329484273506,FALSE
"NFAT5",0.230856772572539,0.260123430673813,0.327329484273506,FALSE
"ZGRF1",-0.133062025476075,0.260295926215449,0.327515066411596,FALSE
"MLLT3",-0.234977165168156,0.260415462373713,0.327611087766479,FALSE
"TMEM81",-0.110894830746023,0.260422287686048,0.327611087766479,FALSE
"UVSSA",0.045067792991705,0.260450329562396,0.327614884188211,FALSE
"FNBP1L",0.0146154064540582,0.260574266462364,0.327676332391246,FALSE
"RAB8B",-0.0146905699328908,0.260572827149468,0.327676332391246,FALSE
"TRIM37",0.130128132132814,0.260537775318357,0.327676332391246,FALSE
"LGMN",0.0853073796093401,0.26079750349636,0.327925558564573,FALSE
"GRHPR",0.0837100459182425,0.260881079911807,0.327999145126801,FALSE
"ALKAL2",0.0343305831772187,0.260913464349023,0.328008361365221,FALSE
"LEAP2",0.0924453560074596,0.261031903554375,0.328125749527977,FALSE
"ABCC2",0.154861282120342,0.261745399385718,0.328991049227901,FALSE
"ATAD2",-0.0971029634982145,0.261918575518373,0.329177113438278,FALSE
"LOC107987423",0.472411044646832,0.262109249928094,0.329385131508793,FALSE
"ZNF324",0.110004178528055,0.26215754441234,0.329414202077585,FALSE
"KLRG1",0.0549732762014859,0.262451101887512,0.32975142283218,FALSE
"AP5M1",-0.00984466768933221,0.262520703248218,0.329775575410254,FALSE
"DHRS12",-0.0306415628566812,0.26251515677876,0.329775575410254,FALSE
"SGCB",0.140587456448228,0.262684950421238,0.329950241860774,FALSE
"RAD54L2",-0.062390483432863,0.262893297522863,0.330180262007802,FALSE
"MOGAT1",-0.0521003053101997,0.263010768452438,0.330296113245018,FALSE
"MAML2",-0.0580279060594616,0.26312818372841,0.330411872374098,FALSE
"RPL4",-0.0618782962448986,0.263230048854547,0.33047639044915,FALSE
"TMEM139",0.17475760665236,0.263207005922377,0.33047639044915,FALSE
"TRMT2B",0.11507962994902,0.263267243957687,0.330491394946212,FALSE
"ANKS3",0.252261214148386,0.263302354633928,0.330503780140689,FALSE
"CLDND2",0.123067849842412,0.263470796903144,0.330683508106218,FALSE
"GYG2",-0.0425372126958616,0.263623232377375,0.330843113332496,FALSE
"PCLAF",-0.133980579321584,0.263785736714434,0.331015323019781,FALSE
"ADAM19",0.0779154602858734,0.263902333846102,0.331129897902354,FALSE
"LTA4H",-0.0553833027307371,0.263938988458847,0.33114415303337,FALSE
"TMEM119",0.280730011584701,0.264226988095742,0.33146661437786,FALSE
"ZNF711",-0.308198144726357,0.264246643313605,0.33146661437786,FALSE
"MANSC1",0.0938076743107072,0.26452236078132,0.331780680911002,FALSE
"AHNAK2",0.149630801772312,0.264559546841798,0.331795534749768,FALSE
"TBXA2R",0.00162733112979291,0.26466909902666,0.331901134526535,FALSE
"SERBP1",-0.105156332083385,0.264738498181376,0.331956366075143,FALSE
"RIMKLB",-0.223540682266621,0.264790651424008,0.331989964417076,FALSE
"SLC47A1",0.107345809725337,0.264873382102027,0.332061890115842,FALSE
"FGD5",0.0550830774713297,0.265005992811367,0.33219632879035,FALSE
"CD244",0.0586622044321025,0.26511602649136,0.332302443161789,FALSE
"ANKRD17",0.0178742621217257,0.265219196713876,0.332399935226696,FALSE
"ATP6V1A",-0.038224437524094,0.265261303647925,0.332420885168817,FALSE
"PRR11",0.249082306993693,0.265320914583873,0.332463764714018,FALSE
"IRAK3",-0.240279787596572,0.265364903542462,0.332487062606748,FALSE
"SET",-0.0643543239493196,0.26552646892527,0.332657658485132,FALSE
"FBXO45",-0.0702998427520334,0.265735929272981,0.332856370650772,FALSE
"GPD1L",-0.167541832093744,0.26573194363412,0.332856370650772,FALSE
"PTGER2",0.02877504495827,0.266049368622319,0.333217098823629,FALSE
"RP2",-0.1232629331898,0.266464146450525,0.333704668579517,FALSE
"AGPAT4",0.0461737802276413,0.266684180590862,0.333948282381211,FALSE
"FBXO10",0.0758568428634367,0.266802804289666,0.334064873159938,FALSE
"ARFIP2",0.0463426310255618,0.267133130522275,0.334446489891711,FALSE
"SNIP1",-0.0585106385674703,0.267245178566823,0.334554778905799,FALSE
"NAPG",-0.0652850872766615,0.267899317182384,0.335341606324866,FALSE
"C5AR2",-0.320540017422062,0.268027051017675,0.33546942179,FALSE
"DNAJA1",0.109977204838262,0.268388285209379,0.335889439820398,FALSE
"DDIT3",0.089716008712521,0.269052110598456,0.336684062628185,FALSE
"FKBP14",0.126990075843765,0.269074652251657,0.336684062628185,FALSE
"ETV3",0.0418182893329034,0.269214857635935,0.336827304679823,FALSE
"LCA5L",-0.103586759983136,0.269623539185207,0.337282413543288,FALSE
"SIRT3",0.0603928709286027,0.269630135971895,0.337282413543288,FALSE
"CTTNBP2",-0.198955430844928,0.269699760194295,0.337337275290314,FALSE
"RIN1",0.161797215636903,0.269895105028704,0.337549361390504,FALSE
"BOLA1",-0.141295448543947,0.269930010782594,0.337560770003412,FALSE
"TTC27",-0.0724861414556417,0.27038364231697,0.338095763630732,FALSE
"BIN2",0.0246185593680247,0.270809884578569,0.338596409980196,FALSE
"ATP6V1C1",-0.0939598957151299,0.270858567628042,0.338624939589986,FALSE
"SOS1",-0.0452075879656122,0.270907912415733,0.338654290971715,FALSE
"DNAJC14",0.0427379589328855,0.27119871617932,0.33898544894211,FALSE
"UTP14C",0.260919053989082,0.271303650232746,0.339084237598769,FALSE
"MIP",-0.122013065263141,0.272374085888138,0.340389607908315,FALSE
"GPD2",-0.17595865765534,0.272442002425214,0.340441986804515,FALSE
"GIMAP1",-0.141302271953907,0.272508692286241,0.340492823001667,FALSE
"CST3",0.15961045730848,0.272861537718219,0.340901159634214,FALSE
"CELSR3",0.191759215650666,0.272921026455398,0.340942946407832,FALSE
"ZNF765",-0.069380078863566,0.27304265182747,0.341062341162603,FALSE
"SERPIND1",0.127357835049519,0.273363152825001,0.341430108451147,FALSE
"OIT3",0.087451068460842,0.273394408918047,0.341436573648295,FALSE
"MICB",-0.223966858402426,0.273562392573398,0.341613777524888,FALSE
"TAF2",0.0266337470009008,0.2738474971972,0.341937189633357,FALSE
"TASL",-0.0221716508849381,0.27391928190362,0.341994205481803,FALSE
"TMEM11",0.0803287196332036,0.274024090540131,0.342092437622904,FALSE
"FAIM",0.091003225120623,0.27410861607346,0.342165331963553,FALSE
"FRAS1",0.117553736005801,0.274256638493527,0.342317466980385,FALSE
"GPR37",0.250011540058577,0.274364098899137,0.342418949741421,FALSE
"JUND",-0.438113758131398,0.27449402054383,0.34254844313791,FALSE
"CHUK",-0.046678286237063,0.274583787166639,0.342627806098517,FALSE
"FTSJ1",0.054619122424372,0.274685510742488,0.342722072490294,FALSE
"ITGA8",-0.465958366008358,0.274878769073526,0.342930516934496,FALSE
"HMGB3",0.089189367927767,0.275267243749529,0.343382444513466,FALSE
"EP400",0.00285812987687664,0.275611135293868,0.343745925813787,FALSE
"HILPDA",0.0866411552709969,0.275589347339578,0.343745925813787,FALSE
"FARP2",0.0697154807178843,0.275884765883294,0.344029698280862,FALSE
"VASP",0.0406072796561954,0.275891216181697,0.344029698280862,FALSE
"SHANK2",-0.0872032053983904,0.275963068074618,0.34408652259361,FALSE
"LYRM2",-0.0268031299111935,0.276023952724985,0.34412966280121,FALSE
"QRICH1",0.00360332823818255,0.276060129057342,0.344141992917418,FALSE
"CFI",-0.0355384322421765,0.276137415363865,0.344205564309599,FALSE
"FEZ2",-0.132815529126794,0.276266879194638,0.344334156741832,FALSE
"UFSP2",-0.0333477770338238,0.276952880887937,0.345156317618741,FALSE
"ZNF350",-0.093279621776735,0.277223108073161,0.345460206633717,FALSE
"GAN",-0.0648450134257804,0.277547331348248,0.345831318360261,FALSE
"CNOT9",-0.0540499671813692,0.2777937548153,0.346105428058803,FALSE
"NECAB2",0.248046169696845,0.2778399686902,0.346130066618336,FALSE
"KDF1",-0.149312704614429,0.278072962335991,0.346387366593987,FALSE
"AFP",-0.211462083722236,0.27817466816785,0.346481091775615,FALSE
"ALS2",0.0039577707612368,0.27891943959608,0.347310593503452,FALSE
"NVL",-0.0582315014487067,0.278884010135485,0.347310593503452,FALSE
"WIPF2",0.0468109343857212,0.278920224571898,0.347310593503452,FALSE
"CAT",-0.0277183153997788,0.278984193145036,0.347357209382292,FALSE
"FBXL7",-0.242502658426705,0.280476848676071,0.349182474597483,FALSE
"NCK2",0.055415915573795,0.280604315434924,0.349307948813733,FALSE
"LRRC8C",-0.229408621328032,0.280748112517221,0.349453725905635,FALSE
"NBDY",0.0959556594956299,0.280777915496443,0.349457597649913,FALSE
"PAK1",0.0930120494098643,0.281150760247986,0.349888379578577,FALSE
"TAOK1",0.135881909290806,0.281215441423412,0.349935610599307,FALSE
"SENP3",0.0850570686334373,0.281291994584838,0.349997604362735,FALSE
"MPI",0.0716516628620198,0.281385716585676,0.350080946644462,FALSE
"GLYATL1",0.0473541406290351,0.281506922540514,0.3501922968342,FALSE
"HSPA12A",0.106537627754237,0.281528714037577,0.3501922968342,FALSE
"CDK5RAP1",0.080846791918454,0.281579778128111,0.350222539925255,FALSE
"UQCRQ",-0.126264149080409,0.281972119818158,0.350677210283967,FALSE
"FCGR2A",0.130214122355635,0.282006453990153,0.350686597230156,FALSE
"TNFSF12",0.086110411097671,0.282770136514979,0.351602870857072,FALSE
"VSIG10L",0.0969838458978844,0.283214057209458,0.352121409020534,FALSE
"SRPK1",0.109927734772582,0.283410707942322,0.352332445957733,FALSE
"SP140",0.04645241872657,0.283942813336874,0.35296043602415,FALSE
"TRMT9B",-0.245610957519211,0.283972337717729,0.352963623412182,FALSE
"ELOVL6",0.252826825383311,0.284029312512603,0.35296741902373,FALSE
"MC1R",0.127486792385587,0.284012319482318,0.35296741902373,FALSE
"QRICH2",0.225942837339141,0.28453309913956,0.353559921595968,FALSE
"IER2",-0.204979952462539,0.284635976365201,0.353654190241361,FALSE
"SUMO4",0.0904270470524229,0.284812636189803,0.353840105617471,FALSE
"PARP14",0.169485812564919,0.285030445549181,0.354077103437696,FALSE
"DLEC1",-0.433376826772069,0.285439067229171,0.354551069085797,FALSE
"CD200R1",-0.329473313807833,0.285531212225775,0.354631878423285,FALSE
"PON2",-0.020558013502464,0.285610195948091,0.354662684753145,FALSE
"TRIM22",0.229155330654213,0.285607117029396,0.354662684753145,FALSE
"SLC43A1",0.0855642071320239,0.286081835368313,0.355214661290019,FALSE
"SQLE",0.462643650787365,0.286474877446432,0.355668951685982,FALSE
"ATOH7",-0.265668886694811,0.28699017610577,0.356274927515336,FALSE
"ATP1B2",-0.292166296885404,0.287284653190658,0.356606682428377,FALSE
"CD3G",0.0469858010520279,0.287585938469847,0.356946824653701,FALSE
"ACTG1",0.132470355462734,0.287621943500826,0.356957672226071,FALSE
"FCMR",-0.264848796431372,0.28787600558115,0.357239115172361,FALSE
"CMIP",0.0480973986895226,0.288251954034798,0.357671745069052,FALSE
"FCF1",0.0209126334270382,0.288321019095971,0.357723538855616,FALSE
"KNG1",-0.058276370192087,0.288836148343923,0.358328707866828,FALSE
"TNFRSF11A",0.138870212927427,0.289034561423959,0.358540882903399,FALSE
"VNN1",-0.141516266799625,0.28932677858643,0.358869368569734,FALSE
"USP31",-0.0780142214930808,0.289474175804791,0.359018180147435,FALSE
"TSR2",0.0631573864267059,0.290240620435548,0.359934659727403,FALSE
"RABL3",0.0012094374009279,0.290307981725724,0.359984097059403,FALSE
"FITM1",-0.222906246687578,0.290543900009287,0.360242517181702,FALSE
"ZNF688",0.072412305203876,0.290591367049989,0.360267251649475,FALSE
"INPP4A",0.0443881315628416,0.29066424099192,0.360323477233805,FALSE
"SURF1",-0.0963067154188011,0.290753609530789,0.360400137850511,FALSE
"ZNF491",-0.0734937294811273,0.290966806639338,0.360630259634783,FALSE
"CEP41",0.0698433088195882,0.29102152668803,0.36066393670955,FALSE
"NEXN",-0.254220414658627,0.291151334649415,0.360790655298641,FALSE
"LBHD1",0.31931202343986,0.291238216066573,0.360864160963806,FALSE
"ERCC6L2",0.0350140030185951,0.291319651656467,0.360907727717521,FALSE
"GALNT7",-0.217433463303471,0.291328511038708,0.360907727717521,FALSE
"HOPX",-0.318007113569903,0.291417952464217,0.360984372567086,FALSE
"ADIRF",0.181653020014064,0.292026652871371,0.361704156990727,FALSE
"SLC2A10",-0.121726447378685,0.292191161700284,0.361873681674404,FALSE
"GABARAPL1",0.0799917509843591,0.292230059477945,0.361887621896071,FALSE
"PGM2",0.135347815342076,0.292389322871306,0.362050602008052,FALSE
"ANO1",0.105723325886175,0.29245853423281,0.362067813728222,FALSE
"CYB5RL",-0.0251398930911865,0.292449968082098,0.362067813728222,FALSE
"CD38",-0.173850230776614,0.292498056400828,0.362082503252614,FALSE
"COL12A1",0.077381215447766,0.292648906494023,0.362200745303437,FALSE
"PTPN11",0.0506744163193901,0.292646218413272,0.362200745303437,FALSE
"WDR45",-0.116843427818528,0.293329682685951,0.363008999501321,FALSE
"BBS9",-0.0590842857702946,0.293813386652657,0.363573238001568,FALSE
"DDX39B",-0.0757732966309901,0.294054971770286,0.363837793253623,FALSE
"COQ10B",-0.152403697199345,0.294161163360326,0.363900401654861,FALSE
"ZNF260",-0.0836138894267591,0.294148003805215,0.363900401654861,FALSE
"RIT1",0.0526105697017221,0.294258253633981,0.363986116456546,FALSE
"NBR1",-0.0282853746969126,0.29494970109059,0.364806942529806,FALSE
"EXOG",0.124999036051261,0.295388969776187,0.365315737040415,FALSE
"TMX2",-0.0299377486872837,0.295571250028428,0.365506640726569,FALSE
"BCAP29",-0.12933203284978,0.295716972664182,0.365652305073618,FALSE
"NAV3",-0.00131908652453405,0.29578619155004,0.365703354402977,FALSE
"FRMD7",0.291728328825618,0.295905527719159,0.36581635211513,FALSE
"APCDD1",0.285521424903164,0.295981503969876,0.36587572939039,FALSE
"DHRS13",-0.124718067833248,0.296038449047805,0.365911572406898,FALSE
"CDK2",0.0705079886597467,0.296427783676741,0.366358212394591,FALSE
"CDKN2B",0.168720621507246,0.296694150558923,0.366652805278216,FALSE
"DNAJC18",-0.211630075986856,0.296881970051237,0.36685028333278,FALSE
"TBC1D5",0.0737497160762445,0.29703987914821,0.367010768007585,FALSE
"KAT2B",-0.0377930539651077,0.297445960910853,0.367477825822864,FALSE
"POF1B",0.387070675238157,0.297507835127637,0.367519586477734,FALSE
"CDCA4",0.0942717170518295,0.297554678845629,0.367542773417018,FALSE
"PCDH9",0.09199894050684,0.297844575255099,0.367866148984883,FALSE
"ZNF510",0.117896038260021,0.297989923002337,0.368010949150702,FALSE
"FGL2",-0.131702151291441,0.298358196907359,0.368431004896354,FALSE
"HOGA1",-0.105324027917446,0.29886570620129,0.36902290159269,FALSE
"VLDLR",0.189568159109275,0.298972476959106,0.369119923457998,FALSE
"HAUS6",-0.104572295661851,0.299059037402898,0.369157167422095,FALSE
"WWC3",0.0338196078717699,0.299039047241367,0.369157167422095,FALSE
"RPL36",0.0850846785745833,0.299278725981931,0.369393521311911,FALSE
"ARPIN",0.0338192584018178,0.299440333088634,0.369558148642194,FALSE
"ZNF439",-0.158740969806531,0.299741602089147,0.369895094217279,FALSE
"CDV3",-0.057036468549783,0.300026662824619,0.37021197640904,FALSE
"GDPD1",-0.150969289496966,0.300175442846827,0.370360653826281,FALSE
"CRTC3",0.0506252236556261,0.300470265905748,0.370689476181498,FALSE
"TRIM6",0.131800507741314,0.300695692083633,0.370932629865158,FALSE
"PRSS23",-0.00316199487283268,0.300810638643597,0.371039464963442,FALSE
"DNAJC3",-0.0612955047887515,0.3008774499427,0.371086912355141,FALSE
"DNAL1",-0.0692277535037591,0.300926591650003,0.371112560086835,FALSE
"WDR11",0.078532212638808,0.301059896512641,0.371241985979419,FALSE
"AMBP",0.0849859092342971,0.301110599829701,0.371269539741048,FALSE
"HOXB3",-0.250512120877282,0.301189089561744,0.371331345752176,FALSE
"TFB1M",-0.042187104955335,0.301552520135516,0.371744406178359,FALSE
"CDK4",0.0821352248103632,0.301584019592293,0.371748233170351,FALSE
"IFI16",-0.0102770690159049,0.302040738706423,0.372276158081764,FALSE
"MCAT",0.079542214196584,0.303432701597391,0.373956596941828,FALSE
"ZNF565",-0.0840034621930998,0.303924497810396,0.374527440261079,FALSE
"POU2F2",-0.206222330003539,0.304099891049425,0.374708308105324,FALSE
"FARP1",-0.0215165633278462,0.304362673831,0.374996812139606,FALSE
"AGBL4",0.33659586304818,0.304433501116152,0.375048781087104,FALSE
"ADARB1",0.0703228078991564,0.304606789325539,0.375226955763075,FALSE
"SUN1",0.0189273248180636,0.304811153530433,0.375443373978777,FALSE
"LUC7L3",-0.10788329766877,0.305229936729426,0.375923831764972,FALSE
"KPNA1",0.151845006410273,0.305298407173423,0.375972791526145,FALSE
"SEC23IP",0.0958144953587607,0.305645192250473,0.376364452308427,FALSE
"TASP1",0.009167475544489,0.305791285562032,0.376508935444195,FALSE
"ZNF678",0.145007617065817,0.305866498567065,0.376566127444048,FALSE
"ABHD14A",-0.14058059360016,0.306029549007466,0.376696018766993,FALSE
"PSMC5",0.0641470712993124,0.306005895467618,0.376696018766993,FALSE
"CRYGS",-0.118115820374522,0.306206809306318,0.376853573150889,FALSE
"INTS6L",0.0628958420064739,0.306215116955328,0.376853573150889,FALSE
"AKT3",-0.140642448688784,0.306795247520473,0.377532040655892,FALSE
"RPL8",0.071313272528098,0.306914056993973,0.377642747571908,FALSE
"FAHD2B",0.0841147427792528,0.306962145093014,0.377666422663071,FALSE
"CISH",-0.259505311733992,0.307071587613584,0.37776557273417,FALSE
"DHTKD1",-0.0516674535599693,0.307639212589526,0.378428316379036,FALSE
"CARNS1",0.103980930408469,0.307719330224489,0.378474736815143,FALSE
"ECHDC2",0.164009090377854,0.307734767292789,0.378474736815143,FALSE
"SLC4A1AP",-0.0395743195125553,0.307934294913488,0.378684556547753,FALSE
"ZKSCAN8",0.0180523638862502,0.308172978531206,0.378942484730962,FALSE
"RCBTB1",0.011178115519738,0.308327604085268,0.37909701283662,FALSE
"UGCG",-0.195229634720063,0.308538483373352,0.379320670891532,FALSE
"CADM1",-0.0547090925584996,0.308994509474087,0.379845644885892,FALSE
"CASS4",-0.135054903165875,0.309089353191927,0.379926562011896,FALSE
"DSCC1",-0.15947863158606,0.309776709472467,0.380735700376787,FALSE
"KRBOX5",0.0625099173490212,0.309827109840044,0.380759102935449,FALSE
"PPP1R8",0.0532006040868911,0.309853917100082,0.380759102935449,FALSE
"SNX6",0.0451982538913576,0.310638524692866,0.381687429871328,FALSE
"SEMA4D",0.110717474683252,0.310893553533701,0.381964940208635,FALSE
"AP1S2",-0.372847709655603,0.31112102140819,0.382208540140379,FALSE
"KITLG",0.036917578166021,0.311435751181707,0.382559284525324,FALSE
"MDGA1",0.330596813139656,0.311530773155448,0.382583616379495,FALSE
"NUDT16",0.121958080743609,0.311543227484097,0.382583616379495,FALSE
"SLC39A11",0.0550515161591488,0.31151176623842,0.382583616379495,FALSE
"PCDHB13",-0.162407976846557,0.311914910188636,0.383004127198426,FALSE
"PPM1L",0.25979371054741,0.312120720192009,0.38322090113043,FALSE
"F11R",-0.0685699206695422,0.312378376716539,0.383501285443823,FALSE
"TET3",0.00502848319366718,0.312498978643327,0.383613373501964,FALSE
"S1PR5",-0.190181318220762,0.312686572684634,0.383807670128186,FALSE
"PAPSS2",-0.032716130695885,0.312850516238262,0.383972903214712,FALSE
"AP1G1",0.0322077173426713,0.313145909007476,0.384299422640221,FALSE
"PIM3",0.0827729155527726,0.313198125530864,0.3843274776877,FALSE
"ARHGAP17",-0.146112367269429,0.313243755641928,0.384347446004135,FALSE
"INTS7",-0.0395446253730955,0.31348111563926,0.384602639485446,FALSE
"ZNF766",-0.0526730516555808,0.313618511761064,0.384735153296088,FALSE
"SINHCAF",0.0577151787052659,0.31367227869413,0.384765058808541,FALSE
"FAM13B",-0.0508026879040677,0.314567314338289,0.385806053967344,FALSE
"OMD",0.215823500686701,0.314579867560449,0.385806053967344,FALSE
"SLC11A1",-0.178241225903409,0.314675706245837,0.385887443440474,FALSE
"PEDS1",0.10039097997448,0.314924886941594,0.386156843667636,FALSE
"CD79B",0.142999625085552,0.315478104923499,0.386798965130029,FALSE
"LGALS2",-0.0828399453935582,0.315564430734397,0.38686857638119,FALSE
"DNPH1",0.118887728301163,0.315753358818778,0.387063948844142,FALSE
"EIF4E3",-0.147735331224141,0.315984683430728,0.387311251331813,FALSE
"TMEM147",0.0923231636209525,0.316228661943622,0.387574016304615,FALSE
"IGFBP4",-0.0821801681598671,0.316352978251172,0.387690086236482,FALSE
"ZFP62",-0.00811054051354411,0.316430521362008,0.387748819325291,FALSE
"RAVER2",-0.203000950823592,0.31648645882631,0.387781068690131,FALSE
"PLAGL1",-0.167405501293104,0.316722054851453,0.388033421496839,FALSE
"NPIPB4",-0.260640237357379,0.316938285127259,0.388262003264347,FALSE
"B3GALT9",-0.017927992716669,0.317058809640893,0.388373309863264,FALSE
"ZSWIM1",0.220306742217417,0.317149896677887,0.38844854030376,FALSE
"ATOX1",-0.189545922160463,0.317246216313477,0.388530165011791,FALSE
"GPATCH11",-0.0177482758608388,0.317942082282341,0.389345967752353,FALSE
"KIF5B",-0.144510822339971,0.318299445844202,0.389710684091676,FALSE
"RPL3",0.0737151467853066,0.318284298981846,0.389710684091676,FALSE
"ZBTB21",-0.166361167107867,0.318615247260583,0.390060858157429,FALSE
"RNF111",-0.00875963008683322,0.319338827727744,0.390910138626613,FALSE
"FCHSD1",0.0295297003991802,0.319509338052037,0.391082297473567,FALSE
"MMRN1",-0.416159596225743,0.319565213984923,0.3911141237254,FALSE
"AP3M1",0.216511476118926,0.319932687875483,0.391527271421371,FALSE
"HARS2",0.121710374013359,0.319989711115126,0.391560454053578,FALSE
"ERCC4",-0.00405191901032961,0.320051533834003,0.391599502892969,FALSE
"SLAMF6",0.0328556008454413,0.320247368363412,0.391802499449938,FALSE
"ZNF112",0.136093440869038,0.320281426880833,0.391807553795914,FALSE
"TAGAP",-0.00754500613643891,0.320375321522103,0.391885799249498,FALSE
"SIGLEC16",0.0155402104949424,0.320521851827568,0.392028408457261,FALSE
"CHAD",-0.189681913939726,0.320566891879068,0.392046870479286,FALSE
"LBP",0.097495922112208,0.320954212580736,0.392483892313376,FALSE
"NPRL2",0.0627392721709566,0.320984797753643,0.392484633621994,FALSE
"RHBG",-0.20873911348537,0.321448012073992,0.393004644842061,FALSE
"U2AF1",-0.350411346286716,0.321470114697039,0.393004644842061,FALSE
"BANF1",0.0683892842220587,0.321964908749193,0.39353496792179,FALSE
"EIF2S2",-0.0385546063985422,0.321966633830524,0.39353496792179,FALSE
"MILR1",0.0239204841694739,0.321994086188375,0.39353496792179,FALSE
"FGFRL1",0.121162430780823,0.322122457365185,0.393631639987486,FALSE
"RB1",-0.18657699951727,0.32213331735609,0.393631639987486,FALSE
"GPATCH8",0.101316603193534,0.322628139117726,0.394199495784346,FALSE
"RND1",0.108943905739456,0.32303670651858,0.394661866530538,FALSE
"ABCB7",0.14044902018687,0.323458825853726,0.395140706174954,FALSE
"MEX3A",-0.0195034223992885,0.323571944991187,0.395218736741833,FALSE
"NIPSNAP3A",-0.113643703124655,0.323583076622037,0.395218736741833,FALSE
"TLE4",-0.10074018133454,0.324235918561639,0.395979164720986,FALSE
"ZNF471",-0.0612034261886614,0.325406912943588,0.397372195155065,FALSE
"LRIG3",0.0889860011233819,0.325500352582145,0.397449227383458,FALSE
"CYRIB",-0.157266767489357,0.3256936419704,0.397611074289116,FALSE
"MS4A14",0.133138612774593,0.325669222855291,0.397611074289116,FALSE
"FANCM",-0.0891128320825795,0.325977563527586,0.397920583841786,FALSE
"PMM1",0.0668339472344199,0.326180033385493,0.398130616919903,FALSE
"DES",0.480127083516379,0.326523135562635,0.39847510167655,FALSE
"H2BC5",-0.142219863721379,0.326513933914486,0.39847510167655,FALSE
"GNG12",0.152023338767605,0.326605998403835,0.398539074573866,FALSE
"CCDC88C",0.048630310783191,0.326761638264564,0.398691833006493,FALSE
"NLRP3",-0.0515129333357691,0.326988843148568,0.398931873497442,FALSE
"IGFBP3",-0.117550083780801,0.327154553179437,0.399096851493216,FALSE
"SPTLC3",0.180946403166393,0.327312851003382,0.3992527574151,FALSE
"PPP1R35",0.138129464026254,0.327385162725178,0.399303759120369,FALSE
"ANTXR1",0.078544177557044,0.327977037072535,0.399988390251851,FALSE
"UTY",0.252543742912783,0.328061943087352,0.400054672028653,FALSE
"ADAMTS5",-0.197395655574005,0.328257238363437,0.400255542949997,FALSE
"TNFRSF19",-0.245626157344706,0.32883663617866,0.400924682515461,FALSE
"OAS2",0.151252436848773,0.329006754267428,0.401094741304513,FALSE
"STX18",0.109225915749663,0.329260548486648,0.401366769160819,FALSE
"CD247",0.0679483049318573,0.329362915418018,0.401454174532417,FALSE
"CLEC2D",-0.284748189643248,0.329749980024953,0.40188854389189,FALSE
"ZFP3",-0.106500459137697,0.329966420491384,0.402114900593243,FALSE
"IGLON5",0.0766419296538118,0.330097821605282,0.402237591256175,FALSE
"TMEM131L",-0.0399533969011035,0.33018554597621,0.402307042151749,FALSE
"NARS1",-0.0810412040050051,0.330535294896779,0.40269570824387,FALSE
"BLCAP",0.0303959966014313,0.330750177786227,0.402920008148998,FALSE
"FOXRED2",0.0652159873962719,0.330963709822161,0.403142620858925,FALSE
"KLHL12",0.0644903218796802,0.331113738262976,0.403287846435844,FALSE
"FCGR2B",-0.0991356612575531,0.331219300397091,0.40337889123709,FALSE
"FAM234B",0.121934968445346,0.331487457060632,0.403667918132062,FALSE
"COQ10A",-0.0819483071846939,0.331730673577924,0.403926523296333,FALSE
"ENPP4",-0.104816651761545,0.331767474784523,0.403933765449546,FALSE
"ARL6IP5",-0.117246711740038,0.332236318139449,0.404466977597328,FALSE
"DSG2",-0.0536249841824503,0.332785483592353,0.405092068240388,FALSE
"KHDC4",-0.0367140290589743,0.332811662541523,0.405092068240388,FALSE
"ATP2B4",0.0673983408915958,0.333012087934081,0.405298341101886,FALSE
"CLU",0.0944412867620534,0.333120285890821,0.405392338992623,FALSE
"POLD3",0.0806140383715643,0.33319973845983,0.405451340823133,FALSE
"CCDC170",0.0685411529820431,0.333369950244176,0.405620761022003,FALSE
"VPS13B",0.181340186749198,0.333445981485886,0.405675568219796,FALSE
"QRSL1",-0.0134905569725559,0.333492207159686,0.405690053302931,FALSE
"SLC39A6",0.159630301030059,0.33351986279403,0.405690053302931,FALSE
"BIRC3",-0.0168945394200161,0.333833958650722,0.406034391179418,FALSE
"LMBR1L",-0.0141038534871544,0.334107612320872,0.406329480771469,FALSE
"CHST1",0.186165577737165,0.334639084822488,0.406902396676302,FALSE
"TNPO1",-0.00445375739591568,0.334640857394878,0.406902396676302,FALSE
"AKAP10",-0.0623249823558862,0.334794874376162,0.407051866208462,FALSE
"GPN1",-0.0448323982566189,0.334910359796412,0.407154464709316,FALSE
"TBCB",0.0238078994734676,0.335118437405541,0.407369599119159,FALSE
"CYP26A1",-0.23452578437996,0.335194923913653,0.407397988652667,FALSE
"SOS2",-0.0579964825034738,0.335204027938171,0.407397988652667,FALSE
"MAP3K4",-0.0482912070567792,0.335329284964535,0.407512391975837,FALSE
"CISD1",-0.0356700317713369,0.335592478472332,0.407794387243343,FALSE
"HRG",-0.0672954590616345,0.33591300397671,0.408145990539498,FALSE
"TRAPPC2L",-0.116632770601528,0.336269010877834,0.408540635710153,FALSE
"GOLGA8N",-0.403421755723967,0.337657380486377,0.410189331477002,FALSE
"AUTS2",-0.083057053855372,0.338179950310765,0.41078603724889,FALSE
"HELLS",0.128193727309416,0.338448943409856,0.411074642093129,FALSE
"BTBD3",-0.088625948304116,0.3385221369637,0.411125400475766,FALSE
"SCUBE2",-0.21850664212029,0.33863602394415,0.411225565854448,FALSE
"ACOT4",-0.0460237064506741,0.339109874704306,0.411724610927272,FALSE
"USP43",0.137260391409758,0.339092900654497,0.411724610927272,FALSE
"NGF",-0.278329652237747,0.339405095844937,0.412044836313234,FALSE
"PSMA5",-0.0500247188550615,0.339622744621728,0.41224130492358,FALSE
"ZNF367",0.135198919203555,0.339629904896558,0.41224130492358,FALSE
"ZBTB43",-0.0600685206804486,0.340224158188192,0.412924323630278,FALSE
"FBXO25",-0.0263515747359992,0.340286992900289,0.412943160772973,FALSE
"SLC24A1",0.0660570537152874,0.340302762112711,0.412943160772973,FALSE
"KIF19",0.075198787470885,0.340464624988175,0.413101285481482,FALSE
"BTN3A1",0.0331537043462086,0.340596376528599,0.413174413018023,FALSE
"SLFN13",0.0507743168769309,0.340619572235222,0.413174413018023,FALSE
"TSHZ3",-0.180964504142473,0.340602414596869,0.413174413018023,FALSE
"MRPS27",0.0512054107028807,0.340678625872826,0.413207760786274,FALSE
"BRD3",0.0949191382014853,0.340895117697042,0.413432040842027,FALSE
"MUC20",-0.119865450953184,0.341035391121018,0.413563851477989,FALSE
"ATRNL1",-0.186806920508895,0.341348191499861,0.413904836817281,FALSE
"COQ6",0.0495464564628585,0.34158686055009,0.414155878711037,FALSE
"SAP30",-0.123143108344619,0.341812315531909,0.414390854240555,FALSE
"RAB38",0.16622483460872,0.341894900644562,0.414452596225797,FALSE
"CDKN2C",-0.140059592636848,0.34234135707466,0.414955378837279,FALSE
"FEZ1",0.0929383204649678,0.342445085408632,0.415042682667081,FALSE
"PACC1",0.0936333906609929,0.342672108518485,0.415279389495881,FALSE
"RBM6",-0.0634816796008684,0.342968176619095,0.415599719390707,FALSE
"PRUNE2",-0.157689971109301,0.343107385182325,0.415729929366683,FALSE
"CARMIL1",0.109343608966872,0.343263977840314,0.415847991317445,FALSE
"RNF38",-0.0409008045309348,0.343268350303058,0.415847991317445,FALSE
"SYS1",-0.056664077240099,0.343327685682643,0.415881389799886,FALSE
"SLC35B4",-0.046743278778836,0.343878191627731,0.41650969421688,FALSE
"CNNM2",0.0869249303205367,0.344040528323898,0.416667770288295,FALSE
"PNP",0.115931457236861,0.344402003569684,0.417066971670919,FALSE
"EI24",-0.0419176641373509,0.344696484582066,0.417384977446209,FALSE
"IGBP1",-0.0567854775374909,0.345193046403547,0.41794759673682,FALSE
"HAO1",-0.0396397202326577,0.345286600669771,0.418014301968834,FALSE
"NR2F1",-0.105022696481811,0.345311997845474,0.418014301968834,FALSE
"CYP27A1",-0.0685862567608616,0.345555605753753,0.418270524272201,FALSE
"AGER",0.0903868438482748,0.345587635400294,0.418270622414777,FALSE
"ZNF416",-0.0454625470553052,0.345715771952706,0.41838702961775,FALSE
"PIP4K2A",0.0295520799853875,0.346574835374923,0.419387905049311,FALSE
"ZNF320",-0.125755604178999,0.3472858522966,0.420209461947051,FALSE
"SLA",-0.0303656414343546,0.347468088795414,0.420391111589462,FALSE
"IKZF1",0.146482118536312,0.347582203824377,0.420490317175083,FALSE
"CAB39",-0.0784654982398514,0.347680157328787,0.420569954702807,FALSE
"IKZF2",-0.173870878229929,0.348043178719288,0.42097018623364,FALSE
"DMGDH",0.0193738576762029,0.348194644902585,0.421114484163015,FALSE
"JAK1",0.0521745791463734,0.348409594611371,0.421335526755225,FALSE
"EIF4B",-0.0347182098428764,0.348555777741839,0.421473376022551,FALSE
"NOA1",0.0848155462659993,0.348920394203122,0.421875304849213,FALSE
"PUM1",-0.0742079137062279,0.349354335180698,0.422321971946971,FALSE
"UVRAG",-0.0380565879074769,0.349340177359087,0.422321971946971,FALSE
"DNMBP",-0.00715951958724011,0.349812364794313,0.422836624493319,FALSE
"FAM107B",-0.0376627900386516,0.350022926043571,0.423052081588113,FALSE
"IPO8",-0.0264071781251132,0.35026526973753,0.423266836939611,FALSE
"MCL1",-0.0445138176510638,0.350264667711679,0.423266836939611,FALSE
"QTRT2",0.0645027926600386,0.350452356562887,0.423453830375756,FALSE
"ZNF346",0.0842363634782198,0.350503673755728,0.423476753120155,FALSE
"TANC1",0.00539836623213403,0.350576665733575,0.423525856582446,FALSE
"HDX",-0.0870380596470036,0.350789399602532,0.423743755268163,FALSE
"ZC2HC1C",-0.105239587739996,0.350826530743326,0.423749510147764,FALSE
"SCAF4",-0.00526846664383008,0.350992785167528,0.423911212491999,FALSE
"STARD7",0.0600529762010669,0.351128961497444,0.42403656156485,FALSE
"ARPC4",-0.046484620282589,0.351271920469376,0.424170077733358,FALSE
"F3",0.0677751356340104,0.351367544185932,0.424246415981022,FALSE
"SESN1",0.0842033495360129,0.351429565894107,0.424282172324386,FALSE
"HRC",0.145290874338671,0.351707588781514,0.424578677024212,FALSE
"SLC35G2",-0.10456319272479,0.351943208399015,0.424823942869252,FALSE
"SLC16A4",0.0533449380010073,0.352009157642966,0.424864376496885,FALSE
"RNF144A",-0.121331420900872,0.352603194272732,0.425542129371184,FALSE
"GOLGA8M",0.130982524327436,0.352741951494441,0.425670350167317,FALSE
"STMN1",-0.182110785359126,0.3532625157043,0.42625924936412,FALSE
"NONO",0.0105806778149874,0.353466650608866,0.426466260231432,FALSE
"MASP2",0.0740973939022003,0.354158000420975,0.427261015620292,FALSE
"UBR7",-0.0511899202625712,0.354254063910121,0.427337529227984,FALSE
"SYPL2",0.174243343728623,0.354529039767182,0.427629831272521,FALSE
"CINP",0.00682303567989587,0.35459642735181,0.427671711367103,FALSE
"SMC3",-0.0142689982996419,0.354752490854867,0.427820524159167,FALSE
"HMCES",0.0578959063499528,0.354880648579312,0.42791901920643,FALSE
"YWHAG",0.0645461442917329,0.354899534871938,0.42791901920643,FALSE
"SLC13A2",0.14077287368052,0.35497083068034,0.427965569137767,FALSE
"RPS3",-0.123684768882736,0.355156565141625,0.428110648267577,FALSE
"ZNF501",-0.0978069080836613,0.355141559482834,0.428110648267577,FALSE
"TRIP11",0.0851515820303716,0.355198843684202,0.42812219310565,FALSE
"FAM171A1",-0.0993632778838733,0.355890853637536,0.428916786874954,FALSE
"ARNT",-0.0407196588519035,0.356075863475243,0.428996342810953,FALSE
"KDELR3",0.107119764766833,0.356044666926773,0.428996342810953,FALSE
"LPAR1",-0.234480342448734,0.356087935940011,0.428996342810953,FALSE
"NUDT5",-0.0510315321633359,0.356059911547711,0.428996342810953,FALSE
"GMDS",-0.0679192858187061,0.356216214893405,0.42911139909684,FALSE
"IVD",0.0624760144907486,0.356319633475579,0.42915700473434,FALSE
"TSPAN18",0.117393950193543,0.356299667408336,0.42915700473434,FALSE
"SCMH1",-0.0646545069126477,0.356365619061244,0.429172908173103,FALSE
"HIF1A",-0.189270127620592,0.356737887328842,0.429542207386112,FALSE
"ITGAE",0.0239777943150132,0.356720350820817,0.429542207386112,FALSE
"ZC3HC1",-0.0144480280672389,0.35715288200132,0.430002347908891,FALSE
"CPSF3",-0.0416351614863724,0.357344780514338,0.43019382680402,FALSE
"ARHGAP18",-0.178393926624602,0.357815058076565,0.430720369652298,FALSE
"UQCR10",-0.0649317713169311,0.357886146160846,0.430766334976353,FALSE
"PTPRB",-0.185421149273688,0.358162299451763,0.431059093989932,FALSE
"MCM3AP",0.063635108029381,0.358360674946178,0.431258199870885,FALSE
"POMZP3",-0.135364262963393,0.358616760248979,0.431526711873128,FALSE
"FCN2",0.126953470155042,0.358716570801655,0.431607145017487,FALSE
"COPZ2",0.0768194074778051,0.359787279268613,0.432855638686333,FALSE
"TAF8",0.0410315674672536,0.359899028206491,0.432936189990982,FALSE
"ZHX2",-0.0262746150734682,0.359920370597453,0.432936189990982,FALSE
"LRRC37A",-0.17376091976301,0.360098292542452,0.433110413042332,FALSE
"ARID2",-0.0777289224371977,0.360291699870248,0.433277588966155,FALSE
"VEGFC",-0.24071929410548,0.360303476250728,0.433277588966155,FALSE
"CDH11",0.0677647464040466,0.361410095779987,0.434528512622977,FALSE
"ITGA2",0.250672792133702,0.361409881112515,0.434528512622977,FALSE
"PDCD4",-0.102795076079341,0.361574349551588,0.434686077532543,FALSE
"EXT1",0.0576465124464997,0.361692658689887,0.434764203646336,FALSE
"SYCE1",-0.0492012626942182,0.36170575207118,0.434764203646336,FALSE
"BTAF1",-0.0247068403572043,0.36192889974021,0.434915868360941,FALSE
"NIP7",0.0442528102125069,0.361931590726585,0.434915868360941,FALSE
"POLR3B",-0.00688888532806162,0.361923208989932,0.434915868360941,FALSE
"MOCS3",0.0512735875894307,0.362063319772226,0.435034231136012,FALSE
"ECH1",0.11373433839386,0.36227438594397,0.435169028864094,FALSE
"NFKBID",0.0386497891705907,0.36227522499158,0.435169028864094,FALSE
"NOVA2",0.0965596250303423,0.362255060110654,0.435169028864094,FALSE
"DDX28",0.0660469038983628,0.36237884115409,0.43525355856783,FALSE
"FIP1L1",0.0421029296603722,0.362626804828702,0.435511432787576,FALSE
"PLEKHM3",0.532687293917982,0.362727841869632,0.435592818359679,FALSE
"CMPK2",-0.151591079505272,0.363986523828628,0.437064254788993,FALSE
"SMIM13",-0.126194919173521,0.364094699241031,0.437154053784261,FALSE
"MYO6",-0.0999501885737234,0.364421454170385,0.437506251994377,FALSE
"NEDD4",0.00397296830946971,0.364663487360116,0.437756682240843,FALSE
"INSIG1",-0.241309198294117,0.364714051357935,0.437777240339056,FALSE
"HCN3",-0.153532743451892,0.364936275512516,0.438003824625033,FALSE
"CCDC30",-0.0352557379836708,0.364999985720763,0.438040133197931,FALSE
"GSAP",-0.092432459760937,0.36505551925015,0.43806662310018,FALSE
"FKRP",0.0637414804032565,0.365343156803048,0.438340918699405,FALSE
"UBB",0.0875757133369752,0.365351062087374,0.438340918699405,FALSE
"DAPP1",-0.0115646185169932,0.365655920377726,0.438596256980708,FALSE
"RGS10",-0.227802940550757,0.365633958456968,0.438596256980708,FALSE
"ZNF37A",-0.0214226516172934,0.365664386262177,0.438596256980708,FALSE
"PPIH",-0.122170808063956,0.365767745538117,0.438680040727833,FALSE
"GRM8",-0.090428168902139,0.365945257900927,0.438852735773467,FALSE
"RPL39L",-0.12913796167145,0.366351600200995,0.439299793902861,FALSE
"TRPS1",0.121589048034593,0.36648780291141,0.439422869833884,FALSE
"RAG1",-0.0639786565868505,0.366989934264633,0.439975158137087,FALSE
"SMYD5",0.0811650491096909,0.367031510929353,0.439975158137087,FALSE
"TCTN2",0.115731592981691,0.367049242069452,0.439975158137087,FALSE
"ALDH8A1",-0.0340702045536582,0.367300643228022,0.440236200781952,FALSE
"SH3BGRL",-0.331471779055984,0.367576332109789,0.440526303550106,FALSE
"TSPAN3",0.0490363897902727,0.367613973751913,0.440531088728608,FALSE
"LMBR1",0.0118032671798422,0.367904296976399,0.440838646898683,FALSE
"ABHD5",-0.0539001207455055,0.368062524583568,0.440987880648675,FALSE
"SSU72",-0.0664256702308998,0.368609330599469,0.44160261312301,FALSE
"CYP1A2",0.231594187725428,0.368763158461616,0.441746479145345,FALSE
"ITIH3",-0.146633891587376,0.369244682783821,0.4422828350417,FALSE
"TBX19",-0.167467456301794,0.369725101412875,0.44281776852048,FALSE
"SLA2",-0.00942209924796444,0.369871763819963,0.442952902664741,FALSE
"PDPR",0.129936207073863,0.370149031138936,0.443244408275034,FALSE
"BLM",-0.265944733300914,0.370767484704182,0.443903786899602,FALSE
"MPZ",0.186066797314386,0.370752793157588,0.443903786899602,FALSE
"TSPAN10",-0.111973414787998,0.370806295607152,0.443909658201246,FALSE
"MTBP",-0.0477235459269661,0.371048692445286,0.444159228444151,FALSE
"CD79A",0.175763384017198,0.372224341136446,0.445525788458433,FALSE
"BHMT",-0.0894257153964694,0.37249820085006,0.445812820690098,FALSE
"PHF5A",0.0579095609766218,0.372975910309417,0.446343749339203,FALSE
"MYH11",-0.291476950968027,0.37348526312232,0.446912445370388,FALSE
"CHRDL2",0.0427870678116317,0.374963612244768,0.448628654443744,FALSE
"IFIT3",0.189788752690319,0.374988035867544,0.448628654443744,FALSE
"ASGR2",0.0645269795777097,0.37539633405881,0.449076096993599,FALSE
"CSTF1",-0.0223405822471223,0.375590022933293,0.449266750136379,FALSE
"FXYD6",-0.164565281650765,0.376384636673498,0.450176106644385,FALSE
"BRCA2",0.00562468524767195,0.377027776801384,0.450904143042269,FALSE
"GYG1",0.104234377262736,0.377083689168502,0.450929819016626,FALSE
"STAT2",-0.10572588274475,0.377147911097587,0.450965426257157,FALSE
"AKR7L",-0.0616295611926901,0.377316358988807,0.451125641267714,FALSE
"ADGRL4",-0.324533968795769,0.377369952899568,0.451148518250493,FALSE
"CCDC198",-0.101216826054031,0.377625617907251,0.451412946461079,FALSE
"ZXDC",0.105770502577637,0.377716751418384,0.451480663705787,FALSE
"ARHGEF35",-0.204367614677561,0.377898568466771,0.451574302516153,FALSE
"CD274",0.0838084353068964,0.377879280634172,0.451574302516153,FALSE
"TESPA1",0.072603159821172,0.377896211449907,0.451574302516153,FALSE
"TSEN34",0.0733899406830158,0.377951214006912,0.451595992861047,FALSE
"IQCH",-0.0471157322150572,0.378918980988605,0.452711014701845,FALSE
"ITFG1",-0.0219345842381767,0.378964291696572,0.452723834920296,FALSE
"SH2D4A",-0.0528018991536665,0.379563558878326,0.453398367959402,FALSE
"BCL7B",0.0447337592279521,0.380238160457751,0.454121327924912,FALSE
"ZKSCAN5",0.107834874980953,0.3802295553123,0.454121327924912,FALSE
"PREP",0.0563639554738387,0.380456030030801,0.454340084389606,FALSE
"HROB",0.0773497060744694,0.380656679183507,0.454538238222407,FALSE
"MRPL52",0.0349194070309942,0.381271696487978,0.455231103549531,FALSE
"CAVIN2",-0.32369980319519,0.381802059060346,0.455630781965395,FALSE
"FBL",-0.0990050790597058,0.381681684216748,0.455630781965395,FALSE
"GPR155",0.100304677267942,0.381769540726065,0.455630781965395,FALSE
"IZUMO4",0.125567180908404,0.381815254273018,0.455630781965395,FALSE
"LDAH",0.0749908608043818,0.381693195248123,0.455630781965395,FALSE
"PHKB",0.0191876427812451,0.381791928785787,0.455630781965395,FALSE
"BCL2L12",0.0918795496489683,0.382198247369918,0.455766130461778,FALSE
"CXCL8",-0.00271626417984863,0.382132880012983,0.455766130461778,FALSE
"GNGT2",0.0526174282942614,0.382025586369254,0.455766130461778,FALSE
"NUP50",-0.0559364161092307,0.382076555003664,0.455766130461778,FALSE
"PAXIP1",0.0532797631665869,0.382139533294977,0.455766130461778,FALSE
"RUBCNL",-0.133369489676165,0.382067496683118,0.455766130461778,FALSE
"THEMIS2",-0.0126574106184267,0.382045868125053,0.455766130461778,FALSE
"ZNF462",-0.168265167214612,0.382207175858529,0.455766130461778,FALSE
"MMP11",0.0255128370510272,0.382292110455071,0.455825893449708,FALSE
"AKAP3",0.166953383510632,0.382804058897229,0.456353190592107,FALSE
"UTP15",-0.049546713863325,0.382797810658446,0.456353190592107,FALSE
"BMP5",0.0880926006425627,0.383032114934636,0.456583488001845,FALSE
"DAB2",-0.113940734521108,0.38306822275762,0.456584957423777,FALSE
"IRF2",0.0100933919358863,0.383159130819115,0.456651737886559,FALSE
"NABP1",-0.198426515740248,0.383336560905312,0.456821614361218,FALSE
"SIGLEC1",0.0478174527668926,0.383390485022022,0.456844291426987,FALSE
"JUNB",0.12189258223488,0.383670231084737,0.457128689823469,FALSE
"NEIL1",0.03341877197949,0.383698989647885,0.457128689823469,FALSE
"ADSS2",-0.0820531212692086,0.383791913223363,0.457162946921066,FALSE
"C1QBP",-0.0423181091637882,0.383832501722911,0.457162946921066,FALSE
"HABP2",0.140096813173927,0.383824219872787,0.457162946921066,FALSE
"COMMD8",-0.187461838156176,0.383910151307189,0.457172248582291,FALSE
"ZNF34",-0.0820188749637483,0.383889234247043,0.457172248582291,FALSE
"SACM1L",-0.0561421092623948,0.384565539441306,0.457911054330658,FALSE
"DAPK2",0.0427652663859362,0.384782797643881,0.458128081734603,FALSE
"PIK3C2A",-0.172938285104917,0.384959765023875,0.458297103182011,FALSE
"SLC4A7",-0.274045478206218,0.385356834029628,0.458728102483714,FALSE
"CCT2",0.0872656244631529,0.385399563224676,0.458737256272157,FALSE
"TRABD2A",0.193077626779041,0.385471826669754,0.458781559523675,FALSE
"ADAM12",0.079929113755398,0.385780793729459,0.459065819987827,FALSE
"ROM1",-0.117392348260367,0.385747086973985,0.459065819987827,FALSE
"CYP2C9",-0.0416596434423324,0.386062364265364,0.459359126871049,FALSE
"GALNT1",-0.0449924555825276,0.386313402574819,0.459532533755182,FALSE
"NXT1",-0.109266218934903,0.386309109784662,0.459532533755182,FALSE
"SNRPD2",-0.106525630498822,0.386291805242106,0.459532533755182,FALSE
"CDC26",0.0956366179264436,0.386496782297567,0.4597089010484,FALSE
"NOC3L",-0.0111116063377659,0.386799721931058,0.459985644429231,FALSE
"TMED4",-0.0408858603632974,0.38678599568266,0.459985644429231,FALSE
"IARS2",0.119919844676743,0.386967923700248,0.460143874394518,FALSE
"ARMC2",-0.107579796385798,0.387047130297747,0.460196260998828,FALSE
"EPB41L4A",-0.0734356313965515,0.387293214051138,0.460447035811614,FALSE
"CCDC102B",-0.199209285119515,0.387368685539128,0.460494945162831,FALSE
"ATF7",0.0868173308798992,0.387411251138714,0.46050373160596,FALSE
"DECR2",0.04495212369062,0.387465928428542,0.460510858208597,FALSE
"TRAF5",-0.249726025940412,0.387487596549489,0.460510858208597,FALSE
"VPS39",0.0846147299390169,0.388121299736071,0.461222116378745,FALSE
"KLHDC3",-0.0476050444296349,0.388425652338528,0.461500012743081,FALSE
"WDR54",-0.0268005065687586,0.38841368847357,0.461500012743081,FALSE
"RPGRIP1L",-0.0681561832021533,0.388518203740545,0.461568087420256,FALSE
"CPT1A",-0.204755627180088,0.388678460791788,0.461716578231203,FALSE
"ZNF124",-0.0684440281108127,0.388836323502368,0.461862198085012,FALSE
"DNAJC4",0.074703334815378,0.388897328879685,0.461892754213267,FALSE
"DTX3L",-0.0235402605644132,0.388947559443629,0.461910508729679,FALSE
"NFX1",-0.0228562898627615,0.389153143612153,0.46211273978869,FALSE
"IDE",0.0756666199771319,0.389693850256766,0.462712850313947,FALSE
"BOD1",-0.0474215361498502,0.389736427475149,0.462721439059096,FALSE
"NUDCD1",-0.035152171245948,0.390163578542108,0.463186576919957,FALSE
"C12orf75",0.062554251518842,0.390688628093144,0.463767841054986,FALSE
"TSPYL1",-0.0520461191566504,0.391041028698401,0.464144075042563,FALSE
"KAZN",-0.11327382619137,0.391479728639959,0.464580548164825,FALSE
"KIFBP",-0.0616641828360696,0.391466724872305,0.464580548164825,FALSE
"PLEKHA7",0.0927393903650488,0.391592275451203,0.464671990411234,FALSE
"EXOC6",-0.092129357284355,0.391866111286393,0.4649547878341,FALSE
"HACL1",0.117323787829796,0.392319411917324,0.465411434641619,FALSE
"TJP1",-0.0516982562790976,0.392322073992126,0.465411434641619,FALSE
"HERC3",0.136408429330698,0.392501034443304,0.4655815477876,FALSE
"KCNJ2",-0.0810853724258185,0.39260250818307,0.465659724328026,FALSE
"NNT",0.0286653479790757,0.392696181327664,0.465728635378365,FALSE
"CCDC92",0.0723401542011013,0.393008009253625,0.466056237060549,FALSE
"DRC3",-0.0893366369165607,0.393060889571461,0.46607672912504,FALSE
"SLC7A8",0.0148254113005689,0.393463620758221,0.466512019830341,FALSE
"NDUFB11",-0.121365946093721,0.393522964858501,0.466540130030561,FALSE
"MED26",-0.135880016010323,0.393572321549832,0.466556395665555,FALSE
"DAAM2",-0.0906768617383392,0.393976405662129,0.466993128377419,FALSE
"ZNF714",0.0764969950256314,0.394567477756763,0.467651404924094,FALSE
"CAND1",0.00138766421621711,0.39535547239223,0.468542938767002,FALSE
"PLS3",-0.0171902447257983,0.39566391904625,0.46886604165039,FALSE
"OLFML2A",-0.241411819179984,0.395823003756754,0.469012106542078,FALSE
"GLS",-0.0376459822514043,0.395911470721624,0.469032031009637,FALSE
"RASGRP3",-0.102693439127653,0.395898797417951,0.469032031009637,FALSE
"NDUFA3",0.0695539304814682,0.396678064832961,0.469855172785048,FALSE
"STIMATE-MUSTN1",0.170845554169921,0.396652515365199,0.469855172785048,FALSE
"ZNF423",0.0895068749204052,0.396964318518941,0.470151696946805,FALSE
"NAA15",-0.0204063746759384,0.397475244074989,0.470714237487992,FALSE
"SIGLEC11",0.0308159426424881,0.397687212046287,0.470922664626446,FALSE
"PSMB8",0.032236608485299,0.397889837821339,0.471119992471463,FALSE
"SLC4A10",-0.294457799454345,0.398507520279477,0.471808686516451,FALSE
"CGN",0.0583577366381039,0.398611083619651,0.471852038142,FALSE
"POLA1",-0.0241164421678457,0.398616219206425,0.471852038142,FALSE
"RBM20",0.154749492495816,0.398732950704878,0.471947544582612,FALSE
"CRYBB3",0.182079723021347,0.398859198415422,0.472011626652328,FALSE
"ZNF506",0.00846560586871675,0.398827921752954,0.472011626652328,FALSE
"PROSER2",0.0510287486114615,0.398952821827364,0.47207974903867,FALSE
"TAMALIN",-0.223607042650358,0.399422315267775,0.472592584860887,FALSE
"IRAK4",-0.0431263030034411,0.399459455659462,0.472593818316797,FALSE
"AKR1C1",-0.0646412534095458,0.399549561703892,0.472615003779125,FALSE
"TBC1D8",-0.0591606710715073,0.399546837394658,0.472615003779125,FALSE
"CSGALNACT2",-0.0862113733484899,0.400363853905419,0.473535421025364,FALSE
"TM4SF18",0.0376465079545379,0.400772075103553,0.473932617401835,FALSE
"TTC39C",0.0914204742643296,0.400768478945257,0.473932617401835,FALSE
"FMNL2",-0.22734319310805,0.400913335135142,0.474056844616083,FALSE
"IL6R",0.095370682309593,0.401146095694852,0.474289233706945,FALSE
"HHEX",0.0108774912565106,0.401403980270794,0.474551283159223,FALSE
"SIAE",0.0572885492700594,0.401653685899788,0.474760748988807,FALSE
"ZNF841",-0.117477492159274,0.401648031089078,0.474760748988807,FALSE
"TACO1",-0.0487520794036813,0.401912609790203,0.475023913277362,FALSE
"HTRA2",-0.0131546135061959,0.402017465630011,0.475104952159966,FALSE
"GPX7",-0.0239482852358115,0.402118558650195,0.475181529907786,FALSE
"GNG2",-0.300795366293847,0.402328986618535,0.475344381627097,FALSE
"NUDT1",-0.0463769854886426,0.402302312319787,0.475344381627097,FALSE
"BABAM1",-0.170932858654432,0.402418288633516,0.475406987438187,FALSE
"NUDT9",-0.0540590358626626,0.402804435803486,0.475820235815144,FALSE
"RSL1D1",-0.0425040945899862,0.403033942728765,0.47604839211521,FALSE
"SURF2",0.0735549880443695,0.403170610661363,0.476166859249306,FALSE
"SPATA33",0.173378988671009,0.403507105209081,0.476521290041249,FALSE
"CIART",-0.0546355419087958,0.403567609446786,0.476549755829108,FALSE
"RPL29",0.116933800551911,0.403634716433328,0.476576148504845,FALSE
"UBA52",-0.0982154393382153,0.403662764342364,0.476576148504845,FALSE
"CEP128",0.0848455874127026,0.403710321769274,0.476589317637812,FALSE
"PDCD6IP",-0.0527884832996573,0.403935221208103,0.47674959354019,FALSE
"PDE4DIP",-0.0365996469616545,0.403955334642631,0.47674959354019,FALSE
"RSKR",-0.0494801769709461,0.403952367190357,0.47674959354019,FALSE
"NUP43",-0.0467243382747061,0.404136576538968,0.476920502978922,FALSE
"ZIC1",0.126625641047071,0.404342310355307,0.477120281854139,FALSE
"ARHGAP24",0.0403724052570088,0.404432822975923,0.477184077000792,FALSE
"ALLC",-0.349046012519078,0.404680106873335,0.477432816003037,FALSE
"ANXA1",0.0830561976555094,0.404756286395189,0.477479663136225,FALSE
"ACOT11",0.0646257406135323,0.405017532939711,0.477744800544796,FALSE
"GOLGA8R",0.299631929083121,0.405637363433569,0.478432825411917,FALSE
"DOCK1",0.0736897278279903,0.40576025759603,0.478534662863456,FALSE
"GPX4",0.0706033627957262,0.405802205562872,0.478541026412279,FALSE
"TIGIT",-0.147959376353206,0.406055640228157,0.478753642098976,FALSE
"TUBB6",0.0438673434483675,0.406038771918309,0.478753642098976,FALSE
"TMEM178A",-0.121111144999335,0.406269385064008,0.47896252041945,FALSE
"SPRY4",-0.184505438214889,0.406306254026824,0.478962855908444,FALSE
"ABTB3",0.159275121619372,0.406506397117913,0.479155645184813,FALSE
"ANOS1",0.0608400803997576,0.406662851035929,0.479253762333458,FALSE
"PLEKHA4",0.151602120642165,0.406633077560484,0.479253762333458,FALSE
"BMP6",0.146827556583988,0.407148109393673,0.479782452581635,FALSE
"MYH3",0.0785299233219521,0.407428947245184,0.480070180661862,FALSE
"FKBP5",-0.20076436452774,0.407484944605903,0.480092953093995,FALSE
"IQCK",-0.0828201148964305,0.407547695686701,0.480123677848492,FALSE
"GTF3C4",0.0427296228395478,0.407884454067587,0.480477170474433,FALSE
"SGO2",0.0813954525133316,0.407933862960552,0.480492139800229,FALSE
"EFNB2",-0.196853627948492,0.408253524947043,0.480825400198514,FALSE
"BEX3",-0.0855121827286378,0.408363832677147,0.480912053378538,FALSE
"SULT1A2",-0.0816695049608759,0.408487711853962,0.48101467202663,FALSE
"CXCR6",-0.245989379302087,0.408690437086871,0.481210109033305,FALSE
"RAB6B",0.268223050142116,0.408749176303349,0.48123599066218,FALSE
"PCGF1",-0.0297751322547198,0.408920650764464,0.481394583203701,FALSE
"INTS12",-0.028907693740458,0.409410277473865,0.481927652642316,FALSE
"SHC1",0.0759647445029481,0.410077090597465,0.482669178288412,FALSE
"MPZL2",-0.0367592058397878,0.410135595919406,0.482694644172677,FALSE
"HSH2D",-0.144458239327456,0.411028287833668,0.483701783758956,FALSE
"LZTS3",0.0737143379426194,0.411221454625732,0.483885608840561,FALSE
"PDXDC1",0.0443169252663445,0.411530017856417,0.484205176038125,FALSE
"LRRN1",0.205899175916509,0.411632860290234,0.484282656984161,FALSE
"CUTA",-0.0972900938867664,0.412118002455031,0.484778327658815,FALSE
"GTF3C2",-0.0202593840347687,0.412128229975757,0.484778327658815,FALSE
"RPL18",0.00479488318876879,0.412282923748967,0.484916722461726,FALSE
"ADGRF5",-0.160306570785973,0.412655976755692,0.48526830572941,FALSE
"PNMA2",-0.223019508972834,0.412624878283203,0.48526830572941,FALSE
"MEX3D",0.0700456897011406,0.41302784660464,0.485661987403264,FALSE
"EIF3D",0.0368634454916004,0.413449737449236,0.486114410658769,FALSE
"PGM1",0.157283620249666,0.413750177875105,0.486423969894116,FALSE
"PHF2",0.0170586870664482,0.413862805683031,0.486512692107591,FALSE
"PLAUR",-0.383803233862349,0.414112864710026,0.486762939915933,FALSE
"OGG1",0.0693155226020678,0.414164534543802,0.486779970037477,FALSE
"EXOSC7",-0.0737438467160973,0.41424728446142,0.486833523174947,FALSE
"SERPING1",0.0663421179273375,0.415105762121661,0.487798639053656,FALSE
"SPATS2",0.0501484894762396,0.415288539961381,0.487969625307341,FALSE
"ZMIZ1",0.116805525857363,0.415700793741418,0.488410193992878,FALSE
"FRMD3",0.0364592432448116,0.416461216241886,0.489259713122646,FALSE
"IL33",-0.20611270942717,0.416579021982476,0.489354199712389,FALSE
"ZNF362",0.0916315794199972,0.416706000062338,0.489459443102111,FALSE
"CALCRL",-0.0421196231548328,0.418286024495373,0.491271250802317,FALSE
"ICAM3",0.0439514204657927,0.418684146139983,0.491694729212832,FALSE
"ZNF579",-0.160258460746553,0.418788489807787,0.491773155311108,FALSE
"BCAT1",0.0179958918639871,0.4189336820448,0.491899530522917,FALSE
"DDX55",0.0108420750872763,0.419294146740421,0.49227862695055,FALSE
"APOA5",0.108239634003616,0.419373587671983,0.492320129837238,FALSE
"SLC22A23",0.0540515559741792,0.419404705780226,0.492320129837238,FALSE
"SWSAP1",0.087378040839805,0.419583360730265,0.4924856875274,FALSE
"MAPKAPK5",-0.0228119279257258,0.419671118790216,0.492544534935142,FALSE
"RPL35",-0.0957158641872946,0.419966569397592,0.492819718668546,FALSE
"ZNF274",0.0445508284057605,0.419980873906581,0.492819718668546,FALSE
"GTF2IRD1",0.0954240831437714,0.420130093098958,0.49295063441939,FALSE
"OTUD6B",-0.00577446273837281,0.420183340161338,0.492968929957185,FALSE
"PTTG1IP",0.0477280103799833,0.420296767837119,0.493057821193867,FALSE
"OSBP",-0.0177211052334238,0.420428149726828,0.493167757031058,FALSE
"CFAP418",0.00757706095876764,0.420500839480477,0.493208832689339,FALSE
"ZDHHC11B",-0.100676995826956,0.420813223270287,0.493531014875445,FALSE
"KLRD1",-0.194643502775356,0.421028498946383,0.493739260856865,FALSE
"SNRNP35",-0.106376062448792,0.421235564355018,0.493937842233398,FALSE
"SPIRE2",0.0117578131524849,0.421276077693652,0.493941107752578,FALSE
"RPP40",-0.0734602171014527,0.42150800082734,0.49416877826019,FALSE
"CDC25B",0.102362609296824,0.421643508629583,0.494283382430024,FALSE
"THBS3",-0.0212805094430659,0.421764989260455,0.494381523806775,FALSE
"WNT2B",-0.114115973464168,0.42180959572115,0.494389545853294,FALSE
"ABHD1",0.0693419530195095,0.42196052003526,0.494522167066657,FALSE
"TMEM80",-0.0378801181917203,0.422097504880567,0.494638429457249,FALSE
"CC2D1B",0.0618826098936588,0.422543657940907,0.495116939923239,FALSE
"SPATA24",-0.130779076127224,0.422852478065378,0.495390124638203,FALSE
"ZNF764",-0.100413071510398,0.422845677631556,0.495390124638203,FALSE
"WASHC2C",0.0447374975686753,0.42289582127836,0.495396572313555,FALSE
"CRY2",0.064189213243249,0.423019335289795,0.495496925616355,FALSE
"CEP112",-0.103105002990817,0.42317904493856,0.495639654351013,FALSE
"COG5",0.0829499188370692,0.423364215126477,0.495812175009915,FALSE
"LPIN1",-0.098802557454646,0.423651001543302,0.496103659410099,FALSE
"HSD11B1L",-0.152866742672854,0.424773569366964,0.497373720611063,FALSE
"TRIM69",-0.0863728108621552,0.425156827505592,0.497777963307387,FALSE
"PLCXD3",0.0145901922789211,0.425823782120496,0.498514258742872,FALSE
"ARL4A",-0.189844752218176,0.425931250933679,0.498595487949188,FALSE
"FNDC4",0.0586438527651107,0.426259287992853,0.49893487692467,FALSE
"CLTC",0.00738433379215784,0.426706169993619,0.499413300335818,FALSE
"ERLN",0.0165877304142147,0.426807559993138,0.499487313437934,FALSE
"PRDX1",-0.0389361306805659,0.426857194720329,0.49950075020366,FALSE
"LPGAT1",-0.0414645447999376,0.426974339686771,0.499593176796783,FALSE
"ST8SIA4",-0.0400617435611934,0.427249469962452,0.499870425446687,FALSE
"PRDX5",-0.0753529068706126,0.427468367938196,0.500081840143585,FALSE
"CCZ1B",0.150141629428948,0.427550525938075,0.500133263543717,FALSE
"ALKBH6",0.0186548602573234,0.427888525709407,0.500483925541638,FALSE
"PSMA6",0.202203395346423,0.4283852112838,0.501020116681036,FALSE
"HPS5",0.0719796505317465,0.428537583870683,0.501108793143532,FALSE
"SUPT7L",-0.0332995582101314,0.428507089017737,0.501108793143532,FALSE
"NLRP11",0.0464811287807873,0.428901845629291,0.501489949359532,FALSE
"CSE1L",0.145790499659007,0.42896129788378,0.501514673325097,FALSE
"PTCD1",0.119066529346427,0.429253002110638,0.501810903083531,FALSE
"LRRC37A3",-0.143004398281579,0.429504853594919,0.502060494934347,FALSE
"KNL1",-0.100226828461491,0.429569431452302,0.502091152269756,FALSE
"CIT",0.10417327925492,0.429857566547293,0.502293400681646,FALSE
"GTF2H2C",0.0107376181364769,0.429783650137304,0.502293400681646,FALSE
"IFNGR2",0.0395466329485665,0.429846655413255,0.502293400681646,FALSE
"ZNF778",0.0618627098892393,0.430013305250845,0.502430539254268,FALSE
"DLG3",0.084579972927771,0.430437079468663,0.502880799964639,FALSE
"PIGL",-0.189816105589297,0.430661994222434,0.503098673004382,FALSE
"CEP152",-0.085828218037901,0.430700892145099,0.503099221981053,FALSE
"SCN4B",0.0832297908384841,0.431105476788853,0.503526889296071,FALSE
"FAXDC2",0.116066473935749,0.431523966318778,0.503970719629389,FALSE
"DNAJC10",-0.0633009715239805,0.431612511016048,0.504029167266265,FALSE
"CYBRD1",-0.239731719459554,0.431712181741801,0.504089225674155,FALSE
"INAFM2",-0.152115391288676,0.431740947714964,0.504089225674155,FALSE
"ULK2",-0.0862857078020637,0.432062434722892,0.504419600088469,FALSE
"VPS35",0.0523901571530835,0.432487630529568,0.504870981622212,FALSE
"TRPC5",0.398272320006996,0.432769793334258,0.505155325814203,FALSE
"FZD8",-0.130017828786486,0.432965131013676,0.505293233662956,FALSE
"LCMT1",-0.0619004670152159,0.432940489195321,0.505293233662956,FALSE
"MCPH1",0.103039452242253,0.433056467107819,0.505354779158175,FALSE
"TEK",0.0543958558906414,0.433299549222503,0.505593377755883,FALSE
"IFT172",0.0840278076661439,0.433547438206737,0.505837542197896,FALSE
"CABP4",0.0158804034817526,0.433699326217258,0.505969664840166,FALSE
"RORC",-0.0625906577666797,0.433829814513577,0.506076800464381,FALSE
"RABGAP1",-0.0336316349814743,0.434156081050584,0.506412278431419,FALSE
"RNPS1",0.0145494271986356,0.434210109591402,0.50643017859872,FALSE
"CPSF2",0.11570204027821,0.434292326855421,0.506466218117382,FALSE
"SRR",-0.0462578741665034,0.434318379988073,0.506466218117382,FALSE
"EIF2B3",0.00116249974882917,0.434379416955642,0.506492280618388,FALSE
"SEPTIN2",-0.0625669820192789,0.434714246333899,0.506837555704284,FALSE
"NR1D1",0.108153523067586,0.434857979406491,0.506959988102385,FALSE
"PSMB9",0.0114542270394056,0.434992796676587,0.507072005528437,FALSE
"SEMA3C",-0.354424207325387,0.435556549635162,0.507683969713635,FALSE
"ZFP69B",0.175572767691767,0.435614151523819,0.507705908639708,FALSE
"RDH11",-0.0414125075313619,0.435805683614206,0.507883924681964,FALSE
"PSMC2",0.0552436944394193,0.4359930001519,0.508056996705712,FALSE
"ME3",0.0126728948451771,0.43709884462336,0.509254967856993,FALSE
"PLA1A",-0.146662254595856,0.437075532574198,0.509254967856993,FALSE
"C11orf21",0.0334876606092699,0.437192492647531,0.509318750110472,FALSE
"HSD3B1",0.205201399214115,0.4373344338124,0.509424524946541,FALSE
"HTATIP2",-0.0491493554185254,0.437374828698388,0.509424524946541,FALSE
"ZNF830",0.0452349672561288,0.437400021763219,0.509424524946541,FALSE
"PGCKA1",0.0332567505505019,0.437478443937463,0.509425223519458,FALSE
"RBBP5",0.124651505832166,0.437450101109458,0.509425223519458,FALSE
"PAPPA2",0.150484755246215,0.438360143024052,0.510406527256394,FALSE
"SLC12A2",0.0387294471166851,0.438402537040191,0.510410494880408,FALSE
"NIBAN1",-0.121268443946472,0.43855565365385,0.510543359206492,FALSE
"ZNF16",0.0399970843738948,0.438698822316016,0.51066462005524,FALSE
"VDAC1",-0.0435916860995427,0.438771464480944,0.510703770713417,FALSE
"ZNF557",-0.00363077046967966,0.438888761980746,0.510794885932254,FALSE
"ZNF582",-0.0735751087001157,0.43917178171301,0.51107884143882,FALSE
"ATP11B",-0.00126982175649109,0.439959969635207,0.511950575279009,FALSE
"EIF2S1",0.0610283280496515,0.440277642212994,0.512274697107405,FALSE
"BTNL9",-0.264351710999857,0.440520251727339,0.512473406948839,FALSE
"PYCR2",0.0334821771757728,0.44052671263384,0.512473406948839,FALSE
"DOCK9",0.0767615616139263,0.44064796036428,0.512568911336219,FALSE
"SERINC3",-0.0466354427562267,0.440946960149156,0.512871144480522,FALSE
"KLF7",-0.0514218620802008,0.441301143153363,0.513237502546311,FALSE
"ESYT2",-0.0448846250564932,0.441374719132579,0.513277475829074,FALSE
"MCCC1",0.0299075778569736,0.441525706406948,0.513407456104429,FALSE
"MAPRE2",0.0832872255321172,0.441705142354166,0.513570490559569,FALSE
"MRPL27",0.0158837556280024,0.442113175010611,0.51399926180969,FALSE
"TMLHE",0.0436993278518019,0.442369433410441,0.514251520352468,FALSE
"COPS3",-0.0236300629722124,0.442814901189888,0.514723669215841,FALSE
"AQR",-0.00764709226998566,0.442941776286495,0.514734043595135,FALSE
"NDUFS1",0.089717408354657,0.442922769689715,0.514734043595135,FALSE
"PNMA1",0.0340096086153121,0.442930255655638,0.514734043595135,FALSE
"F5",0.0951887803557095,0.443671112409182,0.515535830625811,FALSE
"DYNLL1",-0.0914333478820288,0.444662955406523,0.51662195280206,FALSE
"RNF6",0.0854299744230579,0.444684752988575,0.51662195280206,FALSE
"LOC124900217",-0.0898291261992358,0.445496572633011,0.517473261370897,FALSE
"NBEA",-0.167528854481804,0.445473152709137,0.517473261370897,FALSE
"AOC1",0.280283403729529,0.445617120604182,0.517567365414297,FALSE
"SMCO4",0.0462956668394007,0.445668852608167,0.517581532719429,FALSE
"PLAC9",0.039908595555466,0.445809207765884,0.517652696059508,FALSE
"SYT9",0.163304219366056,0.445808210936929,0.517652696059508,FALSE
"FJX1",0.162017767834593,0.44645992061294,0.518362298746418,FALSE
"ZNF763",-0.121906165047345,0.446658183168988,0.51854650474846,FALSE
"LXN",-0.0580257969257991,0.446833432253123,0.518703963030492,FALSE
"TMEM26",0.0560909478291722,0.446995819496643,0.518846464123597,FALSE
"KMT2A",0.0642133380025653,0.447110156626397,0.518933171148296,FALSE
"SERPINA11",0.0889284342053341,0.447158115569876,0.518942828564915,FALSE
"RNF145",0.0579047401071469,0.447386910230562,0.519162331921514,FALSE
"OSTM1",-0.114197596499732,0.447565268786916,0.519323273859639,FALSE
"MANBA",0.0457623587320394,0.44778579911866,0.519533116099033,FALSE
"LIPC",0.104850009081148,0.448067190794583,0.519813527858456,FALSE
"BLTP1",0.0586680194884224,0.448307910416307,0.52004670947814,FALSE
"RAD50",-0.0118695708000421,0.448430532385701,0.520142866128608,FALSE
"PTPRS",0.107898056997429,0.448942555786635,0.520690639649064,FALSE
"SSH2",0.034504816907645,0.449114100713848,0.520843458813509,FALSE
"GMEB1",-0.079243208706281,0.449408706991042,0.521046651782387,FALSE
"PWP1",-0.0296732763416105,0.449408624273472,0.521046651782387,FALSE
"TTC28",0.00121691113189901,0.449366957137025,0.521046651782387,FALSE
"NELFCD",-0.0148017360355094,0.449493213467487,0.521098481423567,FALSE
"IQSEC3",0.173836063222038,0.449924838293678,0.521552681329983,FALSE
"EHD2",0.0880794069543684,0.450416035234282,0.522049180909488,FALSE
"ZNF30",0.0425255566561897,0.450432901585211,0.522049180909488,FALSE
"CDCA3",0.0783677184239637,0.451993496648481,0.523811530328575,FALSE
"PLPP3",-0.135449326466144,0.453562336442586,0.525583121676964,FALSE
"KARS1",-0.0314223766997588,0.453645048851932,0.525632443540976,FALSE
"FBP1",-0.082404182405352,0.45395973408456,0.525950516693368,FALSE
"WBP2",0.0539674772198074,0.454547803292182,0.526585243845787,FALSE
"PIWIL4",-0.15838009643265,0.454621993000824,0.526624591432206,FALSE
"PRKCA",-0.0112642909269603,0.454904665539419,0.526905412832175,FALSE
"ASPRV1",0.0579731727982559,0.455005882291487,0.526929412734201,FALSE
"EPB41L1",-0.144046066321583,0.454998242896923,0.526929412734201,FALSE
"ZNF547",-0.111956704697425,0.455101561679512,0.526993600345673,FALSE
"MACF1",0.123247111327504,0.455735500174326,0.52766537282894,FALSE
"NLRC3",-0.0492399680568498,0.455762300332238,0.52766537282894,FALSE
"MTMR4",-0.053887492505665,0.456498412735234,0.528424157341263,FALSE
"SAA4",-0.0895048753444962,0.456465373671057,0.528424157341263,FALSE
"LRRC51",-0.0481977372310055,0.45662828663011,0.528527763112138,FALSE
"AURKC",-0.185960510113511,0.456771998598805,0.528586481731899,FALSE
"GTF2E1",-0.0682841957751968,0.456756906020621,0.528586481731899,FALSE
"LMNB1",0.0623105058965491,0.456800141637237,0.528586481731899,FALSE
"CETP",-0.242607485640905,0.45784630298813,0.529609807273422,FALSE
"OXSM",-0.0435187946156492,0.457793953587481,0.529609807273422,FALSE
"PDE1B",-0.0239456440748993,0.457834020389854,0.529609807273422,FALSE
"ZNF438",-0.0292454909300891,0.457760300484498,0.529609807273422,FALSE
"CENPP",0.0721335870542453,0.458089032676244,0.529843768512889,FALSE
"CLTA",-0.0693649923805646,0.458744418952373,0.530511264277593,FALSE
"DNAJC9",0.0297334909378812,0.458747175594763,0.530511264277593,FALSE
"LY6G5C",0.0920501102221578,0.458860798228379,0.530595793181941,FALSE
"KLHL42",0.0810891909995482,0.45905340254663,0.530771628202816,FALSE
"TXNRD3",0.120667995440489,0.459696049427863,0.531467739236099,FALSE
"ARL13B",-0.12354544747309,0.459767899332471,0.531488414136903,FALSE
"LSM12",0.122708977455869,0.459795125153877,0.531488414136903,FALSE
"NPM3",0.100321087449843,0.459911442408744,0.531575933964446,FALSE
"AUP1",0.0481034064952729,0.460274957235108,0.531902174960017,FALSE
"RBM4B",-0.0371796239967662,0.46027120477951,0.531902174960017,FALSE
"BLOC1S2",-0.0526299271028534,0.461508142634145,0.533280194471865,FALSE
"ZNF41",0.000925963282797848,0.461988986884511,0.533788704994441,FALSE
"SACS",-0.150759832316296,0.462294218637792,0.534094238475642,FALSE
"EZH2",0.119542237729976,0.462648179910928,0.534456010888015,FALSE
"ARHGEF10",0.0220303767211868,0.463147668602326,0.534985819423121,FALSE
"SMC6",0.0469375651189024,0.463258063486992,0.535066128555068,FALSE
"MAP3K12",-0.107283257306563,0.463770777227066,0.535611063466545,FALSE
"CORO2A",0.107233508231733,0.464054809743269,0.535891820513264,FALSE
"HMGN4",0.124307428547149,0.464711467916507,0.536602799255858,FALSE
"UIMC1",-0.0520309213102619,0.465399781214864,0.537350201575536,FALSE
"CFH",0.043708521161131,0.465503488350297,0.537422545809708,FALSE
"HNRNPA2B1",-0.0389061141594171,0.465795624539528,0.537712398948197,FALSE
"EPG5",0.0983040795910466,0.466110687983825,0.538028665763026,FALSE
"PPIB",-0.0785636551365628,0.466433729156831,0.538354084644382,FALSE
"CTF1",-0.154409369651363,0.466558816034968,0.538450989027662,FALSE
"DCXR",0.0983469561939659,0.466657545330813,0.538517459979815,FALSE
"CATSPERG",-0.134776123516129,0.466740587136892,0.538565817627022,FALSE
"FLVCR1",-0.133245601978929,0.466839256741753,0.538632197872833,FALSE
"ZNF525",-0.0656363963653322,0.467026497170262,0.538800749114652,FALSE
"NIF3L1",0.0319021129216028,0.467575712095555,0.539386837849591,FALSE
"S100A1",0.118870577168566,0.467793047700428,0.539542470310458,FALSE
"TMEM101",0.0503445389461741,0.467765964978926,0.539542470310458,FALSE
"YIPF5",-0.0393280174307931,0.468274598079901,0.54005030285959,FALSE
"MAGEH1",0.0397369399123474,0.468587230897406,0.540363254374072,FALSE
"ZFP28",-0.105790539702584,0.468799263230765,0.540560150979141,FALSE
"PAN2",0.128595913277408,0.469564619818655,0.541394980419712,FALSE
"ARMH4",0.185729106155723,0.469845602084513,0.541671241853685,FALSE
"UQCC2",0.031143901255468,0.470343126364172,0.542197077604978,FALSE
"CEP97",-0.11488461414838,0.470452236896849,0.542275108773864,FALSE
"CXCL11",0.0563851898775397,0.470500070234339,0.542282500176773,FALSE
"RERGL",0.096129647457389,0.470849275282196,0.542637210562897,FALSE
"RPSA",0.0196476719781573,0.471094515008019,0.5428720526789,FALSE
"STS",0.0324320148271889,0.471340356783903,0.543107547176101,FALSE
"ZNF704",0.066194353280664,0.471406551040813,0.543136017444894,FALSE
"KIF9",-0.0676136204816342,0.471617880164673,0.543331686652226,FALSE
"KNSTRN",-0.0650794339261331,0.471810621925742,0.543472300139113,FALSE
"PRKAB2",0.206183430661078,0.471822957789578,0.543472300139113,FALSE
"ACTMAP",0.0571228622106149,0.471889363014484,0.543481161126063,FALSE
"POLN",0.0229637152596512,0.47191367550268,0.543481161126063,FALSE
"ACTRT3",-0.0314076414912818,0.47213466611745,0.543687839634942,FALSE
"RHOU",-0.0488997740673058,0.472262399706768,0.543787100876078,FALSE
"CHST12",-0.0211523126351201,0.47265702281787,0.544193627889504,FALSE
"BHLHE41",0.0496426738696764,0.472890217921878,0.544354210676959,FALSE
"HSPA9",0.0576909878383214,0.472878851769272,0.544354210676959,FALSE
"RNF170",0.0494606931613766,0.472921233748834,0.544354210676959,FALSE
"ZNHIT1",-0.0918509392388974,0.473060905832833,0.544467110256127,FALSE
"ATP6V1H",-0.0455911584686082,0.473179723113435,0.544481379419081,FALSE
"CNN3",-0.0353953290820501,0.473198070197854,0.544481379419081,FALSE
"TRAF6",0.104487647618066,0.47316737535021,0.544481379419081,FALSE
"C19orf38",0.0815509100014365,0.473345613687153,0.544603284505863,FALSE
"HEY1",-0.109171908518503,0.473478272278603,0.544708043995736,FALSE
"LRP2",-0.151723778259497,0.473621919790619,0.544825426052085,FALSE
"BORA",-0.0677677223033413,0.473785976061144,0.544918386944785,FALSE
"NAXE",0.0409019083395714,0.473759116883248,0.544918386944785,FALSE
"RBBP7",-0.0304324989330948,0.475167128682008,0.546458893948072,FALSE
"DLD",0.0869588032066684,0.475378165912701,0.546653574714896,FALSE
"PSENEN",-0.119856822147493,0.475600353106519,0.546861041882184,FALSE
"RIPK1",0.0600077509334887,0.476048716307081,0.547280452572208,FALSE
"TIMM17A",0.0910121022077746,0.476033129841804,0.547280452572208,FALSE
"FREM1",0.104516789699787,0.476113996723554,0.547307440960994,FALSE
"ZNF514",-0.108096848837687,0.47632313984214,0.547499784619253,FALSE
"LCP2",-0.151054749924014,0.476494445694289,0.547648607060805,FALSE
"DPM1",-0.0241640285091408,0.476541954943695,0.547655132911065,FALSE
"PRDM6",-0.128719721218383,0.476952166195244,0.548030345780949,FALSE
"ZNF852",0.275894807770426,0.476926489170089,0.548030345780949,FALSE
"CLASP1",0.0911296617014412,0.477040941017418,0.548084247459416,FALSE
"CHURC1",-0.0627172846297027,0.477205042765439,0.548224677069597,FALSE
"HSD17B1",0.159011559823871,0.477325761234778,0.548315246651375,FALSE
"DACT1",-0.0232937898226465,0.477501808862191,0.54846935266045,FALSE
"MAP6D1",0.0951000759809481,0.477906429657124,0.548837805006234,FALSE
"RAMP3",-0.0582645893915425,0.47789555754104,0.548837805006234,FALSE
"PLAAT2",0.0218448788014351,0.477994892313539,0.548891249028055,FALSE
"RPLP2",0.0497466157397915,0.478550469405796,0.549481033631002,FALSE
"CPSF7",-0.137164190316859,0.478643932862779,0.549540153384153,FALSE
"JAM3",0.0475705888274487,0.479438180208844,0.550403775455471,FALSE
"TJP2",0.0767201894611174,0.479600980024497,0.550542396359555,FALSE
"DEPDC5",0.0643327562490553,0.479754102020338,0.550621609858005,FALSE
"TFPI2",-0.380986923998858,0.47971698958742,0.550621609858005,FALSE
"ECD",0.0056698778974219,0.480241994852453,0.551084950180411,FALSE
"ZC3H12B",0.0155558256730495,0.480215797240007,0.551084950180411,FALSE
"NEMP1",0.0363220002835194,0.480324689333808,0.55113153661334,FALSE
"KIAA0040",-0.0809342861643436,0.480522215931832,0.551261553713595,FALSE
"RNF227",-0.11822651798955,0.48051727756739,0.551261553713595,FALSE
"CASP8",0.0525146839875478,0.48097352489633,0.551730954871003,FALSE
"SLC19A3",-0.0124355077241072,0.481535828898675,0.552327586467623,FALSE
"SPIN2B",0.0589142567908517,0.481933531739246,0.552735330488849,FALSE
"NPNT",0.138885589315304,0.482672544291988,0.553534420976761,FALSE
"CXCL16",0.0715344263446864,0.48288758959979,0.55373253245515,FALSE
"WDR31",0.192624053087574,0.483003203954514,0.553816600645691,FALSE
"BHMT2",0.0607528154755184,0.483482427355635,0.554222504924553,FALSE
"PRR5L",-0.00872521483003354,0.483484206289591,0.554222504924553,FALSE
"TFCP2L1",0.578369792397337,0.483460076065888,0.554222504924553,FALSE
"SHBG",-0.198593075751036,0.483659364342444,0.554374750303911,FALSE
"TUT4",0.0396355043836085,0.483934768979795,0.554641862512779,FALSE
"MFSD11",0.0384236671009082,0.484024709030019,0.554696383982931,FALSE
"CERS2",-0.0606658584147457,0.484858110964088,0.555602834900818,FALSE
"BBS4",-0.045746712545453,0.484987253209017,0.555702180904293,FALSE
"SHROOM3",0.062940418554251,0.485602992510842,0.556359007434317,FALSE
"ARHGAP26",0.0544995631575341,0.485918537887478,0.556671814667733,FALSE
"AGFG1",0.0736806016253314,0.486613731649057,0.557411952028309,FALSE
"OLFM1",-0.207025413606967,0.486649756468345,0.557411952028309,FALSE
"MRPL35",-0.0286603063414379,0.486791303357727,0.557525303434465,FALSE
"NCBP1",0.072094605987935,0.486974657293269,0.557686512708492,FALSE
"PGBD1",0.0343736821077991,0.487173344914003,0.5578652524809,FALSE
"HIVEP1",-0.039740072734194,0.487314639729273,0.557978245875078,FALSE
"LRRC46",-0.048269228180046,0.487583669104911,0.558237463569873,FALSE
"IFI6",0.0944160965127582,0.487819521350288,0.55845865455736,FALSE
"EDNRA",-0.14143062457245,0.488248470834057,0.558900846389742,FALSE
"KIF14",-0.104517276941495,0.488504904858643,0.559145498724371,FALSE
"INTS3",0.00380853093826988,0.488724190644979,0.559298697895461,FALSE
"SEC23A",-0.023165012374861,0.488685161297419,0.559298697895461,FALSE
"NPIPA1",-0.124056695918341,0.489095801296905,0.55962613446767,FALSE
"PHC1",-0.147168028166499,0.489088901319674,0.55962613446767,FALSE
"PTCH2",0.172844871021095,0.489398663618009,0.559923735391678,FALSE
"PRKCQ",-0.0546506168350325,0.489739993482101,0.560265291390044,FALSE
"NXPE3",-0.161814604002426,0.489989114489551,0.56050130947114,FALSE
"UBP1",0.064160818164344,0.490421262740218,0.560946633915336,FALSE
"C12orf43",0.0464567949469475,0.490559912844061,0.561009565603892,FALSE
"TMSB4X",-0.104091366653124,0.490583094758655,0.561009565603892,FALSE
"TP53INP1",-0.130279690198176,0.490604836281619,0.561009565603892,FALSE
"KLHDC9",-0.086210373725567,0.492300706006359,0.562858936553389,FALSE
"MAP2K6",-0.0426178172706975,0.492308102846995,0.562858936553389,FALSE
"SLC22A9",0.00359206190454579,0.492854020756607,0.563426003594183,FALSE
"SLC46A1",0.0709175965412057,0.492890163394759,0.563426003594183,FALSE
"ETFDH",0.0503370970838477,0.493045372942644,0.563554218837533,FALSE
"ACTR2",-0.0715885252699512,0.493571369220278,0.564106186454115,FALSE
"RPL10A",-0.0556257776595341,0.493661456470353,0.564159897705121,FALSE
"CNTNAP2",-0.051053880282009,0.494069253069865,0.564531952851529,FALSE
"UBALD2",0.32457849321579,0.494073259683228,0.564531952851529,FALSE
"SHF",-0.107769053379326,0.494325846557892,0.56477127001797,FALSE
"ANKRD50",-0.0344387269530215,0.494513298424364,0.564936134639771,FALSE
"ABCC11",0.217672318611887,0.495414332462651,0.56591610161426,FALSE
"C1QTNF7",-0.121120470339292,0.495637064815915,0.56612113527918,FALSE
"PSPH",-0.0208960293465168,0.495790272392813,0.566246728270671,FALSE
"CDC5L",0.0710865938983596,0.496187220490033,0.566650653406796,FALSE
"AK7",0.363881599813185,0.496381065625341,0.566822582744611,FALSE
"NUDC",-0.0430453128064831,0.496560670751814,0.566978222700397,FALSE
"MYRIP",-0.119643424999837,0.496873831093094,0.567275014899032,FALSE
"SIPA1L2",0.150315305562065,0.496907261752376,0.567275014899032,FALSE
"FAM20A",-0.081059253719142,0.497012085057704,0.567345210356218,FALSE
"EFCAB11",-0.0365653003847659,0.497631520179259,0.568002777871566,FALSE
"GPR4",0.0243252257315574,0.498122546788366,0.568513676449593,FALSE
"DYRK3",0.0780534787976277,0.498369273780566,0.56874568796506,FALSE
"MCM8",0.164726798638585,0.498422867237336,0.568757271670113,FALSE
"BMF",0.0544284101830747,0.499021186285827,0.56939039313701,FALSE
"CYP4F12",0.0925375309852359,0.499185881789399,0.569505468125775,FALSE
"PARP2",0.0515318200903782,0.499209040040589,0.569505468125775,FALSE
"NECAP1",-0.0578878665716092,0.499757678595196,0.570081687563675,FALSE
"EVI2B",-0.117490718134346,0.500064126888718,0.570381560309034,FALSE
"PITPNM3",0.0874556390515188,0.500230203860933,0.570521284863432,FALSE
"FKBP2",0.0699835925897579,0.500768608953054,0.571085594809528,FALSE
"DOCK10",0.0132444119596408,0.500910407811577,0.571197548912914,FALSE
"ZNF587B",0.0875319636095827,0.501072577600785,0.571332710847368,FALSE
"SLC9B2",0.0051465503941931,0.501346346603798,0.571595085756068,FALSE
"DDX10",-0.0360930781832802,0.501457213924951,0.57167170364903,FALSE
"TSNAXIP1",0.0213126229159653,0.501768133707844,0.571976352329394,FALSE
"SLC16A14",-0.0811962450919678,0.502468198286689,0.572724503915143,FALSE
"TIMMDC1",-0.00150469901231888,0.502678924199621,0.572914814627095,FALSE
"CBFA2T2",-0.0583409040802494,0.502805592049791,0.573009297624988,FALSE
"PROM2",0.145031828280419,0.50286871122835,0.573031348890379,FALSE
"TRNP1",0.0367703229023946,0.503537177426205,0.573743144200512,FALSE
"SPART",-0.0800962025962413,0.504101504179486,0.574336166801656,FALSE
"HSPA1A",-0.202604838547781,0.504173926296105,0.574368695011191,FALSE
"TOR1B",-0.024726419008939,0.504979261100907,0.575236099045773,FALSE
"UPB1",0.0617026702671374,0.505280350934795,0.575529002474189,FALSE
"ITPRIPL2",-0.0725445824290127,0.506170115428464,0.576492314153063,FALSE
"MCOLN2",-0.288543624717627,0.506931805432425,0.577309603055089,FALSE
"HAUS8",0.0182473377610297,0.507812865146862,0.578262679873246,FALSE
"IGFBP7",-0.186347328920946,0.507911681974423,0.578324903497056,FALSE
"AKR1C4",-0.0431044082187629,0.508115727934854,0.578463901697129,FALSE
"DUSP4",-0.0661463259219153,0.508158443875599,0.578463901697129,FALSE
"PGM3",-0.0464322157950902,0.508166310221408,0.578463901697129,FALSE
"CCDC174",-0.0369575978075025,0.508570825874893,0.578874043849252,FALSE
"IFNLR1",0.0666552526845841,0.508686468958764,0.578955337877784,FALSE
"HEATR1",0.0921509678327494,0.50901269561135,0.579276270075086,FALSE
"PATZ1",0.0422524384992843,0.509122627417676,0.579351015919358,FALSE
"SMO",0.06303298899209,0.509472171352173,0.57969838930494,FALSE
"GPM6A",-0.375069679862486,0.509639617886956,0.579838522410362,FALSE
"DET1",0.00309012793460662,0.509709963852125,0.579868165341678,FALSE
"GFI1",0.000571608699590523,0.509814927944716,0.579937182783232,FALSE
"RAD51AP1",0.0593445507361944,0.510012668273314,0.580111716162835,FALSE
"TACC1",0.0320063604923516,0.510059294298403,0.580114349835348,FALSE
"TBC1D19",0.00361328912153121,0.510164946243675,0.580184110165235,FALSE
"ARNT2",0.0705687164677655,0.510600395979242,0.580578459628299,FALSE
"TDRD7",0.0792474714371839,0.510576747754138,0.580578459628299,FALSE
"NCAM1",-0.0476453476315935,0.510687405825333,0.580626417139082,FALSE
"SLC44A5",0.43655904845389,0.510755059865339,0.580626417139082,FALSE
"ZNF551",0.0607054675725972,0.510775622226612,0.580626417139082,FALSE
"GEMIN5",0.0817717485530991,0.511156105416146,0.580978762107223,FALSE
"SLC25A38",0.0974218177802665,0.511174332471212,0.580978762107223,FALSE
"EPAS1",0.0245274588494337,0.511423131214619,0.58121107932828,FALSE
"NPIPB5",0.0353894659667173,0.511536135176396,0.581289044503895,FALSE
"RPL13A",0.0218079127098412,0.511791837240346,0.5815291384439,FALSE
"CHRNA4",0.0619387857762745,0.512199469158749,0.581941807708612,FALSE
"BARD1",-0.110544072940339,0.512490856372285,0.582222343945328,FALSE
"SLC5A12",-0.036878630076408,0.5125886604434,0.582282927767895,FALSE
"PARP9",-0.0199872495750181,0.512656168264373,0.582309088575149,FALSE
"SMAD3",0.00950625713094716,0.512881695660055,0.582514718450719,FALSE
"TANGO6",0.158328751797034,0.512973650039786,0.582568617827974,FALSE
"INTS2",0.0249604360951912,0.513124108364443,0.582688943248095,FALSE
"PARPBP",0.00148164414248903,0.513242648192431,0.582773005215552,FALSE
"PEAK1",0.0734225086028067,0.513432736025929,0.582887736737032,FALSE
"STOX2",-0.0309412472777764,0.51341915602859,0.582887736737032,FALSE
"DROSHA",-0.0125502159840063,0.513848529393391,0.583285481092761,FALSE
"LY86",-0.0158489155549082,0.513872192096235,0.583285481092761,FALSE
"DACT3",-0.104758792265121,0.514772971777967,0.584257281882718,FALSE
"KCNAB3",-0.158764346511812,0.515350637522873,0.584862217965452,FALSE
"COLEC10",0.0933708695377276,0.515514772829172,0.584997781561889,FALSE
"ZNF823",0.0521215102357549,0.515931347120231,0.585419760486918,FALSE
"FLRT3",0.129586751208956,0.51654180337874,0.586061642242349,FALSE
"B3GAT1",0.164269784987018,0.51692661865498,0.586447425600607,FALSE
"HAUS2",-0.0203064835161256,0.517270031848736,0.586786175978135,FALSE
"SDHAF1",-0.0571763702815143,0.517393955717019,0.586828493856137,FALSE
"ZNF575",0.0811418350246968,0.517396983240253,0.586828493856137,FALSE
"PDCD1LG2",0.0234580696609436,0.517991595443435,0.587452006890632,FALSE
"NAT8",0.0840045129111572,0.518123419845103,0.587550611746392,FALSE
"ACOT9",0.0413912336569818,0.518507324971143,0.587930773749292,FALSE
"MED18",0.161018363094731,0.518548475747256,0.587930773749292,FALSE
"MFSD4A",-0.134628024758774,0.518806263290843,0.588172116297517,FALSE
"GATA4",0.0861420713579263,0.51897003062636,0.58830683530698,FALSE
"SECISBP2",-0.0343819579301929,0.519490177071074,0.58879593194964,FALSE
"TMIGD3",0.0180912674808939,0.519491430640872,0.58879593194964,FALSE
"GDPD5",0.0455392807710395,0.519774224378759,0.589065455814293,FALSE
"ZNF774",-0.0764127875133079,0.519954435670955,0.589218685346156,FALSE
"ZC3H4",-0.0600931111743132,0.520621278290392,0.589923297159236,FALSE
"COCH",0.267962317872236,0.520736454414417,0.590002740042713,FALSE
"DGAT2",0.111227172240079,0.520898221984831,0.590134953463604,FALSE
"PLAC8",-0.153862604634854,0.521095736712852,0.590307639097055,FALSE
"CDKAL1",0.00162533134563207,0.521234184524305,0.590413388457536,FALSE
"FAAP24",0.0975360993766213,0.521997190076999,0.591226508563722,FALSE
"SHLD1",-0.123904679833591,0.522377136272579,0.591605663328772,FALSE
"ERMAP",-0.0118339273096091,0.522674860284346,0.591840448957158,FALSE
"LAMP3",0.00404935250692213,0.522658063871747,0.591840448957158,FALSE
"GIMAP8",-0.0438281353268918,0.523016002389367,0.592175517018212,FALSE
"DCTN3",-0.0562060191286556,0.523355062910232,0.592508170496433,FALSE
"DPPA4",-0.0352298170724551,0.523568526579556,0.592698586249852,FALSE
"SLC26A2",-0.041727471662285,0.52376050395667,0.592864647916369,FALSE
"ZSCAN18",0.0679270462434808,0.523887325255596,0.59295693457649,FALSE
"SEMA6D",0.0728348618764056,0.523982434127092,0.593013314971636,FALSE
"RGCC",0.178219796987994,0.524153522993179,0.593155667994356,FALSE
"PLXDC1",-0.0491046943252909,0.524438182221206,0.59342650662403,FALSE
"KNTC1",0.0919918305429159,0.525109609887349,0.594134907323928,FALSE
"IPO7",-0.00585346620797985,0.525285864604286,0.594262061766752,FALSE
"PYGM",0.152492888297822,0.5253127742764,0.594262061766752,FALSE
"CHMP3",0.00714525715240967,0.525624941639169,0.594563827193711,FALSE
"CHEK2",-0.267433752453605,0.526131542859608,0.595085456511273,FALSE
"ZNF721",0.0415734399672923,0.526501949219046,0.595452964683462,FALSE
"ALDOB",0.0547712151998415,0.526814413866477,0.595754885232782,FALSE
"WDR3",0.0914401340726996,0.527001995722395,0.595915540507652,FALSE
"UBXN7",0.0241720199882114,0.528147148905103,0.59715886289538,FALSE
"SEC22C",0.0398344611687119,0.528251105722834,0.597224825226541,FALSE
"SAMD14",0.0911138381556629,0.52834670698917,0.597281330446612,FALSE
"PARD3",0.068994198439467,0.528399692979232,0.597289654678303,FALSE
"HOXB2",0.206238934484128,0.529394155400975,0.598362106752099,FALSE
"C1orf210",0.100688418377796,0.529440346655627,0.598362656976473,FALSE
"FILIP1",-0.0556632581685443,0.529860805639659,0.598786160330982,FALSE
"GAPT",0.0336849393331686,0.530362040938031,0.599300866559702,FALSE
"CD40",-0.0397288103228075,0.530585404828203,0.599501520670651,FALSE
"IDO1",-0.211163461983204,0.531254454725842,0.600205671493849,FALSE
"ACAT2",0.0840580060091755,0.53149270199169,0.600423026531643,FALSE
"ID4",-0.176556226566158,0.531644089332636,0.600490416490628,FALSE
"IFT27",-0.0959388354231951,0.531642290768579,0.600490416490628,FALSE
"TRAM2",0.134680820728171,0.531748356866158,0.600556374058984,FALSE
"BRD3OS",0.052497074520838,0.532089703502008,0.60078640778338,FALSE
"CNTNAP3B",-0.0447652438797296,0.532002010717461,0.60078640778338,FALSE
"SLC14A1",0.154871428828567,0.53205918063072,0.60078640778338,FALSE
"CAPRIN1",0.136679749423356,0.532508643308579,0.601207585218689,FALSE
"C1RL",-0.0508034271853058,0.532745927859025,0.601423617101867,FALSE
"MX1",0.195189959208873,0.53315516570037,0.601833715239631,FALSE
"GSPT1",0.00268781132904768,0.533427329641087,0.602089024886724,FALSE
"DGKG",-0.147699746552594,0.533876867425104,0.602492539292256,FALSE
"FHIP1A",0.20024871159154,0.533846775860882,0.602492539292256,FALSE
"SCHIP1",-0.130399116091948,0.535128201648658,0.603852647473214,FALSE
"SLC39A14",0.059740282729433,0.535203747850689,0.603885845631407,FALSE
"HOXB4",-0.0386478031211237,0.535479873489662,0.604093279080281,FALSE
"JAZF1",-0.222883506478035,0.53547149124777,0.604093279080281,FALSE
"ANO5",0.0358058762195967,0.535801369474731,0.604403888433842,FALSE
"CHAF1B",0.129545397742309,0.536963426059578,0.605633844694667,FALSE
"EP300",0.182920613278265,0.537050759119107,0.605633844694667,FALSE
"MLLT11",-0.106613165965024,0.537076759616948,0.605633844694667,FALSE
"SIK3",0.0477020867213316,0.537073051133562,0.605633844694667,FALSE
"MTMR1",-0.0600004042016975,0.53741042403084,0.605957908139846,FALSE
"BCAS4",-0.160533353995556,0.537969740154934,0.606536327773717,FALSE
"PROCR",0.00625144448245238,0.538122642269218,0.60665647400229,FALSE
"GATAD2B",-0.0205198590471442,0.538195427629783,0.606686287112891,FALSE
"CACHD1",0.0103923884669512,0.538305282724414,0.606757878728199,FALSE
"SPTBN4",0.115550595613273,0.538517618644837,0.606892714409762,FALSE
"SRSF9",-0.0262331546608926,0.538506896671097,0.606892714409762,FALSE
"KCNK17",-0.0160213341658524,0.538891819325671,0.607262153435332,FALSE
"STARD13",-0.0513588495200535,0.539225748092505,0.607586151478361,FALSE
"MYCBP2",0.21461083718753,0.539610126610053,0.607966934387162,FALSE
"G3BP2",0.252591810580154,0.540420350288586,0.608775015141815,FALSE
"TNFSF14",-0.208537264215004,0.540380602026527,0.608775015141815,FALSE
"CAV2",-0.0314150617703072,0.540664778834258,0.608997959605791,FALSE
"ACTR3B",-0.0661043730855533,0.541573448387244,0.609968994002564,FALSE
"NDRG4",0.247104060840715,0.542219498589864,0.610644101121592,FALSE
"IL17RB",0.0516963659872462,0.542563582659445,0.610979049043304,FALSE
"MRTO4",0.0764925031858128,0.542787095441415,0.61117817610037,FALSE
"ST3GAL4",-0.0223519335919762,0.543262862334063,0.611661282566009,FALSE
"SPIDR",-0.0631899911770158,0.543385402833218,0.611746641490454,FALSE
"SLC9A6",-0.0660147137236603,0.543574708040829,0.611907143393854,FALSE
"ZNF212",0.0733350905147658,0.543787992889665,0.612094609484266,FALSE
"AGA",-0.0487851115218943,0.544067412987695,0.612356479610979,FALSE
"PDLIM1",0.0624859911878625,0.544142907567035,0.61238880304888,FALSE
"ZNF879",-0.0860167531213173,0.544277272350102,0.612487368884952,FALSE
"TLR2",-0.158481631524305,0.54442396814868,0.612599792952516,FALSE
"TRIM39",0.0156581699041842,0.544702692145168,0.612860746439029,FALSE
"IGFBP5",-0.0040425166469637,0.544836063081801,0.612958128200304,FALSE
"ZNF776",0.0583716438155615,0.545345788912659,0.613478868228608,FALSE
"ANKRD27",-0.042989055263362,0.54558101776101,0.613638031316764,FALSE
"KIF1B",0.11784395040139,0.545570001869362,0.613638031316764,FALSE
"ABHD6",0.0459124750769969,0.545812740157008,0.61379319654145,FALSE
"PIR",0.00270889683476461,0.545784819755053,0.61379319654145,FALSE
"BIRC6",0.090130976520118,0.545901049647731,0.613839778578381,FALSE
"SERAC1",0.0499664044410526,0.546277109881071,0.614209886857007,FALSE
"ZNF737",0.0736512874054633,0.546684899911336,0.614615604090958,FALSE
"GPN2",-0.00436221795248838,0.546896354692521,0.61480053886609,FALSE
"PPFIBP2",0.0102387198759372,0.547093341835465,0.614969179300241,FALSE
"SYT17",0.064146519049146,0.547229423805151,0.615069335204072,FALSE
"TM6SF2",0.0876100348667284,0.547699486608523,0.615544826051917,FALSE
"MAML3",0.132268380490679,0.547828141246091,0.615636568686166,FALSE
"RFTN2",-0.192271156388415,0.547982214939891,0.615756858466488,FALSE
"CD9",-0.0813537607401209,0.548082852940947,0.615817088113875,FALSE
"NRAP",0.135148361788626,0.54834836242905,0.616062538481174,FALSE
"CYB5D2",-0.0388415668525497,0.548801707132507,0.616485802940908,FALSE
"PAK1IP1",0.0751924420519137,0.548819281490703,0.616485802940908,FALSE
"CATSPER2",-0.0300876246991479,0.549344472074705,0.617022806142934,FALSE
"CDHR1",0.0240686059412957,0.549417520884049,0.61705191588007,FALSE
"FASTKD2",0.046355899467073,0.549483017894867,0.617072539910757,FALSE
"SIK2",-0.0622441576609288,0.549657809082781,0.617215887855886,FALSE
"SEPTIN11",0.0455120244362888,0.549802285792669,0.617325173721923,FALSE
"WDR53",-0.0190463719722217,0.550173494527809,0.617688996686225,FALSE
"TLX1",0.170264983947403,0.551629139985299,0.619270168126182,FALSE
"PPA1",0.0423274610789551,0.55182994441815,0.619442478978172,FALSE
"CPLANE1",0.10850244194266,0.552293773844633,0.619864752048789,FALSE
"NME7",0.0820372348099999,0.552300819786826,0.619864752048789,FALSE
"CCDC180",-0.164855376454828,0.552650130499116,0.620203626649617,FALSE
"TMBIM6",-0.0426580043996116,0.552991967899593,0.620534057061924,FALSE
"CARHSP1",0.0448068178907391,0.553143740974502,0.620588239822693,FALSE
"P2RY12",0.0842967743276737,0.553196599187772,0.620588239822693,FALSE
"SHLD2",0.0377543678523464,0.553229861516243,0.620588239822693,FALSE
"WIPF1",-0.244467522187654,0.553201159803312,0.620588239822693,FALSE
"UFD1",0.0375421791665919,0.55356549518841,0.620858345156057,FALSE
"UNK",0.106192434935592,0.553538344325434,0.620858345156057,FALSE
"ARHGEF40",0.0407973386164894,0.554327303912198,0.621659505124079,FALSE
"ETNK2",-0.0148778226002235,0.554409136093921,0.621698022247676,FALSE
"DIXDC1",-0.017220608913496,0.5545302606717,0.621780590331782,FALSE
"BCDIN3D",-0.0293505231876226,0.5553419295811,0.622637367652287,FALSE
"GFOD1",-0.0376729194676185,0.555401980397977,0.622651372441369,FALSE
"XDH",0.110360518845067,0.555518388076155,0.622728550106432,FALSE
"AFM",-0.0278997934630063,0.555656450829313,0.622776667601864,FALSE
"PABPN1",-0.195818431540807,0.555636454101577,0.622776667601864,FALSE
"HNRNPR",-0.0191424021766158,0.555811501788907,0.622843805650978,FALSE
"NCBP3",0.0502393793785757,0.555809905801299,0.622843805650978,FALSE
"HECTD4",0.107952049401251,0.555918075401205,0.622909914682692,FALSE
"REST",-0.0872905024322708,0.555987762680417,0.622934684553875,FALSE
"RTP3",0.119742571102198,0.556336182736743,0.623271718671012,FALSE
"ATP6V0A2",0.0110966710734266,0.556795992839811,0.623680111076215,FALSE
"EVI2A",-0.354198240444546,0.556759848637466,0.623680111076215,FALSE
"GRHL2",0.3227976466789,0.556949113749256,0.62379825453035,FALSE
"RBM4",0.0791201257031423,0.55714782601091,0.623967436966196,FALSE
"DHFR",0.106408715264035,0.55733550662039,0.624070856369667,FALSE
"RETREG3",0.0231960749712095,0.557303540524812,0.624070856369667,FALSE
"FIGNL1",0.0416865000434883,0.557390289192554,0.624077800968244,FALSE
"TMEM181",-0.00336766430259937,0.557437045869435,0.624077800968244,FALSE
"RNPC3",0.0378377480729301,0.557747026846785,0.624371447240539,FALSE
"ADAM28",-0.0247129167159611,0.558219683295478,0.624847135234644,FALSE
"MOCS1",0.0371452708494141,0.558634251730573,0.625257726225242,FALSE
"RPL36A",-0.10925310064262,0.558835514377487,0.625418948736098,FALSE
"TRIP4",-0.0343138573138416,0.558873837554508,0.625418948736098,FALSE
"RFC4",0.0679633228291216,0.559066747917984,0.625581355875406,FALSE
"PHF20",-0.0346084097962722,0.559154738429586,0.625626342664741,FALSE
"SLIT2",0.0544782342290218,0.560828581533193,0.627391932789247,FALSE
"VMA22",-0.0196281154643434,0.560823462379216,0.627391932789247,FALSE
"EPHX2",-0.00800622771857752,0.561004534668836,0.627535147631955,FALSE
"EMB",-0.070230439516969,0.561263166393135,0.627717185581661,FALSE
"ICA1",-0.165767499894902,0.561233091431747,0.627717185581661,FALSE
"ACTN2",-0.386175260842542,0.561474610761304,0.6279000259748,FALSE
"ZNF805",0.0909962486918708,0.561593164377947,0.627978963788528,FALSE
"ATP6AP2",-0.0442223076779149,0.562566317869712,0.629013428435414,FALSE
"SEMA6C",-0.106292251261754,0.562897868977304,0.62929672804638,FALSE
"SLC45A3",0.107975108055871,0.562915825095567,0.62929672804638,FALSE
"CYCS",-0.247640877646492,0.563147139246676,0.629499296066692,FALSE
"PDIA3",-0.0297867917197543,0.563193190866878,0.629499296066692,FALSE
"RHNO1",-0.0741192740658933,0.563517307903666,0.629807802208878,FALSE
"ZNF267",-0.0463119322714625,0.563718232244698,0.629978582718531,FALSE
"MAT1A",-0.0379872766366925,0.563953166210148,0.630187338001302,FALSE
"CMTM3",-0.0565710240536683,0.564007748010438,0.63019454100475,FALSE
"IRF8",-0.0577251131311962,0.565015051026021,0.631266175800705,FALSE
"MTPN",-0.0508726544766962,0.565064603325051,0.631267666757536,FALSE
"GATC",-0.0208885503804616,0.56514130545909,0.631299485586212,FALSE
"CENPK",0.0840779954398163,0.565257768937631,0.631375711196269,FALSE
"KIF3A",0.0539699457440291,0.565484393472402,0.631574959848207,FALSE
"DIS3L",0.0157741769785644,0.565704273536301,0.63176664242406,FALSE
"ZFC3H1",-0.000206174126855307,0.565934287691574,0.631969608875647,FALSE
"TMEM208",0.108528419880827,0.566230365831105,0.632246306990263,FALSE
"BST2",0.0965637070538743,0.566414686654899,0.632398181620837,FALSE
"PDE9A",-0.141094049140867,0.566494246053964,0.632433074898823,FALSE
"ZWILCH",-0.0445979877918645,0.56657309707045,0.632467171456884,FALSE
"PYHIN1",-0.264675958451814,0.566679388233151,0.632531891103113,FALSE
"ZNF77",0.0759683391114781,0.566905847609077,0.632730720963174,FALSE
"FAM222B",0.035152481533448,0.567046302538581,0.632813693923742,FALSE
"NEDD9",-0.228253656144195,0.567076860457786,0.632813693923742,FALSE
"LIN9",-0.0982387146576076,0.56770681946873,0.63340869954701,FALSE
"PTPN18",0.0880279973594144,0.567658808355965,0.63340869954701,FALSE
"ITFG2",0.032566232960437,0.567843631604103,0.633507356196073,FALSE
"SNX2",0.0338718863122525,0.56817347341008,0.633821328722288,FALSE
"SPG11",0.0767328268016045,0.568708169889921,0.634363752253459,FALSE
"NFYA",0.00175751158447129,0.568830453902867,0.634446098355455,FALSE
"FGFR1",-0.0376879715949595,0.569733962111858,0.635399696053194,FALSE
"CA2",0.0684851832024151,0.57075995292679,0.636489719226366,FALSE
"SPARCL1",-0.113054879323451,0.571241761175543,0.636972756776273,FALSE
"CRY1",0.0506575287554998,0.571463253939917,0.63716546760189,FALSE
"DPEP2",-0.238637955986897,0.571942547782426,0.637645562085286,FALSE
"VPS33B",0.0317826691455401,0.572040012284753,0.637699918326974,FALSE
"ZNF251",0.0191262241568493,0.572198151352966,0.637821898468542,FALSE
"TNRC6B",0.012104089311356,0.572658279504807,0.638280452518044,FALSE
"MSANTD4",0.0343558830688173,0.572751343602762,0.638329836592097,FALSE
"FRZB",-0.259000046758188,0.572862633346076,0.63834518646411,FALSE
"TMED10",-0.0152010307256686,0.572857008178368,0.63834518646411,FALSE
"IFI27L1",0.012281229741253,0.573016781322923,0.638462612857848,FALSE
"GMPR2",0.0201244272191077,0.573404515769829,0.63884026214438,FALSE
"PERP",-0.0497314819888825,0.573548004879922,0.638945752202854,FALSE
"BEX4",-0.152657735421026,0.573648779168968,0.638949278278044,FALSE
"PPP1R11",0.00554709884518627,0.573624681395677,0.638949278278044,FALSE
"HOXB6",-0.0976834007286565,0.573896174957119,0.639170457042841,FALSE
"XNDC1N",-0.0398488811257187,0.57409372447857,0.639336087178755,FALSE
"ITGB8",-0.0609414400542527,0.574504317204217,0.639630114876912,FALSE
"PLG",0.21964170822222,0.574406979956343,0.639630114876912,FALSE
"SLC22A25",0.15657935090878,0.574472298171378,0.639630114876912,FALSE
"ASAP1",-0.105591344963091,0.574973116956993,0.640097623061305,FALSE
"ENAH",-0.0585024131055133,0.575349000628284,0.640407168527929,FALSE
"ME2",0.0258076235810337,0.575347329075013,0.640407168527929,FALSE
"NUBP1",-0.0274785992282052,0.575431971645772,0.640445071222175,FALSE
"KLHL6",-0.0908829653977912,0.575535244019118,0.64050556058299,FALSE
"LIFR",-0.2085874513215,0.576589429744101,0.641515153752848,FALSE
"VPS13C",-0.0596685016546744,0.576511901834634,0.641515153752848,FALSE
"ZDHHC14",-0.0426923039840254,0.576543768976728,0.641515153752848,FALSE
"GOLT1A",-0.00143603526857187,0.576738656080404,0.641626655795773,FALSE
"GYS1",0.00245463763470607,0.576841647591845,0.641686706625238,FALSE
"ZNF93",0.0160917963144997,0.577611812765086,0.64248885749537,FALSE
"PTK7",0.023542554961078,0.577909933662082,0.642711251401969,FALSE
"STARD5",-0.0287081462403464,0.577873189116694,0.642711251401969,FALSE
"GRK4",0.0346539450133476,0.578240593730461,0.642969751411517,FALSE
"ZNF550",0.0333239885616264,0.578239849640196,0.642969751411517,FALSE
"WLS",0.0284947356705242,0.578386936332123,0.64307785736392,FALSE
"ZNF585B",0.0090242538857662,0.578883259043743,0.643575036294216,FALSE
"ENKUR",0.167843249931862,0.579246085974186,0.643880483530224,FALSE
"PTPDC1",-0.101096889838954,0.579256365339061,0.643880483530224,FALSE
"WDR82",0.0491800316921544,0.580228553121885,0.644906377236754,FALSE
"LANCL2",0.0305806801324718,0.580303462591072,0.644934883891537,FALSE
"BBS7",-0.0311759351002814,0.580398545252204,0.64498580378931,FALSE
"GPR18",0.0590046903539491,0.58049296139996,0.645035974422702,FALSE
"NUAK1",0.030274597319781,0.580611979661383,0.645113471758196,FALSE
"KCTD12",-0.33217173201497,0.58083386961526,0.645208105993179,FALSE
"PSD3",0.237039261494707,0.580838938618075,0.645208105993179,FALSE
"SAT2",-0.110298518794115,0.580844999788849,0.645208105993179,FALSE
"RIC8B",0.0561199503400753,0.581309051723546,0.645615729216761,FALSE
"WRN",-0.0128663855616186,0.58131058784045,0.645615729216761,FALSE
"LY96",-0.317751550428405,0.581994810504331,0.646320812547519,FALSE
"TLCD5",0.0906314727825896,0.582599101217073,0.646928531257678,FALSE
"TRABD2B",0.112567677848492,0.582640873209539,0.646928531257678,FALSE
"CHL1",-0.182511848991402,0.582816537338828,0.647068699698095,FALSE
"SOAT2",-0.0946196921831041,0.583042019273402,0.64726414960802,FALSE
"MAPRE3",0.00389138465070039,0.583350231926859,0.647551402101614,FALSE
"LGI4",0.0109174103852504,0.58340370905644,0.647555859174813,FALSE
"NDRG2",0.138994315521703,0.583539790175547,0.647651994996462,FALSE
"DENND2D",0.0775370494711845,0.584032636872308,0.648144043564657,FALSE
"ZNF154",-0.11358173183434,0.584410040098752,0.648507903455913,FALSE
"HVCN1",-0.0738924902062657,0.584632237499694,0.648698569723559,FALSE
"TMEM74B",-0.187569529184014,0.584680959573633,0.648698569723559,FALSE
"DNAAF11",-0.110098444797325,0.58517208534737,0.649188453636791,FALSE
"FBXO9",0.0304533324032853,0.585479284736101,0.649425397175774,FALSE
"PCLO",0.00810450767075459,0.585526679670342,0.649425397175774,FALSE
"SEC31A",0.0309389329988358,0.585534478174674,0.649425397175774,FALSE
"ZDHHC4",0.0662305802335418,0.585664880254784,0.649515003159309,FALSE
"MKNK1",0.0235526076969156,0.585892144550898,0.649692305309877,FALSE
"TFEC",0.0509568838723668,0.585924003115927,0.649692305309877,FALSE
"USP7",-0.0071721898704043,0.58607882233844,0.649808938182152,FALSE
"POLR1B",0.107143269633982,0.586530653407196,0.650254832281057,FALSE
"MT-ND4",-0.0524431905563329,0.586738398290818,0.650430068621794,FALSE
"CPS1",0.0401391245037337,0.587645960900948,0.651380993998409,FALSE
"GLUL",-0.0716561802687619,0.587787066057817,0.651482244228661,FALSE
"HMGXB4",0.0712499520222805,0.587953328047822,0.651611357894023,FALSE
"CREB3L4",-0.0373291097100653,0.588170656379533,0.651741873323813,FALSE
"FH",-0.027375349113766,0.588147610738155,0.651741873323813,FALSE
"RPL13",-0.0361037659380663,0.588260656633546,0.651786435058089,FALSE
"ADCY1",-0.0436242613221549,0.588805800581064,0.65233524085701,FALSE
"WDFY1",-0.039105174114976,0.589147612313086,0.652658702014125,FALSE
"ASAH2",0.268948425139511,0.589226938866093,0.652691351521692,FALSE
"ZNF814",-0.0363365882695218,0.589281381611268,0.652696433845577,FALSE
"ABHD17C",0.0417254317306448,0.590189716363207,0.653530895266713,FALSE
"CXorf38",-0.0309399492708282,0.590145118272325,0.653530895266713,FALSE
"PRIM2",-0.0486368024751703,0.59009620764309,0.653530895266713,FALSE
"SNX10",-0.0799942838723026,0.590234441310236,0.653530895266713,FALSE
"LRRC66",0.278430212200661,0.590603261021969,0.653855415571868,FALSE
"NAP1L3",-0.143750583982575,0.590627417090812,0.653855415571868,FALSE
"TMEM165",-0.155226879668866,0.591233702976712,0.654471264003645,FALSE
"CCT4",-0.0221355105508373,0.591444610775256,0.654649378108696,FALSE
"LZIC",0.106276224138354,0.591924253631144,0.655069512133469,FALSE
"PAFAH1B2",-0.036021862599555,0.591919166206456,0.655069512133469,FALSE
"BMP4",0.0327229849206434,0.592275658491555,0.655403002364249,FALSE
"LHFPL2",-0.0304625097998366,0.592937093441216,0.656079481687999,FALSE
"RPS6KC1",0.00320568173335413,0.593596205152242,0.656753276248893,FALSE
"ACAD10",0.111884837818056,0.593874104905669,0.656949706922266,FALSE
"TIMM23B",0.124612763254321,0.593855537907331,0.656949706922266,FALSE
"GEMIN7",0.0166815391657857,0.594283862591044,0.657347442467214,FALSE
"NCMAP",0.12943204145556,0.594759905112978,0.657818423396056,FALSE
"ECE1",0.118794356404439,0.595387176924536,0.658456573770571,FALSE
"MFN1",0.0016024285017032,0.596553898446165,0.659691159596013,FALSE
"RNASET2",-0.065335790677759,0.59773286024653,0.660939071482059,FALSE
"ACSL3",-0.04340284171648,0.59834846583893,0.661451018779917,FALSE
"CRNKL1",-0.0264869427127239,0.598348067764742,0.661451018779917,FALSE
"PLEKHA2",-0.0565814756666475,0.598397942745901,0.661451018779917,FALSE
"TARBP1",-0.0655326405367054,0.598391742511014,0.661451018779917,FALSE
"WDR73",-0.0283097429621689,0.598505533774442,0.661514094400591,FALSE
"USP24",0.0274100736712849,0.598677178153806,0.661647950058217,FALSE
"RTL8B",-0.127023298240395,0.598970263614033,0.661915986429891,FALSE
"CYYR1",-0.116889095034255,0.599196173652644,0.662109748941628,FALSE
"EBNA1BP2",-0.0605224449568574,0.599287328035723,0.662154586770503,FALSE
"PAPSS1",0.0180159392181782,0.599496189469648,0.662329460973556,FALSE
"PDZD8",0.0493273482669834,0.599723430452164,0.662524609862436,FALSE
"THSD7A",0.073005065102944,0.59996260611094,0.662732909146509,FALSE
"GARNL3",0.128532225548871,0.600048324953955,0.662771675550256,FALSE
"SHE",0.0490527942869455,0.600487827955974,0.663201167842045,FALSE
"DHX15",-0.0166870952935011,0.601644535693802,0.664395464209921,FALSE
"ZNF808",0.0150099348513555,0.601670686195602,0.664395464209921,FALSE
"SLC25A43",-0.011909043065096,0.602780400708926,0.665564730208422,FALSE
"HSP90B1",0.0394685477405396,0.602880321737929,0.665618921588208,FALSE
"GNRH1",-0.0351364261031423,0.603269421078241,0.665992348491132,FALSE
"ACMSD",-0.000439023503112692,0.603350152836588,0.666025312051991,FALSE
"CDPF1",0.0500524020521544,0.60383658007611,0.666506070850387,FALSE
"SSR2",0.0110613099171293,0.604044412969607,0.666679266110107,FALSE
"B2M",-0.0889896236730154,0.604682256779862,0.667270743911156,FALSE
"PHF21A",-0.0387957427195761,0.604632313508296,0.667270743911156,FALSE
"LYVE1",-0.177932044206756,0.604777021305601,0.66731906977943,FALSE
"HDAC1",-0.0286674259282452,0.605044261716252,0.667557683666709,FALSE
"PPP1R14B",0.0208616390156127,0.605326194227733,0.667812466068044,FALSE
"NSMAF",0.029637966316978,0.605923310266687,0.668414895349803,FALSE
"EFNA4",0.0360776913349822,0.606207006400218,0.668671507944364,FALSE
"TGIF2",-0.000157702009000521,0.606502813969392,0.668941435592862,FALSE
"SLC49A4",-0.0225878316977678,0.607059298685327,0.669498807041387,FALSE
"ACTR3",-0.0730947374236808,0.607441175346553,0.669863533325225,FALSE
"KTI12",-0.0285789714907951,0.607692548081881,0.670084295417164,FALSE
"AKAP12",-0.036163376585517,0.608031820183798,0.6704019361501,FALSE
"FOXRED1",0.0247046030423817,0.608200132669141,0.670531043107738,FALSE
"GAB3",-0.086215893729713,0.608298770733585,0.670583319842042,FALSE
"ZC3H12D",-0.138177346049674,0.60846007205225,0.670704661388234,FALSE
"TAF5L",-0.0254268803123753,0.608621205152065,0.670825797091331,FALSE
"SUMF1",-0.00351641923929576,0.608850852973948,0.671022423363492,FALSE
"LILRA5",-0.0231627044652436,0.60939484631009,0.671565431640715,FALSE
"PDZD2",0.0768941974352483,0.609877010394719,0.671983657640773,FALSE
"TSEN2",0.0377154582669922,0.609866829712055,0.671983657640773,FALSE
"ASH2L",-0.0177624601572049,0.61003371363674,0.672099754180948,FALSE
"TM9SF1",0.111971969657918,0.610441980455255,0.672492966014826,FALSE
"HSDL1",-0.0407344789695946,0.610967053053542,0.673014779855025,FALSE
"TSG101",-0.0281024667349082,0.611266918497314,0.673288448339798,FALSE
"NOM1",-0.0245127152234081,0.611438057923781,0.673420295645507,FALSE
"SERPINC1",-0.0285739120797428,0.611510938692436,0.673443910612497,FALSE
"HDAC8",-0.0246096096742814,0.612077016508961,0.674010623276585,FALSE
"MTHFSD",0.0707357409166578,0.61214802216044,0.674032119943185,FALSE
"GALNT14",-0.141473422436011,0.612486502591409,0.67434810292883,FALSE
"ZNF221",0.499932458823803,0.612656406100665,0.674478445061377,FALSE
"SPDL1",0.0677441262119527,0.613277876112676,0.675105856728089,FALSE
"PLCG2",0.0226320149279381,0.613411098906043,0.675195737924829,FALSE
"CALML6",0.0348166077731137,0.613478533904281,0.67521319595417,FALSE
"LRRC47",0.016048497906476,0.613657721079083,0.675296871847302,FALSE
"RASL11A",-0.0224184656430573,0.613616413207577,0.675296871847302,FALSE
"MBL2",-0.0310734602498152,0.613823430805618,0.675365934625833,FALSE
"NEK11",0.026018732799942,0.613823652315367,0.675365934625833,FALSE
"ABCA4",0.0901113242631215,0.614142326648496,0.675659776511102,FALSE
"METTL3",-0.0152923844608606,0.614350652836205,0.675832177710411,FALSE
"CHAMP1",0.075796712289891,0.615187407660008,0.676695810879249,FALSE
"KATNA1",0.0598690205182121,0.615325659393911,0.676791021825177,FALSE
"MYPOP",0.0158110943176671,0.615702635895475,0.677148765889076,FALSE
"TAB3",-0.0699948589066283,0.615918780897458,0.67732958248715,FALSE
"MORC2",-0.0589571741682244,0.616218167710647,0.67760190254223,FALSE
"SLC31A1",0.138977051501457,0.61646810006844,0.677819800629547,FALSE
"STX2",0.0491039179365867,0.617661549321897,0.679074991914871,FALSE
"FRMD6",-0.00883059845614693,0.618146354957371,0.679550934511874,FALSE
"ESPL1",0.0978439776285464,0.618644725936092,0.680041708812369,FALSE
"LMLN",-0.027456482635039,0.619012734003066,0.680389112045012,FALSE
"NKAPL",-0.155771797454343,0.619487046143135,0.680853291479678,FALSE
"ADGRG5",0.120132144927292,0.619539882854689,0.680854205182035,FALSE
"GLRX3",0.0331929888026541,0.619672580218197,0.680942875626712,FALSE
"ZCCHC3",-0.0461063519802297,0.619847051692448,0.681077431872223,FALSE
"TMEM135",-0.10047431340578,0.619949250219953,0.681132559909334,FALSE
"IFITM2",0.0982225777709395,0.620086362551692,0.681226034952316,FALSE
"DFFA",0.068593289657153,0.620224578003086,0.681320706093002,FALSE
"MITF",-0.0307215541484378,0.620678796552568,0.681762463668615,FALSE
"TRAK2",-0.0263917535477166,0.620964509731275,0.682019073943109,FALSE
"CAMKK1",-0.00972361275863757,0.621045345861276,0.682032834140259,FALSE
"PRDX4",-0.02746119159644,0.621081228889411,0.682032834140259,FALSE
"FSTL1",-0.089745021822207,0.621162833366297,0.682065236469979,FALSE
"BLTP3A",0.0738042688738627,0.621250487259474,0.682104275343931,FALSE
"IL16",-0.0293644433108483,0.621908079247825,0.682769020839624,FALSE
"TRPT1",-0.0162198036159709,0.622025394957222,0.682840555993623,FALSE
"RPL7L1",0.0136863066331604,0.622172031247304,0.682944263694953,FALSE
"CNN1",-0.32223028413381,0.62317939281519,0.68399267360299,FALSE
"TTC3",0.0323958222923477,0.623283468063004,0.684049556868208,FALSE
"BCL2",-0.107329560803913,0.623470469035753,0.684197433412915,FALSE
"TAF10",-0.0325076218830426,0.62366589978414,0.684354535242139,FALSE
"ZNF407",0.105372286804401,0.623992742952001,0.68465579875357,FALSE
"MAP3K1",0.00801720692454684,0.624338742048362,0.684978028232393,FALSE
"ALPL",0.0617879580044586,0.624548706787966,0.685150969437577,FALSE
"ZNF773",0.0243173542148199,0.624633361346757,0.685186423690971,FALSE
"PIM2",-0.156759592998154,0.624780923139849,0.685290871795149,FALSE
"SASH1",-0.173586417529325,0.624924761814466,0.68539121903954,FALSE
"TMEM97",0.0639487169948255,0.625098437307371,0.685524270499925,FALSE
"PDE1A",-0.0449284246973994,0.625732453684943,0.686103940954406,FALSE
"PIERCE1",-0.0848119193566673,0.625784231510583,0.686103940954406,FALSE
"TM6SF1",-0.0750367686049468,0.625695114196868,0.686103940954406,FALSE
"SSTR2",-0.106253703164781,0.62590656079529,0.686180597381673,FALSE
"SLC13A5",0.0429385877704927,0.627239985270559,0.687584851977071,FALSE
"AMHR2",-0.0481439789322918,0.627478134854263,0.687734839149433,FALSE
"FKBP1B",-0.215319694126341,0.627481870886036,0.687734839149433,FALSE
"EIF2AK1",-0.0234297358075414,0.627843814812529,0.688073934666468,FALSE
"KCNJ14",-0.204680135501025,0.628071327092989,0.688265657847276,FALSE
"RHCE",-0.120947785540702,0.628268994196707,0.688424646135193,FALSE
"DCAF13",-0.0328273678912874,0.628542348206259,0.688666534665356,FALSE
"STXBP4",0.0601549061090664,0.629068089484173,0.689184889332786,FALSE
"MB21D2",0.0150857470880243,0.629882158944117,0.690019013044631,FALSE
"COPZ1",0.0214795168462321,0.63003698623294,0.690130875482066,FALSE
"ANKDD1A",-0.309038244857365,0.630245865301971,0.690301921570602,FALSE
"DZANK1",-0.12743767307585,0.63059375340189,0.690625181490509,FALSE
"IL13RA2",0.0651541595752788,0.630702198143769,0.69062840231668,FALSE
"RNF114",-0.0156325794628584,0.630685218210003,0.69062840231668,FALSE
"DYRK4",-0.06938191659061,0.631496322142217,0.691440147987447,FALSE
"PPT2",-0.0435761332814014,0.631624063932521,0.691522181385228,FALSE
"MSANTD3",-0.0491303551772467,0.631751798388839,0.691604193035093,FALSE
"FAM89B",0.0418827577060139,0.63195728091985,0.691771297809589,FALSE
"FGFBP2",0.0501547014592319,0.632828950485015,0.692657329742063,FALSE
"GPRIN3",-0.132953322336424,0.632872515916174,0.692657329742063,FALSE
"ECHDC3",0.0578646886772971,0.633239612810257,0.692948746290085,FALSE
"PTTG1",0.0152575825248269,0.633244637993781,0.692948746290085,FALSE
"SPECC1",-0.210717833482991,0.634162599563808,0.693865549797727,FALSE
"VAPB",-0.0037027014625461,0.634188448585365,0.693865549797727,FALSE
"HSD17B7",-0.0392836147255285,0.634529780498597,0.694122985151039,FALSE
"UPP2",0.0817354826533212,0.634506026682566,0.694122985151039,FALSE
"ARLN",-0.0756177049884883,0.634610486389846,0.69415326993198,FALSE
"CRIPTO",0.11958834149875,0.635604035740275,0.695141859265495,FALSE
"GBP2",0.0260236870972518,0.63562047030761,0.695141859265495,FALSE
"SNU13",0.0812434000902428,0.635933837413035,0.695426478400556,FALSE
"C3orf18",0.0411686119017259,0.636085641479021,0.695504564379232,FALSE
"RAB31",0.00253862891395693,0.636111492046816,0.695504564379232,FALSE
"FNTB",-0.0569117059002979,0.636247060223666,0.695594698325531,FALSE
"PRICKLE1",0.0123392015230858,0.636437364454013,0.69568656386674,FALSE
"TMEM176B",-0.0287066956672546,0.6363957495521,0.69568656386674,FALSE
"CECR2",-0.0415139540194017,0.636683064170705,0.695897034239678,FALSE
"NFRKB",0.0927493361590689,0.638485044031411,0.697808347646651,FALSE
"YAP1",-0.06720403811829,0.638720801026409,0.698007740153401,FALSE
"GPANK1",0.049571948134175,0.638989950155212,0.69824358796695,FALSE
"NUCB2",-0.0430800418512794,0.639145749372407,0.698355545884123,FALSE
"SENP1",0.0612338745055182,0.639296321220796,0.698461773965005,FALSE
"RFC1",0.0551374687726198,0.639675644971664,0.698817885845212,FALSE
"SEC14L6",0.000273413426191337,0.640061619765293,0.699122870512867,FALSE
"TULP4",0.0316306686851758,0.640017674326381,0.699122870512867,FALSE
"ANKRD18A",0.0517004707861871,0.641044338102025,0.700137855546151,FALSE
"DDX60",0.0240318829674709,0.641109088492956,0.700150165711526,FALSE
"MFSD1",0.015253723986683,0.641218359172232,0.700211090022759,FALSE
"WSCD1",0.0509186516708291,0.642522683490076,0.701576895100256,FALSE
"ZSCAN9",0.0108066967128867,0.64331028958834,0.702378309673134,FALSE
"C2orf74",0.0809291956476458,0.643604428140078,0.702640858339718,FALSE
"RAB3D",-0.0349107284510757,0.643748799115026,0.702739871426159,FALSE
"KRT222",-0.0188564053273607,0.644074184164155,0.703036453149668,FALSE
"MBD4",-0.0175588330872129,0.644271964074633,0.703193710184668,FALSE
"PET100",-0.272642244407448,0.644741906356375,0.703647969157857,FALSE
"RND3",-0.0954813553690314,0.645150389660206,0.704035083890258,FALSE
"HAT1",0.117880459712742,0.645310565042626,0.704151184992337,FALSE
"CHN1",-0.0311620993248934,0.64564938721251,0.704439446417976,FALSE
"EXOC4",0.0881670928752797,0.645682352353782,0.704439446417976,FALSE
"CPN1",-0.0140149310702485,0.645816294814114,0.704448718718359,FALSE
"MRPL14",-0.0759530367103841,0.645852273967038,0.704448718718359,FALSE
"POLR2G",0.0240401240769991,0.645756239640968,0.704448718718359,FALSE
"ASXL2",0.0983898905526005,0.646345538700222,0.704712672755453,FALSE
"CRYL1",0.0518268050530783,0.646172433577395,0.704712672755453,FALSE
"CYP2A13",-0.0955331784450673,0.646268212389624,0.704712672755453,FALSE
"HABP4",0.0230837642704343,0.646363410819392,0.704712672755453,FALSE
"XBP1",0.0341316262604753,0.646297290345394,0.704712672755453,FALSE
"CES4A",0.128856184670253,0.646430678500334,0.704727324750301,FALSE
"GOLGA8A",-0.0321504559657495,0.64682526283959,0.705098779441791,FALSE
"FBXL12",-0.00129877202430281,0.64730384762679,0.705447157902058,FALSE
"MSH2",-0.0325732662808164,0.647306500754463,0.705447157902058,FALSE
"SH3BGRL3",-0.069277008127773,0.647306138821092,0.705447157902058,FALSE
"DSN1",0.0115896148064876,0.647422737467413,0.705508511469047,FALSE
"WDR37",0.038721533647521,0.647470574801452,0.705508511469047,FALSE
"BRINP1",0.0618292236375707,0.647697751686007,0.705697317332989,FALSE
"RALB",0.0221388654525703,0.647765230594482,0.705712107759254,FALSE
"ATP5MC3",-0.0358597711423779,0.647919842833883,0.705768766796795,FALSE
"CRCP",-0.0334891899135676,0.647925054088808,0.705768766796795,FALSE
"OAS1",0.0800985017334683,0.649255926945066,0.707159616935508,FALSE
"STAMBPL1",-0.0724670622572584,0.649576971083609,0.70745043718714,FALSE
"LMTK2",-0.00977554166917205,0.650131512448554,0.707995488352725,FALSE
"DLGAP2",0.0571730240957919,0.650308396286623,0.708129212691048,FALSE
"BCL7C",-0.0866588862059944,0.650706554688981,0.708503843478721,FALSE
"UTRN",-0.105565875891948,0.651252141518407,0.709038921975799,FALSE
"PLA2G4C",0.234109471518358,0.651637520970354,0.709399503121892,FALSE
"NPIPA5",0.148075649803023,0.651790218580351,0.709447750386927,FALSE
"SPTY2D1",0.0428830170557136,0.651751785968371,0.709447750386927,FALSE
"ASNS",-0.141811691333838,0.651983792515801,0.7095994522917,FALSE
"ZSCAN21",-0.027945651393071,0.652595230645299,0.710205881929198,FALSE
"MRPL33",-0.0229336262279109,0.652862544522565,0.710437738582779,FALSE
"TMEM200C",-0.0036481689398627,0.653224385586283,0.710772411577095,FALSE
"DOCK7",0.0539262620013157,0.653279545727087,0.710773357654701,FALSE
"FAM98A",0.0509524665111366,0.653445896989142,0.710895270349164,FALSE
"PLEKHF1",0.0138464525947436,0.653505992168396,0.710901574530008,FALSE
"SAMD9L",0.0750964198680055,0.653907245979511,0.711278968458272,FALSE
"ZNF256",0.0398356511196212,0.654009198542323,0.711330765748616,FALSE
"SETD4",0.0737208248819813,0.654063861181597,0.711331123989821,FALSE
"ADGRB3",0.135596815857088,0.655096342478626,0.712394826458192,FALSE
"AIF1",-0.0923583570721012,0.655324589092659,0.712583847209393,FALSE
"CNRIP1",-0.0995178634062308,0.655426919948114,0.712635930235089,FALSE
"RARB",-0.0599496029001931,0.655920050577407,0.713112880099602,FALSE
"CTSL",-0.0717271171344554,0.656047640464561,0.713192369755213,FALSE
"ARCN1",0.0620802626015728,0.656320697939642,0.713429971556443,FALSE
"AGTPBP1",-0.0384083010526543,0.656563310465937,0.713575200117886,FALSE
"CDK6",-0.0241688731179192,0.65654762068465,0.713575200117886,FALSE
"ENOX2",0.0177363853561698,0.656696912637159,0.713602784334212,FALSE
"PLGRKT",0.0362306335004256,0.656697704373555,0.713602784334212,FALSE
"ITGAD",0.00912405691910853,0.657099754102823,0.71398041171169,FALSE
"POLR2C",-0.0185762805114709,0.657302230164354,0.714119983756773,FALSE
"PTPN20",-0.107872941129562,0.657337299438807,0.714119983756773,FALSE
"KIAA0753",-0.0146551170129648,0.657470050273213,0.714204936788658,FALSE
"GPC6",0.123733901370623,0.658286177935845,0.71503216141509,FALSE
"GAMT",0.0395040318845135,0.658597242026474,0.715310692932686,FALSE
"SLC38A1",-0.0640811388036841,0.659078898212025,0.715774445076054,FALSE
"MFN2",0.0162792157464656,0.659443782975406,0.716051920603302,FALSE
"SLC24A4",0.166751838055671,0.659432583443744,0.716051920603302,FALSE
"GIT2",-0.0124551743273061,0.660852529910071,0.717522086712776,FALSE
"BBS2",-0.029702587518728,0.6609848304198,0.71760621940924,FALSE
"GALNT15",-0.08940483802044,0.661602930332424,0.718158159680963,FALSE
"SH2D3A",-0.18426127420541,0.661595969771991,0.718158159680963,FALSE
"ZXDA",0.0538995439464835,0.661797887416032,0.718310225671587,FALSE
"STX17",0.234849569275237,0.661907604963687,0.718369755797446,FALSE
"IGF2",0.0279888197241568,0.662051002298831,0.718406276178723,FALSE
"TTC12",0.058528015530337,0.662043041293515,0.718406276178723,FALSE
"CPNE1",-0.0771735555752827,0.662453375035089,0.718783323881932,FALSE
"CELSR2",-0.142461633588981,0.662929486696759,0.719240311579843,FALSE
"H2AZ1",-0.0694878881560008,0.663000486325986,0.719257736740124,FALSE
"DYNLRB1",-0.041072029685733,0.663211861251325,0.7194274328861,FALSE
"FASLG",0.00380820099362896,0.663687409027266,0.719883642003726,FALSE
"PEG10",0.206220601085825,0.66408831604139,0.720258821440965,FALSE
"MGP",-0.134093770124655,0.665095405499393,0.721291339363656,FALSE
"METTL26",0.0272600601456373,0.665577002103379,0.72175384010084,FALSE
"DENND1A",0.142487876235798,0.665878897861323,0.722021412191523,FALSE
"TCP11L2",0.0802893480018731,0.66605299219574,0.722150374644028,FALSE
"LRP1B",0.261791825087832,0.666188149406453,0.722237102685433,FALSE
"SNTB2",0.0137102889694276,0.66632050615323,0.722320780538054,FALSE
"GVQW3",0.0741736196494797,0.666462842947037,0.722355454910391,FALSE
"TMEM184C",0.251346148624277,0.666449123523365,0.722355454910391,FALSE
"MAST2",0.0389026346508276,0.667042051354074,0.722923388768836,FALSE
"ALDH1A2",0.081458296805549,0.667314830549716,0.723159155827902,FALSE
"DSEL",-0.0763961137998647,0.667624707752045,0.723435083089702,FALSE
"TMEM183A",-0.0168651498029018,0.668186505928493,0.723983922504,FALSE
"THRAP3",-0.00099820065981571,0.668693822503983,0.72447364483798,FALSE
"AQP3",-0.0389422930391373,0.668950547829486,0.72463246147677,FALSE
"UBR1",0.058030002478068,0.668951109792869,0.72463246147677,FALSE
"PIK3C3",0.000658586581628371,0.669085106173318,0.724717647887903,FALSE
"PANX1",0.00876292290653951,0.669283128947997,0.724872164476106,FALSE
"RIN2",0.0306208221074491,0.669435011552239,0.724976687173622,FALSE
"SNRPC",-0.0320769191988174,0.669905345970897,0.725426037175433,FALSE
"TSC1",0.00282978076034629,0.670024717784376,0.725495294453151,FALSE
"ALG11",0.341744046730767,0.670218506668652,0.725585106202431,FALSE
"NUBPL",-0.0398773324443458,0.670213008604143,0.725585106202431,FALSE
"FGF12",-0.233821204222855,0.670555810125678,0.725890248566676,FALSE
"HSD17B14",-0.0218553612402706,0.670724760262829,0.726013109661922,FALSE
"MMS22L",0.0867679271799235,0.671024218957261,0.726277205240448,FALSE
"MYH10",0.073074446911113,0.671657416576282,0.726902446707174,FALSE
"MED19",-0.0461283076964489,0.672767910993827,0.727983923525183,FALSE
"ZFP91",0.0719365501664308,0.672735485964993,0.727983923525183,FALSE
"NRP2",-0.0717541757289749,0.672916000629712,0.728083990102825,FALSE
"DHX57",0.0276569391086104,0.673088599459678,0.728210556493356,FALSE
"PARP8",-0.0843660526115607,0.67346267101726,0.728555056102956,FALSE
"KCNS3",-0.0386008559646592,0.673632386550049,0.728678443750577,FALSE
"DLAT",-0.0299839093792027,0.673838187200996,0.728840841609008,FALSE
"GLIS3",0.00858972300243571,0.675003836707079,0.729981020169261,FALSE
"PRRT1",0.0481684008260407,0.675000655881151,0.729981020169261,FALSE
"ZNF117",0.0389048449812854,0.677665202077441,0.73279861448731,FALSE
"SHMT1",0.0560268431779287,0.677866924764131,0.73295620903634,FALSE
"CLIP4",-0.0115243137961271,0.678134936725695,0.733064370540236,FALSE
"MTO1",-0.0192204136577206,0.678118329684407,0.733064370540236,FALSE
"PMS2",0.124888538943184,0.678124484313635,0.733064370540236,FALSE
"COPS7B",0.0265045090952733,0.678452064809694,0.733346634122236,FALSE
"SDS",-0.00582994365180488,0.678802587666292,0.733664944912664,FALSE
"SDR39U1",0.0231568654916177,0.678864424596957,0.733671210733314,FALSE
"GCNT1",0.0425210424754179,0.679130231217049,0.733897894105952,FALSE
"KCNIP2",0.0369367334113562,0.679537774489202,0.734277694256573,FALSE
"FANCG",-0.0353011381118435,0.679641474213867,0.734329139259548,FALSE
"CCND2",-0.19785448933091,0.680025229562896,0.734683141231015,FALSE
"LMAN2L",0.0275613062956047,0.680134043859444,0.73474006949483,FALSE
"PDSS1",-0.0167077726532783,0.680244447371631,0.734798705032128,FALSE
"TMOD2",0.0151376304290975,0.680429977622207,0.734938475953299,FALSE
"PUM3",0.0391058542714291,0.680541541138373,0.734998338276157,FALSE
"COG8",-0.0315993826179928,0.680662696780693,0.7350685495548,FALSE
"HDGF",0.0207912631744337,0.680895390564725,0.735259192780714,FALSE
"WNK3",0.0292698986480467,0.681685718294055,0.736051911249961,FALSE
"ALDH9A1",-0.0166475584284291,0.682073775100958,0.73637918137435,FALSE
"HSD17B2",-0.0475497247429747,0.682157555125887,0.73637918137435,FALSE
"SFMBT2",-0.132436679124811,0.682120025166036,0.73637918137435,FALSE
"H1-2",-0.0171849739694255,0.682848397473559,0.73694264444183,FALSE
"MAPK10",-0.153352330377828,0.682828077759277,0.73694264444183,FALSE
"MTUS2",0.154373309226396,0.68277566795404,0.73694264444183,FALSE
"ILDR2",0.218203637189542,0.683137681452646,0.737194075632875,FALSE
"FUBP3",0.0654624971511675,0.683280214465412,0.73722635303949,FALSE
"LPCAT3",-0.00170319335011201,0.683267477258609,0.73722635303949,FALSE
"RAP2B",-0.0620651930063926,0.683514944129254,0.737358079148006,FALSE
"TRPM8",-0.0417805139401324,0.683507896786376,0.737358079148006,FALSE
"ZNF829",0.103100368655906,0.683780020479814,0.737583260123731,FALSE
"C11orf96",0.0899372184698364,0.683986827973021,0.737745555431108,FALSE
"IDI1",0.204834552683642,0.684385695277055,0.738114961905198,FALSE
"TPX2",-0.131537969781063,0.684445112607381,0.738118238406576,FALSE
"TOE1",0.0396325533361879,0.6845856183481,0.738208954403536,FALSE
"MT-CYB",0.0192724534890595,0.685009601558338,0.738605312436317,FALSE
"MXRA7",-0.0698614780407719,0.685380885274667,0.738944787121464,FALSE
"OSCP1",0.0401471137719288,0.685608601056903,0.739129430586048,FALSE
"ANKRD35",0.0565976953253411,0.686300991598799,0.739804575352335,FALSE
"MCU",-0.0264558194039618,0.686347874444658,0.739804575352335,FALSE
"AMD1",-0.0438256433495252,0.68687300070786,0.740309650553001,FALSE
"APC",0.054608585432264,0.687151384759458,0.740548726479323,FALSE
"IL7R",-0.168236119039082,0.687250127495029,0.740594178052919,FALSE
"MBLAC1",-0.0174939272884347,0.687337403964231,0.740627266888865,FALSE
"NUP153",0.0863410045632478,0.68739588073666,0.740629320270294,FALSE
"AKIP1",-0.0241595286774861,0.687643979799639,0.740835663556359,FALSE
"CENPW",0.0459627158559537,0.687781686561032,0.7409230511361,FALSE
"UFC1",-0.0206860952319036,0.688131245518753,0.7412386264877,FALSE
"FUBP1",-0.016120634043243,0.688430304785518,0.74143875865844,FALSE
"RAD23A",-0.0222217358535576,0.688374037533029,0.74143875865844,FALSE
"RALA",0.0537211706033754,0.688519019085456,0.741473307383959,FALSE
"PRPS1",0.0797090140877002,0.689130348011212,0.742070613272149,FALSE
"FAM78B",0.0719475699971075,0.689645940847323,0.74256473867696,FALSE
"EDNRB",-0.177676608456297,0.689962695190675,0.742844704394434,FALSE
"ENKD1",0.0448235280672361,0.690285209620133,0.743130825125136,FALSE
"SLC28A2",0.10743527685917,0.690396081394823,0.74318907232536,FALSE
"ONECUT2",-0.0552131991612327,0.690577102865728,0.743322817620498,FALSE
"DNAJC16",-0.00373567935929385,0.691162264823677,0.743646973296481,FALSE
"KLRB1",-0.145430702465711,0.691145624948448,0.743646973296481,FALSE
"STRADA",0.0645604598704499,0.69098275698169,0.743646973296481,FALSE
"TPBG",-0.0815866715373515,0.691122268759519,0.743646973296481,FALSE
"ZSWIM5",-0.0341506983762421,0.691161757107177,0.743646973296481,FALSE
"WDR47",0.0321695184928151,0.691313835386054,0.743748930304398,FALSE
"SDCBP",-0.154499146029353,0.691444904650005,0.743828816078707,FALSE
"ZNF184",0.051270401097273,0.691518201284751,0.74384654434475,FALSE
"FSD1L",-0.212040212167751,0.691602216648168,0.743868682693604,FALSE
"UGT2B15",0.0781377312195225,0.691652419372842,0.743868682693604,FALSE
"PKP2",0.154421088006621,0.692075399940294,0.744140204994935,FALSE
"SKIC8",0.0277514422007332,0.692055362616422,0.744140204994935,FALSE
"TENT5C",-0.0228259471340495,0.692029407901184,0.744140204994935,FALSE
"ANAPC15",0.0127678428900025,0.692434103754413,0.744464752102552,FALSE
"KLHL41",0.176638479675816,0.692527883965489,0.744504438896057,FALSE
"NBEAL1",0.322713213893222,0.693018308417402,0.744970497889862,FALSE
"HACD3",0.120339269693948,0.693111276057194,0.745009263229949,FALSE
"CLEC12A",-0.0306058822573973,0.69338634950667,0.745243747454341,FALSE
"PANK2",-0.0167003217410901,0.693633052200052,0.745404686134593,FALSE
"SDHC",0.061419499449059,0.693685766665306,0.745404686134593,FALSE
"VIRMA",0.0829550978236832,0.693706897025961,0.745404686134593,FALSE
"C1QTNF6",0.198097445942001,0.69377349406735,0.745415066420168,FALSE
"APOL1",0.0333146173607944,0.694060873278247,0.74566061843034,FALSE
"RAD51C",-0.0159884173016379,0.694115945372025,0.74566061843034,FALSE
"ADIPOR2",0.0502116654586938,0.694230886249893,0.745722904724615,FALSE
"RAMAC",-0.0231545885260357,0.694641299306692,0.746010725413017,FALSE
"SPRTN",0.0196695213054667,0.694625175259258,0.746010725413017,FALSE
"ZNF726",0.146899800110893,0.694669779522616,0.746010725413017,FALSE
"RANBP2",0.0323830243055465,0.694734274071256,0.74601879233439,FALSE
"ATP2B2",0.0236259192949452,0.695965124565885,0.747156655253511,FALSE
"CYP4A11",-0.0378746238095038,0.695854345635007,0.747156655253511,FALSE
"OSMR",-0.0649517335853639,0.695948266867827,0.747156655253511,FALSE
"ELN",-0.206245712966932,0.696522743090859,0.747693977742335,FALSE
"TNFAIP8L2",-0.222189284210397,0.696707542931894,0.747831036489658,FALSE
"EEIG2",-0.150447291480065,0.696892306468411,0.747968033799347,FALSE
"PRDM2",-0.0290237576468517,0.697214873912948,0.748252900177746,FALSE
"DYM",0.100123894615525,0.69757837593065,0.748527276937463,FALSE
"SNRPA",-0.0490839831115772,0.697584884350289,0.748527276937463,FALSE
"MRPS18B",0.0207414873397956,0.698213970919623,0.749117834105494,FALSE
"RHPN2",-0.0449706371283702,0.698249689091762,0.749117834105494,FALSE
"CHRNE",0.0719934416490925,0.698935554911593,0.749792222623941,FALSE
"LRR1",0.0566492680648123,0.699260671028776,0.750079533396865,FALSE
"DHX35",0.0490394530240175,0.699984090953152,0.750794012678901,FALSE
"PASK",-0.162110498825648,0.70027412518855,0.751043569015196,FALSE
"DNASE1L3",-0.0865504364963029,0.700340102949458,0.751052803720045,FALSE
"ARMC8",-0.0290578592047169,0.70059779692524,0.751206089872666,FALSE
"FAM43A",0.0347658280384119,0.700541746750769,0.751206089872666,FALSE
"TOX",-0.111358356685345,0.701679761556868,0.75230459735505,FALSE
"TSPYL2",-0.0692469696510156,0.701926374840746,0.752507377940964,FALSE
"MT-CO1",0.000826608705904029,0.702307813362169,0.752854654264924,FALSE
"INTS13",-0.0214150466527573,0.702368763091265,0.752858346683383,FALSE
"CCNA2",-0.0755572438865736,0.702903526500428,0.753369870564356,FALSE
"APOB",0.136163902643575,0.703310063762548,0.753743889552986,FALSE
"HAS3",0.105360830259125,0.703570481258946,0.753961262228216,FALSE
"POLE4",-0.0663342416233108,0.703952314857363,0.754308700778573,FALSE
"RBSN",-0.0126760092124822,0.704010440929783,0.754309247291327,FALSE
"LRATD2",-0.0074077764880612,0.704184475399065,0.754372240563338,FALSE
"PRKAA2",0.0744768467270979,0.704130861084924,0.754372240563338,FALSE
"B4GAT1",-0.0266744630672696,0.704333570131748,0.754408500381644,FALSE
"TRAPPC12",-0.0868700072492136,0.704324548351039,0.754408500381644,FALSE
"ZNF418",-0.0377458739457087,0.70473564453586,0.754777409871031,FALSE
"COX15",0.011706472098435,0.704893549631962,0.754868207120074,FALSE
"DKC1",-0.0137060000580791,0.704935739401927,0.754868207120074,FALSE
"ARSL",0.0808335236034848,0.70519375653847,0.755020989581423,FALSE
"ZBTB34",0.0118526909193274,0.705183369449748,0.755020989581423,FALSE
"SEL1L",0.0761852337437862,0.705890217178945,0.755643068136284,FALSE
"UGT2A3",0.0369177960253092,0.705833729023805,0.755643068136284,FALSE
"ATP6V0B",-0.0019941499694949,0.706251708920272,0.755909014307198,FALSE
"HSPA1L",-0.0320794881655261,0.706254129468809,0.755909014307198,FALSE
"ASS1",-0.032928869939805,0.706617949074545,0.756066213288245,FALSE
"CACNA2D4",-0.111286046696129,0.70651041405669,0.756066213288245,FALSE
"CALHM5",-0.0286970206840434,0.706632003192405,0.756066213288245,FALSE
"MRPS25",0.0389829821557447,0.706519989192317,0.756066213288245,FALSE
"RUBCN",0.00462269977388385,0.706866091336802,0.756254871927875,FALSE
"PPP1R15A",-0.0657549097887518,0.707000396559871,0.756336753698467,FALSE
"TULP3",0.0316963420997829,0.707408171014049,0.756711150822447,FALSE
"RNF169",-0.0277147508223548,0.707765427363561,0.757031452209456,FALSE
"ING5",0.0377398916100702,0.707923344149823,0.757138503521729,FALSE
"TRAPPC4",-0.0933719183096709,0.708029368481235,0.757190041836001,FALSE
"FANCE",-0.0216784231483161,0.70817599285339,0.757284987212005,FALSE
"NSMCE1",-0.0360538070194179,0.708322740639692,0.757380049040742,FALSE
"DCPS",-0.128133932690014,0.709301392782127,0.758364543430266,FALSE
"SPRY3",0.153067738462596,0.710265968970829,0.759333828659652,FALSE
"GLE1",0.0393595830473566,0.710372780154008,0.759386007820386,FALSE
"C1orf74",0.00549685389668827,0.711296451347758,0.760311327648992,FALSE
"APOD",-0.159470056515548,0.711829572526842,0.76081906796648,FALSE
"COBL",0.0394146692446276,0.71210327076881,0.761049471094307,FALSE
"LHFPL6",-0.0610435406066322,0.712289538217859,0.76118640391382,FALSE
"KAT6A",0.055820057996394,0.712402471215576,0.761244952102051,FALSE
"BMAL1",-0.110287617292071,0.712675080996793,0.761474101069943,FALSE
"MED11",-0.0613936642235211,0.712861935614483,0.761611593036136,FALSE
"BBS12",0.0456358650957565,0.713153693326658,0.761798968099919,FALSE
"EIF2D",-0.00936986576416063,0.713113388219864,0.761798968099919,FALSE
"EPB41L3",-0.0121609207930834,0.713335187235475,0.761930674005616,FALSE
"GALM",-0.0205680966559254,0.713925076463633,0.762498539815784,FALSE
"RREB1",-0.0102299636205662,0.714250873498934,0.762784275703405,FALSE
"MGA",0.0198844121627935,0.714871622860294,0.763356304902877,FALSE
"NUFIP2",0.0225509571708884,0.714903120563258,0.763356304902877,FALSE
"UBE2I",0.014010445394376,0.715131892456095,0.76353830827232,FALSE
"POLB",-0.00394313555781318,0.715928028960908,0.764263678665706,FALSE
"USF1",-0.00316139385120092,0.715917870985792,0.764263678665706,FALSE
"UBE2Q2",-0.157821313271812,0.716159040808767,0.764447954526569,FALSE
"PLAA",0.00114801803379331,0.716368376478814,0.764609064475839,FALSE
"POLR1C",0.00993095576353568,0.717205241708805,0.765377488135937,FALSE
"ZNF718",0.0591922003699728,0.717177363353092,0.765377488135937,FALSE
"RARS2",0.0403070006392994,0.717703907633269,0.765847221349316,FALSE
"ZNF664",0.0308759198019118,0.718073122001176,0.76617875413524,FALSE
"DOCK5",-0.0432176477517188,0.718727690531086,0.766801937072303,FALSE
"ITK",-0.215652634750008,0.718774318037833,0.766801937072303,FALSE
"DDX1",-0.0125002112233709,0.719170727939138,0.767162321370423,FALSE
"MT-ND4L",-0.072750642947029,0.719315855794251,0.767254618222123,FALSE
"HEATR5A",0.0428776587884474,0.72012046204509,0.768050272023977,FALSE
"ZNF568",-0.069854654815298,0.720592311043799,0.76849092018454,FALSE
"ARPC1A",-0.0220062273988972,0.720683124517523,0.768525166260765,FALSE
"CHD2",0.0214637575725971,0.720811854105159,0.768599836613841,FALSE
"CGAS",-0.122362370271842,0.720983293237996,0.768720032174594,FALSE
"GFRA1",-0.0230710157793088,0.7216483485696,0.769366464126482,FALSE
"ZNF460",-0.0724483486684611,0.722349626858031,0.770051405815923,FALSE
"PCDHGA10",0.175521622468388,0.722525650779324,0.770176340987046,FALSE
"UBXN2A",-0.0180079986606192,0.72281662366263,0.77042377570554,FALSE
"MTERF4",0.0140153052354319,0.723135462580446,0.770700869106415,FALSE
"RCAN3",0.00371726654134374,0.723232879264963,0.770741949966373,FALSE
"PABPC1L",-0.0812891347314648,0.723358599818534,0.770813184830233,FALSE
"TLR1",0.0805533103809268,0.724291097042082,0.771744041871485,FALSE
"TP53INP2",0.033679944418594,0.724945755605303,0.772378729849009,FALSE
"XPNPEP2",-0.119602831481457,0.72571389992719,0.773134215790282,FALSE
"CD99",0.0186677977186203,0.726024873286716,0.773276736175536,FALSE
"GPR143",-0.019515062475456,0.725995275469107,0.773276736175536,FALSE
"RABL2A",-0.110215581839783,0.725972102564291,0.773276736175536,FALSE
"S100A10",-0.0130389218410462,0.726236659823118,0.773439384235277,FALSE
"GFPT2",-0.00543187661332363,0.726476678223639,0.773632070221562,FALSE
"CRHBP",0.0140618722588245,0.726726216814965,0.773834862183125,FALSE
"TFRC",0.0726672294663731,0.727069645573495,0.774137589447641,FALSE
"VRK2",0.0414781096644103,0.727397409754992,0.774423590185603,FALSE
"PGM5",-0.00516334560373826,0.727686271930651,0.774668130762407,FALSE
"NCOA6",0.0462448192012015,0.727757251611217,0.774680700715022,FALSE
"ZNF699",0.0760964277203337,0.727906597046252,0.774776680368255,FALSE
"ZNF286A",-0.05701192360556,0.728005879003835,0.774819361671263,FALSE
"PRPSAP1",-0.0279623855202079,0.728791056352942,0.775591977708723,FALSE
"MICA",0.0308840824275533,0.729131275862745,0.77589097485126,FALSE
"UQCRHL",-0.0512267664617791,0.729457205250463,0.77617471807047,FALSE
"ZNF532",-0.0908878496664755,0.72975420547685,0.776427635766186,FALSE
"GNAO1",0.0988292476110217,0.729833313118525,0.776448702693623,FALSE
"KCNH7",0.354293230986719,0.729896894935578,0.776453250060663,FALSE
"AGAP9",-0.0556576320539659,0.73044439977139,0.776909422520679,FALSE
"SRFBP1",0.019500789307964,0.730430966996104,0.776909422520679,FALSE
"TMEM242",0.0125461699418634,0.731622548081426,0.778099301338913,FALSE
"PRIM1",0.0646036790828532,0.731904272818488,0.778335694885846,FALSE
"RANBP1",-0.0227239021192838,0.732075214536727,0.778454248596072,FALSE
"BEX5",-0.0920392060859729,0.732222754224131,0.778547900454993,FALSE
"XRCC4",-0.0170822975034325,0.73293835843116,0.779245492007532,FALSE
"SLC25A28",-0.14632229162706,0.733275368102479,0.779540488769602,FALSE
"DISC1",-0.065266164344134,0.733386730043655,0.779595572404314,FALSE
"LIG3",0.0110914699632942,0.733591187996222,0.779733375078745,FALSE
"UQCRFS1",-0.0110451173074902,0.733635480768407,0.779733375078745,FALSE
"DNAJB11",0.0439535140134638,0.734050738044087,0.780099657104213,FALSE
"LSM10",0.0170410259177537,0.734099280134731,0.780099657104213,FALSE
"ZNF200",-0.0457067212533087,0.734330634033372,0.780282173586958,FALSE
"PPP2CB",-0.0742451075439202,0.734418164813585,0.780311849840891,FALSE
"GSR",-0.0258128832234325,0.735150746672864,0.781026825889891,FALSE
"ZNF497",-0.00162599880111363,0.735720327849603,0.781568527442957,FALSE
"CTCF",0.0193215302808262,0.735857735496441,0.781651072869728,FALSE
"HAMP",-0.112443695938205,0.736209485693903,0.781925826336188,FALSE
"METTL8",0.00502881107847867,0.736338035943398,0.781925826336188,FALSE
"MOAP1",-0.0284327630073463,0.736276278162977,0.781925826336188,FALSE
"NUP133",0.0552206997308055,0.736355294294138,0.781925826336188,FALSE
"RASSF8",-0.0890273900932532,0.736446282059054,0.781959020658324,FALSE
"ZNF561",-0.0164691917993167,0.736766364465237,0.782235442671226,FALSE
"COLQ",-0.111654523279777,0.736923074126367,0.782274944171118,FALSE
"EML6",0.0620703792608173,0.736881162230417,0.782274944171118,FALSE
"CEACAM6",0.502165771344258,0.737154137800321,0.782403191953594,FALSE
"RTF2",-0.0141605406085965,0.73716341068955,0.782403191953594,FALSE
"NELFE",0.00688954617223582,0.737387492427634,0.782577581944113,FALSE
"CHDH",0.00121644793066849,0.737451521766604,0.782582096374189,FALSE
"ZDHHC13",-0.133432413609877,0.737692083723431,0.78274308529075,FALSE
"ZNF570",-0.0575871333932315,0.737722802429161,0.78274308529075,FALSE
"APLP2",0.0424195744496756,0.737921295185731,0.782826804681273,FALSE
"ZNF600",0.0249931038986126,0.737919259161602,0.782826804681273,FALSE
"MTHFD1",0.0301645864526972,0.738499943556153,0.783377188546196,FALSE
"NUP155",0.107730916346784,0.740717721153649,0.785666078371836,FALSE
"DRG1",0.0225171137783165,0.740850100329879,0.785742831620121,FALSE
"TAF1A",0.0493207195310996,0.74113323627219,0.785979451541151,FALSE
"PPP1R12B",0.00527722271326213,0.741457321823199,0.78625945709617,FALSE
"FUS",-0.0326883263965924,0.741587797254979,0.78633412502326,FALSE
"MOK",0.0437392820024198,0.742721098396737,0.787472029495471,FALSE
"TMEM44",-0.173717808628955,0.743029647560722,0.787735374999188,FALSE
"ZNF343",0.0312197084052007,0.743161898956153,0.787811787946069,FALSE
"CLEC7A",-0.16687022761867,0.743448039529007,0.788051310299875,FALSE
"SOCS4",-0.104550909899083,0.743598751678382,0.788147252021809,FALSE
"C1orf174",-0.0283577068213202,0.743982930459249,0.788428296516328,FALSE
"PSMD14",0.0535820041527578,0.743984685724203,0.788428296516328,FALSE
"ZNF227",-0.00258252165436251,0.744044577105044,0.788428296516328,FALSE
"AP4B1",0.0284009919668806,0.744988949077495,0.789365111793668,FALSE
"RIPOR2",-0.0926857664871897,0.745797201642837,0.790157559594402,FALSE
"SERF2",0.0798337220253642,0.746252937221921,0.790576424511199,FALSE
"HTATSF1",0.0206085958969067,0.746394453742649,0.790662366566774,FALSE
"ZNF57",-0.00954779525428872,0.746965768698364,0.791203547232928,FALSE
"ERAP1",0.0764810175444588,0.747558511555873,0.791575221068384,FALSE
"IL1B",-0.219248828637761,0.747444817905916,0.791575221068384,FALSE
"TOX2",-0.127160032464619,0.747391468344126,0.791575221068384,FALSE
"UROS",0.0543426415697822,0.747542684042305,0.791575221068384,FALSE
"POLE2",0.0681134724513167,0.748176416892094,0.792165438734435,FALSE
"CCNB3",0.0641273875930912,0.748420628599225,0.792359927997821,FALSE
"PKIG",-0.0547631918582829,0.748671707138677,0.792521813245555,FALSE
"SLC35B1",0.0372386662336072,0.748694606341356,0.792521813245555,FALSE
"CHST14",0.0310942671037893,0.748798900901328,0.792568130859421,FALSE
"STK4",-0.0260545434710625,0.748879596097866,0.792589464196707,FALSE
"MSRA",-0.00894540117919582,0.749232311624055,0.79289866815796,FALSE
"RING1",-0.0147831219579378,0.749439988803992,0.79305434314758,FALSE
"LAMP2",-0.0170081364582934,0.749650798607672,0.793213307635306,FALSE
"KIZ",0.00234604090640423,0.749824618104731,0.793333109764598,FALSE
"PTPN22",-0.150938674778345,0.750172856078662,0.793637416709644,FALSE
"MCM9",0.00921497291113282,0.750360532073892,0.79377182336065,FALSE
"CHMP2A",-0.0296137162628073,0.750663924148683,0.794028609110007,FALSE
"STAB2",0.067688541322334,0.751211177961258,0.794543281779673,FALSE
"ZDHHC2",-0.0339197098081383,0.751296461656486,0.794569292835181,FALSE
"ABCB11",0.512464210057676,0.751450809580053,0.794668335946854,FALSE
"EOMES",-0.00356715810260883,0.751522583750813,0.794680047368197,FALSE
"MIDEAS",-0.0456080102730515,0.751851630859162,0.794963782200625,FALSE
"MT2A",-0.157820994298887,0.752108509418878,0.795171170581599,FALSE
"CD226",-0.10306092627635,0.752750143671218,0.795785277853972,FALSE
"HSD17B4",0.00432177669515419,0.752854928874921,0.795831790781629,FALSE
"GSDME",0.023184709436138,0.752927415819006,0.795844156943519,FALSE
"MARCHF1",-0.141739936941875,0.75302760094849,0.795885795722745,FALSE
"GARRE1",-0.00684480175468578,0.753167577761092,0.795905232710325,FALSE
"UBE4B",0.034572313803606,0.753109223284653,0.795905232710325,FALSE
"SLC35F2",0.0151384581440551,0.753330199335031,0.796012830483795,FALSE
"RCAN2",-0.0966573715762805,0.753561779013288,0.796193270183356,FALSE
"TCEAL9",-0.152925361590193,0.753674591681286,0.79624820483307,FALSE
"MT-CO2",-0.0862515413138929,0.754074872199382,0.796606812461414,FALSE
"AK2",-0.032615066295157,0.754481072753212,0.796971615659597,FALSE
"USO1",0.0241257440812634,0.75455990521106,0.796990583220912,FALSE
"CDS2",0.0824606667614686,0.755180788836427,0.797582033514561,FALSE
"ATP6V1E1",0.0184062145692988,0.755464859775932,0.797810465138587,FALSE
"MT-ATP6",-0.00718493392525512,0.755518954077926,0.797810465138587,FALSE
"CFAP91",-0.0936901721319845,0.756242506234965,0.798510113043646,FALSE
"CAPN3",0.0185511530175772,0.75810917914829,0.800416562371727,FALSE
"TLR3",0.0379670729351353,0.75824651759936,0.800497008984019,FALSE
"PITHD1",-0.0228649186073908,0.758341364029276,0.800532586507925,FALSE
"KLHL11",0.459990097408956,0.758425390372604,0.800556737140864,FALSE
"MRPL53",-0.0564950495852049,0.758514064264771,0.80058578920948,FALSE
"GAS2L3",-0.129023808902229,0.758787385506803,0.800809709879489,FALSE
"MAP4K4",0.0063492549169925,0.759131018471193,0.801107794117754,FALSE
"IST1",-0.00136621581773954,0.759670612734948,0.801612610778265,FALSE
"ATF4",-0.03319136110288,0.760616408379263,0.802545939595528,FALSE
"HIPK2",0.0703788889811973,0.761132951618513,0.803026239228751,FALSE
"PAM",-0.0237323909762541,0.761585591943844,0.80343904671465,FALSE
"DDX42",0.00579467637676541,0.761773719604155,0.803486206542869,FALSE
"PPID",0.0108233219453271,0.761814411993327,0.803486206542869,FALSE
"VAV3",-0.105419495691711,0.761790434795204,0.803486206542869,FALSE
"ESPNL",0.0566095853686849,0.761943384013597,0.803557498268569,FALSE
"ITLN1",-0.137920748324416,0.762141556992798,0.803701753052735,FALSE
"SAMD3",-0.0255417535643045,0.762272284941489,0.803774867465687,FALSE
"SEMA5A",-0.0361079962952292,0.76236984606803,0.803813000299803,FALSE
"ZNF446",-0.00546784466140096,0.762692578185886,0.804088519375875,FALSE
"MS4A7",-0.194975459953698,0.763103027697842,0.8044564649827,FALSE
"POLR2I",-0.0191664390795963,0.763309518827444,0.804609357527286,FALSE
"RPS2",0.0225894529623017,0.764301033734476,0.805589657326444,FALSE
"RPN1",0.0115113692543787,0.764404751104329,0.805634117006752,FALSE
"ANKEF1",0.116130607179688,0.764715545860598,0.805831932260701,FALSE
"ZNF3",0.0389055746224718,0.764705124440712,0.805831932260701,FALSE
"PHTF1",0.0922064582535752,0.764828285822958,0.805885868651442,FALSE
"ITGA10",-0.10437648716025,0.765227032405102,0.806182296642756,FALSE
"RAB29",0.0120426712310973,0.765232768131648,0.806182296642756,FALSE
"ASRGL1",-0.0357272018616458,0.76565883956968,0.806501369993261,FALSE
"GCSAM",-0.0412364360239776,0.76564239193509,0.806501369993261,FALSE
"CYP2A7",0.223733068460418,0.765948767327784,0.806691550870799,FALSE
"MKKS",0.00971016155260091,0.76596262365375,0.806691550870799,FALSE
"PDHB",0.032621063215633,0.766215495038429,0.806892958578114,FALSE
"ZNF530",0.0259860943790148,0.766399542462909,0.807021861974134,FALSE
"H2BC15",-0.200983103607122,0.766683417867091,0.807255855454074,FALSE
"RBP4",0.0245882601527644,0.767015959818927,0.807541049131434,FALSE
"NCKAP1",-0.0432066602571845,0.767462010965951,0.807945693757336,FALSE
"SPATS2L",0.0669931148147483,0.76815925635418,0.808614696807022,FALSE
"PMP22",-0.0715993519251039,0.769116165151586,0.809556909001815,FALSE
"GPATCH1",0.0221363954528105,0.769282065191831,0.809601350280663,FALSE
"MARCHF9",-0.116421687194292,0.769223251118705,0.809601350280663,FALSE
"METTL6",0.0454136842728319,0.769354143185263,0.809612124634793,FALSE
"SRGN",-0.0631341247912786,0.769471299649088,0.809670330735079,FALSE
"PTMS",-0.0577256980843689,0.769589670519409,0.809729805227044,FALSE
"NFATC1",-0.0616595093136748,0.769659742238109,0.809738455912996,FALSE
"UBE2QL1",0.00346473874322673,0.76993482474284,0.809962774249357,FALSE
"SMIM24",-0.077946084243059,0.770015141041584,0.809982181143854,FALSE
"PRKAB1",0.0861968054404717,0.770099769243228,0.810006120264509,FALSE
"PHF7",0.0706957519296782,0.771016967467367,0.810905698753435,FALSE
"METTL2B",0.044485140664617,0.771107460513917,0.810935727612515,FALSE
"TRIM9",0.269175265167525,0.77145085959274,0.81123169909945,FALSE
"ENTPD1",-0.0741077055246402,0.77198657180574,0.811729836806742,FALSE
"SALL1",0.00600390255900008,0.77223373365838,0.811859314306232,FALSE
"TMEM37",-0.0215570132583935,0.772196091426783,0.811859314306232,FALSE
"C19orf12",0.00687227252818418,0.772376078196097,0.811943762304745,FALSE
"MAGT1",0.135447818222064,0.772666431305399,0.812142646490638,FALSE
"ZNF354A",-0.13022074745062,0.772689337357729,0.812142646490638,FALSE
"TBC1D2",0.0441751950266338,0.77306876413464,0.812476218997408,FALSE
"KIF16B",0.0353835947720934,0.773450889434807,0.812812573806429,FALSE
"ANKRD39",0.000171969231760031,0.774372422159484,0.813715687528049,FALSE
"CXXC5",-0.0416028573182567,0.775133352156721,0.814449907418603,FALSE
"XCL2",-0.13854513317555,0.775559777084987,0.814832565732819,FALSE
"DIPK2B",-0.0259251249290486,0.776600719229328,0.815860745959747,FALSE
"POLR3K",-0.0307275539131519,0.776808572661116,0.81590082941829,FALSE
"RNF215",0.0278310790989013,0.776825835525434,0.81590082941829,FALSE
"ZNF552",-0.0257937070811487,0.776771803119305,0.81590082941829,FALSE
"CD4",0.0118273556947653,0.777163340190215,0.816058906782988,FALSE
"IL18",-0.150685837508864,0.777072605251823,0.816058906782988,FALSE
"RALGAPB",0.0543208318095777,0.777150730205223,0.816058906782988,FALSE
"ZNF175",0.0238308841338311,0.777481760806737,0.81632778991754,FALSE
"KLHL4",-0.079736150595074,0.778003599266011,0.816744697425276,FALSE
"SETBP1",0.0495639214842813,0.777975463604621,0.816744697425276,FALSE
"PRPF18",-0.00542992215592995,0.778158910428098,0.816842243050405,FALSE
"LTO1",0.0387691843368531,0.779232569044616,0.817878402595783,FALSE
"ZNF605",0.0439292119911727,0.779270943628155,0.817878402595783,FALSE
"GOLGA1",0.0480988596666697,0.779348607508711,0.817894346252829,FALSE
"CHST2",-0.0104220362857505,0.779657551789022,0.81815298717713,FALSE
"LRRC4C",-0.1054313928841,0.780201287802001,0.818657951422922,FALSE
"ACSM2B",-0.0132519098313183,0.780834043190665,0.819256234448805,FALSE
"TCEAL3",-0.106565122123443,0.781228620704324,0.819604543814489,FALSE
"CTSH",0.0632806689419191,0.781522011165138,0.819846648251121,FALSE
"RPL41",0.0297223245681564,0.78224461707868,0.820538941334354,FALSE
"CYP2A6",0.012906854023062,0.782390761295567,0.820626489895975,FALSE
"MIA3",0.11896221686127,0.783017434563661,0.821184700643383,FALSE
"MNS1",0.268872782871373,0.783048411459823,0.821184700643383,FALSE
"USP40",-0.0133461473373017,0.783249864350003,0.82133017413458,FALSE
"HARS1",-0.00035134456071577,0.783404000397304,0.821426010988427,FALSE
"KIT",-0.103453922660352,0.783900935888882,0.82188124070291,FALSE
"FADS6",-0.0222816562311433,0.784653243701024,0.822604121279133,FALSE
"ZNF843",-0.127877432710144,0.784778123420377,0.822669164210071,FALSE
"MAD2L1",-0.0464742081839599,0.785077653756579,0.822851384435284,FALSE
"RRM2B",0.087702943912381,0.785063083202788,0.822851384435284,FALSE
"COX4I1",-0.0640271708591731,0.785344547545086,0.823065227062141,FALSE
"PCYOX1",0.165510380686075,0.785702407581939,0.823374363248438,FALSE
"TMEM92",-0.321285596941807,0.787042685057878,0.824712888808847,FALSE
"CUL1",0.0524669105693226,0.787436316332556,0.825059324003667,FALSE
"PHLPP2",0.0380975588716428,0.787644139722277,0.825211033710311,FALSE
"GGTA1",-0.238851610665925,0.787989078407155,0.825506362687563,FALSE
"SGMS2",0.07024836155495,0.788072091170049,0.825527269771026,FALSE
"VPS8",-0.00822030967644257,0.788849214982669,0.826275215821514,FALSE
"HLCS",0.060717060168345,0.789123609384098,0.826496503524529,FALSE
"FOXA3",0.0246324651447628,0.78943624529695,0.826691675206181,FALSE
"SLC2A11",-0.0232524567024983,0.789417316418794,0.826691675206181,FALSE
"CDKL5",0.0371716845354206,0.789521183741377,0.826714495524443,FALSE
"MMACHC",0.0504120923886463,0.790012506149246,0.827162806342444,FALSE
"ATP8B1",0.134274207375973,0.790808805797185,0.827930338704258,FALSE
"BOD1L1",-0.0241315245844335,0.790929235258331,0.827990208540066,FALSE
"CDADC1",-0.0202915668898639,0.791925682812953,0.828952623058594,FALSE
"ZSCAN26",0.0466841709094668,0.791975206936823,0.828952623058594,FALSE
"DDC",-0.0228517628276474,0.792198898152618,0.82912047122984,FALSE
"ARL4C",-0.158570846165526,0.792405519103075,0.82927042814528,FALSE
"FAM32A",0.0133576933987648,0.793117200860336,0.829948876481777,FALSE
"COPS6",-0.0153594930493764,0.79334506982338,0.83012097619307,FALSE
"ZNF304",0.00417091114141687,0.79341065249481,0.830123252814038,FALSE
"PTPMT1",0.0265685329125295,0.793827572101129,0.830493093650949,FALSE
"GABRP",0.2607973559135,0.793936859074281,0.830513734164097,FALSE
"ITGB1BP1",-0.0180547674936497,0.793974174824155,0.830513734164097,FALSE
"GLB1L",-0.0389151071690222,0.794166156983183,0.830591001012768,FALSE
"HDDC3",-0.0378518743962975,0.794174927488377,0.830591001012768,FALSE
"ZNF263",-0.0263263392617865,0.794277814940868,0.83063225123459,FALSE
"ASB13",-0.0366046655590186,0.794695078495619,0.830935865159703,FALSE
"NDRG3",0.0126642027352382,0.794680301119002,0.830935865159703,FALSE
"TFB2M",0.0672019456290451,0.79481933775873,0.830999422611188,FALSE
"HADH",0.0254886905880185,0.796545723277495,0.832737891012454,FALSE
"LY75",-0.291685473667053,0.79698473259874,0.833130319321519,FALSE
"VMAC",-0.00177321172456142,0.797110516881926,0.833195280400652,FALSE
"SEC16B",-0.132770345684401,0.798110749284243,0.834174192050879,FALSE
"FIG4",0.00773609279521493,0.798525468463795,0.834541026034007,FALSE
"ERMP1",0.064428478859511,0.798897331751068,0.834863016226451,FALSE
"ZNF347",-0.00873773684925342,0.799105396682904,0.835013796262478,FALSE
"CANX",0.0847194060442534,0.799940013479307,0.835819206422273,FALSE
"PXN",-0.0493152020549406,0.800158647442279,0.835980928283004,FALSE
"MT-ND6",-0.0654042279436165,0.800314360704038,0.836076891983504,FALSE
"UBAP2",0.0814761855670247,0.801347920770579,0.837089841117722,FALSE
"ADAP2",-0.110053438596775,0.801872872352222,0.837571377440186,FALSE
"ALDH1A3",-0.203025292138589,0.802327583614447,0.837960970299052,FALSE
"SCAMP5",-0.213027900538566,0.802373871346541,0.837960970299052,FALSE
"MT1G",-0.103249799578849,0.803227128802554,0.838718262105842,FALSE
"NEB",0.189402322590499,0.803168714933216,0.838718262105842,FALSE
"TRIP12",0.0760331822391516,0.803316742254431,0.838744938958052,FALSE
"CTNNAL1",0.00762445578471586,0.803514819938244,0.838850756828259,FALSE
"FOXJ2",0.0132363264123604,0.803546237502536,0.838850756828259,FALSE
"DECR1",0.0342713675005906,0.803959089183261,0.839132243054659,FALSE
"KLF15",0.0188657685086696,0.804008161997987,0.839132243054659,FALSE
"TUSC3",-0.0837630323934938,0.803928189153113,0.839132243054659,FALSE
"NEMP2",0.0258474109481585,0.804587383306252,0.839669830390231,FALSE
"NUP85",0.0398442197520255,0.805017049991368,0.84005126880974,FALSE
"B9D1",0.00201906780584873,0.805845211540273,0.840848450584622,FALSE
"RASGRP1",-0.0586752811625783,0.806138746687214,0.84106972151505,FALSE
"ZNF701",-0.0306667772017835,0.806185757355053,0.84106972151505,FALSE
"KIAA1755",-0.114748137194857,0.806474499511969,0.841303916144278,FALSE
"CNTN4",-0.0933296036374416,0.806614582518134,0.841383006479756,FALSE
"CRTAP",-0.00948088403633575,0.806959916896624,0.841648330627089,FALSE
"SLC50A1",-0.0129560422713011,0.806997517137325,0.841648330627089,FALSE
"BTBD7",0.0192184826829468,0.807115057640632,0.841703866069074,FALSE
"OGT",0.0112104719065753,0.807271171286743,0.841799615650023,FALSE
"SERPINB1",0.00724627821895666,0.807362133316312,0.841827417121469,FALSE
"XPO7",0.0101043003062352,0.808359506596422,0.842800243717477,FALSE
"HMOX1",-0.100835121602327,0.808535328103169,0.842916429011522,FALSE
"PDE4B",-0.0592881809419658,0.808654596886679,0.84297364300027,FALSE
"SLIT3",-0.2086522589268,0.809884104819174,0.844188113080623,FALSE
"ANO6",0.142029933561766,0.810733156675647,0.845005850425728,FALSE
"HIGD2A",-0.0351303525937566,0.811115780805964,0.845329411245703,FALSE
"SON",0.00923838971120397,0.811172730941015,0.845329411245703,FALSE
"PARG",0.029035948623848,0.81165602875702,0.845765737701919,FALSE
"THADA",0.00687333858394848,0.812027064046629,0.846085023676758,FALSE
"ADAMTS6",-0.124848673184688,0.812157544173128,0.846153634276189,FALSE
"SHFL",-0.0815223880311725,0.812248104944626,0.846180646927273,FALSE
"ZNF18",-0.0174237544361965,0.813292152766757,0.847200896246211,FALSE
"ARHGAP10",-0.00508523228426348,0.813636393274923,0.847457000169794,FALSE
"GORASP2",0.0258361036004132,0.813667468082364,0.847457000169794,FALSE
"PDE12",0.0355886496080637,0.814080930598011,0.847820184821347,FALSE
"CEP63",-0.0165483246040197,0.814179177364956,0.847855058070474,FALSE
"PPM1D",-0.0404397718716649,0.814433537812546,0.848023011807378,FALSE
"ZNF862",0.0544349252351424,0.81447000843767,0.848023011807378,FALSE
"RASGRP2",-0.212416000167736,0.814782519141952,0.848280933646635,FALSE
"ZSCAN31",0.0637106409478181,0.814903487834495,0.848339413384956,FALSE
"GPATCH2L",0.0585026719437107,0.815014633353909,0.848387658413722,FALSE
"BICD1",-0.177395245659604,0.815365713132488,0.84868563494439,FALSE
"CCDC17",0.0219697008400707,0.815992449532642,0.849202953043033,FALSE
"DPP4",0.0299384943918307,0.815954108682273,0.849202953043033,FALSE
"MDN1",0.173296076539783,0.817033996132981,0.850219305092837,FALSE
"ANGPT1",-0.201482449106794,0.81711090396003,0.850231756051877,FALSE
"HACD4",-0.164191192258216,0.817758787052652,0.850838277047868,FALSE
"MBD5",0.0655412214597583,0.818175946655986,0.851204664146549,FALSE
"SLC35D1",0.168783817232958,0.818602849182277,0.851581128446116,FALSE
"SCYL2",0.0835949946733815,0.818927298171093,0.85185096040489,FALSE
"CYP1A1",0.0629733689572548,0.819587581465032,0.85240233687164,FALSE
"DDX20",-0.0184774330068125,0.819546525863271,0.85240233687164,FALSE
"EEF1A1",0.0191668500651209,0.819997586442576,0.852761013718819,FALSE
"WDR70",-0.00858744955385424,0.820405866256758,0.853117839637289,FALSE
"IFT52",-0.0140998272124635,0.82047875773366,0.853125875327542,FALSE
"ZNF839",-0.0791715591138958,0.820611700128451,0.853196345146258,FALSE
"COLEC11",-0.0737199916784876,0.821338086942922,0.853775102792156,FALSE
"OCLN",0.152950682402864,0.82130617907113,0.853775102792156,FALSE
"RBBP9",0.084903366330992,0.821363994780569,0.853775102792156,FALSE
"SLC26A3",0.0475342204373346,0.821452789078782,0.853799612148255,FALSE
"SLC28A3",-0.00417520135923663,0.821878764218654,0.854153547980825,FALSE
"SMURF1",0.00633274126238978,0.821923800600553,0.854153547980825,FALSE
"BMERB1",0.00147303841293642,0.822660218304828,0.85485098643121,FALSE
"FAM20B",0.0357645161545846,0.823506015378052,0.855661964549957,FALSE
"SLC17A3",0.126953713476092,0.823604776756273,0.855696669890733,FALSE
"GDE1",-0.0130208434901349,0.823674228148211,0.855700920085413,FALSE
"ITIH2",0.136453438987009,0.823766417733351,0.855728790047214,FALSE
"PABIR3",0.0141183388025339,0.824550489316196,0.856475325779723,FALSE
"SBNO1",0.102968940567181,0.824655439788979,0.85651638379352,FALSE
"CYRIA",-0.120333654201999,0.824903727903224,0.856706299040854,FALSE
"STK38",0.0504090735831528,0.82517817714564,0.856895347931884,FALSE
"TUSC2",-0.00670435393925171,0.825216662597403,0.856895347931884,FALSE
"SERPINE1",-0.0972515673507311,0.82541700273129,0.85703540326418,FALSE
"VDAC3",-0.00657065693037869,0.825586498377356,0.857143412906927,FALSE
"ATXN7L3B",0.030515417796345,0.82802511557986,0.85960707423452,FALSE
"ZNF225",-0.00472377892267305,0.828226492240018,0.859747957215851,FALSE
"CCL28",0.0336101316717126,0.828563376170018,0.860029471245372,FALSE
"USP28",0.08314977249,0.828745995008952,0.860150829765118,FALSE
"TCP11L1",-0.0583296462677684,0.829606947913304,0.860976152364722,FALSE
"KIAA0825",0.00856610049000076,0.829797356065194,0.861037250186695,FALSE
"PXK",0.0604783716659402,0.829771310210988,0.861037250186695,FALSE
"DSE",-0.0304025588679875,0.829884719214688,0.861059656360651,FALSE
"CREB3L2",-0.0318800263137559,0.830217949534846,0.861337142032666,FALSE
"VAMP3",0.0400924143160793,0.830411366523745,0.861469541246344,FALSE
"NLRP14",0.15349850449559,0.830838108389979,0.86177567065771,FALSE
"PCDH7",-0.106548027005585,0.830794529662578,0.86177567065771,FALSE
"CFLAR",0.0163089066191426,0.831175215279598,0.861941421873472,FALSE
"HMG20A",0.0151442708681166,0.831100145769129,0.861941421873472,FALSE
"SRPRB",0.0184071732435585,0.831195420955743,0.861941421873472,FALSE
"CTPS1",-0.0149987400457102,0.831980016111091,0.86268670766089,FALSE
"PWWP3B",0.0018332569554588,0.832107429778384,0.862750492647391,FALSE
"GNA13",-0.10673717431664,0.83219456218041,0.86277250618197,FALSE
"PKNOX1",0.00197533274987134,0.832388443377834,0.862905178612923,FALSE
"TMEM248",0.00904159170988833,0.832566300554805,0.86302121986251,FALSE
"ARHGAP44",-0.112323746996563,0.833369477990148,0.863717004896059,FALSE
"ZNF429",0.118979861899923,0.833338090997611,0.863717004896059,FALSE
"FIZ1",-0.0647322207622023,0.83389245452052,0.864190613043825,FALSE
"CYP3A7",-0.0219286886997802,0.834048222097844,0.864283625431769,FALSE
"TEAD1",-0.0237898561666044,0.834362118101984,0.864540470929258,FALSE
"LRRTM4",-0.283030377548863,0.834499760270225,0.864546242103172,FALSE
"SESN3",-0.0663365162802171,0.834477352624687,0.864546242103172,FALSE
"ARHGAP19",0.0260536530715045,0.835029268391293,0.865026363489382,FALSE
"GMNN",0.000480363580931948,0.83512529563214,0.865057391440461,FALSE
"SHROOM2",-0.0185617529533845,0.835361436898519,0.865233538914194,FALSE
"RPGRIP1",-0.126489682526124,0.835462719974666,0.865269988917674,FALSE
"HAAO",-0.0335074126944065,0.835698262169193,0.865445471311428,FALSE
"FIBIN",-0.0111436986255934,0.836255987721644,0.865954551234024,FALSE
"MTFMT",-0.0602826094432774,0.836333109999115,0.865965918705189,FALSE
"SRD5A3",0.0420083694494842,0.836478064790548,0.866047514767723,FALSE
"CDR2",-0.0163700450143411,0.8366440581893,0.866150878523985,FALSE
"RABEPK",0.0164831486708963,0.837154062268234,0.86661034104655,FALSE
"PLIN1",0.0484945940456711,0.837278127609781,0.8666702440439,FALSE
"PSME4",0.0308264288164364,0.837382576805796,0.866709834417067,FALSE
"CUX2",-0.0216111895563,0.838415504657507,0.867641750610709,FALSE
"PPP1R3D",-0.0857792148125993,0.838367754874853,0.867641750610709,FALSE
"RPLP0",0.0144508584968057,0.839204749416797,0.868389865583679,FALSE
"MRPL2",-0.0418616413302826,0.840181252159237,0.86933161726616,FALSE
"PROSER1",0.0297062402075361,0.840470126072494,0.869561789990603,FALSE
"FN3KRP",-0.0623892141949791,0.840660132702565,0.869689644989489,FALSE
"SAMSN1",-0.133495417525924,0.84108936637836,0.8700649482163,FALSE
"MTMR9",0.00830569582554271,0.841227396261363,0.870138980157522,FALSE
"PDK3",0.0789259486340725,0.841441412226319,0.87022284294707,FALSE
"TFF2",-0.307087563690808,0.84138072214056,0.87022284294707,FALSE
"IRF2BPL",-0.00918657542330248,0.841586307443928,0.87030394447519,FALSE
"ZNF445",0.0256864028460317,0.842139350472055,0.870807074984609,FALSE
"NDC1",0.0365617431380931,0.842623889133571,0.871239295256414,FALSE
"CLGN",-0.0805667051374882,0.842803823305519,0.871356523313263,FALSE
"TCF4",-0.13960338352696,0.842885535501956,0.871372191313298,FALSE
"HSD17B8",-0.029046831380538,0.843293304233966,0.871724906358553,FALSE
"DYNC1LI2",-0.0192338853532224,0.844118810736984,0.872509353400331,FALSE
"APOC2",0.102435929488627,0.844341144944173,0.872601379034505,FALSE
"WNT3",0.0210121916075623,0.844295521568577,0.872601379034505,FALSE
"IGF2BP3",0.0049459240882349,0.84448695132769,0.872683176792337,FALSE
"KMO",0.013705126310284,0.844862781524761,0.873002646860471,FALSE
"TRAPPC3",-0.00112151234359332,0.845607320015029,0.873703025304772,FALSE
"AKAP8",-0.0677972783944917,0.846410275196004,0.874394643956923,FALSE
"PKHD1L1",-0.0296664794280939,0.846356410021895,0.874394643956923,FALSE
"FLT1",-0.0662999081688307,0.846566419500591,0.874486946828289,FALSE
"BRCA1",0.10876278646121,0.846774875128058,0.874633267469549,FALSE
"CSNK2A1",0.0255603725806683,0.847283413163186,0.875089495513761,FALSE
"RECK",-0.130957032132337,0.84745304602133,0.875195651850694,FALSE
"DLL4",-0.0569522556117047,0.84784748849509,0.875464888349059,FALSE
"RAB37",0.0107541198227258,0.847791963910783,0.875464888349059,FALSE
"ACSS3",0.0688988502455938,0.848361891426239,0.875926962346397,FALSE
"HIVEP3",-0.000936382381398259,0.849564842531466,0.877099827964826,FALSE
"CIPC",0.0895618257679671,0.850855702415245,0.878312048022971,FALSE
"FBXO16",0.0892568524057696,0.850873182483604,0.878312048022971,FALSE
"NQO2",-0.000964332468502042,0.851313055733419,0.878627554250053,FALSE
"UQCR11",0.0176871369645859,0.851268022102535,0.878627554250053,FALSE
"FYTTD1",0.0479703231233677,0.852218400269543,0.879431530154584,FALSE
"GNAL",-0.0345037802879892,0.852226384285916,0.879431530154584,FALSE
"ZNF675",-0.00510735539871198,0.8527187810742,0.879870293334129,FALSE
"RHBDD1",0.104680946786004,0.852990363458467,0.880081159933663,FALSE
"GCDH",-0.012662405388677,0.853461452460533,0.880451283865468,FALSE
"HSPA13",-0.0250090207260672,0.853483596359353,0.880451283865468,FALSE
"ACBD6",-0.0143989450361008,0.853703656241684,0.88060890856572,FALSE
"PRAF2",-0.0338520964162491,0.853782508505957,0.880620861999526,FALSE
"NOTCH4",-0.125626340050615,0.854229672515786,0.881012673119322,FALSE
"ANPEP",0.0697610676046263,0.854377903270477,0.881034193329919,FALSE
"IYD",0.0368478320109836,0.854385129736989,0.881034193329919,FALSE
"CDC40",0.0654778813688102,0.854648720940833,0.881167195980264,FALSE
"GDF11",-0.0191367887331776,0.854637134222631,0.881167195980264,FALSE
"CLEC4G",0.0439977868992228,0.855181250300203,0.881646816987972,FALSE
"NFATC2IP",-0.0840251009703163,0.855590083118082,0.881998847888341,FALSE
"CCDC88A",-0.0195866374336585,0.855728404031619,0.88207198374789,FALSE
"DARS2",0.0348442812641009,0.8561150226509,0.882401029487135,FALSE
"CCDC47",0.119105640674312,0.856314368154047,0.882537015498134,FALSE
"TTC23",0.0516840867198001,0.856514139744507,0.882673419201439,FALSE
"KDM8",-0.0229353933535704,0.856713542997797,0.882809421875416,FALSE
"SLC35E3",-4.10052926029182e-05,0.857720099216777,0.88377707688856,FALSE
"CHRNA10",-0.0598640825758833,0.858052676654398,0.884050180432784,FALSE
"SCNM1",-0.10879514796536,0.858650265015815,0.884596259803828,FALSE
"OSBPL3",-0.188651078125137,0.859101139617521,0.884991118095255,FALSE
"NCKAP5",0.0990929466444279,0.859547323865143,0.885381082930169,FALSE
"EHBP1",0.0016825985956803,0.859678630137292,0.885446670266495,FALSE
"AGO1",0.00307689666817453,0.860303978969204,0.885881681033885,FALSE
"PEX11A",0.0481737382004072,0.860232479609703,0.885881681033885,FALSE
"WDR48",0.0310023148174406,0.860289697052341,0.885881681033885,FALSE
"RC3H2",0.0249365212548663,0.86131872789171,0.88685684510879,FALSE
"TSKU",-0.0207491878924441,0.862223006140182,0.887718118621207,FALSE
"TMEM39A",-0.000114587533575837,0.86230332951341,0.887731004953178,FALSE
"GMFG",-0.108456786854619,0.862684119854897,0.888053192100983,FALSE
"FOXF1",-0.0717952911540227,0.863068242382458,0.888378758492895,FALSE
"SNRPD1",-0.0168753965552006,0.863799812732827,0.889061882727843,FALSE
"MYLK4",-0.0100606068714969,0.863970706805342,0.889167871511322,FALSE
"ORMDL3",-0.0178207962139897,0.864786641926019,0.889937644717453,FALSE
"MEAF6",-0.0593860281490479,0.865826898916197,0.890938124704146,FALSE
"UGT3A1",-0.0228297090569386,0.866020971615456,0.891067790033759,FALSE
"LST1",-0.0382343318607461,0.866238814611951,0.891221890836909,FALSE
"SEC24D",0.0920151479454429,0.866737842287852,0.89165034978284,FALSE
"TMEM141",-0.0287464544972755,0.866791475839154,0.89165034978284,FALSE
"PTGDR",-0.110926222220363,0.867017271255754,0.891797514898666,FALSE
"SIAH2",0.00244744720977239,0.867070773536902,0.891797514898666,FALSE
"DMXL2",-0.0339646303825611,0.867487072313526,0.892085519655069,FALSE
"GSTCD",0.0707673035154903,0.867420110466297,0.892085519655069,FALSE
"PCDH17",-0.176530196243968,0.867960200594818,0.892501959329827,FALSE
"KIAA0586",0.0186032114100927,0.868849319365311,0.893346052707975,FALSE
"GLS2",0.0673890582017,0.869200626163219,0.893599948062283,FALSE
"KLHL36",-0.0409523444759271,0.869232763410722,0.893599948062283,FALSE
"ATF6",0.0509512617137792,0.869853192480025,0.894097353846941,FALSE
"ENSA",0.00438272011865399,0.869818025294773,0.894097353846941,FALSE
"SERPINA1",-0.0108698244139578,0.870084663291685,0.894265066086884,FALSE
"RGS16",-0.246171736265303,0.870320622924224,0.894437365203229,FALSE
"ZNF14",-0.128722090829815,0.870407155461122,0.894456081577473,FALSE
"ZKSCAN4",-0.00796221462528513,0.871471778484789,0.895479830776458,FALSE
"DNM1",-0.055856982910123,0.871782922164437,0.895658951344017,FALSE
"KIAA2012",0.20734843558124,0.871729274894598,0.895658951344017,FALSE
"ZNF397",0.0542240276076582,0.872140108715522,0.895955610742593,FALSE
"DUSP16",0.00718751104988908,0.872706859101204,0.896467493083795,FALSE
"GLP2R",0.0461658260705469,0.874126686548484,0.897855529600875,FALSE
"KANK4",0.0840394981525464,0.874502383770228,0.89817095852513,FALSE
"ATL3",-0.0103695501479488,0.875137981741044,0.898753252035907,FALSE
"C8orf82",-0.0474001979667409,0.875587246561453,0.899144107928664,FALSE
"RTF1",0.00949147837639473,0.875744240249669,0.89923479163519,FALSE
"OSBP2",0.11980572089916,0.876711992149654,0.900157901437007,FALSE
"LDHC",0.0608187437338213,0.876806764029504,0.900183830034626,FALSE
"TAF7L",-0.122485328263575,0.876874762025021,0.900183830034626,FALSE
"TOP2B",0.00562919283028657,0.877653564108124,0.900912691022704,FALSE
"BTD",0.0814055101286092,0.878096016618216,0.901261219362736,FALSE
"ESCO1",-0.0692159967221722,0.87813077560274,0.901261219362736,FALSE
"UTP25",0.0943396455293189,0.878341945916423,0.901407286661269,FALSE
"PRSS3",-0.0442866740606139,0.879287329848285,0.902306766136835,FALSE
"DPF3",0.0154177791038055,0.879369350341792,0.902320208062915,FALSE
"KNDC1",-0.285692723697098,0.879593954388008,0.902479941289013,FALSE
"HYPK",0.123309519571509,0.879669794819593,0.902487027174839,FALSE
"PARM1",-0.18487063658612,0.88008237692792,0.9028395610986,FALSE
"COMMD9",0.0202952236604859,0.880202502919713,0.902881843916737,FALSE
"TXNDC9",0.0307760636383936,0.880261522743143,0.902881843916737,FALSE
"LRG1",-0.0346066623696839,0.880426410247231,0.902980224281767,FALSE
"RAD18",0.0393279075016392,0.880626887814244,0.903115088145392,FALSE
"CLIC5",-0.156947838830932,0.882413088513765,0.904876020586059,FALSE
"USHBP1",-0.0690599341655632,0.882512379110365,0.904906960159218,FALSE
"MLKL",-0.0962067112663979,0.88364671973509,0.905976476924371,FALSE
"SNX25",0.0230143393570425,0.883693829080677,0.905976476924371,FALSE
"SMARCC1",0.0130841038953824,0.883886718589125,0.906103274588429,FALSE
"DST",0.0969576286981385,0.884134249036667,0.906215109088549,FALSE
"RAB5B",0.0470639283803012,0.884097299982752,0.906215109088549,FALSE
"MMGT1",0.041329242043778,0.884535426525438,0.906555331460078,FALSE
"MED8",-0.00818958588911809,0.884637500713819,0.906588975291219,FALSE
"DPH3",0.0162945416468879,0.885714156973963,0.907550265563366,FALSE
"FBXW11",0.0942014197125083,0.885687989561653,0.907550265563366,FALSE
"CA11",0.154423149395735,0.885877275373026,0.907646367912322,FALSE
"SRRD",0.0189021976927312,0.885951743542014,0.907651633653029,FALSE
"BTN3A2",-0.0624415466518654,0.886693338327358,0.908340311845209,FALSE
"GREM1",0.00261150189507779,0.887147608968917,0.908734566670922,FALSE
"SF1",0.0341419820219,0.887566953925395,0.909092987074892,FALSE
"TP53BP2",0.0189248752126581,0.887894997591258,0.909357843109188,FALSE
"H2AC6",-0.0341073488458914,0.88861625082694,0.910025340724836,FALSE
"MRPS16",0.0167309229251514,0.888760941293733,0.910102326430783,FALSE
"CBX1",0.0118157565955491,0.889394557299564,0.910679926807906,FALSE
"CYLD",0.00331832539998624,0.890420921479157,0.911659552983899,FALSE
"WDR74",-0.0389778804704933,0.890639820737901,0.911812365741367,FALSE
"ILKAP",0.00387107793556981,0.890936749397848,0.912045032693457,FALSE
"CFAP97",0.0830444822653255,0.891116116411025,0.912157325727376,FALSE
"C3orf62",-0.0390761711296802,0.891497475259797,0.912424434556085,FALSE
"CD1C",-0.0587477363033973,0.891570318180654,0.912424434556085,FALSE
"P2RX7",-0.0505932592405465,0.891586143543844,0.912424434556085,FALSE
"ARHGEF28",0.0768270028602319,0.892234355620948,0.913016428309321,FALSE
"PEX11B",-0.00771907260160399,0.893249521999066,0.913983801642186,FALSE
"ELK1",-0.00866973756010671,0.893576069006748,0.914246475104434,FALSE
"TCAF1",-0.0349945136995978,0.893766110015817,0.914369454741508,FALSE
"PPM1H",0.0271271693985689,0.893955804955561,0.914492061140663,FALSE
"DAP3",0.0118393749083551,0.894483405774559,0.914960289741427,FALSE
"E2F5",-0.00688035576102975,0.894564152252392,0.914971396975649,FALSE
"AFMID",0.00519539109020069,0.894880425924075,0.915223383813607,FALSE
"FAN1",-0.00439316066449083,0.895675451235233,0.915964927946545,FALSE
"RSAD1",-0.017604314284221,0.895899413247117,0.916122402423749,FALSE
"MAP9",-0.100832113333801,0.89624213982158,0.916401288233687,FALSE
"EIF4EBP1",-0.00148451384029315,0.897400212939231,0.917513751487732,FALSE
"GUCD1",-0.0202615314020444,0.897868268754675,0.917920613348134,FALSE
"ASPN",-0.0937462251127272,0.898499439207514,0.918494156172779,FALSE
"PIK3R1",0.188200604975971,0.899331738574586,0.919247052242766,FALSE
"RASGRF2",0.00964769253619014,0.899376374287931,0.919247052242766,FALSE
"LTK",-0.0428463839229519,0.899581579145193,0.91938501437696,FALSE
"DUSP22",-0.0114808209760982,0.899940023989481,0.91967955616816,FALSE
"RYR1",-0.0154527624598993,0.900119948071779,0.919791629734291,FALSE
"ARL4D",0.0263961703272193,0.900261556596439,0.91984586914718,FALSE
"PCGF3",-0.0131853273765261,0.90035825799476,0.91984586914718,FALSE
"USP49",0.0407988368415094,0.900383807907204,0.91984586914718,FALSE
"OASL",-0.0404943755166213,0.900622988087938,0.920018426969982,FALSE
"RRAGA",-0.0106628773494237,0.9007126868104,0.920038269152044,FALSE
"RERG",-0.186319913611193,0.900984422603479,0.920244036567698,FALSE
"FIGN",0.0100747969009493,0.902116565592243,0.921328502748548,FALSE
"NBPF20",0.000639742359331272,0.90221218656587,0.921354286000029,FALSE
"CALHM6",-0.136524281672732,0.902352831437726,0.921426040806701,FALSE
"ZNF875",0.0214716719124543,0.902428769236855,0.9214317147753,FALSE
"GALNT12",-0.10330205809449,0.902685272038168,0.921621740741145,FALSE
"ZKSCAN2",0.0677880446460843,0.903090588399876,0.921963660584152,FALSE
"SERPINA6",0.00807253776143409,0.903301855486317,0.922107437974805,FALSE
"TRIB2",-0.0551996072985005,0.903626959723823,0.922367390979596,FALSE
"IDO2",0.0144356122124152,0.90392988075128,0.922604661947124,FALSE
"TGS1",0.00780097589342478,0.904792404940949,0.923413015706805,FALSE
"GTF2H3",0.053221150954017,0.905018951145399,0.923572227640157,FALSE
"THPO",-0.0154795227894963,0.905463852999353,0.923954229420696,FALSE
"ALAS1",0.0147444263042814,0.905712052715395,0.924135468330602,FALSE
"COL11A2",-0.217695201989249,0.905900398281082,0.924255612086653,FALSE
"MRPL37",0.0362442578118166,0.906375837232477,0.924668624721233,FALSE
"NTS",-0.122244873450853,0.906619799814573,0.924845443289107,FALSE
"BTK",-0.070523016277737,0.907030638955377,0.925192452294803,FALSE
"SLC25A18",-0.0449572348996113,0.907371768513212,0.925468307367947,FALSE
"KIF3B",0.052327567205412,0.907563807564499,0.925519969515066,FALSE
"LCAT",-0.0132381963872905,0.907531256539157,0.925519969515066,FALSE
"SLC17A1",0.09503047466225,0.909831829322159,0.927760597358494,FALSE
"RFLNB",-0.0535866260220817,0.9105363722738,0.928406712290389,FALSE
"NRF1",0.0179285850697884,0.911149825060272,0.928959855906011,FALSE
"SELENOW",-0.0880185284530761,0.911672900335156,0.929420776451321,FALSE
"COQ8A",-0.0150232222377242,0.911976462138003,0.929585475109836,FALSE
"GCAT",-0.0231978581972397,0.91192213900319,0.929585475109836,FALSE
"CLBA1",0.0241039072743187,0.912248172874549,0.929790041204639,FALSE
"PCDHB15",-0.0883916104615519,0.912766542534898,0.930245957875361,FALSE
"UGP2",0.116435441784397,0.912885878223533,0.930295159780688,FALSE
"GRHL3",-0.0179091757608312,0.914163483179755,0.931524620313617,FALSE
"ZNF430",-0.108107764171254,0.9146671516891,0.931965316360315,FALSE
"P2RX3",0.0317551037411492,0.915115443688756,0.932276973680896,FALSE
"PTPN13",-0.0431630130925463,0.915115232216982,0.932276973680896,FALSE
"DCP1B",0.0187642291701261,0.915246368163681,0.932337803610249,FALSE
"C11orf24",-0.00245040979315884,0.915669785401838,0.93269655570535,FALSE
"GPT2",-0.0340047914863783,0.915833047576611,0.932790279980783,FALSE
"MYC",0.136287590761714,0.916100428498699,0.932990027997275,FALSE
"THNSL2",0.0237328486704068,0.916188868684459,0.933007519354149,FALSE
"MPZL3",-0.0282938898340148,0.916261910014976,0.933009327674891,FALSE
"BAIAP2L1",0.0411341090803084,0.916507635547738,0.933114391833812,FALSE
"ZDHHC9",0.010185962991563,0.91644072048013,0.933114391833812,FALSE
"COX8A",-0.0273029266702091,0.9172398807628,0.933787287631927,FALSE
"WDR41",0.024777350495319,0.917632302060453,0.934114151199397,FALSE
"FUT8",-0.0517139869984641,0.918005894904076,0.934390184349906,FALSE
"PUS7L",0.119706517141531,0.918046206942624,0.934390184349906,FALSE
"CSRP2",-0.037093783350987,0.918200906503951,0.934474989734898,FALSE
"MIS18BP1",-0.0128344419367036,0.918407684284703,0.934612779063765,FALSE
"GREB1",0.00715836224140922,0.918575675687214,0.934695772160877,FALSE
"SAMD9",-0.0039151488070221,0.918632027222273,0.934695772160877,FALSE
"URGCP",0.0684728447935753,0.91920173746162,0.935202762422096,FALSE
"MFSD9",0.00954884038140736,0.920154922264249,0.936099793479178,FALSE
"DNAJC1",0.00439724006204601,0.920628779023536,0.936509088964735,FALSE
"DHRS4L2",0.0143449433634394,0.920971192008186,0.936784620136056,FALSE
"CACNA2D1",-0.146849630413884,0.921209225633933,0.936834474012267,FALSE
"FBXW2",0.0528103482071595,0.921306435449736,0.936834474012267,FALSE
"PATL1",0.0114033086135419,0.921256228561183,0.936834474012267,FALSE
"SUV39H2",0.0532381187663715,0.921242342008459,0.936834474012267,FALSE
"VEGFA",-0.0646262526972477,0.92168917261757,0.937150873556168,FALSE
"SERPINB9",-0.0753440095320351,0.92188792789027,0.93728017022128,FALSE
"KAT8",-0.0354747860589154,0.922129737953685,0.937453217059298,FALSE
"WARS2",-0.0162213497145281,0.922523989746292,0.937781199919128,FALSE
"PPP2R3A",0.0531034552647771,0.922731264229051,0.937919076963256,FALSE
"SLC2A3",-0.0548036006450802,0.922993402618707,0.938112695216529,FALSE
"MRPL10",0.00730778694669627,0.924099259101909,0.939163755640599,FALSE
"AMPD3",-0.0158249832058672,0.924333408203596,0.939255897252521,FALSE
"YPEL3",-0.109200902938552,0.92431477790169,0.939255897252521,FALSE
"SLC30A6",0.0585054500322729,0.925096142568119,0.939957989794476,FALSE
"RNASEL",0.0307229999747064,0.925569243140588,0.94036570938977,FALSE
"DHRS3",-0.0126102549794643,0.925960763652864,0.940617498273068,FALSE
"DNHD1",0.0502650611786218,0.925898341929755,0.940617498273068,FALSE
"ZNF771",0.0560810265238013,0.926277149467776,0.940865888806899,FALSE
"PPAT",0.062092511964467,0.926656497599711,0.941178189804144,FALSE
"CEACAM1",0.00639141793720042,0.927132109403777,0.941588206990478,FALSE
"PSMD13",0.00255067435736845,0.927310763903118,0.941696596417904,FALSE
"KRTCAP2",0.119412339138484,0.927563220575519,0.941879910321469,FALSE
"PHB2",-0.0120907600012083,0.927884441059047,0.942133015537851,FALSE
"EEF1AKMT3",0.0134230600481047,0.928265229911822,0.942446559907373,FALSE
"LAYN",-0.182618992505442,0.928369668591903,0.942479505366408,FALSE
"SETD6",0.0176698662788676,0.928855640857442,0.942899748011602,FALSE
"KDR",0.00549378358384633,0.928939779107398,0.942912047454958,FALSE
"DHX29",0.0760941653028891,0.929116486413056,0.942942510660674,FALSE
"ESF1",0.052019099965504,0.929147289328519,0.942942510660674,FALSE
"PDCL",-0.0643173746254671,0.92918586388889,0.942942510660674,FALSE
"SPMIP4",-0.0566399633849334,0.929465356442593,0.943153034145592,FALSE
"CYSLTR2",0.0287944734135866,0.929666591514145,0.943251455575599,FALSE
"F8",0.0432607718976838,0.929706445367211,0.943251455575599,FALSE
"TBC1D7",0.0110817750612281,0.929817560468374,0.943291088853309,FALSE
"CLMN",0.0374332116118906,0.931306625021913,0.944547826373256,FALSE
"CSRNP2",-0.0217491931168867,0.931355365344127,0.944547826373256,FALSE
"JPT1",-0.0691409602976192,0.931417082071398,0.944547826373256,FALSE
"P3H4",-0.023320892197873,0.931136676818793,0.944547826373256,FALSE
"TAF1",-0.00438777820065345,0.931377324222582,0.944547826373256,FALSE
"KIF27",0.183538714074963,0.931598011260432,0.944658133639654,FALSE
"PDE8B",-0.0934560718542391,0.932032230538246,0.945025244904486,FALSE
"FAM171B",-0.212537988280778,0.932523542325935,0.945450183236362,FALSE
"EBP",0.0724787030429982,0.933481746093639,0.946348383139068,FALSE
"C19orf53",0.0607018100972554,0.933626361021836,0.946421704877884,FALSE
"TMEM120A",0.00584708149132121,0.933899417484907,0.946625207007773,FALSE
"SERPINF2",0.0105176962219855,0.934633792832925,0.947222914984413,FALSE
"TRERF1",-0.176659535418821,0.934582464696313,0.947222914984413,FALSE
"TP53RK",0.0260434416227835,0.935438932766289,0.947965516508727,FALSE
"EIF5A",-0.0245998705940593,0.935648544618414,0.948104546915192,FALSE
"PSMC3IP",-0.0219485366255225,0.936081275030832,0.948469627173102,FALSE
"CREB3L3",-0.0432170189152465,0.937608350435952,0.949943392966064,FALSE
"NLRC4",-0.0452848389976799,0.937865539881635,0.950130437834122,FALSE
"MT-ND5",-0.0261463695725673,0.938204369506303,0.950326623255437,FALSE
"S100A13",-0.107300011130638,0.938198628203308,0.950326623255437,FALSE
"RILPL2",-0.0427201058759968,0.938296501052536,0.95034641743616,FALSE
"PTGER4",-0.127602652907444,0.938570095752262,0.950549987900411,FALSE
"CCDC12",-0.0762377045641445,0.938898619757514,0.950787445500899,FALSE
"MXRA5",-0.0558656016472363,0.938949807736108,0.950787445500899,FALSE
"TMEM273",-0.0232025113229584,0.93912455457736,0.950890848300603,FALSE
"MICOS10",-0.0183595587534471,0.939397428920518,0.951093584365278,FALSE
"METTL17",0.0371325520482483,0.940662099676822,0.952300356400321,FALSE
"AQP7",-0.0312535729046131,0.941150486840091,0.952721114490874,FALSE
"LUC7L",-0.0966864206033157,0.941496799284611,0.95299799723474,FALSE
"CLDN2",-0.0213534521498278,0.942387665350828,0.953826000369002,FALSE
"CDKN3",0.074048574969604,0.942485749969684,0.953851533596406,FALSE
"LDAF1",-0.179369248497169,0.943140761848731,0.954440662759804,FALSE
"DYNLL2",0.0268290715923414,0.94460312164261,0.955846658567402,FALSE
"JOSD1",0.00375146062753373,0.945610873359804,0.956792453360117,FALSE
"IL20RB",0.116568382546038,0.947014445912486,0.958138572325059,FALSE
"ANXA5",-0.0455423127302992,0.947358168615189,0.958340442625509,FALSE
"CENPL",-0.039964543345652,0.947399007932956,0.958340442625509,FALSE
"SPAG7",-0.0360777310910338,0.947433573854413,0.958340442625509,FALSE
"POP7",-0.0495535172640983,0.947940995759202,0.958779628899835,FALSE
"SMOC2",-0.186199098307053,0.948043522048503,0.95880925381684,FALSE
"NPC1",0.0582863020310698,0.948864842096599,0.959528715585424,FALSE
"SLC12A8",0.0409976879012212,0.948901487983844,0.959528715585424,FALSE
"ZIK1",-0.0588291746327922,0.949319857213837,0.959877631344112,FALSE
"BBX",0.067997677104754,0.949524274469322,0.960010178496591,FALSE
"SDF2",0.0132748805245186,0.94977111870942,0.960185597385616,FALSE
"LARP6",-0.0208151444619254,0.950043726242792,0.96038703296816,FALSE
"ZFTA",0.187403250977033,0.950679459387824,0.960955488133523,FALSE
"SIN3A",0.0134342103383101,0.950931233179958,0.961135775865978,FALSE
"TENM2",0.043505128119857,0.951573503134552,0.961710691912734,FALSE
"TBC1D24",-0.0515307764321935,0.952405547917821,0.962477300913942,FALSE
"WDR12",-0.0155606251016111,0.953767832403668,0.963779597239026,FALSE
"CDC23",0.0536282097407996,0.954456837260407,0.964401397963513,FALSE
"MSRB3",-0.104068194015215,0.954645358401028,0.964517443447002,FALSE
"TRIM55",0.120421297734265,0.954756740632118,0.964555540424083,FALSE
"EIF2AK3",0.0224735816178675,0.955139190901386,0.964867460438344,FALSE
"MYL12A",-0.0137651789247346,0.95599711791782,0.96558511555162,FALSE
"TMT1B",0.0113177248268534,0.955975687585546,0.96558511555162,FALSE
"WASHC2A",-0.00324185592785533,0.956127889652787,0.965642700866642,FALSE
"YBX1",0.00154787665322914,0.957112968396586,0.96656301930331,FALSE
"NCOA3",0.00697286093129519,0.957282205791611,0.966659362763113,FALSE
"SSR3",0.0162838704036205,0.957611310076088,0.966917111793626,FALSE
"LHX9",-0.185866466518811,0.95853398173263,0.967774110344998,FALSE
"LDHB",-0.00840775646291735,0.959020184838816,0.968115680461853,FALSE
"MRNIP",-0.0320161024481314,0.958949095893236,0.968115680461853,FALSE
"MCTP2",0.0107089950844884,0.959264809988104,0.968287963944815,FALSE
"CRYAB",-0.0500027675558205,0.95965491041728,0.968607053209701,FALSE
"DALRD3",0.0100995783098532,0.959867331886106,0.96874677066396,FALSE
"DYNC2I1",0.0111292050532986,0.960119658290137,0.968831369281082,FALSE
"MYCBP",0.00777773017995662,0.960132944941504,0.968831369281082,FALSE
"OSCAR",0.0666101203585689,0.960173160435537,0.968831369281082,FALSE
"PHF13",-0.046346358530139,0.961520513251163,0.970116103536084,FALSE
"POLR3C",0.00391875006972598,0.961743267900171,0.970266075622181,FALSE
"CHMP4B",-0.00463967191829883,0.961835513686175,0.97028436933113,FALSE
"FGF1",-0.0317766503973403,0.962153053493545,0.970529915735995,FALSE
"ZNF17",-0.0193988467261789,0.96276577762369,0.971073155674064,FALSE
"SPIC",-0.137254675313419,0.963244610471186,0.9714812757329,FALSE
"SUCO",-0.0321210761485658,0.963541738631241,0.971706088596535,FALSE
"TSPAN1",0.0111267989390794,0.963960080956844,0.972053098658785,FALSE
"CSAD",-0.116744916303365,0.964194834748749,0.972080532315091,FALSE
"GATD3",-0.710682374059835,0.964210036101724,0.972080532315091,FALSE
"PGR",-0.0104243710901892,0.964199627024009,0.972080532315091,FALSE
"DTNBP1",-0.00978284264770639,0.964384565522773,0.972181622532082,FALSE
"ZFAND2A",0.0506850616358159,0.964588070022702,0.972311904276041,FALSE
"TCF7",-0.056420939156104,0.964826513086944,0.972477381579357,FALSE
"GUCY1A2",-0.121936247063276,0.96592690751964,0.97343661559904,FALSE
"SIPA1L1",0.102343560980722,0.965912875423706,0.97343661559904,FALSE
"TBL1X",0.0242041936020615,0.966539210321846,0.973975812741316,FALSE
"ZNG1E",-0.0604533863182968,0.966610734413987,0.973975812741316,FALSE
"GDA",0.0704690688966935,0.966934142637149,0.974226704279326,FALSE
"GMFB",-0.0487006657197205,0.96738227846543,0.974603215826811,FALSE
"SLC9A9",-0.0114704584972137,0.968285992562563,0.975438613006239,FALSE
"CYP1B1",-0.0200163136806126,0.968507590192205,0.975552295321422,FALSE
"SIMC1",0.0165882009602468,0.968547871569496,0.975552295321422,FALSE
"CCDC112",-0.0803889880349268,0.968724659771273,0.975580249671193,FALSE
"GZF1",-0.00163963477338797,0.968683020725581,0.975580249671193,FALSE
"LYPD6",-0.0635439204806088,0.969140364718289,0.975923825466644,FALSE
"MS4A6A",-0.0576232345913295,0.969952397768018,0.976666419903007,FALSE
"INPP5F",-0.0353114750660608,0.970258636319604,0.976897732753371,FALSE
"PTPRJ",0.0621859448723534,0.970381584883589,0.976897732753371,FALSE
"SZT2",0.0734620883868176,0.970446971831269,0.976897732753371,FALSE
"UBE2M",-0.0258340690818853,0.970480592131863,0.976897732753371,FALSE
"LRCH1",0.0109204999369341,0.970662166556711,0.977005388218687,FALSE
"TNNT1",0.576342310466403,0.970805666126003,0.977074706405414,FALSE
"FETUB",0.0149748534320697,0.971008564988903,0.977130266238965,FALSE
"UBASH3B",-0.150527349445077,0.971010140831724,0.977130266238965,FALSE
"MTMR12",0.0765696645059317,0.97139085966756,0.977429604812637,FALSE
"ZNRF1",-0.00730960036989122,0.971456921617937,0.977429604812637,FALSE
"C2orf72",-0.000119153415421531,0.971565666861183,0.977463898451288,FALSE
"HNRNPA1L2",-0.00976208592454021,0.97178119548828,0.977530496452751,FALSE
"USP39",-0.0050254874833415,0.971756716690341,0.977530496452751,FALSE
"APBA1",0.0137172117498335,0.972450926959215,0.977953193566203,FALSE
"ARHGDIB",-0.0774940787104518,0.972574899192787,0.977953193566203,FALSE
"DERL1",0.00158795573404546,0.97252198340089,0.977953193566203,FALSE
"RBFA",0.0028252900991981,0.972296897884042,0.977953193566203,FALSE
"SLC22A11",0.13914057426847,0.972369867469224,0.977953193566203,FALSE
"PRORP",0.0556355245004213,0.973622120990808,0.978931019738242,FALSE
"RTL8A",-0.00707479650616906,0.973959967469715,0.979195507150477,FALSE
"SPAAR",-0.0218764121008644,0.974196186614864,0.979357788156477,FALSE
"ACSL4",0.0582982831441255,0.974549378023707,0.97963762723329,FALSE
"ACAA1",-0.00765443241367122,0.975307138170575,0.980324073161548,FALSE
"SLC39A10",-0.106342295716157,0.976508617672861,0.981456381281522,FALSE
"PLA2G12B",0.0692451254977551,0.976597042102803,0.981469906748284,FALSE
"ANKRD54",-0.0245780178594954,0.976692861175265,0.981490861107351,FALSE
"GPR75",0.191374798341495,0.977459002150924,0.982185375405626,FALSE
"CCBE1",-0.0500314075635328,0.977578225774554,0.982229787554909,FALSE
"GIMAP5",-0.0477343109698694,0.977693755857932,0.982270482057559,FALSE
"SKAP2",-0.0862440354795969,0.978019127713588,0.982521978209507,FALSE
"PCDHGA2",-0.00575181157909196,0.978769163113203,0.983200021750791,FALSE
"DNMT3B",0.0356481420751413,0.979312658969201,0.983670502625808,FALSE
"PFKFB1",0.0684997140369303,0.979567635401828,0.983851130240179,FALSE
"ZNF576",-0.00979879952014783,0.979647392823606,0.983855758426408,FALSE
"SBF2",0.184361624610632,0.979910569818204,0.984044579278969,FALSE
"ZNF211",-0.0451321007733277,0.980144770451261,0.984204274792753,FALSE
"OXCT1",-0.0103444144327232,0.980513253124827,0.984498773672079,FALSE
"IL1RL2",0.0836503629132456,0.981318540452175,0.985231773895696,FALSE
"OTUD7A",-0.0379000193149061,0.982124193192699,0.985937110100234,FALSE
"TFCP2",-0.000165708196580009,0.982171691867343,0.985937110100234,FALSE
"CHCHD4",0.0227206235529224,0.982523335934615,0.986214483942036,FALSE
"NDUFB2",-0.00332271198089708,0.98281170665173,0.986428309068112,FALSE
"PBX1",0.0242643377566038,0.983386800888761,0.986929857971304,FALSE
"ANXA9",0.000156504340697077,0.984101215885415,0.987571141987724,FALSE
"BCL2L13",0.0323680799446526,0.984358939533139,0.987670830531834,FALSE
"DHX33",0.0126150880533992,0.984483486028725,0.987670830531834,FALSE
"FLRT2",-0.0896075126180197,0.984290104181108,0.987670830531834,FALSE
"MSL1",0.0409480754364581,0.984502317326645,0.987670830531834,FALSE
"CLEC4F",-0.0351563902636739,0.984587901120519,0.987681005399573,FALSE
"TOPBP1",0.0496517437897639,0.984844752776683,0.987787290534922,FALSE
"TRANK1",0.133438679683144,0.984809672254315,0.987787290534922,FALSE
"CLIC2",-0.153277713282642,0.98517695136119,0.98797280507225,FALSE
"RELN",0.0170125278552483,0.985214846559538,0.98797280507225,FALSE
"TMEM203",-0.00942563380833398,0.98525610624987,0.98797280507225,FALSE
"RGS18",-0.216919653643902,0.985546650371939,0.988188461872515,FALSE
"GALNT11",0.0125763484427937,0.985753814644021,0.988244807513556,FALSE
"SYNC",-0.0144575028245632,0.985742073885084,0.988244807513556,FALSE
"ZNF74",-0.03708411955042,0.986056146019555,0.988472210083309,FALSE
"ENC1",-0.0153287435544344,0.986876315358483,0.989218644872005,FALSE
"MRPS26",-0.0542853917045878,0.987098667312237,0.989365774954204,FALSE
"TMEM219",-0.0360878821494845,0.98846752404059,0.990661932537657,FALSE
"VEZF1",0.0057649171574627,0.98900078407422,0.991120504064582,FALSE
"CD101",0.0256841956459565,0.990674250683113,0.992721568307946,FALSE
"DESI1",0.00139267196805222,0.991375683691511,0.993348419630282,FALSE
"ERG28",0.103198607821663,0.991493064206317,0.993390005095975,FALSE
"NSUN7",-0.0748127450300123,0.992008957058657,0.993794851687743,FALSE
"RNF150",-0.0276636856788726,0.992048954835557,0.993794851687743,FALSE
"SPECC1L",0.050815187703812,0.992446438448739,0.994116968031438,FALSE
"NR6A1",0.0339293220168457,0.992571200944043,0.994134185982015,FALSE
"ZNF573",0.0766597444486887,0.992615496422005,0.994134185982015,FALSE
"ATP6V1E2",0.0164217539638903,0.992988795657525,0.994279870955895,FALSE
"POU6F1",-0.0264362501705377,0.992873866147145,0.994279870955895,FALSE
"TTF1",-0.00130172577165735,0.992964230791979,0.994279870955895,FALSE
"SOWAHB",0.145343187305688,0.993111615667279,0.994326802716122,FALSE
"GPR137B",-0.0225893162498372,0.993641992294857,0.994781751405083,FALSE
"BAMBI",-0.039173768705615,0.99404921359608,0.995113343355244,FALSE
"COQ2",-0.00920046378183848,0.994347794637549,0.995260040320703,FALSE
"HTR2B",-0.0142110160069609,0.99430898944781,0.995260040320703,FALSE
"FZD3",0.00870341817217936,0.994925420131462,0.995762067147855,FALSE
"RBP7",-0.131188059745054,0.995115042437661,0.995875717443347,FALSE
"CPNE2",-0.0847595216924017,0.995510067365478,0.99619489428639,FALSE
"KDM1A",0.00809063588880507,0.995933228173249,0.996542175423737,FALSE
"ZNF691",0.0801041878062997,0.996075764318218,0.996608628693474,FALSE
"MERTK",-0.000116133439554886,0.997055028442924,0.997512183430748,FALSE
"RAI2",-0.0615268405316693,0.998408815550103,0.998790266155875,FALSE
"SENP5",-0.00455650639500005,0.998751323953474,0.999056565800648,FALSE
"ACO1",0.0698387408522226,0.998870752490902,0.999099693758949,FALSE
"IFIT2",0.0786249346569744,0.999072171629128,0.99922481825581,FALSE
"ARRDC4",-0.0737271104002721,0.999431782510121,0.999473978799831,FALSE
"HOMER1",-0.034919349085644,0.999473978799831,0.999473978799831,FALSE
