"","title","geo_accession","status","submission_date","last_update_date","type","channel_count","source_name_ch1","organism_ch1","characteristics_ch1","characteristics_ch1.1","characteristics_ch1.2","characteristics_ch1.3","characteristics_ch1.4","molecule_ch1","extract_protocol_ch1","taxid_ch1","description","data_processing","data_processing.1","data_processing.2","data_processing.3","platform_id","contact_name","contact_email","contact_laboratory","contact_department","contact_institute","contact_address","contact_city","contact_state","contact_zip/postal_code","contact_country","data_row_count","instrument_model","library_selection","library_source","library_strategy","relation","relation.1","supplementary_file_1","age:ch1","fibrosis stage:ch1","nas score:ch1","Sex:ch1","tissue:ch1"
"GSM4957321","nash1_F0 548nash1","GSM4957321","Public on Jun 11 2021","Dec 04 2020","Jun 11 2021","SRA","1","Liver biopsy","Homo sapiens","tissue: Liver","age: 36","Sex: Male","fibrosis stage: 0","nas score: 3","total RNA","none provided by the submitter","9606","nash1_F0","All samples were processed using an RNA-seq pipeline implemented in the bcbio-nextgen project (https://bcbio-nextgen.readthedocs.org/en/latest/). Raw reads were examined for quality issues using FastQC. (http://www.bioinformatics.babraham.ac.uk/projects/fastqc/) to ensure library generation and sequencing were suitable for further analysis.","Reads were mapped to reference genome hg19 using Salmon to get the raw count data","Genome_build: hg19","Supplementary_files_format_and_content: csv, raw counts from RNA-Seq","GPL21290","Zhu,,Zhuo","zzhuo@hsph.harvard.edu","Harvard Bioinformatics Core","Department of Biostatistics","Harvard TH Chan School of Public Health","401 Park Dr","Boston","MA","02130","USA","0","Illumina HiSeq 3000","cDNA","transcriptomic","RNA-Seq","BioSample: https://www.ncbi.nlm.nih.gov/biosample/SAMN17004260","SRA: https://www.ncbi.nlm.nih.gov/sra?term=SRX9633405","NONE","36","0","3","Male","Liver"
"GSM4957322","nash10_F1 548nash10","GSM4957322","Public on Jun 11 2021","Dec 04 2020","Jun 11 2021","SRA","1","Liver biopsy","Homo sapiens","tissue: Liver","age: 55","Sex: Female","fibrosis stage: 1","nas score: 3","total RNA","none provided by the submitter","9606","nash10_F1","All samples were processed using an RNA-seq pipeline implemented in the bcbio-nextgen project (https://bcbio-nextgen.readthedocs.org/en/latest/). Raw reads were examined for quality issues using FastQC. (http://www.bioinformatics.babraham.ac.uk/projects/fastqc/) to ensure library generation and sequencing were suitable for further analysis.","Reads were mapped to reference genome hg19 using Salmon to get the raw count data","Genome_build: hg19","Supplementary_files_format_and_content: csv, raw counts from RNA-Seq","GPL21290","Zhu,,Zhuo","zzhuo@hsph.harvard.edu","Harvard Bioinformatics Core","Department of Biostatistics","Harvard TH Chan School of Public Health","401 Park Dr","Boston","MA","02130","USA","0","Illumina HiSeq 3000","cDNA","transcriptomic","RNA-Seq","BioSample: https://www.ncbi.nlm.nih.gov/biosample/SAMN17004259","SRA: https://www.ncbi.nlm.nih.gov/sra?term=SRX9633406","NONE","55","1","3","Female","Liver"
"GSM4957323","nash100_N 548nash100","GSM4957323","Public on Jun 11 2021","Dec 04 2020","Jun 11 2021","SRA","1","Liver biopsy","Homo sapiens","tissue: Liver","age: 25","Sex: Female","fibrosis stage: normal liver histology","nas score: 0","total RNA","none provided by the submitter","9606","nash100_N","All samples were processed using an RNA-seq pipeline implemented in the bcbio-nextgen project (https://bcbio-nextgen.readthedocs.org/en/latest/). Raw reads were examined for quality issues using FastQC. (http://www.bioinformatics.babraham.ac.uk/projects/fastqc/) to ensure library generation and sequencing were suitable for further analysis.","Reads were mapped to reference genome hg19 using Salmon to get the raw count data","Genome_build: hg19","Supplementary_files_format_and_content: csv, raw counts from RNA-Seq","GPL21290","Zhu,,Zhuo","zzhuo@hsph.harvard.edu","Harvard Bioinformatics Core","Department of Biostatistics","Harvard TH Chan School of Public Health","401 Park Dr","Boston","MA","02130","USA","0","Illumina HiSeq 3000","cDNA","transcriptomic","RNA-Seq","BioSample: https://www.ncbi.nlm.nih.gov/biosample/SAMN17004258","SRA: https://www.ncbi.nlm.nih.gov/sra?term=SRX9633407","NONE","25","normal liver histology","0","Female","Liver"
"GSM4957324","nash101_F3 548nash101","GSM4957324","Public on Jun 11 2021","Dec 04 2020","Jun 11 2021","SRA","1","Liver biopsy","Homo sapiens","tissue: Liver","age: 46","Sex: Female","fibrosis stage: 3","nas score: 7","total RNA","none provided by the submitter","9606","nash101_F3","All samples were processed using an RNA-seq pipeline implemented in the bcbio-nextgen project (https://bcbio-nextgen.readthedocs.org/en/latest/). Raw reads were examined for quality issues using FastQC. (http://www.bioinformatics.babraham.ac.uk/projects/fastqc/) to ensure library generation and sequencing were suitable for further analysis.","Reads were mapped to reference genome hg19 using Salmon to get the raw count data","Genome_build: hg19","Supplementary_files_format_and_content: csv, raw counts from RNA-Seq","GPL21290","Zhu,,Zhuo","zzhuo@hsph.harvard.edu","Harvard Bioinformatics Core","Department of Biostatistics","Harvard TH Chan School of Public Health","401 Park Dr","Boston","MA","02130","USA","0","Illumina HiSeq 3000","cDNA","transcriptomic","RNA-Seq","BioSample: https://www.ncbi.nlm.nih.gov/biosample/SAMN17004257","SRA: https://www.ncbi.nlm.nih.gov/sra?term=SRX9633408","NONE","46","3","7","Female","Liver"
"GSM4957325","nash102_F1 548nash102","GSM4957325","Public on Jun 11 2021","Dec 04 2020","Jun 11 2021","SRA","1","Liver biopsy","Homo sapiens","tissue: Liver","age: 47","Sex: Male","fibrosis stage: 1","nas score: 5","total RNA","none provided by the submitter","9606","nash102_F1","All samples were processed using an RNA-seq pipeline implemented in the bcbio-nextgen project (https://bcbio-nextgen.readthedocs.org/en/latest/). Raw reads were examined for quality issues using FastQC. (http://www.bioinformatics.babraham.ac.uk/projects/fastqc/) to ensure library generation and sequencing were suitable for further analysis.","Reads were mapped to reference genome hg19 using Salmon to get the raw count data","Genome_build: hg19","Supplementary_files_format_and_content: csv, raw counts from RNA-Seq","GPL21290","Zhu,,Zhuo","zzhuo@hsph.harvard.edu","Harvard Bioinformatics Core","Department of Biostatistics","Harvard TH Chan School of Public Health","401 Park Dr","Boston","MA","02130","USA","0","Illumina HiSeq 3000","cDNA","transcriptomic","RNA-Seq","BioSample: https://www.ncbi.nlm.nih.gov/biosample/SAMN17004256","SRA: https://www.ncbi.nlm.nih.gov/sra?term=SRX9633409","NONE","47","1","5","Male","Liver"
"GSM4957326","nash103_N 548nash103","GSM4957326","Public on Jun 11 2021","Dec 04 2020","Jun 11 2021","SRA","1","Liver biopsy","Homo sapiens","tissue: Liver","age: 54","Sex: Female","fibrosis stage: normal liver histology","nas score: 0","total RNA","none provided by the submitter","9606","nash103_N","All samples were processed using an RNA-seq pipeline implemented in the bcbio-nextgen project (https://bcbio-nextgen.readthedocs.org/en/latest/). Raw reads were examined for quality issues using FastQC. (http://www.bioinformatics.babraham.ac.uk/projects/fastqc/) to ensure library generation and sequencing were suitable for further analysis.","Reads were mapped to reference genome hg19 using Salmon to get the raw count data","Genome_build: hg19","Supplementary_files_format_and_content: csv, raw counts from RNA-Seq","GPL21290","Zhu,,Zhuo","zzhuo@hsph.harvard.edu","Harvard Bioinformatics Core","Department of Biostatistics","Harvard TH Chan School of Public Health","401 Park Dr","Boston","MA","02130","USA","0","Illumina HiSeq 3000","cDNA","transcriptomic","RNA-Seq","BioSample: https://www.ncbi.nlm.nih.gov/biosample/SAMN17004255","SRA: https://www.ncbi.nlm.nih.gov/sra?term=SRX9633410","NONE","54","normal liver histology","0","Female","Liver"
"GSM4957327","nash10_F0 548nash104","GSM4957327","Public on Jun 11 2021","Dec 04 2020","Jun 11 2021","SRA","1","Liver biopsy","Homo sapiens","tissue: Liver","age: 65","Sex: Male","fibrosis stage: 0","nas score: 4","total RNA","none provided by the submitter","9606","nash10_F0","All samples were processed using an RNA-seq pipeline implemented in the bcbio-nextgen project (https://bcbio-nextgen.readthedocs.org/en/latest/). Raw reads were examined for quality issues using FastQC. (http://www.bioinformatics.babraham.ac.uk/projects/fastqc/) to ensure library generation and sequencing were suitable for further analysis.","Reads were mapped to reference genome hg19 using Salmon to get the raw count data","Genome_build: hg19","Supplementary_files_format_and_content: csv, raw counts from RNA-Seq","GPL21290","Zhu,,Zhuo","zzhuo@hsph.harvard.edu","Harvard Bioinformatics Core","Department of Biostatistics","Harvard TH Chan School of Public Health","401 Park Dr","Boston","MA","02130","USA","0","Illumina HiSeq 3000","cDNA","transcriptomic","RNA-Seq","BioSample: https://www.ncbi.nlm.nih.gov/biosample/SAMN17004254","SRA: https://www.ncbi.nlm.nih.gov/sra?term=SRX9633411","NONE","65","0","4","Male","Liver"
"GSM4957328","nash10_F2 548nash105","GSM4957328","Public on Jun 11 2021","Dec 04 2020","Jun 11 2021","SRA","1","Liver biopsy","Homo sapiens","tissue: Liver","age: 45","Sex: Male","fibrosis stage: 2","nas score: 5","total RNA","none provided by the submitter","9606","nash10_F2","All samples were processed using an RNA-seq pipeline implemented in the bcbio-nextgen project (https://bcbio-nextgen.readthedocs.org/en/latest/). Raw reads were examined for quality issues using FastQC. (http://www.bioinformatics.babraham.ac.uk/projects/fastqc/) to ensure library generation and sequencing were suitable for further analysis.","Reads were mapped to reference genome hg19 using Salmon to get the raw count data","Genome_build: hg19","Supplementary_files_format_and_content: csv, raw counts from RNA-Seq","GPL21290","Zhu,,Zhuo","zzhuo@hsph.harvard.edu","Harvard Bioinformatics Core","Department of Biostatistics","Harvard TH Chan School of Public Health","401 Park Dr","Boston","MA","02130","USA","0","Illumina HiSeq 3000","cDNA","transcriptomic","RNA-Seq","BioSample: https://www.ncbi.nlm.nih.gov/biosample/SAMN17004253","SRA: https://www.ncbi.nlm.nih.gov/sra?term=SRX9633412","NONE","45","2","5","Male","Liver"
"GSM4957329","nash106_F1 548nash106","GSM4957329","Public on Jun 11 2021","Dec 04 2020","Jun 11 2021","SRA","1","Liver biopsy","Homo sapiens","tissue: Liver","age: 22","Sex: Female","fibrosis stage: 1","nas score: 4","total RNA","none provided by the submitter","9606","nash106_F1","All samples were processed using an RNA-seq pipeline implemented in the bcbio-nextgen project (https://bcbio-nextgen.readthedocs.org/en/latest/). Raw reads were examined for quality issues using FastQC. (http://www.bioinformatics.babraham.ac.uk/projects/fastqc/) to ensure library generation and sequencing were suitable for further analysis.","Reads were mapped to reference genome hg19 using Salmon to get the raw count data","Genome_build: hg19","Supplementary_files_format_and_content: csv, raw counts from RNA-Seq","GPL21290","Zhu,,Zhuo","zzhuo@hsph.harvard.edu","Harvard Bioinformatics Core","Department of Biostatistics","Harvard TH Chan School of Public Health","401 Park Dr","Boston","MA","02130","USA","0","Illumina HiSeq 3000","cDNA","transcriptomic","RNA-Seq","BioSample: https://www.ncbi.nlm.nih.gov/biosample/SAMN17004252","SRA: https://www.ncbi.nlm.nih.gov/sra?term=SRX9633413","NONE","22","1","4","Female","Liver"
"GSM4957330","nash10_N 548nash108","GSM4957330","Public on Jun 11 2021","Dec 04 2020","Jun 11 2021","SRA","1","Liver biopsy","Homo sapiens","tissue: Liver","age: 55","Sex: Female","fibrosis stage: normal liver histology","nas score: 0","total RNA","none provided by the submitter","9606","nash10_N","All samples were processed using an RNA-seq pipeline implemented in the bcbio-nextgen project (https://bcbio-nextgen.readthedocs.org/en/latest/). Raw reads were examined for quality issues using FastQC. (http://www.bioinformatics.babraham.ac.uk/projects/fastqc/) to ensure library generation and sequencing were suitable for further analysis.","Reads were mapped to reference genome hg19 using Salmon to get the raw count data","Genome_build: hg19","Supplementary_files_format_and_content: csv, raw counts from RNA-Seq","GPL21290","Zhu,,Zhuo","zzhuo@hsph.harvard.edu","Harvard Bioinformatics Core","Department of Biostatistics","Harvard TH Chan School of Public Health","401 Park Dr","Boston","MA","02130","USA","0","Illumina HiSeq 3000","cDNA","transcriptomic","RNA-Seq","BioSample: https://www.ncbi.nlm.nih.gov/biosample/SAMN17004251","SRA: https://www.ncbi.nlm.nih.gov/sra?term=SRX9633414","NONE","55","normal liver histology","0","Female","Liver"
"GSM4957331","nash109_N 548nash109","GSM4957331","Public on Jun 11 2021","Dec 04 2020","Jun 11 2021","SRA","1","Liver biopsy","Homo sapiens","tissue: Liver","age: 34","Sex: Female","fibrosis stage: normal liver histology","nas score: 0","total RNA","none provided by the submitter","9606","nash109_N","All samples were processed using an RNA-seq pipeline implemented in the bcbio-nextgen project (https://bcbio-nextgen.readthedocs.org/en/latest/). Raw reads were examined for quality issues using FastQC. (http://www.bioinformatics.babraham.ac.uk/projects/fastqc/) to ensure library generation and sequencing were suitable for further analysis.","Reads were mapped to reference genome hg19 using Salmon to get the raw count data","Genome_build: hg19","Supplementary_files_format_and_content: csv, raw counts from RNA-Seq","GPL21290","Zhu,,Zhuo","zzhuo@hsph.harvard.edu","Harvard Bioinformatics Core","Department of Biostatistics","Harvard TH Chan School of Public Health","401 Park Dr","Boston","MA","02130","USA","0","Illumina HiSeq 3000","cDNA","transcriptomic","RNA-Seq","BioSample: https://www.ncbi.nlm.nih.gov/biosample/SAMN17004250","SRA: https://www.ncbi.nlm.nih.gov/sra?term=SRX9633415","NONE","34","normal liver histology","0","Female","Liver"
"GSM4957332","nash11_F1 548nash11","GSM4957332","Public on Jun 11 2021","Dec 04 2020","Jun 11 2021","SRA","1","Liver biopsy","Homo sapiens","tissue: Liver","age: 25","Sex: Male","fibrosis stage: 1","nas score: 5","total RNA","none provided by the submitter","9606","nash11_F1","All samples were processed using an RNA-seq pipeline implemented in the bcbio-nextgen project (https://bcbio-nextgen.readthedocs.org/en/latest/). Raw reads were examined for quality issues using FastQC. (http://www.bioinformatics.babraham.ac.uk/projects/fastqc/) to ensure library generation and sequencing were suitable for further analysis.","Reads were mapped to reference genome hg19 using Salmon to get the raw count data","Genome_build: hg19","Supplementary_files_format_and_content: csv, raw counts from RNA-Seq","GPL21290","Zhu,,Zhuo","zzhuo@hsph.harvard.edu","Harvard Bioinformatics Core","Department of Biostatistics","Harvard TH Chan School of Public Health","401 Park Dr","Boston","MA","02130","USA","0","Illumina HiSeq 3000","cDNA","transcriptomic","RNA-Seq","BioSample: https://www.ncbi.nlm.nih.gov/biosample/SAMN17004249","SRA: https://www.ncbi.nlm.nih.gov/sra?term=SRX9633416","NONE","25","1","5","Male","Liver"
"GSM4957333","nash110_F2 548nash110","GSM4957333","Public on Jun 11 2021","Dec 04 2020","Jun 11 2021","SRA","1","Liver biopsy","Homo sapiens","tissue: Liver","age: 59","Sex: Female","fibrosis stage: 2","nas score: 6","total RNA","none provided by the submitter","9606","nash110_F2","All samples were processed using an RNA-seq pipeline implemented in the bcbio-nextgen project (https://bcbio-nextgen.readthedocs.org/en/latest/). Raw reads were examined for quality issues using FastQC. (http://www.bioinformatics.babraham.ac.uk/projects/fastqc/) to ensure library generation and sequencing were suitable for further analysis.","Reads were mapped to reference genome hg19 using Salmon to get the raw count data","Genome_build: hg19","Supplementary_files_format_and_content: csv, raw counts from RNA-Seq","GPL21290","Zhu,,Zhuo","zzhuo@hsph.harvard.edu","Harvard Bioinformatics Core","Department of Biostatistics","Harvard TH Chan School of Public Health","401 Park Dr","Boston","MA","02130","USA","0","Illumina HiSeq 3000","cDNA","transcriptomic","RNA-Seq","BioSample: https://www.ncbi.nlm.nih.gov/biosample/SAMN17004285","SRA: https://www.ncbi.nlm.nih.gov/sra?term=SRX9633417","NONE","59","2","6","Female","Liver"
"GSM4957334","nash111_F2 548nash111","GSM4957334","Public on Jun 11 2021","Dec 04 2020","Jun 11 2021","SRA","1","Liver biopsy","Homo sapiens","tissue: Liver","age: 61","Sex: Female","fibrosis stage: 2","nas score: 5","total RNA","none provided by the submitter","9606","nash111_F2","All samples were processed using an RNA-seq pipeline implemented in the bcbio-nextgen project (https://bcbio-nextgen.readthedocs.org/en/latest/). Raw reads were examined for quality issues using FastQC. (http://www.bioinformatics.babraham.ac.uk/projects/fastqc/) to ensure library generation and sequencing were suitable for further analysis.","Reads were mapped to reference genome hg19 using Salmon to get the raw count data","Genome_build: hg19","Supplementary_files_format_and_content: csv, raw counts from RNA-Seq","GPL21290","Zhu,,Zhuo","zzhuo@hsph.harvard.edu","Harvard Bioinformatics Core","Department of Biostatistics","Harvard TH Chan School of Public Health","401 Park Dr","Boston","MA","02130","USA","0","Illumina HiSeq 3000","cDNA","transcriptomic","RNA-Seq","BioSample: https://www.ncbi.nlm.nih.gov/biosample/SAMN17004284","SRA: https://www.ncbi.nlm.nih.gov/sra?term=SRX9633418","NONE","61","2","5","Female","Liver"
"GSM4957335","nash1119_F4 548nash1119","GSM4957335","Public on Jun 11 2021","Dec 04 2020","Jun 11 2021","SRA","1","Liver biopsy","Homo sapiens","tissue: Liver","age: 59","Sex: Female","fibrosis stage: 4","nas score: NA","total RNA","none provided by the submitter","9606","nash1119_F4","All samples were processed using an RNA-seq pipeline implemented in the bcbio-nextgen project (https://bcbio-nextgen.readthedocs.org/en/latest/). Raw reads were examined for quality issues using FastQC. (http://www.bioinformatics.babraham.ac.uk/projects/fastqc/) to ensure library generation and sequencing were suitable for further analysis.","Reads were mapped to reference genome hg19 using Salmon to get the raw count data","Genome_build: hg19","Supplementary_files_format_and_content: csv, raw counts from RNA-Seq","GPL21290","Zhu,,Zhuo","zzhuo@hsph.harvard.edu","Harvard Bioinformatics Core","Department of Biostatistics","Harvard TH Chan School of Public Health","401 Park Dr","Boston","MA","02130","USA","0","Illumina HiSeq 3000","cDNA","transcriptomic","RNA-Seq","BioSample: https://www.ncbi.nlm.nih.gov/biosample/SAMN17004283","SRA: https://www.ncbi.nlm.nih.gov/sra?term=SRX9633419","NONE","59","4","NA","Female","Liver"
"GSM4957336","nash112_N 548nash112","GSM4957336","Public on Jun 11 2021","Dec 04 2020","Jun 11 2021","SRA","1","Liver biopsy","Homo sapiens","tissue: Liver","age: 35","Sex: Female","fibrosis stage: normal liver histology","nas score: 0","total RNA","none provided by the submitter","9606","nash112_N","All samples were processed using an RNA-seq pipeline implemented in the bcbio-nextgen project (https://bcbio-nextgen.readthedocs.org/en/latest/). Raw reads were examined for quality issues using FastQC. (http://www.bioinformatics.babraham.ac.uk/projects/fastqc/) to ensure library generation and sequencing were suitable for further analysis.","Reads were mapped to reference genome hg19 using Salmon to get the raw count data","Genome_build: hg19","Supplementary_files_format_and_content: csv, raw counts from RNA-Seq","GPL21290","Zhu,,Zhuo","zzhuo@hsph.harvard.edu","Harvard Bioinformatics Core","Department of Biostatistics","Harvard TH Chan School of Public Health","401 Park Dr","Boston","MA","02130","USA","0","Illumina HiSeq 3000","cDNA","transcriptomic","RNA-Seq","BioSample: https://www.ncbi.nlm.nih.gov/biosample/SAMN17004282","SRA: https://www.ncbi.nlm.nih.gov/sra?term=SRX9633420","NONE","35","normal liver histology","0","Female","Liver"
"GSM4957337","nash1120_F4 548nash1120","GSM4957337","Public on Jun 11 2021","Dec 04 2020","Jun 11 2021","SRA","1","Liver biopsy","Homo sapiens","tissue: Liver","age: 68","Sex: Female","fibrosis stage: 4","nas score: NA","total RNA","none provided by the submitter","9606","nash1120_F4","All samples were processed using an RNA-seq pipeline implemented in the bcbio-nextgen project (https://bcbio-nextgen.readthedocs.org/en/latest/). Raw reads were examined for quality issues using FastQC. (http://www.bioinformatics.babraham.ac.uk/projects/fastqc/) to ensure library generation and sequencing were suitable for further analysis.","Reads were mapped to reference genome hg19 using Salmon to get the raw count data","Genome_build: hg19","Supplementary_files_format_and_content: csv, raw counts from RNA-Seq","GPL21290","Zhu,,Zhuo","zzhuo@hsph.harvard.edu","Harvard Bioinformatics Core","Department of Biostatistics","Harvard TH Chan School of Public Health","401 Park Dr","Boston","MA","02130","USA","0","Illumina HiSeq 3000","cDNA","transcriptomic","RNA-Seq","BioSample: https://www.ncbi.nlm.nih.gov/biosample/SAMN17004281","SRA: https://www.ncbi.nlm.nih.gov/sra?term=SRX9633421","NONE","68","4","NA","Female","Liver"
"GSM4957338","nash1121_F4 548nash1121","GSM4957338","Public on Jun 11 2021","Dec 04 2020","Jun 11 2021","SRA","1","Liver biopsy","Homo sapiens","tissue: Liver","age: 64","Sex: Female","fibrosis stage: 4","nas score: NA","total RNA","none provided by the submitter","9606","nash1121_F4","All samples were processed using an RNA-seq pipeline implemented in the bcbio-nextgen project (https://bcbio-nextgen.readthedocs.org/en/latest/). Raw reads were examined for quality issues using FastQC. (http://www.bioinformatics.babraham.ac.uk/projects/fastqc/) to ensure library generation and sequencing were suitable for further analysis.","Reads were mapped to reference genome hg19 using Salmon to get the raw count data","Genome_build: hg19","Supplementary_files_format_and_content: csv, raw counts from RNA-Seq","GPL21290","Zhu,,Zhuo","zzhuo@hsph.harvard.edu","Harvard Bioinformatics Core","Department of Biostatistics","Harvard TH Chan School of Public Health","401 Park Dr","Boston","MA","02130","USA","0","Illumina HiSeq 3000","cDNA","transcriptomic","RNA-Seq","BioSample: https://www.ncbi.nlm.nih.gov/biosample/SAMN17004280","SRA: https://www.ncbi.nlm.nih.gov/sra?term=SRX9633422","NONE","64","4","NA","Female","Liver"
"GSM4957339","nash1122_F4 548nash1122","GSM4957339","Public on Jun 11 2021","Dec 04 2020","Jun 11 2021","SRA","1","Liver biopsy","Homo sapiens","tissue: Liver","age: 55","Sex: Male","fibrosis stage: 4","nas score: NA","total RNA","none provided by the submitter","9606","nash1122_F4","All samples were processed using an RNA-seq pipeline implemented in the bcbio-nextgen project (https://bcbio-nextgen.readthedocs.org/en/latest/). Raw reads were examined for quality issues using FastQC. (http://www.bioinformatics.babraham.ac.uk/projects/fastqc/) to ensure library generation and sequencing were suitable for further analysis.","Reads were mapped to reference genome hg19 using Salmon to get the raw count data","Genome_build: hg19","Supplementary_files_format_and_content: csv, raw counts from RNA-Seq","GPL21290","Zhu,,Zhuo","zzhuo@hsph.harvard.edu","Harvard Bioinformatics Core","Department of Biostatistics","Harvard TH Chan School of Public Health","401 Park Dr","Boston","MA","02130","USA","0","Illumina HiSeq 3000","cDNA","transcriptomic","RNA-Seq","BioSample: https://www.ncbi.nlm.nih.gov/biosample/SAMN17004279","SRA: https://www.ncbi.nlm.nih.gov/sra?term=SRX9633423","NONE","55","4","NA","Male","Liver"
"GSM4957340","nash1123_F4 548nash1123","GSM4957340","Public on Jun 11 2021","Dec 04 2020","Jun 11 2021","SRA","1","Liver biopsy","Homo sapiens","tissue: Liver","age: 56","Sex: Female","fibrosis stage: 4","nas score: NA","total RNA","none provided by the submitter","9606","nash1123_F4","All samples were processed using an RNA-seq pipeline implemented in the bcbio-nextgen project (https://bcbio-nextgen.readthedocs.org/en/latest/). Raw reads were examined for quality issues using FastQC. (http://www.bioinformatics.babraham.ac.uk/projects/fastqc/) to ensure library generation and sequencing were suitable for further analysis.","Reads were mapped to reference genome hg19 using Salmon to get the raw count data","Genome_build: hg19","Supplementary_files_format_and_content: csv, raw counts from RNA-Seq","GPL21290","Zhu,,Zhuo","zzhuo@hsph.harvard.edu","Harvard Bioinformatics Core","Department of Biostatistics","Harvard TH Chan School of Public Health","401 Park Dr","Boston","MA","02130","USA","0","Illumina HiSeq 3000","cDNA","transcriptomic","RNA-Seq","BioSample: https://www.ncbi.nlm.nih.gov/biosample/SAMN17004278","SRA: https://www.ncbi.nlm.nih.gov/sra?term=SRX9633424","NONE","56","4","NA","Female","Liver"
"GSM4957341","nash112_F4 548nash1124","GSM4957341","Public on Jun 11 2021","Dec 04 2020","Jun 11 2021","SRA","1","Liver biopsy","Homo sapiens","tissue: Liver","age: 69","Sex: Male","fibrosis stage: 4","nas score: NA","total RNA","none provided by the submitter","9606","nash112_F4","All samples were processed using an RNA-seq pipeline implemented in the bcbio-nextgen project (https://bcbio-nextgen.readthedocs.org/en/latest/). Raw reads were examined for quality issues using FastQC. (http://www.bioinformatics.babraham.ac.uk/projects/fastqc/) to ensure library generation and sequencing were suitable for further analysis.","Reads were mapped to reference genome hg19 using Salmon to get the raw count data","Genome_build: hg19","Supplementary_files_format_and_content: csv, raw counts from RNA-Seq","GPL21290","Zhu,,Zhuo","zzhuo@hsph.harvard.edu","Harvard Bioinformatics Core","Department of Biostatistics","Harvard TH Chan School of Public Health","401 Park Dr","Boston","MA","02130","USA","0","Illumina HiSeq 3000","cDNA","transcriptomic","RNA-Seq","BioSample: https://www.ncbi.nlm.nih.gov/biosample/SAMN17004277","SRA: https://www.ncbi.nlm.nih.gov/sra?term=SRX9633425","NONE","69","4","NA","Male","Liver"
"GSM4957342","nash112_F4 548nash1125","GSM4957342","Public on Jun 11 2021","Dec 04 2020","Jun 11 2021","SRA","1","Liver biopsy","Homo sapiens","tissue: Liver","age: 48","Sex: Male","fibrosis stage: 4","nas score: NA","total RNA","none provided by the submitter","9606","nash112_F4","All samples were processed using an RNA-seq pipeline implemented in the bcbio-nextgen project (https://bcbio-nextgen.readthedocs.org/en/latest/). Raw reads were examined for quality issues using FastQC. (http://www.bioinformatics.babraham.ac.uk/projects/fastqc/) to ensure library generation and sequencing were suitable for further analysis.","Reads were mapped to reference genome hg19 using Salmon to get the raw count data","Genome_build: hg19","Supplementary_files_format_and_content: csv, raw counts from RNA-Seq","GPL21290","Zhu,,Zhuo","zzhuo@hsph.harvard.edu","Harvard Bioinformatics Core","Department of Biostatistics","Harvard TH Chan School of Public Health","401 Park Dr","Boston","MA","02130","USA","0","Illumina HiSeq 3000","cDNA","transcriptomic","RNA-Seq","BioSample: https://www.ncbi.nlm.nih.gov/biosample/SAMN17004276","SRA: https://www.ncbi.nlm.nih.gov/sra?term=SRX9633426","NONE","48","4","NA","Male","Liver"
"GSM4957343","nash1126_F2 548nash1126","GSM4957343","Public on Jun 11 2021","Dec 04 2020","Jun 11 2021","SRA","1","Liver biopsy","Homo sapiens","tissue: Liver","age: 49","Sex: Female","fibrosis stage: 2","nas score: 7","total RNA","none provided by the submitter","9606","nash1126_F2","All samples were processed using an RNA-seq pipeline implemented in the bcbio-nextgen project (https://bcbio-nextgen.readthedocs.org/en/latest/). Raw reads were examined for quality issues using FastQC. (http://www.bioinformatics.babraham.ac.uk/projects/fastqc/) to ensure library generation and sequencing were suitable for further analysis.","Reads were mapped to reference genome hg19 using Salmon to get the raw count data","Genome_build: hg19","Supplementary_files_format_and_content: csv, raw counts from RNA-Seq","GPL21290","Zhu,,Zhuo","zzhuo@hsph.harvard.edu","Harvard Bioinformatics Core","Department of Biostatistics","Harvard TH Chan School of Public Health","401 Park Dr","Boston","MA","02130","USA","0","Illumina HiSeq 3000","cDNA","transcriptomic","RNA-Seq","BioSample: https://www.ncbi.nlm.nih.gov/biosample/SAMN17004275","SRA: https://www.ncbi.nlm.nih.gov/sra?term=SRX9633427","NONE","49","2","7","Female","Liver"
"GSM4957344","nash1127_F2 548nash1127","GSM4957344","Public on Jun 11 2021","Dec 04 2020","Jun 11 2021","SRA","1","Liver biopsy","Homo sapiens","tissue: Liver","age: 46","Sex: Female","fibrosis stage: 2","nas score: 5","total RNA","none provided by the submitter","9606","nash1127_F2","All samples were processed using an RNA-seq pipeline implemented in the bcbio-nextgen project (https://bcbio-nextgen.readthedocs.org/en/latest/). Raw reads were examined for quality issues using FastQC. (http://www.bioinformatics.babraham.ac.uk/projects/fastqc/) to ensure library generation and sequencing were suitable for further analysis.","Reads were mapped to reference genome hg19 using Salmon to get the raw count data","Genome_build: hg19","Supplementary_files_format_and_content: csv, raw counts from RNA-Seq","GPL21290","Zhu,,Zhuo","zzhuo@hsph.harvard.edu","Harvard Bioinformatics Core","Department of Biostatistics","Harvard TH Chan School of Public Health","401 Park Dr","Boston","MA","02130","USA","0","Illumina HiSeq 3000","cDNA","transcriptomic","RNA-Seq","BioSample: https://www.ncbi.nlm.nih.gov/biosample/SAMN17004274","SRA: https://www.ncbi.nlm.nih.gov/sra?term=SRX9633428","NONE","46","2","5","Female","Liver"
"GSM4957345","nash112_F3 548nash1128","GSM4957345","Public on Jun 11 2021","Dec 04 2020","Jun 11 2021","SRA","1","Liver biopsy","Homo sapiens","tissue: Liver","age: 50","Sex: Female","fibrosis stage: 3","nas score: 7","total RNA","none provided by the submitter","9606","nash112_F3","All samples were processed using an RNA-seq pipeline implemented in the bcbio-nextgen project (https://bcbio-nextgen.readthedocs.org/en/latest/). Raw reads were examined for quality issues using FastQC. (http://www.bioinformatics.babraham.ac.uk/projects/fastqc/) to ensure library generation and sequencing were suitable for further analysis.","Reads were mapped to reference genome hg19 using Salmon to get the raw count data","Genome_build: hg19","Supplementary_files_format_and_content: csv, raw counts from RNA-Seq","GPL21290","Zhu,,Zhuo","zzhuo@hsph.harvard.edu","Harvard Bioinformatics Core","Department of Biostatistics","Harvard TH Chan School of Public Health","401 Park Dr","Boston","MA","02130","USA","0","Illumina HiSeq 3000","cDNA","transcriptomic","RNA-Seq","BioSample: https://www.ncbi.nlm.nih.gov/biosample/SAMN17004273","SRA: https://www.ncbi.nlm.nih.gov/sra?term=SRX9633429","NONE","50","3","7","Female","Liver"
"GSM4957346","nash1129_F2 548nash1129","GSM4957346","Public on Jun 11 2021","Dec 04 2020","Jun 11 2021","SRA","1","Liver biopsy","Homo sapiens","tissue: Liver","age: 18","Sex: Female","fibrosis stage: 2","nas score: 7","total RNA","none provided by the submitter","9606","nash1129_F2","All samples were processed using an RNA-seq pipeline implemented in the bcbio-nextgen project (https://bcbio-nextgen.readthedocs.org/en/latest/). Raw reads were examined for quality issues using FastQC. (http://www.bioinformatics.babraham.ac.uk/projects/fastqc/) to ensure library generation and sequencing were suitable for further analysis.","Reads were mapped to reference genome hg19 using Salmon to get the raw count data","Genome_build: hg19","Supplementary_files_format_and_content: csv, raw counts from RNA-Seq","GPL21290","Zhu,,Zhuo","zzhuo@hsph.harvard.edu","Harvard Bioinformatics Core","Department of Biostatistics","Harvard TH Chan School of Public Health","401 Park Dr","Boston","MA","02130","USA","0","Illumina HiSeq 3000","cDNA","transcriptomic","RNA-Seq","BioSample: https://www.ncbi.nlm.nih.gov/biosample/SAMN17004272","SRA: https://www.ncbi.nlm.nih.gov/sra?term=SRX9633430","NONE","18","2","7","Female","Liver"
"GSM4957347","nash113_F1 548nash113","GSM4957347","Public on Jun 11 2021","Dec 04 2020","Jun 11 2021","SRA","1","Liver biopsy","Homo sapiens","tissue: Liver","age: 34","Sex: Male","fibrosis stage: 1","nas score: 4","total RNA","none provided by the submitter","9606","nash113_F1","All samples were processed using an RNA-seq pipeline implemented in the bcbio-nextgen project (https://bcbio-nextgen.readthedocs.org/en/latest/). Raw reads were examined for quality issues using FastQC. (http://www.bioinformatics.babraham.ac.uk/projects/fastqc/) to ensure library generation and sequencing were suitable for further analysis.","Reads were mapped to reference genome hg19 using Salmon to get the raw count data","Genome_build: hg19","Supplementary_files_format_and_content: csv, raw counts from RNA-Seq","GPL21290","Zhu,,Zhuo","zzhuo@hsph.harvard.edu","Harvard Bioinformatics Core","Department of Biostatistics","Harvard TH Chan School of Public Health","401 Park Dr","Boston","MA","02130","USA","0","Illumina HiSeq 3000","cDNA","transcriptomic","RNA-Seq","BioSample: https://www.ncbi.nlm.nih.gov/biosample/SAMN17004271","SRA: https://www.ncbi.nlm.nih.gov/sra?term=SRX9633431","NONE","34","1","4","Male","Liver"
"GSM4957348","nash1130_F2 548nash1130","GSM4957348","Public on Jun 11 2021","Dec 04 2020","Jun 11 2021","SRA","1","Liver biopsy","Homo sapiens","tissue: Liver","age: 57","Sex: Female","fibrosis stage: 2","nas score: 5","total RNA","none provided by the submitter","9606","nash1130_F2","All samples were processed using an RNA-seq pipeline implemented in the bcbio-nextgen project (https://bcbio-nextgen.readthedocs.org/en/latest/). Raw reads were examined for quality issues using FastQC. (http://www.bioinformatics.babraham.ac.uk/projects/fastqc/) to ensure library generation and sequencing were suitable for further analysis.","Reads were mapped to reference genome hg19 using Salmon to get the raw count data","Genome_build: hg19","Supplementary_files_format_and_content: csv, raw counts from RNA-Seq","GPL21290","Zhu,,Zhuo","zzhuo@hsph.harvard.edu","Harvard Bioinformatics Core","Department of Biostatistics","Harvard TH Chan School of Public Health","401 Park Dr","Boston","MA","02130","USA","0","Illumina HiSeq 3000","cDNA","transcriptomic","RNA-Seq","BioSample: https://www.ncbi.nlm.nih.gov/biosample/SAMN17004270","SRA: https://www.ncbi.nlm.nih.gov/sra?term=SRX9633432","NONE","57","2","5","Female","Liver"
"GSM4957349","nash1131_F4 548nash1131","GSM4957349","Public on Jun 11 2021","Dec 04 2020","Jun 11 2021","SRA","1","Liver biopsy","Homo sapiens","tissue: Liver","age: 65","Sex: Female","fibrosis stage: 4","nas score: 4","total RNA","none provided by the submitter","9606","nash1131_F4","All samples were processed using an RNA-seq pipeline implemented in the bcbio-nextgen project (https://bcbio-nextgen.readthedocs.org/en/latest/). Raw reads were examined for quality issues using FastQC. (http://www.bioinformatics.babraham.ac.uk/projects/fastqc/) to ensure library generation and sequencing were suitable for further analysis.","Reads were mapped to reference genome hg19 using Salmon to get the raw count data","Genome_build: hg19","Supplementary_files_format_and_content: csv, raw counts from RNA-Seq","GPL21290","Zhu,,Zhuo","zzhuo@hsph.harvard.edu","Harvard Bioinformatics Core","Department of Biostatistics","Harvard TH Chan School of Public Health","401 Park Dr","Boston","MA","02130","USA","0","Illumina HiSeq 3000","cDNA","transcriptomic","RNA-Seq","BioSample: https://www.ncbi.nlm.nih.gov/biosample/SAMN17004269","SRA: https://www.ncbi.nlm.nih.gov/sra?term=SRX9633433","NONE","65","4","4","Female","Liver"
"GSM4957350","nash1132_F2 548nash1132","GSM4957350","Public on Jun 11 2021","Dec 04 2020","Jun 11 2021","SRA","1","Liver biopsy","Homo sapiens","tissue: Liver","age: 59","Sex: Male","fibrosis stage: 2","nas score: 6","total RNA","none provided by the submitter","9606","nash1132_F2","All samples were processed using an RNA-seq pipeline implemented in the bcbio-nextgen project (https://bcbio-nextgen.readthedocs.org/en/latest/). Raw reads were examined for quality issues using FastQC. (http://www.bioinformatics.babraham.ac.uk/projects/fastqc/) to ensure library generation and sequencing were suitable for further analysis.","Reads were mapped to reference genome hg19 using Salmon to get the raw count data","Genome_build: hg19","Supplementary_files_format_and_content: csv, raw counts from RNA-Seq","GPL21290","Zhu,,Zhuo","zzhuo@hsph.harvard.edu","Harvard Bioinformatics Core","Department of Biostatistics","Harvard TH Chan School of Public Health","401 Park Dr","Boston","MA","02130","USA","0","Illumina HiSeq 3000","cDNA","transcriptomic","RNA-Seq","BioSample: https://www.ncbi.nlm.nih.gov/biosample/SAMN17004305","SRA: https://www.ncbi.nlm.nih.gov/sra?term=SRX9633434","NONE","59","2","6","Male","Liver"
"GSM4957351","nash1133_F2 548nash1133","GSM4957351","Public on Jun 11 2021","Dec 04 2020","Jun 11 2021","SRA","1","Liver biopsy","Homo sapiens","tissue: Liver","age: 64","Sex: Male","fibrosis stage: 2","nas score: 6","total RNA","none provided by the submitter","9606","nash1133_F2","All samples were processed using an RNA-seq pipeline implemented in the bcbio-nextgen project (https://bcbio-nextgen.readthedocs.org/en/latest/). Raw reads were examined for quality issues using FastQC. (http://www.bioinformatics.babraham.ac.uk/projects/fastqc/) to ensure library generation and sequencing were suitable for further analysis.","Reads were mapped to reference genome hg19 using Salmon to get the raw count data","Genome_build: hg19","Supplementary_files_format_and_content: csv, raw counts from RNA-Seq","GPL21290","Zhu,,Zhuo","zzhuo@hsph.harvard.edu","Harvard Bioinformatics Core","Department of Biostatistics","Harvard TH Chan School of Public Health","401 Park Dr","Boston","MA","02130","USA","0","Illumina HiSeq 3000","cDNA","transcriptomic","RNA-Seq","BioSample: https://www.ncbi.nlm.nih.gov/biosample/SAMN17004304","SRA: https://www.ncbi.nlm.nih.gov/sra?term=SRX9633435","NONE","64","2","6","Male","Liver"
"GSM4957352","nash113_F2 548nash1134","GSM4957352","Public on Jun 11 2021","Dec 04 2020","Jun 11 2021","SRA","1","Liver biopsy","Homo sapiens","tissue: Liver","age: 51","Sex: Male","fibrosis stage: 2","nas score: NA","total RNA","none provided by the submitter","9606","nash113_F2","All samples were processed using an RNA-seq pipeline implemented in the bcbio-nextgen project (https://bcbio-nextgen.readthedocs.org/en/latest/). Raw reads were examined for quality issues using FastQC. (http://www.bioinformatics.babraham.ac.uk/projects/fastqc/) to ensure library generation and sequencing were suitable for further analysis.","Reads were mapped to reference genome hg19 using Salmon to get the raw count data","Genome_build: hg19","Supplementary_files_format_and_content: csv, raw counts from RNA-Seq","GPL21290","Zhu,,Zhuo","zzhuo@hsph.harvard.edu","Harvard Bioinformatics Core","Department of Biostatistics","Harvard TH Chan School of Public Health","401 Park Dr","Boston","MA","02130","USA","0","Illumina HiSeq 3000","cDNA","transcriptomic","RNA-Seq","BioSample: https://www.ncbi.nlm.nih.gov/biosample/SAMN17004303","SRA: https://www.ncbi.nlm.nih.gov/sra?term=SRX9633436","NONE","51","2","NA","Male","Liver"
"GSM4957353","nash113_F2 548nash1135","GSM4957353","Public on Jun 11 2021","Dec 04 2020","Jun 11 2021","SRA","1","Liver biopsy","Homo sapiens","tissue: Liver","age: 35","Sex: Female","fibrosis stage: 2","nas score: 7","total RNA","none provided by the submitter","9606","nash113_F2","All samples were processed using an RNA-seq pipeline implemented in the bcbio-nextgen project (https://bcbio-nextgen.readthedocs.org/en/latest/). Raw reads were examined for quality issues using FastQC. (http://www.bioinformatics.babraham.ac.uk/projects/fastqc/) to ensure library generation and sequencing were suitable for further analysis.","Reads were mapped to reference genome hg19 using Salmon to get the raw count data","Genome_build: hg19","Supplementary_files_format_and_content: csv, raw counts from RNA-Seq","GPL21290","Zhu,,Zhuo","zzhuo@hsph.harvard.edu","Harvard Bioinformatics Core","Department of Biostatistics","Harvard TH Chan School of Public Health","401 Park Dr","Boston","MA","02130","USA","0","Illumina HiSeq 3000","cDNA","transcriptomic","RNA-Seq","BioSample: https://www.ncbi.nlm.nih.gov/biosample/SAMN17004302","SRA: https://www.ncbi.nlm.nih.gov/sra?term=SRX9633437","NONE","35","2","7","Female","Liver"
"GSM4957354","nash1136_F2 548nash1136","GSM4957354","Public on Jun 11 2021","Dec 04 2020","Jun 11 2021","SRA","1","Liver biopsy","Homo sapiens","tissue: Liver","age: 51","Sex: Female","fibrosis stage: 2","nas score: 7","total RNA","none provided by the submitter","9606","nash1136_F2","All samples were processed using an RNA-seq pipeline implemented in the bcbio-nextgen project (https://bcbio-nextgen.readthedocs.org/en/latest/). Raw reads were examined for quality issues using FastQC. (http://www.bioinformatics.babraham.ac.uk/projects/fastqc/) to ensure library generation and sequencing were suitable for further analysis.","Reads were mapped to reference genome hg19 using Salmon to get the raw count data","Genome_build: hg19","Supplementary_files_format_and_content: csv, raw counts from RNA-Seq","GPL21290","Zhu,,Zhuo","zzhuo@hsph.harvard.edu","Harvard Bioinformatics Core","Department of Biostatistics","Harvard TH Chan School of Public Health","401 Park Dr","Boston","MA","02130","USA","0","Illumina HiSeq 3000","cDNA","transcriptomic","RNA-Seq","BioSample: https://www.ncbi.nlm.nih.gov/biosample/SAMN17004301","SRA: https://www.ncbi.nlm.nih.gov/sra?term=SRX9633438","NONE","51","2","7","Female","Liver"
"GSM4957355","nash1137_F3 548nash1137","GSM4957355","Public on Jun 11 2021","Dec 04 2020","Jun 11 2021","SRA","1","Liver biopsy","Homo sapiens","tissue: Liver","age: 61","Sex: Male","fibrosis stage: 3","nas score: NA","total RNA","none provided by the submitter","9606","nash1137_F3","All samples were processed using an RNA-seq pipeline implemented in the bcbio-nextgen project (https://bcbio-nextgen.readthedocs.org/en/latest/). Raw reads were examined for quality issues using FastQC. (http://www.bioinformatics.babraham.ac.uk/projects/fastqc/) to ensure library generation and sequencing were suitable for further analysis.","Reads were mapped to reference genome hg19 using Salmon to get the raw count data","Genome_build: hg19","Supplementary_files_format_and_content: csv, raw counts from RNA-Seq","GPL21290","Zhu,,Zhuo","zzhuo@hsph.harvard.edu","Harvard Bioinformatics Core","Department of Biostatistics","Harvard TH Chan School of Public Health","401 Park Dr","Boston","MA","02130","USA","0","Illumina HiSeq 3000","cDNA","transcriptomic","RNA-Seq","BioSample: https://www.ncbi.nlm.nih.gov/biosample/SAMN17004300","SRA: https://www.ncbi.nlm.nih.gov/sra?term=SRX9633439","NONE","61","3","NA","Male","Liver"
"GSM4957356","nash113_F3 548nash1138","GSM4957356","Public on Jun 11 2021","Dec 04 2020","Jun 11 2021","SRA","1","Liver biopsy","Homo sapiens","tissue: Liver","age: 62","Sex: Male","fibrosis stage: 3","nas score: NA","total RNA","none provided by the submitter","9606","nash113_F3","All samples were processed using an RNA-seq pipeline implemented in the bcbio-nextgen project (https://bcbio-nextgen.readthedocs.org/en/latest/). Raw reads were examined for quality issues using FastQC. (http://www.bioinformatics.babraham.ac.uk/projects/fastqc/) to ensure library generation and sequencing were suitable for further analysis.","Reads were mapped to reference genome hg19 using Salmon to get the raw count data","Genome_build: hg19","Supplementary_files_format_and_content: csv, raw counts from RNA-Seq","GPL21290","Zhu,,Zhuo","zzhuo@hsph.harvard.edu","Harvard Bioinformatics Core","Department of Biostatistics","Harvard TH Chan School of Public Health","401 Park Dr","Boston","MA","02130","USA","0","Illumina HiSeq 3000","cDNA","transcriptomic","RNA-Seq","BioSample: https://www.ncbi.nlm.nih.gov/biosample/SAMN17004299","SRA: https://www.ncbi.nlm.nih.gov/sra?term=SRX9633440","NONE","62","3","NA","Male","Liver"
"GSM4957357","nash1139_F2 548nash1139","GSM4957357","Public on Jun 11 2021","Dec 04 2020","Jun 11 2021","SRA","1","Liver biopsy","Homo sapiens","tissue: Liver","age: 54","Sex: Male","fibrosis stage: 2","nas score: 7","total RNA","none provided by the submitter","9606","nash1139_F2","All samples were processed using an RNA-seq pipeline implemented in the bcbio-nextgen project (https://bcbio-nextgen.readthedocs.org/en/latest/). Raw reads were examined for quality issues using FastQC. (http://www.bioinformatics.babraham.ac.uk/projects/fastqc/) to ensure library generation and sequencing were suitable for further analysis.","Reads were mapped to reference genome hg19 using Salmon to get the raw count data","Genome_build: hg19","Supplementary_files_format_and_content: csv, raw counts from RNA-Seq","GPL21290","Zhu,,Zhuo","zzhuo@hsph.harvard.edu","Harvard Bioinformatics Core","Department of Biostatistics","Harvard TH Chan School of Public Health","401 Park Dr","Boston","MA","02130","USA","0","Illumina HiSeq 3000","cDNA","transcriptomic","RNA-Seq","BioSample: https://www.ncbi.nlm.nih.gov/biosample/SAMN17004298","SRA: https://www.ncbi.nlm.nih.gov/sra?term=SRX9633441","NONE","54","2","7","Male","Liver"
"GSM4957358","nash11_N 548nash114","GSM4957358","Public on Jun 11 2021","Dec 04 2020","Jun 11 2021","SRA","1","Liver biopsy","Homo sapiens","tissue: Liver","age: 58","Sex: Female","fibrosis stage: normal liver histology","nas score: 0","total RNA","none provided by the submitter","9606","nash11_N","All samples were processed using an RNA-seq pipeline implemented in the bcbio-nextgen project (https://bcbio-nextgen.readthedocs.org/en/latest/). Raw reads were examined for quality issues using FastQC. (http://www.bioinformatics.babraham.ac.uk/projects/fastqc/) to ensure library generation and sequencing were suitable for further analysis.","Reads were mapped to reference genome hg19 using Salmon to get the raw count data","Genome_build: hg19","Supplementary_files_format_and_content: csv, raw counts from RNA-Seq","GPL21290","Zhu,,Zhuo","zzhuo@hsph.harvard.edu","Harvard Bioinformatics Core","Department of Biostatistics","Harvard TH Chan School of Public Health","401 Park Dr","Boston","MA","02130","USA","0","Illumina HiSeq 3000","cDNA","transcriptomic","RNA-Seq","BioSample: https://www.ncbi.nlm.nih.gov/biosample/SAMN17004297","SRA: https://www.ncbi.nlm.nih.gov/sra?term=SRX9633442","NONE","58","normal liver histology","0","Female","Liver"
"GSM4957359","nash11_F1 548nash115","GSM4957359","Public on Jun 11 2021","Dec 04 2020","Jun 11 2021","SRA","1","Liver biopsy","Homo sapiens","tissue: Liver","age: 58","Sex: Male","fibrosis stage: 1","nas score: 3","total RNA","none provided by the submitter","9606","nash11_F1","All samples were processed using an RNA-seq pipeline implemented in the bcbio-nextgen project (https://bcbio-nextgen.readthedocs.org/en/latest/). Raw reads were examined for quality issues using FastQC. (http://www.bioinformatics.babraham.ac.uk/projects/fastqc/) to ensure library generation and sequencing were suitable for further analysis.","Reads were mapped to reference genome hg19 using Salmon to get the raw count data","Genome_build: hg19","Supplementary_files_format_and_content: csv, raw counts from RNA-Seq","GPL21290","Zhu,,Zhuo","zzhuo@hsph.harvard.edu","Harvard Bioinformatics Core","Department of Biostatistics","Harvard TH Chan School of Public Health","401 Park Dr","Boston","MA","02130","USA","0","Illumina HiSeq 3000","cDNA","transcriptomic","RNA-Seq","BioSample: https://www.ncbi.nlm.nih.gov/biosample/SAMN17004296","SRA: https://www.ncbi.nlm.nih.gov/sra?term=SRX9633443","NONE","58","1","3","Male","Liver"
"GSM4957360","nash116_F4 548nash116","GSM4957360","Public on Jun 11 2021","Dec 04 2020","Jun 11 2021","SRA","1","Liver biopsy","Homo sapiens","tissue: Liver","age: 64","Sex: Male","fibrosis stage: 4","nas score: 6","total RNA","none provided by the submitter","9606","nash116_F4","All samples were processed using an RNA-seq pipeline implemented in the bcbio-nextgen project (https://bcbio-nextgen.readthedocs.org/en/latest/). Raw reads were examined for quality issues using FastQC. (http://www.bioinformatics.babraham.ac.uk/projects/fastqc/) to ensure library generation and sequencing were suitable for further analysis.","Reads were mapped to reference genome hg19 using Salmon to get the raw count data","Genome_build: hg19","Supplementary_files_format_and_content: csv, raw counts from RNA-Seq","GPL21290","Zhu,,Zhuo","zzhuo@hsph.harvard.edu","Harvard Bioinformatics Core","Department of Biostatistics","Harvard TH Chan School of Public Health","401 Park Dr","Boston","MA","02130","USA","0","Illumina HiSeq 3000","cDNA","transcriptomic","RNA-Seq","BioSample: https://www.ncbi.nlm.nih.gov/biosample/SAMN17004295","SRA: https://www.ncbi.nlm.nih.gov/sra?term=SRX9633444","NONE","64","4","6","Male","Liver"
"GSM4957361","nash117_F1 548nash117","GSM4957361","Public on Jun 11 2021","Dec 04 2020","Jun 11 2021","SRA","1","Liver biopsy","Homo sapiens","tissue: Liver","age: 22","Sex: Female","fibrosis stage: 1","nas score: 6","total RNA","none provided by the submitter","9606","nash117_F1","All samples were processed using an RNA-seq pipeline implemented in the bcbio-nextgen project (https://bcbio-nextgen.readthedocs.org/en/latest/). Raw reads were examined for quality issues using FastQC. (http://www.bioinformatics.babraham.ac.uk/projects/fastqc/) to ensure library generation and sequencing were suitable for further analysis.","Reads were mapped to reference genome hg19 using Salmon to get the raw count data","Genome_build: hg19","Supplementary_files_format_and_content: csv, raw counts from RNA-Seq","GPL21290","Zhu,,Zhuo","zzhuo@hsph.harvard.edu","Harvard Bioinformatics Core","Department of Biostatistics","Harvard TH Chan School of Public Health","401 Park Dr","Boston","MA","02130","USA","0","Illumina HiSeq 3000","cDNA","transcriptomic","RNA-Seq","BioSample: https://www.ncbi.nlm.nih.gov/biosample/SAMN17004294","SRA: https://www.ncbi.nlm.nih.gov/sra?term=SRX9633445","NONE","22","1","6","Female","Liver"
"GSM4957362","nash12_F2 548nash12","GSM4957362","Public on Jun 11 2021","Dec 04 2020","Jun 11 2021","SRA","1","Liver biopsy","Homo sapiens","tissue: Liver","age: 32","Sex: Female","fibrosis stage: 2","nas score: 6","total RNA","none provided by the submitter","9606","nash12_F2","All samples were processed using an RNA-seq pipeline implemented in the bcbio-nextgen project (https://bcbio-nextgen.readthedocs.org/en/latest/). Raw reads were examined for quality issues using FastQC. (http://www.bioinformatics.babraham.ac.uk/projects/fastqc/) to ensure library generation and sequencing were suitable for further analysis.","Reads were mapped to reference genome hg19 using Salmon to get the raw count data","Genome_build: hg19","Supplementary_files_format_and_content: csv, raw counts from RNA-Seq","GPL21290","Zhu,,Zhuo","zzhuo@hsph.harvard.edu","Harvard Bioinformatics Core","Department of Biostatistics","Harvard TH Chan School of Public Health","401 Park Dr","Boston","MA","02130","USA","0","Illumina HiSeq 3000","cDNA","transcriptomic","RNA-Seq","BioSample: https://www.ncbi.nlm.nih.gov/biosample/SAMN17004293","SRA: https://www.ncbi.nlm.nih.gov/sra?term=SRX9633446","NONE","32","2","6","Female","Liver"
"GSM4957363","nash13_F0 548nash13","GSM4957363","Public on Jun 11 2021","Dec 04 2020","Jun 11 2021","SRA","1","Liver biopsy","Homo sapiens","tissue: Liver","age: 48","Sex: Female","fibrosis stage: 0","nas score: 2","total RNA","none provided by the submitter","9606","nash13_F0","All samples were processed using an RNA-seq pipeline implemented in the bcbio-nextgen project (https://bcbio-nextgen.readthedocs.org/en/latest/). Raw reads were examined for quality issues using FastQC. (http://www.bioinformatics.babraham.ac.uk/projects/fastqc/) to ensure library generation and sequencing were suitable for further analysis.","Reads were mapped to reference genome hg19 using Salmon to get the raw count data","Genome_build: hg19","Supplementary_files_format_and_content: csv, raw counts from RNA-Seq","GPL21290","Zhu,,Zhuo","zzhuo@hsph.harvard.edu","Harvard Bioinformatics Core","Department of Biostatistics","Harvard TH Chan School of Public Health","401 Park Dr","Boston","MA","02130","USA","0","Illumina HiSeq 3000","cDNA","transcriptomic","RNA-Seq","BioSample: https://www.ncbi.nlm.nih.gov/biosample/SAMN17004292","SRA: https://www.ncbi.nlm.nih.gov/sra?term=SRX9633447","NONE","48","0","2","Female","Liver"
"GSM4957364","nash1_F0 548nash14","GSM4957364","Public on Jun 11 2021","Dec 04 2020","Jun 11 2021","SRA","1","Liver biopsy","Homo sapiens","tissue: Liver","age: 32","Sex: Male","fibrosis stage: 0","nas score: 5","total RNA","none provided by the submitter","9606","nash1_F0","All samples were processed using an RNA-seq pipeline implemented in the bcbio-nextgen project (https://bcbio-nextgen.readthedocs.org/en/latest/). Raw reads were examined for quality issues using FastQC. (http://www.bioinformatics.babraham.ac.uk/projects/fastqc/) to ensure library generation and sequencing were suitable for further analysis.","Reads were mapped to reference genome hg19 using Salmon to get the raw count data","Genome_build: hg19","Supplementary_files_format_and_content: csv, raw counts from RNA-Seq","GPL21290","Zhu,,Zhuo","zzhuo@hsph.harvard.edu","Harvard Bioinformatics Core","Department of Biostatistics","Harvard TH Chan School of Public Health","401 Park Dr","Boston","MA","02130","USA","0","Illumina HiSeq 3000","cDNA","transcriptomic","RNA-Seq","BioSample: https://www.ncbi.nlm.nih.gov/biosample/SAMN17004291","SRA: https://www.ncbi.nlm.nih.gov/sra?term=SRX9633448","NONE","32","0","5","Male","Liver"
"GSM4957365","nash143_F1 548nash143","GSM4957365","Public on Jun 11 2021","Dec 04 2020","Jun 11 2021","SRA","1","Liver biopsy","Homo sapiens","tissue: Liver","age: 37","Sex: Female","fibrosis stage: 1","nas score: NA","total RNA","none provided by the submitter","9606","nash143_F1","All samples were processed using an RNA-seq pipeline implemented in the bcbio-nextgen project (https://bcbio-nextgen.readthedocs.org/en/latest/). Raw reads were examined for quality issues using FastQC. (http://www.bioinformatics.babraham.ac.uk/projects/fastqc/) to ensure library generation and sequencing were suitable for further analysis.","Reads were mapped to reference genome hg19 using Salmon to get the raw count data","Genome_build: hg19","Supplementary_files_format_and_content: csv, raw counts from RNA-Seq","GPL21290","Zhu,,Zhuo","zzhuo@hsph.harvard.edu","Harvard Bioinformatics Core","Department of Biostatistics","Harvard TH Chan School of Public Health","401 Park Dr","Boston","MA","02130","USA","0","Illumina HiSeq 3000","cDNA","transcriptomic","RNA-Seq","BioSample: https://www.ncbi.nlm.nih.gov/biosample/SAMN17004290","SRA: https://www.ncbi.nlm.nih.gov/sra?term=SRX9633449","NONE","37","1","NA","Female","Liver"
"GSM4957366","nash1_F4 548nash144","GSM4957366","Public on Jun 11 2021","Dec 04 2020","Jun 11 2021","SRA","1","Liver biopsy","Homo sapiens","tissue: Liver","age: 59","Sex: Female","fibrosis stage: 4","nas score: NA","total RNA","none provided by the submitter","9606","nash1_F4","All samples were processed using an RNA-seq pipeline implemented in the bcbio-nextgen project (https://bcbio-nextgen.readthedocs.org/en/latest/). Raw reads were examined for quality issues using FastQC. (http://www.bioinformatics.babraham.ac.uk/projects/fastqc/) to ensure library generation and sequencing were suitable for further analysis.","Reads were mapped to reference genome hg19 using Salmon to get the raw count data","Genome_build: hg19","Supplementary_files_format_and_content: csv, raw counts from RNA-Seq","GPL21290","Zhu,,Zhuo","zzhuo@hsph.harvard.edu","Harvard Bioinformatics Core","Department of Biostatistics","Harvard TH Chan School of Public Health","401 Park Dr","Boston","MA","02130","USA","0","Illumina HiSeq 3000","cDNA","transcriptomic","RNA-Seq","BioSample: https://www.ncbi.nlm.nih.gov/biosample/SAMN17004289","SRA: https://www.ncbi.nlm.nih.gov/sra?term=SRX9633450","NONE","59","4","NA","Female","Liver"
"GSM4957367","nash1_F1 548nash145","GSM4957367","Public on Jun 11 2021","Dec 04 2020","Jun 11 2021","SRA","1","Liver biopsy","Homo sapiens","tissue: Liver","age: 41","Sex: Female","fibrosis stage: 1","nas score: NA","total RNA","none provided by the submitter","9606","nash1_F1","All samples were processed using an RNA-seq pipeline implemented in the bcbio-nextgen project (https://bcbio-nextgen.readthedocs.org/en/latest/). Raw reads were examined for quality issues using FastQC. (http://www.bioinformatics.babraham.ac.uk/projects/fastqc/) to ensure library generation and sequencing were suitable for further analysis.","Reads were mapped to reference genome hg19 using Salmon to get the raw count data","Genome_build: hg19","Supplementary_files_format_and_content: csv, raw counts from RNA-Seq","GPL21290","Zhu,,Zhuo","zzhuo@hsph.harvard.edu","Harvard Bioinformatics Core","Department of Biostatistics","Harvard TH Chan School of Public Health","401 Park Dr","Boston","MA","02130","USA","0","Illumina HiSeq 3000","cDNA","transcriptomic","RNA-Seq","BioSample: https://www.ncbi.nlm.nih.gov/biosample/SAMN17004288","SRA: https://www.ncbi.nlm.nih.gov/sra?term=SRX9633451","NONE","41","1","NA","Female","Liver"
"GSM4957368","nash146_F0 548nash146","GSM4957368","Public on Jun 11 2021","Dec 04 2020","Jun 11 2021","SRA","1","Liver biopsy","Homo sapiens","tissue: Liver","age: 56","Sex: Female","fibrosis stage: 0","nas score: NA","total RNA","none provided by the submitter","9606","nash146_F0","All samples were processed using an RNA-seq pipeline implemented in the bcbio-nextgen project (https://bcbio-nextgen.readthedocs.org/en/latest/). Raw reads were examined for quality issues using FastQC. (http://www.bioinformatics.babraham.ac.uk/projects/fastqc/) to ensure library generation and sequencing were suitable for further analysis.","Reads were mapped to reference genome hg19 using Salmon to get the raw count data","Genome_build: hg19","Supplementary_files_format_and_content: csv, raw counts from RNA-Seq","GPL21290","Zhu,,Zhuo","zzhuo@hsph.harvard.edu","Harvard Bioinformatics Core","Department of Biostatistics","Harvard TH Chan School of Public Health","401 Park Dr","Boston","MA","02130","USA","0","Illumina HiSeq 3000","cDNA","transcriptomic","RNA-Seq","BioSample: https://www.ncbi.nlm.nih.gov/biosample/SAMN17004287","SRA: https://www.ncbi.nlm.nih.gov/sra?term=SRX9633452","NONE","56","0","NA","Female","Liver"
"GSM4957369","nash1_F0 548nash148","GSM4957369","Public on Jun 11 2021","Dec 04 2020","Jun 11 2021","SRA","1","Liver biopsy","Homo sapiens","tissue: Liver","age: 42","Sex: Female","fibrosis stage: 0","nas score: NA","total RNA","none provided by the submitter","9606","nash1_F0","All samples were processed using an RNA-seq pipeline implemented in the bcbio-nextgen project (https://bcbio-nextgen.readthedocs.org/en/latest/). Raw reads were examined for quality issues using FastQC. (http://www.bioinformatics.babraham.ac.uk/projects/fastqc/) to ensure library generation and sequencing were suitable for further analysis.","Reads were mapped to reference genome hg19 using Salmon to get the raw count data","Genome_build: hg19","Supplementary_files_format_and_content: csv, raw counts from RNA-Seq","GPL21290","Zhu,,Zhuo","zzhuo@hsph.harvard.edu","Harvard Bioinformatics Core","Department of Biostatistics","Harvard TH Chan School of Public Health","401 Park Dr","Boston","MA","02130","USA","0","Illumina HiSeq 3000","cDNA","transcriptomic","RNA-Seq","BioSample: https://www.ncbi.nlm.nih.gov/biosample/SAMN17004286","SRA: https://www.ncbi.nlm.nih.gov/sra?term=SRX9633453","NONE","42","0","NA","Female","Liver"
"GSM4957370","nash149_F1 548nash149","GSM4957370","Public on Jun 11 2021","Dec 04 2020","Jun 11 2021","SRA","1","Liver biopsy","Homo sapiens","tissue: Liver","age: 26","Sex: Female","fibrosis stage: 1","nas score: NA","total RNA","none provided by the submitter","9606","nash149_F1","All samples were processed using an RNA-seq pipeline implemented in the bcbio-nextgen project (https://bcbio-nextgen.readthedocs.org/en/latest/). Raw reads were examined for quality issues using FastQC. (http://www.bioinformatics.babraham.ac.uk/projects/fastqc/) to ensure library generation and sequencing were suitable for further analysis.","Reads were mapped to reference genome hg19 using Salmon to get the raw count data","Genome_build: hg19","Supplementary_files_format_and_content: csv, raw counts from RNA-Seq","GPL21290","Zhu,,Zhuo","zzhuo@hsph.harvard.edu","Harvard Bioinformatics Core","Department of Biostatistics","Harvard TH Chan School of Public Health","401 Park Dr","Boston","MA","02130","USA","0","Illumina HiSeq 3000","cDNA","transcriptomic","RNA-Seq","BioSample: https://www.ncbi.nlm.nih.gov/biosample/SAMN17004323","SRA: https://www.ncbi.nlm.nih.gov/sra?term=SRX9633454","NONE","26","1","NA","Female","Liver"
"GSM4957371","nash1_F0 548nash15","GSM4957371","Public on Jun 11 2021","Dec 04 2020","Jun 11 2021","SRA","1","Liver biopsy","Homo sapiens","tissue: Liver","age: 35","Sex: Male","fibrosis stage: 0","nas score: 3","total RNA","none provided by the submitter","9606","nash1_F0","All samples were processed using an RNA-seq pipeline implemented in the bcbio-nextgen project (https://bcbio-nextgen.readthedocs.org/en/latest/). Raw reads were examined for quality issues using FastQC. (http://www.bioinformatics.babraham.ac.uk/projects/fastqc/) to ensure library generation and sequencing were suitable for further analysis.","Reads were mapped to reference genome hg19 using Salmon to get the raw count data","Genome_build: hg19","Supplementary_files_format_and_content: csv, raw counts from RNA-Seq","GPL21290","Zhu,,Zhuo","zzhuo@hsph.harvard.edu","Harvard Bioinformatics Core","Department of Biostatistics","Harvard TH Chan School of Public Health","401 Park Dr","Boston","MA","02130","USA","0","Illumina HiSeq 3000","cDNA","transcriptomic","RNA-Seq","BioSample: https://www.ncbi.nlm.nih.gov/biosample/SAMN17004322","SRA: https://www.ncbi.nlm.nih.gov/sra?term=SRX9633455","NONE","35","0","3","Male","Liver"
"GSM4957372","nash150_F0 548nash150","GSM4957372","Public on Jun 11 2021","Dec 04 2020","Jun 11 2021","SRA","1","Liver biopsy","Homo sapiens","tissue: Liver","age: 53","Sex: Female","fibrosis stage: 0","nas score: NA","total RNA","none provided by the submitter","9606","nash150_F0","All samples were processed using an RNA-seq pipeline implemented in the bcbio-nextgen project (https://bcbio-nextgen.readthedocs.org/en/latest/). Raw reads were examined for quality issues using FastQC. (http://www.bioinformatics.babraham.ac.uk/projects/fastqc/) to ensure library generation and sequencing were suitable for further analysis.","Reads were mapped to reference genome hg19 using Salmon to get the raw count data","Genome_build: hg19","Supplementary_files_format_and_content: csv, raw counts from RNA-Seq","GPL21290","Zhu,,Zhuo","zzhuo@hsph.harvard.edu","Harvard Bioinformatics Core","Department of Biostatistics","Harvard TH Chan School of Public Health","401 Park Dr","Boston","MA","02130","USA","0","Illumina HiSeq 3000","cDNA","transcriptomic","RNA-Seq","BioSample: https://www.ncbi.nlm.nih.gov/biosample/SAMN17004321","SRA: https://www.ncbi.nlm.nih.gov/sra?term=SRX9633456","NONE","53","0","NA","Female","Liver"
"GSM4957373","nash151_F0 548nash151","GSM4957373","Public on Jun 11 2021","Dec 04 2020","Jun 11 2021","SRA","1","Liver biopsy","Homo sapiens","tissue: Liver","age: 45","Sex: Female","fibrosis stage: 0","nas score: NA","total RNA","none provided by the submitter","9606","nash151_F0","All samples were processed using an RNA-seq pipeline implemented in the bcbio-nextgen project (https://bcbio-nextgen.readthedocs.org/en/latest/). Raw reads were examined for quality issues using FastQC. (http://www.bioinformatics.babraham.ac.uk/projects/fastqc/) to ensure library generation and sequencing were suitable for further analysis.","Reads were mapped to reference genome hg19 using Salmon to get the raw count data","Genome_build: hg19","Supplementary_files_format_and_content: csv, raw counts from RNA-Seq","GPL21290","Zhu,,Zhuo","zzhuo@hsph.harvard.edu","Harvard Bioinformatics Core","Department of Biostatistics","Harvard TH Chan School of Public Health","401 Park Dr","Boston","MA","02130","USA","0","Illumina HiSeq 3000","cDNA","transcriptomic","RNA-Seq","BioSample: https://www.ncbi.nlm.nih.gov/biosample/SAMN17004320","SRA: https://www.ncbi.nlm.nih.gov/sra?term=SRX9633457","NONE","45","0","NA","Female","Liver"
"GSM4957374","nash153_F3 548nash153","GSM4957374","Public on Jun 11 2021","Dec 04 2020","Jun 11 2021","SRA","1","Liver biopsy","Homo sapiens","tissue: Liver","age: 55","Sex: Female","fibrosis stage: 3","nas score: NA","total RNA","none provided by the submitter","9606","nash153_F3","All samples were processed using an RNA-seq pipeline implemented in the bcbio-nextgen project (https://bcbio-nextgen.readthedocs.org/en/latest/). Raw reads were examined for quality issues using FastQC. (http://www.bioinformatics.babraham.ac.uk/projects/fastqc/) to ensure library generation and sequencing were suitable for further analysis.","Reads were mapped to reference genome hg19 using Salmon to get the raw count data","Genome_build: hg19","Supplementary_files_format_and_content: csv, raw counts from RNA-Seq","GPL21290","Zhu,,Zhuo","zzhuo@hsph.harvard.edu","Harvard Bioinformatics Core","Department of Biostatistics","Harvard TH Chan School of Public Health","401 Park Dr","Boston","MA","02130","USA","0","Illumina HiSeq 3000","cDNA","transcriptomic","RNA-Seq","BioSample: https://www.ncbi.nlm.nih.gov/biosample/SAMN17004319","SRA: https://www.ncbi.nlm.nih.gov/sra?term=SRX9633458","NONE","55","3","NA","Female","Liver"
"GSM4957375","nash1_F0 548nash154","GSM4957375","Public on Jun 11 2021","Dec 04 2020","Jun 11 2021","SRA","1","Liver biopsy","Homo sapiens","tissue: Liver","age: 52","Sex: Female","fibrosis stage: 0","nas score: NA","total RNA","none provided by the submitter","9606","nash1_F0","All samples were processed using an RNA-seq pipeline implemented in the bcbio-nextgen project (https://bcbio-nextgen.readthedocs.org/en/latest/). Raw reads were examined for quality issues using FastQC. (http://www.bioinformatics.babraham.ac.uk/projects/fastqc/) to ensure library generation and sequencing were suitable for further analysis.","Reads were mapped to reference genome hg19 using Salmon to get the raw count data","Genome_build: hg19","Supplementary_files_format_and_content: csv, raw counts from RNA-Seq","GPL21290","Zhu,,Zhuo","zzhuo@hsph.harvard.edu","Harvard Bioinformatics Core","Department of Biostatistics","Harvard TH Chan School of Public Health","401 Park Dr","Boston","MA","02130","USA","0","Illumina HiSeq 3000","cDNA","transcriptomic","RNA-Seq","BioSample: https://www.ncbi.nlm.nih.gov/biosample/SAMN17004318","SRA: https://www.ncbi.nlm.nih.gov/sra?term=SRX9633459","NONE","52","0","NA","Female","Liver"
"GSM4957376","nash1_F1 548nash155","GSM4957376","Public on Jun 11 2021","Dec 04 2020","Jun 11 2021","SRA","1","Liver biopsy","Homo sapiens","tissue: Liver","age: 25","Sex: Male","fibrosis stage: 1","nas score: NA","total RNA","none provided by the submitter","9606","nash1_F1","All samples were processed using an RNA-seq pipeline implemented in the bcbio-nextgen project (https://bcbio-nextgen.readthedocs.org/en/latest/). Raw reads were examined for quality issues using FastQC. (http://www.bioinformatics.babraham.ac.uk/projects/fastqc/) to ensure library generation and sequencing were suitable for further analysis.","Reads were mapped to reference genome hg19 using Salmon to get the raw count data","Genome_build: hg19","Supplementary_files_format_and_content: csv, raw counts from RNA-Seq","GPL21290","Zhu,,Zhuo","zzhuo@hsph.harvard.edu","Harvard Bioinformatics Core","Department of Biostatistics","Harvard TH Chan School of Public Health","401 Park Dr","Boston","MA","02130","USA","0","Illumina HiSeq 3000","cDNA","transcriptomic","RNA-Seq","BioSample: https://www.ncbi.nlm.nih.gov/biosample/SAMN17004317","SRA: https://www.ncbi.nlm.nih.gov/sra?term=SRX9633460","NONE","25","1","NA","Male","Liver"
"GSM4957377","nash156_F1 548nash156","GSM4957377","Public on Jun 11 2021","Dec 04 2020","Jun 11 2021","SRA","1","Liver biopsy","Homo sapiens","tissue: Liver","age: 44","Sex: Male","fibrosis stage: 1","nas score: NA","total RNA","none provided by the submitter","9606","nash156_F1","All samples were processed using an RNA-seq pipeline implemented in the bcbio-nextgen project (https://bcbio-nextgen.readthedocs.org/en/latest/). Raw reads were examined for quality issues using FastQC. (http://www.bioinformatics.babraham.ac.uk/projects/fastqc/) to ensure library generation and sequencing were suitable for further analysis.","Reads were mapped to reference genome hg19 using Salmon to get the raw count data","Genome_build: hg19","Supplementary_files_format_and_content: csv, raw counts from RNA-Seq","GPL21290","Zhu,,Zhuo","zzhuo@hsph.harvard.edu","Harvard Bioinformatics Core","Department of Biostatistics","Harvard TH Chan School of Public Health","401 Park Dr","Boston","MA","02130","USA","0","Illumina HiSeq 3000","cDNA","transcriptomic","RNA-Seq","BioSample: https://www.ncbi.nlm.nih.gov/biosample/SAMN17004316","SRA: https://www.ncbi.nlm.nih.gov/sra?term=SRX9633461","NONE","44","1","NA","Male","Liver"
"GSM4957378","nash157_F0 548nash157","GSM4957378","Public on Jun 11 2021","Dec 04 2020","Jun 11 2021","SRA","1","Liver biopsy","Homo sapiens","tissue: Liver","age: 51","Sex: Male","fibrosis stage: 0","nas score: NA","total RNA","none provided by the submitter","9606","nash157_F0","All samples were processed using an RNA-seq pipeline implemented in the bcbio-nextgen project (https://bcbio-nextgen.readthedocs.org/en/latest/). Raw reads were examined for quality issues using FastQC. (http://www.bioinformatics.babraham.ac.uk/projects/fastqc/) to ensure library generation and sequencing were suitable for further analysis.","Reads were mapped to reference genome hg19 using Salmon to get the raw count data","Genome_build: hg19","Supplementary_files_format_and_content: csv, raw counts from RNA-Seq","GPL21290","Zhu,,Zhuo","zzhuo@hsph.harvard.edu","Harvard Bioinformatics Core","Department of Biostatistics","Harvard TH Chan School of Public Health","401 Park Dr","Boston","MA","02130","USA","0","Illumina HiSeq 3000","cDNA","transcriptomic","RNA-Seq","BioSample: https://www.ncbi.nlm.nih.gov/biosample/SAMN17004311","SRA: https://www.ncbi.nlm.nih.gov/sra?term=SRX9633462","NONE","51","0","NA","Male","Liver"
"GSM4957379","nash1_F0 548nash158","GSM4957379","Public on Jun 11 2021","Dec 04 2020","Jun 11 2021","SRA","1","Liver biopsy","Homo sapiens","tissue: Liver","age: 28","Sex: Female","fibrosis stage: 0","nas score: NA","total RNA","none provided by the submitter","9606","nash1_F0","All samples were processed using an RNA-seq pipeline implemented in the bcbio-nextgen project (https://bcbio-nextgen.readthedocs.org/en/latest/). Raw reads were examined for quality issues using FastQC. (http://www.bioinformatics.babraham.ac.uk/projects/fastqc/) to ensure library generation and sequencing were suitable for further analysis.","Reads were mapped to reference genome hg19 using Salmon to get the raw count data","Genome_build: hg19","Supplementary_files_format_and_content: csv, raw counts from RNA-Seq","GPL21290","Zhu,,Zhuo","zzhuo@hsph.harvard.edu","Harvard Bioinformatics Core","Department of Biostatistics","Harvard TH Chan School of Public Health","401 Park Dr","Boston","MA","02130","USA","0","Illumina HiSeq 3000","cDNA","transcriptomic","RNA-Seq","BioSample: https://www.ncbi.nlm.nih.gov/biosample/SAMN17004310","SRA: https://www.ncbi.nlm.nih.gov/sra?term=SRX9633463","NONE","28","0","NA","Female","Liver"
"GSM4957380","nash159_F0 548nash159","GSM4957380","Public on Jun 11 2021","Dec 04 2020","Jun 11 2021","SRA","1","Liver biopsy","Homo sapiens","tissue: Liver","age: 57","Sex: Female","fibrosis stage: 0","nas score: NA","total RNA","none provided by the submitter","9606","nash159_F0","All samples were processed using an RNA-seq pipeline implemented in the bcbio-nextgen project (https://bcbio-nextgen.readthedocs.org/en/latest/). Raw reads were examined for quality issues using FastQC. (http://www.bioinformatics.babraham.ac.uk/projects/fastqc/) to ensure library generation and sequencing were suitable for further analysis.","Reads were mapped to reference genome hg19 using Salmon to get the raw count data","Genome_build: hg19","Supplementary_files_format_and_content: csv, raw counts from RNA-Seq","GPL21290","Zhu,,Zhuo","zzhuo@hsph.harvard.edu","Harvard Bioinformatics Core","Department of Biostatistics","Harvard TH Chan School of Public Health","401 Park Dr","Boston","MA","02130","USA","0","Illumina HiSeq 3000","cDNA","transcriptomic","RNA-Seq","BioSample: https://www.ncbi.nlm.nih.gov/biosample/SAMN17004309","SRA: https://www.ncbi.nlm.nih.gov/sra?term=SRX9633464","NONE","57","0","NA","Female","Liver"
"GSM4957381","nash16_F1 548nash16","GSM4957381","Public on Jun 11 2021","Dec 04 2020","Jun 11 2021","SRA","1","Liver biopsy","Homo sapiens","tissue: Liver","age: 37","Sex: Male","fibrosis stage: 1","nas score: 5","total RNA","none provided by the submitter","9606","nash16_F1","All samples were processed using an RNA-seq pipeline implemented in the bcbio-nextgen project (https://bcbio-nextgen.readthedocs.org/en/latest/). Raw reads were examined for quality issues using FastQC. (http://www.bioinformatics.babraham.ac.uk/projects/fastqc/) to ensure library generation and sequencing were suitable for further analysis.","Reads were mapped to reference genome hg19 using Salmon to get the raw count data","Genome_build: hg19","Supplementary_files_format_and_content: csv, raw counts from RNA-Seq","GPL21290","Zhu,,Zhuo","zzhuo@hsph.harvard.edu","Harvard Bioinformatics Core","Department of Biostatistics","Harvard TH Chan School of Public Health","401 Park Dr","Boston","MA","02130","USA","0","Illumina HiSeq 3000","cDNA","transcriptomic","RNA-Seq","BioSample: https://www.ncbi.nlm.nih.gov/biosample/SAMN17004315","SRA: https://www.ncbi.nlm.nih.gov/sra?term=SRX9633465","NONE","37","1","5","Male","Liver"
"GSM4957382","nash160_F0 548nash160","GSM4957382","Public on Jun 11 2021","Dec 04 2020","Jun 11 2021","SRA","1","Liver biopsy","Homo sapiens","tissue: Liver","age: 57","Sex: Female","fibrosis stage: 0","nas score: NA","total RNA","none provided by the submitter","9606","nash160_F0","All samples were processed using an RNA-seq pipeline implemented in the bcbio-nextgen project (https://bcbio-nextgen.readthedocs.org/en/latest/). Raw reads were examined for quality issues using FastQC. (http://www.bioinformatics.babraham.ac.uk/projects/fastqc/) to ensure library generation and sequencing were suitable for further analysis.","Reads were mapped to reference genome hg19 using Salmon to get the raw count data","Genome_build: hg19","Supplementary_files_format_and_content: csv, raw counts from RNA-Seq","GPL21290","Zhu,,Zhuo","zzhuo@hsph.harvard.edu","Harvard Bioinformatics Core","Department of Biostatistics","Harvard TH Chan School of Public Health","401 Park Dr","Boston","MA","02130","USA","0","Illumina HiSeq 3000","cDNA","transcriptomic","RNA-Seq","BioSample: https://www.ncbi.nlm.nih.gov/biosample/SAMN17004314","SRA: https://www.ncbi.nlm.nih.gov/sra?term=SRX9633466","NONE","57","0","NA","Female","Liver"
"GSM4957383","nash17_F1 548nash17","GSM4957383","Public on Jun 11 2021","Dec 04 2020","Jun 11 2021","SRA","1","Liver biopsy","Homo sapiens","tissue: Liver","age: 66","Sex: Female","fibrosis stage: 1","nas score: 4","total RNA","none provided by the submitter","9606","nash17_F1","All samples were processed using an RNA-seq pipeline implemented in the bcbio-nextgen project (https://bcbio-nextgen.readthedocs.org/en/latest/). Raw reads were examined for quality issues using FastQC. (http://www.bioinformatics.babraham.ac.uk/projects/fastqc/) to ensure library generation and sequencing were suitable for further analysis.","Reads were mapped to reference genome hg19 using Salmon to get the raw count data","Genome_build: hg19","Supplementary_files_format_and_content: csv, raw counts from RNA-Seq","GPL21290","Zhu,,Zhuo","zzhuo@hsph.harvard.edu","Harvard Bioinformatics Core","Department of Biostatistics","Harvard TH Chan School of Public Health","401 Park Dr","Boston","MA","02130","USA","0","Illumina HiSeq 3000","cDNA","transcriptomic","RNA-Seq","BioSample: https://www.ncbi.nlm.nih.gov/biosample/SAMN17004313","SRA: https://www.ncbi.nlm.nih.gov/sra?term=SRX9633467","NONE","66","1","4","Female","Liver"
"GSM4957384","nash19_F2 548nash19","GSM4957384","Public on Jun 11 2021","Dec 04 2020","Jun 11 2021","SRA","1","Liver biopsy","Homo sapiens","tissue: Liver","age: 42","Sex: Male","fibrosis stage: 2","nas score: 4","total RNA","none provided by the submitter","9606","nash19_F2","All samples were processed using an RNA-seq pipeline implemented in the bcbio-nextgen project (https://bcbio-nextgen.readthedocs.org/en/latest/). Raw reads were examined for quality issues using FastQC. (http://www.bioinformatics.babraham.ac.uk/projects/fastqc/) to ensure library generation and sequencing were suitable for further analysis.","Reads were mapped to reference genome hg19 using Salmon to get the raw count data","Genome_build: hg19","Supplementary_files_format_and_content: csv, raw counts from RNA-Seq","GPL21290","Zhu,,Zhuo","zzhuo@hsph.harvard.edu","Harvard Bioinformatics Core","Department of Biostatistics","Harvard TH Chan School of Public Health","401 Park Dr","Boston","MA","02130","USA","0","Illumina HiSeq 3000","cDNA","transcriptomic","RNA-Seq","BioSample: https://www.ncbi.nlm.nih.gov/biosample/SAMN17004312","SRA: https://www.ncbi.nlm.nih.gov/sra?term=SRX9633468","NONE","42","2","4","Male","Liver"
"GSM4957385","nash2_F2 548nash2","GSM4957385","Public on Jun 11 2021","Dec 04 2020","Jun 11 2021","SRA","1","Liver biopsy","Homo sapiens","tissue: Liver","age: 57","Sex: Female","fibrosis stage: 2","nas score: 4","total RNA","none provided by the submitter","9606","nash2_F2","All samples were processed using an RNA-seq pipeline implemented in the bcbio-nextgen project (https://bcbio-nextgen.readthedocs.org/en/latest/). Raw reads were examined for quality issues using FastQC. (http://www.bioinformatics.babraham.ac.uk/projects/fastqc/) to ensure library generation and sequencing were suitable for further analysis.","Reads were mapped to reference genome hg19 using Salmon to get the raw count data","Genome_build: hg19","Supplementary_files_format_and_content: csv, raw counts from RNA-Seq","GPL21290","Zhu,,Zhuo","zzhuo@hsph.harvard.edu","Harvard Bioinformatics Core","Department of Biostatistics","Harvard TH Chan School of Public Health","401 Park Dr","Boston","MA","02130","USA","0","Illumina HiSeq 3000","cDNA","transcriptomic","RNA-Seq","BioSample: https://www.ncbi.nlm.nih.gov/biosample/SAMN17004308","SRA: https://www.ncbi.nlm.nih.gov/sra?term=SRX9633469","NONE","57","2","4","Female","Liver"
"GSM4957386","nash21_F0 548nash21","GSM4957386","Public on Jun 11 2021","Dec 04 2020","Jun 11 2021","SRA","1","Liver biopsy","Homo sapiens","tissue: Liver","age: 65","Sex: Male","fibrosis stage: 0","nas score: 3","total RNA","none provided by the submitter","9606","nash21_F0","All samples were processed using an RNA-seq pipeline implemented in the bcbio-nextgen project (https://bcbio-nextgen.readthedocs.org/en/latest/). Raw reads were examined for quality issues using FastQC. (http://www.bioinformatics.babraham.ac.uk/projects/fastqc/) to ensure library generation and sequencing were suitable for further analysis.","Reads were mapped to reference genome hg19 using Salmon to get the raw count data","Genome_build: hg19","Supplementary_files_format_and_content: csv, raw counts from RNA-Seq","GPL21290","Zhu,,Zhuo","zzhuo@hsph.harvard.edu","Harvard Bioinformatics Core","Department of Biostatistics","Harvard TH Chan School of Public Health","401 Park Dr","Boston","MA","02130","USA","0","Illumina HiSeq 3000","cDNA","transcriptomic","RNA-Seq","BioSample: https://www.ncbi.nlm.nih.gov/biosample/SAMN17004307","SRA: https://www.ncbi.nlm.nih.gov/sra?term=SRX9633470","NONE","65","0","3","Male","Liver"
"GSM4957387","nash22_F1 548nash22","GSM4957387","Public on Jun 11 2021","Dec 04 2020","Jun 11 2021","SRA","1","Liver biopsy","Homo sapiens","tissue: Liver","age: 54","Sex: Male","fibrosis stage: 1","nas score: 5","total RNA","none provided by the submitter","9606","nash22_F1","All samples were processed using an RNA-seq pipeline implemented in the bcbio-nextgen project (https://bcbio-nextgen.readthedocs.org/en/latest/). Raw reads were examined for quality issues using FastQC. (http://www.bioinformatics.babraham.ac.uk/projects/fastqc/) to ensure library generation and sequencing were suitable for further analysis.","Reads were mapped to reference genome hg19 using Salmon to get the raw count data","Genome_build: hg19","Supplementary_files_format_and_content: csv, raw counts from RNA-Seq","GPL21290","Zhu,,Zhuo","zzhuo@hsph.harvard.edu","Harvard Bioinformatics Core","Department of Biostatistics","Harvard TH Chan School of Public Health","401 Park Dr","Boston","MA","02130","USA","0","Illumina HiSeq 3000","cDNA","transcriptomic","RNA-Seq","BioSample: https://www.ncbi.nlm.nih.gov/biosample/SAMN17004306","SRA: https://www.ncbi.nlm.nih.gov/sra?term=SRX9633471","NONE","54","1","5","Male","Liver"
"GSM4957388","nash23_F0 548nash23","GSM4957388","Public on Jun 11 2021","Dec 04 2020","Jun 11 2021","SRA","1","Liver biopsy","Homo sapiens","tissue: Liver","age: 53","Sex: Female","fibrosis stage: 0","nas score: 2","total RNA","none provided by the submitter","9606","nash23_F0","All samples were processed using an RNA-seq pipeline implemented in the bcbio-nextgen project (https://bcbio-nextgen.readthedocs.org/en/latest/). Raw reads were examined for quality issues using FastQC. (http://www.bioinformatics.babraham.ac.uk/projects/fastqc/) to ensure library generation and sequencing were suitable for further analysis.","Reads were mapped to reference genome hg19 using Salmon to get the raw count data","Genome_build: hg19","Supplementary_files_format_and_content: csv, raw counts from RNA-Seq","GPL21290","Zhu,,Zhuo","zzhuo@hsph.harvard.edu","Harvard Bioinformatics Core","Department of Biostatistics","Harvard TH Chan School of Public Health","401 Park Dr","Boston","MA","02130","USA","0","Illumina HiSeq 3000","cDNA","transcriptomic","RNA-Seq","BioSample: https://www.ncbi.nlm.nih.gov/biosample/SAMN17004340","SRA: https://www.ncbi.nlm.nih.gov/sra?term=SRX9633472","NONE","53","0","2","Female","Liver"
"GSM4957389","nash2_F0 548nash24","GSM4957389","Public on Jun 11 2021","Dec 04 2020","Jun 11 2021","SRA","1","Liver biopsy","Homo sapiens","tissue: Liver","age: 20","Sex: Female","fibrosis stage: 0","nas score: 1","total RNA","none provided by the submitter","9606","nash2_F0","All samples were processed using an RNA-seq pipeline implemented in the bcbio-nextgen project (https://bcbio-nextgen.readthedocs.org/en/latest/). Raw reads were examined for quality issues using FastQC. (http://www.bioinformatics.babraham.ac.uk/projects/fastqc/) to ensure library generation and sequencing were suitable for further analysis.","Reads were mapped to reference genome hg19 using Salmon to get the raw count data","Genome_build: hg19","Supplementary_files_format_and_content: csv, raw counts from RNA-Seq","GPL21290","Zhu,,Zhuo","zzhuo@hsph.harvard.edu","Harvard Bioinformatics Core","Department of Biostatistics","Harvard TH Chan School of Public Health","401 Park Dr","Boston","MA","02130","USA","0","Illumina HiSeq 3000","cDNA","transcriptomic","RNA-Seq","BioSample: https://www.ncbi.nlm.nih.gov/biosample/SAMN17004339","SRA: https://www.ncbi.nlm.nih.gov/sra?term=SRX9633473","NONE","20","0","1","Female","Liver"
"GSM4957390","nash2_F2 548nash25","GSM4957390","Public on Jun 11 2021","Dec 04 2020","Jun 11 2021","SRA","1","Liver biopsy","Homo sapiens","tissue: Liver","age: 20","Sex: Female","fibrosis stage: 2","nas score: 5","total RNA","none provided by the submitter","9606","nash2_F2","All samples were processed using an RNA-seq pipeline implemented in the bcbio-nextgen project (https://bcbio-nextgen.readthedocs.org/en/latest/). Raw reads were examined for quality issues using FastQC. (http://www.bioinformatics.babraham.ac.uk/projects/fastqc/) to ensure library generation and sequencing were suitable for further analysis.","Reads were mapped to reference genome hg19 using Salmon to get the raw count data","Genome_build: hg19","Supplementary_files_format_and_content: csv, raw counts from RNA-Seq","GPL21290","Zhu,,Zhuo","zzhuo@hsph.harvard.edu","Harvard Bioinformatics Core","Department of Biostatistics","Harvard TH Chan School of Public Health","401 Park Dr","Boston","MA","02130","USA","0","Illumina HiSeq 3000","cDNA","transcriptomic","RNA-Seq","BioSample: https://www.ncbi.nlm.nih.gov/biosample/SAMN17004338","SRA: https://www.ncbi.nlm.nih.gov/sra?term=SRX9633474","NONE","20","2","5","Female","Liver"
"GSM4957391","nash26_N 548nash26","GSM4957391","Public on Jun 11 2021","Dec 04 2020","Jun 11 2021","SRA","1","Liver biopsy","Homo sapiens","tissue: Liver","age: 61","Sex: Female","fibrosis stage: normal liver histology","nas score: 0","total RNA","none provided by the submitter","9606","nash26_N","All samples were processed using an RNA-seq pipeline implemented in the bcbio-nextgen project (https://bcbio-nextgen.readthedocs.org/en/latest/). Raw reads were examined for quality issues using FastQC. (http://www.bioinformatics.babraham.ac.uk/projects/fastqc/) to ensure library generation and sequencing were suitable for further analysis.","Reads were mapped to reference genome hg19 using Salmon to get the raw count data","Genome_build: hg19","Supplementary_files_format_and_content: csv, raw counts from RNA-Seq","GPL21290","Zhu,,Zhuo","zzhuo@hsph.harvard.edu","Harvard Bioinformatics Core","Department of Biostatistics","Harvard TH Chan School of Public Health","401 Park Dr","Boston","MA","02130","USA","0","Illumina HiSeq 3000","cDNA","transcriptomic","RNA-Seq","BioSample: https://www.ncbi.nlm.nih.gov/biosample/SAMN17004337","SRA: https://www.ncbi.nlm.nih.gov/sra?term=SRX9633475","NONE","61","normal liver histology","0","Female","Liver"
"GSM4957392","nash27_F1 548nash27","GSM4957392","Public on Jun 11 2021","Dec 04 2020","Jun 11 2021","SRA","1","Liver biopsy","Homo sapiens","tissue: Liver","age: 40","Sex: Male","fibrosis stage: 1","nas score: 5","total RNA","none provided by the submitter","9606","nash27_F1","All samples were processed using an RNA-seq pipeline implemented in the bcbio-nextgen project (https://bcbio-nextgen.readthedocs.org/en/latest/). Raw reads were examined for quality issues using FastQC. (http://www.bioinformatics.babraham.ac.uk/projects/fastqc/) to ensure library generation and sequencing were suitable for further analysis.","Reads were mapped to reference genome hg19 using Salmon to get the raw count data","Genome_build: hg19","Supplementary_files_format_and_content: csv, raw counts from RNA-Seq","GPL21290","Zhu,,Zhuo","zzhuo@hsph.harvard.edu","Harvard Bioinformatics Core","Department of Biostatistics","Harvard TH Chan School of Public Health","401 Park Dr","Boston","MA","02130","USA","0","Illumina HiSeq 3000","cDNA","transcriptomic","RNA-Seq","BioSample: https://www.ncbi.nlm.nih.gov/biosample/SAMN17004336","SRA: https://www.ncbi.nlm.nih.gov/sra?term=SRX9633476","NONE","40","1","5","Male","Liver"
"GSM4957393","nash2_F1 548nash28","GSM4957393","Public on Jun 11 2021","Dec 04 2020","Jun 11 2021","SRA","1","Liver biopsy","Homo sapiens","tissue: Liver","age: 64","Sex: Female","fibrosis stage: 1","nas score: 6","total RNA","none provided by the submitter","9606","nash2_F1","All samples were processed using an RNA-seq pipeline implemented in the bcbio-nextgen project (https://bcbio-nextgen.readthedocs.org/en/latest/). Raw reads were examined for quality issues using FastQC. (http://www.bioinformatics.babraham.ac.uk/projects/fastqc/) to ensure library generation and sequencing were suitable for further analysis.","Reads were mapped to reference genome hg19 using Salmon to get the raw count data","Genome_build: hg19","Supplementary_files_format_and_content: csv, raw counts from RNA-Seq","GPL21290","Zhu,,Zhuo","zzhuo@hsph.harvard.edu","Harvard Bioinformatics Core","Department of Biostatistics","Harvard TH Chan School of Public Health","401 Park Dr","Boston","MA","02130","USA","0","Illumina HiSeq 3000","cDNA","transcriptomic","RNA-Seq","BioSample: https://www.ncbi.nlm.nih.gov/biosample/SAMN17004335","SRA: https://www.ncbi.nlm.nih.gov/sra?term=SRX9633477","NONE","64","1","6","Female","Liver"
"GSM4957394","nash29_F0 548nash29","GSM4957394","Public on Jun 11 2021","Dec 04 2020","Jun 11 2021","SRA","1","Liver biopsy","Homo sapiens","tissue: Liver","age: 30","Sex: Female","fibrosis stage: 0","nas score: 3","total RNA","none provided by the submitter","9606","nash29_F0","All samples were processed using an RNA-seq pipeline implemented in the bcbio-nextgen project (https://bcbio-nextgen.readthedocs.org/en/latest/). Raw reads were examined for quality issues using FastQC. (http://www.bioinformatics.babraham.ac.uk/projects/fastqc/) to ensure library generation and sequencing were suitable for further analysis.","Reads were mapped to reference genome hg19 using Salmon to get the raw count data","Genome_build: hg19","Supplementary_files_format_and_content: csv, raw counts from RNA-Seq","GPL21290","Zhu,,Zhuo","zzhuo@hsph.harvard.edu","Harvard Bioinformatics Core","Department of Biostatistics","Harvard TH Chan School of Public Health","401 Park Dr","Boston","MA","02130","USA","0","Illumina HiSeq 3000","cDNA","transcriptomic","RNA-Seq","BioSample: https://www.ncbi.nlm.nih.gov/biosample/SAMN17004334","SRA: https://www.ncbi.nlm.nih.gov/sra?term=SRX9633478","NONE","30","0","3","Female","Liver"
"GSM4957395","nash3_F4 548nash3","GSM4957395","Public on Jun 11 2021","Dec 04 2020","Jun 11 2021","SRA","1","Liver biopsy","Homo sapiens","tissue: Liver","age: 61","Sex: Male","fibrosis stage: 4","nas score: 0","total RNA","none provided by the submitter","9606","nash3_F4","All samples were processed using an RNA-seq pipeline implemented in the bcbio-nextgen project (https://bcbio-nextgen.readthedocs.org/en/latest/). Raw reads were examined for quality issues using FastQC. (http://www.bioinformatics.babraham.ac.uk/projects/fastqc/) to ensure library generation and sequencing were suitable for further analysis.","Reads were mapped to reference genome hg19 using Salmon to get the raw count data","Genome_build: hg19","Supplementary_files_format_and_content: csv, raw counts from RNA-Seq","GPL21290","Zhu,,Zhuo","zzhuo@hsph.harvard.edu","Harvard Bioinformatics Core","Department of Biostatistics","Harvard TH Chan School of Public Health","401 Park Dr","Boston","MA","02130","USA","0","Illumina HiSeq 3000","cDNA","transcriptomic","RNA-Seq","BioSample: https://www.ncbi.nlm.nih.gov/biosample/SAMN17004333","SRA: https://www.ncbi.nlm.nih.gov/sra?term=SRX9633479","NONE","61","4","0","Male","Liver"
"GSM4957396","nash30_F2 548nash30","GSM4957396","Public on Jun 11 2021","Dec 04 2020","Jun 11 2021","SRA","1","Liver biopsy","Homo sapiens","tissue: Liver","age: 25","Sex: Female","fibrosis stage: 2","nas score: 7","total RNA","none provided by the submitter","9606","nash30_F2","All samples were processed using an RNA-seq pipeline implemented in the bcbio-nextgen project (https://bcbio-nextgen.readthedocs.org/en/latest/). Raw reads were examined for quality issues using FastQC. (http://www.bioinformatics.babraham.ac.uk/projects/fastqc/) to ensure library generation and sequencing were suitable for further analysis.","Reads were mapped to reference genome hg19 using Salmon to get the raw count data","Genome_build: hg19","Supplementary_files_format_and_content: csv, raw counts from RNA-Seq","GPL21290","Zhu,,Zhuo","zzhuo@hsph.harvard.edu","Harvard Bioinformatics Core","Department of Biostatistics","Harvard TH Chan School of Public Health","401 Park Dr","Boston","MA","02130","USA","0","Illumina HiSeq 3000","cDNA","transcriptomic","RNA-Seq","BioSample: https://www.ncbi.nlm.nih.gov/biosample/SAMN17004332","SRA: https://www.ncbi.nlm.nih.gov/sra?term=SRX9633480","NONE","25","2","7","Female","Liver"
"GSM4957397","nash31_F0 548nash31","GSM4957397","Public on Jun 11 2021","Dec 04 2020","Jun 11 2021","SRA","1","Liver biopsy","Homo sapiens","tissue: Liver","age: 54","Sex: Female","fibrosis stage: 0","nas score: 4","total RNA","none provided by the submitter","9606","nash31_F0","All samples were processed using an RNA-seq pipeline implemented in the bcbio-nextgen project (https://bcbio-nextgen.readthedocs.org/en/latest/). Raw reads were examined for quality issues using FastQC. (http://www.bioinformatics.babraham.ac.uk/projects/fastqc/) to ensure library generation and sequencing were suitable for further analysis.","Reads were mapped to reference genome hg19 using Salmon to get the raw count data","Genome_build: hg19","Supplementary_files_format_and_content: csv, raw counts from RNA-Seq","GPL21290","Zhu,,Zhuo","zzhuo@hsph.harvard.edu","Harvard Bioinformatics Core","Department of Biostatistics","Harvard TH Chan School of Public Health","401 Park Dr","Boston","MA","02130","USA","0","Illumina HiSeq 3000","cDNA","transcriptomic","RNA-Seq","BioSample: https://www.ncbi.nlm.nih.gov/biosample/SAMN17004331","SRA: https://www.ncbi.nlm.nih.gov/sra?term=SRX9633481","NONE","54","0","4","Female","Liver"
"GSM4957398","nash32_N 548nash32","GSM4957398","Public on Jun 11 2021","Dec 04 2020","Jun 11 2021","SRA","1","Liver biopsy","Homo sapiens","tissue: Liver","age: 50","Sex: Male","fibrosis stage: normal liver histology","nas score: 0","total RNA","none provided by the submitter","9606","nash32_N","All samples were processed using an RNA-seq pipeline implemented in the bcbio-nextgen project (https://bcbio-nextgen.readthedocs.org/en/latest/). Raw reads were examined for quality issues using FastQC. (http://www.bioinformatics.babraham.ac.uk/projects/fastqc/) to ensure library generation and sequencing were suitable for further analysis.","Reads were mapped to reference genome hg19 using Salmon to get the raw count data","Genome_build: hg19","Supplementary_files_format_and_content: csv, raw counts from RNA-Seq","GPL21290","Zhu,,Zhuo","zzhuo@hsph.harvard.edu","Harvard Bioinformatics Core","Department of Biostatistics","Harvard TH Chan School of Public Health","401 Park Dr","Boston","MA","02130","USA","0","Illumina HiSeq 3000","cDNA","transcriptomic","RNA-Seq","BioSample: https://www.ncbi.nlm.nih.gov/biosample/SAMN17004330","SRA: https://www.ncbi.nlm.nih.gov/sra?term=SRX9633482","NONE","50","normal liver histology","0","Male","Liver"
"GSM4957399","nash33_F0 548nash33","GSM4957399","Public on Jun 11 2021","Dec 04 2020","Jun 11 2021","SRA","1","Liver biopsy","Homo sapiens","tissue: Liver","age: 28","Sex: Female","fibrosis stage: 0","nas score: 1","total RNA","none provided by the submitter","9606","nash33_F0","All samples were processed using an RNA-seq pipeline implemented in the bcbio-nextgen project (https://bcbio-nextgen.readthedocs.org/en/latest/). Raw reads were examined for quality issues using FastQC. (http://www.bioinformatics.babraham.ac.uk/projects/fastqc/) to ensure library generation and sequencing were suitable for further analysis.","Reads were mapped to reference genome hg19 using Salmon to get the raw count data","Genome_build: hg19","Supplementary_files_format_and_content: csv, raw counts from RNA-Seq","GPL21290","Zhu,,Zhuo","zzhuo@hsph.harvard.edu","Harvard Bioinformatics Core","Department of Biostatistics","Harvard TH Chan School of Public Health","401 Park Dr","Boston","MA","02130","USA","0","Illumina HiSeq 3000","cDNA","transcriptomic","RNA-Seq","BioSample: https://www.ncbi.nlm.nih.gov/biosample/SAMN17004329","SRA: https://www.ncbi.nlm.nih.gov/sra?term=SRX9633483","NONE","28","0","1","Female","Liver"
"GSM4957400","nash3_F2 548nash34","GSM4957400","Public on Jun 11 2021","Dec 04 2020","Jun 11 2021","SRA","1","Liver biopsy","Homo sapiens","tissue: Liver","age: 33","Sex: Female","fibrosis stage: 2","nas score: 7","total RNA","none provided by the submitter","9606","nash3_F2","All samples were processed using an RNA-seq pipeline implemented in the bcbio-nextgen project (https://bcbio-nextgen.readthedocs.org/en/latest/). Raw reads were examined for quality issues using FastQC. (http://www.bioinformatics.babraham.ac.uk/projects/fastqc/) to ensure library generation and sequencing were suitable for further analysis.","Reads were mapped to reference genome hg19 using Salmon to get the raw count data","Genome_build: hg19","Supplementary_files_format_and_content: csv, raw counts from RNA-Seq","GPL21290","Zhu,,Zhuo","zzhuo@hsph.harvard.edu","Harvard Bioinformatics Core","Department of Biostatistics","Harvard TH Chan School of Public Health","401 Park Dr","Boston","MA","02130","USA","0","Illumina HiSeq 3000","cDNA","transcriptomic","RNA-Seq","BioSample: https://www.ncbi.nlm.nih.gov/biosample/SAMN17004328","SRA: https://www.ncbi.nlm.nih.gov/sra?term=SRX9633484","NONE","33","2","7","Female","Liver"
"GSM4957401","nash3_F0 548nash35","GSM4957401","Public on Jun 11 2021","Dec 04 2020","Jun 11 2021","SRA","1","Liver biopsy","Homo sapiens","tissue: Liver","age: 72","Sex: Female","fibrosis stage: 0","nas score: 3","total RNA","none provided by the submitter","9606","nash3_F0","All samples were processed using an RNA-seq pipeline implemented in the bcbio-nextgen project (https://bcbio-nextgen.readthedocs.org/en/latest/). Raw reads were examined for quality issues using FastQC. (http://www.bioinformatics.babraham.ac.uk/projects/fastqc/) to ensure library generation and sequencing were suitable for further analysis.","Reads were mapped to reference genome hg19 using Salmon to get the raw count data","Genome_build: hg19","Supplementary_files_format_and_content: csv, raw counts from RNA-Seq","GPL21290","Zhu,,Zhuo","zzhuo@hsph.harvard.edu","Harvard Bioinformatics Core","Department of Biostatistics","Harvard TH Chan School of Public Health","401 Park Dr","Boston","MA","02130","USA","0","Illumina HiSeq 3000","cDNA","transcriptomic","RNA-Seq","BioSample: https://www.ncbi.nlm.nih.gov/biosample/SAMN17004327","SRA: https://www.ncbi.nlm.nih.gov/sra?term=SRX9633485","NONE","72","0","3","Female","Liver"
"GSM4957402","nash36_N 548nash36","GSM4957402","Public on Jun 11 2021","Dec 04 2020","Jun 11 2021","SRA","1","Liver biopsy","Homo sapiens","tissue: Liver","age: 44","Sex: Female","fibrosis stage: normal liver histology","nas score: 0","total RNA","none provided by the submitter","9606","nash36_N","All samples were processed using an RNA-seq pipeline implemented in the bcbio-nextgen project (https://bcbio-nextgen.readthedocs.org/en/latest/). Raw reads were examined for quality issues using FastQC. (http://www.bioinformatics.babraham.ac.uk/projects/fastqc/) to ensure library generation and sequencing were suitable for further analysis.","Reads were mapped to reference genome hg19 using Salmon to get the raw count data","Genome_build: hg19","Supplementary_files_format_and_content: csv, raw counts from RNA-Seq","GPL21290","Zhu,,Zhuo","zzhuo@hsph.harvard.edu","Harvard Bioinformatics Core","Department of Biostatistics","Harvard TH Chan School of Public Health","401 Park Dr","Boston","MA","02130","USA","0","Illumina HiSeq 3000","cDNA","transcriptomic","RNA-Seq","BioSample: https://www.ncbi.nlm.nih.gov/biosample/SAMN17004326","SRA: https://www.ncbi.nlm.nih.gov/sra?term=SRX9633486","NONE","44","normal liver histology","0","Female","Liver"
"GSM4957403","nash37_F3 548nash37","GSM4957403","Public on Jun 11 2021","Dec 04 2020","Jun 11 2021","SRA","1","Liver biopsy","Homo sapiens","tissue: Liver","age: 45","Sex: Female","fibrosis stage: 3","nas score: 5","total RNA","none provided by the submitter","9606","nash37_F3","All samples were processed using an RNA-seq pipeline implemented in the bcbio-nextgen project (https://bcbio-nextgen.readthedocs.org/en/latest/). Raw reads were examined for quality issues using FastQC. (http://www.bioinformatics.babraham.ac.uk/projects/fastqc/) to ensure library generation and sequencing were suitable for further analysis.","Reads were mapped to reference genome hg19 using Salmon to get the raw count data","Genome_build: hg19","Supplementary_files_format_and_content: csv, raw counts from RNA-Seq","GPL21290","Zhu,,Zhuo","zzhuo@hsph.harvard.edu","Harvard Bioinformatics Core","Department of Biostatistics","Harvard TH Chan School of Public Health","401 Park Dr","Boston","MA","02130","USA","0","Illumina HiSeq 3000","cDNA","transcriptomic","RNA-Seq","BioSample: https://www.ncbi.nlm.nih.gov/biosample/SAMN17004325","SRA: https://www.ncbi.nlm.nih.gov/sra?term=SRX9633487","NONE","45","3","5","Female","Liver"
"GSM4957404","nash3_N 548nash38","GSM4957404","Public on Jun 11 2021","Dec 04 2020","Jun 11 2021","SRA","1","Liver biopsy","Homo sapiens","tissue: Liver","age: 28","Sex: Female","fibrosis stage: normal liver histology","nas score: 0","total RNA","none provided by the submitter","9606","nash3_N","All samples were processed using an RNA-seq pipeline implemented in the bcbio-nextgen project (https://bcbio-nextgen.readthedocs.org/en/latest/). Raw reads were examined for quality issues using FastQC. (http://www.bioinformatics.babraham.ac.uk/projects/fastqc/) to ensure library generation and sequencing were suitable for further analysis.","Reads were mapped to reference genome hg19 using Salmon to get the raw count data","Genome_build: hg19","Supplementary_files_format_and_content: csv, raw counts from RNA-Seq","GPL21290","Zhu,,Zhuo","zzhuo@hsph.harvard.edu","Harvard Bioinformatics Core","Department of Biostatistics","Harvard TH Chan School of Public Health","401 Park Dr","Boston","MA","02130","USA","0","Illumina HiSeq 3000","cDNA","transcriptomic","RNA-Seq","BioSample: https://www.ncbi.nlm.nih.gov/biosample/SAMN17004324","SRA: https://www.ncbi.nlm.nih.gov/sra?term=SRX9633488","NONE","28","normal liver histology","0","Female","Liver"
"GSM4957405","nash39_F0 548nash39","GSM4957405","Public on Jun 11 2021","Dec 04 2020","Jun 11 2021","SRA","1","Liver biopsy","Homo sapiens","tissue: Liver","age: 50","Sex: Male","fibrosis stage: 0","nas score: 1","total RNA","none provided by the submitter","9606","nash39_F0","All samples were processed using an RNA-seq pipeline implemented in the bcbio-nextgen project (https://bcbio-nextgen.readthedocs.org/en/latest/). Raw reads were examined for quality issues using FastQC. (http://www.bioinformatics.babraham.ac.uk/projects/fastqc/) to ensure library generation and sequencing were suitable for further analysis.","Reads were mapped to reference genome hg19 using Salmon to get the raw count data","Genome_build: hg19","Supplementary_files_format_and_content: csv, raw counts from RNA-Seq","GPL21290","Zhu,,Zhuo","zzhuo@hsph.harvard.edu","Harvard Bioinformatics Core","Department of Biostatistics","Harvard TH Chan School of Public Health","401 Park Dr","Boston","MA","02130","USA","0","Illumina HiSeq 3000","cDNA","transcriptomic","RNA-Seq","BioSample: https://www.ncbi.nlm.nih.gov/biosample/SAMN17004345","SRA: https://www.ncbi.nlm.nih.gov/sra?term=SRX9633489","NONE","50","0","1","Male","Liver"
"GSM4957406","nash40_N 548nash40","GSM4957406","Public on Jun 11 2021","Dec 04 2020","Jun 11 2021","SRA","1","Liver biopsy","Homo sapiens","tissue: Liver","age: 22","Sex: Female","fibrosis stage: normal liver histology","nas score: 0","total RNA","none provided by the submitter","9606","nash40_N","All samples were processed using an RNA-seq pipeline implemented in the bcbio-nextgen project (https://bcbio-nextgen.readthedocs.org/en/latest/). Raw reads were examined for quality issues using FastQC. (http://www.bioinformatics.babraham.ac.uk/projects/fastqc/) to ensure library generation and sequencing were suitable for further analysis.","Reads were mapped to reference genome hg19 using Salmon to get the raw count data","Genome_build: hg19","Supplementary_files_format_and_content: csv, raw counts from RNA-Seq","GPL21290","Zhu,,Zhuo","zzhuo@hsph.harvard.edu","Harvard Bioinformatics Core","Department of Biostatistics","Harvard TH Chan School of Public Health","401 Park Dr","Boston","MA","02130","USA","0","Illumina HiSeq 3000","cDNA","transcriptomic","RNA-Seq","BioSample: https://www.ncbi.nlm.nih.gov/biosample/SAMN17004344","SRA: https://www.ncbi.nlm.nih.gov/sra?term=SRX9633490","NONE","22","normal liver histology","0","Female","Liver"
"GSM4957407","nash41_F3 548nash41","GSM4957407","Public on Jun 11 2021","Dec 04 2020","Jun 11 2021","SRA","1","Liver biopsy","Homo sapiens","tissue: Liver","age: 32","Sex: Male","fibrosis stage: 3","nas score: 6","total RNA","none provided by the submitter","9606","nash41_F3","All samples were processed using an RNA-seq pipeline implemented in the bcbio-nextgen project (https://bcbio-nextgen.readthedocs.org/en/latest/). Raw reads were examined for quality issues using FastQC. (http://www.bioinformatics.babraham.ac.uk/projects/fastqc/) to ensure library generation and sequencing were suitable for further analysis.","Reads were mapped to reference genome hg19 using Salmon to get the raw count data","Genome_build: hg19","Supplementary_files_format_and_content: csv, raw counts from RNA-Seq","GPL21290","Zhu,,Zhuo","zzhuo@hsph.harvard.edu","Harvard Bioinformatics Core","Department of Biostatistics","Harvard TH Chan School of Public Health","401 Park Dr","Boston","MA","02130","USA","0","Illumina HiSeq 3000","cDNA","transcriptomic","RNA-Seq","BioSample: https://www.ncbi.nlm.nih.gov/biosample/SAMN17004343","SRA: https://www.ncbi.nlm.nih.gov/sra?term=SRX9633491","NONE","32","3","6","Male","Liver"
"GSM4957408","nash_F0 548nash44","GSM4957408","Public on Jun 11 2021","Dec 04 2020","Jun 11 2021","SRA","1","Liver biopsy","Homo sapiens","tissue: Liver","age: 53","Sex: Female","fibrosis stage: 0","nas score: 2","total RNA","none provided by the submitter","9606","nash_F0","All samples were processed using an RNA-seq pipeline implemented in the bcbio-nextgen project (https://bcbio-nextgen.readthedocs.org/en/latest/). Raw reads were examined for quality issues using FastQC. (http://www.bioinformatics.babraham.ac.uk/projects/fastqc/) to ensure library generation and sequencing were suitable for further analysis.","Reads were mapped to reference genome hg19 using Salmon to get the raw count data","Genome_build: hg19","Supplementary_files_format_and_content: csv, raw counts from RNA-Seq","GPL21290","Zhu,,Zhuo","zzhuo@hsph.harvard.edu","Harvard Bioinformatics Core","Department of Biostatistics","Harvard TH Chan School of Public Health","401 Park Dr","Boston","MA","02130","USA","0","Illumina HiSeq 3000","cDNA","transcriptomic","RNA-Seq","BioSample: https://www.ncbi.nlm.nih.gov/biosample/SAMN17004342","SRA: https://www.ncbi.nlm.nih.gov/sra?term=SRX9633492","NONE","53","0","2","Female","Liver"
"GSM4957409","nash_N 548nash45","GSM4957409","Public on Jun 11 2021","Dec 04 2020","Jun 11 2021","SRA","1","Liver biopsy","Homo sapiens","tissue: Liver","age: 37","Sex: Female","fibrosis stage: normal liver histology","nas score: 0","total RNA","none provided by the submitter","9606","nash_N","All samples were processed using an RNA-seq pipeline implemented in the bcbio-nextgen project (https://bcbio-nextgen.readthedocs.org/en/latest/). Raw reads were examined for quality issues using FastQC. (http://www.bioinformatics.babraham.ac.uk/projects/fastqc/) to ensure library generation and sequencing were suitable for further analysis.","Reads were mapped to reference genome hg19 using Salmon to get the raw count data","Genome_build: hg19","Supplementary_files_format_and_content: csv, raw counts from RNA-Seq","GPL21290","Zhu,,Zhuo","zzhuo@hsph.harvard.edu","Harvard Bioinformatics Core","Department of Biostatistics","Harvard TH Chan School of Public Health","401 Park Dr","Boston","MA","02130","USA","0","Illumina HiSeq 3000","cDNA","transcriptomic","RNA-Seq","BioSample: https://www.ncbi.nlm.nih.gov/biosample/SAMN17004341","SRA: https://www.ncbi.nlm.nih.gov/sra?term=SRX9633493","NONE","37","normal liver histology","0","Female","Liver"
"GSM4957410","nash46_F0 548nash46","GSM4957410","Public on Jun 11 2021","Dec 04 2020","Jun 11 2021","SRA","1","Liver biopsy","Homo sapiens","tissue: Liver","age: 41","Sex: Female","fibrosis stage: 0","nas score: 2","total RNA","none provided by the submitter","9606","nash46_F0","All samples were processed using an RNA-seq pipeline implemented in the bcbio-nextgen project (https://bcbio-nextgen.readthedocs.org/en/latest/). Raw reads were examined for quality issues using FastQC. (http://www.bioinformatics.babraham.ac.uk/projects/fastqc/) to ensure library generation and sequencing were suitable for further analysis.","Reads were mapped to reference genome hg19 using Salmon to get the raw count data","Genome_build: hg19","Supplementary_files_format_and_content: csv, raw counts from RNA-Seq","GPL21290","Zhu,,Zhuo","zzhuo@hsph.harvard.edu","Harvard Bioinformatics Core","Department of Biostatistics","Harvard TH Chan School of Public Health","401 Park Dr","Boston","MA","02130","USA","0","Illumina HiSeq 3000","cDNA","transcriptomic","RNA-Seq","BioSample: https://www.ncbi.nlm.nih.gov/biosample/SAMN17004225","SRA: https://www.ncbi.nlm.nih.gov/sra?term=SRX9633494","NONE","41","0","2","Female","Liver"
"GSM4957411","nash47_F1 548nash47","GSM4957411","Public on Jun 11 2021","Dec 04 2020","Jun 11 2021","SRA","1","Liver biopsy","Homo sapiens","tissue: Liver","age: 60","Sex: Female","fibrosis stage: 1","nas score: 2","total RNA","none provided by the submitter","9606","nash47_F1","All samples were processed using an RNA-seq pipeline implemented in the bcbio-nextgen project (https://bcbio-nextgen.readthedocs.org/en/latest/). Raw reads were examined for quality issues using FastQC. (http://www.bioinformatics.babraham.ac.uk/projects/fastqc/) to ensure library generation and sequencing were suitable for further analysis.","Reads were mapped to reference genome hg19 using Salmon to get the raw count data","Genome_build: hg19","Supplementary_files_format_and_content: csv, raw counts from RNA-Seq","GPL21290","Zhu,,Zhuo","zzhuo@hsph.harvard.edu","Harvard Bioinformatics Core","Department of Biostatistics","Harvard TH Chan School of Public Health","401 Park Dr","Boston","MA","02130","USA","0","Illumina HiSeq 3000","cDNA","transcriptomic","RNA-Seq","BioSample: https://www.ncbi.nlm.nih.gov/biosample/SAMN17004224","SRA: https://www.ncbi.nlm.nih.gov/sra?term=SRX9633495","NONE","60","1","2","Female","Liver"
"GSM4957412","nash_F1 548nash48","GSM4957412","Public on Jun 11 2021","Dec 04 2020","Jun 11 2021","SRA","1","Liver biopsy","Homo sapiens","tissue: Liver","age: 49","Sex: Female","fibrosis stage: 1","nas score: 2","total RNA","none provided by the submitter","9606","nash_F1","All samples were processed using an RNA-seq pipeline implemented in the bcbio-nextgen project (https://bcbio-nextgen.readthedocs.org/en/latest/). Raw reads were examined for quality issues using FastQC. (http://www.bioinformatics.babraham.ac.uk/projects/fastqc/) to ensure library generation and sequencing were suitable for further analysis.","Reads were mapped to reference genome hg19 using Salmon to get the raw count data","Genome_build: hg19","Supplementary_files_format_and_content: csv, raw counts from RNA-Seq","GPL21290","Zhu,,Zhuo","zzhuo@hsph.harvard.edu","Harvard Bioinformatics Core","Department of Biostatistics","Harvard TH Chan School of Public Health","401 Park Dr","Boston","MA","02130","USA","0","Illumina HiSeq 3000","cDNA","transcriptomic","RNA-Seq","BioSample: https://www.ncbi.nlm.nih.gov/biosample/SAMN17004223","SRA: https://www.ncbi.nlm.nih.gov/sra?term=SRX9633496","NONE","49","1","2","Female","Liver"
"GSM4957413","nash49_N 548nash49","GSM4957413","Public on Jun 11 2021","Dec 04 2020","Jun 11 2021","SRA","1","Liver biopsy","Homo sapiens","tissue: Liver","age: 47","Sex: Female","fibrosis stage: normal liver histology","nas score: 0","total RNA","none provided by the submitter","9606","nash49_N","All samples were processed using an RNA-seq pipeline implemented in the bcbio-nextgen project (https://bcbio-nextgen.readthedocs.org/en/latest/). Raw reads were examined for quality issues using FastQC. (http://www.bioinformatics.babraham.ac.uk/projects/fastqc/) to ensure library generation and sequencing were suitable for further analysis.","Reads were mapped to reference genome hg19 using Salmon to get the raw count data","Genome_build: hg19","Supplementary_files_format_and_content: csv, raw counts from RNA-Seq","GPL21290","Zhu,,Zhuo","zzhuo@hsph.harvard.edu","Harvard Bioinformatics Core","Department of Biostatistics","Harvard TH Chan School of Public Health","401 Park Dr","Boston","MA","02130","USA","0","Illumina HiSeq 3000","cDNA","transcriptomic","RNA-Seq","BioSample: https://www.ncbi.nlm.nih.gov/biosample/SAMN17004222","SRA: https://www.ncbi.nlm.nih.gov/sra?term=SRX9633497","NONE","47","normal liver histology","0","Female","Liver"
"GSM4957414","nash_F0 548nash5","GSM4957414","Public on Jun 11 2021","Dec 04 2020","Jun 11 2021","SRA","1","Liver biopsy","Homo sapiens","tissue: Liver","age: 40","Sex: Female","fibrosis stage: 0","nas score: 3","total RNA","none provided by the submitter","9606","nash_F0","All samples were processed using an RNA-seq pipeline implemented in the bcbio-nextgen project (https://bcbio-nextgen.readthedocs.org/en/latest/). Raw reads were examined for quality issues using FastQC. (http://www.bioinformatics.babraham.ac.uk/projects/fastqc/) to ensure library generation and sequencing were suitable for further analysis.","Reads were mapped to reference genome hg19 using Salmon to get the raw count data","Genome_build: hg19","Supplementary_files_format_and_content: csv, raw counts from RNA-Seq","GPL21290","Zhu,,Zhuo","zzhuo@hsph.harvard.edu","Harvard Bioinformatics Core","Department of Biostatistics","Harvard TH Chan School of Public Health","401 Park Dr","Boston","MA","02130","USA","0","Illumina HiSeq 3000","cDNA","transcriptomic","RNA-Seq","BioSample: https://www.ncbi.nlm.nih.gov/biosample/SAMN17004221","SRA: https://www.ncbi.nlm.nih.gov/sra?term=SRX9633498","NONE","40","0","3","Female","Liver"
"GSM4957415","nash51_F2 548nash51","GSM4957415","Public on Jun 11 2021","Dec 04 2020","Jun 11 2021","SRA","1","Liver biopsy","Homo sapiens","tissue: Liver","age: 34","Sex: Female","fibrosis stage: 2","nas score: 1","total RNA","none provided by the submitter","9606","nash51_F2","All samples were processed using an RNA-seq pipeline implemented in the bcbio-nextgen project (https://bcbio-nextgen.readthedocs.org/en/latest/). Raw reads were examined for quality issues using FastQC. (http://www.bioinformatics.babraham.ac.uk/projects/fastqc/) to ensure library generation and sequencing were suitable for further analysis.","Reads were mapped to reference genome hg19 using Salmon to get the raw count data","Genome_build: hg19","Supplementary_files_format_and_content: csv, raw counts from RNA-Seq","GPL21290","Zhu,,Zhuo","zzhuo@hsph.harvard.edu","Harvard Bioinformatics Core","Department of Biostatistics","Harvard TH Chan School of Public Health","401 Park Dr","Boston","MA","02130","USA","0","Illumina HiSeq 3000","cDNA","transcriptomic","RNA-Seq","BioSample: https://www.ncbi.nlm.nih.gov/biosample/SAMN17004220","SRA: https://www.ncbi.nlm.nih.gov/sra?term=SRX9633499","NONE","34","2","1","Female","Liver"
"GSM4957416","nash52_F0 548nash52","GSM4957416","Public on Jun 11 2021","Dec 04 2020","Jun 11 2021","SRA","1","Liver biopsy","Homo sapiens","tissue: Liver","age: 25","Sex: Female","fibrosis stage: 0","nas score: 1","total RNA","none provided by the submitter","9606","nash52_F0","All samples were processed using an RNA-seq pipeline implemented in the bcbio-nextgen project (https://bcbio-nextgen.readthedocs.org/en/latest/). Raw reads were examined for quality issues using FastQC. (http://www.bioinformatics.babraham.ac.uk/projects/fastqc/) to ensure library generation and sequencing were suitable for further analysis.","Reads were mapped to reference genome hg19 using Salmon to get the raw count data","Genome_build: hg19","Supplementary_files_format_and_content: csv, raw counts from RNA-Seq","GPL21290","Zhu,,Zhuo","zzhuo@hsph.harvard.edu","Harvard Bioinformatics Core","Department of Biostatistics","Harvard TH Chan School of Public Health","401 Park Dr","Boston","MA","02130","USA","0","Illumina HiSeq 3000","cDNA","transcriptomic","RNA-Seq","BioSample: https://www.ncbi.nlm.nih.gov/biosample/SAMN17004219","SRA: https://www.ncbi.nlm.nih.gov/sra?term=SRX9633500","NONE","25","0","1","Female","Liver"
"GSM4957417","nash53_F1 548nash53","GSM4957417","Public on Jun 11 2021","Dec 04 2020","Jun 11 2021","SRA","1","Liver biopsy","Homo sapiens","tissue: Liver","age: 32","Sex: Female","fibrosis stage: 1","nas score: 1","total RNA","none provided by the submitter","9606","nash53_F1","All samples were processed using an RNA-seq pipeline implemented in the bcbio-nextgen project (https://bcbio-nextgen.readthedocs.org/en/latest/). Raw reads were examined for quality issues using FastQC. (http://www.bioinformatics.babraham.ac.uk/projects/fastqc/) to ensure library generation and sequencing were suitable for further analysis.","Reads were mapped to reference genome hg19 using Salmon to get the raw count data","Genome_build: hg19","Supplementary_files_format_and_content: csv, raw counts from RNA-Seq","GPL21290","Zhu,,Zhuo","zzhuo@hsph.harvard.edu","Harvard Bioinformatics Core","Department of Biostatistics","Harvard TH Chan School of Public Health","401 Park Dr","Boston","MA","02130","USA","0","Illumina HiSeq 3000","cDNA","transcriptomic","RNA-Seq","BioSample: https://www.ncbi.nlm.nih.gov/biosample/SAMN17004218","SRA: https://www.ncbi.nlm.nih.gov/sra?term=SRX9633501","NONE","32","1","1","Female","Liver"
"GSM4957418","nash_N 548nash54","GSM4957418","Public on Jun 11 2021","Dec 04 2020","Jun 11 2021","SRA","1","Liver biopsy","Homo sapiens","tissue: Liver","age: 44","Sex: Female","fibrosis stage: normal liver histology","nas score: 0","total RNA","none provided by the submitter","9606","nash_N","All samples were processed using an RNA-seq pipeline implemented in the bcbio-nextgen project (https://bcbio-nextgen.readthedocs.org/en/latest/). Raw reads were examined for quality issues using FastQC. (http://www.bioinformatics.babraham.ac.uk/projects/fastqc/) to ensure library generation and sequencing were suitable for further analysis.","Reads were mapped to reference genome hg19 using Salmon to get the raw count data","Genome_build: hg19","Supplementary_files_format_and_content: csv, raw counts from RNA-Seq","GPL21290","Zhu,,Zhuo","zzhuo@hsph.harvard.edu","Harvard Bioinformatics Core","Department of Biostatistics","Harvard TH Chan School of Public Health","401 Park Dr","Boston","MA","02130","USA","0","Illumina HiSeq 3000","cDNA","transcriptomic","RNA-Seq","BioSample: https://www.ncbi.nlm.nih.gov/biosample/SAMN17004217","SRA: https://www.ncbi.nlm.nih.gov/sra?term=SRX9633502","NONE","44","normal liver histology","0","Female","Liver"
"GSM4957419","nash_F1 548nash55","GSM4957419","Public on Jun 11 2021","Dec 04 2020","Jun 11 2021","SRA","1","Liver biopsy","Homo sapiens","tissue: Liver","age: 34","Sex: Female","fibrosis stage: 1","nas score: 4","total RNA","none provided by the submitter","9606","nash_F1","All samples were processed using an RNA-seq pipeline implemented in the bcbio-nextgen project (https://bcbio-nextgen.readthedocs.org/en/latest/). Raw reads were examined for quality issues using FastQC. (http://www.bioinformatics.babraham.ac.uk/projects/fastqc/) to ensure library generation and sequencing were suitable for further analysis.","Reads were mapped to reference genome hg19 using Salmon to get the raw count data","Genome_build: hg19","Supplementary_files_format_and_content: csv, raw counts from RNA-Seq","GPL21290","Zhu,,Zhuo","zzhuo@hsph.harvard.edu","Harvard Bioinformatics Core","Department of Biostatistics","Harvard TH Chan School of Public Health","401 Park Dr","Boston","MA","02130","USA","0","Illumina HiSeq 3000","cDNA","transcriptomic","RNA-Seq","BioSample: https://www.ncbi.nlm.nih.gov/biosample/SAMN17004216","SRA: https://www.ncbi.nlm.nih.gov/sra?term=SRX9633503","NONE","34","1","4","Female","Liver"
"GSM4957420","nash56_F1 548nash56","GSM4957420","Public on Jun 11 2021","Dec 04 2020","Jun 11 2021","SRA","1","Liver biopsy","Homo sapiens","tissue: Liver","age: 62","Sex: Female","fibrosis stage: 1","nas score: 4","total RNA","none provided by the submitter","9606","nash56_F1","All samples were processed using an RNA-seq pipeline implemented in the bcbio-nextgen project (https://bcbio-nextgen.readthedocs.org/en/latest/). Raw reads were examined for quality issues using FastQC. (http://www.bioinformatics.babraham.ac.uk/projects/fastqc/) to ensure library generation and sequencing were suitable for further analysis.","Reads were mapped to reference genome hg19 using Salmon to get the raw count data","Genome_build: hg19","Supplementary_files_format_and_content: csv, raw counts from RNA-Seq","GPL21290","Zhu,,Zhuo","zzhuo@hsph.harvard.edu","Harvard Bioinformatics Core","Department of Biostatistics","Harvard TH Chan School of Public Health","401 Park Dr","Boston","MA","02130","USA","0","Illumina HiSeq 3000","cDNA","transcriptomic","RNA-Seq","BioSample: https://www.ncbi.nlm.nih.gov/biosample/SAMN17004215","SRA: https://www.ncbi.nlm.nih.gov/sra?term=SRX9633504","NONE","62","1","4","Female","Liver"
"GSM4957421","nash57_N 548nash57","GSM4957421","Public on Jun 11 2021","Dec 04 2020","Jun 11 2021","SRA","1","Liver biopsy","Homo sapiens","tissue: Liver","age: 60","Sex: Female","fibrosis stage: normal liver histology","nas score: 0","total RNA","none provided by the submitter","9606","nash57_N","All samples were processed using an RNA-seq pipeline implemented in the bcbio-nextgen project (https://bcbio-nextgen.readthedocs.org/en/latest/). Raw reads were examined for quality issues using FastQC. (http://www.bioinformatics.babraham.ac.uk/projects/fastqc/) to ensure library generation and sequencing were suitable for further analysis.","Reads were mapped to reference genome hg19 using Salmon to get the raw count data","Genome_build: hg19","Supplementary_files_format_and_content: csv, raw counts from RNA-Seq","GPL21290","Zhu,,Zhuo","zzhuo@hsph.harvard.edu","Harvard Bioinformatics Core","Department of Biostatistics","Harvard TH Chan School of Public Health","401 Park Dr","Boston","MA","02130","USA","0","Illumina HiSeq 3000","cDNA","transcriptomic","RNA-Seq","BioSample: https://www.ncbi.nlm.nih.gov/biosample/SAMN17004214","SRA: https://www.ncbi.nlm.nih.gov/sra?term=SRX9633505","NONE","60","normal liver histology","0","Female","Liver"
"GSM4957422","nash_F0 548nash58","GSM4957422","Public on Jun 11 2021","Dec 04 2020","Jun 11 2021","SRA","1","Liver biopsy","Homo sapiens","tissue: Liver","age: 46","Sex: Female","fibrosis stage: 0","nas score: 3","total RNA","none provided by the submitter","9606","nash_F0","All samples were processed using an RNA-seq pipeline implemented in the bcbio-nextgen project (https://bcbio-nextgen.readthedocs.org/en/latest/). Raw reads were examined for quality issues using FastQC. (http://www.bioinformatics.babraham.ac.uk/projects/fastqc/) to ensure library generation and sequencing were suitable for further analysis.","Reads were mapped to reference genome hg19 using Salmon to get the raw count data","Genome_build: hg19","Supplementary_files_format_and_content: csv, raw counts from RNA-Seq","GPL21290","Zhu,,Zhuo","zzhuo@hsph.harvard.edu","Harvard Bioinformatics Core","Department of Biostatistics","Harvard TH Chan School of Public Health","401 Park Dr","Boston","MA","02130","USA","0","Illumina HiSeq 3000","cDNA","transcriptomic","RNA-Seq","BioSample: https://www.ncbi.nlm.nih.gov/biosample/SAMN17004213","SRA: https://www.ncbi.nlm.nih.gov/sra?term=SRX9633506","NONE","46","0","3","Female","Liver"
"GSM4957423","nash59_N 548nash59","GSM4957423","Public on Jun 11 2021","Dec 04 2020","Jun 11 2021","SRA","1","Liver biopsy","Homo sapiens","tissue: Liver","age: 47","Sex: Female","fibrosis stage: normal liver histology","nas score: 0","total RNA","none provided by the submitter","9606","nash59_N","All samples were processed using an RNA-seq pipeline implemented in the bcbio-nextgen project (https://bcbio-nextgen.readthedocs.org/en/latest/). Raw reads were examined for quality issues using FastQC. (http://www.bioinformatics.babraham.ac.uk/projects/fastqc/) to ensure library generation and sequencing were suitable for further analysis.","Reads were mapped to reference genome hg19 using Salmon to get the raw count data","Genome_build: hg19","Supplementary_files_format_and_content: csv, raw counts from RNA-Seq","GPL21290","Zhu,,Zhuo","zzhuo@hsph.harvard.edu","Harvard Bioinformatics Core","Department of Biostatistics","Harvard TH Chan School of Public Health","401 Park Dr","Boston","MA","02130","USA","0","Illumina HiSeq 3000","cDNA","transcriptomic","RNA-Seq","BioSample: https://www.ncbi.nlm.nih.gov/biosample/SAMN17004212","SRA: https://www.ncbi.nlm.nih.gov/sra?term=SRX9633507","NONE","47","normal liver histology","0","Female","Liver"
"GSM4957424","nash6_F1 548nash6","GSM4957424","Public on Jun 11 2021","Dec 04 2020","Jun 11 2021","SRA","1","Liver biopsy","Homo sapiens","tissue: Liver","age: 42","Sex: Male","fibrosis stage: 1","nas score: 6","total RNA","none provided by the submitter","9606","nash6_F1","All samples were processed using an RNA-seq pipeline implemented in the bcbio-nextgen project (https://bcbio-nextgen.readthedocs.org/en/latest/). Raw reads were examined for quality issues using FastQC. (http://www.bioinformatics.babraham.ac.uk/projects/fastqc/) to ensure library generation and sequencing were suitable for further analysis.","Reads were mapped to reference genome hg19 using Salmon to get the raw count data","Genome_build: hg19","Supplementary_files_format_and_content: csv, raw counts from RNA-Seq","GPL21290","Zhu,,Zhuo","zzhuo@hsph.harvard.edu","Harvard Bioinformatics Core","Department of Biostatistics","Harvard TH Chan School of Public Health","401 Park Dr","Boston","MA","02130","USA","0","Illumina HiSeq 3000","cDNA","transcriptomic","RNA-Seq","BioSample: https://www.ncbi.nlm.nih.gov/biosample/SAMN17004211","SRA: https://www.ncbi.nlm.nih.gov/sra?term=SRX9633508","NONE","42","1","6","Male","Liver"
"GSM4957425","nash60_N 548nash60","GSM4957425","Public on Jun 11 2021","Dec 04 2020","Jun 11 2021","SRA","1","Liver biopsy","Homo sapiens","tissue: Liver","age: 28","Sex: Female","fibrosis stage: normal liver histology","nas score: 0","total RNA","none provided by the submitter","9606","nash60_N","All samples were processed using an RNA-seq pipeline implemented in the bcbio-nextgen project (https://bcbio-nextgen.readthedocs.org/en/latest/). Raw reads were examined for quality issues using FastQC. (http://www.bioinformatics.babraham.ac.uk/projects/fastqc/) to ensure library generation and sequencing were suitable for further analysis.","Reads were mapped to reference genome hg19 using Salmon to get the raw count data","Genome_build: hg19","Supplementary_files_format_and_content: csv, raw counts from RNA-Seq","GPL21290","Zhu,,Zhuo","zzhuo@hsph.harvard.edu","Harvard Bioinformatics Core","Department of Biostatistics","Harvard TH Chan School of Public Health","401 Park Dr","Boston","MA","02130","USA","0","Illumina HiSeq 3000","cDNA","transcriptomic","RNA-Seq","BioSample: https://www.ncbi.nlm.nih.gov/biosample/SAMN17004210","SRA: https://www.ncbi.nlm.nih.gov/sra?term=SRX9633509","NONE","28","normal liver histology","0","Female","Liver"
"GSM4957426","nash61_F1 548nash61","GSM4957426","Public on Jun 11 2021","Dec 04 2020","Jun 11 2021","SRA","1","Liver biopsy","Homo sapiens","tissue: Liver","age: 56","Sex: Female","fibrosis stage: 1","nas score: 5","total RNA","none provided by the submitter","9606","nash61_F1","All samples were processed using an RNA-seq pipeline implemented in the bcbio-nextgen project (https://bcbio-nextgen.readthedocs.org/en/latest/). Raw reads were examined for quality issues using FastQC. (http://www.bioinformatics.babraham.ac.uk/projects/fastqc/) to ensure library generation and sequencing were suitable for further analysis.","Reads were mapped to reference genome hg19 using Salmon to get the raw count data","Genome_build: hg19","Supplementary_files_format_and_content: csv, raw counts from RNA-Seq","GPL21290","Zhu,,Zhuo","zzhuo@hsph.harvard.edu","Harvard Bioinformatics Core","Department of Biostatistics","Harvard TH Chan School of Public Health","401 Park Dr","Boston","MA","02130","USA","0","Illumina HiSeq 3000","cDNA","transcriptomic","RNA-Seq","BioSample: https://www.ncbi.nlm.nih.gov/biosample/SAMN17004209","SRA: https://www.ncbi.nlm.nih.gov/sra?term=SRX9633510","NONE","56","1","5","Female","Liver"
"GSM4957427","nash62_N 548nash62","GSM4957427","Public on Jun 11 2021","Dec 04 2020","Jun 11 2021","SRA","1","Liver biopsy","Homo sapiens","tissue: Liver","age: 29","Sex: Female","fibrosis stage: normal liver histology","nas score: 0","total RNA","none provided by the submitter","9606","nash62_N","All samples were processed using an RNA-seq pipeline implemented in the bcbio-nextgen project (https://bcbio-nextgen.readthedocs.org/en/latest/). Raw reads were examined for quality issues using FastQC. (http://www.bioinformatics.babraham.ac.uk/projects/fastqc/) to ensure library generation and sequencing were suitable for further analysis.","Reads were mapped to reference genome hg19 using Salmon to get the raw count data","Genome_build: hg19","Supplementary_files_format_and_content: csv, raw counts from RNA-Seq","GPL21290","Zhu,,Zhuo","zzhuo@hsph.harvard.edu","Harvard Bioinformatics Core","Department of Biostatistics","Harvard TH Chan School of Public Health","401 Park Dr","Boston","MA","02130","USA","0","Illumina HiSeq 3000","cDNA","transcriptomic","RNA-Seq","BioSample: https://www.ncbi.nlm.nih.gov/biosample/SAMN17004208","SRA: https://www.ncbi.nlm.nih.gov/sra?term=SRX9633511","NONE","29","normal liver histology","0","Female","Liver"
"GSM4957428","nash63_F0 548nash63","GSM4957428","Public on Jun 11 2021","Dec 04 2020","Jun 11 2021","SRA","1","Liver biopsy","Homo sapiens","tissue: Liver","age: 49","Sex: Female","fibrosis stage: 0","nas score: 5","total RNA","none provided by the submitter","9606","nash63_F0","All samples were processed using an RNA-seq pipeline implemented in the bcbio-nextgen project (https://bcbio-nextgen.readthedocs.org/en/latest/). Raw reads were examined for quality issues using FastQC. (http://www.bioinformatics.babraham.ac.uk/projects/fastqc/) to ensure library generation and sequencing were suitable for further analysis.","Reads were mapped to reference genome hg19 using Salmon to get the raw count data","Genome_build: hg19","Supplementary_files_format_and_content: csv, raw counts from RNA-Seq","GPL21290","Zhu,,Zhuo","zzhuo@hsph.harvard.edu","Harvard Bioinformatics Core","Department of Biostatistics","Harvard TH Chan School of Public Health","401 Park Dr","Boston","MA","02130","USA","0","Illumina HiSeq 3000","cDNA","transcriptomic","RNA-Seq","BioSample: https://www.ncbi.nlm.nih.gov/biosample/SAMN17004207","SRA: https://www.ncbi.nlm.nih.gov/sra?term=SRX9633512","NONE","49","0","5","Female","Liver"
"GSM4957429","nash6_N 548nash64","GSM4957429","Public on Jun 11 2021","Dec 04 2020","Jun 11 2021","SRA","1","Liver biopsy","Homo sapiens","tissue: Liver","age: 49","Sex: Female","fibrosis stage: normal liver histology","nas score: 0","total RNA","none provided by the submitter","9606","nash6_N","All samples were processed using an RNA-seq pipeline implemented in the bcbio-nextgen project (https://bcbio-nextgen.readthedocs.org/en/latest/). Raw reads were examined for quality issues using FastQC. (http://www.bioinformatics.babraham.ac.uk/projects/fastqc/) to ensure library generation and sequencing were suitable for further analysis.","Reads were mapped to reference genome hg19 using Salmon to get the raw count data","Genome_build: hg19","Supplementary_files_format_and_content: csv, raw counts from RNA-Seq","GPL21290","Zhu,,Zhuo","zzhuo@hsph.harvard.edu","Harvard Bioinformatics Core","Department of Biostatistics","Harvard TH Chan School of Public Health","401 Park Dr","Boston","MA","02130","USA","0","Illumina HiSeq 3000","cDNA","transcriptomic","RNA-Seq","BioSample: https://www.ncbi.nlm.nih.gov/biosample/SAMN17004206","SRA: https://www.ncbi.nlm.nih.gov/sra?term=SRX9633513","NONE","49","normal liver histology","0","Female","Liver"
"GSM4957430","nash6_N 548nash65","GSM4957430","Public on Jun 11 2021","Dec 04 2020","Jun 11 2021","SRA","1","Liver biopsy","Homo sapiens","tissue: Liver","age: 41","Sex: Female","fibrosis stage: normal liver histology","nas score: 0","total RNA","none provided by the submitter","9606","nash6_N","All samples were processed using an RNA-seq pipeline implemented in the bcbio-nextgen project (https://bcbio-nextgen.readthedocs.org/en/latest/). Raw reads were examined for quality issues using FastQC. (http://www.bioinformatics.babraham.ac.uk/projects/fastqc/) to ensure library generation and sequencing were suitable for further analysis.","Reads were mapped to reference genome hg19 using Salmon to get the raw count data","Genome_build: hg19","Supplementary_files_format_and_content: csv, raw counts from RNA-Seq","GPL21290","Zhu,,Zhuo","zzhuo@hsph.harvard.edu","Harvard Bioinformatics Core","Department of Biostatistics","Harvard TH Chan School of Public Health","401 Park Dr","Boston","MA","02130","USA","0","Illumina HiSeq 3000","cDNA","transcriptomic","RNA-Seq","BioSample: https://www.ncbi.nlm.nih.gov/biosample/SAMN17004205","SRA: https://www.ncbi.nlm.nih.gov/sra?term=SRX9633514","NONE","41","normal liver histology","0","Female","Liver"
"GSM4957431","nash66_F1 548nash66","GSM4957431","Public on Jun 11 2021","Dec 04 2020","Jun 11 2021","SRA","1","Liver biopsy","Homo sapiens","tissue: Liver","age: 46","Sex: Female","fibrosis stage: 1","nas score: 1","total RNA","none provided by the submitter","9606","nash66_F1","All samples were processed using an RNA-seq pipeline implemented in the bcbio-nextgen project (https://bcbio-nextgen.readthedocs.org/en/latest/). Raw reads were examined for quality issues using FastQC. (http://www.bioinformatics.babraham.ac.uk/projects/fastqc/) to ensure library generation and sequencing were suitable for further analysis.","Reads were mapped to reference genome hg19 using Salmon to get the raw count data","Genome_build: hg19","Supplementary_files_format_and_content: csv, raw counts from RNA-Seq","GPL21290","Zhu,,Zhuo","zzhuo@hsph.harvard.edu","Harvard Bioinformatics Core","Department of Biostatistics","Harvard TH Chan School of Public Health","401 Park Dr","Boston","MA","02130","USA","0","Illumina HiSeq 3000","cDNA","transcriptomic","RNA-Seq","BioSample: https://www.ncbi.nlm.nih.gov/biosample/SAMN17004204","SRA: https://www.ncbi.nlm.nih.gov/sra?term=SRX9633515","NONE","46","1","1","Female","Liver"
"GSM4957432","nash67_F2 548nash67","GSM4957432","Public on Jun 11 2021","Dec 04 2020","Jun 11 2021","SRA","1","Liver biopsy","Homo sapiens","tissue: Liver","age: 60","Sex: Female","fibrosis stage: 2","nas score: 3","total RNA","none provided by the submitter","9606","nash67_F2","All samples were processed using an RNA-seq pipeline implemented in the bcbio-nextgen project (https://bcbio-nextgen.readthedocs.org/en/latest/). Raw reads were examined for quality issues using FastQC. (http://www.bioinformatics.babraham.ac.uk/projects/fastqc/) to ensure library generation and sequencing were suitable for further analysis.","Reads were mapped to reference genome hg19 using Salmon to get the raw count data","Genome_build: hg19","Supplementary_files_format_and_content: csv, raw counts from RNA-Seq","GPL21290","Zhu,,Zhuo","zzhuo@hsph.harvard.edu","Harvard Bioinformatics Core","Department of Biostatistics","Harvard TH Chan School of Public Health","401 Park Dr","Boston","MA","02130","USA","0","Illumina HiSeq 3000","cDNA","transcriptomic","RNA-Seq","BioSample: https://www.ncbi.nlm.nih.gov/biosample/SAMN17004203","SRA: https://www.ncbi.nlm.nih.gov/sra?term=SRX9633516","NONE","60","2","3","Female","Liver"
"GSM4957433","nash6_F2 548nash68","GSM4957433","Public on Jun 11 2021","Dec 04 2020","Jun 11 2021","SRA","1","Liver biopsy","Homo sapiens","tissue: Liver","age: 43","Sex: Female","fibrosis stage: 2","nas score: 4","total RNA","none provided by the submitter","9606","nash6_F2","All samples were processed using an RNA-seq pipeline implemented in the bcbio-nextgen project (https://bcbio-nextgen.readthedocs.org/en/latest/). Raw reads were examined for quality issues using FastQC. (http://www.bioinformatics.babraham.ac.uk/projects/fastqc/) to ensure library generation and sequencing were suitable for further analysis.","Reads were mapped to reference genome hg19 using Salmon to get the raw count data","Genome_build: hg19","Supplementary_files_format_and_content: csv, raw counts from RNA-Seq","GPL21290","Zhu,,Zhuo","zzhuo@hsph.harvard.edu","Harvard Bioinformatics Core","Department of Biostatistics","Harvard TH Chan School of Public Health","401 Park Dr","Boston","MA","02130","USA","0","Illumina HiSeq 3000","cDNA","transcriptomic","RNA-Seq","BioSample: https://www.ncbi.nlm.nih.gov/biosample/SAMN17004248","SRA: https://www.ncbi.nlm.nih.gov/sra?term=SRX9633517","NONE","43","2","4","Female","Liver"
"GSM4957434","nash69_N 548nash69","GSM4957434","Public on Jun 11 2021","Dec 04 2020","Jun 11 2021","SRA","1","Liver biopsy","Homo sapiens","tissue: Liver","age: 54","Sex: Female","fibrosis stage: normal liver histology","nas score: 0","total RNA","none provided by the submitter","9606","nash69_N","All samples were processed using an RNA-seq pipeline implemented in the bcbio-nextgen project (https://bcbio-nextgen.readthedocs.org/en/latest/). Raw reads were examined for quality issues using FastQC. (http://www.bioinformatics.babraham.ac.uk/projects/fastqc/) to ensure library generation and sequencing were suitable for further analysis.","Reads were mapped to reference genome hg19 using Salmon to get the raw count data","Genome_build: hg19","Supplementary_files_format_and_content: csv, raw counts from RNA-Seq","GPL21290","Zhu,,Zhuo","zzhuo@hsph.harvard.edu","Harvard Bioinformatics Core","Department of Biostatistics","Harvard TH Chan School of Public Health","401 Park Dr","Boston","MA","02130","USA","0","Illumina HiSeq 3000","cDNA","transcriptomic","RNA-Seq","BioSample: https://www.ncbi.nlm.nih.gov/biosample/SAMN17004247","SRA: https://www.ncbi.nlm.nih.gov/sra?term=SRX9633518","NONE","54","normal liver histology","0","Female","Liver"
"GSM4957435","nash7_N 548nash7","GSM4957435","Public on Jun 11 2021","Dec 04 2020","Jun 11 2021","SRA","1","Liver biopsy","Homo sapiens","tissue: Liver","age: 51","Sex: Female","fibrosis stage: normal liver histology","nas score: 0","total RNA","none provided by the submitter","9606","nash7_N","All samples were processed using an RNA-seq pipeline implemented in the bcbio-nextgen project (https://bcbio-nextgen.readthedocs.org/en/latest/). Raw reads were examined for quality issues using FastQC. (http://www.bioinformatics.babraham.ac.uk/projects/fastqc/) to ensure library generation and sequencing were suitable for further analysis.","Reads were mapped to reference genome hg19 using Salmon to get the raw count data","Genome_build: hg19","Supplementary_files_format_and_content: csv, raw counts from RNA-Seq","GPL21290","Zhu,,Zhuo","zzhuo@hsph.harvard.edu","Harvard Bioinformatics Core","Department of Biostatistics","Harvard TH Chan School of Public Health","401 Park Dr","Boston","MA","02130","USA","0","Illumina HiSeq 3000","cDNA","transcriptomic","RNA-Seq","BioSample: https://www.ncbi.nlm.nih.gov/biosample/SAMN17004246","SRA: https://www.ncbi.nlm.nih.gov/sra?term=SRX9633519","NONE","51","normal liver histology","0","Female","Liver"
"GSM4957436","nash70_F0 548nash70","GSM4957436","Public on Jun 11 2021","Dec 04 2020","Jun 11 2021","SRA","1","Liver biopsy","Homo sapiens","tissue: Liver","age: 39","Sex: Female","fibrosis stage: 0","nas score: 2","total RNA","none provided by the submitter","9606","nash70_F0","All samples were processed using an RNA-seq pipeline implemented in the bcbio-nextgen project (https://bcbio-nextgen.readthedocs.org/en/latest/). Raw reads were examined for quality issues using FastQC. (http://www.bioinformatics.babraham.ac.uk/projects/fastqc/) to ensure library generation and sequencing were suitable for further analysis.","Reads were mapped to reference genome hg19 using Salmon to get the raw count data","Genome_build: hg19","Supplementary_files_format_and_content: csv, raw counts from RNA-Seq","GPL21290","Zhu,,Zhuo","zzhuo@hsph.harvard.edu","Harvard Bioinformatics Core","Department of Biostatistics","Harvard TH Chan School of Public Health","401 Park Dr","Boston","MA","02130","USA","0","Illumina HiSeq 3000","cDNA","transcriptomic","RNA-Seq","BioSample: https://www.ncbi.nlm.nih.gov/biosample/SAMN17004244","SRA: https://www.ncbi.nlm.nih.gov/sra?term=SRX9633520","NONE","39","0","2","Female","Liver"
"GSM4957437","nash71_N 548nash71","GSM4957437","Public on Jun 11 2021","Dec 04 2020","Jun 11 2021","SRA","1","Liver biopsy","Homo sapiens","tissue: Liver","age: 37","Sex: Female","fibrosis stage: normal liver histology","nas score: 0","total RNA","none provided by the submitter","9606","nash71_N","All samples were processed using an RNA-seq pipeline implemented in the bcbio-nextgen project (https://bcbio-nextgen.readthedocs.org/en/latest/). Raw reads were examined for quality issues using FastQC. (http://www.bioinformatics.babraham.ac.uk/projects/fastqc/) to ensure library generation and sequencing were suitable for further analysis.","Reads were mapped to reference genome hg19 using Salmon to get the raw count data","Genome_build: hg19","Supplementary_files_format_and_content: csv, raw counts from RNA-Seq","GPL21290","Zhu,,Zhuo","zzhuo@hsph.harvard.edu","Harvard Bioinformatics Core","Department of Biostatistics","Harvard TH Chan School of Public Health","401 Park Dr","Boston","MA","02130","USA","0","Illumina HiSeq 3000","cDNA","transcriptomic","RNA-Seq","BioSample: https://www.ncbi.nlm.nih.gov/biosample/SAMN17004243","SRA: https://www.ncbi.nlm.nih.gov/sra?term=SRX9633521","NONE","37","normal liver histology","0","Female","Liver"
"GSM4957438","nash72_N 548nash72","GSM4957438","Public on Jun 11 2021","Dec 04 2020","Jun 11 2021","SRA","1","Liver biopsy","Homo sapiens","tissue: Liver","age: 57","Sex: Female","fibrosis stage: normal liver histology","nas score: 0","total RNA","none provided by the submitter","9606","nash72_N","All samples were processed using an RNA-seq pipeline implemented in the bcbio-nextgen project (https://bcbio-nextgen.readthedocs.org/en/latest/). Raw reads were examined for quality issues using FastQC. (http://www.bioinformatics.babraham.ac.uk/projects/fastqc/) to ensure library generation and sequencing were suitable for further analysis.","Reads were mapped to reference genome hg19 using Salmon to get the raw count data","Genome_build: hg19","Supplementary_files_format_and_content: csv, raw counts from RNA-Seq","GPL21290","Zhu,,Zhuo","zzhuo@hsph.harvard.edu","Harvard Bioinformatics Core","Department of Biostatistics","Harvard TH Chan School of Public Health","401 Park Dr","Boston","MA","02130","USA","0","Illumina HiSeq 3000","cDNA","transcriptomic","RNA-Seq","BioSample: https://www.ncbi.nlm.nih.gov/biosample/SAMN17004242","SRA: https://www.ncbi.nlm.nih.gov/sra?term=SRX9633522","NONE","57","normal liver histology","0","Female","Liver"
"GSM4957439","nash73_N 548nash73","GSM4957439","Public on Jun 11 2021","Dec 04 2020","Jun 11 2021","SRA","1","Liver biopsy","Homo sapiens","tissue: Liver","age: 49","Sex: Female","fibrosis stage: normal liver histology","nas score: 0","total RNA","none provided by the submitter","9606","nash73_N","All samples were processed using an RNA-seq pipeline implemented in the bcbio-nextgen project (https://bcbio-nextgen.readthedocs.org/en/latest/). Raw reads were examined for quality issues using FastQC. (http://www.bioinformatics.babraham.ac.uk/projects/fastqc/) to ensure library generation and sequencing were suitable for further analysis.","Reads were mapped to reference genome hg19 using Salmon to get the raw count data","Genome_build: hg19","Supplementary_files_format_and_content: csv, raw counts from RNA-Seq","GPL21290","Zhu,,Zhuo","zzhuo@hsph.harvard.edu","Harvard Bioinformatics Core","Department of Biostatistics","Harvard TH Chan School of Public Health","401 Park Dr","Boston","MA","02130","USA","0","Illumina HiSeq 3000","cDNA","transcriptomic","RNA-Seq","BioSample: https://www.ncbi.nlm.nih.gov/biosample/SAMN17004241","SRA: https://www.ncbi.nlm.nih.gov/sra?term=SRX9633523","NONE","49","normal liver histology","0","Female","Liver"
"GSM4957440","nash7_N 548nash75","GSM4957440","Public on Jun 11 2021","Dec 04 2020","Jun 11 2021","SRA","1","Liver biopsy","Homo sapiens","tissue: Liver","age: 33","Sex: Female","fibrosis stage: normal liver histology","nas score: 0","total RNA","none provided by the submitter","9606","nash7_N","All samples were processed using an RNA-seq pipeline implemented in the bcbio-nextgen project (https://bcbio-nextgen.readthedocs.org/en/latest/). Raw reads were examined for quality issues using FastQC. (http://www.bioinformatics.babraham.ac.uk/projects/fastqc/) to ensure library generation and sequencing were suitable for further analysis.","Reads were mapped to reference genome hg19 using Salmon to get the raw count data","Genome_build: hg19","Supplementary_files_format_and_content: csv, raw counts from RNA-Seq","GPL21290","Zhu,,Zhuo","zzhuo@hsph.harvard.edu","Harvard Bioinformatics Core","Department of Biostatistics","Harvard TH Chan School of Public Health","401 Park Dr","Boston","MA","02130","USA","0","Illumina HiSeq 3000","cDNA","transcriptomic","RNA-Seq","BioSample: https://www.ncbi.nlm.nih.gov/biosample/SAMN17004240","SRA: https://www.ncbi.nlm.nih.gov/sra?term=SRX9633524","NONE","33","normal liver histology","0","Female","Liver"
"GSM4957441","nash76_N 548nash76","GSM4957441","Public on Jun 11 2021","Dec 04 2020","Jun 11 2021","SRA","1","Liver biopsy","Homo sapiens","tissue: Liver","age: 32","Sex: Female","fibrosis stage: normal liver histology","nas score: 0","total RNA","none provided by the submitter","9606","nash76_N","All samples were processed using an RNA-seq pipeline implemented in the bcbio-nextgen project (https://bcbio-nextgen.readthedocs.org/en/latest/). Raw reads were examined for quality issues using FastQC. (http://www.bioinformatics.babraham.ac.uk/projects/fastqc/) to ensure library generation and sequencing were suitable for further analysis.","Reads were mapped to reference genome hg19 using Salmon to get the raw count data","Genome_build: hg19","Supplementary_files_format_and_content: csv, raw counts from RNA-Seq","GPL21290","Zhu,,Zhuo","zzhuo@hsph.harvard.edu","Harvard Bioinformatics Core","Department of Biostatistics","Harvard TH Chan School of Public Health","401 Park Dr","Boston","MA","02130","USA","0","Illumina HiSeq 3000","cDNA","transcriptomic","RNA-Seq","BioSample: https://www.ncbi.nlm.nih.gov/biosample/SAMN17004245","SRA: https://www.ncbi.nlm.nih.gov/sra?term=SRX9633525","NONE","32","normal liver histology","0","Female","Liver"
"GSM4957442","nash77_F0 548nash77","GSM4957442","Public on Jun 11 2021","Dec 04 2020","Jun 11 2021","SRA","1","Liver biopsy","Homo sapiens","tissue: Liver","age: 53","Sex: Female","fibrosis stage: 0","nas score: 1","total RNA","none provided by the submitter","9606","nash77_F0","All samples were processed using an RNA-seq pipeline implemented in the bcbio-nextgen project (https://bcbio-nextgen.readthedocs.org/en/latest/). Raw reads were examined for quality issues using FastQC. (http://www.bioinformatics.babraham.ac.uk/projects/fastqc/) to ensure library generation and sequencing were suitable for further analysis.","Reads were mapped to reference genome hg19 using Salmon to get the raw count data","Genome_build: hg19","Supplementary_files_format_and_content: csv, raw counts from RNA-Seq","GPL21290","Zhu,,Zhuo","zzhuo@hsph.harvard.edu","Harvard Bioinformatics Core","Department of Biostatistics","Harvard TH Chan School of Public Health","401 Park Dr","Boston","MA","02130","USA","0","Illumina HiSeq 3000","cDNA","transcriptomic","RNA-Seq","BioSample: https://www.ncbi.nlm.nih.gov/biosample/SAMN17004239","SRA: https://www.ncbi.nlm.nih.gov/sra?term=SRX9633526","NONE","53","0","1","Female","Liver"
"GSM4957443","nash7_F1 548nash78","GSM4957443","Public on Jun 11 2021","Dec 04 2020","Jun 11 2021","SRA","1","Liver biopsy","Homo sapiens","tissue: Liver","age: 21","Sex: Female","fibrosis stage: 1","nas score: 1","total RNA","none provided by the submitter","9606","nash7_F1","All samples were processed using an RNA-seq pipeline implemented in the bcbio-nextgen project (https://bcbio-nextgen.readthedocs.org/en/latest/). Raw reads were examined for quality issues using FastQC. (http://www.bioinformatics.babraham.ac.uk/projects/fastqc/) to ensure library generation and sequencing were suitable for further analysis.","Reads were mapped to reference genome hg19 using Salmon to get the raw count data","Genome_build: hg19","Supplementary_files_format_and_content: csv, raw counts from RNA-Seq","GPL21290","Zhu,,Zhuo","zzhuo@hsph.harvard.edu","Harvard Bioinformatics Core","Department of Biostatistics","Harvard TH Chan School of Public Health","401 Park Dr","Boston","MA","02130","USA","0","Illumina HiSeq 3000","cDNA","transcriptomic","RNA-Seq","BioSample: https://www.ncbi.nlm.nih.gov/biosample/SAMN17004238","SRA: https://www.ncbi.nlm.nih.gov/sra?term=SRX9633527","NONE","21","1","1","Female","Liver"
"GSM4957444","nash79_N 548nash79","GSM4957444","Public on Jun 11 2021","Dec 04 2020","Jun 11 2021","SRA","1","Liver biopsy","Homo sapiens","tissue: Liver","age: 34","Sex: Female","fibrosis stage: normal liver histology","nas score: 0","total RNA","none provided by the submitter","9606","nash79_N","All samples were processed using an RNA-seq pipeline implemented in the bcbio-nextgen project (https://bcbio-nextgen.readthedocs.org/en/latest/). Raw reads were examined for quality issues using FastQC. (http://www.bioinformatics.babraham.ac.uk/projects/fastqc/) to ensure library generation and sequencing were suitable for further analysis.","Reads were mapped to reference genome hg19 using Salmon to get the raw count data","Genome_build: hg19","Supplementary_files_format_and_content: csv, raw counts from RNA-Seq","GPL21290","Zhu,,Zhuo","zzhuo@hsph.harvard.edu","Harvard Bioinformatics Core","Department of Biostatistics","Harvard TH Chan School of Public Health","401 Park Dr","Boston","MA","02130","USA","0","Illumina HiSeq 3000","cDNA","transcriptomic","RNA-Seq","BioSample: https://www.ncbi.nlm.nih.gov/biosample/SAMN17004237","SRA: https://www.ncbi.nlm.nih.gov/sra?term=SRX9633528","NONE","34","normal liver histology","0","Female","Liver"
"GSM4957445","nash80_F2 548nash80","GSM4957445","Public on Jun 11 2021","Dec 04 2020","Jun 11 2021","SRA","1","Liver biopsy","Homo sapiens","tissue: Liver","age: 42","Sex: Female","fibrosis stage: 2","nas score: 3","total RNA","none provided by the submitter","9606","nash80_F2","All samples were processed using an RNA-seq pipeline implemented in the bcbio-nextgen project (https://bcbio-nextgen.readthedocs.org/en/latest/). Raw reads were examined for quality issues using FastQC. (http://www.bioinformatics.babraham.ac.uk/projects/fastqc/) to ensure library generation and sequencing were suitable for further analysis.","Reads were mapped to reference genome hg19 using Salmon to get the raw count data","Genome_build: hg19","Supplementary_files_format_and_content: csv, raw counts from RNA-Seq","GPL21290","Zhu,,Zhuo","zzhuo@hsph.harvard.edu","Harvard Bioinformatics Core","Department of Biostatistics","Harvard TH Chan School of Public Health","401 Park Dr","Boston","MA","02130","USA","0","Illumina HiSeq 3000","cDNA","transcriptomic","RNA-Seq","BioSample: https://www.ncbi.nlm.nih.gov/biosample/SAMN17004236","SRA: https://www.ncbi.nlm.nih.gov/sra?term=SRX9633529","NONE","42","2","3","Female","Liver"
"GSM4957446","nash81_F2 548nash81","GSM4957446","Public on Jun 11 2021","Dec 04 2020","Jun 11 2021","SRA","1","Liver biopsy","Homo sapiens","tissue: Liver","age: 33","Sex: Female","fibrosis stage: 2","nas score: 5","total RNA","none provided by the submitter","9606","nash81_F2","All samples were processed using an RNA-seq pipeline implemented in the bcbio-nextgen project (https://bcbio-nextgen.readthedocs.org/en/latest/). Raw reads were examined for quality issues using FastQC. (http://www.bioinformatics.babraham.ac.uk/projects/fastqc/) to ensure library generation and sequencing were suitable for further analysis.","Reads were mapped to reference genome hg19 using Salmon to get the raw count data","Genome_build: hg19","Supplementary_files_format_and_content: csv, raw counts from RNA-Seq","GPL21290","Zhu,,Zhuo","zzhuo@hsph.harvard.edu","Harvard Bioinformatics Core","Department of Biostatistics","Harvard TH Chan School of Public Health","401 Park Dr","Boston","MA","02130","USA","0","Illumina HiSeq 3000","cDNA","transcriptomic","RNA-Seq","BioSample: https://www.ncbi.nlm.nih.gov/biosample/SAMN17004235","SRA: https://www.ncbi.nlm.nih.gov/sra?term=SRX9633530","NONE","33","2","5","Female","Liver"
"GSM4957447","nash82_F1 548nash82","GSM4957447","Public on Jun 11 2021","Dec 04 2020","Jun 11 2021","SRA","1","Liver biopsy","Homo sapiens","tissue: Liver","age: 60","Sex: Female","fibrosis stage: 1","nas score: 5","total RNA","none provided by the submitter","9606","nash82_F1","All samples were processed using an RNA-seq pipeline implemented in the bcbio-nextgen project (https://bcbio-nextgen.readthedocs.org/en/latest/). Raw reads were examined for quality issues using FastQC. (http://www.bioinformatics.babraham.ac.uk/projects/fastqc/) to ensure library generation and sequencing were suitable for further analysis.","Reads were mapped to reference genome hg19 using Salmon to get the raw count data","Genome_build: hg19","Supplementary_files_format_and_content: csv, raw counts from RNA-Seq","GPL21290","Zhu,,Zhuo","zzhuo@hsph.harvard.edu","Harvard Bioinformatics Core","Department of Biostatistics","Harvard TH Chan School of Public Health","401 Park Dr","Boston","MA","02130","USA","0","Illumina HiSeq 3000","cDNA","transcriptomic","RNA-Seq","BioSample: https://www.ncbi.nlm.nih.gov/biosample/SAMN17004234","SRA: https://www.ncbi.nlm.nih.gov/sra?term=SRX9633531","NONE","60","1","5","Female","Liver"
"GSM4957448","nash83_F2 548nash83","GSM4957448","Public on Jun 11 2021","Dec 04 2020","Jun 11 2021","SRA","1","Liver biopsy","Homo sapiens","tissue: Liver","age: 39","Sex: Female","fibrosis stage: 2","nas score: 5","total RNA","none provided by the submitter","9606","nash83_F2","All samples were processed using an RNA-seq pipeline implemented in the bcbio-nextgen project (https://bcbio-nextgen.readthedocs.org/en/latest/). Raw reads were examined for quality issues using FastQC. (http://www.bioinformatics.babraham.ac.uk/projects/fastqc/) to ensure library generation and sequencing were suitable for further analysis.","Reads were mapped to reference genome hg19 using Salmon to get the raw count data","Genome_build: hg19","Supplementary_files_format_and_content: csv, raw counts from RNA-Seq","GPL21290","Zhu,,Zhuo","zzhuo@hsph.harvard.edu","Harvard Bioinformatics Core","Department of Biostatistics","Harvard TH Chan School of Public Health","401 Park Dr","Boston","MA","02130","USA","0","Illumina HiSeq 3000","cDNA","transcriptomic","RNA-Seq","BioSample: https://www.ncbi.nlm.nih.gov/biosample/SAMN17004233","SRA: https://www.ncbi.nlm.nih.gov/sra?term=SRX9633532","NONE","39","2","5","Female","Liver"
"GSM4957449","nash_F0 548nash84","GSM4957449","Public on Jun 11 2021","Dec 04 2020","Jun 11 2021","SRA","1","Liver biopsy","Homo sapiens","tissue: Liver","age: 54","Sex: Female","fibrosis stage: 0","nas score: 2","total RNA","none provided by the submitter","9606","nash_F0","All samples were processed using an RNA-seq pipeline implemented in the bcbio-nextgen project (https://bcbio-nextgen.readthedocs.org/en/latest/). Raw reads were examined for quality issues using FastQC. (http://www.bioinformatics.babraham.ac.uk/projects/fastqc/) to ensure library generation and sequencing were suitable for further analysis.","Reads were mapped to reference genome hg19 using Salmon to get the raw count data","Genome_build: hg19","Supplementary_files_format_and_content: csv, raw counts from RNA-Seq","GPL21290","Zhu,,Zhuo","zzhuo@hsph.harvard.edu","Harvard Bioinformatics Core","Department of Biostatistics","Harvard TH Chan School of Public Health","401 Park Dr","Boston","MA","02130","USA","0","Illumina HiSeq 3000","cDNA","transcriptomic","RNA-Seq","BioSample: https://www.ncbi.nlm.nih.gov/biosample/SAMN17004232","SRA: https://www.ncbi.nlm.nih.gov/sra?term=SRX9633533","NONE","54","0","2","Female","Liver"
"GSM4957450","nash_F0 548nash85","GSM4957450","Public on Jun 11 2021","Dec 04 2020","Jun 11 2021","SRA","1","Liver biopsy","Homo sapiens","tissue: Liver","age: 44","Sex: Female","fibrosis stage: 0","nas score: 1","total RNA","none provided by the submitter","9606","nash_F0","All samples were processed using an RNA-seq pipeline implemented in the bcbio-nextgen project (https://bcbio-nextgen.readthedocs.org/en/latest/). Raw reads were examined for quality issues using FastQC. (http://www.bioinformatics.babraham.ac.uk/projects/fastqc/) to ensure library generation and sequencing were suitable for further analysis.","Reads were mapped to reference genome hg19 using Salmon to get the raw count data","Genome_build: hg19","Supplementary_files_format_and_content: csv, raw counts from RNA-Seq","GPL21290","Zhu,,Zhuo","zzhuo@hsph.harvard.edu","Harvard Bioinformatics Core","Department of Biostatistics","Harvard TH Chan School of Public Health","401 Park Dr","Boston","MA","02130","USA","0","Illumina HiSeq 3000","cDNA","transcriptomic","RNA-Seq","BioSample: https://www.ncbi.nlm.nih.gov/biosample/SAMN17004231","SRA: https://www.ncbi.nlm.nih.gov/sra?term=SRX9633534","NONE","44","0","1","Female","Liver"
"GSM4957451","nash86_F4 548nash86","GSM4957451","Public on Jun 11 2021","Dec 04 2020","Jun 11 2021","SRA","1","Liver biopsy","Homo sapiens","tissue: Liver","age: 62","Sex: Female","fibrosis stage: 4","nas score: 4","total RNA","none provided by the submitter","9606","nash86_F4","All samples were processed using an RNA-seq pipeline implemented in the bcbio-nextgen project (https://bcbio-nextgen.readthedocs.org/en/latest/). Raw reads were examined for quality issues using FastQC. (http://www.bioinformatics.babraham.ac.uk/projects/fastqc/) to ensure library generation and sequencing were suitable for further analysis.","Reads were mapped to reference genome hg19 using Salmon to get the raw count data","Genome_build: hg19","Supplementary_files_format_and_content: csv, raw counts from RNA-Seq","GPL21290","Zhu,,Zhuo","zzhuo@hsph.harvard.edu","Harvard Bioinformatics Core","Department of Biostatistics","Harvard TH Chan School of Public Health","401 Park Dr","Boston","MA","02130","USA","0","Illumina HiSeq 3000","cDNA","transcriptomic","RNA-Seq","BioSample: https://www.ncbi.nlm.nih.gov/biosample/SAMN17004230","SRA: https://www.ncbi.nlm.nih.gov/sra?term=SRX9633535","NONE","62","4","4","Female","Liver"
"GSM4957452","nash87_F0 548nash87","GSM4957452","Public on Jun 11 2021","Dec 04 2020","Jun 11 2021","SRA","1","Liver biopsy","Homo sapiens","tissue: Liver","age: 36","Sex: Male","fibrosis stage: 0","nas score: 2","total RNA","none provided by the submitter","9606","nash87_F0","All samples were processed using an RNA-seq pipeline implemented in the bcbio-nextgen project (https://bcbio-nextgen.readthedocs.org/en/latest/). Raw reads were examined for quality issues using FastQC. (http://www.bioinformatics.babraham.ac.uk/projects/fastqc/) to ensure library generation and sequencing were suitable for further analysis.","Reads were mapped to reference genome hg19 using Salmon to get the raw count data","Genome_build: hg19","Supplementary_files_format_and_content: csv, raw counts from RNA-Seq","GPL21290","Zhu,,Zhuo","zzhuo@hsph.harvard.edu","Harvard Bioinformatics Core","Department of Biostatistics","Harvard TH Chan School of Public Health","401 Park Dr","Boston","MA","02130","USA","0","Illumina HiSeq 3000","cDNA","transcriptomic","RNA-Seq","BioSample: https://www.ncbi.nlm.nih.gov/biosample/SAMN17004229","SRA: https://www.ncbi.nlm.nih.gov/sra?term=SRX9633536","NONE","36","0","2","Male","Liver"
"GSM4957453","nash_N 548nash88","GSM4957453","Public on Jun 11 2021","Dec 04 2020","Jun 11 2021","SRA","1","Liver biopsy","Homo sapiens","tissue: Liver","age: 52","Sex: Female","fibrosis stage: normal liver histology","nas score: 0","total RNA","none provided by the submitter","9606","nash_N","All samples were processed using an RNA-seq pipeline implemented in the bcbio-nextgen project (https://bcbio-nextgen.readthedocs.org/en/latest/). Raw reads were examined for quality issues using FastQC. (http://www.bioinformatics.babraham.ac.uk/projects/fastqc/) to ensure library generation and sequencing were suitable for further analysis.","Reads were mapped to reference genome hg19 using Salmon to get the raw count data","Genome_build: hg19","Supplementary_files_format_and_content: csv, raw counts from RNA-Seq","GPL21290","Zhu,,Zhuo","zzhuo@hsph.harvard.edu","Harvard Bioinformatics Core","Department of Biostatistics","Harvard TH Chan School of Public Health","401 Park Dr","Boston","MA","02130","USA","0","Illumina HiSeq 3000","cDNA","transcriptomic","RNA-Seq","BioSample: https://www.ncbi.nlm.nih.gov/biosample/SAMN17004228","SRA: https://www.ncbi.nlm.nih.gov/sra?term=SRX9633537","NONE","52","normal liver histology","0","Female","Liver"
"GSM4957454","nash89_F1 548nash89","GSM4957454","Public on Jun 11 2021","Dec 04 2020","Jun 11 2021","SRA","1","Liver biopsy","Homo sapiens","tissue: Liver","age: 68","Sex: Female","fibrosis stage: 1","nas score: 6","total RNA","none provided by the submitter","9606","nash89_F1","All samples were processed using an RNA-seq pipeline implemented in the bcbio-nextgen project (https://bcbio-nextgen.readthedocs.org/en/latest/). Raw reads were examined for quality issues using FastQC. (http://www.bioinformatics.babraham.ac.uk/projects/fastqc/) to ensure library generation and sequencing were suitable for further analysis.","Reads were mapped to reference genome hg19 using Salmon to get the raw count data","Genome_build: hg19","Supplementary_files_format_and_content: csv, raw counts from RNA-Seq","GPL21290","Zhu,,Zhuo","zzhuo@hsph.harvard.edu","Harvard Bioinformatics Core","Department of Biostatistics","Harvard TH Chan School of Public Health","401 Park Dr","Boston","MA","02130","USA","0","Illumina HiSeq 3000","cDNA","transcriptomic","RNA-Seq","BioSample: https://www.ncbi.nlm.nih.gov/biosample/SAMN17004227","SRA: https://www.ncbi.nlm.nih.gov/sra?term=SRX9633538","NONE","68","1","6","Female","Liver"
"GSM4957455","nash9_F1 548nash9","GSM4957455","Public on Jun 11 2021","Dec 04 2020","Jun 11 2021","SRA","1","Liver biopsy","Homo sapiens","tissue: Liver","age: 58","Sex: Female","fibrosis stage: 1","nas score: 1","total RNA","none provided by the submitter","9606","nash9_F1","All samples were processed using an RNA-seq pipeline implemented in the bcbio-nextgen project (https://bcbio-nextgen.readthedocs.org/en/latest/). Raw reads were examined for quality issues using FastQC. (http://www.bioinformatics.babraham.ac.uk/projects/fastqc/) to ensure library generation and sequencing were suitable for further analysis.","Reads were mapped to reference genome hg19 using Salmon to get the raw count data","Genome_build: hg19","Supplementary_files_format_and_content: csv, raw counts from RNA-Seq","GPL21290","Zhu,,Zhuo","zzhuo@hsph.harvard.edu","Harvard Bioinformatics Core","Department of Biostatistics","Harvard TH Chan School of Public Health","401 Park Dr","Boston","MA","02130","USA","0","Illumina HiSeq 3000","cDNA","transcriptomic","RNA-Seq","BioSample: https://www.ncbi.nlm.nih.gov/biosample/SAMN17004226","SRA: https://www.ncbi.nlm.nih.gov/sra?term=SRX9633539","NONE","58","1","1","Female","Liver"
"GSM4957456","nash90_N 548nash90","GSM4957456","Public on Jun 11 2021","Dec 04 2020","Jun 11 2021","SRA","1","Liver biopsy","Homo sapiens","tissue: Liver","age: 55","Sex: Male","fibrosis stage: normal liver histology","nas score: 0","total RNA","none provided by the submitter","9606","nash90_N","All samples were processed using an RNA-seq pipeline implemented in the bcbio-nextgen project (https://bcbio-nextgen.readthedocs.org/en/latest/). Raw reads were examined for quality issues using FastQC. (http://www.bioinformatics.babraham.ac.uk/projects/fastqc/) to ensure library generation and sequencing were suitable for further analysis.","Reads were mapped to reference genome hg19 using Salmon to get the raw count data","Genome_build: hg19","Supplementary_files_format_and_content: csv, raw counts from RNA-Seq","GPL21290","Zhu,,Zhuo","zzhuo@hsph.harvard.edu","Harvard Bioinformatics Core","Department of Biostatistics","Harvard TH Chan School of Public Health","401 Park Dr","Boston","MA","02130","USA","0","Illumina HiSeq 3000","cDNA","transcriptomic","RNA-Seq","BioSample: https://www.ncbi.nlm.nih.gov/biosample/SAMN17004268","SRA: https://www.ncbi.nlm.nih.gov/sra?term=SRX9633540","NONE","55","normal liver histology","0","Male","Liver"
"GSM4957457","nash91_F2 548nash91","GSM4957457","Public on Jun 11 2021","Dec 04 2020","Jun 11 2021","SRA","1","Liver biopsy","Homo sapiens","tissue: Liver","age: 30","Sex: Male","fibrosis stage: 2","nas score: 6","total RNA","none provided by the submitter","9606","nash91_F2","All samples were processed using an RNA-seq pipeline implemented in the bcbio-nextgen project (https://bcbio-nextgen.readthedocs.org/en/latest/). Raw reads were examined for quality issues using FastQC. (http://www.bioinformatics.babraham.ac.uk/projects/fastqc/) to ensure library generation and sequencing were suitable for further analysis.","Reads were mapped to reference genome hg19 using Salmon to get the raw count data","Genome_build: hg19","Supplementary_files_format_and_content: csv, raw counts from RNA-Seq","GPL21290","Zhu,,Zhuo","zzhuo@hsph.harvard.edu","Harvard Bioinformatics Core","Department of Biostatistics","Harvard TH Chan School of Public Health","401 Park Dr","Boston","MA","02130","USA","0","Illumina HiSeq 3000","cDNA","transcriptomic","RNA-Seq","BioSample: https://www.ncbi.nlm.nih.gov/biosample/SAMN17004267","SRA: https://www.ncbi.nlm.nih.gov/sra?term=SRX9633541","NONE","30","2","6","Male","Liver"
"GSM4957458","nash92_F3 548nash92","GSM4957458","Public on Jun 11 2021","Dec 04 2020","Jun 11 2021","SRA","1","Liver biopsy","Homo sapiens","tissue: Liver","age: 52","Sex: Male","fibrosis stage: 3","nas score: 4","total RNA","none provided by the submitter","9606","nash92_F3","All samples were processed using an RNA-seq pipeline implemented in the bcbio-nextgen project (https://bcbio-nextgen.readthedocs.org/en/latest/). Raw reads were examined for quality issues using FastQC. (http://www.bioinformatics.babraham.ac.uk/projects/fastqc/) to ensure library generation and sequencing were suitable for further analysis.","Reads were mapped to reference genome hg19 using Salmon to get the raw count data","Genome_build: hg19","Supplementary_files_format_and_content: csv, raw counts from RNA-Seq","GPL21290","Zhu,,Zhuo","zzhuo@hsph.harvard.edu","Harvard Bioinformatics Core","Department of Biostatistics","Harvard TH Chan School of Public Health","401 Park Dr","Boston","MA","02130","USA","0","Illumina HiSeq 3000","cDNA","transcriptomic","RNA-Seq","BioSample: https://www.ncbi.nlm.nih.gov/biosample/SAMN17004266","SRA: https://www.ncbi.nlm.nih.gov/sra?term=SRX9633542","NONE","52","3","4","Male","Liver"
"GSM4957459","nash93_F0 548nash93","GSM4957459","Public on Jun 11 2021","Dec 04 2020","Jun 11 2021","SRA","1","Liver biopsy","Homo sapiens","tissue: Liver","age: 20","Sex: Male","fibrosis stage: 0","nas score: 1","total RNA","none provided by the submitter","9606","nash93_F0","All samples were processed using an RNA-seq pipeline implemented in the bcbio-nextgen project (https://bcbio-nextgen.readthedocs.org/en/latest/). Raw reads were examined for quality issues using FastQC. (http://www.bioinformatics.babraham.ac.uk/projects/fastqc/) to ensure library generation and sequencing were suitable for further analysis.","Reads were mapped to reference genome hg19 using Salmon to get the raw count data","Genome_build: hg19","Supplementary_files_format_and_content: csv, raw counts from RNA-Seq","GPL21290","Zhu,,Zhuo","zzhuo@hsph.harvard.edu","Harvard Bioinformatics Core","Department of Biostatistics","Harvard TH Chan School of Public Health","401 Park Dr","Boston","MA","02130","USA","0","Illumina HiSeq 3000","cDNA","transcriptomic","RNA-Seq","BioSample: https://www.ncbi.nlm.nih.gov/biosample/SAMN17004265","SRA: https://www.ncbi.nlm.nih.gov/sra?term=SRX9633543","NONE","20","0","1","Male","Liver"
"GSM4957460","nash9_F2 548nash95","GSM4957460","Public on Jun 11 2021","Dec 04 2020","Jun 11 2021","SRA","1","Liver biopsy","Homo sapiens","tissue: Liver","age: 48","Sex: Male","fibrosis stage: 2","nas score: 6","total RNA","none provided by the submitter","9606","nash9_F2","All samples were processed using an RNA-seq pipeline implemented in the bcbio-nextgen project (https://bcbio-nextgen.readthedocs.org/en/latest/). Raw reads were examined for quality issues using FastQC. (http://www.bioinformatics.babraham.ac.uk/projects/fastqc/) to ensure library generation and sequencing were suitable for further analysis.","Reads were mapped to reference genome hg19 using Salmon to get the raw count data","Genome_build: hg19","Supplementary_files_format_and_content: csv, raw counts from RNA-Seq","GPL21290","Zhu,,Zhuo","zzhuo@hsph.harvard.edu","Harvard Bioinformatics Core","Department of Biostatistics","Harvard TH Chan School of Public Health","401 Park Dr","Boston","MA","02130","USA","0","Illumina HiSeq 3000","cDNA","transcriptomic","RNA-Seq","BioSample: https://www.ncbi.nlm.nih.gov/biosample/SAMN17004264","SRA: https://www.ncbi.nlm.nih.gov/sra?term=SRX9633544","NONE","48","2","6","Male","Liver"
"GSM4957461","nash96_F0 548nash96","GSM4957461","Public on Jun 11 2021","Dec 04 2020","Jun 11 2021","SRA","1","Liver biopsy","Homo sapiens","tissue: Liver","age: 48","Sex: Male","fibrosis stage: 0","nas score: 5","total RNA","none provided by the submitter","9606","nash96_F0","All samples were processed using an RNA-seq pipeline implemented in the bcbio-nextgen project (https://bcbio-nextgen.readthedocs.org/en/latest/). Raw reads were examined for quality issues using FastQC. (http://www.bioinformatics.babraham.ac.uk/projects/fastqc/) to ensure library generation and sequencing were suitable for further analysis.","Reads were mapped to reference genome hg19 using Salmon to get the raw count data","Genome_build: hg19","Supplementary_files_format_and_content: csv, raw counts from RNA-Seq","GPL21290","Zhu,,Zhuo","zzhuo@hsph.harvard.edu","Harvard Bioinformatics Core","Department of Biostatistics","Harvard TH Chan School of Public Health","401 Park Dr","Boston","MA","02130","USA","0","Illumina HiSeq 3000","cDNA","transcriptomic","RNA-Seq","BioSample: https://www.ncbi.nlm.nih.gov/biosample/SAMN17004263","SRA: https://www.ncbi.nlm.nih.gov/sra?term=SRX9633545","NONE","48","0","5","Male","Liver"
"GSM4957462","nash9_F1 548nash98","GSM4957462","Public on Jun 11 2021","Dec 04 2020","Jun 11 2021","SRA","1","Liver biopsy","Homo sapiens","tissue: Liver","age: 48","Sex: Female","fibrosis stage: 1","nas score: 5","total RNA","none provided by the submitter","9606","nash9_F1","All samples were processed using an RNA-seq pipeline implemented in the bcbio-nextgen project (https://bcbio-nextgen.readthedocs.org/en/latest/). Raw reads were examined for quality issues using FastQC. (http://www.bioinformatics.babraham.ac.uk/projects/fastqc/) to ensure library generation and sequencing were suitable for further analysis.","Reads were mapped to reference genome hg19 using Salmon to get the raw count data","Genome_build: hg19","Supplementary_files_format_and_content: csv, raw counts from RNA-Seq","GPL21290","Zhu,,Zhuo","zzhuo@hsph.harvard.edu","Harvard Bioinformatics Core","Department of Biostatistics","Harvard TH Chan School of Public Health","401 Park Dr","Boston","MA","02130","USA","0","Illumina HiSeq 3000","cDNA","transcriptomic","RNA-Seq","BioSample: https://www.ncbi.nlm.nih.gov/biosample/SAMN17004262","SRA: https://www.ncbi.nlm.nih.gov/sra?term=SRX9633546","NONE","48","1","5","Female","Liver"
"GSM4957463","nash99_N 548nash99","GSM4957463","Public on Jun 11 2021","Dec 04 2020","Jun 11 2021","SRA","1","Liver biopsy","Homo sapiens","tissue: Liver","age: 52","Sex: Male","fibrosis stage: normal liver histology","nas score: 0","total RNA","none provided by the submitter","9606","nash99_N","All samples were processed using an RNA-seq pipeline implemented in the bcbio-nextgen project (https://bcbio-nextgen.readthedocs.org/en/latest/). Raw reads were examined for quality issues using FastQC. (http://www.bioinformatics.babraham.ac.uk/projects/fastqc/) to ensure library generation and sequencing were suitable for further analysis.","Reads were mapped to reference genome hg19 using Salmon to get the raw count data","Genome_build: hg19","Supplementary_files_format_and_content: csv, raw counts from RNA-Seq","GPL21290","Zhu,,Zhuo","zzhuo@hsph.harvard.edu","Harvard Bioinformatics Core","Department of Biostatistics","Harvard TH Chan School of Public Health","401 Park Dr","Boston","MA","02130","USA","0","Illumina HiSeq 3000","cDNA","transcriptomic","RNA-Seq","BioSample: https://www.ncbi.nlm.nih.gov/biosample/SAMN17004261","SRA: https://www.ncbi.nlm.nih.gov/sra?term=SRX9633547","NONE","52","normal liver histology","0","Male","Liver"
